hardware,hbm_budget_gib,world,tp,dp,ep,ffn_tp,nested_cp,cache_dtype,context,weight_gib,allowance_gib,cache_state_per_request_gib,minimum_hbm_one_request_gib,requests_per_dp,cluster_requests,resident_tokens,implemented_mesh
GB200_measured,184.306640625,1,1,1,1,1,1,bfloat16,1024,1453.664777815342,20,0.247467041015625,1473.9122448563576,0,0,0,True
GB200_measured,184.306640625,1,1,1,1,1,1,bfloat16,8192,1453.664777815342,20,0.432037353515625,1474.0968151688576,0,0,0,True
GB200_measured,184.306640625,1,1,1,1,1,1,bfloat16,32768,1453.664777815342,20,1.064849853515625,1474.7296276688576,0,0,0,True
GB200_measured,184.306640625,1,1,1,1,1,1,bfloat16,131072,1453.664777815342,20,3.596099853515625,1477.2608776688576,0,0,0,True
GB200_measured,184.306640625,1,1,1,1,1,1,bfloat16,524288,1453.664777815342,20,13.721099853515625,1487.3858776688576,0,0,0,True
GB200_measured,184.306640625,1,1,1,1,1,1,bfloat16,1048576,1453.664777815342,20,27.221099853515625,1500.8858776688576,0,0,0,True
GB200_measured,184.306640625,1,1,1,1,1,1,fp8_e4m3,1024,1453.664777815342,20,0.234283447265625,1473.8990612626076,0,0,0,True
GB200_measured,184.306640625,1,1,1,1,1,1,fp8_e4m3,8192,1453.664777815342,20,0.326568603515625,1473.9913464188576,0,0,0,True
GB200_measured,184.306640625,1,1,1,1,1,1,fp8_e4m3,32768,1453.664777815342,20,0.642974853515625,1474.3077526688576,0,0,0,True
GB200_measured,184.306640625,1,1,1,1,1,1,fp8_e4m3,131072,1453.664777815342,20,1.908599853515625,1475.5733776688576,0,0,0,True
GB200_measured,184.306640625,1,1,1,1,1,1,fp8_e4m3,524288,1453.664777815342,20,6.971099853515625,1480.6358776688576,0,0,0,True
GB200_measured,184.306640625,1,1,1,1,1,1,fp8_e4m3,1048576,1453.664777815342,20,13.721099853515625,1487.3858776688576,0,0,0,True
GB200_measured,184.306640625,2,1,2,2,1,1,bfloat16,1024,780.1062148213387,20,0.247467041015625,800.3536818623543,0,0,0,True
GB200_measured,184.306640625,2,1,2,2,1,1,bfloat16,8192,780.1062148213387,20,0.432037353515625,800.5382521748543,0,0,0,True
GB200_measured,184.306640625,2,1,2,2,1,1,bfloat16,32768,780.1062148213387,20,1.064849853515625,801.1710646748543,0,0,0,True
GB200_measured,184.306640625,2,1,2,2,1,1,bfloat16,131072,780.1062148213387,20,3.596099853515625,803.7023146748543,0,0,0,True
GB200_measured,184.306640625,2,1,2,2,1,1,bfloat16,524288,780.1062148213387,20,13.721099853515625,813.8273146748543,0,0,0,True
GB200_measured,184.306640625,2,1,2,2,1,1,bfloat16,1048576,780.1062148213387,20,27.221099853515625,827.3273146748543,0,0,0,True
GB200_measured,184.306640625,2,1,2,2,1,1,fp8_e4m3,1024,780.1062148213387,20,0.234283447265625,800.3404982686043,0,0,0,True
GB200_measured,184.306640625,2,1,2,2,1,1,fp8_e4m3,8192,780.1062148213387,20,0.326568603515625,800.4327834248543,0,0,0,True
GB200_measured,184.306640625,2,1,2,2,1,1,fp8_e4m3,32768,780.1062148213387,20,0.642974853515625,800.7491896748543,0,0,0,True
GB200_measured,184.306640625,2,1,2,2,1,1,fp8_e4m3,131072,780.1062148213387,20,1.908599853515625,802.0148146748543,0,0,0,True
GB200_measured,184.306640625,2,1,2,2,1,1,fp8_e4m3,524288,780.1062148213387,20,6.971099853515625,807.0773146748543,0,0,0,True
GB200_measured,184.306640625,2,1,2,2,1,1,fp8_e4m3,1048576,780.1062148213387,20,13.721099853515625,813.8273146748543,0,0,0,True
GB200_measured,184.306640625,2,2,1,2,1,1,bfloat16,1024,744.60052973032,20,0.1369171142578125,764.7374468445778,0,0,0,True
GB200_measured,184.306640625,2,2,1,2,1,1,bfloat16,8192,744.60052973032,20,0.3214874267578125,764.9220171570778,0,0,0,True
GB200_measured,184.306640625,2,2,1,2,1,1,bfloat16,32768,744.60052973032,20,0.9542999267578125,765.5548296570778,0,0,0,True
GB200_measured,184.306640625,2,2,1,2,1,1,bfloat16,131072,744.60052973032,20,3.4855499267578125,768.0860796570778,0,0,0,True
GB200_measured,184.306640625,2,2,1,2,1,1,bfloat16,524288,744.60052973032,20,13.610549926757812,778.2110796570778,0,0,0,True
GB200_measured,184.306640625,2,2,1,2,1,1,bfloat16,1048576,744.60052973032,20,27.110549926757812,791.7110796570778,0,0,0,True
GB200_measured,184.306640625,2,2,1,2,1,1,fp8_e4m3,1024,744.60052973032,20,0.1237335205078125,764.7242632508278,0,0,0,True
GB200_measured,184.306640625,2,2,1,2,1,1,fp8_e4m3,8192,744.60052973032,20,0.2160186767578125,764.8165484070778,0,0,0,True
GB200_measured,184.306640625,2,2,1,2,1,1,fp8_e4m3,32768,744.60052973032,20,0.5324249267578125,765.1329546570778,0,0,0,True
GB200_measured,184.306640625,2,2,1,2,1,1,fp8_e4m3,131072,744.60052973032,20,1.7980499267578125,766.3985796570778,0,0,0,True
GB200_measured,184.306640625,2,2,1,2,1,1,fp8_e4m3,524288,744.60052973032,20,6.8605499267578125,771.4610796570778,0,0,0,True
GB200_measured,184.306640625,2,2,1,2,1,1,fp8_e4m3,1048576,744.60052973032,20,13.610549926757812,778.2110796570778,0,0,0,True
GB200_measured,184.306640625,2,2,1,2,1,2,bfloat16,1024,744.60052973032,20,0.1237335205078125,764.7242632508278,0,0,0,False
GB200_measured,184.306640625,2,2,1,2,1,2,bfloat16,8192,744.60052973032,20,0.2160186767578125,764.8165484070778,0,0,0,False
GB200_measured,184.306640625,2,2,1,2,1,2,bfloat16,32768,744.60052973032,20,0.5324249267578125,765.1329546570778,0,0,0,False
GB200_measured,184.306640625,2,2,1,2,1,2,bfloat16,131072,744.60052973032,20,1.7980499267578125,766.3985796570778,0,0,0,False
GB200_measured,184.306640625,2,2,1,2,1,2,bfloat16,524288,744.60052973032,20,6.8605499267578125,771.4610796570778,0,0,0,False
GB200_measured,184.306640625,2,2,1,2,1,2,bfloat16,1048576,744.60052973032,20,13.610549926757812,778.2110796570778,0,0,0,False
GB200_measured,184.306640625,2,2,1,2,1,2,fp8_e4m3,1024,744.60052973032,20,0.1171417236328125,764.7176714539528,0,0,0,False
GB200_measured,184.306640625,2,2,1,2,1,2,fp8_e4m3,8192,744.60052973032,20,0.1632843017578125,764.7638140320778,0,0,0,False
GB200_measured,184.306640625,2,2,1,2,1,2,fp8_e4m3,32768,744.60052973032,20,0.3214874267578125,764.9220171570778,0,0,0,False
GB200_measured,184.306640625,2,2,1,2,1,2,fp8_e4m3,131072,744.60052973032,20,0.9542999267578125,765.5548296570778,0,0,0,False
GB200_measured,184.306640625,2,2,1,2,1,2,fp8_e4m3,524288,744.60052973032,20,3.4855499267578125,768.0860796570778,0,0,0,False
GB200_measured,184.306640625,2,2,1,2,1,2,fp8_e4m3,1048576,744.60052973032,20,6.8605499267578125,771.4610796570778,0,0,0,False
GB200_measured,184.306640625,4,1,4,4,1,1,bfloat16,1024,443.326933324337,20,0.247467041015625,463.57440036535263,0,0,0,True
GB200_measured,184.306640625,4,1,4,4,1,1,bfloat16,8192,443.326933324337,20,0.432037353515625,463.75897067785263,0,0,0,True
GB200_measured,184.306640625,4,1,4,4,1,1,bfloat16,32768,443.326933324337,20,1.064849853515625,464.39178317785263,0,0,0,True
GB200_measured,184.306640625,4,1,4,4,1,1,bfloat16,131072,443.326933324337,20,3.596099853515625,466.92303317785263,0,0,0,True
GB200_measured,184.306640625,4,1,4,4,1,1,bfloat16,524288,443.326933324337,20,13.721099853515625,477.04803317785263,0,0,0,True
GB200_measured,184.306640625,4,1,4,4,1,1,bfloat16,1048576,443.326933324337,20,27.221099853515625,490.54803317785263,0,0,0,True
GB200_measured,184.306640625,4,1,4,4,1,1,fp8_e4m3,1024,443.326933324337,20,0.234283447265625,463.56121677160263,0,0,0,True
GB200_measured,184.306640625,4,1,4,4,1,1,fp8_e4m3,8192,443.326933324337,20,0.326568603515625,463.65350192785263,0,0,0,True
GB200_measured,184.306640625,4,1,4,4,1,1,fp8_e4m3,32768,443.326933324337,20,0.642974853515625,463.96990817785263,0,0,0,True
GB200_measured,184.306640625,4,1,4,4,1,1,fp8_e4m3,131072,443.326933324337,20,1.908599853515625,465.23553317785263,0,0,0,True
GB200_measured,184.306640625,4,1,4,4,1,1,fp8_e4m3,524288,443.326933324337,20,6.971099853515625,470.29803317785263,0,0,0,True
GB200_measured,184.306640625,4,1,4,4,1,1,fp8_e4m3,1048576,443.326933324337,20,13.721099853515625,477.04803317785263,0,0,0,True
GB200_measured,184.306640625,4,2,2,4,1,1,bfloat16,1024,407.82124823331833,20,0.1369171142578125,427.95816534757614,0,0,0,True
GB200_measured,184.306640625,4,2,2,4,1,1,bfloat16,8192,407.82124823331833,20,0.3214874267578125,428.14273566007614,0,0,0,True
GB200_measured,184.306640625,4,2,2,4,1,1,bfloat16,32768,407.82124823331833,20,0.9542999267578125,428.77554816007614,0,0,0,True
GB200_measured,184.306640625,4,2,2,4,1,1,bfloat16,131072,407.82124823331833,20,3.4855499267578125,431.30679816007614,0,0,0,True
GB200_measured,184.306640625,4,2,2,4,1,1,bfloat16,524288,407.82124823331833,20,13.610549926757812,441.43179816007614,0,0,0,True
GB200_measured,184.306640625,4,2,2,4,1,1,bfloat16,1048576,407.82124823331833,20,27.110549926757812,454.93179816007614,0,0,0,True
GB200_measured,184.306640625,4,2,2,4,1,1,fp8_e4m3,1024,407.82124823331833,20,0.1237335205078125,427.94498175382614,0,0,0,True
GB200_measured,184.306640625,4,2,2,4,1,1,fp8_e4m3,8192,407.82124823331833,20,0.2160186767578125,428.03726691007614,0,0,0,True
GB200_measured,184.306640625,4,2,2,4,1,1,fp8_e4m3,32768,407.82124823331833,20,0.5324249267578125,428.35367316007614,0,0,0,True
GB200_measured,184.306640625,4,2,2,4,1,1,fp8_e4m3,131072,407.82124823331833,20,1.7980499267578125,429.61929816007614,0,0,0,True
GB200_measured,184.306640625,4,2,2,4,1,1,fp8_e4m3,524288,407.82124823331833,20,6.8605499267578125,434.68179816007614,0,0,0,True
GB200_measured,184.306640625,4,2,2,4,1,1,fp8_e4m3,1048576,407.82124823331833,20,13.610549926757812,441.43179816007614,0,0,0,True
GB200_measured,184.306640625,4,2,2,4,1,2,bfloat16,1024,407.82124823331833,20,0.1237335205078125,427.94498175382614,0,0,0,False
GB200_measured,184.306640625,4,2,2,4,1,2,bfloat16,8192,407.82124823331833,20,0.2160186767578125,428.03726691007614,0,0,0,False
GB200_measured,184.306640625,4,2,2,4,1,2,bfloat16,32768,407.82124823331833,20,0.5324249267578125,428.35367316007614,0,0,0,False
GB200_measured,184.306640625,4,2,2,4,1,2,bfloat16,131072,407.82124823331833,20,1.7980499267578125,429.61929816007614,0,0,0,False
GB200_measured,184.306640625,4,2,2,4,1,2,bfloat16,524288,407.82124823331833,20,6.8605499267578125,434.68179816007614,0,0,0,False
GB200_measured,184.306640625,4,2,2,4,1,2,bfloat16,1048576,407.82124823331833,20,13.610549926757812,441.43179816007614,0,0,0,False
GB200_measured,184.306640625,4,2,2,4,1,2,fp8_e4m3,1024,407.82124823331833,20,0.1171417236328125,427.93838995695114,0,0,0,False
GB200_measured,184.306640625,4,2,2,4,1,2,fp8_e4m3,8192,407.82124823331833,20,0.1632843017578125,427.98453253507614,0,0,0,False
GB200_measured,184.306640625,4,2,2,4,1,2,fp8_e4m3,32768,407.82124823331833,20,0.3214874267578125,428.14273566007614,0,0,0,False
GB200_measured,184.306640625,4,2,2,4,1,2,fp8_e4m3,131072,407.82124823331833,20,0.9542999267578125,428.77554816007614,0,0,0,False
GB200_measured,184.306640625,4,2,2,4,1,2,fp8_e4m3,524288,407.82124823331833,20,3.4855499267578125,431.30679816007614,0,0,0,False
GB200_measured,184.306640625,4,2,2,4,1,2,fp8_e4m3,1048576,407.82124823331833,20,6.8605499267578125,434.68179816007614,0,0,0,False
GB200_measured,184.306640625,4,4,1,4,1,1,bfloat16,1024,390.068405687809,20,0.08164215087890625,410.1500478386879,0,0,0,True
GB200_measured,184.306640625,4,4,1,4,1,1,bfloat16,8192,390.068405687809,20,0.26621246337890625,410.3346181511879,0,0,0,True
GB200_measured,184.306640625,4,4,1,4,1,1,bfloat16,32768,390.068405687809,20,0.8990249633789062,410.9674306511879,0,0,0,True
GB200_measured,184.306640625,4,4,1,4,1,1,bfloat16,131072,390.068405687809,20,3.4302749633789062,413.4986806511879,0,0,0,True
GB200_measured,184.306640625,4,4,1,4,1,1,bfloat16,524288,390.068405687809,20,13.555274963378906,423.6236806511879,0,0,0,True
GB200_measured,184.306640625,4,4,1,4,1,1,bfloat16,1048576,390.068405687809,20,27.055274963378906,437.1236806511879,0,0,0,True
GB200_measured,184.306640625,4,4,1,4,1,1,fp8_e4m3,1024,390.068405687809,20,0.06845855712890625,410.1368642449379,0,0,0,True
GB200_measured,184.306640625,4,4,1,4,1,1,fp8_e4m3,8192,390.068405687809,20,0.16074371337890625,410.2291494011879,0,0,0,True
GB200_measured,184.306640625,4,4,1,4,1,1,fp8_e4m3,32768,390.068405687809,20,0.47714996337890625,410.5455556511879,0,0,0,True
GB200_measured,184.306640625,4,4,1,4,1,1,fp8_e4m3,131072,390.068405687809,20,1.7427749633789062,411.8111806511879,0,0,0,True
GB200_measured,184.306640625,4,4,1,4,1,1,fp8_e4m3,524288,390.068405687809,20,6.805274963378906,416.8736806511879,0,0,0,True
GB200_measured,184.306640625,4,4,1,4,1,1,fp8_e4m3,1048576,390.068405687809,20,13.555274963378906,423.6236806511879,0,0,0,True
GB200_measured,184.306640625,4,4,1,4,1,2,bfloat16,1024,390.068405687809,20,0.06845855712890625,410.1368642449379,0,0,0,False
GB200_measured,184.306640625,4,4,1,4,1,2,bfloat16,8192,390.068405687809,20,0.16074371337890625,410.2291494011879,0,0,0,False
GB200_measured,184.306640625,4,4,1,4,1,2,bfloat16,32768,390.068405687809,20,0.47714996337890625,410.5455556511879,0,0,0,False
GB200_measured,184.306640625,4,4,1,4,1,2,bfloat16,131072,390.068405687809,20,1.7427749633789062,411.8111806511879,0,0,0,False
GB200_measured,184.306640625,4,4,1,4,1,2,bfloat16,524288,390.068405687809,20,6.805274963378906,416.8736806511879,0,0,0,False
GB200_measured,184.306640625,4,4,1,4,1,2,bfloat16,1048576,390.068405687809,20,13.555274963378906,423.6236806511879,0,0,0,False
GB200_measured,184.306640625,4,4,1,4,1,2,fp8_e4m3,1024,390.068405687809,20,0.06186676025390625,410.1302724480629,0,0,0,False
GB200_measured,184.306640625,4,4,1,4,1,2,fp8_e4m3,8192,390.068405687809,20,0.10800933837890625,410.1764150261879,0,0,0,False
GB200_measured,184.306640625,4,4,1,4,1,2,fp8_e4m3,32768,390.068405687809,20,0.26621246337890625,410.3346181511879,0,0,0,False
GB200_measured,184.306640625,4,4,1,4,1,2,fp8_e4m3,131072,390.068405687809,20,0.8990249633789062,410.9674306511879,0,0,0,False
GB200_measured,184.306640625,4,4,1,4,1,2,fp8_e4m3,524288,390.068405687809,20,3.4302749633789062,413.4986806511879,0,0,0,False
GB200_measured,184.306640625,4,4,1,4,1,2,fp8_e4m3,1048576,390.068405687809,20,6.805274963378906,416.8736806511879,0,0,0,False
GB200_measured,184.306640625,4,4,1,4,1,4,bfloat16,1024,390.068405687809,20,0.06186676025390625,410.1302724480629,0,0,0,False
GB200_measured,184.306640625,4,4,1,4,1,4,bfloat16,8192,390.068405687809,20,0.10800933837890625,410.1764150261879,0,0,0,False
GB200_measured,184.306640625,4,4,1,4,1,4,bfloat16,32768,390.068405687809,20,0.26621246337890625,410.3346181511879,0,0,0,False
GB200_measured,184.306640625,4,4,1,4,1,4,bfloat16,131072,390.068405687809,20,0.8990249633789062,410.9674306511879,0,0,0,False
GB200_measured,184.306640625,4,4,1,4,1,4,bfloat16,524288,390.068405687809,20,3.4302749633789062,413.4986806511879,0,0,0,False
GB200_measured,184.306640625,4,4,1,4,1,4,bfloat16,1048576,390.068405687809,20,6.805274963378906,416.8736806511879,0,0,0,False
GB200_measured,184.306640625,4,4,1,4,1,4,fp8_e4m3,1024,390.068405687809,20,0.05857086181640625,410.1269765496254,0,0,0,False
GB200_measured,184.306640625,4,4,1,4,1,4,fp8_e4m3,8192,390.068405687809,20,0.08164215087890625,410.1500478386879,0,0,0,False
GB200_measured,184.306640625,4,4,1,4,1,4,fp8_e4m3,32768,390.068405687809,20,0.16074371337890625,410.2291494011879,0,0,0,False
GB200_measured,184.306640625,4,4,1,4,1,4,fp8_e4m3,131072,390.068405687809,20,0.47714996337890625,410.5455556511879,0,0,0,False
GB200_measured,184.306640625,4,4,1,4,1,4,fp8_e4m3,524288,390.068405687809,20,1.7427749633789062,411.8111806511879,0,0,0,False
GB200_measured,184.306640625,4,4,1,4,1,4,fp8_e4m3,1048576,390.068405687809,20,3.4302749633789062,413.4986806511879,0,0,0,False
GB200_measured,184.306640625,8,1,8,8,1,1,bfloat16,1024,274.9372925758362,20,0.247467041015625,295.1847596168518,0,0,0,True
GB200_measured,184.306640625,8,1,8,8,1,1,bfloat16,8192,274.9372925758362,20,0.432037353515625,295.3693299293518,0,0,0,True
GB200_measured,184.306640625,8,1,8,8,1,1,bfloat16,32768,274.9372925758362,20,1.064849853515625,296.0021424293518,0,0,0,True
GB200_measured,184.306640625,8,1,8,8,1,1,bfloat16,131072,274.9372925758362,20,3.596099853515625,298.5333924293518,0,0,0,True
GB200_measured,184.306640625,8,1,8,8,1,1,bfloat16,524288,274.9372925758362,20,13.721099853515625,308.6583924293518,0,0,0,True
GB200_measured,184.306640625,8,1,8,8,1,1,bfloat16,1048576,274.9372925758362,20,27.221099853515625,322.1583924293518,0,0,0,True
GB200_measured,184.306640625,8,1,8,8,1,1,fp8_e4m3,1024,274.9372925758362,20,0.234283447265625,295.1715760231018,0,0,0,True
GB200_measured,184.306640625,8,1,8,8,1,1,fp8_e4m3,8192,274.9372925758362,20,0.326568603515625,295.2638611793518,0,0,0,True
GB200_measured,184.306640625,8,1,8,8,1,1,fp8_e4m3,32768,274.9372925758362,20,0.642974853515625,295.5802674293518,0,0,0,True
GB200_measured,184.306640625,8,1,8,8,1,1,fp8_e4m3,131072,274.9372925758362,20,1.908599853515625,296.8458924293518,0,0,0,True
GB200_measured,184.306640625,8,1,8,8,1,1,fp8_e4m3,524288,274.9372925758362,20,6.971099853515625,301.9083924293518,0,0,0,True
GB200_measured,184.306640625,8,1,8,8,1,1,fp8_e4m3,1048576,274.9372925758362,20,13.721099853515625,308.6583924293518,0,0,0,True
GB200_measured,184.306640625,8,2,4,8,1,1,bfloat16,1024,239.4316074848175,20,0.1369171142578125,259.5685245990753,0,0,0,True
GB200_measured,184.306640625,8,2,4,8,1,1,bfloat16,8192,239.4316074848175,20,0.3214874267578125,259.7530949115753,0,0,0,True
GB200_measured,184.306640625,8,2,4,8,1,1,bfloat16,32768,239.4316074848175,20,0.9542999267578125,260.3859074115753,0,0,0,True
GB200_measured,184.306640625,8,2,4,8,1,1,bfloat16,131072,239.4316074848175,20,3.4855499267578125,262.9171574115753,0,0,0,True
GB200_measured,184.306640625,8,2,4,8,1,1,bfloat16,524288,239.4316074848175,20,13.610549926757812,273.0421574115753,0,0,0,True
GB200_measured,184.306640625,8,2,4,8,1,1,bfloat16,1048576,239.4316074848175,20,27.110549926757812,286.5421574115753,0,0,0,True
GB200_measured,184.306640625,8,2,4,8,1,1,fp8_e4m3,1024,239.4316074848175,20,0.1237335205078125,259.5553410053253,0,0,0,True
GB200_measured,184.306640625,8,2,4,8,1,1,fp8_e4m3,8192,239.4316074848175,20,0.2160186767578125,259.6476261615753,0,0,0,True
GB200_measured,184.306640625,8,2,4,8,1,1,fp8_e4m3,32768,239.4316074848175,20,0.5324249267578125,259.9640324115753,0,0,0,True
GB200_measured,184.306640625,8,2,4,8,1,1,fp8_e4m3,131072,239.4316074848175,20,1.7980499267578125,261.2296574115753,0,0,0,True
GB200_measured,184.306640625,8,2,4,8,1,1,fp8_e4m3,524288,239.4316074848175,20,6.8605499267578125,266.2921574115753,0,0,0,True
GB200_measured,184.306640625,8,2,4,8,1,1,fp8_e4m3,1048576,239.4316074848175,20,13.610549926757812,273.0421574115753,0,0,0,True
GB200_measured,184.306640625,8,2,4,8,1,2,bfloat16,1024,239.4316074848175,20,0.1237335205078125,259.5553410053253,0,0,0,False
GB200_measured,184.306640625,8,2,4,8,1,2,bfloat16,8192,239.4316074848175,20,0.2160186767578125,259.6476261615753,0,0,0,False
GB200_measured,184.306640625,8,2,4,8,1,2,bfloat16,32768,239.4316074848175,20,0.5324249267578125,259.9640324115753,0,0,0,False
GB200_measured,184.306640625,8,2,4,8,1,2,bfloat16,131072,239.4316074848175,20,1.7980499267578125,261.2296574115753,0,0,0,False
GB200_measured,184.306640625,8,2,4,8,1,2,bfloat16,524288,239.4316074848175,20,6.8605499267578125,266.2921574115753,0,0,0,False
GB200_measured,184.306640625,8,2,4,8,1,2,bfloat16,1048576,239.4316074848175,20,13.610549926757812,273.0421574115753,0,0,0,False
GB200_measured,184.306640625,8,2,4,8,1,2,fp8_e4m3,1024,239.4316074848175,20,0.1171417236328125,259.5487492084503,0,0,0,False
GB200_measured,184.306640625,8,2,4,8,1,2,fp8_e4m3,8192,239.4316074848175,20,0.1632843017578125,259.5948917865753,0,0,0,False
GB200_measured,184.306640625,8,2,4,8,1,2,fp8_e4m3,32768,239.4316074848175,20,0.3214874267578125,259.7530949115753,0,0,0,False
GB200_measured,184.306640625,8,2,4,8,1,2,fp8_e4m3,131072,239.4316074848175,20,0.9542999267578125,260.3859074115753,0,0,0,False
GB200_measured,184.306640625,8,2,4,8,1,2,fp8_e4m3,524288,239.4316074848175,20,3.4855499267578125,262.9171574115753,0,0,0,False
GB200_measured,184.306640625,8,2,4,8,1,2,fp8_e4m3,1048576,239.4316074848175,20,6.8605499267578125,266.2921574115753,0,0,0,False
GB200_measured,184.306640625,8,4,2,8,1,1,bfloat16,1024,221.67876493930817,20,0.08164215087890625,241.76040709018707,0,0,0,True
GB200_measured,184.306640625,8,4,2,8,1,1,bfloat16,8192,221.67876493930817,20,0.26621246337890625,241.94497740268707,0,0,0,True
GB200_measured,184.306640625,8,4,2,8,1,1,bfloat16,32768,221.67876493930817,20,0.8990249633789062,242.57778990268707,0,0,0,True
GB200_measured,184.306640625,8,4,2,8,1,1,bfloat16,131072,221.67876493930817,20,3.4302749633789062,245.10903990268707,0,0,0,True
GB200_measured,184.306640625,8,4,2,8,1,1,bfloat16,524288,221.67876493930817,20,13.555274963378906,255.23403990268707,0,0,0,True
GB200_measured,184.306640625,8,4,2,8,1,1,bfloat16,1048576,221.67876493930817,20,27.055274963378906,268.7340399026871,0,0,0,True
GB200_measured,184.306640625,8,4,2,8,1,1,fp8_e4m3,1024,221.67876493930817,20,0.06845855712890625,241.74722349643707,0,0,0,True
GB200_measured,184.306640625,8,4,2,8,1,1,fp8_e4m3,8192,221.67876493930817,20,0.16074371337890625,241.83950865268707,0,0,0,True
GB200_measured,184.306640625,8,4,2,8,1,1,fp8_e4m3,32768,221.67876493930817,20,0.47714996337890625,242.15591490268707,0,0,0,True
GB200_measured,184.306640625,8,4,2,8,1,1,fp8_e4m3,131072,221.67876493930817,20,1.7427749633789062,243.42153990268707,0,0,0,True
GB200_measured,184.306640625,8,4,2,8,1,1,fp8_e4m3,524288,221.67876493930817,20,6.805274963378906,248.48403990268707,0,0,0,True
GB200_measured,184.306640625,8,4,2,8,1,1,fp8_e4m3,1048576,221.67876493930817,20,13.555274963378906,255.23403990268707,0,0,0,True
GB200_measured,184.306640625,8,4,2,8,1,2,bfloat16,1024,221.67876493930817,20,0.06845855712890625,241.74722349643707,0,0,0,False
GB200_measured,184.306640625,8,4,2,8,1,2,bfloat16,8192,221.67876493930817,20,0.16074371337890625,241.83950865268707,0,0,0,False
GB200_measured,184.306640625,8,4,2,8,1,2,bfloat16,32768,221.67876493930817,20,0.47714996337890625,242.15591490268707,0,0,0,False
GB200_measured,184.306640625,8,4,2,8,1,2,bfloat16,131072,221.67876493930817,20,1.7427749633789062,243.42153990268707,0,0,0,False
GB200_measured,184.306640625,8,4,2,8,1,2,bfloat16,524288,221.67876493930817,20,6.805274963378906,248.48403990268707,0,0,0,False
GB200_measured,184.306640625,8,4,2,8,1,2,bfloat16,1048576,221.67876493930817,20,13.555274963378906,255.23403990268707,0,0,0,False
GB200_measured,184.306640625,8,4,2,8,1,2,fp8_e4m3,1024,221.67876493930817,20,0.06186676025390625,241.74063169956207,0,0,0,False
GB200_measured,184.306640625,8,4,2,8,1,2,fp8_e4m3,8192,221.67876493930817,20,0.10800933837890625,241.78677427768707,0,0,0,False
GB200_measured,184.306640625,8,4,2,8,1,2,fp8_e4m3,32768,221.67876493930817,20,0.26621246337890625,241.94497740268707,0,0,0,False
GB200_measured,184.306640625,8,4,2,8,1,2,fp8_e4m3,131072,221.67876493930817,20,0.8990249633789062,242.57778990268707,0,0,0,False
GB200_measured,184.306640625,8,4,2,8,1,2,fp8_e4m3,524288,221.67876493930817,20,3.4302749633789062,245.10903990268707,0,0,0,False
GB200_measured,184.306640625,8,4,2,8,1,2,fp8_e4m3,1048576,221.67876493930817,20,6.805274963378906,248.48403990268707,0,0,0,False
GB200_measured,184.306640625,8,4,2,8,1,4,bfloat16,1024,221.67876493930817,20,0.06186676025390625,241.74063169956207,0,0,0,False
GB200_measured,184.306640625,8,4,2,8,1,4,bfloat16,8192,221.67876493930817,20,0.10800933837890625,241.78677427768707,0,0,0,False
GB200_measured,184.306640625,8,4,2,8,1,4,bfloat16,32768,221.67876493930817,20,0.26621246337890625,241.94497740268707,0,0,0,False
GB200_measured,184.306640625,8,4,2,8,1,4,bfloat16,131072,221.67876493930817,20,0.8990249633789062,242.57778990268707,0,0,0,False
GB200_measured,184.306640625,8,4,2,8,1,4,bfloat16,524288,221.67876493930817,20,3.4302749633789062,245.10903990268707,0,0,0,False
GB200_measured,184.306640625,8,4,2,8,1,4,bfloat16,1048576,221.67876493930817,20,6.805274963378906,248.48403990268707,0,0,0,False
GB200_measured,184.306640625,8,4,2,8,1,4,fp8_e4m3,1024,221.67876493930817,20,0.05857086181640625,241.73733580112457,0,0,0,False
GB200_measured,184.306640625,8,4,2,8,1,4,fp8_e4m3,8192,221.67876493930817,20,0.08164215087890625,241.76040709018707,0,0,0,False
GB200_measured,184.306640625,8,4,2,8,1,4,fp8_e4m3,32768,221.67876493930817,20,0.16074371337890625,241.83950865268707,0,0,0,False
GB200_measured,184.306640625,8,4,2,8,1,4,fp8_e4m3,131072,221.67876493930817,20,0.47714996337890625,242.15591490268707,0,0,0,False
GB200_measured,184.306640625,8,4,2,8,1,4,fp8_e4m3,524288,221.67876493930817,20,1.7427749633789062,243.42153990268707,0,0,0,False
GB200_measured,184.306640625,8,4,2,8,1,4,fp8_e4m3,1048576,221.67876493930817,20,3.4302749633789062,245.10903990268707,0,0,0,False
GB200_measured,184.306640625,8,8,1,8,1,1,bfloat16,1024,212.8023436665535,20,0.054004669189453125,232.85634833574295,0,0,0,True
GB200_measured,184.306640625,8,8,1,8,1,1,bfloat16,8192,212.8023436665535,20,0.23857498168945312,233.04091864824295,0,0,0,True
GB200_measured,184.306640625,8,8,1,8,1,1,bfloat16,32768,212.8023436665535,20,0.8713874816894531,233.67373114824295,0,0,0,True
GB200_measured,184.306640625,8,8,1,8,1,1,bfloat16,131072,212.8023436665535,20,3.402637481689453,236.20498114824295,0,0,0,True
GB200_measured,184.306640625,8,8,1,8,1,1,bfloat16,524288,212.8023436665535,20,13.527637481689453,246.32998114824295,0,0,0,True
GB200_measured,184.306640625,8,8,1,8,1,1,bfloat16,1048576,212.8023436665535,20,27.027637481689453,259.82998114824295,0,0,0,True
GB200_measured,184.306640625,8,8,1,8,1,1,fp8_e4m3,1024,212.8023436665535,20,0.040821075439453125,232.84316474199295,0,0,0,True
GB200_measured,184.306640625,8,8,1,8,1,1,fp8_e4m3,8192,212.8023436665535,20,0.13310623168945312,232.93544989824295,0,0,0,True
GB200_measured,184.306640625,8,8,1,8,1,1,fp8_e4m3,32768,212.8023436665535,20,0.4495124816894531,233.25185614824295,0,0,0,True
GB200_measured,184.306640625,8,8,1,8,1,1,fp8_e4m3,131072,212.8023436665535,20,1.7151374816894531,234.51748114824295,0,0,0,True
GB200_measured,184.306640625,8,8,1,8,1,1,fp8_e4m3,524288,212.8023436665535,20,6.777637481689453,239.57998114824295,0,0,0,True
GB200_measured,184.306640625,8,8,1,8,1,1,fp8_e4m3,1048576,212.8023436665535,20,13.527637481689453,246.32998114824295,0,0,0,True
GB200_measured,184.306640625,8,8,1,8,1,2,bfloat16,1024,212.8023436665535,20,0.040821075439453125,232.84316474199295,0,0,0,False
GB200_measured,184.306640625,8,8,1,8,1,2,bfloat16,8192,212.8023436665535,20,0.13310623168945312,232.93544989824295,0,0,0,False
GB200_measured,184.306640625,8,8,1,8,1,2,bfloat16,32768,212.8023436665535,20,0.4495124816894531,233.25185614824295,0,0,0,False
GB200_measured,184.306640625,8,8,1,8,1,2,bfloat16,131072,212.8023436665535,20,1.7151374816894531,234.51748114824295,0,0,0,False
GB200_measured,184.306640625,8,8,1,8,1,2,bfloat16,524288,212.8023436665535,20,6.777637481689453,239.57998114824295,0,0,0,False
GB200_measured,184.306640625,8,8,1,8,1,2,bfloat16,1048576,212.8023436665535,20,13.527637481689453,246.32998114824295,0,0,0,False
GB200_measured,184.306640625,8,8,1,8,1,2,fp8_e4m3,1024,212.8023436665535,20,0.034229278564453125,232.83657294511795,0,0,0,False
GB200_measured,184.306640625,8,8,1,8,1,2,fp8_e4m3,8192,212.8023436665535,20,0.08037185668945312,232.88271552324295,0,0,0,False
GB200_measured,184.306640625,8,8,1,8,1,2,fp8_e4m3,32768,212.8023436665535,20,0.23857498168945312,233.04091864824295,0,0,0,False
GB200_measured,184.306640625,8,8,1,8,1,2,fp8_e4m3,131072,212.8023436665535,20,0.8713874816894531,233.67373114824295,0,0,0,False
GB200_measured,184.306640625,8,8,1,8,1,2,fp8_e4m3,524288,212.8023436665535,20,3.402637481689453,236.20498114824295,0,0,0,False
GB200_measured,184.306640625,8,8,1,8,1,2,fp8_e4m3,1048576,212.8023436665535,20,6.777637481689453,239.57998114824295,0,0,0,False
GB200_measured,184.306640625,8,8,1,8,1,4,bfloat16,1024,212.8023436665535,20,0.034229278564453125,232.83657294511795,0,0,0,False
GB200_measured,184.306640625,8,8,1,8,1,4,bfloat16,8192,212.8023436665535,20,0.08037185668945312,232.88271552324295,0,0,0,False
GB200_measured,184.306640625,8,8,1,8,1,4,bfloat16,32768,212.8023436665535,20,0.23857498168945312,233.04091864824295,0,0,0,False
GB200_measured,184.306640625,8,8,1,8,1,4,bfloat16,131072,212.8023436665535,20,0.8713874816894531,233.67373114824295,0,0,0,False
GB200_measured,184.306640625,8,8,1,8,1,4,bfloat16,524288,212.8023436665535,20,3.402637481689453,236.20498114824295,0,0,0,False
GB200_measured,184.306640625,8,8,1,8,1,4,bfloat16,1048576,212.8023436665535,20,6.777637481689453,239.57998114824295,0,0,0,False
GB200_measured,184.306640625,8,8,1,8,1,4,fp8_e4m3,1024,212.8023436665535,20,0.030933380126953125,232.83327704668045,0,0,0,False
GB200_measured,184.306640625,8,8,1,8,1,4,fp8_e4m3,8192,212.8023436665535,20,0.054004669189453125,232.85634833574295,0,0,0,False
GB200_measured,184.306640625,8,8,1,8,1,4,fp8_e4m3,32768,212.8023436665535,20,0.13310623168945312,232.93544989824295,0,0,0,False
GB200_measured,184.306640625,8,8,1,8,1,4,fp8_e4m3,131072,212.8023436665535,20,0.4495124816894531,233.25185614824295,0,0,0,False
GB200_measured,184.306640625,8,8,1,8,1,4,fp8_e4m3,524288,212.8023436665535,20,1.7151374816894531,234.51748114824295,0,0,0,False
GB200_measured,184.306640625,8,8,1,8,1,4,fp8_e4m3,1048576,212.8023436665535,20,3.402637481689453,236.20498114824295,0,0,0,False
GB200_measured,184.306640625,8,8,1,8,1,8,bfloat16,1024,212.8023436665535,20,0.030933380126953125,232.83327704668045,0,0,0,False
GB200_measured,184.306640625,8,8,1,8,1,8,bfloat16,8192,212.8023436665535,20,0.054004669189453125,232.85634833574295,0,0,0,False
GB200_measured,184.306640625,8,8,1,8,1,8,bfloat16,32768,212.8023436665535,20,0.13310623168945312,232.93544989824295,0,0,0,False
GB200_measured,184.306640625,8,8,1,8,1,8,bfloat16,131072,212.8023436665535,20,0.4495124816894531,233.25185614824295,0,0,0,False
GB200_measured,184.306640625,8,8,1,8,1,8,bfloat16,524288,212.8023436665535,20,1.7151374816894531,234.51748114824295,0,0,0,False
GB200_measured,184.306640625,8,8,1,8,1,8,bfloat16,1048576,212.8023436665535,20,3.402637481689453,236.20498114824295,0,0,0,False
GB200_measured,184.306640625,8,8,1,8,1,8,fp8_e4m3,1024,212.8023436665535,20,0.029285430908203125,232.8316290974617,0,0,0,False
GB200_measured,184.306640625,8,8,1,8,1,8,fp8_e4m3,8192,212.8023436665535,20,0.040821075439453125,232.84316474199295,0,0,0,False
GB200_measured,184.306640625,8,8,1,8,1,8,fp8_e4m3,32768,212.8023436665535,20,0.08037185668945312,232.88271552324295,0,0,0,False
GB200_measured,184.306640625,8,8,1,8,1,8,fp8_e4m3,131072,212.8023436665535,20,0.23857498168945312,233.04091864824295,0,0,0,False
GB200_measured,184.306640625,8,8,1,8,1,8,fp8_e4m3,524288,212.8023436665535,20,0.8713874816894531,233.67373114824295,0,0,0,False
GB200_measured,184.306640625,8,8,1,8,1,8,fp8_e4m3,1048576,212.8023436665535,20,1.7151374816894531,234.51748114824295,0,0,0,False
GB200_measured,184.306640625,16,1,16,16,1,1,bfloat16,1024,190.74247220158577,20,0.247467041015625,210.9899392426014,0,0,0,True
GB200_measured,184.306640625,16,1,16,16,1,1,bfloat16,8192,190.74247220158577,20,0.432037353515625,211.1745095551014,0,0,0,True
GB200_measured,184.306640625,16,1,16,16,1,1,bfloat16,32768,190.74247220158577,20,1.064849853515625,211.8073220551014,0,0,0,True
GB200_measured,184.306640625,16,1,16,16,1,1,bfloat16,131072,190.74247220158577,20,3.596099853515625,214.3385720551014,0,0,0,True
GB200_measured,184.306640625,16,1,16,16,1,1,bfloat16,524288,190.74247220158577,20,13.721099853515625,224.4635720551014,0,0,0,True
GB200_measured,184.306640625,16,1,16,16,1,1,bfloat16,1048576,190.74247220158577,20,27.221099853515625,237.9635720551014,0,0,0,True
GB200_measured,184.306640625,16,1,16,16,1,1,fp8_e4m3,1024,190.74247220158577,20,0.234283447265625,210.9767556488514,0,0,0,True
GB200_measured,184.306640625,16,1,16,16,1,1,fp8_e4m3,8192,190.74247220158577,20,0.326568603515625,211.0690408051014,0,0,0,True
GB200_measured,184.306640625,16,1,16,16,1,1,fp8_e4m3,32768,190.74247220158577,20,0.642974853515625,211.3854470551014,0,0,0,True
GB200_measured,184.306640625,16,1,16,16,1,1,fp8_e4m3,131072,190.74247220158577,20,1.908599853515625,212.6510720551014,0,0,0,True
GB200_measured,184.306640625,16,1,16,16,1,1,fp8_e4m3,524288,190.74247220158577,20,6.971099853515625,217.7135720551014,0,0,0,True
GB200_measured,184.306640625,16,1,16,16,1,1,fp8_e4m3,1048576,190.74247220158577,20,13.721099853515625,224.4635720551014,0,0,0,True
GB200_measured,184.306640625,16,2,8,16,1,1,bfloat16,1024,155.2367871105671,20,0.1369171142578125,175.3737042248249,66,528,540672,True
GB200_measured,184.306640625,16,2,8,16,1,1,bfloat16,8192,155.2367871105671,20,0.3214874267578125,175.5582745373249,28,224,1835008,True
GB200_measured,184.306640625,16,2,8,16,1,1,bfloat16,32768,155.2367871105671,20,0.9542999267578125,176.1910870373249,9,72,2359296,True
GB200_measured,184.306640625,16,2,8,16,1,1,bfloat16,131072,155.2367871105671,20,3.4855499267578125,178.7223370373249,2,16,2097152,True
GB200_measured,184.306640625,16,2,8,16,1,1,bfloat16,524288,155.2367871105671,20,13.610549926757812,188.8473370373249,0,0,0,True
GB200_measured,184.306640625,16,2,8,16,1,1,bfloat16,1048576,155.2367871105671,20,27.110549926757812,202.3473370373249,0,0,0,True
GB200_measured,184.306640625,16,2,8,16,1,1,fp8_e4m3,1024,155.2367871105671,20,0.1237335205078125,175.3605206310749,73,584,598016,True
GB200_measured,184.306640625,16,2,8,16,1,1,fp8_e4m3,8192,155.2367871105671,20,0.2160186767578125,175.4528057873249,41,328,2686976,True
GB200_measured,184.306640625,16,2,8,16,1,1,fp8_e4m3,32768,155.2367871105671,20,0.5324249267578125,175.7692120373249,17,136,4456448,True
GB200_measured,184.306640625,16,2,8,16,1,1,fp8_e4m3,131072,155.2367871105671,20,1.7980499267578125,177.0348370373249,5,40,5242880,True
GB200_measured,184.306640625,16,2,8,16,1,1,fp8_e4m3,524288,155.2367871105671,20,6.8605499267578125,182.0973370373249,1,8,4194304,True
GB200_measured,184.306640625,16,2,8,16,1,1,fp8_e4m3,1048576,155.2367871105671,20,13.610549926757812,188.8473370373249,0,0,0,True
GB200_measured,184.306640625,16,2,8,16,1,2,bfloat16,1024,155.2367871105671,20,0.1237335205078125,175.3605206310749,73,584,598016,False
GB200_measured,184.306640625,16,2,8,16,1,2,bfloat16,8192,155.2367871105671,20,0.2160186767578125,175.4528057873249,41,328,2686976,False
GB200_measured,184.306640625,16,2,8,16,1,2,bfloat16,32768,155.2367871105671,20,0.5324249267578125,175.7692120373249,17,136,4456448,False
GB200_measured,184.306640625,16,2,8,16,1,2,bfloat16,131072,155.2367871105671,20,1.7980499267578125,177.0348370373249,5,40,5242880,False
GB200_measured,184.306640625,16,2,8,16,1,2,bfloat16,524288,155.2367871105671,20,6.8605499267578125,182.0973370373249,1,8,4194304,False
GB200_measured,184.306640625,16,2,8,16,1,2,bfloat16,1048576,155.2367871105671,20,13.610549926757812,188.8473370373249,0,0,0,False
GB200_measured,184.306640625,16,2,8,16,1,2,fp8_e4m3,1024,155.2367871105671,20,0.1171417236328125,175.3539288341999,77,616,630784,False
GB200_measured,184.306640625,16,2,8,16,1,2,fp8_e4m3,8192,155.2367871105671,20,0.1632843017578125,175.4000714123249,55,440,3604480,False
GB200_measured,184.306640625,16,2,8,16,1,2,fp8_e4m3,32768,155.2367871105671,20,0.3214874267578125,175.5582745373249,28,224,7340032,False
GB200_measured,184.306640625,16,2,8,16,1,2,fp8_e4m3,131072,155.2367871105671,20,0.9542999267578125,176.1910870373249,9,72,9437184,False
GB200_measured,184.306640625,16,2,8,16,1,2,fp8_e4m3,524288,155.2367871105671,20,3.4855499267578125,178.7223370373249,2,16,8388608,False
GB200_measured,184.306640625,16,2,8,16,1,2,fp8_e4m3,1048576,155.2367871105671,20,6.8605499267578125,182.0973370373249,1,8,8388608,False
GB200_measured,184.306640625,16,4,4,16,1,1,bfloat16,1024,137.48394456505775,20,0.08164215087890625,157.56558671593666,328,1312,1343488,True
GB200_measured,184.306640625,16,4,4,16,1,1,bfloat16,8192,137.48394456505775,20,0.26621246337890625,157.75015702843666,100,400,3276800,True
GB200_measured,184.306640625,16,4,4,16,1,1,bfloat16,32768,137.48394456505775,20,0.8990249633789062,158.38296952843666,29,116,3801088,True
GB200_measured,184.306640625,16,4,4,16,1,1,bfloat16,131072,137.48394456505775,20,3.4302749633789062,160.91421952843666,7,28,3670016,True
GB200_measured,184.306640625,16,4,4,16,1,1,bfloat16,524288,137.48394456505775,20,13.555274963378906,171.03921952843666,1,4,2097152,True
GB200_measured,184.306640625,16,4,4,16,1,1,bfloat16,1048576,137.48394456505775,20,27.055274963378906,184.53921952843666,0,0,0,True
GB200_measured,184.306640625,16,4,4,16,1,1,fp8_e4m3,1024,137.48394456505775,20,0.06845855712890625,157.55240312218666,391,1564,1601536,True
GB200_measured,184.306640625,16,4,4,16,1,1,fp8_e4m3,8192,137.48394456505775,20,0.16074371337890625,157.64468827843666,166,664,5439488,True
GB200_measured,184.306640625,16,4,4,16,1,1,fp8_e4m3,32768,137.48394456505775,20,0.47714996337890625,157.96109452843666,56,224,7340032,True
GB200_measured,184.306640625,16,4,4,16,1,1,fp8_e4m3,131072,137.48394456505775,20,1.7427749633789062,159.22671952843666,15,60,7864320,True
GB200_measured,184.306640625,16,4,4,16,1,1,fp8_e4m3,524288,137.48394456505775,20,6.805274963378906,164.28921952843666,3,12,6291456,True
GB200_measured,184.306640625,16,4,4,16,1,1,fp8_e4m3,1048576,137.48394456505775,20,13.555274963378906,171.03921952843666,1,4,4194304,True
GB200_measured,184.306640625,16,4,4,16,1,2,bfloat16,1024,137.48394456505775,20,0.06845855712890625,157.55240312218666,391,1564,1601536,False
GB200_measured,184.306640625,16,4,4,16,1,2,bfloat16,8192,137.48394456505775,20,0.16074371337890625,157.64468827843666,166,664,5439488,False
GB200_measured,184.306640625,16,4,4,16,1,2,bfloat16,32768,137.48394456505775,20,0.47714996337890625,157.96109452843666,56,224,7340032,False
GB200_measured,184.306640625,16,4,4,16,1,2,bfloat16,131072,137.48394456505775,20,1.7427749633789062,159.22671952843666,15,60,7864320,False
GB200_measured,184.306640625,16,4,4,16,1,2,bfloat16,524288,137.48394456505775,20,6.805274963378906,164.28921952843666,3,12,6291456,False
GB200_measured,184.306640625,16,4,4,16,1,2,bfloat16,1048576,137.48394456505775,20,13.555274963378906,171.03921952843666,1,4,4194304,False
GB200_measured,184.306640625,16,4,4,16,1,2,fp8_e4m3,1024,137.48394456505775,20,0.06186676025390625,157.54581132531166,433,1732,1773568,False
GB200_measured,184.306640625,16,4,4,16,1,2,fp8_e4m3,8192,137.48394456505775,20,0.10800933837890625,157.59195390343666,248,992,8126464,False
GB200_measured,184.306640625,16,4,4,16,1,2,fp8_e4m3,32768,137.48394456505775,20,0.26621246337890625,157.75015702843666,100,400,13107200,False
GB200_measured,184.306640625,16,4,4,16,1,2,fp8_e4m3,131072,137.48394456505775,20,0.8990249633789062,158.38296952843666,29,116,15204352,False
GB200_measured,184.306640625,16,4,4,16,1,2,fp8_e4m3,524288,137.48394456505775,20,3.4302749633789062,160.91421952843666,7,28,14680064,False
GB200_measured,184.306640625,16,4,4,16,1,2,fp8_e4m3,1048576,137.48394456505775,20,6.805274963378906,164.28921952843666,3,12,12582912,False
GB200_measured,184.306640625,16,4,4,16,1,4,bfloat16,1024,137.48394456505775,20,0.06186676025390625,157.54581132531166,433,1732,1773568,False
GB200_measured,184.306640625,16,4,4,16,1,4,bfloat16,8192,137.48394456505775,20,0.10800933837890625,157.59195390343666,248,992,8126464,False
GB200_measured,184.306640625,16,4,4,16,1,4,bfloat16,32768,137.48394456505775,20,0.26621246337890625,157.75015702843666,100,400,13107200,False
GB200_measured,184.306640625,16,4,4,16,1,4,bfloat16,131072,137.48394456505775,20,0.8990249633789062,158.38296952843666,29,116,15204352,False
GB200_measured,184.306640625,16,4,4,16,1,4,bfloat16,524288,137.48394456505775,20,3.4302749633789062,160.91421952843666,7,28,14680064,False
GB200_measured,184.306640625,16,4,4,16,1,4,bfloat16,1048576,137.48394456505775,20,6.805274963378906,164.28921952843666,3,12,12582912,False
GB200_measured,184.306640625,16,4,4,16,1,4,fp8_e4m3,1024,137.48394456505775,20,0.05857086181640625,157.54251542687416,457,1828,1871872,False
GB200_measured,184.306640625,16,4,4,16,1,4,fp8_e4m3,8192,137.48394456505775,20,0.08164215087890625,157.56558671593666,328,1312,10747904,False
GB200_measured,184.306640625,16,4,4,16,1,4,fp8_e4m3,32768,137.48394456505775,20,0.16074371337890625,157.64468827843666,166,664,21757952,False
GB200_measured,184.306640625,16,4,4,16,1,4,fp8_e4m3,131072,137.48394456505775,20,0.47714996337890625,157.96109452843666,56,224,29360128,False
GB200_measured,184.306640625,16,4,4,16,1,4,fp8_e4m3,524288,137.48394456505775,20,1.7427749633789062,159.22671952843666,15,60,31457280,False
GB200_measured,184.306640625,16,4,4,16,1,4,fp8_e4m3,1048576,137.48394456505775,20,3.4302749633789062,160.91421952843666,7,28,29360128,False
GB200_measured,184.306640625,16,8,2,16,1,1,bfloat16,1024,128.60752329230309,20,0.054004669189453125,148.66152796149254,661,1322,1353728,True
GB200_measured,184.306640625,16,8,2,16,1,1,bfloat16,8192,128.60752329230309,20,0.23857498168945312,148.84609827399254,149,298,2441216,True
GB200_measured,184.306640625,16,8,2,16,1,1,bfloat16,32768,128.60752329230309,20,0.8713874816894531,149.47891077399254,40,80,2621440,True
GB200_measured,184.306640625,16,8,2,16,1,1,bfloat16,131072,128.60752329230309,20,3.402637481689453,152.01016077399254,10,20,2621440,True
GB200_measured,184.306640625,16,8,2,16,1,1,bfloat16,524288,128.60752329230309,20,13.527637481689453,162.13516077399254,2,4,2097152,True
GB200_measured,184.306640625,16,8,2,16,1,1,bfloat16,1048576,128.60752329230309,20,27.027637481689453,175.63516077399254,1,2,2097152,True
GB200_measured,184.306640625,16,8,2,16,1,1,fp8_e4m3,1024,128.60752329230309,20,0.040821075439453125,148.64834436774254,874,1748,1789952,True
GB200_measured,184.306640625,16,8,2,16,1,1,fp8_e4m3,8192,128.60752329230309,20,0.13310623168945312,148.74062952399254,268,536,4390912,True
GB200_measured,184.306640625,16,8,2,16,1,1,fp8_e4m3,32768,128.60752329230309,20,0.4495124816894531,149.05703577399254,79,158,5177344,True
GB200_measured,184.306640625,16,8,2,16,1,1,fp8_e4m3,131072,128.60752329230309,20,1.7151374816894531,150.32266077399254,20,40,5242880,True
GB200_measured,184.306640625,16,8,2,16,1,1,fp8_e4m3,524288,128.60752329230309,20,6.777637481689453,155.38516077399254,5,10,5242880,True
GB200_measured,184.306640625,16,8,2,16,1,1,fp8_e4m3,1048576,128.60752329230309,20,13.527637481689453,162.13516077399254,2,4,4194304,True
GB200_measured,184.306640625,16,8,2,16,1,2,bfloat16,1024,128.60752329230309,20,0.040821075439453125,148.64834436774254,874,1748,1789952,False
GB200_measured,184.306640625,16,8,2,16,1,2,bfloat16,8192,128.60752329230309,20,0.13310623168945312,148.74062952399254,268,536,4390912,False
GB200_measured,184.306640625,16,8,2,16,1,2,bfloat16,32768,128.60752329230309,20,0.4495124816894531,149.05703577399254,79,158,5177344,False
GB200_measured,184.306640625,16,8,2,16,1,2,bfloat16,131072,128.60752329230309,20,1.7151374816894531,150.32266077399254,20,40,5242880,False
GB200_measured,184.306640625,16,8,2,16,1,2,bfloat16,524288,128.60752329230309,20,6.777637481689453,155.38516077399254,5,10,5242880,False
GB200_measured,184.306640625,16,8,2,16,1,2,bfloat16,1048576,128.60752329230309,20,13.527637481689453,162.13516077399254,2,4,4194304,False
GB200_measured,184.306640625,16,8,2,16,1,2,fp8_e4m3,1024,128.60752329230309,20,0.034229278564453125,148.64175257086754,1042,2084,2134016,False
GB200_measured,184.306640625,16,8,2,16,1,2,fp8_e4m3,8192,128.60752329230309,20,0.08037185668945312,148.68789514899254,444,888,7274496,False
GB200_measured,184.306640625,16,8,2,16,1,2,fp8_e4m3,32768,128.60752329230309,20,0.23857498168945312,148.84609827399254,149,298,9764864,False
GB200_measured,184.306640625,16,8,2,16,1,2,fp8_e4m3,131072,128.60752329230309,20,0.8713874816894531,149.47891077399254,40,80,10485760,False
GB200_measured,184.306640625,16,8,2,16,1,2,fp8_e4m3,524288,128.60752329230309,20,3.402637481689453,152.01016077399254,10,20,10485760,False
GB200_measured,184.306640625,16,8,2,16,1,2,fp8_e4m3,1048576,128.60752329230309,20,6.777637481689453,155.38516077399254,5,10,10485760,False
GB200_measured,184.306640625,16,8,2,16,1,4,bfloat16,1024,128.60752329230309,20,0.034229278564453125,148.64175257086754,1042,2084,2134016,False
GB200_measured,184.306640625,16,8,2,16,1,4,bfloat16,8192,128.60752329230309,20,0.08037185668945312,148.68789514899254,444,888,7274496,False
GB200_measured,184.306640625,16,8,2,16,1,4,bfloat16,32768,128.60752329230309,20,0.23857498168945312,148.84609827399254,149,298,9764864,False
GB200_measured,184.306640625,16,8,2,16,1,4,bfloat16,131072,128.60752329230309,20,0.8713874816894531,149.47891077399254,40,80,10485760,False
GB200_measured,184.306640625,16,8,2,16,1,4,bfloat16,524288,128.60752329230309,20,3.402637481689453,152.01016077399254,10,20,10485760,False
GB200_measured,184.306640625,16,8,2,16,1,4,bfloat16,1048576,128.60752329230309,20,6.777637481689453,155.38516077399254,5,10,10485760,False
GB200_measured,184.306640625,16,8,2,16,1,4,fp8_e4m3,1024,128.60752329230309,20,0.030933380126953125,148.63845667243004,1154,2308,2363392,False
GB200_measured,184.306640625,16,8,2,16,1,4,fp8_e4m3,8192,128.60752329230309,20,0.054004669189453125,148.66152796149254,661,1322,10829824,False
GB200_measured,184.306640625,16,8,2,16,1,4,fp8_e4m3,32768,128.60752329230309,20,0.13310623168945312,148.74062952399254,268,536,17563648,False
GB200_measured,184.306640625,16,8,2,16,1,4,fp8_e4m3,131072,128.60752329230309,20,0.4495124816894531,149.05703577399254,79,158,20709376,False
GB200_measured,184.306640625,16,8,2,16,1,4,fp8_e4m3,524288,128.60752329230309,20,1.7151374816894531,150.32266077399254,20,40,20971520,False
GB200_measured,184.306640625,16,8,2,16,1,4,fp8_e4m3,1048576,128.60752329230309,20,3.402637481689453,152.01016077399254,10,20,20971520,False
GB200_measured,184.306640625,16,8,2,16,1,8,bfloat16,1024,128.60752329230309,20,0.030933380126953125,148.63845667243004,1154,2308,2363392,False
GB200_measured,184.306640625,16,8,2,16,1,8,bfloat16,8192,128.60752329230309,20,0.054004669189453125,148.66152796149254,661,1322,10829824,False
GB200_measured,184.306640625,16,8,2,16,1,8,bfloat16,32768,128.60752329230309,20,0.13310623168945312,148.74062952399254,268,536,17563648,False
GB200_measured,184.306640625,16,8,2,16,1,8,bfloat16,131072,128.60752329230309,20,0.4495124816894531,149.05703577399254,79,158,20709376,False
GB200_measured,184.306640625,16,8,2,16,1,8,bfloat16,524288,128.60752329230309,20,1.7151374816894531,150.32266077399254,20,40,20971520,False
GB200_measured,184.306640625,16,8,2,16,1,8,bfloat16,1048576,128.60752329230309,20,3.402637481689453,152.01016077399254,10,20,20971520,False
GB200_measured,184.306640625,16,8,2,16,1,8,fp8_e4m3,1024,128.60752329230309,20,0.029285430908203125,148.6368087232113,1219,2438,2496512,False
GB200_measured,184.306640625,16,8,2,16,1,8,fp8_e4m3,8192,128.60752329230309,20,0.040821075439453125,148.64834436774254,874,1748,14319616,False
GB200_measured,184.306640625,16,8,2,16,1,8,fp8_e4m3,32768,128.60752329230309,20,0.08037185668945312,148.68789514899254,444,888,29097984,False
GB200_measured,184.306640625,16,8,2,16,1,8,fp8_e4m3,131072,128.60752329230309,20,0.23857498168945312,148.84609827399254,149,298,39059456,False
GB200_measured,184.306640625,16,8,2,16,1,8,fp8_e4m3,524288,128.60752329230309,20,0.8713874816894531,149.47891077399254,40,80,41943040,False
GB200_measured,184.306640625,16,8,2,16,1,8,fp8_e4m3,1048576,128.60752329230309,20,1.7151374816894531,150.32266077399254,20,40,41943040,False
GB200_measured,184.306640625,16,16,1,16,1,1,bfloat16,1024,124.16931265592575,20,0.04018592834472656,144.20949858427048,998,998,1021952,True
GB200_measured,184.306640625,16,16,1,16,1,1,bfloat16,8192,124.16931265592575,20,0.22475624084472656,144.39406889677048,178,178,1458176,True
GB200_measured,184.306640625,16,16,1,16,1,1,bfloat16,32768,124.16931265592575,20,0.8575687408447266,145.02688139677048,46,46,1507328,True
GB200_measured,184.306640625,16,16,1,16,1,1,bfloat16,131072,124.16931265592575,20,3.3888187408447266,147.55813139677048,11,11,1441792,True
GB200_measured,184.306640625,16,16,1,16,1,1,bfloat16,524288,124.16931265592575,20,13.513818740844727,157.68313139677048,2,2,1048576,True
GB200_measured,184.306640625,16,16,1,16,1,1,bfloat16,1048576,124.16931265592575,20,27.013818740844727,171.18313139677048,1,1,1048576,True
GB200_measured,184.306640625,16,16,1,16,1,1,fp8_e4m3,1024,124.16931265592575,20,0.027002334594726562,144.19631499052048,1486,1486,1521664,True
GB200_measured,184.306640625,16,16,1,16,1,1,fp8_e4m3,8192,124.16931265592575,20,0.11928749084472656,144.28860014677048,336,336,2752512,True
GB200_measured,184.306640625,16,16,1,16,1,1,fp8_e4m3,32768,124.16931265592575,20,0.43569374084472656,144.60500639677048,92,92,3014656,True
GB200_measured,184.306640625,16,16,1,16,1,1,fp8_e4m3,131072,124.16931265592575,20,1.7013187408447266,145.87063139677048,23,23,3014656,True
GB200_measured,184.306640625,16,16,1,16,1,1,fp8_e4m3,524288,124.16931265592575,20,6.763818740844727,150.93313139677048,5,5,2621440,True
GB200_measured,184.306640625,16,16,1,16,1,1,fp8_e4m3,1048576,124.16931265592575,20,13.513818740844727,157.68313139677048,2,2,2097152,True
GB200_measured,184.306640625,16,16,1,16,1,2,bfloat16,1024,124.16931265592575,20,0.027002334594726562,144.19631499052048,1486,1486,1521664,False
GB200_measured,184.306640625,16,16,1,16,1,2,bfloat16,8192,124.16931265592575,20,0.11928749084472656,144.28860014677048,336,336,2752512,False
GB200_measured,184.306640625,16,16,1,16,1,2,bfloat16,32768,124.16931265592575,20,0.43569374084472656,144.60500639677048,92,92,3014656,False
GB200_measured,184.306640625,16,16,1,16,1,2,bfloat16,131072,124.16931265592575,20,1.7013187408447266,145.87063139677048,23,23,3014656,False
GB200_measured,184.306640625,16,16,1,16,1,2,bfloat16,524288,124.16931265592575,20,6.763818740844727,150.93313139677048,5,5,2621440,False
GB200_measured,184.306640625,16,16,1,16,1,2,bfloat16,1048576,124.16931265592575,20,13.513818740844727,157.68313139677048,2,2,2097152,False
GB200_measured,184.306640625,16,16,1,16,1,2,fp8_e4m3,1024,124.16931265592575,20,0.020410537719726562,144.18972319364548,1966,1966,2013184,False
GB200_measured,184.306640625,16,16,1,16,1,2,fp8_e4m3,8192,124.16931265592575,20,0.06655311584472656,144.23586577177048,603,603,4939776,False
GB200_measured,184.306640625,16,16,1,16,1,2,fp8_e4m3,32768,124.16931265592575,20,0.22475624084472656,144.39406889677048,178,178,5832704,False
GB200_measured,184.306640625,16,16,1,16,1,2,fp8_e4m3,131072,124.16931265592575,20,0.8575687408447266,145.02688139677048,46,46,6029312,False
GB200_measured,184.306640625,16,16,1,16,1,2,fp8_e4m3,524288,124.16931265592575,20,3.3888187408447266,147.55813139677048,11,11,5767168,False
GB200_measured,184.306640625,16,16,1,16,1,2,fp8_e4m3,1048576,124.16931265592575,20,6.763818740844727,150.93313139677048,5,5,5242880,False
GB200_measured,184.306640625,16,16,1,16,1,4,bfloat16,1024,124.16931265592575,20,0.020410537719726562,144.18972319364548,1966,1966,2013184,False
GB200_measured,184.306640625,16,16,1,16,1,4,bfloat16,8192,124.16931265592575,20,0.06655311584472656,144.23586577177048,603,603,4939776,False
GB200_measured,184.306640625,16,16,1,16,1,4,bfloat16,32768,124.16931265592575,20,0.22475624084472656,144.39406889677048,178,178,5832704,False
GB200_measured,184.306640625,16,16,1,16,1,4,bfloat16,131072,124.16931265592575,20,0.8575687408447266,145.02688139677048,46,46,6029312,False
GB200_measured,184.306640625,16,16,1,16,1,4,bfloat16,524288,124.16931265592575,20,3.3888187408447266,147.55813139677048,11,11,5767168,False
GB200_measured,184.306640625,16,16,1,16,1,4,bfloat16,1048576,124.16931265592575,20,6.763818740844727,150.93313139677048,5,5,5242880,False
GB200_measured,184.306640625,16,16,1,16,1,4,fp8_e4m3,1024,124.16931265592575,20,0.017114639282226562,144.18642729520798,2345,2345,2401280,False
GB200_measured,184.306640625,16,16,1,16,1,4,fp8_e4m3,8192,124.16931265592575,20,0.04018592834472656,144.20949858427048,998,998,8175616,False
GB200_measured,184.306640625,16,16,1,16,1,4,fp8_e4m3,32768,124.16931265592575,20,0.11928749084472656,144.28860014677048,336,336,11010048,False
GB200_measured,184.306640625,16,16,1,16,1,4,fp8_e4m3,131072,124.16931265592575,20,0.43569374084472656,144.60500639677048,92,92,12058624,False
GB200_measured,184.306640625,16,16,1,16,1,4,fp8_e4m3,524288,124.16931265592575,20,1.7013187408447266,145.87063139677048,23,23,12058624,False
GB200_measured,184.306640625,16,16,1,16,1,4,fp8_e4m3,1048576,124.16931265592575,20,3.3888187408447266,147.55813139677048,11,11,11534336,False
GB200_measured,184.306640625,16,16,1,16,1,8,bfloat16,1024,124.16931265592575,20,0.017114639282226562,144.18642729520798,2345,2345,2401280,False
GB200_measured,184.306640625,16,16,1,16,1,8,bfloat16,8192,124.16931265592575,20,0.04018592834472656,144.20949858427048,998,998,8175616,False
GB200_measured,184.306640625,16,16,1,16,1,8,bfloat16,32768,124.16931265592575,20,0.11928749084472656,144.28860014677048,336,336,11010048,False
GB200_measured,184.306640625,16,16,1,16,1,8,bfloat16,131072,124.16931265592575,20,0.43569374084472656,144.60500639677048,92,92,12058624,False
GB200_measured,184.306640625,16,16,1,16,1,8,bfloat16,524288,124.16931265592575,20,1.7013187408447266,145.87063139677048,23,23,12058624,False
GB200_measured,184.306640625,16,16,1,16,1,8,bfloat16,1048576,124.16931265592575,20,3.3888187408447266,147.55813139677048,11,11,11534336,False
GB200_measured,184.306640625,16,16,1,16,1,8,fp8_e4m3,1024,124.16931265592575,20,0.015466690063476562,144.18477934598923,2595,2595,2657280,False
GB200_measured,184.306640625,16,16,1,16,1,8,fp8_e4m3,8192,124.16931265592575,20,0.027002334594726562,144.19631499052048,1486,1486,12173312,False
GB200_measured,184.306640625,16,16,1,16,1,8,fp8_e4m3,32768,124.16931265592575,20,0.06655311584472656,144.23586577177048,603,603,19759104,False
GB200_measured,184.306640625,16,16,1,16,1,8,fp8_e4m3,131072,124.16931265592575,20,0.22475624084472656,144.39406889677048,178,178,23330816,False
GB200_measured,184.306640625,16,16,1,16,1,8,fp8_e4m3,524288,124.16931265592575,20,0.8575687408447266,145.02688139677048,46,46,24117248,False
GB200_measured,184.306640625,16,16,1,16,1,8,fp8_e4m3,1048576,124.16931265592575,20,1.7013187408447266,145.87063139677048,23,23,24117248,False
GB200_measured,184.306640625,32,1,32,32,1,1,bfloat16,1024,148.64506201446056,20,0.247467041015625,168.8925290554762,63,2016,2064384,True
GB200_measured,184.306640625,32,1,32,32,1,1,bfloat16,8192,148.64506201446056,20,0.432037353515625,169.0770993679762,36,1152,9437184,True
GB200_measured,184.306640625,32,1,32,32,1,1,bfloat16,32768,148.64506201446056,20,1.064849853515625,169.7099118679762,14,448,14680064,True
GB200_measured,184.306640625,32,1,32,32,1,1,bfloat16,131072,148.64506201446056,20,3.596099853515625,172.2411618679762,4,128,16777216,True
GB200_measured,184.306640625,32,1,32,32,1,1,bfloat16,524288,148.64506201446056,20,13.721099853515625,182.3661618679762,1,32,16777216,True
GB200_measured,184.306640625,32,1,32,32,1,1,bfloat16,1048576,148.64506201446056,20,27.221099853515625,195.8661618679762,0,0,0,True
GB200_measured,184.306640625,32,1,32,32,1,1,fp8_e4m3,1024,148.64506201446056,20,0.234283447265625,168.8793454617262,66,2112,2162688,True
GB200_measured,184.306640625,32,1,32,32,1,1,fp8_e4m3,8192,148.64506201446056,20,0.326568603515625,168.9716306179762,47,1504,12320768,True
GB200_measured,184.306640625,32,1,32,32,1,1,fp8_e4m3,32768,148.64506201446056,20,0.642974853515625,169.2880368679762,24,768,25165824,True
GB200_measured,184.306640625,32,1,32,32,1,1,fp8_e4m3,131072,148.64506201446056,20,1.908599853515625,170.5536618679762,8,256,33554432,True
GB200_measured,184.306640625,32,1,32,32,1,1,fp8_e4m3,524288,148.64506201446056,20,6.971099853515625,175.6161618679762,2,64,33554432,True
GB200_measured,184.306640625,32,1,32,32,1,1,fp8_e4m3,1048576,148.64506201446056,20,13.721099853515625,182.3661618679762,1,32,33554432,True
GB200_measured,184.306640625,32,2,16,32,1,1,bfloat16,1024,113.13937692344189,20,0.1369171142578125,133.2762940376997,373,5968,6111232,True
GB200_measured,184.306640625,32,2,16,32,1,1,bfloat16,8192,113.13937692344189,20,0.3214874267578125,133.4608643501997,159,2544,20840448,True
GB200_measured,184.306640625,32,2,16,32,1,1,bfloat16,32768,113.13937692344189,20,0.9542999267578125,134.0936768501997,53,848,27787264,True
GB200_measured,184.306640625,32,2,16,32,1,1,bfloat16,131072,113.13937692344189,20,3.4855499267578125,136.6249268501997,14,224,29360128,True
GB200_measured,184.306640625,32,2,16,32,1,1,bfloat16,524288,113.13937692344189,20,13.610549926757812,146.7499268501997,3,48,25165824,True
GB200_measured,184.306640625,32,2,16,32,1,1,bfloat16,1048576,113.13937692344189,20,27.110549926757812,160.2499268501997,1,16,16777216,True
GB200_measured,184.306640625,32,2,16,32,1,1,fp8_e4m3,1024,113.13937692344189,20,0.1237335205078125,133.2631104439497,413,6608,6766592,True
GB200_measured,184.306640625,32,2,16,32,1,1,fp8_e4m3,8192,113.13937692344189,20,0.2160186767578125,133.3553956001997,236,3776,30932992,True
GB200_measured,184.306640625,32,2,16,32,1,1,fp8_e4m3,32768,113.13937692344189,20,0.5324249267578125,133.6718018501997,96,1536,50331648,True
GB200_measured,184.306640625,32,2,16,32,1,1,fp8_e4m3,131072,113.13937692344189,20,1.7980499267578125,134.9374268501997,28,448,58720256,True
GB200_measured,184.306640625,32,2,16,32,1,1,fp8_e4m3,524288,113.13937692344189,20,6.8605499267578125,139.9999268501997,7,112,58720256,True
GB200_measured,184.306640625,32,2,16,32,1,1,fp8_e4m3,1048576,113.13937692344189,20,13.610549926757812,146.7499268501997,3,48,50331648,True
GB200_measured,184.306640625,32,2,16,32,1,2,bfloat16,1024,113.13937692344189,20,0.1237335205078125,133.2631104439497,413,6608,6766592,False
GB200_measured,184.306640625,32,2,16,32,1,2,bfloat16,8192,113.13937692344189,20,0.2160186767578125,133.3553956001997,236,3776,30932992,False
GB200_measured,184.306640625,32,2,16,32,1,2,bfloat16,32768,113.13937692344189,20,0.5324249267578125,133.6718018501997,96,1536,50331648,False
GB200_measured,184.306640625,32,2,16,32,1,2,bfloat16,131072,113.13937692344189,20,1.7980499267578125,134.9374268501997,28,448,58720256,False
GB200_measured,184.306640625,32,2,16,32,1,2,bfloat16,524288,113.13937692344189,20,6.8605499267578125,139.9999268501997,7,112,58720256,False
GB200_measured,184.306640625,32,2,16,32,1,2,bfloat16,1048576,113.13937692344189,20,13.610549926757812,146.7499268501997,3,48,50331648,False
GB200_measured,184.306640625,32,2,16,32,1,2,fp8_e4m3,1024,113.13937692344189,20,0.1171417236328125,133.2565186470747,436,6976,7143424,False
GB200_measured,184.306640625,32,2,16,32,1,2,fp8_e4m3,8192,113.13937692344189,20,0.1632843017578125,133.3026612251997,313,5008,41025536,False
GB200_measured,184.306640625,32,2,16,32,1,2,fp8_e4m3,32768,113.13937692344189,20,0.3214874267578125,133.4608643501997,159,2544,83361792,False
GB200_measured,184.306640625,32,2,16,32,1,2,fp8_e4m3,131072,113.13937692344189,20,0.9542999267578125,134.0936768501997,53,848,111149056,False
GB200_measured,184.306640625,32,2,16,32,1,2,fp8_e4m3,524288,113.13937692344189,20,3.4855499267578125,136.6249268501997,14,224,117440512,False
GB200_measured,184.306640625,32,2,16,32,1,2,fp8_e4m3,1048576,113.13937692344189,20,6.8605499267578125,139.9999268501997,7,112,117440512,False
GB200_measured,184.306640625,32,4,8,32,1,1,bfloat16,1024,95.38653437793255,20,0.08164215087890625,115.46817652881145,844,6752,6914048,True
GB200_measured,184.306640625,32,4,8,32,1,1,bfloat16,8192,95.38653437793255,20,0.26621246337890625,115.65274684131145,258,2064,16908288,True
GB200_measured,184.306640625,32,4,8,32,1,1,bfloat16,32768,95.38653437793255,20,0.8990249633789062,116.28555934131145,76,608,19922944,True
GB200_measured,184.306640625,32,4,8,32,1,1,bfloat16,131072,95.38653437793255,20,3.4302749633789062,118.81680934131145,20,160,20971520,True
GB200_measured,184.306640625,32,4,8,32,1,1,bfloat16,524288,95.38653437793255,20,13.555274963378906,128.94180934131145,5,40,20971520,True
GB200_measured,184.306640625,32,4,8,32,1,1,bfloat16,1048576,95.38653437793255,20,27.055274963378906,142.44180934131145,2,16,16777216,True
GB200_measured,184.306640625,32,4,8,32,1,1,fp8_e4m3,1024,95.38653437793255,20,0.06845855712890625,115.45499293506145,1006,8048,8241152,True
GB200_measured,184.306640625,32,4,8,32,1,1,fp8_e4m3,8192,95.38653437793255,20,0.16074371337890625,115.54727809131145,428,3424,28049408,True
GB200_measured,184.306640625,32,4,8,32,1,1,fp8_e4m3,32768,95.38653437793255,20,0.47714996337890625,115.86368434131145,144,1152,37748736,True
GB200_measured,184.306640625,32,4,8,32,1,1,fp8_e4m3,131072,95.38653437793255,20,1.7427749633789062,117.12930934131145,39,312,40894464,True
GB200_measured,184.306640625,32,4,8,32,1,1,fp8_e4m3,524288,95.38653437793255,20,6.805274963378906,122.19180934131145,10,80,41943040,True
GB200_measured,184.306640625,32,4,8,32,1,1,fp8_e4m3,1048576,95.38653437793255,20,13.555274963378906,128.94180934131145,5,40,41943040,True
GB200_measured,184.306640625,32,4,8,32,1,2,bfloat16,1024,95.38653437793255,20,0.06845855712890625,115.45499293506145,1006,8048,8241152,False
GB200_measured,184.306640625,32,4,8,32,1,2,bfloat16,8192,95.38653437793255,20,0.16074371337890625,115.54727809131145,428,3424,28049408,False
GB200_measured,184.306640625,32,4,8,32,1,2,bfloat16,32768,95.38653437793255,20,0.47714996337890625,115.86368434131145,144,1152,37748736,False
GB200_measured,184.306640625,32,4,8,32,1,2,bfloat16,131072,95.38653437793255,20,1.7427749633789062,117.12930934131145,39,312,40894464,False
GB200_measured,184.306640625,32,4,8,32,1,2,bfloat16,524288,95.38653437793255,20,6.805274963378906,122.19180934131145,10,80,41943040,False
GB200_measured,184.306640625,32,4,8,32,1,2,bfloat16,1048576,95.38653437793255,20,13.555274963378906,128.94180934131145,5,40,41943040,False
GB200_measured,184.306640625,32,4,8,32,1,2,fp8_e4m3,1024,95.38653437793255,20,0.06186676025390625,115.44840113818645,1114,8912,9125888,False
GB200_measured,184.306640625,32,4,8,32,1,2,fp8_e4m3,8192,95.38653437793255,20,0.10800933837890625,115.49454371631145,638,5104,41811968,False
GB200_measured,184.306640625,32,4,8,32,1,2,fp8_e4m3,32768,95.38653437793255,20,0.26621246337890625,115.65274684131145,258,2064,67633152,False
GB200_measured,184.306640625,32,4,8,32,1,2,fp8_e4m3,131072,95.38653437793255,20,0.8990249633789062,116.28555934131145,76,608,79691776,False
GB200_measured,184.306640625,32,4,8,32,1,2,fp8_e4m3,524288,95.38653437793255,20,3.4302749633789062,118.81680934131145,20,160,83886080,False
GB200_measured,184.306640625,32,4,8,32,1,2,fp8_e4m3,1048576,95.38653437793255,20,6.805274963378906,122.19180934131145,10,80,83886080,False
GB200_measured,184.306640625,32,4,8,32,1,4,bfloat16,1024,95.38653437793255,20,0.06186676025390625,115.44840113818645,1114,8912,9125888,False
GB200_measured,184.306640625,32,4,8,32,1,4,bfloat16,8192,95.38653437793255,20,0.10800933837890625,115.49454371631145,638,5104,41811968,False
GB200_measured,184.306640625,32,4,8,32,1,4,bfloat16,32768,95.38653437793255,20,0.26621246337890625,115.65274684131145,258,2064,67633152,False
GB200_measured,184.306640625,32,4,8,32,1,4,bfloat16,131072,95.38653437793255,20,0.8990249633789062,116.28555934131145,76,608,79691776,False
GB200_measured,184.306640625,32,4,8,32,1,4,bfloat16,524288,95.38653437793255,20,3.4302749633789062,118.81680934131145,20,160,83886080,False
GB200_measured,184.306640625,32,4,8,32,1,4,bfloat16,1048576,95.38653437793255,20,6.805274963378906,122.19180934131145,10,80,83886080,False
GB200_measured,184.306640625,32,4,8,32,1,4,fp8_e4m3,1024,95.38653437793255,20,0.05857086181640625,115.44510523974895,1176,9408,9633792,False
GB200_measured,184.306640625,32,4,8,32,1,4,fp8_e4m3,8192,95.38653437793255,20,0.08164215087890625,115.46817652881145,844,6752,55312384,False
GB200_measured,184.306640625,32,4,8,32,1,4,fp8_e4m3,32768,95.38653437793255,20,0.16074371337890625,115.54727809131145,428,3424,112197632,False
GB200_measured,184.306640625,32,4,8,32,1,4,fp8_e4m3,131072,95.38653437793255,20,0.47714996337890625,115.86368434131145,144,1152,150994944,False
GB200_measured,184.306640625,32,4,8,32,1,4,fp8_e4m3,524288,95.38653437793255,20,1.7427749633789062,117.12930934131145,39,312,163577856,False
GB200_measured,184.306640625,32,4,8,32,1,4,fp8_e4m3,1048576,95.38653437793255,20,3.4302749633789062,118.81680934131145,20,160,167772160,False
GB200_measured,184.306640625,32,8,4,32,1,1,bfloat16,1024,86.51011310517788,20,0.054004669189453125,106.56411777436733,1440,5760,5898240,True
GB200_measured,184.306640625,32,8,4,32,1,1,bfloat16,8192,86.51011310517788,20,0.23857498168945312,106.74868808686733,326,1304,10682368,True
GB200_measured,184.306640625,32,8,4,32,1,1,bfloat16,32768,86.51011310517788,20,0.8713874816894531,107.38150058686733,89,356,11665408,True
GB200_measured,184.306640625,32,8,4,32,1,1,bfloat16,131072,86.51011310517788,20,3.402637481689453,109.91275058686733,22,88,11534336,True
GB200_measured,184.306640625,32,8,4,32,1,1,bfloat16,524288,86.51011310517788,20,13.527637481689453,120.03775058686733,5,20,10485760,True
GB200_measured,184.306640625,32,8,4,32,1,1,bfloat16,1048576,86.51011310517788,20,27.027637481689453,133.53775058686733,2,8,8388608,True
GB200_measured,184.306640625,32,8,4,32,1,1,fp8_e4m3,1024,86.51011310517788,20,0.040821075439453125,106.55093418061733,1905,7620,7802880,True
GB200_measured,184.306640625,32,8,4,32,1,1,fp8_e4m3,8192,86.51011310517788,20,0.13310623168945312,106.64321933686733,584,2336,19136512,True
GB200_measured,184.306640625,32,8,4,32,1,1,fp8_e4m3,32768,86.51011310517788,20,0.4495124816894531,106.95962558686733,173,692,22675456,True
GB200_measured,184.306640625,32,8,4,32,1,1,fp8_e4m3,131072,86.51011310517788,20,1.7151374816894531,108.22525058686733,45,180,23592960,True
GB200_measured,184.306640625,32,8,4,32,1,1,fp8_e4m3,524288,86.51011310517788,20,6.777637481689453,113.28775058686733,11,44,23068672,True
GB200_measured,184.306640625,32,8,4,32,1,1,fp8_e4m3,1048576,86.51011310517788,20,13.527637481689453,120.03775058686733,5,20,20971520,True
GB200_measured,184.306640625,32,8,4,32,1,2,bfloat16,1024,86.51011310517788,20,0.040821075439453125,106.55093418061733,1905,7620,7802880,False
GB200_measured,184.306640625,32,8,4,32,1,2,bfloat16,8192,86.51011310517788,20,0.13310623168945312,106.64321933686733,584,2336,19136512,False
GB200_measured,184.306640625,32,8,4,32,1,2,bfloat16,32768,86.51011310517788,20,0.4495124816894531,106.95962558686733,173,692,22675456,False
GB200_measured,184.306640625,32,8,4,32,1,2,bfloat16,131072,86.51011310517788,20,1.7151374816894531,108.22525058686733,45,180,23592960,False
GB200_measured,184.306640625,32,8,4,32,1,2,bfloat16,524288,86.51011310517788,20,6.777637481689453,113.28775058686733,11,44,23068672,False
GB200_measured,184.306640625,32,8,4,32,1,2,bfloat16,1048576,86.51011310517788,20,13.527637481689453,120.03775058686733,5,20,20971520,False
GB200_measured,184.306640625,32,8,4,32,1,2,fp8_e4m3,1024,86.51011310517788,20,0.034229278564453125,106.54434238374233,2272,9088,9306112,False
GB200_measured,184.306640625,32,8,4,32,1,2,fp8_e4m3,8192,86.51011310517788,20,0.08037185668945312,106.59048496186733,967,3868,31686656,False
GB200_measured,184.306640625,32,8,4,32,1,2,fp8_e4m3,32768,86.51011310517788,20,0.23857498168945312,106.74868808686733,326,1304,42729472,False
GB200_measured,184.306640625,32,8,4,32,1,2,fp8_e4m3,131072,86.51011310517788,20,0.8713874816894531,107.38150058686733,89,356,46661632,False
GB200_measured,184.306640625,32,8,4,32,1,2,fp8_e4m3,524288,86.51011310517788,20,3.402637481689453,109.91275058686733,22,88,46137344,False
GB200_measured,184.306640625,32,8,4,32,1,2,fp8_e4m3,1048576,86.51011310517788,20,6.777637481689453,113.28775058686733,11,44,46137344,False
GB200_measured,184.306640625,32,8,4,32,1,4,bfloat16,1024,86.51011310517788,20,0.034229278564453125,106.54434238374233,2272,9088,9306112,False
GB200_measured,184.306640625,32,8,4,32,1,4,bfloat16,8192,86.51011310517788,20,0.08037185668945312,106.59048496186733,967,3868,31686656,False
GB200_measured,184.306640625,32,8,4,32,1,4,bfloat16,32768,86.51011310517788,20,0.23857498168945312,106.74868808686733,326,1304,42729472,False
GB200_measured,184.306640625,32,8,4,32,1,4,bfloat16,131072,86.51011310517788,20,0.8713874816894531,107.38150058686733,89,356,46661632,False
GB200_measured,184.306640625,32,8,4,32,1,4,bfloat16,524288,86.51011310517788,20,3.402637481689453,109.91275058686733,22,88,46137344,False
GB200_measured,184.306640625,32,8,4,32,1,4,bfloat16,1048576,86.51011310517788,20,6.777637481689453,113.28775058686733,11,44,46137344,False
GB200_measured,184.306640625,32,8,4,32,1,4,fp8_e4m3,1024,86.51011310517788,20,0.030933380126953125,106.54104648530483,2514,10056,10297344,False
GB200_measured,184.306640625,32,8,4,32,1,4,fp8_e4m3,8192,86.51011310517788,20,0.054004669189453125,106.56411777436733,1440,5760,47185920,False
GB200_measured,184.306640625,32,8,4,32,1,4,fp8_e4m3,32768,86.51011310517788,20,0.13310623168945312,106.64321933686733,584,2336,76546048,False
GB200_measured,184.306640625,32,8,4,32,1,4,fp8_e4m3,131072,86.51011310517788,20,0.4495124816894531,106.95962558686733,173,692,90701824,False
GB200_measured,184.306640625,32,8,4,32,1,4,fp8_e4m3,524288,86.51011310517788,20,1.7151374816894531,108.22525058686733,45,180,94371840,False
GB200_measured,184.306640625,32,8,4,32,1,4,fp8_e4m3,1048576,86.51011310517788,20,3.402637481689453,109.91275058686733,22,88,92274688,False
GB200_measured,184.306640625,32,8,4,32,1,8,bfloat16,1024,86.51011310517788,20,0.030933380126953125,106.54104648530483,2514,10056,10297344,False
GB200_measured,184.306640625,32,8,4,32,1,8,bfloat16,8192,86.51011310517788,20,0.054004669189453125,106.56411777436733,1440,5760,47185920,False
GB200_measured,184.306640625,32,8,4,32,1,8,bfloat16,32768,86.51011310517788,20,0.13310623168945312,106.64321933686733,584,2336,76546048,False
GB200_measured,184.306640625,32,8,4,32,1,8,bfloat16,131072,86.51011310517788,20,0.4495124816894531,106.95962558686733,173,692,90701824,False
GB200_measured,184.306640625,32,8,4,32,1,8,bfloat16,524288,86.51011310517788,20,1.7151374816894531,108.22525058686733,45,180,94371840,False
GB200_measured,184.306640625,32,8,4,32,1,8,bfloat16,1048576,86.51011310517788,20,3.402637481689453,109.91275058686733,22,88,92274688,False
GB200_measured,184.306640625,32,8,4,32,1,8,fp8_e4m3,1024,86.51011310517788,20,0.029285430908203125,106.53939853608608,2656,10624,10878976,False
GB200_measured,184.306640625,32,8,4,32,1,8,fp8_e4m3,8192,86.51011310517788,20,0.040821075439453125,106.55093418061733,1905,7620,62423040,False
GB200_measured,184.306640625,32,8,4,32,1,8,fp8_e4m3,32768,86.51011310517788,20,0.08037185668945312,106.59048496186733,967,3868,126746624,False
GB200_measured,184.306640625,32,8,4,32,1,8,fp8_e4m3,131072,86.51011310517788,20,0.23857498168945312,106.74868808686733,326,1304,170917888,False
GB200_measured,184.306640625,32,8,4,32,1,8,fp8_e4m3,524288,86.51011310517788,20,0.8713874816894531,107.38150058686733,89,356,186646528,False
GB200_measured,184.306640625,32,8,4,32,1,8,fp8_e4m3,1048576,86.51011310517788,20,1.7151374816894531,108.22525058686733,45,180,188743680,False
GB200_measured,184.306640625,32,16,2,32,1,1,bfloat16,1024,82.07190246880054,20,0.04018592834472656,102.11208839714527,2046,4092,4190208,True
GB200_measured,184.306640625,32,16,2,32,1,1,bfloat16,8192,82.07190246880054,20,0.22475624084472656,102.29665870964527,365,730,5980160,True
GB200_measured,184.306640625,32,16,2,32,1,1,bfloat16,32768,82.07190246880054,20,0.8575687408447266,102.92947120964527,95,190,6225920,True
GB200_measured,184.306640625,32,16,2,32,1,1,bfloat16,131072,82.07190246880054,20,3.3888187408447266,105.46072120964527,24,48,6291456,True
GB200_measured,184.306640625,32,16,2,32,1,1,bfloat16,524288,82.07190246880054,20,13.513818740844727,115.58572120964527,6,12,6291456,True
GB200_measured,184.306640625,32,16,2,32,1,1,bfloat16,1048576,82.07190246880054,20,27.013818740844727,129.08572120964527,3,6,6291456,True
GB200_measured,184.306640625,32,16,2,32,1,1,fp8_e4m3,1024,82.07190246880054,20,0.027002334594726562,102.09890480339527,3045,6090,6236160,True
GB200_measured,184.306640625,32,16,2,32,1,1,fp8_e4m3,8192,82.07190246880054,20,0.11928749084472656,102.19118995964527,689,1378,11288576,True
GB200_measured,184.306640625,32,16,2,32,1,1,fp8_e4m3,32768,82.07190246880054,20,0.43569374084472656,102.50759620964527,188,376,12320768,True
GB200_measured,184.306640625,32,16,2,32,1,1,fp8_e4m3,131072,82.07190246880054,20,1.7013187408447266,103.77322120964527,48,96,12582912,True
GB200_measured,184.306640625,32,16,2,32,1,1,fp8_e4m3,524288,82.07190246880054,20,6.763818740844727,108.83572120964527,12,24,12582912,True
GB200_measured,184.306640625,32,16,2,32,1,1,fp8_e4m3,1048576,82.07190246880054,20,13.513818740844727,115.58572120964527,6,12,12582912,True
GB200_measured,184.306640625,32,16,2,32,1,2,bfloat16,1024,82.07190246880054,20,0.027002334594726562,102.09890480339527,3045,6090,6236160,False
GB200_measured,184.306640625,32,16,2,32,1,2,bfloat16,8192,82.07190246880054,20,0.11928749084472656,102.19118995964527,689,1378,11288576,False
GB200_measured,184.306640625,32,16,2,32,1,2,bfloat16,32768,82.07190246880054,20,0.43569374084472656,102.50759620964527,188,376,12320768,False
GB200_measured,184.306640625,32,16,2,32,1,2,bfloat16,131072,82.07190246880054,20,1.7013187408447266,103.77322120964527,48,96,12582912,False
GB200_measured,184.306640625,32,16,2,32,1,2,bfloat16,524288,82.07190246880054,20,6.763818740844727,108.83572120964527,12,24,12582912,False
GB200_measured,184.306640625,32,16,2,32,1,2,bfloat16,1048576,82.07190246880054,20,13.513818740844727,115.58572120964527,6,12,12582912,False
GB200_measured,184.306640625,32,16,2,32,1,2,fp8_e4m3,1024,82.07190246880054,20,0.020410537719726562,102.09231300652027,4029,8058,8251392,False
GB200_measured,184.306640625,32,16,2,32,1,2,fp8_e4m3,8192,82.07190246880054,20,0.06655311584472656,102.13845558464527,1235,2470,20234240,False
GB200_measured,184.306640625,32,16,2,32,1,2,fp8_e4m3,32768,82.07190246880054,20,0.22475624084472656,102.29665870964527,365,730,23920640,False
GB200_measured,184.306640625,32,16,2,32,1,2,fp8_e4m3,131072,82.07190246880054,20,0.8575687408447266,102.92947120964527,95,190,24903680,False
GB200_measured,184.306640625,32,16,2,32,1,2,fp8_e4m3,524288,82.07190246880054,20,3.3888187408447266,105.46072120964527,24,48,25165824,False
GB200_measured,184.306640625,32,16,2,32,1,2,fp8_e4m3,1048576,82.07190246880054,20,6.763818740844727,108.83572120964527,12,24,25165824,False
GB200_measured,184.306640625,32,16,2,32,1,4,bfloat16,1024,82.07190246880054,20,0.020410537719726562,102.09231300652027,4029,8058,8251392,False
GB200_measured,184.306640625,32,16,2,32,1,4,bfloat16,8192,82.07190246880054,20,0.06655311584472656,102.13845558464527,1235,2470,20234240,False
GB200_measured,184.306640625,32,16,2,32,1,4,bfloat16,32768,82.07190246880054,20,0.22475624084472656,102.29665870964527,365,730,23920640,False
GB200_measured,184.306640625,32,16,2,32,1,4,bfloat16,131072,82.07190246880054,20,0.8575687408447266,102.92947120964527,95,190,24903680,False
GB200_measured,184.306640625,32,16,2,32,1,4,bfloat16,524288,82.07190246880054,20,3.3888187408447266,105.46072120964527,24,48,25165824,False
GB200_measured,184.306640625,32,16,2,32,1,4,bfloat16,1048576,82.07190246880054,20,6.763818740844727,108.83572120964527,12,24,25165824,False
GB200_measured,184.306640625,32,16,2,32,1,4,fp8_e4m3,1024,82.07190246880054,20,0.017114639282226562,102.08901710808277,4804,9608,9838592,False
GB200_measured,184.306640625,32,16,2,32,1,4,fp8_e4m3,8192,82.07190246880054,20,0.04018592834472656,102.11208839714527,2046,4092,33521664,False
GB200_measured,184.306640625,32,16,2,32,1,4,fp8_e4m3,32768,82.07190246880054,20,0.11928749084472656,102.19118995964527,689,1378,45154304,False
GB200_measured,184.306640625,32,16,2,32,1,4,fp8_e4m3,131072,82.07190246880054,20,0.43569374084472656,102.50759620964527,188,376,49283072,False
GB200_measured,184.306640625,32,16,2,32,1,4,fp8_e4m3,524288,82.07190246880054,20,1.7013187408447266,103.77322120964527,48,96,50331648,False
GB200_measured,184.306640625,32,16,2,32,1,4,fp8_e4m3,1048576,82.07190246880054,20,3.3888187408447266,105.46072120964527,24,48,50331648,False
GB200_measured,184.306640625,32,16,2,32,1,8,bfloat16,1024,82.07190246880054,20,0.017114639282226562,102.08901710808277,4804,9608,9838592,False
GB200_measured,184.306640625,32,16,2,32,1,8,bfloat16,8192,82.07190246880054,20,0.04018592834472656,102.11208839714527,2046,4092,33521664,False
GB200_measured,184.306640625,32,16,2,32,1,8,bfloat16,32768,82.07190246880054,20,0.11928749084472656,102.19118995964527,689,1378,45154304,False
GB200_measured,184.306640625,32,16,2,32,1,8,bfloat16,131072,82.07190246880054,20,0.43569374084472656,102.50759620964527,188,376,49283072,False
GB200_measured,184.306640625,32,16,2,32,1,8,bfloat16,524288,82.07190246880054,20,1.7013187408447266,103.77322120964527,48,96,50331648,False
GB200_measured,184.306640625,32,16,2,32,1,8,bfloat16,1048576,82.07190246880054,20,3.3888187408447266,105.46072120964527,24,48,50331648,False
GB200_measured,184.306640625,32,16,2,32,1,8,fp8_e4m3,1024,82.07190246880054,20,0.015466690063476562,102.08736915886402,5316,10632,10887168,False
GB200_measured,184.306640625,32,16,2,32,1,8,fp8_e4m3,8192,82.07190246880054,20,0.027002334594726562,102.09890480339527,3045,6090,49889280,False
GB200_measured,184.306640625,32,16,2,32,1,8,fp8_e4m3,32768,82.07190246880054,20,0.06655311584472656,102.13845558464527,1235,2470,80936960,False
GB200_measured,184.306640625,32,16,2,32,1,8,fp8_e4m3,131072,82.07190246880054,20,0.22475624084472656,102.29665870964527,365,730,95682560,False
GB200_measured,184.306640625,32,16,2,32,1,8,fp8_e4m3,524288,82.07190246880054,20,0.8575687408447266,102.92947120964527,95,190,99614720,False
GB200_measured,184.306640625,32,16,2,32,1,8,fp8_e4m3,1048576,82.07190246880054,20,1.7013187408447266,103.77322120964527,48,96,100663296,False
GB200_measured,184.306640625,32,32,1,32,1,1,bfloat16,1024,79.85279715061188,20,0.03327655792236328,99.88607370853424,2537,2537,2597888,True
GB200_measured,184.306640625,32,32,1,32,1,1,bfloat16,8192,79.85279715061188,20,0.21784687042236328,100.07064402103424,387,387,3170304,True
GB200_measured,184.306640625,32,32,1,32,1,1,bfloat16,32768,79.85279715061188,20,0.8506593704223633,100.70345652103424,99,99,3244032,True
GB200_measured,184.306640625,32,32,1,32,1,1,bfloat16,131072,79.85279715061188,20,3.3819093704223633,103.23470652103424,24,24,3145728,True
GB200_measured,184.306640625,32,32,1,32,1,1,bfloat16,524288,79.85279715061188,20,13.506909370422363,113.35970652103424,6,6,3145728,True
GB200_measured,184.306640625,32,32,1,32,1,1,bfloat16,1048576,79.85279715061188,20,27.006909370422363,126.85970652103424,3,3,3145728,True
GB200_measured,184.306640625,32,32,1,32,1,1,fp8_e4m3,1024,79.85279715061188,20,0.02009296417236328,99.87289011478424,4203,4203,4303872,True
GB200_measured,184.306640625,32,32,1,32,1,1,fp8_e4m3,8192,79.85279715061188,20,0.11237812042236328,99.96517527103424,751,751,6152192,True
GB200_measured,184.306640625,32,32,1,32,1,1,fp8_e4m3,32768,79.85279715061188,20,0.4287843704223633,100.28158152103424,196,196,6422528,True
GB200_measured,184.306640625,32,32,1,32,1,1,fp8_e4m3,131072,79.85279715061188,20,1.6944093704223633,101.54720652103424,49,49,6422528,True
GB200_measured,184.306640625,32,32,1,32,1,1,fp8_e4m3,524288,79.85279715061188,20,6.756909370422363,106.60970652103424,12,12,6291456,True
GB200_measured,184.306640625,32,32,1,32,1,1,fp8_e4m3,1048576,79.85279715061188,20,13.506909370422363,113.35970652103424,6,6,6291456,True
GB200_measured,184.306640625,32,32,1,32,1,2,bfloat16,1024,79.85279715061188,20,0.02009296417236328,99.87289011478424,4203,4203,4303872,False
GB200_measured,184.306640625,32,32,1,32,1,2,bfloat16,8192,79.85279715061188,20,0.11237812042236328,99.96517527103424,751,751,6152192,False
GB200_measured,184.306640625,32,32,1,32,1,2,bfloat16,32768,79.85279715061188,20,0.4287843704223633,100.28158152103424,196,196,6422528,False
GB200_measured,184.306640625,32,32,1,32,1,2,bfloat16,131072,79.85279715061188,20,1.6944093704223633,101.54720652103424,49,49,6422528,False
GB200_measured,184.306640625,32,32,1,32,1,2,bfloat16,524288,79.85279715061188,20,6.756909370422363,106.60970652103424,12,12,6291456,False
GB200_measured,184.306640625,32,32,1,32,1,2,bfloat16,1048576,79.85279715061188,20,13.506909370422363,113.35970652103424,6,6,6291456,False
GB200_measured,184.306640625,32,32,1,32,1,2,fp8_e4m3,1024,79.85279715061188,20,0.013501167297363281,99.86629831790924,6255,6255,6405120,False
GB200_measured,184.306640625,32,32,1,32,1,2,fp8_e4m3,8192,79.85279715061188,20,0.05964374542236328,99.91244089603424,1415,1415,11591680,False
GB200_measured,184.306640625,32,32,1,32,1,2,fp8_e4m3,32768,79.85279715061188,20,0.21784687042236328,100.07064402103424,387,387,12681216,False
GB200_measured,184.306640625,32,32,1,32,1,2,fp8_e4m3,131072,79.85279715061188,20,0.8506593704223633,100.70345652103424,99,99,12976128,False
GB200_measured,184.306640625,32,32,1,32,1,2,fp8_e4m3,524288,79.85279715061188,20,3.3819093704223633,103.23470652103424,24,24,12582912,False
GB200_measured,184.306640625,32,32,1,32,1,2,fp8_e4m3,1048576,79.85279715061188,20,6.756909370422363,106.60970652103424,12,12,12582912,False
GB200_measured,184.306640625,32,32,1,32,1,4,bfloat16,1024,79.85279715061188,20,0.013501167297363281,99.86629831790924,6255,6255,6405120,False
GB200_measured,184.306640625,32,32,1,32,1,4,bfloat16,8192,79.85279715061188,20,0.05964374542236328,99.91244089603424,1415,1415,11591680,False
GB200_measured,184.306640625,32,32,1,32,1,4,bfloat16,32768,79.85279715061188,20,0.21784687042236328,100.07064402103424,387,387,12681216,False
GB200_measured,184.306640625,32,32,1,32,1,4,bfloat16,131072,79.85279715061188,20,0.8506593704223633,100.70345652103424,99,99,12976128,False
GB200_measured,184.306640625,32,32,1,32,1,4,bfloat16,524288,79.85279715061188,20,3.3819093704223633,103.23470652103424,24,24,12582912,False
GB200_measured,184.306640625,32,32,1,32,1,4,bfloat16,1048576,79.85279715061188,20,6.756909370422363,106.60970652103424,12,12,12582912,False
GB200_measured,184.306640625,32,32,1,32,1,4,fp8_e4m3,1024,79.85279715061188,20,0.010205268859863281,99.86300241947174,8275,8275,8473600,False
GB200_measured,184.306640625,32,32,1,32,1,4,fp8_e4m3,8192,79.85279715061188,20,0.03327655792236328,99.88607370853424,2537,2537,20783104,False
GB200_measured,184.306640625,32,32,1,32,1,4,fp8_e4m3,32768,79.85279715061188,20,0.11237812042236328,99.96517527103424,751,751,24608768,False
GB200_measured,184.306640625,32,32,1,32,1,4,fp8_e4m3,131072,79.85279715061188,20,0.4287843704223633,100.28158152103424,196,196,25690112,False
GB200_measured,184.306640625,32,32,1,32,1,4,fp8_e4m3,524288,79.85279715061188,20,1.6944093704223633,101.54720652103424,49,49,25690112,False
GB200_measured,184.306640625,32,32,1,32,1,4,fp8_e4m3,1048576,79.85279715061188,20,3.3819093704223633,103.23470652103424,24,24,25165824,False
GB200_measured,184.306640625,32,32,1,32,1,8,bfloat16,1024,79.85279715061188,20,0.010205268859863281,99.86300241947174,8275,8275,8473600,False
GB200_measured,184.306640625,32,32,1,32,1,8,bfloat16,8192,79.85279715061188,20,0.03327655792236328,99.88607370853424,2537,2537,20783104,False
GB200_measured,184.306640625,32,32,1,32,1,8,bfloat16,32768,79.85279715061188,20,0.11237812042236328,99.96517527103424,751,751,24608768,False
GB200_measured,184.306640625,32,32,1,32,1,8,bfloat16,131072,79.85279715061188,20,0.4287843704223633,100.28158152103424,196,196,25690112,False
GB200_measured,184.306640625,32,32,1,32,1,8,bfloat16,524288,79.85279715061188,20,1.6944093704223633,101.54720652103424,49,49,25690112,False
GB200_measured,184.306640625,32,32,1,32,1,8,bfloat16,1048576,79.85279715061188,20,3.3819093704223633,103.23470652103424,24,24,25165824,False
GB200_measured,184.306640625,32,32,1,32,1,8,fp8_e4m3,1024,79.85279715061188,20,0.008557319641113281,99.86135447025299,9869,9869,10105856,False
GB200_measured,184.306640625,32,32,1,32,1,8,fp8_e4m3,8192,79.85279715061188,20,0.02009296417236328,99.87289011478424,4203,4203,34430976,False
GB200_measured,184.306640625,32,32,1,32,1,8,fp8_e4m3,32768,79.85279715061188,20,0.05964374542236328,99.91244089603424,1415,1415,46366720,False
GB200_measured,184.306640625,32,32,1,32,1,8,fp8_e4m3,131072,79.85279715061188,20,0.21784687042236328,100.07064402103424,387,387,50724864,False
GB200_measured,184.306640625,32,32,1,32,1,8,fp8_e4m3,524288,79.85279715061188,20,0.8506593704223633,100.70345652103424,99,99,51904512,False
GB200_measured,184.306640625,32,32,1,32,1,8,fp8_e4m3,1048576,79.85279715061188,20,1.6944093704223633,101.54720652103424,49,49,51380224,False
B200_180GB_budget,167.63806343078613,1,1,1,1,1,1,bfloat16,1024,1453.664777815342,20,0.247467041015625,1473.9122448563576,0,0,0,True
B200_180GB_budget,167.63806343078613,1,1,1,1,1,1,bfloat16,8192,1453.664777815342,20,0.432037353515625,1474.0968151688576,0,0,0,True
B200_180GB_budget,167.63806343078613,1,1,1,1,1,1,bfloat16,32768,1453.664777815342,20,1.064849853515625,1474.7296276688576,0,0,0,True
B200_180GB_budget,167.63806343078613,1,1,1,1,1,1,bfloat16,131072,1453.664777815342,20,3.596099853515625,1477.2608776688576,0,0,0,True
B200_180GB_budget,167.63806343078613,1,1,1,1,1,1,bfloat16,524288,1453.664777815342,20,13.721099853515625,1487.3858776688576,0,0,0,True
B200_180GB_budget,167.63806343078613,1,1,1,1,1,1,bfloat16,1048576,1453.664777815342,20,27.221099853515625,1500.8858776688576,0,0,0,True
B200_180GB_budget,167.63806343078613,1,1,1,1,1,1,fp8_e4m3,1024,1453.664777815342,20,0.234283447265625,1473.8990612626076,0,0,0,True
B200_180GB_budget,167.63806343078613,1,1,1,1,1,1,fp8_e4m3,8192,1453.664777815342,20,0.326568603515625,1473.9913464188576,0,0,0,True
B200_180GB_budget,167.63806343078613,1,1,1,1,1,1,fp8_e4m3,32768,1453.664777815342,20,0.642974853515625,1474.3077526688576,0,0,0,True
B200_180GB_budget,167.63806343078613,1,1,1,1,1,1,fp8_e4m3,131072,1453.664777815342,20,1.908599853515625,1475.5733776688576,0,0,0,True
B200_180GB_budget,167.63806343078613,1,1,1,1,1,1,fp8_e4m3,524288,1453.664777815342,20,6.971099853515625,1480.6358776688576,0,0,0,True
B200_180GB_budget,167.63806343078613,1,1,1,1,1,1,fp8_e4m3,1048576,1453.664777815342,20,13.721099853515625,1487.3858776688576,0,0,0,True
B200_180GB_budget,167.63806343078613,2,1,2,2,1,1,bfloat16,1024,780.1062148213387,20,0.247467041015625,800.3536818623543,0,0,0,True
B200_180GB_budget,167.63806343078613,2,1,2,2,1,1,bfloat16,8192,780.1062148213387,20,0.432037353515625,800.5382521748543,0,0,0,True
B200_180GB_budget,167.63806343078613,2,1,2,2,1,1,bfloat16,32768,780.1062148213387,20,1.064849853515625,801.1710646748543,0,0,0,True
B200_180GB_budget,167.63806343078613,2,1,2,2,1,1,bfloat16,131072,780.1062148213387,20,3.596099853515625,803.7023146748543,0,0,0,True
B200_180GB_budget,167.63806343078613,2,1,2,2,1,1,bfloat16,524288,780.1062148213387,20,13.721099853515625,813.8273146748543,0,0,0,True
B200_180GB_budget,167.63806343078613,2,1,2,2,1,1,bfloat16,1048576,780.1062148213387,20,27.221099853515625,827.3273146748543,0,0,0,True
B200_180GB_budget,167.63806343078613,2,1,2,2,1,1,fp8_e4m3,1024,780.1062148213387,20,0.234283447265625,800.3404982686043,0,0,0,True
B200_180GB_budget,167.63806343078613,2,1,2,2,1,1,fp8_e4m3,8192,780.1062148213387,20,0.326568603515625,800.4327834248543,0,0,0,True
B200_180GB_budget,167.63806343078613,2,1,2,2,1,1,fp8_e4m3,32768,780.1062148213387,20,0.642974853515625,800.7491896748543,0,0,0,True
B200_180GB_budget,167.63806343078613,2,1,2,2,1,1,fp8_e4m3,131072,780.1062148213387,20,1.908599853515625,802.0148146748543,0,0,0,True
B200_180GB_budget,167.63806343078613,2,1,2,2,1,1,fp8_e4m3,524288,780.1062148213387,20,6.971099853515625,807.0773146748543,0,0,0,True
B200_180GB_budget,167.63806343078613,2,1,2,2,1,1,fp8_e4m3,1048576,780.1062148213387,20,13.721099853515625,813.8273146748543,0,0,0,True
B200_180GB_budget,167.63806343078613,2,2,1,2,1,1,bfloat16,1024,744.60052973032,20,0.1369171142578125,764.7374468445778,0,0,0,True
B200_180GB_budget,167.63806343078613,2,2,1,2,1,1,bfloat16,8192,744.60052973032,20,0.3214874267578125,764.9220171570778,0,0,0,True
B200_180GB_budget,167.63806343078613,2,2,1,2,1,1,bfloat16,32768,744.60052973032,20,0.9542999267578125,765.5548296570778,0,0,0,True
B200_180GB_budget,167.63806343078613,2,2,1,2,1,1,bfloat16,131072,744.60052973032,20,3.4855499267578125,768.0860796570778,0,0,0,True
B200_180GB_budget,167.63806343078613,2,2,1,2,1,1,bfloat16,524288,744.60052973032,20,13.610549926757812,778.2110796570778,0,0,0,True
B200_180GB_budget,167.63806343078613,2,2,1,2,1,1,bfloat16,1048576,744.60052973032,20,27.110549926757812,791.7110796570778,0,0,0,True
B200_180GB_budget,167.63806343078613,2,2,1,2,1,1,fp8_e4m3,1024,744.60052973032,20,0.1237335205078125,764.7242632508278,0,0,0,True
B200_180GB_budget,167.63806343078613,2,2,1,2,1,1,fp8_e4m3,8192,744.60052973032,20,0.2160186767578125,764.8165484070778,0,0,0,True
B200_180GB_budget,167.63806343078613,2,2,1,2,1,1,fp8_e4m3,32768,744.60052973032,20,0.5324249267578125,765.1329546570778,0,0,0,True
B200_180GB_budget,167.63806343078613,2,2,1,2,1,1,fp8_e4m3,131072,744.60052973032,20,1.7980499267578125,766.3985796570778,0,0,0,True
B200_180GB_budget,167.63806343078613,2,2,1,2,1,1,fp8_e4m3,524288,744.60052973032,20,6.8605499267578125,771.4610796570778,0,0,0,True
B200_180GB_budget,167.63806343078613,2,2,1,2,1,1,fp8_e4m3,1048576,744.60052973032,20,13.610549926757812,778.2110796570778,0,0,0,True
B200_180GB_budget,167.63806343078613,2,2,1,2,1,2,bfloat16,1024,744.60052973032,20,0.1237335205078125,764.7242632508278,0,0,0,False
B200_180GB_budget,167.63806343078613,2,2,1,2,1,2,bfloat16,8192,744.60052973032,20,0.2160186767578125,764.8165484070778,0,0,0,False
B200_180GB_budget,167.63806343078613,2,2,1,2,1,2,bfloat16,32768,744.60052973032,20,0.5324249267578125,765.1329546570778,0,0,0,False
B200_180GB_budget,167.63806343078613,2,2,1,2,1,2,bfloat16,131072,744.60052973032,20,1.7980499267578125,766.3985796570778,0,0,0,False
B200_180GB_budget,167.63806343078613,2,2,1,2,1,2,bfloat16,524288,744.60052973032,20,6.8605499267578125,771.4610796570778,0,0,0,False
B200_180GB_budget,167.63806343078613,2,2,1,2,1,2,bfloat16,1048576,744.60052973032,20,13.610549926757812,778.2110796570778,0,0,0,False
B200_180GB_budget,167.63806343078613,2,2,1,2,1,2,fp8_e4m3,1024,744.60052973032,20,0.1171417236328125,764.7176714539528,0,0,0,False
B200_180GB_budget,167.63806343078613,2,2,1,2,1,2,fp8_e4m3,8192,744.60052973032,20,0.1632843017578125,764.7638140320778,0,0,0,False
B200_180GB_budget,167.63806343078613,2,2,1,2,1,2,fp8_e4m3,32768,744.60052973032,20,0.3214874267578125,764.9220171570778,0,0,0,False
B200_180GB_budget,167.63806343078613,2,2,1,2,1,2,fp8_e4m3,131072,744.60052973032,20,0.9542999267578125,765.5548296570778,0,0,0,False
B200_180GB_budget,167.63806343078613,2,2,1,2,1,2,fp8_e4m3,524288,744.60052973032,20,3.4855499267578125,768.0860796570778,0,0,0,False
B200_180GB_budget,167.63806343078613,2,2,1,2,1,2,fp8_e4m3,1048576,744.60052973032,20,6.8605499267578125,771.4610796570778,0,0,0,False
B200_180GB_budget,167.63806343078613,4,1,4,4,1,1,bfloat16,1024,443.326933324337,20,0.247467041015625,463.57440036535263,0,0,0,True
B200_180GB_budget,167.63806343078613,4,1,4,4,1,1,bfloat16,8192,443.326933324337,20,0.432037353515625,463.75897067785263,0,0,0,True
B200_180GB_budget,167.63806343078613,4,1,4,4,1,1,bfloat16,32768,443.326933324337,20,1.064849853515625,464.39178317785263,0,0,0,True
B200_180GB_budget,167.63806343078613,4,1,4,4,1,1,bfloat16,131072,443.326933324337,20,3.596099853515625,466.92303317785263,0,0,0,True
B200_180GB_budget,167.63806343078613,4,1,4,4,1,1,bfloat16,524288,443.326933324337,20,13.721099853515625,477.04803317785263,0,0,0,True
B200_180GB_budget,167.63806343078613,4,1,4,4,1,1,bfloat16,1048576,443.326933324337,20,27.221099853515625,490.54803317785263,0,0,0,True
B200_180GB_budget,167.63806343078613,4,1,4,4,1,1,fp8_e4m3,1024,443.326933324337,20,0.234283447265625,463.56121677160263,0,0,0,True
B200_180GB_budget,167.63806343078613,4,1,4,4,1,1,fp8_e4m3,8192,443.326933324337,20,0.326568603515625,463.65350192785263,0,0,0,True
B200_180GB_budget,167.63806343078613,4,1,4,4,1,1,fp8_e4m3,32768,443.326933324337,20,0.642974853515625,463.96990817785263,0,0,0,True
B200_180GB_budget,167.63806343078613,4,1,4,4,1,1,fp8_e4m3,131072,443.326933324337,20,1.908599853515625,465.23553317785263,0,0,0,True
B200_180GB_budget,167.63806343078613,4,1,4,4,1,1,fp8_e4m3,524288,443.326933324337,20,6.971099853515625,470.29803317785263,0,0,0,True
B200_180GB_budget,167.63806343078613,4,1,4,4,1,1,fp8_e4m3,1048576,443.326933324337,20,13.721099853515625,477.04803317785263,0,0,0,True
B200_180GB_budget,167.63806343078613,4,2,2,4,1,1,bfloat16,1024,407.82124823331833,20,0.1369171142578125,427.95816534757614,0,0,0,True
B200_180GB_budget,167.63806343078613,4,2,2,4,1,1,bfloat16,8192,407.82124823331833,20,0.3214874267578125,428.14273566007614,0,0,0,True
B200_180GB_budget,167.63806343078613,4,2,2,4,1,1,bfloat16,32768,407.82124823331833,20,0.9542999267578125,428.77554816007614,0,0,0,True
B200_180GB_budget,167.63806343078613,4,2,2,4,1,1,bfloat16,131072,407.82124823331833,20,3.4855499267578125,431.30679816007614,0,0,0,True
B200_180GB_budget,167.63806343078613,4,2,2,4,1,1,bfloat16,524288,407.82124823331833,20,13.610549926757812,441.43179816007614,0,0,0,True
B200_180GB_budget,167.63806343078613,4,2,2,4,1,1,bfloat16,1048576,407.82124823331833,20,27.110549926757812,454.93179816007614,0,0,0,True
B200_180GB_budget,167.63806343078613,4,2,2,4,1,1,fp8_e4m3,1024,407.82124823331833,20,0.1237335205078125,427.94498175382614,0,0,0,True
B200_180GB_budget,167.63806343078613,4,2,2,4,1,1,fp8_e4m3,8192,407.82124823331833,20,0.2160186767578125,428.03726691007614,0,0,0,True
B200_180GB_budget,167.63806343078613,4,2,2,4,1,1,fp8_e4m3,32768,407.82124823331833,20,0.5324249267578125,428.35367316007614,0,0,0,True
B200_180GB_budget,167.63806343078613,4,2,2,4,1,1,fp8_e4m3,131072,407.82124823331833,20,1.7980499267578125,429.61929816007614,0,0,0,True
B200_180GB_budget,167.63806343078613,4,2,2,4,1,1,fp8_e4m3,524288,407.82124823331833,20,6.8605499267578125,434.68179816007614,0,0,0,True
B200_180GB_budget,167.63806343078613,4,2,2,4,1,1,fp8_e4m3,1048576,407.82124823331833,20,13.610549926757812,441.43179816007614,0,0,0,True
B200_180GB_budget,167.63806343078613,4,2,2,4,1,2,bfloat16,1024,407.82124823331833,20,0.1237335205078125,427.94498175382614,0,0,0,False
B200_180GB_budget,167.63806343078613,4,2,2,4,1,2,bfloat16,8192,407.82124823331833,20,0.2160186767578125,428.03726691007614,0,0,0,False
B200_180GB_budget,167.63806343078613,4,2,2,4,1,2,bfloat16,32768,407.82124823331833,20,0.5324249267578125,428.35367316007614,0,0,0,False
B200_180GB_budget,167.63806343078613,4,2,2,4,1,2,bfloat16,131072,407.82124823331833,20,1.7980499267578125,429.61929816007614,0,0,0,False
B200_180GB_budget,167.63806343078613,4,2,2,4,1,2,bfloat16,524288,407.82124823331833,20,6.8605499267578125,434.68179816007614,0,0,0,False
B200_180GB_budget,167.63806343078613,4,2,2,4,1,2,bfloat16,1048576,407.82124823331833,20,13.610549926757812,441.43179816007614,0,0,0,False
B200_180GB_budget,167.63806343078613,4,2,2,4,1,2,fp8_e4m3,1024,407.82124823331833,20,0.1171417236328125,427.93838995695114,0,0,0,False
B200_180GB_budget,167.63806343078613,4,2,2,4,1,2,fp8_e4m3,8192,407.82124823331833,20,0.1632843017578125,427.98453253507614,0,0,0,False
B200_180GB_budget,167.63806343078613,4,2,2,4,1,2,fp8_e4m3,32768,407.82124823331833,20,0.3214874267578125,428.14273566007614,0,0,0,False
B200_180GB_budget,167.63806343078613,4,2,2,4,1,2,fp8_e4m3,131072,407.82124823331833,20,0.9542999267578125,428.77554816007614,0,0,0,False
B200_180GB_budget,167.63806343078613,4,2,2,4,1,2,fp8_e4m3,524288,407.82124823331833,20,3.4855499267578125,431.30679816007614,0,0,0,False
B200_180GB_budget,167.63806343078613,4,2,2,4,1,2,fp8_e4m3,1048576,407.82124823331833,20,6.8605499267578125,434.68179816007614,0,0,0,False
B200_180GB_budget,167.63806343078613,4,4,1,4,1,1,bfloat16,1024,390.068405687809,20,0.08164215087890625,410.1500478386879,0,0,0,True
B200_180GB_budget,167.63806343078613,4,4,1,4,1,1,bfloat16,8192,390.068405687809,20,0.26621246337890625,410.3346181511879,0,0,0,True
B200_180GB_budget,167.63806343078613,4,4,1,4,1,1,bfloat16,32768,390.068405687809,20,0.8990249633789062,410.9674306511879,0,0,0,True
B200_180GB_budget,167.63806343078613,4,4,1,4,1,1,bfloat16,131072,390.068405687809,20,3.4302749633789062,413.4986806511879,0,0,0,True
B200_180GB_budget,167.63806343078613,4,4,1,4,1,1,bfloat16,524288,390.068405687809,20,13.555274963378906,423.6236806511879,0,0,0,True
B200_180GB_budget,167.63806343078613,4,4,1,4,1,1,bfloat16,1048576,390.068405687809,20,27.055274963378906,437.1236806511879,0,0,0,True
B200_180GB_budget,167.63806343078613,4,4,1,4,1,1,fp8_e4m3,1024,390.068405687809,20,0.06845855712890625,410.1368642449379,0,0,0,True
B200_180GB_budget,167.63806343078613,4,4,1,4,1,1,fp8_e4m3,8192,390.068405687809,20,0.16074371337890625,410.2291494011879,0,0,0,True
B200_180GB_budget,167.63806343078613,4,4,1,4,1,1,fp8_e4m3,32768,390.068405687809,20,0.47714996337890625,410.5455556511879,0,0,0,True
B200_180GB_budget,167.63806343078613,4,4,1,4,1,1,fp8_e4m3,131072,390.068405687809,20,1.7427749633789062,411.8111806511879,0,0,0,True
B200_180GB_budget,167.63806343078613,4,4,1,4,1,1,fp8_e4m3,524288,390.068405687809,20,6.805274963378906,416.8736806511879,0,0,0,True
B200_180GB_budget,167.63806343078613,4,4,1,4,1,1,fp8_e4m3,1048576,390.068405687809,20,13.555274963378906,423.6236806511879,0,0,0,True
B200_180GB_budget,167.63806343078613,4,4,1,4,1,2,bfloat16,1024,390.068405687809,20,0.06845855712890625,410.1368642449379,0,0,0,False
B200_180GB_budget,167.63806343078613,4,4,1,4,1,2,bfloat16,8192,390.068405687809,20,0.16074371337890625,410.2291494011879,0,0,0,False
B200_180GB_budget,167.63806343078613,4,4,1,4,1,2,bfloat16,32768,390.068405687809,20,0.47714996337890625,410.5455556511879,0,0,0,False
B200_180GB_budget,167.63806343078613,4,4,1,4,1,2,bfloat16,131072,390.068405687809,20,1.7427749633789062,411.8111806511879,0,0,0,False
B200_180GB_budget,167.63806343078613,4,4,1,4,1,2,bfloat16,524288,390.068405687809,20,6.805274963378906,416.8736806511879,0,0,0,False
B200_180GB_budget,167.63806343078613,4,4,1,4,1,2,bfloat16,1048576,390.068405687809,20,13.555274963378906,423.6236806511879,0,0,0,False
B200_180GB_budget,167.63806343078613,4,4,1,4,1,2,fp8_e4m3,1024,390.068405687809,20,0.06186676025390625,410.1302724480629,0,0,0,False
B200_180GB_budget,167.63806343078613,4,4,1,4,1,2,fp8_e4m3,8192,390.068405687809,20,0.10800933837890625,410.1764150261879,0,0,0,False
B200_180GB_budget,167.63806343078613,4,4,1,4,1,2,fp8_e4m3,32768,390.068405687809,20,0.26621246337890625,410.3346181511879,0,0,0,False
B200_180GB_budget,167.63806343078613,4,4,1,4,1,2,fp8_e4m3,131072,390.068405687809,20,0.8990249633789062,410.9674306511879,0,0,0,False
B200_180GB_budget,167.63806343078613,4,4,1,4,1,2,fp8_e4m3,524288,390.068405687809,20,3.4302749633789062,413.4986806511879,0,0,0,False
B200_180GB_budget,167.63806343078613,4,4,1,4,1,2,fp8_e4m3,1048576,390.068405687809,20,6.805274963378906,416.8736806511879,0,0,0,False
B200_180GB_budget,167.63806343078613,4,4,1,4,1,4,bfloat16,1024,390.068405687809,20,0.06186676025390625,410.1302724480629,0,0,0,False
B200_180GB_budget,167.63806343078613,4,4,1,4,1,4,bfloat16,8192,390.068405687809,20,0.10800933837890625,410.1764150261879,0,0,0,False
B200_180GB_budget,167.63806343078613,4,4,1,4,1,4,bfloat16,32768,390.068405687809,20,0.26621246337890625,410.3346181511879,0,0,0,False
B200_180GB_budget,167.63806343078613,4,4,1,4,1,4,bfloat16,131072,390.068405687809,20,0.8990249633789062,410.9674306511879,0,0,0,False
B200_180GB_budget,167.63806343078613,4,4,1,4,1,4,bfloat16,524288,390.068405687809,20,3.4302749633789062,413.4986806511879,0,0,0,False
B200_180GB_budget,167.63806343078613,4,4,1,4,1,4,bfloat16,1048576,390.068405687809,20,6.805274963378906,416.8736806511879,0,0,0,False
B200_180GB_budget,167.63806343078613,4,4,1,4,1,4,fp8_e4m3,1024,390.068405687809,20,0.05857086181640625,410.1269765496254,0,0,0,False
B200_180GB_budget,167.63806343078613,4,4,1,4,1,4,fp8_e4m3,8192,390.068405687809,20,0.08164215087890625,410.1500478386879,0,0,0,False
B200_180GB_budget,167.63806343078613,4,4,1,4,1,4,fp8_e4m3,32768,390.068405687809,20,0.16074371337890625,410.2291494011879,0,0,0,False
B200_180GB_budget,167.63806343078613,4,4,1,4,1,4,fp8_e4m3,131072,390.068405687809,20,0.47714996337890625,410.5455556511879,0,0,0,False
B200_180GB_budget,167.63806343078613,4,4,1,4,1,4,fp8_e4m3,524288,390.068405687809,20,1.7427749633789062,411.8111806511879,0,0,0,False
B200_180GB_budget,167.63806343078613,4,4,1,4,1,4,fp8_e4m3,1048576,390.068405687809,20,3.4302749633789062,413.4986806511879,0,0,0,False
B200_180GB_budget,167.63806343078613,8,1,8,8,1,1,bfloat16,1024,274.9372925758362,20,0.247467041015625,295.1847596168518,0,0,0,True
B200_180GB_budget,167.63806343078613,8,1,8,8,1,1,bfloat16,8192,274.9372925758362,20,0.432037353515625,295.3693299293518,0,0,0,True
B200_180GB_budget,167.63806343078613,8,1,8,8,1,1,bfloat16,32768,274.9372925758362,20,1.064849853515625,296.0021424293518,0,0,0,True
B200_180GB_budget,167.63806343078613,8,1,8,8,1,1,bfloat16,131072,274.9372925758362,20,3.596099853515625,298.5333924293518,0,0,0,True
B200_180GB_budget,167.63806343078613,8,1,8,8,1,1,bfloat16,524288,274.9372925758362,20,13.721099853515625,308.6583924293518,0,0,0,True
B200_180GB_budget,167.63806343078613,8,1,8,8,1,1,bfloat16,1048576,274.9372925758362,20,27.221099853515625,322.1583924293518,0,0,0,True
B200_180GB_budget,167.63806343078613,8,1,8,8,1,1,fp8_e4m3,1024,274.9372925758362,20,0.234283447265625,295.1715760231018,0,0,0,True
B200_180GB_budget,167.63806343078613,8,1,8,8,1,1,fp8_e4m3,8192,274.9372925758362,20,0.326568603515625,295.2638611793518,0,0,0,True
B200_180GB_budget,167.63806343078613,8,1,8,8,1,1,fp8_e4m3,32768,274.9372925758362,20,0.642974853515625,295.5802674293518,0,0,0,True
B200_180GB_budget,167.63806343078613,8,1,8,8,1,1,fp8_e4m3,131072,274.9372925758362,20,1.908599853515625,296.8458924293518,0,0,0,True
B200_180GB_budget,167.63806343078613,8,1,8,8,1,1,fp8_e4m3,524288,274.9372925758362,20,6.971099853515625,301.9083924293518,0,0,0,True
B200_180GB_budget,167.63806343078613,8,1,8,8,1,1,fp8_e4m3,1048576,274.9372925758362,20,13.721099853515625,308.6583924293518,0,0,0,True
B200_180GB_budget,167.63806343078613,8,2,4,8,1,1,bfloat16,1024,239.4316074848175,20,0.1369171142578125,259.5685245990753,0,0,0,True
B200_180GB_budget,167.63806343078613,8,2,4,8,1,1,bfloat16,8192,239.4316074848175,20,0.3214874267578125,259.7530949115753,0,0,0,True
B200_180GB_budget,167.63806343078613,8,2,4,8,1,1,bfloat16,32768,239.4316074848175,20,0.9542999267578125,260.3859074115753,0,0,0,True
B200_180GB_budget,167.63806343078613,8,2,4,8,1,1,bfloat16,131072,239.4316074848175,20,3.4855499267578125,262.9171574115753,0,0,0,True
B200_180GB_budget,167.63806343078613,8,2,4,8,1,1,bfloat16,524288,239.4316074848175,20,13.610549926757812,273.0421574115753,0,0,0,True
B200_180GB_budget,167.63806343078613,8,2,4,8,1,1,bfloat16,1048576,239.4316074848175,20,27.110549926757812,286.5421574115753,0,0,0,True
B200_180GB_budget,167.63806343078613,8,2,4,8,1,1,fp8_e4m3,1024,239.4316074848175,20,0.1237335205078125,259.5553410053253,0,0,0,True
B200_180GB_budget,167.63806343078613,8,2,4,8,1,1,fp8_e4m3,8192,239.4316074848175,20,0.2160186767578125,259.6476261615753,0,0,0,True
B200_180GB_budget,167.63806343078613,8,2,4,8,1,1,fp8_e4m3,32768,239.4316074848175,20,0.5324249267578125,259.9640324115753,0,0,0,True
B200_180GB_budget,167.63806343078613,8,2,4,8,1,1,fp8_e4m3,131072,239.4316074848175,20,1.7980499267578125,261.2296574115753,0,0,0,True
B200_180GB_budget,167.63806343078613,8,2,4,8,1,1,fp8_e4m3,524288,239.4316074848175,20,6.8605499267578125,266.2921574115753,0,0,0,True
B200_180GB_budget,167.63806343078613,8,2,4,8,1,1,fp8_e4m3,1048576,239.4316074848175,20,13.610549926757812,273.0421574115753,0,0,0,True
B200_180GB_budget,167.63806343078613,8,2,4,8,1,2,bfloat16,1024,239.4316074848175,20,0.1237335205078125,259.5553410053253,0,0,0,False
B200_180GB_budget,167.63806343078613,8,2,4,8,1,2,bfloat16,8192,239.4316074848175,20,0.2160186767578125,259.6476261615753,0,0,0,False
B200_180GB_budget,167.63806343078613,8,2,4,8,1,2,bfloat16,32768,239.4316074848175,20,0.5324249267578125,259.9640324115753,0,0,0,False
B200_180GB_budget,167.63806343078613,8,2,4,8,1,2,bfloat16,131072,239.4316074848175,20,1.7980499267578125,261.2296574115753,0,0,0,False
B200_180GB_budget,167.63806343078613,8,2,4,8,1,2,bfloat16,524288,239.4316074848175,20,6.8605499267578125,266.2921574115753,0,0,0,False
B200_180GB_budget,167.63806343078613,8,2,4,8,1,2,bfloat16,1048576,239.4316074848175,20,13.610549926757812,273.0421574115753,0,0,0,False
B200_180GB_budget,167.63806343078613,8,2,4,8,1,2,fp8_e4m3,1024,239.4316074848175,20,0.1171417236328125,259.5487492084503,0,0,0,False
B200_180GB_budget,167.63806343078613,8,2,4,8,1,2,fp8_e4m3,8192,239.4316074848175,20,0.1632843017578125,259.5948917865753,0,0,0,False
B200_180GB_budget,167.63806343078613,8,2,4,8,1,2,fp8_e4m3,32768,239.4316074848175,20,0.3214874267578125,259.7530949115753,0,0,0,False
B200_180GB_budget,167.63806343078613,8,2,4,8,1,2,fp8_e4m3,131072,239.4316074848175,20,0.9542999267578125,260.3859074115753,0,0,0,False
B200_180GB_budget,167.63806343078613,8,2,4,8,1,2,fp8_e4m3,524288,239.4316074848175,20,3.4855499267578125,262.9171574115753,0,0,0,False
B200_180GB_budget,167.63806343078613,8,2,4,8,1,2,fp8_e4m3,1048576,239.4316074848175,20,6.8605499267578125,266.2921574115753,0,0,0,False
B200_180GB_budget,167.63806343078613,8,4,2,8,1,1,bfloat16,1024,221.67876493930817,20,0.08164215087890625,241.76040709018707,0,0,0,True
B200_180GB_budget,167.63806343078613,8,4,2,8,1,1,bfloat16,8192,221.67876493930817,20,0.26621246337890625,241.94497740268707,0,0,0,True
B200_180GB_budget,167.63806343078613,8,4,2,8,1,1,bfloat16,32768,221.67876493930817,20,0.8990249633789062,242.57778990268707,0,0,0,True
B200_180GB_budget,167.63806343078613,8,4,2,8,1,1,bfloat16,131072,221.67876493930817,20,3.4302749633789062,245.10903990268707,0,0,0,True
B200_180GB_budget,167.63806343078613,8,4,2,8,1,1,bfloat16,524288,221.67876493930817,20,13.555274963378906,255.23403990268707,0,0,0,True
B200_180GB_budget,167.63806343078613,8,4,2,8,1,1,bfloat16,1048576,221.67876493930817,20,27.055274963378906,268.7340399026871,0,0,0,True
B200_180GB_budget,167.63806343078613,8,4,2,8,1,1,fp8_e4m3,1024,221.67876493930817,20,0.06845855712890625,241.74722349643707,0,0,0,True
B200_180GB_budget,167.63806343078613,8,4,2,8,1,1,fp8_e4m3,8192,221.67876493930817,20,0.16074371337890625,241.83950865268707,0,0,0,True
B200_180GB_budget,167.63806343078613,8,4,2,8,1,1,fp8_e4m3,32768,221.67876493930817,20,0.47714996337890625,242.15591490268707,0,0,0,True
B200_180GB_budget,167.63806343078613,8,4,2,8,1,1,fp8_e4m3,131072,221.67876493930817,20,1.7427749633789062,243.42153990268707,0,0,0,True
B200_180GB_budget,167.63806343078613,8,4,2,8,1,1,fp8_e4m3,524288,221.67876493930817,20,6.805274963378906,248.48403990268707,0,0,0,True
B200_180GB_budget,167.63806343078613,8,4,2,8,1,1,fp8_e4m3,1048576,221.67876493930817,20,13.555274963378906,255.23403990268707,0,0,0,True
B200_180GB_budget,167.63806343078613,8,4,2,8,1,2,bfloat16,1024,221.67876493930817,20,0.06845855712890625,241.74722349643707,0,0,0,False
B200_180GB_budget,167.63806343078613,8,4,2,8,1,2,bfloat16,8192,221.67876493930817,20,0.16074371337890625,241.83950865268707,0,0,0,False
B200_180GB_budget,167.63806343078613,8,4,2,8,1,2,bfloat16,32768,221.67876493930817,20,0.47714996337890625,242.15591490268707,0,0,0,False
B200_180GB_budget,167.63806343078613,8,4,2,8,1,2,bfloat16,131072,221.67876493930817,20,1.7427749633789062,243.42153990268707,0,0,0,False
B200_180GB_budget,167.63806343078613,8,4,2,8,1,2,bfloat16,524288,221.67876493930817,20,6.805274963378906,248.48403990268707,0,0,0,False
B200_180GB_budget,167.63806343078613,8,4,2,8,1,2,bfloat16,1048576,221.67876493930817,20,13.555274963378906,255.23403990268707,0,0,0,False
B200_180GB_budget,167.63806343078613,8,4,2,8,1,2,fp8_e4m3,1024,221.67876493930817,20,0.06186676025390625,241.74063169956207,0,0,0,False
B200_180GB_budget,167.63806343078613,8,4,2,8,1,2,fp8_e4m3,8192,221.67876493930817,20,0.10800933837890625,241.78677427768707,0,0,0,False
B200_180GB_budget,167.63806343078613,8,4,2,8,1,2,fp8_e4m3,32768,221.67876493930817,20,0.26621246337890625,241.94497740268707,0,0,0,False
B200_180GB_budget,167.63806343078613,8,4,2,8,1,2,fp8_e4m3,131072,221.67876493930817,20,0.8990249633789062,242.57778990268707,0,0,0,False
B200_180GB_budget,167.63806343078613,8,4,2,8,1,2,fp8_e4m3,524288,221.67876493930817,20,3.4302749633789062,245.10903990268707,0,0,0,False
B200_180GB_budget,167.63806343078613,8,4,2,8,1,2,fp8_e4m3,1048576,221.67876493930817,20,6.805274963378906,248.48403990268707,0,0,0,False
B200_180GB_budget,167.63806343078613,8,4,2,8,1,4,bfloat16,1024,221.67876493930817,20,0.06186676025390625,241.74063169956207,0,0,0,False
B200_180GB_budget,167.63806343078613,8,4,2,8,1,4,bfloat16,8192,221.67876493930817,20,0.10800933837890625,241.78677427768707,0,0,0,False
B200_180GB_budget,167.63806343078613,8,4,2,8,1,4,bfloat16,32768,221.67876493930817,20,0.26621246337890625,241.94497740268707,0,0,0,False
B200_180GB_budget,167.63806343078613,8,4,2,8,1,4,bfloat16,131072,221.67876493930817,20,0.8990249633789062,242.57778990268707,0,0,0,False
B200_180GB_budget,167.63806343078613,8,4,2,8,1,4,bfloat16,524288,221.67876493930817,20,3.4302749633789062,245.10903990268707,0,0,0,False
B200_180GB_budget,167.63806343078613,8,4,2,8,1,4,bfloat16,1048576,221.67876493930817,20,6.805274963378906,248.48403990268707,0,0,0,False
B200_180GB_budget,167.63806343078613,8,4,2,8,1,4,fp8_e4m3,1024,221.67876493930817,20,0.05857086181640625,241.73733580112457,0,0,0,False
B200_180GB_budget,167.63806343078613,8,4,2,8,1,4,fp8_e4m3,8192,221.67876493930817,20,0.08164215087890625,241.76040709018707,0,0,0,False
B200_180GB_budget,167.63806343078613,8,4,2,8,1,4,fp8_e4m3,32768,221.67876493930817,20,0.16074371337890625,241.83950865268707,0,0,0,False
B200_180GB_budget,167.63806343078613,8,4,2,8,1,4,fp8_e4m3,131072,221.67876493930817,20,0.47714996337890625,242.15591490268707,0,0,0,False
B200_180GB_budget,167.63806343078613,8,4,2,8,1,4,fp8_e4m3,524288,221.67876493930817,20,1.7427749633789062,243.42153990268707,0,0,0,False
B200_180GB_budget,167.63806343078613,8,4,2,8,1,4,fp8_e4m3,1048576,221.67876493930817,20,3.4302749633789062,245.10903990268707,0,0,0,False
B200_180GB_budget,167.63806343078613,8,8,1,8,1,1,bfloat16,1024,212.8023436665535,20,0.054004669189453125,232.85634833574295,0,0,0,True
B200_180GB_budget,167.63806343078613,8,8,1,8,1,1,bfloat16,8192,212.8023436665535,20,0.23857498168945312,233.04091864824295,0,0,0,True
B200_180GB_budget,167.63806343078613,8,8,1,8,1,1,bfloat16,32768,212.8023436665535,20,0.8713874816894531,233.67373114824295,0,0,0,True
B200_180GB_budget,167.63806343078613,8,8,1,8,1,1,bfloat16,131072,212.8023436665535,20,3.402637481689453,236.20498114824295,0,0,0,True
B200_180GB_budget,167.63806343078613,8,8,1,8,1,1,bfloat16,524288,212.8023436665535,20,13.527637481689453,246.32998114824295,0,0,0,True
B200_180GB_budget,167.63806343078613,8,8,1,8,1,1,bfloat16,1048576,212.8023436665535,20,27.027637481689453,259.82998114824295,0,0,0,True
B200_180GB_budget,167.63806343078613,8,8,1,8,1,1,fp8_e4m3,1024,212.8023436665535,20,0.040821075439453125,232.84316474199295,0,0,0,True
B200_180GB_budget,167.63806343078613,8,8,1,8,1,1,fp8_e4m3,8192,212.8023436665535,20,0.13310623168945312,232.93544989824295,0,0,0,True
B200_180GB_budget,167.63806343078613,8,8,1,8,1,1,fp8_e4m3,32768,212.8023436665535,20,0.4495124816894531,233.25185614824295,0,0,0,True
B200_180GB_budget,167.63806343078613,8,8,1,8,1,1,fp8_e4m3,131072,212.8023436665535,20,1.7151374816894531,234.51748114824295,0,0,0,True
B200_180GB_budget,167.63806343078613,8,8,1,8,1,1,fp8_e4m3,524288,212.8023436665535,20,6.777637481689453,239.57998114824295,0,0,0,True
B200_180GB_budget,167.63806343078613,8,8,1,8,1,1,fp8_e4m3,1048576,212.8023436665535,20,13.527637481689453,246.32998114824295,0,0,0,True
B200_180GB_budget,167.63806343078613,8,8,1,8,1,2,bfloat16,1024,212.8023436665535,20,0.040821075439453125,232.84316474199295,0,0,0,False
B200_180GB_budget,167.63806343078613,8,8,1,8,1,2,bfloat16,8192,212.8023436665535,20,0.13310623168945312,232.93544989824295,0,0,0,False
B200_180GB_budget,167.63806343078613,8,8,1,8,1,2,bfloat16,32768,212.8023436665535,20,0.4495124816894531,233.25185614824295,0,0,0,False
B200_180GB_budget,167.63806343078613,8,8,1,8,1,2,bfloat16,131072,212.8023436665535,20,1.7151374816894531,234.51748114824295,0,0,0,False
B200_180GB_budget,167.63806343078613,8,8,1,8,1,2,bfloat16,524288,212.8023436665535,20,6.777637481689453,239.57998114824295,0,0,0,False
B200_180GB_budget,167.63806343078613,8,8,1,8,1,2,bfloat16,1048576,212.8023436665535,20,13.527637481689453,246.32998114824295,0,0,0,False
B200_180GB_budget,167.63806343078613,8,8,1,8,1,2,fp8_e4m3,1024,212.8023436665535,20,0.034229278564453125,232.83657294511795,0,0,0,False
B200_180GB_budget,167.63806343078613,8,8,1,8,1,2,fp8_e4m3,8192,212.8023436665535,20,0.08037185668945312,232.88271552324295,0,0,0,False
B200_180GB_budget,167.63806343078613,8,8,1,8,1,2,fp8_e4m3,32768,212.8023436665535,20,0.23857498168945312,233.04091864824295,0,0,0,False
B200_180GB_budget,167.63806343078613,8,8,1,8,1,2,fp8_e4m3,131072,212.8023436665535,20,0.8713874816894531,233.67373114824295,0,0,0,False
B200_180GB_budget,167.63806343078613,8,8,1,8,1,2,fp8_e4m3,524288,212.8023436665535,20,3.402637481689453,236.20498114824295,0,0,0,False
B200_180GB_budget,167.63806343078613,8,8,1,8,1,2,fp8_e4m3,1048576,212.8023436665535,20,6.777637481689453,239.57998114824295,0,0,0,False
B200_180GB_budget,167.63806343078613,8,8,1,8,1,4,bfloat16,1024,212.8023436665535,20,0.034229278564453125,232.83657294511795,0,0,0,False
B200_180GB_budget,167.63806343078613,8,8,1,8,1,4,bfloat16,8192,212.8023436665535,20,0.08037185668945312,232.88271552324295,0,0,0,False
B200_180GB_budget,167.63806343078613,8,8,1,8,1,4,bfloat16,32768,212.8023436665535,20,0.23857498168945312,233.04091864824295,0,0,0,False
B200_180GB_budget,167.63806343078613,8,8,1,8,1,4,bfloat16,131072,212.8023436665535,20,0.8713874816894531,233.67373114824295,0,0,0,False
B200_180GB_budget,167.63806343078613,8,8,1,8,1,4,bfloat16,524288,212.8023436665535,20,3.402637481689453,236.20498114824295,0,0,0,False
B200_180GB_budget,167.63806343078613,8,8,1,8,1,4,bfloat16,1048576,212.8023436665535,20,6.777637481689453,239.57998114824295,0,0,0,False
B200_180GB_budget,167.63806343078613,8,8,1,8,1,4,fp8_e4m3,1024,212.8023436665535,20,0.030933380126953125,232.83327704668045,0,0,0,False
B200_180GB_budget,167.63806343078613,8,8,1,8,1,4,fp8_e4m3,8192,212.8023436665535,20,0.054004669189453125,232.85634833574295,0,0,0,False
B200_180GB_budget,167.63806343078613,8,8,1,8,1,4,fp8_e4m3,32768,212.8023436665535,20,0.13310623168945312,232.93544989824295,0,0,0,False
B200_180GB_budget,167.63806343078613,8,8,1,8,1,4,fp8_e4m3,131072,212.8023436665535,20,0.4495124816894531,233.25185614824295,0,0,0,False
B200_180GB_budget,167.63806343078613,8,8,1,8,1,4,fp8_e4m3,524288,212.8023436665535,20,1.7151374816894531,234.51748114824295,0,0,0,False
B200_180GB_budget,167.63806343078613,8,8,1,8,1,4,fp8_e4m3,1048576,212.8023436665535,20,3.402637481689453,236.20498114824295,0,0,0,False
B200_180GB_budget,167.63806343078613,8,8,1,8,1,8,bfloat16,1024,212.8023436665535,20,0.030933380126953125,232.83327704668045,0,0,0,False
B200_180GB_budget,167.63806343078613,8,8,1,8,1,8,bfloat16,8192,212.8023436665535,20,0.054004669189453125,232.85634833574295,0,0,0,False
B200_180GB_budget,167.63806343078613,8,8,1,8,1,8,bfloat16,32768,212.8023436665535,20,0.13310623168945312,232.93544989824295,0,0,0,False
B200_180GB_budget,167.63806343078613,8,8,1,8,1,8,bfloat16,131072,212.8023436665535,20,0.4495124816894531,233.25185614824295,0,0,0,False
B200_180GB_budget,167.63806343078613,8,8,1,8,1,8,bfloat16,524288,212.8023436665535,20,1.7151374816894531,234.51748114824295,0,0,0,False
B200_180GB_budget,167.63806343078613,8,8,1,8,1,8,bfloat16,1048576,212.8023436665535,20,3.402637481689453,236.20498114824295,0,0,0,False
B200_180GB_budget,167.63806343078613,8,8,1,8,1,8,fp8_e4m3,1024,212.8023436665535,20,0.029285430908203125,232.8316290974617,0,0,0,False
B200_180GB_budget,167.63806343078613,8,8,1,8,1,8,fp8_e4m3,8192,212.8023436665535,20,0.040821075439453125,232.84316474199295,0,0,0,False
B200_180GB_budget,167.63806343078613,8,8,1,8,1,8,fp8_e4m3,32768,212.8023436665535,20,0.08037185668945312,232.88271552324295,0,0,0,False
B200_180GB_budget,167.63806343078613,8,8,1,8,1,8,fp8_e4m3,131072,212.8023436665535,20,0.23857498168945312,233.04091864824295,0,0,0,False
B200_180GB_budget,167.63806343078613,8,8,1,8,1,8,fp8_e4m3,524288,212.8023436665535,20,0.8713874816894531,233.67373114824295,0,0,0,False
B200_180GB_budget,167.63806343078613,8,8,1,8,1,8,fp8_e4m3,1048576,212.8023436665535,20,1.7151374816894531,234.51748114824295,0,0,0,False
B200_180GB_budget,167.63806343078613,16,1,16,16,1,1,bfloat16,1024,190.74247220158577,20,0.247467041015625,210.9899392426014,0,0,0,True
B200_180GB_budget,167.63806343078613,16,1,16,16,1,1,bfloat16,8192,190.74247220158577,20,0.432037353515625,211.1745095551014,0,0,0,True
B200_180GB_budget,167.63806343078613,16,1,16,16,1,1,bfloat16,32768,190.74247220158577,20,1.064849853515625,211.8073220551014,0,0,0,True
B200_180GB_budget,167.63806343078613,16,1,16,16,1,1,bfloat16,131072,190.74247220158577,20,3.596099853515625,214.3385720551014,0,0,0,True
B200_180GB_budget,167.63806343078613,16,1,16,16,1,1,bfloat16,524288,190.74247220158577,20,13.721099853515625,224.4635720551014,0,0,0,True
B200_180GB_budget,167.63806343078613,16,1,16,16,1,1,bfloat16,1048576,190.74247220158577,20,27.221099853515625,237.9635720551014,0,0,0,True
B200_180GB_budget,167.63806343078613,16,1,16,16,1,1,fp8_e4m3,1024,190.74247220158577,20,0.234283447265625,210.9767556488514,0,0,0,True
B200_180GB_budget,167.63806343078613,16,1,16,16,1,1,fp8_e4m3,8192,190.74247220158577,20,0.326568603515625,211.0690408051014,0,0,0,True
B200_180GB_budget,167.63806343078613,16,1,16,16,1,1,fp8_e4m3,32768,190.74247220158577,20,0.642974853515625,211.3854470551014,0,0,0,True
B200_180GB_budget,167.63806343078613,16,1,16,16,1,1,fp8_e4m3,131072,190.74247220158577,20,1.908599853515625,212.6510720551014,0,0,0,True
B200_180GB_budget,167.63806343078613,16,1,16,16,1,1,fp8_e4m3,524288,190.74247220158577,20,6.971099853515625,217.7135720551014,0,0,0,True
B200_180GB_budget,167.63806343078613,16,1,16,16,1,1,fp8_e4m3,1048576,190.74247220158577,20,13.721099853515625,224.4635720551014,0,0,0,True
B200_180GB_budget,167.63806343078613,16,2,8,16,1,1,bfloat16,1024,155.2367871105671,20,0.1369171142578125,175.3737042248249,0,0,0,True
B200_180GB_budget,167.63806343078613,16,2,8,16,1,1,bfloat16,8192,155.2367871105671,20,0.3214874267578125,175.5582745373249,0,0,0,True
B200_180GB_budget,167.63806343078613,16,2,8,16,1,1,bfloat16,32768,155.2367871105671,20,0.9542999267578125,176.1910870373249,0,0,0,True
B200_180GB_budget,167.63806343078613,16,2,8,16,1,1,bfloat16,131072,155.2367871105671,20,3.4855499267578125,178.7223370373249,0,0,0,True
B200_180GB_budget,167.63806343078613,16,2,8,16,1,1,bfloat16,524288,155.2367871105671,20,13.610549926757812,188.8473370373249,0,0,0,True
B200_180GB_budget,167.63806343078613,16,2,8,16,1,1,bfloat16,1048576,155.2367871105671,20,27.110549926757812,202.3473370373249,0,0,0,True
B200_180GB_budget,167.63806343078613,16,2,8,16,1,1,fp8_e4m3,1024,155.2367871105671,20,0.1237335205078125,175.3605206310749,0,0,0,True
B200_180GB_budget,167.63806343078613,16,2,8,16,1,1,fp8_e4m3,8192,155.2367871105671,20,0.2160186767578125,175.4528057873249,0,0,0,True
B200_180GB_budget,167.63806343078613,16,2,8,16,1,1,fp8_e4m3,32768,155.2367871105671,20,0.5324249267578125,175.7692120373249,0,0,0,True
B200_180GB_budget,167.63806343078613,16,2,8,16,1,1,fp8_e4m3,131072,155.2367871105671,20,1.7980499267578125,177.0348370373249,0,0,0,True
B200_180GB_budget,167.63806343078613,16,2,8,16,1,1,fp8_e4m3,524288,155.2367871105671,20,6.8605499267578125,182.0973370373249,0,0,0,True
B200_180GB_budget,167.63806343078613,16,2,8,16,1,1,fp8_e4m3,1048576,155.2367871105671,20,13.610549926757812,188.8473370373249,0,0,0,True
B200_180GB_budget,167.63806343078613,16,2,8,16,1,2,bfloat16,1024,155.2367871105671,20,0.1237335205078125,175.3605206310749,0,0,0,False
B200_180GB_budget,167.63806343078613,16,2,8,16,1,2,bfloat16,8192,155.2367871105671,20,0.2160186767578125,175.4528057873249,0,0,0,False
B200_180GB_budget,167.63806343078613,16,2,8,16,1,2,bfloat16,32768,155.2367871105671,20,0.5324249267578125,175.7692120373249,0,0,0,False
B200_180GB_budget,167.63806343078613,16,2,8,16,1,2,bfloat16,131072,155.2367871105671,20,1.7980499267578125,177.0348370373249,0,0,0,False
B200_180GB_budget,167.63806343078613,16,2,8,16,1,2,bfloat16,524288,155.2367871105671,20,6.8605499267578125,182.0973370373249,0,0,0,False
B200_180GB_budget,167.63806343078613,16,2,8,16,1,2,bfloat16,1048576,155.2367871105671,20,13.610549926757812,188.8473370373249,0,0,0,False
B200_180GB_budget,167.63806343078613,16,2,8,16,1,2,fp8_e4m3,1024,155.2367871105671,20,0.1171417236328125,175.3539288341999,0,0,0,False
B200_180GB_budget,167.63806343078613,16,2,8,16,1,2,fp8_e4m3,8192,155.2367871105671,20,0.1632843017578125,175.4000714123249,0,0,0,False
B200_180GB_budget,167.63806343078613,16,2,8,16,1,2,fp8_e4m3,32768,155.2367871105671,20,0.3214874267578125,175.5582745373249,0,0,0,False
B200_180GB_budget,167.63806343078613,16,2,8,16,1,2,fp8_e4m3,131072,155.2367871105671,20,0.9542999267578125,176.1910870373249,0,0,0,False
B200_180GB_budget,167.63806343078613,16,2,8,16,1,2,fp8_e4m3,524288,155.2367871105671,20,3.4855499267578125,178.7223370373249,0,0,0,False
B200_180GB_budget,167.63806343078613,16,2,8,16,1,2,fp8_e4m3,1048576,155.2367871105671,20,6.8605499267578125,182.0973370373249,0,0,0,False
B200_180GB_budget,167.63806343078613,16,4,4,16,1,1,bfloat16,1024,137.48394456505775,20,0.08164215087890625,157.56558671593666,124,496,507904,True
B200_180GB_budget,167.63806343078613,16,4,4,16,1,1,bfloat16,8192,137.48394456505775,20,0.26621246337890625,157.75015702843666,38,152,1245184,True
B200_180GB_budget,167.63806343078613,16,4,4,16,1,1,bfloat16,32768,137.48394456505775,20,0.8990249633789062,158.38296952843666,11,44,1441792,True
B200_180GB_budget,167.63806343078613,16,4,4,16,1,1,bfloat16,131072,137.48394456505775,20,3.4302749633789062,160.91421952843666,2,8,1048576,True
B200_180GB_budget,167.63806343078613,16,4,4,16,1,1,bfloat16,524288,137.48394456505775,20,13.555274963378906,171.03921952843666,0,0,0,True
B200_180GB_budget,167.63806343078613,16,4,4,16,1,1,bfloat16,1048576,137.48394456505775,20,27.055274963378906,184.53921952843666,0,0,0,True
B200_180GB_budget,167.63806343078613,16,4,4,16,1,1,fp8_e4m3,1024,137.48394456505775,20,0.06845855712890625,157.55240312218666,148,592,606208,True
B200_180GB_budget,167.63806343078613,16,4,4,16,1,1,fp8_e4m3,8192,137.48394456505775,20,0.16074371337890625,157.64468827843666,63,252,2064384,True
B200_180GB_budget,167.63806343078613,16,4,4,16,1,1,fp8_e4m3,32768,137.48394456505775,20,0.47714996337890625,157.96109452843666,21,84,2752512,True
B200_180GB_budget,167.63806343078613,16,4,4,16,1,1,fp8_e4m3,131072,137.48394456505775,20,1.7427749633789062,159.22671952843666,5,20,2621440,True
B200_180GB_budget,167.63806343078613,16,4,4,16,1,1,fp8_e4m3,524288,137.48394456505775,20,6.805274963378906,164.28921952843666,1,4,2097152,True
B200_180GB_budget,167.63806343078613,16,4,4,16,1,1,fp8_e4m3,1048576,137.48394456505775,20,13.555274963378906,171.03921952843666,0,0,0,True
B200_180GB_budget,167.63806343078613,16,4,4,16,1,2,bfloat16,1024,137.48394456505775,20,0.06845855712890625,157.55240312218666,148,592,606208,False
B200_180GB_budget,167.63806343078613,16,4,4,16,1,2,bfloat16,8192,137.48394456505775,20,0.16074371337890625,157.64468827843666,63,252,2064384,False
B200_180GB_budget,167.63806343078613,16,4,4,16,1,2,bfloat16,32768,137.48394456505775,20,0.47714996337890625,157.96109452843666,21,84,2752512,False
B200_180GB_budget,167.63806343078613,16,4,4,16,1,2,bfloat16,131072,137.48394456505775,20,1.7427749633789062,159.22671952843666,5,20,2621440,False
B200_180GB_budget,167.63806343078613,16,4,4,16,1,2,bfloat16,524288,137.48394456505775,20,6.805274963378906,164.28921952843666,1,4,2097152,False
B200_180GB_budget,167.63806343078613,16,4,4,16,1,2,bfloat16,1048576,137.48394456505775,20,13.555274963378906,171.03921952843666,0,0,0,False
B200_180GB_budget,167.63806343078613,16,4,4,16,1,2,fp8_e4m3,1024,137.48394456505775,20,0.06186676025390625,157.54581132531166,164,656,671744,False
B200_180GB_budget,167.63806343078613,16,4,4,16,1,2,fp8_e4m3,8192,137.48394456505775,20,0.10800933837890625,157.59195390343666,94,376,3080192,False
B200_180GB_budget,167.63806343078613,16,4,4,16,1,2,fp8_e4m3,32768,137.48394456505775,20,0.26621246337890625,157.75015702843666,38,152,4980736,False
B200_180GB_budget,167.63806343078613,16,4,4,16,1,2,fp8_e4m3,131072,137.48394456505775,20,0.8990249633789062,158.38296952843666,11,44,5767168,False
B200_180GB_budget,167.63806343078613,16,4,4,16,1,2,fp8_e4m3,524288,137.48394456505775,20,3.4302749633789062,160.91421952843666,2,8,4194304,False
B200_180GB_budget,167.63806343078613,16,4,4,16,1,2,fp8_e4m3,1048576,137.48394456505775,20,6.805274963378906,164.28921952843666,1,4,4194304,False
B200_180GB_budget,167.63806343078613,16,4,4,16,1,4,bfloat16,1024,137.48394456505775,20,0.06186676025390625,157.54581132531166,164,656,671744,False
B200_180GB_budget,167.63806343078613,16,4,4,16,1,4,bfloat16,8192,137.48394456505775,20,0.10800933837890625,157.59195390343666,94,376,3080192,False
B200_180GB_budget,167.63806343078613,16,4,4,16,1,4,bfloat16,32768,137.48394456505775,20,0.26621246337890625,157.75015702843666,38,152,4980736,False
B200_180GB_budget,167.63806343078613,16,4,4,16,1,4,bfloat16,131072,137.48394456505775,20,0.8990249633789062,158.38296952843666,11,44,5767168,False
B200_180GB_budget,167.63806343078613,16,4,4,16,1,4,bfloat16,524288,137.48394456505775,20,3.4302749633789062,160.91421952843666,2,8,4194304,False
B200_180GB_budget,167.63806343078613,16,4,4,16,1,4,bfloat16,1048576,137.48394456505775,20,6.805274963378906,164.28921952843666,1,4,4194304,False
B200_180GB_budget,167.63806343078613,16,4,4,16,1,4,fp8_e4m3,1024,137.48394456505775,20,0.05857086181640625,157.54251542687416,173,692,708608,False
B200_180GB_budget,167.63806343078613,16,4,4,16,1,4,fp8_e4m3,8192,137.48394456505775,20,0.08164215087890625,157.56558671593666,124,496,4063232,False
B200_180GB_budget,167.63806343078613,16,4,4,16,1,4,fp8_e4m3,32768,137.48394456505775,20,0.16074371337890625,157.64468827843666,63,252,8257536,False
B200_180GB_budget,167.63806343078613,16,4,4,16,1,4,fp8_e4m3,131072,137.48394456505775,20,0.47714996337890625,157.96109452843666,21,84,11010048,False
B200_180GB_budget,167.63806343078613,16,4,4,16,1,4,fp8_e4m3,524288,137.48394456505775,20,1.7427749633789062,159.22671952843666,5,20,10485760,False
B200_180GB_budget,167.63806343078613,16,4,4,16,1,4,fp8_e4m3,1048576,137.48394456505775,20,3.4302749633789062,160.91421952843666,2,8,8388608,False
B200_180GB_budget,167.63806343078613,16,8,2,16,1,1,bfloat16,1024,128.60752329230309,20,0.054004669189453125,148.66152796149254,352,704,720896,True
B200_180GB_budget,167.63806343078613,16,8,2,16,1,1,bfloat16,8192,128.60752329230309,20,0.23857498168945312,148.84609827399254,79,158,1294336,True
B200_180GB_budget,167.63806343078613,16,8,2,16,1,1,bfloat16,32768,128.60752329230309,20,0.8713874816894531,149.47891077399254,21,42,1376256,True
B200_180GB_budget,167.63806343078613,16,8,2,16,1,1,bfloat16,131072,128.60752329230309,20,3.402637481689453,152.01016077399254,5,10,1310720,True
B200_180GB_budget,167.63806343078613,16,8,2,16,1,1,bfloat16,524288,128.60752329230309,20,13.527637481689453,162.13516077399254,1,2,1048576,True
B200_180GB_budget,167.63806343078613,16,8,2,16,1,1,bfloat16,1048576,128.60752329230309,20,27.027637481689453,175.63516077399254,0,0,0,True
B200_180GB_budget,167.63806343078613,16,8,2,16,1,1,fp8_e4m3,1024,128.60752329230309,20,0.040821075439453125,148.64834436774254,466,932,954368,True
B200_180GB_budget,167.63806343078613,16,8,2,16,1,1,fp8_e4m3,8192,128.60752329230309,20,0.13310623168945312,148.74062952399254,142,284,2326528,True
B200_180GB_budget,167.63806343078613,16,8,2,16,1,1,fp8_e4m3,32768,128.60752329230309,20,0.4495124816894531,149.05703577399254,42,84,2752512,True
B200_180GB_budget,167.63806343078613,16,8,2,16,1,1,fp8_e4m3,131072,128.60752329230309,20,1.7151374816894531,150.32266077399254,11,22,2883584,True
B200_180GB_budget,167.63806343078613,16,8,2,16,1,1,fp8_e4m3,524288,128.60752329230309,20,6.777637481689453,155.38516077399254,2,4,2097152,True
B200_180GB_budget,167.63806343078613,16,8,2,16,1,1,fp8_e4m3,1048576,128.60752329230309,20,13.527637481689453,162.13516077399254,1,2,2097152,True
B200_180GB_budget,167.63806343078613,16,8,2,16,1,2,bfloat16,1024,128.60752329230309,20,0.040821075439453125,148.64834436774254,466,932,954368,False
B200_180GB_budget,167.63806343078613,16,8,2,16,1,2,bfloat16,8192,128.60752329230309,20,0.13310623168945312,148.74062952399254,142,284,2326528,False
B200_180GB_budget,167.63806343078613,16,8,2,16,1,2,bfloat16,32768,128.60752329230309,20,0.4495124816894531,149.05703577399254,42,84,2752512,False
B200_180GB_budget,167.63806343078613,16,8,2,16,1,2,bfloat16,131072,128.60752329230309,20,1.7151374816894531,150.32266077399254,11,22,2883584,False
B200_180GB_budget,167.63806343078613,16,8,2,16,1,2,bfloat16,524288,128.60752329230309,20,6.777637481689453,155.38516077399254,2,4,2097152,False
B200_180GB_budget,167.63806343078613,16,8,2,16,1,2,bfloat16,1048576,128.60752329230309,20,13.527637481689453,162.13516077399254,1,2,2097152,False
B200_180GB_budget,167.63806343078613,16,8,2,16,1,2,fp8_e4m3,1024,128.60752329230309,20,0.034229278564453125,148.64175257086754,555,1110,1136640,False
B200_180GB_budget,167.63806343078613,16,8,2,16,1,2,fp8_e4m3,8192,128.60752329230309,20,0.08037185668945312,148.68789514899254,236,472,3866624,False
B200_180GB_budget,167.63806343078613,16,8,2,16,1,2,fp8_e4m3,32768,128.60752329230309,20,0.23857498168945312,148.84609827399254,79,158,5177344,False
B200_180GB_budget,167.63806343078613,16,8,2,16,1,2,fp8_e4m3,131072,128.60752329230309,20,0.8713874816894531,149.47891077399254,21,42,5505024,False
B200_180GB_budget,167.63806343078613,16,8,2,16,1,2,fp8_e4m3,524288,128.60752329230309,20,3.402637481689453,152.01016077399254,5,10,5242880,False
B200_180GB_budget,167.63806343078613,16,8,2,16,1,2,fp8_e4m3,1048576,128.60752329230309,20,6.777637481689453,155.38516077399254,2,4,4194304,False
B200_180GB_budget,167.63806343078613,16,8,2,16,1,4,bfloat16,1024,128.60752329230309,20,0.034229278564453125,148.64175257086754,555,1110,1136640,False
B200_180GB_budget,167.63806343078613,16,8,2,16,1,4,bfloat16,8192,128.60752329230309,20,0.08037185668945312,148.68789514899254,236,472,3866624,False
B200_180GB_budget,167.63806343078613,16,8,2,16,1,4,bfloat16,32768,128.60752329230309,20,0.23857498168945312,148.84609827399254,79,158,5177344,False
B200_180GB_budget,167.63806343078613,16,8,2,16,1,4,bfloat16,131072,128.60752329230309,20,0.8713874816894531,149.47891077399254,21,42,5505024,False
B200_180GB_budget,167.63806343078613,16,8,2,16,1,4,bfloat16,524288,128.60752329230309,20,3.402637481689453,152.01016077399254,5,10,5242880,False
B200_180GB_budget,167.63806343078613,16,8,2,16,1,4,bfloat16,1048576,128.60752329230309,20,6.777637481689453,155.38516077399254,2,4,4194304,False
B200_180GB_budget,167.63806343078613,16,8,2,16,1,4,fp8_e4m3,1024,128.60752329230309,20,0.030933380126953125,148.63845667243004,615,1230,1259520,False
B200_180GB_budget,167.63806343078613,16,8,2,16,1,4,fp8_e4m3,8192,128.60752329230309,20,0.054004669189453125,148.66152796149254,352,704,5767168,False
B200_180GB_budget,167.63806343078613,16,8,2,16,1,4,fp8_e4m3,32768,128.60752329230309,20,0.13310623168945312,148.74062952399254,142,284,9306112,False
B200_180GB_budget,167.63806343078613,16,8,2,16,1,4,fp8_e4m3,131072,128.60752329230309,20,0.4495124816894531,149.05703577399254,42,84,11010048,False
B200_180GB_budget,167.63806343078613,16,8,2,16,1,4,fp8_e4m3,524288,128.60752329230309,20,1.7151374816894531,150.32266077399254,11,22,11534336,False
B200_180GB_budget,167.63806343078613,16,8,2,16,1,4,fp8_e4m3,1048576,128.60752329230309,20,3.402637481689453,152.01016077399254,5,10,10485760,False
B200_180GB_budget,167.63806343078613,16,8,2,16,1,8,bfloat16,1024,128.60752329230309,20,0.030933380126953125,148.63845667243004,615,1230,1259520,False
B200_180GB_budget,167.63806343078613,16,8,2,16,1,8,bfloat16,8192,128.60752329230309,20,0.054004669189453125,148.66152796149254,352,704,5767168,False
B200_180GB_budget,167.63806343078613,16,8,2,16,1,8,bfloat16,32768,128.60752329230309,20,0.13310623168945312,148.74062952399254,142,284,9306112,False
B200_180GB_budget,167.63806343078613,16,8,2,16,1,8,bfloat16,131072,128.60752329230309,20,0.4495124816894531,149.05703577399254,42,84,11010048,False
B200_180GB_budget,167.63806343078613,16,8,2,16,1,8,bfloat16,524288,128.60752329230309,20,1.7151374816894531,150.32266077399254,11,22,11534336,False
B200_180GB_budget,167.63806343078613,16,8,2,16,1,8,bfloat16,1048576,128.60752329230309,20,3.402637481689453,152.01016077399254,5,10,10485760,False
B200_180GB_budget,167.63806343078613,16,8,2,16,1,8,fp8_e4m3,1024,128.60752329230309,20,0.029285430908203125,148.6368087232113,649,1298,1329152,False
B200_180GB_budget,167.63806343078613,16,8,2,16,1,8,fp8_e4m3,8192,128.60752329230309,20,0.040821075439453125,148.64834436774254,466,932,7634944,False
B200_180GB_budget,167.63806343078613,16,8,2,16,1,8,fp8_e4m3,32768,128.60752329230309,20,0.08037185668945312,148.68789514899254,236,472,15466496,False
B200_180GB_budget,167.63806343078613,16,8,2,16,1,8,fp8_e4m3,131072,128.60752329230309,20,0.23857498168945312,148.84609827399254,79,158,20709376,False
B200_180GB_budget,167.63806343078613,16,8,2,16,1,8,fp8_e4m3,524288,128.60752329230309,20,0.8713874816894531,149.47891077399254,21,42,22020096,False
B200_180GB_budget,167.63806343078613,16,8,2,16,1,8,fp8_e4m3,1048576,128.60752329230309,20,1.7151374816894531,150.32266077399254,11,22,23068672,False
B200_180GB_budget,167.63806343078613,16,16,1,16,1,1,bfloat16,1024,124.16931265592575,20,0.04018592834472656,144.20949858427048,584,584,598016,True
B200_180GB_budget,167.63806343078613,16,16,1,16,1,1,bfloat16,8192,124.16931265592575,20,0.22475624084472656,144.39406889677048,104,104,851968,True
B200_180GB_budget,167.63806343078613,16,16,1,16,1,1,bfloat16,32768,124.16931265592575,20,0.8575687408447266,145.02688139677048,27,27,884736,True
B200_180GB_budget,167.63806343078613,16,16,1,16,1,1,bfloat16,131072,124.16931265592575,20,3.3888187408447266,147.55813139677048,6,6,786432,True
B200_180GB_budget,167.63806343078613,16,16,1,16,1,1,bfloat16,524288,124.16931265592575,20,13.513818740844727,157.68313139677048,1,1,524288,True
B200_180GB_budget,167.63806343078613,16,16,1,16,1,1,bfloat16,1048576,124.16931265592575,20,27.013818740844727,171.18313139677048,0,0,0,True
B200_180GB_budget,167.63806343078613,16,16,1,16,1,1,fp8_e4m3,1024,124.16931265592575,20,0.027002334594726562,144.19631499052048,869,869,889856,True
B200_180GB_budget,167.63806343078613,16,16,1,16,1,1,fp8_e4m3,8192,124.16931265592575,20,0.11928749084472656,144.28860014677048,196,196,1605632,True
B200_180GB_budget,167.63806343078613,16,16,1,16,1,1,fp8_e4m3,32768,124.16931265592575,20,0.43569374084472656,144.60500639677048,53,53,1736704,True
B200_180GB_budget,167.63806343078613,16,16,1,16,1,1,fp8_e4m3,131072,124.16931265592575,20,1.7013187408447266,145.87063139677048,13,13,1703936,True
B200_180GB_budget,167.63806343078613,16,16,1,16,1,1,fp8_e4m3,524288,124.16931265592575,20,6.763818740844727,150.93313139677048,3,3,1572864,True
B200_180GB_budget,167.63806343078613,16,16,1,16,1,1,fp8_e4m3,1048576,124.16931265592575,20,13.513818740844727,157.68313139677048,1,1,1048576,True
B200_180GB_budget,167.63806343078613,16,16,1,16,1,2,bfloat16,1024,124.16931265592575,20,0.027002334594726562,144.19631499052048,869,869,889856,False
B200_180GB_budget,167.63806343078613,16,16,1,16,1,2,bfloat16,8192,124.16931265592575,20,0.11928749084472656,144.28860014677048,196,196,1605632,False
B200_180GB_budget,167.63806343078613,16,16,1,16,1,2,bfloat16,32768,124.16931265592575,20,0.43569374084472656,144.60500639677048,53,53,1736704,False
B200_180GB_budget,167.63806343078613,16,16,1,16,1,2,bfloat16,131072,124.16931265592575,20,1.7013187408447266,145.87063139677048,13,13,1703936,False
B200_180GB_budget,167.63806343078613,16,16,1,16,1,2,bfloat16,524288,124.16931265592575,20,6.763818740844727,150.93313139677048,3,3,1572864,False
B200_180GB_budget,167.63806343078613,16,16,1,16,1,2,bfloat16,1048576,124.16931265592575,20,13.513818740844727,157.68313139677048,1,1,1048576,False
B200_180GB_budget,167.63806343078613,16,16,1,16,1,2,fp8_e4m3,1024,124.16931265592575,20,0.020410537719726562,144.18972319364548,1149,1149,1176576,False
B200_180GB_budget,167.63806343078613,16,16,1,16,1,2,fp8_e4m3,8192,124.16931265592575,20,0.06655311584472656,144.23586577177048,352,352,2883584,False
B200_180GB_budget,167.63806343078613,16,16,1,16,1,2,fp8_e4m3,32768,124.16931265592575,20,0.22475624084472656,144.39406889677048,104,104,3407872,False
B200_180GB_budget,167.63806343078613,16,16,1,16,1,2,fp8_e4m3,131072,124.16931265592575,20,0.8575687408447266,145.02688139677048,27,27,3538944,False
B200_180GB_budget,167.63806343078613,16,16,1,16,1,2,fp8_e4m3,524288,124.16931265592575,20,3.3888187408447266,147.55813139677048,6,6,3145728,False
B200_180GB_budget,167.63806343078613,16,16,1,16,1,2,fp8_e4m3,1048576,124.16931265592575,20,6.763818740844727,150.93313139677048,3,3,3145728,False
B200_180GB_budget,167.63806343078613,16,16,1,16,1,4,bfloat16,1024,124.16931265592575,20,0.020410537719726562,144.18972319364548,1149,1149,1176576,False
B200_180GB_budget,167.63806343078613,16,16,1,16,1,4,bfloat16,8192,124.16931265592575,20,0.06655311584472656,144.23586577177048,352,352,2883584,False
B200_180GB_budget,167.63806343078613,16,16,1,16,1,4,bfloat16,32768,124.16931265592575,20,0.22475624084472656,144.39406889677048,104,104,3407872,False
B200_180GB_budget,167.63806343078613,16,16,1,16,1,4,bfloat16,131072,124.16931265592575,20,0.8575687408447266,145.02688139677048,27,27,3538944,False
B200_180GB_budget,167.63806343078613,16,16,1,16,1,4,bfloat16,524288,124.16931265592575,20,3.3888187408447266,147.55813139677048,6,6,3145728,False
B200_180GB_budget,167.63806343078613,16,16,1,16,1,4,bfloat16,1048576,124.16931265592575,20,6.763818740844727,150.93313139677048,3,3,3145728,False
B200_180GB_budget,167.63806343078613,16,16,1,16,1,4,fp8_e4m3,1024,124.16931265592575,20,0.017114639282226562,144.18642729520798,1371,1371,1403904,False
B200_180GB_budget,167.63806343078613,16,16,1,16,1,4,fp8_e4m3,8192,124.16931265592575,20,0.04018592834472656,144.20949858427048,584,584,4784128,False
B200_180GB_budget,167.63806343078613,16,16,1,16,1,4,fp8_e4m3,32768,124.16931265592575,20,0.11928749084472656,144.28860014677048,196,196,6422528,False
B200_180GB_budget,167.63806343078613,16,16,1,16,1,4,fp8_e4m3,131072,124.16931265592575,20,0.43569374084472656,144.60500639677048,53,53,6946816,False
B200_180GB_budget,167.63806343078613,16,16,1,16,1,4,fp8_e4m3,524288,124.16931265592575,20,1.7013187408447266,145.87063139677048,13,13,6815744,False
B200_180GB_budget,167.63806343078613,16,16,1,16,1,4,fp8_e4m3,1048576,124.16931265592575,20,3.3888187408447266,147.55813139677048,6,6,6291456,False
B200_180GB_budget,167.63806343078613,16,16,1,16,1,8,bfloat16,1024,124.16931265592575,20,0.017114639282226562,144.18642729520798,1371,1371,1403904,False
B200_180GB_budget,167.63806343078613,16,16,1,16,1,8,bfloat16,8192,124.16931265592575,20,0.04018592834472656,144.20949858427048,584,584,4784128,False
B200_180GB_budget,167.63806343078613,16,16,1,16,1,8,bfloat16,32768,124.16931265592575,20,0.11928749084472656,144.28860014677048,196,196,6422528,False
B200_180GB_budget,167.63806343078613,16,16,1,16,1,8,bfloat16,131072,124.16931265592575,20,0.43569374084472656,144.60500639677048,53,53,6946816,False
B200_180GB_budget,167.63806343078613,16,16,1,16,1,8,bfloat16,524288,124.16931265592575,20,1.7013187408447266,145.87063139677048,13,13,6815744,False
B200_180GB_budget,167.63806343078613,16,16,1,16,1,8,bfloat16,1048576,124.16931265592575,20,3.3888187408447266,147.55813139677048,6,6,6291456,False
B200_180GB_budget,167.63806343078613,16,16,1,16,1,8,fp8_e4m3,1024,124.16931265592575,20,0.015466690063476562,144.18477934598923,1517,1517,1553408,False
B200_180GB_budget,167.63806343078613,16,16,1,16,1,8,fp8_e4m3,8192,124.16931265592575,20,0.027002334594726562,144.19631499052048,869,869,7118848,False
B200_180GB_budget,167.63806343078613,16,16,1,16,1,8,fp8_e4m3,32768,124.16931265592575,20,0.06655311584472656,144.23586577177048,352,352,11534336,False
B200_180GB_budget,167.63806343078613,16,16,1,16,1,8,fp8_e4m3,131072,124.16931265592575,20,0.22475624084472656,144.39406889677048,104,104,13631488,False
B200_180GB_budget,167.63806343078613,16,16,1,16,1,8,fp8_e4m3,524288,124.16931265592575,20,0.8575687408447266,145.02688139677048,27,27,14155776,False
B200_180GB_budget,167.63806343078613,16,16,1,16,1,8,fp8_e4m3,1048576,124.16931265592575,20,1.7013187408447266,145.87063139677048,13,13,13631488,False
B200_180GB_budget,167.63806343078613,32,1,32,32,1,1,bfloat16,1024,148.64506201446056,20,0.247467041015625,168.8925290554762,0,0,0,True
B200_180GB_budget,167.63806343078613,32,1,32,32,1,1,bfloat16,8192,148.64506201446056,20,0.432037353515625,169.0770993679762,0,0,0,True
B200_180GB_budget,167.63806343078613,32,1,32,32,1,1,bfloat16,32768,148.64506201446056,20,1.064849853515625,169.7099118679762,0,0,0,True
B200_180GB_budget,167.63806343078613,32,1,32,32,1,1,bfloat16,131072,148.64506201446056,20,3.596099853515625,172.2411618679762,0,0,0,True
B200_180GB_budget,167.63806343078613,32,1,32,32,1,1,bfloat16,524288,148.64506201446056,20,13.721099853515625,182.3661618679762,0,0,0,True
B200_180GB_budget,167.63806343078613,32,1,32,32,1,1,bfloat16,1048576,148.64506201446056,20,27.221099853515625,195.8661618679762,0,0,0,True
B200_180GB_budget,167.63806343078613,32,1,32,32,1,1,fp8_e4m3,1024,148.64506201446056,20,0.234283447265625,168.8793454617262,0,0,0,True
B200_180GB_budget,167.63806343078613,32,1,32,32,1,1,fp8_e4m3,8192,148.64506201446056,20,0.326568603515625,168.9716306179762,0,0,0,True
B200_180GB_budget,167.63806343078613,32,1,32,32,1,1,fp8_e4m3,32768,148.64506201446056,20,0.642974853515625,169.2880368679762,0,0,0,True
B200_180GB_budget,167.63806343078613,32,1,32,32,1,1,fp8_e4m3,131072,148.64506201446056,20,1.908599853515625,170.5536618679762,0,0,0,True
B200_180GB_budget,167.63806343078613,32,1,32,32,1,1,fp8_e4m3,524288,148.64506201446056,20,6.971099853515625,175.6161618679762,0,0,0,True
B200_180GB_budget,167.63806343078613,32,1,32,32,1,1,fp8_e4m3,1048576,148.64506201446056,20,13.721099853515625,182.3661618679762,0,0,0,True
B200_180GB_budget,167.63806343078613,32,2,16,32,1,1,bfloat16,1024,113.13937692344189,20,0.1369171142578125,133.2762940376997,251,4016,4112384,True
B200_180GB_budget,167.63806343078613,32,2,16,32,1,1,bfloat16,8192,113.13937692344189,20,0.3214874267578125,133.4608643501997,107,1712,14024704,True
B200_180GB_budget,167.63806343078613,32,2,16,32,1,1,bfloat16,32768,113.13937692344189,20,0.9542999267578125,134.0936768501997,36,576,18874368,True
B200_180GB_budget,167.63806343078613,32,2,16,32,1,1,bfloat16,131072,113.13937692344189,20,3.4855499267578125,136.6249268501997,9,144,18874368,True
B200_180GB_budget,167.63806343078613,32,2,16,32,1,1,bfloat16,524288,113.13937692344189,20,13.610549926757812,146.7499268501997,2,32,16777216,True
B200_180GB_budget,167.63806343078613,32,2,16,32,1,1,bfloat16,1048576,113.13937692344189,20,27.110549926757812,160.2499268501997,1,16,16777216,True
B200_180GB_budget,167.63806343078613,32,2,16,32,1,1,fp8_e4m3,1024,113.13937692344189,20,0.1237335205078125,133.2631104439497,278,4448,4554752,True
B200_180GB_budget,167.63806343078613,32,2,16,32,1,1,fp8_e4m3,8192,113.13937692344189,20,0.2160186767578125,133.3553956001997,159,2544,20840448,True
B200_180GB_budget,167.63806343078613,32,2,16,32,1,1,fp8_e4m3,32768,113.13937692344189,20,0.5324249267578125,133.6718018501997,64,1024,33554432,True
B200_180GB_budget,167.63806343078613,32,2,16,32,1,1,fp8_e4m3,131072,113.13937692344189,20,1.7980499267578125,134.9374268501997,19,304,39845888,True
B200_180GB_budget,167.63806343078613,32,2,16,32,1,1,fp8_e4m3,524288,113.13937692344189,20,6.8605499267578125,139.9999268501997,5,80,41943040,True
B200_180GB_budget,167.63806343078613,32,2,16,32,1,1,fp8_e4m3,1048576,113.13937692344189,20,13.610549926757812,146.7499268501997,2,32,33554432,True
B200_180GB_budget,167.63806343078613,32,2,16,32,1,2,bfloat16,1024,113.13937692344189,20,0.1237335205078125,133.2631104439497,278,4448,4554752,False
B200_180GB_budget,167.63806343078613,32,2,16,32,1,2,bfloat16,8192,113.13937692344189,20,0.2160186767578125,133.3553956001997,159,2544,20840448,False
B200_180GB_budget,167.63806343078613,32,2,16,32,1,2,bfloat16,32768,113.13937692344189,20,0.5324249267578125,133.6718018501997,64,1024,33554432,False
B200_180GB_budget,167.63806343078613,32,2,16,32,1,2,bfloat16,131072,113.13937692344189,20,1.7980499267578125,134.9374268501997,19,304,39845888,False
B200_180GB_budget,167.63806343078613,32,2,16,32,1,2,bfloat16,524288,113.13937692344189,20,6.8605499267578125,139.9999268501997,5,80,41943040,False
B200_180GB_budget,167.63806343078613,32,2,16,32,1,2,bfloat16,1048576,113.13937692344189,20,13.610549926757812,146.7499268501997,2,32,33554432,False
B200_180GB_budget,167.63806343078613,32,2,16,32,1,2,fp8_e4m3,1024,113.13937692344189,20,0.1171417236328125,133.2565186470747,294,4704,4816896,False
B200_180GB_budget,167.63806343078613,32,2,16,32,1,2,fp8_e4m3,8192,113.13937692344189,20,0.1632843017578125,133.3026612251997,211,3376,27656192,False
B200_180GB_budget,167.63806343078613,32,2,16,32,1,2,fp8_e4m3,32768,113.13937692344189,20,0.3214874267578125,133.4608643501997,107,1712,56098816,False
B200_180GB_budget,167.63806343078613,32,2,16,32,1,2,fp8_e4m3,131072,113.13937692344189,20,0.9542999267578125,134.0936768501997,36,576,75497472,False
B200_180GB_budget,167.63806343078613,32,2,16,32,1,2,fp8_e4m3,524288,113.13937692344189,20,3.4855499267578125,136.6249268501997,9,144,75497472,False
B200_180GB_budget,167.63806343078613,32,2,16,32,1,2,fp8_e4m3,1048576,113.13937692344189,20,6.8605499267578125,139.9999268501997,5,80,83886080,False
B200_180GB_budget,167.63806343078613,32,4,8,32,1,1,bfloat16,1024,95.38653437793255,20,0.08164215087890625,115.46817652881145,640,5120,5242880,True
B200_180GB_budget,167.63806343078613,32,4,8,32,1,1,bfloat16,8192,95.38653437793255,20,0.26621246337890625,115.65274684131145,196,1568,12845056,True
B200_180GB_budget,167.63806343078613,32,4,8,32,1,1,bfloat16,32768,95.38653437793255,20,0.8990249633789062,116.28555934131145,58,464,15204352,True
B200_180GB_budget,167.63806343078613,32,4,8,32,1,1,bfloat16,131072,95.38653437793255,20,3.4302749633789062,118.81680934131145,15,120,15728640,True
B200_180GB_budget,167.63806343078613,32,4,8,32,1,1,bfloat16,524288,95.38653437793255,20,13.555274963378906,128.94180934131145,3,24,12582912,True
B200_180GB_budget,167.63806343078613,32,4,8,32,1,1,bfloat16,1048576,95.38653437793255,20,27.055274963378906,142.44180934131145,1,8,8388608,True
B200_180GB_budget,167.63806343078613,32,4,8,32,1,1,fp8_e4m3,1024,95.38653437793255,20,0.06845855712890625,115.45499293506145,763,6104,6250496,True
B200_180GB_budget,167.63806343078613,32,4,8,32,1,1,fp8_e4m3,8192,95.38653437793255,20,0.16074371337890625,115.54727809131145,325,2600,21299200,True
B200_180GB_budget,167.63806343078613,32,4,8,32,1,1,fp8_e4m3,32768,95.38653437793255,20,0.47714996337890625,115.86368434131145,109,872,28573696,True
B200_180GB_budget,167.63806343078613,32,4,8,32,1,1,fp8_e4m3,131072,95.38653437793255,20,1.7427749633789062,117.12930934131145,29,232,30408704,True
B200_180GB_budget,167.63806343078613,32,4,8,32,1,1,fp8_e4m3,524288,95.38653437793255,20,6.805274963378906,122.19180934131145,7,56,29360128,True
B200_180GB_budget,167.63806343078613,32,4,8,32,1,1,fp8_e4m3,1048576,95.38653437793255,20,13.555274963378906,128.94180934131145,3,24,25165824,True
B200_180GB_budget,167.63806343078613,32,4,8,32,1,2,bfloat16,1024,95.38653437793255,20,0.06845855712890625,115.45499293506145,763,6104,6250496,False
B200_180GB_budget,167.63806343078613,32,4,8,32,1,2,bfloat16,8192,95.38653437793255,20,0.16074371337890625,115.54727809131145,325,2600,21299200,False
B200_180GB_budget,167.63806343078613,32,4,8,32,1,2,bfloat16,32768,95.38653437793255,20,0.47714996337890625,115.86368434131145,109,872,28573696,False
B200_180GB_budget,167.63806343078613,32,4,8,32,1,2,bfloat16,131072,95.38653437793255,20,1.7427749633789062,117.12930934131145,29,232,30408704,False
B200_180GB_budget,167.63806343078613,32,4,8,32,1,2,bfloat16,524288,95.38653437793255,20,6.805274963378906,122.19180934131145,7,56,29360128,False
B200_180GB_budget,167.63806343078613,32,4,8,32,1,2,bfloat16,1048576,95.38653437793255,20,13.555274963378906,128.94180934131145,3,24,25165824,False
B200_180GB_budget,167.63806343078613,32,4,8,32,1,2,fp8_e4m3,1024,95.38653437793255,20,0.06186676025390625,115.44840113818645,844,6752,6914048,False
B200_180GB_budget,167.63806343078613,32,4,8,32,1,2,fp8_e4m3,8192,95.38653437793255,20,0.10800933837890625,115.49454371631145,483,3864,31653888,False
B200_180GB_budget,167.63806343078613,32,4,8,32,1,2,fp8_e4m3,32768,95.38653437793255,20,0.26621246337890625,115.65274684131145,196,1568,51380224,False
B200_180GB_budget,167.63806343078613,32,4,8,32,1,2,fp8_e4m3,131072,95.38653437793255,20,0.8990249633789062,116.28555934131145,58,464,60817408,False
B200_180GB_budget,167.63806343078613,32,4,8,32,1,2,fp8_e4m3,524288,95.38653437793255,20,3.4302749633789062,118.81680934131145,15,120,62914560,False
B200_180GB_budget,167.63806343078613,32,4,8,32,1,2,fp8_e4m3,1048576,95.38653437793255,20,6.805274963378906,122.19180934131145,7,56,58720256,False
B200_180GB_budget,167.63806343078613,32,4,8,32,1,4,bfloat16,1024,95.38653437793255,20,0.06186676025390625,115.44840113818645,844,6752,6914048,False
B200_180GB_budget,167.63806343078613,32,4,8,32,1,4,bfloat16,8192,95.38653437793255,20,0.10800933837890625,115.49454371631145,483,3864,31653888,False
B200_180GB_budget,167.63806343078613,32,4,8,32,1,4,bfloat16,32768,95.38653437793255,20,0.26621246337890625,115.65274684131145,196,1568,51380224,False
B200_180GB_budget,167.63806343078613,32,4,8,32,1,4,bfloat16,131072,95.38653437793255,20,0.8990249633789062,116.28555934131145,58,464,60817408,False
B200_180GB_budget,167.63806343078613,32,4,8,32,1,4,bfloat16,524288,95.38653437793255,20,3.4302749633789062,118.81680934131145,15,120,62914560,False
B200_180GB_budget,167.63806343078613,32,4,8,32,1,4,bfloat16,1048576,95.38653437793255,20,6.805274963378906,122.19180934131145,7,56,58720256,False
B200_180GB_budget,167.63806343078613,32,4,8,32,1,4,fp8_e4m3,1024,95.38653437793255,20,0.05857086181640625,115.44510523974895,892,7136,7307264,False
B200_180GB_budget,167.63806343078613,32,4,8,32,1,4,fp8_e4m3,8192,95.38653437793255,20,0.08164215087890625,115.46817652881145,640,5120,41943040,False
B200_180GB_budget,167.63806343078613,32,4,8,32,1,4,fp8_e4m3,32768,95.38653437793255,20,0.16074371337890625,115.54727809131145,325,2600,85196800,False
B200_180GB_budget,167.63806343078613,32,4,8,32,1,4,fp8_e4m3,131072,95.38653437793255,20,0.47714996337890625,115.86368434131145,109,872,114294784,False
B200_180GB_budget,167.63806343078613,32,4,8,32,1,4,fp8_e4m3,524288,95.38653437793255,20,1.7427749633789062,117.12930934131145,29,232,121634816,False
B200_180GB_budget,167.63806343078613,32,4,8,32,1,4,fp8_e4m3,1048576,95.38653437793255,20,3.4302749633789062,118.81680934131145,15,120,125829120,False
B200_180GB_budget,167.63806343078613,32,8,4,32,1,1,bfloat16,1024,86.51011310517788,20,0.054004669189453125,106.56411777436733,1131,4524,4632576,True
B200_180GB_budget,167.63806343078613,32,8,4,32,1,1,bfloat16,8192,86.51011310517788,20,0.23857498168945312,106.74868808686733,256,1024,8388608,True
B200_180GB_budget,167.63806343078613,32,8,4,32,1,1,bfloat16,32768,86.51011310517788,20,0.8713874816894531,107.38150058686733,70,280,9175040,True
B200_180GB_budget,167.63806343078613,32,8,4,32,1,1,bfloat16,131072,86.51011310517788,20,3.402637481689453,109.91275058686733,17,68,8912896,True
B200_180GB_budget,167.63806343078613,32,8,4,32,1,1,bfloat16,524288,86.51011310517788,20,13.527637481689453,120.03775058686733,4,16,8388608,True
B200_180GB_budget,167.63806343078613,32,8,4,32,1,1,bfloat16,1048576,86.51011310517788,20,27.027637481689453,133.53775058686733,2,8,8388608,True
B200_180GB_budget,167.63806343078613,32,8,4,32,1,1,fp8_e4m3,1024,86.51011310517788,20,0.040821075439453125,106.55093418061733,1497,5988,6131712,True
B200_180GB_budget,167.63806343078613,32,8,4,32,1,1,fp8_e4m3,8192,86.51011310517788,20,0.13310623168945312,106.64321933686733,459,1836,15040512,True
B200_180GB_budget,167.63806343078613,32,8,4,32,1,1,fp8_e4m3,32768,86.51011310517788,20,0.4495124816894531,106.95962558686733,135,540,17694720,True
B200_180GB_budget,167.63806343078613,32,8,4,32,1,1,fp8_e4m3,131072,86.51011310517788,20,1.7151374816894531,108.22525058686733,35,140,18350080,True
B200_180GB_budget,167.63806343078613,32,8,4,32,1,1,fp8_e4m3,524288,86.51011310517788,20,6.777637481689453,113.28775058686733,9,36,18874368,True
B200_180GB_budget,167.63806343078613,32,8,4,32,1,1,fp8_e4m3,1048576,86.51011310517788,20,13.527637481689453,120.03775058686733,4,16,16777216,True
B200_180GB_budget,167.63806343078613,32,8,4,32,1,2,bfloat16,1024,86.51011310517788,20,0.040821075439453125,106.55093418061733,1497,5988,6131712,False
B200_180GB_budget,167.63806343078613,32,8,4,32,1,2,bfloat16,8192,86.51011310517788,20,0.13310623168945312,106.64321933686733,459,1836,15040512,False
B200_180GB_budget,167.63806343078613,32,8,4,32,1,2,bfloat16,32768,86.51011310517788,20,0.4495124816894531,106.95962558686733,135,540,17694720,False
B200_180GB_budget,167.63806343078613,32,8,4,32,1,2,bfloat16,131072,86.51011310517788,20,1.7151374816894531,108.22525058686733,35,140,18350080,False
B200_180GB_budget,167.63806343078613,32,8,4,32,1,2,bfloat16,524288,86.51011310517788,20,6.777637481689453,113.28775058686733,9,36,18874368,False
B200_180GB_budget,167.63806343078613,32,8,4,32,1,2,bfloat16,1048576,86.51011310517788,20,13.527637481689453,120.03775058686733,4,16,16777216,False
B200_180GB_budget,167.63806343078613,32,8,4,32,1,2,fp8_e4m3,1024,86.51011310517788,20,0.034229278564453125,106.54434238374233,1785,7140,7311360,False
B200_180GB_budget,167.63806343078613,32,8,4,32,1,2,fp8_e4m3,8192,86.51011310517788,20,0.08037185668945312,106.59048496186733,760,3040,24903680,False
B200_180GB_budget,167.63806343078613,32,8,4,32,1,2,fp8_e4m3,32768,86.51011310517788,20,0.23857498168945312,106.74868808686733,256,1024,33554432,False
B200_180GB_budget,167.63806343078613,32,8,4,32,1,2,fp8_e4m3,131072,86.51011310517788,20,0.8713874816894531,107.38150058686733,70,280,36700160,False
B200_180GB_budget,167.63806343078613,32,8,4,32,1,2,fp8_e4m3,524288,86.51011310517788,20,3.402637481689453,109.91275058686733,17,68,35651584,False
B200_180GB_budget,167.63806343078613,32,8,4,32,1,2,fp8_e4m3,1048576,86.51011310517788,20,6.777637481689453,113.28775058686733,9,36,37748736,False
B200_180GB_budget,167.63806343078613,32,8,4,32,1,4,bfloat16,1024,86.51011310517788,20,0.034229278564453125,106.54434238374233,1785,7140,7311360,False
B200_180GB_budget,167.63806343078613,32,8,4,32,1,4,bfloat16,8192,86.51011310517788,20,0.08037185668945312,106.59048496186733,760,3040,24903680,False
B200_180GB_budget,167.63806343078613,32,8,4,32,1,4,bfloat16,32768,86.51011310517788,20,0.23857498168945312,106.74868808686733,256,1024,33554432,False
B200_180GB_budget,167.63806343078613,32,8,4,32,1,4,bfloat16,131072,86.51011310517788,20,0.8713874816894531,107.38150058686733,70,280,36700160,False
B200_180GB_budget,167.63806343078613,32,8,4,32,1,4,bfloat16,524288,86.51011310517788,20,3.402637481689453,109.91275058686733,17,68,35651584,False
B200_180GB_budget,167.63806343078613,32,8,4,32,1,4,bfloat16,1048576,86.51011310517788,20,6.777637481689453,113.28775058686733,9,36,37748736,False
B200_180GB_budget,167.63806343078613,32,8,4,32,1,4,fp8_e4m3,1024,86.51011310517788,20,0.030933380126953125,106.54104648530483,1976,7904,8093696,False
B200_180GB_budget,167.63806343078613,32,8,4,32,1,4,fp8_e4m3,8192,86.51011310517788,20,0.054004669189453125,106.56411777436733,1131,4524,37060608,False
B200_180GB_budget,167.63806343078613,32,8,4,32,1,4,fp8_e4m3,32768,86.51011310517788,20,0.13310623168945312,106.64321933686733,459,1836,60162048,False
B200_180GB_budget,167.63806343078613,32,8,4,32,1,4,fp8_e4m3,131072,86.51011310517788,20,0.4495124816894531,106.95962558686733,135,540,70778880,False
B200_180GB_budget,167.63806343078613,32,8,4,32,1,4,fp8_e4m3,524288,86.51011310517788,20,1.7151374816894531,108.22525058686733,35,140,73400320,False
B200_180GB_budget,167.63806343078613,32,8,4,32,1,4,fp8_e4m3,1048576,86.51011310517788,20,3.402637481689453,109.91275058686733,17,68,71303168,False
B200_180GB_budget,167.63806343078613,32,8,4,32,1,8,bfloat16,1024,86.51011310517788,20,0.030933380126953125,106.54104648530483,1976,7904,8093696,False
B200_180GB_budget,167.63806343078613,32,8,4,32,1,8,bfloat16,8192,86.51011310517788,20,0.054004669189453125,106.56411777436733,1131,4524,37060608,False
B200_180GB_budget,167.63806343078613,32,8,4,32,1,8,bfloat16,32768,86.51011310517788,20,0.13310623168945312,106.64321933686733,459,1836,60162048,False
B200_180GB_budget,167.63806343078613,32,8,4,32,1,8,bfloat16,131072,86.51011310517788,20,0.4495124816894531,106.95962558686733,135,540,70778880,False
B200_180GB_budget,167.63806343078613,32,8,4,32,1,8,bfloat16,524288,86.51011310517788,20,1.7151374816894531,108.22525058686733,35,140,73400320,False
B200_180GB_budget,167.63806343078613,32,8,4,32,1,8,bfloat16,1048576,86.51011310517788,20,3.402637481689453,109.91275058686733,17,68,71303168,False
B200_180GB_budget,167.63806343078613,32,8,4,32,1,8,fp8_e4m3,1024,86.51011310517788,20,0.029285430908203125,106.53939853608608,2087,8348,8548352,False
B200_180GB_budget,167.63806343078613,32,8,4,32,1,8,fp8_e4m3,8192,86.51011310517788,20,0.040821075439453125,106.55093418061733,1497,5988,49053696,False
B200_180GB_budget,167.63806343078613,32,8,4,32,1,8,fp8_e4m3,32768,86.51011310517788,20,0.08037185668945312,106.59048496186733,760,3040,99614720,False
B200_180GB_budget,167.63806343078613,32,8,4,32,1,8,fp8_e4m3,131072,86.51011310517788,20,0.23857498168945312,106.74868808686733,256,1024,134217728,False
B200_180GB_budget,167.63806343078613,32,8,4,32,1,8,fp8_e4m3,524288,86.51011310517788,20,0.8713874816894531,107.38150058686733,70,280,146800640,False
B200_180GB_budget,167.63806343078613,32,8,4,32,1,8,fp8_e4m3,1048576,86.51011310517788,20,1.7151374816894531,108.22525058686733,35,140,146800640,False
B200_180GB_budget,167.63806343078613,32,16,2,32,1,1,bfloat16,1024,82.07190246880054,20,0.04018592834472656,102.11208839714527,1631,3262,3340288,True
B200_180GB_budget,167.63806343078613,32,16,2,32,1,1,bfloat16,8192,82.07190246880054,20,0.22475624084472656,102.29665870964527,291,582,4767744,True
B200_180GB_budget,167.63806343078613,32,16,2,32,1,1,bfloat16,32768,82.07190246880054,20,0.8575687408447266,102.92947120964527,76,152,4980736,True
B200_180GB_budget,167.63806343078613,32,16,2,32,1,1,bfloat16,131072,82.07190246880054,20,3.3888187408447266,105.46072120964527,19,38,4980736,True
B200_180GB_budget,167.63806343078613,32,16,2,32,1,1,bfloat16,524288,82.07190246880054,20,13.513818740844727,115.58572120964527,4,8,4194304,True
B200_180GB_budget,167.63806343078613,32,16,2,32,1,1,bfloat16,1048576,82.07190246880054,20,27.013818740844727,129.08572120964527,2,4,4194304,True
B200_180GB_budget,167.63806343078613,32,16,2,32,1,1,fp8_e4m3,1024,82.07190246880054,20,0.027002334594726562,102.09890480339527,2428,4856,4972544,True
B200_180GB_budget,167.63806343078613,32,16,2,32,1,1,fp8_e4m3,8192,82.07190246880054,20,0.11928749084472656,102.19118995964527,549,1098,8994816,True
B200_180GB_budget,167.63806343078613,32,16,2,32,1,1,fp8_e4m3,32768,82.07190246880054,20,0.43569374084472656,102.50759620964527,150,300,9830400,True
B200_180GB_budget,167.63806343078613,32,16,2,32,1,1,fp8_e4m3,131072,82.07190246880054,20,1.7013187408447266,103.77322120964527,38,76,9961472,True
B200_180GB_budget,167.63806343078613,32,16,2,32,1,1,fp8_e4m3,524288,82.07190246880054,20,6.763818740844727,108.83572120964527,9,18,9437184,True
B200_180GB_budget,167.63806343078613,32,16,2,32,1,1,fp8_e4m3,1048576,82.07190246880054,20,13.513818740844727,115.58572120964527,4,8,8388608,True
B200_180GB_budget,167.63806343078613,32,16,2,32,1,2,bfloat16,1024,82.07190246880054,20,0.027002334594726562,102.09890480339527,2428,4856,4972544,False
B200_180GB_budget,167.63806343078613,32,16,2,32,1,2,bfloat16,8192,82.07190246880054,20,0.11928749084472656,102.19118995964527,549,1098,8994816,False
B200_180GB_budget,167.63806343078613,32,16,2,32,1,2,bfloat16,32768,82.07190246880054,20,0.43569374084472656,102.50759620964527,150,300,9830400,False
B200_180GB_budget,167.63806343078613,32,16,2,32,1,2,bfloat16,131072,82.07190246880054,20,1.7013187408447266,103.77322120964527,38,76,9961472,False
B200_180GB_budget,167.63806343078613,32,16,2,32,1,2,bfloat16,524288,82.07190246880054,20,6.763818740844727,108.83572120964527,9,18,9437184,False
B200_180GB_budget,167.63806343078613,32,16,2,32,1,2,bfloat16,1048576,82.07190246880054,20,13.513818740844727,115.58572120964527,4,8,8388608,False
B200_180GB_budget,167.63806343078613,32,16,2,32,1,2,fp8_e4m3,1024,82.07190246880054,20,0.020410537719726562,102.09231300652027,3212,6424,6578176,False
B200_180GB_budget,167.63806343078613,32,16,2,32,1,2,fp8_e4m3,8192,82.07190246880054,20,0.06655311584472656,102.13845558464527,985,1970,16138240,False
B200_180GB_budget,167.63806343078613,32,16,2,32,1,2,fp8_e4m3,32768,82.07190246880054,20,0.22475624084472656,102.29665870964527,291,582,19070976,False
B200_180GB_budget,167.63806343078613,32,16,2,32,1,2,fp8_e4m3,131072,82.07190246880054,20,0.8575687408447266,102.92947120964527,76,152,19922944,False
B200_180GB_budget,167.63806343078613,32,16,2,32,1,2,fp8_e4m3,524288,82.07190246880054,20,3.3888187408447266,105.46072120964527,19,38,19922944,False
B200_180GB_budget,167.63806343078613,32,16,2,32,1,2,fp8_e4m3,1048576,82.07190246880054,20,6.763818740844727,108.83572120964527,9,18,18874368,False
B200_180GB_budget,167.63806343078613,32,16,2,32,1,4,bfloat16,1024,82.07190246880054,20,0.020410537719726562,102.09231300652027,3212,6424,6578176,False
B200_180GB_budget,167.63806343078613,32,16,2,32,1,4,bfloat16,8192,82.07190246880054,20,0.06655311584472656,102.13845558464527,985,1970,16138240,False
B200_180GB_budget,167.63806343078613,32,16,2,32,1,4,bfloat16,32768,82.07190246880054,20,0.22475624084472656,102.29665870964527,291,582,19070976,False
B200_180GB_budget,167.63806343078613,32,16,2,32,1,4,bfloat16,131072,82.07190246880054,20,0.8575687408447266,102.92947120964527,76,152,19922944,False
B200_180GB_budget,167.63806343078613,32,16,2,32,1,4,bfloat16,524288,82.07190246880054,20,3.3888187408447266,105.46072120964527,19,38,19922944,False
B200_180GB_budget,167.63806343078613,32,16,2,32,1,4,bfloat16,1048576,82.07190246880054,20,6.763818740844727,108.83572120964527,9,18,18874368,False
B200_180GB_budget,167.63806343078613,32,16,2,32,1,4,fp8_e4m3,1024,82.07190246880054,20,0.017114639282226562,102.08901710808277,3830,7660,7843840,False
B200_180GB_budget,167.63806343078613,32,16,2,32,1,4,fp8_e4m3,8192,82.07190246880054,20,0.04018592834472656,102.11208839714527,1631,3262,26722304,False
B200_180GB_budget,167.63806343078613,32,16,2,32,1,4,fp8_e4m3,32768,82.07190246880054,20,0.11928749084472656,102.19118995964527,549,1098,35979264,False
B200_180GB_budget,167.63806343078613,32,16,2,32,1,4,fp8_e4m3,131072,82.07190246880054,20,0.43569374084472656,102.50759620964527,150,300,39321600,False
B200_180GB_budget,167.63806343078613,32,16,2,32,1,4,fp8_e4m3,524288,82.07190246880054,20,1.7013187408447266,103.77322120964527,38,76,39845888,False
B200_180GB_budget,167.63806343078613,32,16,2,32,1,4,fp8_e4m3,1048576,82.07190246880054,20,3.3888187408447266,105.46072120964527,19,38,39845888,False
B200_180GB_budget,167.63806343078613,32,16,2,32,1,8,bfloat16,1024,82.07190246880054,20,0.017114639282226562,102.08901710808277,3830,7660,7843840,False
B200_180GB_budget,167.63806343078613,32,16,2,32,1,8,bfloat16,8192,82.07190246880054,20,0.04018592834472656,102.11208839714527,1631,3262,26722304,False
B200_180GB_budget,167.63806343078613,32,16,2,32,1,8,bfloat16,32768,82.07190246880054,20,0.11928749084472656,102.19118995964527,549,1098,35979264,False
B200_180GB_budget,167.63806343078613,32,16,2,32,1,8,bfloat16,131072,82.07190246880054,20,0.43569374084472656,102.50759620964527,150,300,39321600,False
B200_180GB_budget,167.63806343078613,32,16,2,32,1,8,bfloat16,524288,82.07190246880054,20,1.7013187408447266,103.77322120964527,38,76,39845888,False
B200_180GB_budget,167.63806343078613,32,16,2,32,1,8,bfloat16,1048576,82.07190246880054,20,3.3888187408447266,105.46072120964527,19,38,39845888,False
B200_180GB_budget,167.63806343078613,32,16,2,32,1,8,fp8_e4m3,1024,82.07190246880054,20,0.015466690063476562,102.08736915886402,4239,8478,8681472,False
B200_180GB_budget,167.63806343078613,32,16,2,32,1,8,fp8_e4m3,8192,82.07190246880054,20,0.027002334594726562,102.09890480339527,2428,4856,39780352,False
B200_180GB_budget,167.63806343078613,32,16,2,32,1,8,fp8_e4m3,32768,82.07190246880054,20,0.06655311584472656,102.13845558464527,985,1970,64552960,False
B200_180GB_budget,167.63806343078613,32,16,2,32,1,8,fp8_e4m3,131072,82.07190246880054,20,0.22475624084472656,102.29665870964527,291,582,76283904,False
B200_180GB_budget,167.63806343078613,32,16,2,32,1,8,fp8_e4m3,524288,82.07190246880054,20,0.8575687408447266,102.92947120964527,76,152,79691776,False
B200_180GB_budget,167.63806343078613,32,16,2,32,1,8,fp8_e4m3,1048576,82.07190246880054,20,1.7013187408447266,103.77322120964527,38,76,79691776,False
B200_180GB_budget,167.63806343078613,32,32,1,32,1,1,bfloat16,1024,79.85279715061188,20,0.03327655792236328,99.88607370853424,2037,2037,2085888,True
B200_180GB_budget,167.63806343078613,32,32,1,32,1,1,bfloat16,8192,79.85279715061188,20,0.21784687042236328,100.07064402103424,311,311,2547712,True
B200_180GB_budget,167.63806343078613,32,32,1,32,1,1,bfloat16,32768,79.85279715061188,20,0.8506593704223633,100.70345652103424,79,79,2588672,True
B200_180GB_budget,167.63806343078613,32,32,1,32,1,1,bfloat16,131072,79.85279715061188,20,3.3819093704223633,103.23470652103424,20,20,2621440,True
B200_180GB_budget,167.63806343078613,32,32,1,32,1,1,bfloat16,524288,79.85279715061188,20,13.506909370422363,113.35970652103424,5,5,2621440,True
B200_180GB_budget,167.63806343078613,32,32,1,32,1,1,bfloat16,1048576,79.85279715061188,20,27.006909370422363,126.85970652103424,2,2,2097152,True
B200_180GB_budget,167.63806343078613,32,32,1,32,1,1,fp8_e4m3,1024,79.85279715061188,20,0.02009296417236328,99.87289011478424,3373,3373,3453952,True
B200_180GB_budget,167.63806343078613,32,32,1,32,1,1,fp8_e4m3,8192,79.85279715061188,20,0.11237812042236328,99.96517527103424,603,603,4939776,True
B200_180GB_budget,167.63806343078613,32,32,1,32,1,1,fp8_e4m3,32768,79.85279715061188,20,0.4287843704223633,100.28158152103424,158,158,5177344,True
B200_180GB_budget,167.63806343078613,32,32,1,32,1,1,fp8_e4m3,131072,79.85279715061188,20,1.6944093704223633,101.54720652103424,40,40,5242880,True
B200_180GB_budget,167.63806343078613,32,32,1,32,1,1,fp8_e4m3,524288,79.85279715061188,20,6.756909370422363,106.60970652103424,10,10,5242880,True
B200_180GB_budget,167.63806343078613,32,32,1,32,1,1,fp8_e4m3,1048576,79.85279715061188,20,13.506909370422363,113.35970652103424,5,5,5242880,True
B200_180GB_budget,167.63806343078613,32,32,1,32,1,2,bfloat16,1024,79.85279715061188,20,0.02009296417236328,99.87289011478424,3373,3373,3453952,False
B200_180GB_budget,167.63806343078613,32,32,1,32,1,2,bfloat16,8192,79.85279715061188,20,0.11237812042236328,99.96517527103424,603,603,4939776,False
B200_180GB_budget,167.63806343078613,32,32,1,32,1,2,bfloat16,32768,79.85279715061188,20,0.4287843704223633,100.28158152103424,158,158,5177344,False
B200_180GB_budget,167.63806343078613,32,32,1,32,1,2,bfloat16,131072,79.85279715061188,20,1.6944093704223633,101.54720652103424,40,40,5242880,False
B200_180GB_budget,167.63806343078613,32,32,1,32,1,2,bfloat16,524288,79.85279715061188,20,6.756909370422363,106.60970652103424,10,10,5242880,False
B200_180GB_budget,167.63806343078613,32,32,1,32,1,2,bfloat16,1048576,79.85279715061188,20,13.506909370422363,113.35970652103424,5,5,5242880,False
B200_180GB_budget,167.63806343078613,32,32,1,32,1,2,fp8_e4m3,1024,79.85279715061188,20,0.013501167297363281,99.86629831790924,5020,5020,5140480,False
B200_180GB_budget,167.63806343078613,32,32,1,32,1,2,fp8_e4m3,8192,79.85279715061188,20,0.05964374542236328,99.91244089603424,1136,1136,9306112,False
B200_180GB_budget,167.63806343078613,32,32,1,32,1,2,fp8_e4m3,32768,79.85279715061188,20,0.21784687042236328,100.07064402103424,311,311,10190848,False
B200_180GB_budget,167.63806343078613,32,32,1,32,1,2,fp8_e4m3,131072,79.85279715061188,20,0.8506593704223633,100.70345652103424,79,79,10354688,False
B200_180GB_budget,167.63806343078613,32,32,1,32,1,2,fp8_e4m3,524288,79.85279715061188,20,3.3819093704223633,103.23470652103424,20,20,10485760,False
B200_180GB_budget,167.63806343078613,32,32,1,32,1,2,fp8_e4m3,1048576,79.85279715061188,20,6.756909370422363,106.60970652103424,10,10,10485760,False
B200_180GB_budget,167.63806343078613,32,32,1,32,1,4,bfloat16,1024,79.85279715061188,20,0.013501167297363281,99.86629831790924,5020,5020,5140480,False
B200_180GB_budget,167.63806343078613,32,32,1,32,1,4,bfloat16,8192,79.85279715061188,20,0.05964374542236328,99.91244089603424,1136,1136,9306112,False
B200_180GB_budget,167.63806343078613,32,32,1,32,1,4,bfloat16,32768,79.85279715061188,20,0.21784687042236328,100.07064402103424,311,311,10190848,False
B200_180GB_budget,167.63806343078613,32,32,1,32,1,4,bfloat16,131072,79.85279715061188,20,0.8506593704223633,100.70345652103424,79,79,10354688,False
B200_180GB_budget,167.63806343078613,32,32,1,32,1,4,bfloat16,524288,79.85279715061188,20,3.3819093704223633,103.23470652103424,20,20,10485760,False
B200_180GB_budget,167.63806343078613,32,32,1,32,1,4,bfloat16,1048576,79.85279715061188,20,6.756909370422363,106.60970652103424,10,10,10485760,False
B200_180GB_budget,167.63806343078613,32,32,1,32,1,4,fp8_e4m3,1024,79.85279715061188,20,0.010205268859863281,99.86300241947174,6642,6642,6801408,False
B200_180GB_budget,167.63806343078613,32,32,1,32,1,4,fp8_e4m3,8192,79.85279715061188,20,0.03327655792236328,99.88607370853424,2037,2037,16687104,False
B200_180GB_budget,167.63806343078613,32,32,1,32,1,4,fp8_e4m3,32768,79.85279715061188,20,0.11237812042236328,99.96517527103424,603,603,19759104,False
B200_180GB_budget,167.63806343078613,32,32,1,32,1,4,fp8_e4m3,131072,79.85279715061188,20,0.4287843704223633,100.28158152103424,158,158,20709376,False
B200_180GB_budget,167.63806343078613,32,32,1,32,1,4,fp8_e4m3,524288,79.85279715061188,20,1.6944093704223633,101.54720652103424,40,40,20971520,False
B200_180GB_budget,167.63806343078613,32,32,1,32,1,4,fp8_e4m3,1048576,79.85279715061188,20,3.3819093704223633,103.23470652103424,20,20,20971520,False
B200_180GB_budget,167.63806343078613,32,32,1,32,1,8,bfloat16,1024,79.85279715061188,20,0.010205268859863281,99.86300241947174,6642,6642,6801408,False
B200_180GB_budget,167.63806343078613,32,32,1,32,1,8,bfloat16,8192,79.85279715061188,20,0.03327655792236328,99.88607370853424,2037,2037,16687104,False
B200_180GB_budget,167.63806343078613,32,32,1,32,1,8,bfloat16,32768,79.85279715061188,20,0.11237812042236328,99.96517527103424,603,603,19759104,False
B200_180GB_budget,167.63806343078613,32,32,1,32,1,8,bfloat16,131072,79.85279715061188,20,0.4287843704223633,100.28158152103424,158,158,20709376,False
B200_180GB_budget,167.63806343078613,32,32,1,32,1,8,bfloat16,524288,79.85279715061188,20,1.6944093704223633,101.54720652103424,40,40,20971520,False
B200_180GB_budget,167.63806343078613,32,32,1,32,1,8,bfloat16,1048576,79.85279715061188,20,3.3819093704223633,103.23470652103424,20,20,20971520,False
B200_180GB_budget,167.63806343078613,32,32,1,32,1,8,fp8_e4m3,1024,79.85279715061188,20,0.008557319641113281,99.86135447025299,7921,7921,8111104,False
B200_180GB_budget,167.63806343078613,32,32,1,32,1,8,fp8_e4m3,8192,79.85279715061188,20,0.02009296417236328,99.87289011478424,3373,3373,27631616,False
B200_180GB_budget,167.63806343078613,32,32,1,32,1,8,fp8_e4m3,32768,79.85279715061188,20,0.05964374542236328,99.91244089603424,1136,1136,37224448,False
B200_180GB_budget,167.63806343078613,32,32,1,32,1,8,fp8_e4m3,131072,79.85279715061188,20,0.21784687042236328,100.07064402103424,311,311,40763392,False
B200_180GB_budget,167.63806343078613,32,32,1,32,1,8,fp8_e4m3,524288,79.85279715061188,20,0.8506593704223633,100.70345652103424,79,79,41418752,False
B200_180GB_budget,167.63806343078613,32,32,1,32,1,8,fp8_e4m3,1048576,79.85279715061188,20,1.6944093704223633,101.54720652103424,40,40,41943040,False
B300_270GB_budget,251.4570951461792,1,1,1,1,1,1,bfloat16,1024,1453.664777815342,20,0.247467041015625,1473.9122448563576,0,0,0,True
B300_270GB_budget,251.4570951461792,1,1,1,1,1,1,bfloat16,8192,1453.664777815342,20,0.432037353515625,1474.0968151688576,0,0,0,True
B300_270GB_budget,251.4570951461792,1,1,1,1,1,1,bfloat16,32768,1453.664777815342,20,1.064849853515625,1474.7296276688576,0,0,0,True
B300_270GB_budget,251.4570951461792,1,1,1,1,1,1,bfloat16,131072,1453.664777815342,20,3.596099853515625,1477.2608776688576,0,0,0,True
B300_270GB_budget,251.4570951461792,1,1,1,1,1,1,bfloat16,524288,1453.664777815342,20,13.721099853515625,1487.3858776688576,0,0,0,True
B300_270GB_budget,251.4570951461792,1,1,1,1,1,1,bfloat16,1048576,1453.664777815342,20,27.221099853515625,1500.8858776688576,0,0,0,True
B300_270GB_budget,251.4570951461792,1,1,1,1,1,1,fp8_e4m3,1024,1453.664777815342,20,0.234283447265625,1473.8990612626076,0,0,0,True
B300_270GB_budget,251.4570951461792,1,1,1,1,1,1,fp8_e4m3,8192,1453.664777815342,20,0.326568603515625,1473.9913464188576,0,0,0,True
B300_270GB_budget,251.4570951461792,1,1,1,1,1,1,fp8_e4m3,32768,1453.664777815342,20,0.642974853515625,1474.3077526688576,0,0,0,True
B300_270GB_budget,251.4570951461792,1,1,1,1,1,1,fp8_e4m3,131072,1453.664777815342,20,1.908599853515625,1475.5733776688576,0,0,0,True
B300_270GB_budget,251.4570951461792,1,1,1,1,1,1,fp8_e4m3,524288,1453.664777815342,20,6.971099853515625,1480.6358776688576,0,0,0,True
B300_270GB_budget,251.4570951461792,1,1,1,1,1,1,fp8_e4m3,1048576,1453.664777815342,20,13.721099853515625,1487.3858776688576,0,0,0,True
B300_270GB_budget,251.4570951461792,2,1,2,2,1,1,bfloat16,1024,780.1062148213387,20,0.247467041015625,800.3536818623543,0,0,0,True
B300_270GB_budget,251.4570951461792,2,1,2,2,1,1,bfloat16,8192,780.1062148213387,20,0.432037353515625,800.5382521748543,0,0,0,True
B300_270GB_budget,251.4570951461792,2,1,2,2,1,1,bfloat16,32768,780.1062148213387,20,1.064849853515625,801.1710646748543,0,0,0,True
B300_270GB_budget,251.4570951461792,2,1,2,2,1,1,bfloat16,131072,780.1062148213387,20,3.596099853515625,803.7023146748543,0,0,0,True
B300_270GB_budget,251.4570951461792,2,1,2,2,1,1,bfloat16,524288,780.1062148213387,20,13.721099853515625,813.8273146748543,0,0,0,True
B300_270GB_budget,251.4570951461792,2,1,2,2,1,1,bfloat16,1048576,780.1062148213387,20,27.221099853515625,827.3273146748543,0,0,0,True
B300_270GB_budget,251.4570951461792,2,1,2,2,1,1,fp8_e4m3,1024,780.1062148213387,20,0.234283447265625,800.3404982686043,0,0,0,True
B300_270GB_budget,251.4570951461792,2,1,2,2,1,1,fp8_e4m3,8192,780.1062148213387,20,0.326568603515625,800.4327834248543,0,0,0,True
B300_270GB_budget,251.4570951461792,2,1,2,2,1,1,fp8_e4m3,32768,780.1062148213387,20,0.642974853515625,800.7491896748543,0,0,0,True
B300_270GB_budget,251.4570951461792,2,1,2,2,1,1,fp8_e4m3,131072,780.1062148213387,20,1.908599853515625,802.0148146748543,0,0,0,True
B300_270GB_budget,251.4570951461792,2,1,2,2,1,1,fp8_e4m3,524288,780.1062148213387,20,6.971099853515625,807.0773146748543,0,0,0,True
B300_270GB_budget,251.4570951461792,2,1,2,2,1,1,fp8_e4m3,1048576,780.1062148213387,20,13.721099853515625,813.8273146748543,0,0,0,True
B300_270GB_budget,251.4570951461792,2,2,1,2,1,1,bfloat16,1024,744.60052973032,20,0.1369171142578125,764.7374468445778,0,0,0,True
B300_270GB_budget,251.4570951461792,2,2,1,2,1,1,bfloat16,8192,744.60052973032,20,0.3214874267578125,764.9220171570778,0,0,0,True
B300_270GB_budget,251.4570951461792,2,2,1,2,1,1,bfloat16,32768,744.60052973032,20,0.9542999267578125,765.5548296570778,0,0,0,True
B300_270GB_budget,251.4570951461792,2,2,1,2,1,1,bfloat16,131072,744.60052973032,20,3.4855499267578125,768.0860796570778,0,0,0,True
B300_270GB_budget,251.4570951461792,2,2,1,2,1,1,bfloat16,524288,744.60052973032,20,13.610549926757812,778.2110796570778,0,0,0,True
B300_270GB_budget,251.4570951461792,2,2,1,2,1,1,bfloat16,1048576,744.60052973032,20,27.110549926757812,791.7110796570778,0,0,0,True
B300_270GB_budget,251.4570951461792,2,2,1,2,1,1,fp8_e4m3,1024,744.60052973032,20,0.1237335205078125,764.7242632508278,0,0,0,True
B300_270GB_budget,251.4570951461792,2,2,1,2,1,1,fp8_e4m3,8192,744.60052973032,20,0.2160186767578125,764.8165484070778,0,0,0,True
B300_270GB_budget,251.4570951461792,2,2,1,2,1,1,fp8_e4m3,32768,744.60052973032,20,0.5324249267578125,765.1329546570778,0,0,0,True
B300_270GB_budget,251.4570951461792,2,2,1,2,1,1,fp8_e4m3,131072,744.60052973032,20,1.7980499267578125,766.3985796570778,0,0,0,True
B300_270GB_budget,251.4570951461792,2,2,1,2,1,1,fp8_e4m3,524288,744.60052973032,20,6.8605499267578125,771.4610796570778,0,0,0,True
B300_270GB_budget,251.4570951461792,2,2,1,2,1,1,fp8_e4m3,1048576,744.60052973032,20,13.610549926757812,778.2110796570778,0,0,0,True
B300_270GB_budget,251.4570951461792,2,2,1,2,1,2,bfloat16,1024,744.60052973032,20,0.1237335205078125,764.7242632508278,0,0,0,False
B300_270GB_budget,251.4570951461792,2,2,1,2,1,2,bfloat16,8192,744.60052973032,20,0.2160186767578125,764.8165484070778,0,0,0,False
B300_270GB_budget,251.4570951461792,2,2,1,2,1,2,bfloat16,32768,744.60052973032,20,0.5324249267578125,765.1329546570778,0,0,0,False
B300_270GB_budget,251.4570951461792,2,2,1,2,1,2,bfloat16,131072,744.60052973032,20,1.7980499267578125,766.3985796570778,0,0,0,False
B300_270GB_budget,251.4570951461792,2,2,1,2,1,2,bfloat16,524288,744.60052973032,20,6.8605499267578125,771.4610796570778,0,0,0,False
B300_270GB_budget,251.4570951461792,2,2,1,2,1,2,bfloat16,1048576,744.60052973032,20,13.610549926757812,778.2110796570778,0,0,0,False
B300_270GB_budget,251.4570951461792,2,2,1,2,1,2,fp8_e4m3,1024,744.60052973032,20,0.1171417236328125,764.7176714539528,0,0,0,False
B300_270GB_budget,251.4570951461792,2,2,1,2,1,2,fp8_e4m3,8192,744.60052973032,20,0.1632843017578125,764.7638140320778,0,0,0,False
B300_270GB_budget,251.4570951461792,2,2,1,2,1,2,fp8_e4m3,32768,744.60052973032,20,0.3214874267578125,764.9220171570778,0,0,0,False
B300_270GB_budget,251.4570951461792,2,2,1,2,1,2,fp8_e4m3,131072,744.60052973032,20,0.9542999267578125,765.5548296570778,0,0,0,False
B300_270GB_budget,251.4570951461792,2,2,1,2,1,2,fp8_e4m3,524288,744.60052973032,20,3.4855499267578125,768.0860796570778,0,0,0,False
B300_270GB_budget,251.4570951461792,2,2,1,2,1,2,fp8_e4m3,1048576,744.60052973032,20,6.8605499267578125,771.4610796570778,0,0,0,False
B300_270GB_budget,251.4570951461792,4,1,4,4,1,1,bfloat16,1024,443.326933324337,20,0.247467041015625,463.57440036535263,0,0,0,True
B300_270GB_budget,251.4570951461792,4,1,4,4,1,1,bfloat16,8192,443.326933324337,20,0.432037353515625,463.75897067785263,0,0,0,True
B300_270GB_budget,251.4570951461792,4,1,4,4,1,1,bfloat16,32768,443.326933324337,20,1.064849853515625,464.39178317785263,0,0,0,True
B300_270GB_budget,251.4570951461792,4,1,4,4,1,1,bfloat16,131072,443.326933324337,20,3.596099853515625,466.92303317785263,0,0,0,True
B300_270GB_budget,251.4570951461792,4,1,4,4,1,1,bfloat16,524288,443.326933324337,20,13.721099853515625,477.04803317785263,0,0,0,True
B300_270GB_budget,251.4570951461792,4,1,4,4,1,1,bfloat16,1048576,443.326933324337,20,27.221099853515625,490.54803317785263,0,0,0,True
B300_270GB_budget,251.4570951461792,4,1,4,4,1,1,fp8_e4m3,1024,443.326933324337,20,0.234283447265625,463.56121677160263,0,0,0,True
B300_270GB_budget,251.4570951461792,4,1,4,4,1,1,fp8_e4m3,8192,443.326933324337,20,0.326568603515625,463.65350192785263,0,0,0,True
B300_270GB_budget,251.4570951461792,4,1,4,4,1,1,fp8_e4m3,32768,443.326933324337,20,0.642974853515625,463.96990817785263,0,0,0,True
B300_270GB_budget,251.4570951461792,4,1,4,4,1,1,fp8_e4m3,131072,443.326933324337,20,1.908599853515625,465.23553317785263,0,0,0,True
B300_270GB_budget,251.4570951461792,4,1,4,4,1,1,fp8_e4m3,524288,443.326933324337,20,6.971099853515625,470.29803317785263,0,0,0,True
B300_270GB_budget,251.4570951461792,4,1,4,4,1,1,fp8_e4m3,1048576,443.326933324337,20,13.721099853515625,477.04803317785263,0,0,0,True
B300_270GB_budget,251.4570951461792,4,2,2,4,1,1,bfloat16,1024,407.82124823331833,20,0.1369171142578125,427.95816534757614,0,0,0,True
B300_270GB_budget,251.4570951461792,4,2,2,4,1,1,bfloat16,8192,407.82124823331833,20,0.3214874267578125,428.14273566007614,0,0,0,True
B300_270GB_budget,251.4570951461792,4,2,2,4,1,1,bfloat16,32768,407.82124823331833,20,0.9542999267578125,428.77554816007614,0,0,0,True
B300_270GB_budget,251.4570951461792,4,2,2,4,1,1,bfloat16,131072,407.82124823331833,20,3.4855499267578125,431.30679816007614,0,0,0,True
B300_270GB_budget,251.4570951461792,4,2,2,4,1,1,bfloat16,524288,407.82124823331833,20,13.610549926757812,441.43179816007614,0,0,0,True
B300_270GB_budget,251.4570951461792,4,2,2,4,1,1,bfloat16,1048576,407.82124823331833,20,27.110549926757812,454.93179816007614,0,0,0,True
B300_270GB_budget,251.4570951461792,4,2,2,4,1,1,fp8_e4m3,1024,407.82124823331833,20,0.1237335205078125,427.94498175382614,0,0,0,True
B300_270GB_budget,251.4570951461792,4,2,2,4,1,1,fp8_e4m3,8192,407.82124823331833,20,0.2160186767578125,428.03726691007614,0,0,0,True
B300_270GB_budget,251.4570951461792,4,2,2,4,1,1,fp8_e4m3,32768,407.82124823331833,20,0.5324249267578125,428.35367316007614,0,0,0,True
B300_270GB_budget,251.4570951461792,4,2,2,4,1,1,fp8_e4m3,131072,407.82124823331833,20,1.7980499267578125,429.61929816007614,0,0,0,True
B300_270GB_budget,251.4570951461792,4,2,2,4,1,1,fp8_e4m3,524288,407.82124823331833,20,6.8605499267578125,434.68179816007614,0,0,0,True
B300_270GB_budget,251.4570951461792,4,2,2,4,1,1,fp8_e4m3,1048576,407.82124823331833,20,13.610549926757812,441.43179816007614,0,0,0,True
B300_270GB_budget,251.4570951461792,4,2,2,4,1,2,bfloat16,1024,407.82124823331833,20,0.1237335205078125,427.94498175382614,0,0,0,False
B300_270GB_budget,251.4570951461792,4,2,2,4,1,2,bfloat16,8192,407.82124823331833,20,0.2160186767578125,428.03726691007614,0,0,0,False
B300_270GB_budget,251.4570951461792,4,2,2,4,1,2,bfloat16,32768,407.82124823331833,20,0.5324249267578125,428.35367316007614,0,0,0,False
B300_270GB_budget,251.4570951461792,4,2,2,4,1,2,bfloat16,131072,407.82124823331833,20,1.7980499267578125,429.61929816007614,0,0,0,False
B300_270GB_budget,251.4570951461792,4,2,2,4,1,2,bfloat16,524288,407.82124823331833,20,6.8605499267578125,434.68179816007614,0,0,0,False
B300_270GB_budget,251.4570951461792,4,2,2,4,1,2,bfloat16,1048576,407.82124823331833,20,13.610549926757812,441.43179816007614,0,0,0,False
B300_270GB_budget,251.4570951461792,4,2,2,4,1,2,fp8_e4m3,1024,407.82124823331833,20,0.1171417236328125,427.93838995695114,0,0,0,False
B300_270GB_budget,251.4570951461792,4,2,2,4,1,2,fp8_e4m3,8192,407.82124823331833,20,0.1632843017578125,427.98453253507614,0,0,0,False
B300_270GB_budget,251.4570951461792,4,2,2,4,1,2,fp8_e4m3,32768,407.82124823331833,20,0.3214874267578125,428.14273566007614,0,0,0,False
B300_270GB_budget,251.4570951461792,4,2,2,4,1,2,fp8_e4m3,131072,407.82124823331833,20,0.9542999267578125,428.77554816007614,0,0,0,False
B300_270GB_budget,251.4570951461792,4,2,2,4,1,2,fp8_e4m3,524288,407.82124823331833,20,3.4855499267578125,431.30679816007614,0,0,0,False
B300_270GB_budget,251.4570951461792,4,2,2,4,1,2,fp8_e4m3,1048576,407.82124823331833,20,6.8605499267578125,434.68179816007614,0,0,0,False
B300_270GB_budget,251.4570951461792,4,4,1,4,1,1,bfloat16,1024,390.068405687809,20,0.08164215087890625,410.1500478386879,0,0,0,True
B300_270GB_budget,251.4570951461792,4,4,1,4,1,1,bfloat16,8192,390.068405687809,20,0.26621246337890625,410.3346181511879,0,0,0,True
B300_270GB_budget,251.4570951461792,4,4,1,4,1,1,bfloat16,32768,390.068405687809,20,0.8990249633789062,410.9674306511879,0,0,0,True
B300_270GB_budget,251.4570951461792,4,4,1,4,1,1,bfloat16,131072,390.068405687809,20,3.4302749633789062,413.4986806511879,0,0,0,True
B300_270GB_budget,251.4570951461792,4,4,1,4,1,1,bfloat16,524288,390.068405687809,20,13.555274963378906,423.6236806511879,0,0,0,True
B300_270GB_budget,251.4570951461792,4,4,1,4,1,1,bfloat16,1048576,390.068405687809,20,27.055274963378906,437.1236806511879,0,0,0,True
B300_270GB_budget,251.4570951461792,4,4,1,4,1,1,fp8_e4m3,1024,390.068405687809,20,0.06845855712890625,410.1368642449379,0,0,0,True
B300_270GB_budget,251.4570951461792,4,4,1,4,1,1,fp8_e4m3,8192,390.068405687809,20,0.16074371337890625,410.2291494011879,0,0,0,True
B300_270GB_budget,251.4570951461792,4,4,1,4,1,1,fp8_e4m3,32768,390.068405687809,20,0.47714996337890625,410.5455556511879,0,0,0,True
B300_270GB_budget,251.4570951461792,4,4,1,4,1,1,fp8_e4m3,131072,390.068405687809,20,1.7427749633789062,411.8111806511879,0,0,0,True
B300_270GB_budget,251.4570951461792,4,4,1,4,1,1,fp8_e4m3,524288,390.068405687809,20,6.805274963378906,416.8736806511879,0,0,0,True
B300_270GB_budget,251.4570951461792,4,4,1,4,1,1,fp8_e4m3,1048576,390.068405687809,20,13.555274963378906,423.6236806511879,0,0,0,True
B300_270GB_budget,251.4570951461792,4,4,1,4,1,2,bfloat16,1024,390.068405687809,20,0.06845855712890625,410.1368642449379,0,0,0,False
B300_270GB_budget,251.4570951461792,4,4,1,4,1,2,bfloat16,8192,390.068405687809,20,0.16074371337890625,410.2291494011879,0,0,0,False
B300_270GB_budget,251.4570951461792,4,4,1,4,1,2,bfloat16,32768,390.068405687809,20,0.47714996337890625,410.5455556511879,0,0,0,False
B300_270GB_budget,251.4570951461792,4,4,1,4,1,2,bfloat16,131072,390.068405687809,20,1.7427749633789062,411.8111806511879,0,0,0,False
B300_270GB_budget,251.4570951461792,4,4,1,4,1,2,bfloat16,524288,390.068405687809,20,6.805274963378906,416.8736806511879,0,0,0,False
B300_270GB_budget,251.4570951461792,4,4,1,4,1,2,bfloat16,1048576,390.068405687809,20,13.555274963378906,423.6236806511879,0,0,0,False
B300_270GB_budget,251.4570951461792,4,4,1,4,1,2,fp8_e4m3,1024,390.068405687809,20,0.06186676025390625,410.1302724480629,0,0,0,False
B300_270GB_budget,251.4570951461792,4,4,1,4,1,2,fp8_e4m3,8192,390.068405687809,20,0.10800933837890625,410.1764150261879,0,0,0,False
B300_270GB_budget,251.4570951461792,4,4,1,4,1,2,fp8_e4m3,32768,390.068405687809,20,0.26621246337890625,410.3346181511879,0,0,0,False
B300_270GB_budget,251.4570951461792,4,4,1,4,1,2,fp8_e4m3,131072,390.068405687809,20,0.8990249633789062,410.9674306511879,0,0,0,False
B300_270GB_budget,251.4570951461792,4,4,1,4,1,2,fp8_e4m3,524288,390.068405687809,20,3.4302749633789062,413.4986806511879,0,0,0,False
B300_270GB_budget,251.4570951461792,4,4,1,4,1,2,fp8_e4m3,1048576,390.068405687809,20,6.805274963378906,416.8736806511879,0,0,0,False
B300_270GB_budget,251.4570951461792,4,4,1,4,1,4,bfloat16,1024,390.068405687809,20,0.06186676025390625,410.1302724480629,0,0,0,False
B300_270GB_budget,251.4570951461792,4,4,1,4,1,4,bfloat16,8192,390.068405687809,20,0.10800933837890625,410.1764150261879,0,0,0,False
B300_270GB_budget,251.4570951461792,4,4,1,4,1,4,bfloat16,32768,390.068405687809,20,0.26621246337890625,410.3346181511879,0,0,0,False
B300_270GB_budget,251.4570951461792,4,4,1,4,1,4,bfloat16,131072,390.068405687809,20,0.8990249633789062,410.9674306511879,0,0,0,False
B300_270GB_budget,251.4570951461792,4,4,1,4,1,4,bfloat16,524288,390.068405687809,20,3.4302749633789062,413.4986806511879,0,0,0,False
B300_270GB_budget,251.4570951461792,4,4,1,4,1,4,bfloat16,1048576,390.068405687809,20,6.805274963378906,416.8736806511879,0,0,0,False
B300_270GB_budget,251.4570951461792,4,4,1,4,1,4,fp8_e4m3,1024,390.068405687809,20,0.05857086181640625,410.1269765496254,0,0,0,False
B300_270GB_budget,251.4570951461792,4,4,1,4,1,4,fp8_e4m3,8192,390.068405687809,20,0.08164215087890625,410.1500478386879,0,0,0,False
B300_270GB_budget,251.4570951461792,4,4,1,4,1,4,fp8_e4m3,32768,390.068405687809,20,0.16074371337890625,410.2291494011879,0,0,0,False
B300_270GB_budget,251.4570951461792,4,4,1,4,1,4,fp8_e4m3,131072,390.068405687809,20,0.47714996337890625,410.5455556511879,0,0,0,False
B300_270GB_budget,251.4570951461792,4,4,1,4,1,4,fp8_e4m3,524288,390.068405687809,20,1.7427749633789062,411.8111806511879,0,0,0,False
B300_270GB_budget,251.4570951461792,4,4,1,4,1,4,fp8_e4m3,1048576,390.068405687809,20,3.4302749633789062,413.4986806511879,0,0,0,False
B300_270GB_budget,251.4570951461792,8,1,8,8,1,1,bfloat16,1024,274.9372925758362,20,0.247467041015625,295.1847596168518,0,0,0,True
B300_270GB_budget,251.4570951461792,8,1,8,8,1,1,bfloat16,8192,274.9372925758362,20,0.432037353515625,295.3693299293518,0,0,0,True
B300_270GB_budget,251.4570951461792,8,1,8,8,1,1,bfloat16,32768,274.9372925758362,20,1.064849853515625,296.0021424293518,0,0,0,True
B300_270GB_budget,251.4570951461792,8,1,8,8,1,1,bfloat16,131072,274.9372925758362,20,3.596099853515625,298.5333924293518,0,0,0,True
B300_270GB_budget,251.4570951461792,8,1,8,8,1,1,bfloat16,524288,274.9372925758362,20,13.721099853515625,308.6583924293518,0,0,0,True
B300_270GB_budget,251.4570951461792,8,1,8,8,1,1,bfloat16,1048576,274.9372925758362,20,27.221099853515625,322.1583924293518,0,0,0,True
B300_270GB_budget,251.4570951461792,8,1,8,8,1,1,fp8_e4m3,1024,274.9372925758362,20,0.234283447265625,295.1715760231018,0,0,0,True
B300_270GB_budget,251.4570951461792,8,1,8,8,1,1,fp8_e4m3,8192,274.9372925758362,20,0.326568603515625,295.2638611793518,0,0,0,True
B300_270GB_budget,251.4570951461792,8,1,8,8,1,1,fp8_e4m3,32768,274.9372925758362,20,0.642974853515625,295.5802674293518,0,0,0,True
B300_270GB_budget,251.4570951461792,8,1,8,8,1,1,fp8_e4m3,131072,274.9372925758362,20,1.908599853515625,296.8458924293518,0,0,0,True
B300_270GB_budget,251.4570951461792,8,1,8,8,1,1,fp8_e4m3,524288,274.9372925758362,20,6.971099853515625,301.9083924293518,0,0,0,True
B300_270GB_budget,251.4570951461792,8,1,8,8,1,1,fp8_e4m3,1048576,274.9372925758362,20,13.721099853515625,308.6583924293518,0,0,0,True
B300_270GB_budget,251.4570951461792,8,2,4,8,1,1,bfloat16,1024,239.4316074848175,20,0.1369171142578125,259.5685245990753,0,0,0,True
B300_270GB_budget,251.4570951461792,8,2,4,8,1,1,bfloat16,8192,239.4316074848175,20,0.3214874267578125,259.7530949115753,0,0,0,True
B300_270GB_budget,251.4570951461792,8,2,4,8,1,1,bfloat16,32768,239.4316074848175,20,0.9542999267578125,260.3859074115753,0,0,0,True
B300_270GB_budget,251.4570951461792,8,2,4,8,1,1,bfloat16,131072,239.4316074848175,20,3.4855499267578125,262.9171574115753,0,0,0,True
B300_270GB_budget,251.4570951461792,8,2,4,8,1,1,bfloat16,524288,239.4316074848175,20,13.610549926757812,273.0421574115753,0,0,0,True
B300_270GB_budget,251.4570951461792,8,2,4,8,1,1,bfloat16,1048576,239.4316074848175,20,27.110549926757812,286.5421574115753,0,0,0,True
B300_270GB_budget,251.4570951461792,8,2,4,8,1,1,fp8_e4m3,1024,239.4316074848175,20,0.1237335205078125,259.5553410053253,0,0,0,True
B300_270GB_budget,251.4570951461792,8,2,4,8,1,1,fp8_e4m3,8192,239.4316074848175,20,0.2160186767578125,259.6476261615753,0,0,0,True
B300_270GB_budget,251.4570951461792,8,2,4,8,1,1,fp8_e4m3,32768,239.4316074848175,20,0.5324249267578125,259.9640324115753,0,0,0,True
B300_270GB_budget,251.4570951461792,8,2,4,8,1,1,fp8_e4m3,131072,239.4316074848175,20,1.7980499267578125,261.2296574115753,0,0,0,True
B300_270GB_budget,251.4570951461792,8,2,4,8,1,1,fp8_e4m3,524288,239.4316074848175,20,6.8605499267578125,266.2921574115753,0,0,0,True
B300_270GB_budget,251.4570951461792,8,2,4,8,1,1,fp8_e4m3,1048576,239.4316074848175,20,13.610549926757812,273.0421574115753,0,0,0,True
B300_270GB_budget,251.4570951461792,8,2,4,8,1,2,bfloat16,1024,239.4316074848175,20,0.1237335205078125,259.5553410053253,0,0,0,False
B300_270GB_budget,251.4570951461792,8,2,4,8,1,2,bfloat16,8192,239.4316074848175,20,0.2160186767578125,259.6476261615753,0,0,0,False
B300_270GB_budget,251.4570951461792,8,2,4,8,1,2,bfloat16,32768,239.4316074848175,20,0.5324249267578125,259.9640324115753,0,0,0,False
B300_270GB_budget,251.4570951461792,8,2,4,8,1,2,bfloat16,131072,239.4316074848175,20,1.7980499267578125,261.2296574115753,0,0,0,False
B300_270GB_budget,251.4570951461792,8,2,4,8,1,2,bfloat16,524288,239.4316074848175,20,6.8605499267578125,266.2921574115753,0,0,0,False
B300_270GB_budget,251.4570951461792,8,2,4,8,1,2,bfloat16,1048576,239.4316074848175,20,13.610549926757812,273.0421574115753,0,0,0,False
B300_270GB_budget,251.4570951461792,8,2,4,8,1,2,fp8_e4m3,1024,239.4316074848175,20,0.1171417236328125,259.5487492084503,0,0,0,False
B300_270GB_budget,251.4570951461792,8,2,4,8,1,2,fp8_e4m3,8192,239.4316074848175,20,0.1632843017578125,259.5948917865753,0,0,0,False
B300_270GB_budget,251.4570951461792,8,2,4,8,1,2,fp8_e4m3,32768,239.4316074848175,20,0.3214874267578125,259.7530949115753,0,0,0,False
B300_270GB_budget,251.4570951461792,8,2,4,8,1,2,fp8_e4m3,131072,239.4316074848175,20,0.9542999267578125,260.3859074115753,0,0,0,False
B300_270GB_budget,251.4570951461792,8,2,4,8,1,2,fp8_e4m3,524288,239.4316074848175,20,3.4855499267578125,262.9171574115753,0,0,0,False
B300_270GB_budget,251.4570951461792,8,2,4,8,1,2,fp8_e4m3,1048576,239.4316074848175,20,6.8605499267578125,266.2921574115753,0,0,0,False
B300_270GB_budget,251.4570951461792,8,4,2,8,1,1,bfloat16,1024,221.67876493930817,20,0.08164215087890625,241.76040709018707,119,238,243712,True
B300_270GB_budget,251.4570951461792,8,4,2,8,1,1,bfloat16,8192,221.67876493930817,20,0.26621246337890625,241.94497740268707,36,72,589824,True
B300_270GB_budget,251.4570951461792,8,4,2,8,1,1,bfloat16,32768,221.67876493930817,20,0.8990249633789062,242.57778990268707,10,20,655360,True
B300_270GB_budget,251.4570951461792,8,4,2,8,1,1,bfloat16,131072,221.67876493930817,20,3.4302749633789062,245.10903990268707,2,4,524288,True
B300_270GB_budget,251.4570951461792,8,4,2,8,1,1,bfloat16,524288,221.67876493930817,20,13.555274963378906,255.23403990268707,0,0,0,True
B300_270GB_budget,251.4570951461792,8,4,2,8,1,1,bfloat16,1048576,221.67876493930817,20,27.055274963378906,268.7340399026871,0,0,0,True
B300_270GB_budget,251.4570951461792,8,4,2,8,1,1,fp8_e4m3,1024,221.67876493930817,20,0.06845855712890625,241.74722349643707,142,284,290816,True
B300_270GB_budget,251.4570951461792,8,4,2,8,1,1,fp8_e4m3,8192,221.67876493930817,20,0.16074371337890625,241.83950865268707,60,120,983040,True
B300_270GB_budget,251.4570951461792,8,4,2,8,1,1,fp8_e4m3,32768,221.67876493930817,20,0.47714996337890625,242.15591490268707,20,40,1310720,True
B300_270GB_budget,251.4570951461792,8,4,2,8,1,1,fp8_e4m3,131072,221.67876493930817,20,1.7427749633789062,243.42153990268707,5,10,1310720,True
B300_270GB_budget,251.4570951461792,8,4,2,8,1,1,fp8_e4m3,524288,221.67876493930817,20,6.805274963378906,248.48403990268707,1,2,1048576,True
B300_270GB_budget,251.4570951461792,8,4,2,8,1,1,fp8_e4m3,1048576,221.67876493930817,20,13.555274963378906,255.23403990268707,0,0,0,True
B300_270GB_budget,251.4570951461792,8,4,2,8,1,2,bfloat16,1024,221.67876493930817,20,0.06845855712890625,241.74722349643707,142,284,290816,False
B300_270GB_budget,251.4570951461792,8,4,2,8,1,2,bfloat16,8192,221.67876493930817,20,0.16074371337890625,241.83950865268707,60,120,983040,False
B300_270GB_budget,251.4570951461792,8,4,2,8,1,2,bfloat16,32768,221.67876493930817,20,0.47714996337890625,242.15591490268707,20,40,1310720,False
B300_270GB_budget,251.4570951461792,8,4,2,8,1,2,bfloat16,131072,221.67876493930817,20,1.7427749633789062,243.42153990268707,5,10,1310720,False
B300_270GB_budget,251.4570951461792,8,4,2,8,1,2,bfloat16,524288,221.67876493930817,20,6.805274963378906,248.48403990268707,1,2,1048576,False
B300_270GB_budget,251.4570951461792,8,4,2,8,1,2,bfloat16,1048576,221.67876493930817,20,13.555274963378906,255.23403990268707,0,0,0,False
B300_270GB_budget,251.4570951461792,8,4,2,8,1,2,fp8_e4m3,1024,221.67876493930817,20,0.06186676025390625,241.74063169956207,158,316,323584,False
B300_270GB_budget,251.4570951461792,8,4,2,8,1,2,fp8_e4m3,8192,221.67876493930817,20,0.10800933837890625,241.78677427768707,90,180,1474560,False
B300_270GB_budget,251.4570951461792,8,4,2,8,1,2,fp8_e4m3,32768,221.67876493930817,20,0.26621246337890625,241.94497740268707,36,72,2359296,False
B300_270GB_budget,251.4570951461792,8,4,2,8,1,2,fp8_e4m3,131072,221.67876493930817,20,0.8990249633789062,242.57778990268707,10,20,2621440,False
B300_270GB_budget,251.4570951461792,8,4,2,8,1,2,fp8_e4m3,524288,221.67876493930817,20,3.4302749633789062,245.10903990268707,2,4,2097152,False
B300_270GB_budget,251.4570951461792,8,4,2,8,1,2,fp8_e4m3,1048576,221.67876493930817,20,6.805274963378906,248.48403990268707,1,2,2097152,False
B300_270GB_budget,251.4570951461792,8,4,2,8,1,4,bfloat16,1024,221.67876493930817,20,0.06186676025390625,241.74063169956207,158,316,323584,False
B300_270GB_budget,251.4570951461792,8,4,2,8,1,4,bfloat16,8192,221.67876493930817,20,0.10800933837890625,241.78677427768707,90,180,1474560,False
B300_270GB_budget,251.4570951461792,8,4,2,8,1,4,bfloat16,32768,221.67876493930817,20,0.26621246337890625,241.94497740268707,36,72,2359296,False
B300_270GB_budget,251.4570951461792,8,4,2,8,1,4,bfloat16,131072,221.67876493930817,20,0.8990249633789062,242.57778990268707,10,20,2621440,False
B300_270GB_budget,251.4570951461792,8,4,2,8,1,4,bfloat16,524288,221.67876493930817,20,3.4302749633789062,245.10903990268707,2,4,2097152,False
B300_270GB_budget,251.4570951461792,8,4,2,8,1,4,bfloat16,1048576,221.67876493930817,20,6.805274963378906,248.48403990268707,1,2,2097152,False
B300_270GB_budget,251.4570951461792,8,4,2,8,1,4,fp8_e4m3,1024,221.67876493930817,20,0.05857086181640625,241.73733580112457,166,332,339968,False
B300_270GB_budget,251.4570951461792,8,4,2,8,1,4,fp8_e4m3,8192,221.67876493930817,20,0.08164215087890625,241.76040709018707,119,238,1949696,False
B300_270GB_budget,251.4570951461792,8,4,2,8,1,4,fp8_e4m3,32768,221.67876493930817,20,0.16074371337890625,241.83950865268707,60,120,3932160,False
B300_270GB_budget,251.4570951461792,8,4,2,8,1,4,fp8_e4m3,131072,221.67876493930817,20,0.47714996337890625,242.15591490268707,20,40,5242880,False
B300_270GB_budget,251.4570951461792,8,4,2,8,1,4,fp8_e4m3,524288,221.67876493930817,20,1.7427749633789062,243.42153990268707,5,10,5242880,False
B300_270GB_budget,251.4570951461792,8,4,2,8,1,4,fp8_e4m3,1048576,221.67876493930817,20,3.4302749633789062,245.10903990268707,2,4,4194304,False
B300_270GB_budget,251.4570951461792,8,8,1,8,1,1,bfloat16,1024,212.8023436665535,20,0.054004669189453125,232.85634833574295,345,345,353280,True
B300_270GB_budget,251.4570951461792,8,8,1,8,1,1,bfloat16,8192,212.8023436665535,20,0.23857498168945312,233.04091864824295,78,78,638976,True
B300_270GB_budget,251.4570951461792,8,8,1,8,1,1,bfloat16,32768,212.8023436665535,20,0.8713874816894531,233.67373114824295,21,21,688128,True
B300_270GB_budget,251.4570951461792,8,8,1,8,1,1,bfloat16,131072,212.8023436665535,20,3.402637481689453,236.20498114824295,5,5,655360,True
B300_270GB_budget,251.4570951461792,8,8,1,8,1,1,bfloat16,524288,212.8023436665535,20,13.527637481689453,246.32998114824295,1,1,524288,True
B300_270GB_budget,251.4570951461792,8,8,1,8,1,1,bfloat16,1048576,212.8023436665535,20,27.027637481689453,259.82998114824295,0,0,0,True
B300_270GB_budget,251.4570951461792,8,8,1,8,1,1,fp8_e4m3,1024,212.8023436665535,20,0.040821075439453125,232.84316474199295,456,456,466944,True
B300_270GB_budget,251.4570951461792,8,8,1,8,1,1,fp8_e4m3,8192,212.8023436665535,20,0.13310623168945312,232.93544989824295,140,140,1146880,True
B300_270GB_budget,251.4570951461792,8,8,1,8,1,1,fp8_e4m3,32768,212.8023436665535,20,0.4495124816894531,233.25185614824295,41,41,1343488,True
B300_270GB_budget,251.4570951461792,8,8,1,8,1,1,fp8_e4m3,131072,212.8023436665535,20,1.7151374816894531,234.51748114824295,10,10,1310720,True
B300_270GB_budget,251.4570951461792,8,8,1,8,1,1,fp8_e4m3,524288,212.8023436665535,20,6.777637481689453,239.57998114824295,2,2,1048576,True
B300_270GB_budget,251.4570951461792,8,8,1,8,1,1,fp8_e4m3,1048576,212.8023436665535,20,13.527637481689453,246.32998114824295,1,1,1048576,True
B300_270GB_budget,251.4570951461792,8,8,1,8,1,2,bfloat16,1024,212.8023436665535,20,0.040821075439453125,232.84316474199295,456,456,466944,False
B300_270GB_budget,251.4570951461792,8,8,1,8,1,2,bfloat16,8192,212.8023436665535,20,0.13310623168945312,232.93544989824295,140,140,1146880,False
B300_270GB_budget,251.4570951461792,8,8,1,8,1,2,bfloat16,32768,212.8023436665535,20,0.4495124816894531,233.25185614824295,41,41,1343488,False
B300_270GB_budget,251.4570951461792,8,8,1,8,1,2,bfloat16,131072,212.8023436665535,20,1.7151374816894531,234.51748114824295,10,10,1310720,False
B300_270GB_budget,251.4570951461792,8,8,1,8,1,2,bfloat16,524288,212.8023436665535,20,6.777637481689453,239.57998114824295,2,2,1048576,False
B300_270GB_budget,251.4570951461792,8,8,1,8,1,2,bfloat16,1048576,212.8023436665535,20,13.527637481689453,246.32998114824295,1,1,1048576,False
B300_270GB_budget,251.4570951461792,8,8,1,8,1,2,fp8_e4m3,1024,212.8023436665535,20,0.034229278564453125,232.83657294511795,544,544,557056,False
B300_270GB_budget,251.4570951461792,8,8,1,8,1,2,fp8_e4m3,8192,212.8023436665535,20,0.08037185668945312,232.88271552324295,232,232,1900544,False
B300_270GB_budget,251.4570951461792,8,8,1,8,1,2,fp8_e4m3,32768,212.8023436665535,20,0.23857498168945312,233.04091864824295,78,78,2555904,False
B300_270GB_budget,251.4570951461792,8,8,1,8,1,2,fp8_e4m3,131072,212.8023436665535,20,0.8713874816894531,233.67373114824295,21,21,2752512,False
B300_270GB_budget,251.4570951461792,8,8,1,8,1,2,fp8_e4m3,524288,212.8023436665535,20,3.402637481689453,236.20498114824295,5,5,2621440,False
B300_270GB_budget,251.4570951461792,8,8,1,8,1,2,fp8_e4m3,1048576,212.8023436665535,20,6.777637481689453,239.57998114824295,2,2,2097152,False
B300_270GB_budget,251.4570951461792,8,8,1,8,1,4,bfloat16,1024,212.8023436665535,20,0.034229278564453125,232.83657294511795,544,544,557056,False
B300_270GB_budget,251.4570951461792,8,8,1,8,1,4,bfloat16,8192,212.8023436665535,20,0.08037185668945312,232.88271552324295,232,232,1900544,False
B300_270GB_budget,251.4570951461792,8,8,1,8,1,4,bfloat16,32768,212.8023436665535,20,0.23857498168945312,233.04091864824295,78,78,2555904,False
B300_270GB_budget,251.4570951461792,8,8,1,8,1,4,bfloat16,131072,212.8023436665535,20,0.8713874816894531,233.67373114824295,21,21,2752512,False
B300_270GB_budget,251.4570951461792,8,8,1,8,1,4,bfloat16,524288,212.8023436665535,20,3.402637481689453,236.20498114824295,5,5,2621440,False
B300_270GB_budget,251.4570951461792,8,8,1,8,1,4,bfloat16,1048576,212.8023436665535,20,6.777637481689453,239.57998114824295,2,2,2097152,False
B300_270GB_budget,251.4570951461792,8,8,1,8,1,4,fp8_e4m3,1024,212.8023436665535,20,0.030933380126953125,232.83327704668045,603,603,617472,False
B300_270GB_budget,251.4570951461792,8,8,1,8,1,4,fp8_e4m3,8192,212.8023436665535,20,0.054004669189453125,232.85634833574295,345,345,2826240,False
B300_270GB_budget,251.4570951461792,8,8,1,8,1,4,fp8_e4m3,32768,212.8023436665535,20,0.13310623168945312,232.93544989824295,140,140,4587520,False
B300_270GB_budget,251.4570951461792,8,8,1,8,1,4,fp8_e4m3,131072,212.8023436665535,20,0.4495124816894531,233.25185614824295,41,41,5373952,False
B300_270GB_budget,251.4570951461792,8,8,1,8,1,4,fp8_e4m3,524288,212.8023436665535,20,1.7151374816894531,234.51748114824295,10,10,5242880,False
B300_270GB_budget,251.4570951461792,8,8,1,8,1,4,fp8_e4m3,1048576,212.8023436665535,20,3.402637481689453,236.20498114824295,5,5,5242880,False
B300_270GB_budget,251.4570951461792,8,8,1,8,1,8,bfloat16,1024,212.8023436665535,20,0.030933380126953125,232.83327704668045,603,603,617472,False
B300_270GB_budget,251.4570951461792,8,8,1,8,1,8,bfloat16,8192,212.8023436665535,20,0.054004669189453125,232.85634833574295,345,345,2826240,False
B300_270GB_budget,251.4570951461792,8,8,1,8,1,8,bfloat16,32768,212.8023436665535,20,0.13310623168945312,232.93544989824295,140,140,4587520,False
B300_270GB_budget,251.4570951461792,8,8,1,8,1,8,bfloat16,131072,212.8023436665535,20,0.4495124816894531,233.25185614824295,41,41,5373952,False
B300_270GB_budget,251.4570951461792,8,8,1,8,1,8,bfloat16,524288,212.8023436665535,20,1.7151374816894531,234.51748114824295,10,10,5242880,False
B300_270GB_budget,251.4570951461792,8,8,1,8,1,8,bfloat16,1048576,212.8023436665535,20,3.402637481689453,236.20498114824295,5,5,5242880,False
B300_270GB_budget,251.4570951461792,8,8,1,8,1,8,fp8_e4m3,1024,212.8023436665535,20,0.029285430908203125,232.8316290974617,636,636,651264,False
B300_270GB_budget,251.4570951461792,8,8,1,8,1,8,fp8_e4m3,8192,212.8023436665535,20,0.040821075439453125,232.84316474199295,456,456,3735552,False
B300_270GB_budget,251.4570951461792,8,8,1,8,1,8,fp8_e4m3,32768,212.8023436665535,20,0.08037185668945312,232.88271552324295,232,232,7602176,False
B300_270GB_budget,251.4570951461792,8,8,1,8,1,8,fp8_e4m3,131072,212.8023436665535,20,0.23857498168945312,233.04091864824295,78,78,10223616,False
B300_270GB_budget,251.4570951461792,8,8,1,8,1,8,fp8_e4m3,524288,212.8023436665535,20,0.8713874816894531,233.67373114824295,21,21,11010048,False
B300_270GB_budget,251.4570951461792,8,8,1,8,1,8,fp8_e4m3,1048576,212.8023436665535,20,1.7151374816894531,234.51748114824295,10,10,10485760,False
B300_270GB_budget,251.4570951461792,16,1,16,16,1,1,bfloat16,1024,190.74247220158577,20,0.247467041015625,210.9899392426014,164,2624,2686976,True
B300_270GB_budget,251.4570951461792,16,1,16,16,1,1,bfloat16,8192,190.74247220158577,20,0.432037353515625,211.1745095551014,94,1504,12320768,True
B300_270GB_budget,251.4570951461792,16,1,16,16,1,1,bfloat16,32768,190.74247220158577,20,1.064849853515625,211.8073220551014,38,608,19922944,True
B300_270GB_budget,251.4570951461792,16,1,16,16,1,1,bfloat16,131072,190.74247220158577,20,3.596099853515625,214.3385720551014,11,176,23068672,True
B300_270GB_budget,251.4570951461792,16,1,16,16,1,1,bfloat16,524288,190.74247220158577,20,13.721099853515625,224.4635720551014,2,32,16777216,True
B300_270GB_budget,251.4570951461792,16,1,16,16,1,1,bfloat16,1048576,190.74247220158577,20,27.221099853515625,237.9635720551014,1,16,16777216,True
B300_270GB_budget,251.4570951461792,16,1,16,16,1,1,fp8_e4m3,1024,190.74247220158577,20,0.234283447265625,210.9767556488514,173,2768,2834432,True
B300_270GB_budget,251.4570951461792,16,1,16,16,1,1,fp8_e4m3,8192,190.74247220158577,20,0.326568603515625,211.0690408051014,124,1984,16252928,True
B300_270GB_budget,251.4570951461792,16,1,16,16,1,1,fp8_e4m3,32768,190.74247220158577,20,0.642974853515625,211.3854470551014,63,1008,33030144,True
B300_270GB_budget,251.4570951461792,16,1,16,16,1,1,fp8_e4m3,131072,190.74247220158577,20,1.908599853515625,212.6510720551014,21,336,44040192,True
B300_270GB_budget,251.4570951461792,16,1,16,16,1,1,fp8_e4m3,524288,190.74247220158577,20,6.971099853515625,217.7135720551014,5,80,41943040,True
B300_270GB_budget,251.4570951461792,16,1,16,16,1,1,fp8_e4m3,1048576,190.74247220158577,20,13.721099853515625,224.4635720551014,2,32,33554432,True
B300_270GB_budget,251.4570951461792,16,2,8,16,1,1,bfloat16,1024,155.2367871105671,20,0.1369171142578125,175.3737042248249,556,4448,4554752,True
B300_270GB_budget,251.4570951461792,16,2,8,16,1,1,bfloat16,8192,155.2367871105671,20,0.3214874267578125,175.5582745373249,237,1896,15532032,True
B300_270GB_budget,251.4570951461792,16,2,8,16,1,1,bfloat16,32768,155.2367871105671,20,0.9542999267578125,176.1910870373249,79,632,20709376,True
B300_270GB_budget,251.4570951461792,16,2,8,16,1,1,bfloat16,131072,155.2367871105671,20,3.4855499267578125,178.7223370373249,21,168,22020096,True
B300_270GB_budget,251.4570951461792,16,2,8,16,1,1,bfloat16,524288,155.2367871105671,20,13.610549926757812,188.8473370373249,5,40,20971520,True
B300_270GB_budget,251.4570951461792,16,2,8,16,1,1,bfloat16,1048576,155.2367871105671,20,27.110549926757812,202.3473370373249,2,16,16777216,True
B300_270GB_budget,251.4570951461792,16,2,8,16,1,1,fp8_e4m3,1024,155.2367871105671,20,0.1237335205078125,175.3605206310749,616,4928,5046272,True
B300_270GB_budget,251.4570951461792,16,2,8,16,1,1,fp8_e4m3,8192,155.2367871105671,20,0.2160186767578125,175.4528057873249,352,2816,23068672,True
B300_270GB_budget,251.4570951461792,16,2,8,16,1,1,fp8_e4m3,32768,155.2367871105671,20,0.5324249267578125,175.7692120373249,143,1144,37486592,True
B300_270GB_budget,251.4570951461792,16,2,8,16,1,1,fp8_e4m3,131072,155.2367871105671,20,1.7980499267578125,177.0348370373249,42,336,44040192,True
B300_270GB_budget,251.4570951461792,16,2,8,16,1,1,fp8_e4m3,524288,155.2367871105671,20,6.8605499267578125,182.0973370373249,11,88,46137344,True
B300_270GB_budget,251.4570951461792,16,2,8,16,1,1,fp8_e4m3,1048576,155.2367871105671,20,13.610549926757812,188.8473370373249,5,40,41943040,True
B300_270GB_budget,251.4570951461792,16,2,8,16,1,2,bfloat16,1024,155.2367871105671,20,0.1237335205078125,175.3605206310749,616,4928,5046272,False
B300_270GB_budget,251.4570951461792,16,2,8,16,1,2,bfloat16,8192,155.2367871105671,20,0.2160186767578125,175.4528057873249,352,2816,23068672,False
B300_270GB_budget,251.4570951461792,16,2,8,16,1,2,bfloat16,32768,155.2367871105671,20,0.5324249267578125,175.7692120373249,143,1144,37486592,False
B300_270GB_budget,251.4570951461792,16,2,8,16,1,2,bfloat16,131072,155.2367871105671,20,1.7980499267578125,177.0348370373249,42,336,44040192,False
B300_270GB_budget,251.4570951461792,16,2,8,16,1,2,bfloat16,524288,155.2367871105671,20,6.8605499267578125,182.0973370373249,11,88,46137344,False
B300_270GB_budget,251.4570951461792,16,2,8,16,1,2,bfloat16,1048576,155.2367871105671,20,13.610549926757812,188.8473370373249,5,40,41943040,False
B300_270GB_budget,251.4570951461792,16,2,8,16,1,2,fp8_e4m3,1024,155.2367871105671,20,0.1171417236328125,175.3539288341999,650,5200,5324800,False
B300_270GB_budget,251.4570951461792,16,2,8,16,1,2,fp8_e4m3,8192,155.2367871105671,20,0.1632843017578125,175.4000714123249,466,3728,30539776,False
B300_270GB_budget,251.4570951461792,16,2,8,16,1,2,fp8_e4m3,32768,155.2367871105671,20,0.3214874267578125,175.5582745373249,237,1896,62128128,False
B300_270GB_budget,251.4570951461792,16,2,8,16,1,2,fp8_e4m3,131072,155.2367871105671,20,0.9542999267578125,176.1910870373249,79,632,82837504,False
B300_270GB_budget,251.4570951461792,16,2,8,16,1,2,fp8_e4m3,524288,155.2367871105671,20,3.4855499267578125,178.7223370373249,21,168,88080384,False
B300_270GB_budget,251.4570951461792,16,2,8,16,1,2,fp8_e4m3,1048576,155.2367871105671,20,6.8605499267578125,182.0973370373249,11,88,92274688,False
B300_270GB_budget,251.4570951461792,16,4,4,16,1,1,bfloat16,1024,137.48394456505775,20,0.08164215087890625,157.56558671593666,1151,4604,4714496,True
B300_270GB_budget,251.4570951461792,16,4,4,16,1,1,bfloat16,8192,137.48394456505775,20,0.26621246337890625,157.75015702843666,353,1412,11567104,True
B300_270GB_budget,251.4570951461792,16,4,4,16,1,1,bfloat16,32768,137.48394456505775,20,0.8990249633789062,158.38296952843666,104,416,13631488,True
B300_270GB_budget,251.4570951461792,16,4,4,16,1,1,bfloat16,131072,137.48394456505775,20,3.4302749633789062,160.91421952843666,27,108,14155776,True
B300_270GB_budget,251.4570951461792,16,4,4,16,1,1,bfloat16,524288,137.48394456505775,20,13.555274963378906,171.03921952843666,6,24,12582912,True
B300_270GB_budget,251.4570951461792,16,4,4,16,1,1,bfloat16,1048576,137.48394456505775,20,27.055274963378906,184.53921952843666,3,12,12582912,True
B300_270GB_budget,251.4570951461792,16,4,4,16,1,1,fp8_e4m3,1024,137.48394456505775,20,0.06845855712890625,157.55240312218666,1372,5488,5619712,True
B300_270GB_budget,251.4570951461792,16,4,4,16,1,1,fp8_e4m3,8192,137.48394456505775,20,0.16074371337890625,157.64468827843666,584,2336,19136512,True
B300_270GB_budget,251.4570951461792,16,4,4,16,1,1,fp8_e4m3,32768,137.48394456505775,20,0.47714996337890625,157.96109452843666,196,784,25690112,True
B300_270GB_budget,251.4570951461792,16,4,4,16,1,1,fp8_e4m3,131072,137.48394456505775,20,1.7427749633789062,159.22671952843666,53,212,27787264,True
B300_270GB_budget,251.4570951461792,16,4,4,16,1,1,fp8_e4m3,524288,137.48394456505775,20,6.805274963378906,164.28921952843666,13,52,27262976,True
B300_270GB_budget,251.4570951461792,16,4,4,16,1,1,fp8_e4m3,1048576,137.48394456505775,20,13.555274963378906,171.03921952843666,6,24,25165824,True
B300_270GB_budget,251.4570951461792,16,4,4,16,1,2,bfloat16,1024,137.48394456505775,20,0.06845855712890625,157.55240312218666,1372,5488,5619712,False
B300_270GB_budget,251.4570951461792,16,4,4,16,1,2,bfloat16,8192,137.48394456505775,20,0.16074371337890625,157.64468827843666,584,2336,19136512,False
B300_270GB_budget,251.4570951461792,16,4,4,16,1,2,bfloat16,32768,137.48394456505775,20,0.47714996337890625,157.96109452843666,196,784,25690112,False
B300_270GB_budget,251.4570951461792,16,4,4,16,1,2,bfloat16,131072,137.48394456505775,20,1.7427749633789062,159.22671952843666,53,212,27787264,False
B300_270GB_budget,251.4570951461792,16,4,4,16,1,2,bfloat16,524288,137.48394456505775,20,6.805274963378906,164.28921952843666,13,52,27262976,False
B300_270GB_budget,251.4570951461792,16,4,4,16,1,2,bfloat16,1048576,137.48394456505775,20,13.555274963378906,171.03921952843666,6,24,25165824,False
B300_270GB_budget,251.4570951461792,16,4,4,16,1,2,fp8_e4m3,1024,137.48394456505775,20,0.06186676025390625,157.54581132531166,1518,6072,6217728,False
B300_270GB_budget,251.4570951461792,16,4,4,16,1,2,fp8_e4m3,8192,137.48394456505775,20,0.10800933837890625,157.59195390343666,870,3480,28508160,False
B300_270GB_budget,251.4570951461792,16,4,4,16,1,2,fp8_e4m3,32768,137.48394456505775,20,0.26621246337890625,157.75015702843666,353,1412,46268416,False
B300_270GB_budget,251.4570951461792,16,4,4,16,1,2,fp8_e4m3,131072,137.48394456505775,20,0.8990249633789062,158.38296952843666,104,416,54525952,False
B300_270GB_budget,251.4570951461792,16,4,4,16,1,2,fp8_e4m3,524288,137.48394456505775,20,3.4302749633789062,160.91421952843666,27,108,56623104,False
B300_270GB_budget,251.4570951461792,16,4,4,16,1,2,fp8_e4m3,1048576,137.48394456505775,20,6.805274963378906,164.28921952843666,13,52,54525952,False
B300_270GB_budget,251.4570951461792,16,4,4,16,1,4,bfloat16,1024,137.48394456505775,20,0.06186676025390625,157.54581132531166,1518,6072,6217728,False
B300_270GB_budget,251.4570951461792,16,4,4,16,1,4,bfloat16,8192,137.48394456505775,20,0.10800933837890625,157.59195390343666,870,3480,28508160,False
B300_270GB_budget,251.4570951461792,16,4,4,16,1,4,bfloat16,32768,137.48394456505775,20,0.26621246337890625,157.75015702843666,353,1412,46268416,False
B300_270GB_budget,251.4570951461792,16,4,4,16,1,4,bfloat16,131072,137.48394456505775,20,0.8990249633789062,158.38296952843666,104,416,54525952,False
B300_270GB_budget,251.4570951461792,16,4,4,16,1,4,bfloat16,524288,137.48394456505775,20,3.4302749633789062,160.91421952843666,27,108,56623104,False
B300_270GB_budget,251.4570951461792,16,4,4,16,1,4,bfloat16,1048576,137.48394456505775,20,6.805274963378906,164.28921952843666,13,52,54525952,False
B300_270GB_budget,251.4570951461792,16,4,4,16,1,4,fp8_e4m3,1024,137.48394456505775,20,0.05857086181640625,157.54251542687416,1604,6416,6569984,False
B300_270GB_budget,251.4570951461792,16,4,4,16,1,4,fp8_e4m3,8192,137.48394456505775,20,0.08164215087890625,157.56558671593666,1151,4604,37715968,False
B300_270GB_budget,251.4570951461792,16,4,4,16,1,4,fp8_e4m3,32768,137.48394456505775,20,0.16074371337890625,157.64468827843666,584,2336,76546048,False
B300_270GB_budget,251.4570951461792,16,4,4,16,1,4,fp8_e4m3,131072,137.48394456505775,20,0.47714996337890625,157.96109452843666,196,784,102760448,False
B300_270GB_budget,251.4570951461792,16,4,4,16,1,4,fp8_e4m3,524288,137.48394456505775,20,1.7427749633789062,159.22671952843666,53,212,111149056,False
B300_270GB_budget,251.4570951461792,16,4,4,16,1,4,fp8_e4m3,1048576,137.48394456505775,20,3.4302749633789062,160.91421952843666,27,108,113246208,False
B300_270GB_budget,251.4570951461792,16,8,2,16,1,1,bfloat16,1024,128.60752329230309,20,0.054004669189453125,148.66152796149254,1904,3808,3899392,True
B300_270GB_budget,251.4570951461792,16,8,2,16,1,1,bfloat16,8192,128.60752329230309,20,0.23857498168945312,148.84609827399254,431,862,7061504,True
B300_270GB_budget,251.4570951461792,16,8,2,16,1,1,bfloat16,32768,128.60752329230309,20,0.8713874816894531,149.47891077399254,118,236,7733248,True
B300_270GB_budget,251.4570951461792,16,8,2,16,1,1,bfloat16,131072,128.60752329230309,20,3.402637481689453,152.01016077399254,30,60,7864320,True
B300_270GB_budget,251.4570951461792,16,8,2,16,1,1,bfloat16,524288,128.60752329230309,20,13.527637481689453,162.13516077399254,7,14,7340032,True
B300_270GB_budget,251.4570951461792,16,8,2,16,1,1,bfloat16,1048576,128.60752329230309,20,27.027637481689453,175.63516077399254,3,6,6291456,True
B300_270GB_budget,251.4570951461792,16,8,2,16,1,1,fp8_e4m3,1024,128.60752329230309,20,0.040821075439453125,148.64834436774254,2519,5038,5158912,True
B300_270GB_budget,251.4570951461792,16,8,2,16,1,1,fp8_e4m3,8192,128.60752329230309,20,0.13310623168945312,148.74062952399254,772,1544,12648448,True
B300_270GB_budget,251.4570951461792,16,8,2,16,1,1,fp8_e4m3,32768,128.60752329230309,20,0.4495124816894531,149.05703577399254,228,456,14942208,True
B300_270GB_budget,251.4570951461792,16,8,2,16,1,1,fp8_e4m3,131072,128.60752329230309,20,1.7151374816894531,150.32266077399254,59,118,15466496,True
B300_270GB_budget,251.4570951461792,16,8,2,16,1,1,fp8_e4m3,524288,128.60752329230309,20,6.777637481689453,155.38516077399254,15,30,15728640,True
B300_270GB_budget,251.4570951461792,16,8,2,16,1,1,fp8_e4m3,1048576,128.60752329230309,20,13.527637481689453,162.13516077399254,7,14,14680064,True
B300_270GB_budget,251.4570951461792,16,8,2,16,1,2,bfloat16,1024,128.60752329230309,20,0.040821075439453125,148.64834436774254,2519,5038,5158912,False
B300_270GB_budget,251.4570951461792,16,8,2,16,1,2,bfloat16,8192,128.60752329230309,20,0.13310623168945312,148.74062952399254,772,1544,12648448,False
B300_270GB_budget,251.4570951461792,16,8,2,16,1,2,bfloat16,32768,128.60752329230309,20,0.4495124816894531,149.05703577399254,228,456,14942208,False
B300_270GB_budget,251.4570951461792,16,8,2,16,1,2,bfloat16,131072,128.60752329230309,20,1.7151374816894531,150.32266077399254,59,118,15466496,False
B300_270GB_budget,251.4570951461792,16,8,2,16,1,2,bfloat16,524288,128.60752329230309,20,6.777637481689453,155.38516077399254,15,30,15728640,False
B300_270GB_budget,251.4570951461792,16,8,2,16,1,2,bfloat16,1048576,128.60752329230309,20,13.527637481689453,162.13516077399254,7,14,14680064,False
B300_270GB_budget,251.4570951461792,16,8,2,16,1,2,fp8_e4m3,1024,128.60752329230309,20,0.034229278564453125,148.64175257086754,3004,6008,6152192,False
B300_270GB_budget,251.4570951461792,16,8,2,16,1,2,fp8_e4m3,8192,128.60752329230309,20,0.08037185668945312,148.68789514899254,1279,2558,20955136,False
B300_270GB_budget,251.4570951461792,16,8,2,16,1,2,fp8_e4m3,32768,128.60752329230309,20,0.23857498168945312,148.84609827399254,431,862,28246016,False
B300_270GB_budget,251.4570951461792,16,8,2,16,1,2,fp8_e4m3,131072,128.60752329230309,20,0.8713874816894531,149.47891077399254,118,236,30932992,False
B300_270GB_budget,251.4570951461792,16,8,2,16,1,2,fp8_e4m3,524288,128.60752329230309,20,3.402637481689453,152.01016077399254,30,60,31457280,False
B300_270GB_budget,251.4570951461792,16,8,2,16,1,2,fp8_e4m3,1048576,128.60752329230309,20,6.777637481689453,155.38516077399254,15,30,31457280,False
B300_270GB_budget,251.4570951461792,16,8,2,16,1,4,bfloat16,1024,128.60752329230309,20,0.034229278564453125,148.64175257086754,3004,6008,6152192,False
B300_270GB_budget,251.4570951461792,16,8,2,16,1,4,bfloat16,8192,128.60752329230309,20,0.08037185668945312,148.68789514899254,1279,2558,20955136,False
B300_270GB_budget,251.4570951461792,16,8,2,16,1,4,bfloat16,32768,128.60752329230309,20,0.23857498168945312,148.84609827399254,431,862,28246016,False
B300_270GB_budget,251.4570951461792,16,8,2,16,1,4,bfloat16,131072,128.60752329230309,20,0.8713874816894531,149.47891077399254,118,236,30932992,False
B300_270GB_budget,251.4570951461792,16,8,2,16,1,4,bfloat16,524288,128.60752329230309,20,3.402637481689453,152.01016077399254,30,60,31457280,False
B300_270GB_budget,251.4570951461792,16,8,2,16,1,4,bfloat16,1048576,128.60752329230309,20,6.777637481689453,155.38516077399254,15,30,31457280,False
B300_270GB_budget,251.4570951461792,16,8,2,16,1,4,fp8_e4m3,1024,128.60752329230309,20,0.030933380126953125,148.63845667243004,3324,6648,6807552,False
B300_270GB_budget,251.4570951461792,16,8,2,16,1,4,fp8_e4m3,8192,128.60752329230309,20,0.054004669189453125,148.66152796149254,1904,3808,31195136,False
B300_270GB_budget,251.4570951461792,16,8,2,16,1,4,fp8_e4m3,32768,128.60752329230309,20,0.13310623168945312,148.74062952399254,772,1544,50593792,False
B300_270GB_budget,251.4570951461792,16,8,2,16,1,4,fp8_e4m3,131072,128.60752329230309,20,0.4495124816894531,149.05703577399254,228,456,59768832,False
B300_270GB_budget,251.4570951461792,16,8,2,16,1,4,fp8_e4m3,524288,128.60752329230309,20,1.7151374816894531,150.32266077399254,59,118,61865984,False
B300_270GB_budget,251.4570951461792,16,8,2,16,1,4,fp8_e4m3,1048576,128.60752329230309,20,3.402637481689453,152.01016077399254,30,60,62914560,False
B300_270GB_budget,251.4570951461792,16,8,2,16,1,8,bfloat16,1024,128.60752329230309,20,0.030933380126953125,148.63845667243004,3324,6648,6807552,False
B300_270GB_budget,251.4570951461792,16,8,2,16,1,8,bfloat16,8192,128.60752329230309,20,0.054004669189453125,148.66152796149254,1904,3808,31195136,False
B300_270GB_budget,251.4570951461792,16,8,2,16,1,8,bfloat16,32768,128.60752329230309,20,0.13310623168945312,148.74062952399254,772,1544,50593792,False
B300_270GB_budget,251.4570951461792,16,8,2,16,1,8,bfloat16,131072,128.60752329230309,20,0.4495124816894531,149.05703577399254,228,456,59768832,False
B300_270GB_budget,251.4570951461792,16,8,2,16,1,8,bfloat16,524288,128.60752329230309,20,1.7151374816894531,150.32266077399254,59,118,61865984,False
B300_270GB_budget,251.4570951461792,16,8,2,16,1,8,bfloat16,1048576,128.60752329230309,20,3.402637481689453,152.01016077399254,30,60,62914560,False
B300_270GB_budget,251.4570951461792,16,8,2,16,1,8,fp8_e4m3,1024,128.60752329230309,20,0.029285430908203125,148.6368087232113,3511,7022,7190528,False
B300_270GB_budget,251.4570951461792,16,8,2,16,1,8,fp8_e4m3,8192,128.60752329230309,20,0.040821075439453125,148.64834436774254,2519,5038,41271296,False
B300_270GB_budget,251.4570951461792,16,8,2,16,1,8,fp8_e4m3,32768,128.60752329230309,20,0.08037185668945312,148.68789514899254,1279,2558,83820544,False
B300_270GB_budget,251.4570951461792,16,8,2,16,1,8,fp8_e4m3,131072,128.60752329230309,20,0.23857498168945312,148.84609827399254,431,862,112984064,False
B300_270GB_budget,251.4570951461792,16,8,2,16,1,8,fp8_e4m3,524288,128.60752329230309,20,0.8713874816894531,149.47891077399254,118,236,123731968,False
B300_270GB_budget,251.4570951461792,16,8,2,16,1,8,fp8_e4m3,1048576,128.60752329230309,20,1.7151374816894531,150.32266077399254,59,118,123731968,False
B300_270GB_budget,251.4570951461792,16,16,1,16,1,1,bfloat16,1024,124.16931265592575,20,0.04018592834472656,144.20949858427048,2669,2669,2733056,True
B300_270GB_budget,251.4570951461792,16,16,1,16,1,1,bfloat16,8192,124.16931265592575,20,0.22475624084472656,144.39406889677048,477,477,3907584,True
B300_270GB_budget,251.4570951461792,16,16,1,16,1,1,bfloat16,32768,124.16931265592575,20,0.8575687408447266,145.02688139677048,125,125,4096000,True
B300_270GB_budget,251.4570951461792,16,16,1,16,1,1,bfloat16,131072,124.16931265592575,20,3.3888187408447266,147.55813139677048,31,31,4063232,True
B300_270GB_budget,251.4570951461792,16,16,1,16,1,1,bfloat16,524288,124.16931265592575,20,13.513818740844727,157.68313139677048,7,7,3670016,True
B300_270GB_budget,251.4570951461792,16,16,1,16,1,1,bfloat16,1048576,124.16931265592575,20,27.013818740844727,171.18313139677048,3,3,3145728,True
B300_270GB_budget,251.4570951461792,16,16,1,16,1,1,fp8_e4m3,1024,124.16931265592575,20,0.027002334594726562,144.19631499052048,3973,3973,4068352,True
B300_270GB_budget,251.4570951461792,16,16,1,16,1,1,fp8_e4m3,8192,124.16931265592575,20,0.11928749084472656,144.28860014677048,899,899,7364608,True
B300_270GB_budget,251.4570951461792,16,16,1,16,1,1,fp8_e4m3,32768,124.16931265592575,20,0.43569374084472656,144.60500639677048,246,246,8060928,True
B300_270GB_budget,251.4570951461792,16,16,1,16,1,1,fp8_e4m3,131072,124.16931265592575,20,1.7013187408447266,145.87063139677048,63,63,8257536,True
B300_270GB_budget,251.4570951461792,16,16,1,16,1,1,fp8_e4m3,524288,124.16931265592575,20,6.763818740844727,150.93313139677048,15,15,7864320,True
B300_270GB_budget,251.4570951461792,16,16,1,16,1,1,fp8_e4m3,1048576,124.16931265592575,20,13.513818740844727,157.68313139677048,7,7,7340032,True
B300_270GB_budget,251.4570951461792,16,16,1,16,1,2,bfloat16,1024,124.16931265592575,20,0.027002334594726562,144.19631499052048,3973,3973,4068352,False
B300_270GB_budget,251.4570951461792,16,16,1,16,1,2,bfloat16,8192,124.16931265592575,20,0.11928749084472656,144.28860014677048,899,899,7364608,False
B300_270GB_budget,251.4570951461792,16,16,1,16,1,2,bfloat16,32768,124.16931265592575,20,0.43569374084472656,144.60500639677048,246,246,8060928,False
B300_270GB_budget,251.4570951461792,16,16,1,16,1,2,bfloat16,131072,124.16931265592575,20,1.7013187408447266,145.87063139677048,63,63,8257536,False
B300_270GB_budget,251.4570951461792,16,16,1,16,1,2,bfloat16,524288,124.16931265592575,20,6.763818740844727,150.93313139677048,15,15,7864320,False
B300_270GB_budget,251.4570951461792,16,16,1,16,1,2,bfloat16,1048576,124.16931265592575,20,13.513818740844727,157.68313139677048,7,7,7340032,False
B300_270GB_budget,251.4570951461792,16,16,1,16,1,2,fp8_e4m3,1024,124.16931265592575,20,0.020410537719726562,144.18972319364548,5256,5256,5382144,False
B300_270GB_budget,251.4570951461792,16,16,1,16,1,2,fp8_e4m3,8192,124.16931265592575,20,0.06655311584472656,144.23586577177048,1612,1612,13205504,False
B300_270GB_budget,251.4570951461792,16,16,1,16,1,2,fp8_e4m3,32768,124.16931265592575,20,0.22475624084472656,144.39406889677048,477,477,15630336,False
B300_270GB_budget,251.4570951461792,16,16,1,16,1,2,fp8_e4m3,131072,124.16931265592575,20,0.8575687408447266,145.02688139677048,125,125,16384000,False
B300_270GB_budget,251.4570951461792,16,16,1,16,1,2,fp8_e4m3,524288,124.16931265592575,20,3.3888187408447266,147.55813139677048,31,31,16252928,False
B300_270GB_budget,251.4570951461792,16,16,1,16,1,2,fp8_e4m3,1048576,124.16931265592575,20,6.763818740844727,150.93313139677048,15,15,15728640,False
B300_270GB_budget,251.4570951461792,16,16,1,16,1,4,bfloat16,1024,124.16931265592575,20,0.020410537719726562,144.18972319364548,5256,5256,5382144,False
B300_270GB_budget,251.4570951461792,16,16,1,16,1,4,bfloat16,8192,124.16931265592575,20,0.06655311584472656,144.23586577177048,1612,1612,13205504,False
B300_270GB_budget,251.4570951461792,16,16,1,16,1,4,bfloat16,32768,124.16931265592575,20,0.22475624084472656,144.39406889677048,477,477,15630336,False
B300_270GB_budget,251.4570951461792,16,16,1,16,1,4,bfloat16,131072,124.16931265592575,20,0.8575687408447266,145.02688139677048,125,125,16384000,False
B300_270GB_budget,251.4570951461792,16,16,1,16,1,4,bfloat16,524288,124.16931265592575,20,3.3888187408447266,147.55813139677048,31,31,16252928,False
B300_270GB_budget,251.4570951461792,16,16,1,16,1,4,bfloat16,1048576,124.16931265592575,20,6.763818740844727,150.93313139677048,15,15,15728640,False
B300_270GB_budget,251.4570951461792,16,16,1,16,1,4,fp8_e4m3,1024,124.16931265592575,20,0.017114639282226562,144.18642729520798,6268,6268,6418432,False
B300_270GB_budget,251.4570951461792,16,16,1,16,1,4,fp8_e4m3,8192,124.16931265592575,20,0.04018592834472656,144.20949858427048,2669,2669,21864448,False
B300_270GB_budget,251.4570951461792,16,16,1,16,1,4,fp8_e4m3,32768,124.16931265592575,20,0.11928749084472656,144.28860014677048,899,899,29458432,False
B300_270GB_budget,251.4570951461792,16,16,1,16,1,4,fp8_e4m3,131072,124.16931265592575,20,0.43569374084472656,144.60500639677048,246,246,32243712,False
B300_270GB_budget,251.4570951461792,16,16,1,16,1,4,fp8_e4m3,524288,124.16931265592575,20,1.7013187408447266,145.87063139677048,63,63,33030144,False
B300_270GB_budget,251.4570951461792,16,16,1,16,1,4,fp8_e4m3,1048576,124.16931265592575,20,3.3888187408447266,147.55813139677048,31,31,32505856,False
B300_270GB_budget,251.4570951461792,16,16,1,16,1,8,bfloat16,1024,124.16931265592575,20,0.017114639282226562,144.18642729520798,6268,6268,6418432,False
B300_270GB_budget,251.4570951461792,16,16,1,16,1,8,bfloat16,8192,124.16931265592575,20,0.04018592834472656,144.20949858427048,2669,2669,21864448,False
B300_270GB_budget,251.4570951461792,16,16,1,16,1,8,bfloat16,32768,124.16931265592575,20,0.11928749084472656,144.28860014677048,899,899,29458432,False
B300_270GB_budget,251.4570951461792,16,16,1,16,1,8,bfloat16,131072,124.16931265592575,20,0.43569374084472656,144.60500639677048,246,246,32243712,False
B300_270GB_budget,251.4570951461792,16,16,1,16,1,8,bfloat16,524288,124.16931265592575,20,1.7013187408447266,145.87063139677048,63,63,33030144,False
B300_270GB_budget,251.4570951461792,16,16,1,16,1,8,bfloat16,1048576,124.16931265592575,20,3.3888187408447266,147.55813139677048,31,31,32505856,False
B300_270GB_budget,251.4570951461792,16,16,1,16,1,8,fp8_e4m3,1024,124.16931265592575,20,0.015466690063476562,144.18477934598923,6936,6936,7102464,False
B300_270GB_budget,251.4570951461792,16,16,1,16,1,8,fp8_e4m3,8192,124.16931265592575,20,0.027002334594726562,144.19631499052048,3973,3973,32546816,False
B300_270GB_budget,251.4570951461792,16,16,1,16,1,8,fp8_e4m3,32768,124.16931265592575,20,0.06655311584472656,144.23586577177048,1612,1612,52822016,False
B300_270GB_budget,251.4570951461792,16,16,1,16,1,8,fp8_e4m3,131072,124.16931265592575,20,0.22475624084472656,144.39406889677048,477,477,62521344,False
B300_270GB_budget,251.4570951461792,16,16,1,16,1,8,fp8_e4m3,524288,124.16931265592575,20,0.8575687408447266,145.02688139677048,125,125,65536000,False
B300_270GB_budget,251.4570951461792,16,16,1,16,1,8,fp8_e4m3,1048576,124.16931265592575,20,1.7013187408447266,145.87063139677048,63,63,66060288,False
B300_270GB_budget,251.4570951461792,32,1,32,32,1,1,bfloat16,1024,148.64506201446056,20,0.247467041015625,168.8925290554762,334,10688,10944512,True
B300_270GB_budget,251.4570951461792,32,1,32,32,1,1,bfloat16,8192,148.64506201446056,20,0.432037353515625,169.0770993679762,191,6112,50069504,True
B300_270GB_budget,251.4570951461792,32,1,32,32,1,1,bfloat16,32768,148.64506201446056,20,1.064849853515625,169.7099118679762,77,2464,80740352,True
B300_270GB_budget,251.4570951461792,32,1,32,32,1,1,bfloat16,131072,148.64506201446056,20,3.596099853515625,172.2411618679762,23,736,96468992,True
B300_270GB_budget,251.4570951461792,32,1,32,32,1,1,bfloat16,524288,148.64506201446056,20,13.721099853515625,182.3661618679762,6,192,100663296,True
B300_270GB_budget,251.4570951461792,32,1,32,32,1,1,bfloat16,1048576,148.64506201446056,20,27.221099853515625,195.8661618679762,3,96,100663296,True
B300_270GB_budget,251.4570951461792,32,1,32,32,1,1,fp8_e4m3,1024,148.64506201446056,20,0.234283447265625,168.8793454617262,353,11296,11567104,True
B300_270GB_budget,251.4570951461792,32,1,32,32,1,1,fp8_e4m3,8192,148.64506201446056,20,0.326568603515625,168.9716306179762,253,8096,66322432,True
B300_270GB_budget,251.4570951461792,32,1,32,32,1,1,fp8_e4m3,32768,148.64506201446056,20,0.642974853515625,169.2880368679762,128,4096,134217728,True
B300_270GB_budget,251.4570951461792,32,1,32,32,1,1,fp8_e4m3,131072,148.64506201446056,20,1.908599853515625,170.5536618679762,43,1376,180355072,True
B300_270GB_budget,251.4570951461792,32,1,32,32,1,1,fp8_e4m3,524288,148.64506201446056,20,6.971099853515625,175.6161618679762,11,352,184549376,True
B300_270GB_budget,251.4570951461792,32,1,32,32,1,1,fp8_e4m3,1048576,148.64506201446056,20,13.721099853515625,182.3661618679762,6,192,201326592,True
B300_270GB_budget,251.4570951461792,32,2,16,32,1,1,bfloat16,1024,113.13937692344189,20,0.1369171142578125,133.2762940376997,864,13824,14155776,True
B300_270GB_budget,251.4570951461792,32,2,16,32,1,1,bfloat16,8192,113.13937692344189,20,0.3214874267578125,133.4608643501997,368,5888,48234496,True
B300_270GB_budget,251.4570951461792,32,2,16,32,1,1,bfloat16,32768,113.13937692344189,20,0.9542999267578125,134.0936768501997,123,1968,64487424,True
B300_270GB_budget,251.4570951461792,32,2,16,32,1,1,bfloat16,131072,113.13937692344189,20,3.4855499267578125,136.6249268501997,33,528,69206016,True
B300_270GB_budget,251.4570951461792,32,2,16,32,1,1,bfloat16,524288,113.13937692344189,20,13.610549926757812,146.7499268501997,8,128,67108864,True
B300_270GB_budget,251.4570951461792,32,2,16,32,1,1,bfloat16,1048576,113.13937692344189,20,27.110549926757812,160.2499268501997,4,64,67108864,True
B300_270GB_budget,251.4570951461792,32,2,16,32,1,1,fp8_e4m3,1024,113.13937692344189,20,0.1237335205078125,133.2631104439497,956,15296,15663104,True
B300_270GB_budget,251.4570951461792,32,2,16,32,1,1,fp8_e4m3,8192,113.13937692344189,20,0.2160186767578125,133.3553956001997,547,8752,71696384,True
B300_270GB_budget,251.4570951461792,32,2,16,32,1,1,fp8_e4m3,32768,113.13937692344189,20,0.5324249267578125,133.6718018501997,222,3552,116391936,True
B300_270GB_budget,251.4570951461792,32,2,16,32,1,1,fp8_e4m3,131072,113.13937692344189,20,1.7980499267578125,134.9374268501997,65,1040,136314880,True
B300_270GB_budget,251.4570951461792,32,2,16,32,1,1,fp8_e4m3,524288,113.13937692344189,20,6.8605499267578125,139.9999268501997,17,272,142606336,True
B300_270GB_budget,251.4570951461792,32,2,16,32,1,1,fp8_e4m3,1048576,113.13937692344189,20,13.610549926757812,146.7499268501997,8,128,134217728,True
B300_270GB_budget,251.4570951461792,32,2,16,32,1,2,bfloat16,1024,113.13937692344189,20,0.1237335205078125,133.2631104439497,956,15296,15663104,False
B300_270GB_budget,251.4570951461792,32,2,16,32,1,2,bfloat16,8192,113.13937692344189,20,0.2160186767578125,133.3553956001997,547,8752,71696384,False
B300_270GB_budget,251.4570951461792,32,2,16,32,1,2,bfloat16,32768,113.13937692344189,20,0.5324249267578125,133.6718018501997,222,3552,116391936,False
B300_270GB_budget,251.4570951461792,32,2,16,32,1,2,bfloat16,131072,113.13937692344189,20,1.7980499267578125,134.9374268501997,65,1040,136314880,False
B300_270GB_budget,251.4570951461792,32,2,16,32,1,2,bfloat16,524288,113.13937692344189,20,6.8605499267578125,139.9999268501997,17,272,142606336,False
B300_270GB_budget,251.4570951461792,32,2,16,32,1,2,bfloat16,1048576,113.13937692344189,20,13.610549926757812,146.7499268501997,8,128,134217728,False
B300_270GB_budget,251.4570951461792,32,2,16,32,1,2,fp8_e4m3,1024,113.13937692344189,20,0.1171417236328125,133.2565186470747,1010,16160,16547840,False
B300_270GB_budget,251.4570951461792,32,2,16,32,1,2,fp8_e4m3,8192,113.13937692344189,20,0.1632843017578125,133.3026612251997,724,11584,94896128,False
B300_270GB_budget,251.4570951461792,32,2,16,32,1,2,fp8_e4m3,32768,113.13937692344189,20,0.3214874267578125,133.4608643501997,368,5888,192937984,False
B300_270GB_budget,251.4570951461792,32,2,16,32,1,2,fp8_e4m3,131072,113.13937692344189,20,0.9542999267578125,134.0936768501997,123,1968,257949696,False
B300_270GB_budget,251.4570951461792,32,2,16,32,1,2,fp8_e4m3,524288,113.13937692344189,20,3.4855499267578125,136.6249268501997,33,528,276824064,False
B300_270GB_budget,251.4570951461792,32,2,16,32,1,2,fp8_e4m3,1048576,113.13937692344189,20,6.8605499267578125,139.9999268501997,17,272,285212672,False
B300_270GB_budget,251.4570951461792,32,4,8,32,1,1,bfloat16,1024,95.38653437793255,20,0.08164215087890625,115.46817652881145,1666,13328,13647872,True
B300_270GB_budget,251.4570951461792,32,4,8,32,1,1,bfloat16,8192,95.38653437793255,20,0.26621246337890625,115.65274684131145,511,4088,33488896,True
B300_270GB_budget,251.4570951461792,32,4,8,32,1,1,bfloat16,32768,95.38653437793255,20,0.8990249633789062,116.28555934131145,151,1208,39583744,True
B300_270GB_budget,251.4570951461792,32,4,8,32,1,1,bfloat16,131072,95.38653437793255,20,3.4302749633789062,118.81680934131145,39,312,40894464,True
B300_270GB_budget,251.4570951461792,32,4,8,32,1,1,bfloat16,524288,95.38653437793255,20,13.555274963378906,128.94180934131145,10,80,41943040,True
B300_270GB_budget,251.4570951461792,32,4,8,32,1,1,bfloat16,1048576,95.38653437793255,20,27.055274963378906,142.44180934131145,5,40,41943040,True
B300_270GB_budget,251.4570951461792,32,4,8,32,1,1,fp8_e4m3,1024,95.38653437793255,20,0.06845855712890625,115.45499293506145,1987,15896,16277504,True
B300_270GB_budget,251.4570951461792,32,4,8,32,1,1,fp8_e4m3,8192,95.38653437793255,20,0.16074371337890625,115.54727809131145,846,6768,55443456,True
B300_270GB_budget,251.4570951461792,32,4,8,32,1,1,fp8_e4m3,32768,95.38653437793255,20,0.47714996337890625,115.86368434131145,285,2280,74711040,True
B300_270GB_budget,251.4570951461792,32,4,8,32,1,1,fp8_e4m3,131072,95.38653437793255,20,1.7427749633789062,117.12930934131145,78,624,81788928,True
B300_270GB_budget,251.4570951461792,32,4,8,32,1,1,fp8_e4m3,524288,95.38653437793255,20,6.805274963378906,122.19180934131145,19,152,79691776,True
B300_270GB_budget,251.4570951461792,32,4,8,32,1,1,fp8_e4m3,1048576,95.38653437793255,20,13.555274963378906,128.94180934131145,10,80,83886080,True
B300_270GB_budget,251.4570951461792,32,4,8,32,1,2,bfloat16,1024,95.38653437793255,20,0.06845855712890625,115.45499293506145,1987,15896,16277504,False
B300_270GB_budget,251.4570951461792,32,4,8,32,1,2,bfloat16,8192,95.38653437793255,20,0.16074371337890625,115.54727809131145,846,6768,55443456,False
B300_270GB_budget,251.4570951461792,32,4,8,32,1,2,bfloat16,32768,95.38653437793255,20,0.47714996337890625,115.86368434131145,285,2280,74711040,False
B300_270GB_budget,251.4570951461792,32,4,8,32,1,2,bfloat16,131072,95.38653437793255,20,1.7427749633789062,117.12930934131145,78,624,81788928,False
B300_270GB_budget,251.4570951461792,32,4,8,32,1,2,bfloat16,524288,95.38653437793255,20,6.805274963378906,122.19180934131145,19,152,79691776,False
B300_270GB_budget,251.4570951461792,32,4,8,32,1,2,bfloat16,1048576,95.38653437793255,20,13.555274963378906,128.94180934131145,10,80,83886080,False
B300_270GB_budget,251.4570951461792,32,4,8,32,1,2,fp8_e4m3,1024,95.38653437793255,20,0.06186676025390625,115.44840113818645,2199,17592,18014208,False
B300_270GB_budget,251.4570951461792,32,4,8,32,1,2,fp8_e4m3,8192,95.38653437793255,20,0.10800933837890625,115.49454371631145,1259,10072,82509824,False
B300_270GB_budget,251.4570951461792,32,4,8,32,1,2,fp8_e4m3,32768,95.38653437793255,20,0.26621246337890625,115.65274684131145,511,4088,133955584,False
B300_270GB_budget,251.4570951461792,32,4,8,32,1,2,fp8_e4m3,131072,95.38653437793255,20,0.8990249633789062,116.28555934131145,151,1208,158334976,False
B300_270GB_budget,251.4570951461792,32,4,8,32,1,2,fp8_e4m3,524288,95.38653437793255,20,3.4302749633789062,118.81680934131145,39,312,163577856,False
B300_270GB_budget,251.4570951461792,32,4,8,32,1,2,fp8_e4m3,1048576,95.38653437793255,20,6.805274963378906,122.19180934131145,19,152,159383552,False
B300_270GB_budget,251.4570951461792,32,4,8,32,1,4,bfloat16,1024,95.38653437793255,20,0.06186676025390625,115.44840113818645,2199,17592,18014208,False
B300_270GB_budget,251.4570951461792,32,4,8,32,1,4,bfloat16,8192,95.38653437793255,20,0.10800933837890625,115.49454371631145,1259,10072,82509824,False
B300_270GB_budget,251.4570951461792,32,4,8,32,1,4,bfloat16,32768,95.38653437793255,20,0.26621246337890625,115.65274684131145,511,4088,133955584,False
B300_270GB_budget,251.4570951461792,32,4,8,32,1,4,bfloat16,131072,95.38653437793255,20,0.8990249633789062,116.28555934131145,151,1208,158334976,False
B300_270GB_budget,251.4570951461792,32,4,8,32,1,4,bfloat16,524288,95.38653437793255,20,3.4302749633789062,118.81680934131145,39,312,163577856,False
B300_270GB_budget,251.4570951461792,32,4,8,32,1,4,bfloat16,1048576,95.38653437793255,20,6.805274963378906,122.19180934131145,19,152,159383552,False
B300_270GB_budget,251.4570951461792,32,4,8,32,1,4,fp8_e4m3,1024,95.38653437793255,20,0.05857086181640625,115.44510523974895,2323,18584,19030016,False
B300_270GB_budget,251.4570951461792,32,4,8,32,1,4,fp8_e4m3,8192,95.38653437793255,20,0.08164215087890625,115.46817652881145,1666,13328,109182976,False
B300_270GB_budget,251.4570951461792,32,4,8,32,1,4,fp8_e4m3,32768,95.38653437793255,20,0.16074371337890625,115.54727809131145,846,6768,221773824,False
B300_270GB_budget,251.4570951461792,32,4,8,32,1,4,fp8_e4m3,131072,95.38653437793255,20,0.47714996337890625,115.86368434131145,285,2280,298844160,False
B300_270GB_budget,251.4570951461792,32,4,8,32,1,4,fp8_e4m3,524288,95.38653437793255,20,1.7427749633789062,117.12930934131145,78,624,327155712,False
B300_270GB_budget,251.4570951461792,32,4,8,32,1,4,fp8_e4m3,1048576,95.38653437793255,20,3.4302749633789062,118.81680934131145,39,312,327155712,False
B300_270GB_budget,251.4570951461792,32,8,4,32,1,1,bfloat16,1024,86.51011310517788,20,0.054004669189453125,106.56411777436733,2683,10732,10989568,True
B300_270GB_budget,251.4570951461792,32,8,4,32,1,1,bfloat16,8192,86.51011310517788,20,0.23857498168945312,106.74868808686733,607,2428,19890176,True
B300_270GB_budget,251.4570951461792,32,8,4,32,1,1,bfloat16,32768,86.51011310517788,20,0.8713874816894531,107.38150058686733,166,664,21757952,True
B300_270GB_budget,251.4570951461792,32,8,4,32,1,1,bfloat16,131072,86.51011310517788,20,3.402637481689453,109.91275058686733,42,168,22020096,True
B300_270GB_budget,251.4570951461792,32,8,4,32,1,1,bfloat16,524288,86.51011310517788,20,13.527637481689453,120.03775058686733,10,40,20971520,True
B300_270GB_budget,251.4570951461792,32,8,4,32,1,1,bfloat16,1048576,86.51011310517788,20,27.027637481689453,133.53775058686733,5,20,20971520,True
B300_270GB_budget,251.4570951461792,32,8,4,32,1,1,fp8_e4m3,1024,86.51011310517788,20,0.040821075439453125,106.55093418061733,3550,14200,14540800,True
B300_270GB_budget,251.4570951461792,32,8,4,32,1,1,fp8_e4m3,8192,86.51011310517788,20,0.13310623168945312,106.64321933686733,1088,4352,35651584,True
B300_270GB_budget,251.4570951461792,32,8,4,32,1,1,fp8_e4m3,32768,86.51011310517788,20,0.4495124816894531,106.95962558686733,322,1288,42205184,True
B300_270GB_budget,251.4570951461792,32,8,4,32,1,1,fp8_e4m3,131072,86.51011310517788,20,1.7151374816894531,108.22525058686733,84,336,44040192,True
B300_270GB_budget,251.4570951461792,32,8,4,32,1,1,fp8_e4m3,524288,86.51011310517788,20,6.777637481689453,113.28775058686733,21,84,44040192,True
B300_270GB_budget,251.4570951461792,32,8,4,32,1,1,fp8_e4m3,1048576,86.51011310517788,20,13.527637481689453,120.03775058686733,10,40,41943040,True
B300_270GB_budget,251.4570951461792,32,8,4,32,1,2,bfloat16,1024,86.51011310517788,20,0.040821075439453125,106.55093418061733,3550,14200,14540800,False
B300_270GB_budget,251.4570951461792,32,8,4,32,1,2,bfloat16,8192,86.51011310517788,20,0.13310623168945312,106.64321933686733,1088,4352,35651584,False
B300_270GB_budget,251.4570951461792,32,8,4,32,1,2,bfloat16,32768,86.51011310517788,20,0.4495124816894531,106.95962558686733,322,1288,42205184,False
B300_270GB_budget,251.4570951461792,32,8,4,32,1,2,bfloat16,131072,86.51011310517788,20,1.7151374816894531,108.22525058686733,84,336,44040192,False
B300_270GB_budget,251.4570951461792,32,8,4,32,1,2,bfloat16,524288,86.51011310517788,20,6.777637481689453,113.28775058686733,21,84,44040192,False
B300_270GB_budget,251.4570951461792,32,8,4,32,1,2,bfloat16,1048576,86.51011310517788,20,13.527637481689453,120.03775058686733,10,40,41943040,False
B300_270GB_budget,251.4570951461792,32,8,4,32,1,2,fp8_e4m3,1024,86.51011310517788,20,0.034229278564453125,106.54434238374233,4234,16936,17342464,False
B300_270GB_budget,251.4570951461792,32,8,4,32,1,2,fp8_e4m3,8192,86.51011310517788,20,0.08037185668945312,106.59048496186733,1803,7212,59080704,False
B300_270GB_budget,251.4570951461792,32,8,4,32,1,2,fp8_e4m3,32768,86.51011310517788,20,0.23857498168945312,106.74868808686733,607,2428,79560704,False
B300_270GB_budget,251.4570951461792,32,8,4,32,1,2,fp8_e4m3,131072,86.51011310517788,20,0.8713874816894531,107.38150058686733,166,664,87031808,False
B300_270GB_budget,251.4570951461792,32,8,4,32,1,2,fp8_e4m3,524288,86.51011310517788,20,3.402637481689453,109.91275058686733,42,168,88080384,False
B300_270GB_budget,251.4570951461792,32,8,4,32,1,2,fp8_e4m3,1048576,86.51011310517788,20,6.777637481689453,113.28775058686733,21,84,88080384,False
B300_270GB_budget,251.4570951461792,32,8,4,32,1,4,bfloat16,1024,86.51011310517788,20,0.034229278564453125,106.54434238374233,4234,16936,17342464,False
B300_270GB_budget,251.4570951461792,32,8,4,32,1,4,bfloat16,8192,86.51011310517788,20,0.08037185668945312,106.59048496186733,1803,7212,59080704,False
B300_270GB_budget,251.4570951461792,32,8,4,32,1,4,bfloat16,32768,86.51011310517788,20,0.23857498168945312,106.74868808686733,607,2428,79560704,False
B300_270GB_budget,251.4570951461792,32,8,4,32,1,4,bfloat16,131072,86.51011310517788,20,0.8713874816894531,107.38150058686733,166,664,87031808,False
B300_270GB_budget,251.4570951461792,32,8,4,32,1,4,bfloat16,524288,86.51011310517788,20,3.402637481689453,109.91275058686733,42,168,88080384,False
B300_270GB_budget,251.4570951461792,32,8,4,32,1,4,bfloat16,1048576,86.51011310517788,20,6.777637481689453,113.28775058686733,21,84,88080384,False
B300_270GB_budget,251.4570951461792,32,8,4,32,1,4,fp8_e4m3,1024,86.51011310517788,20,0.030933380126953125,106.54104648530483,4685,18740,19189760,False
B300_270GB_budget,251.4570951461792,32,8,4,32,1,4,fp8_e4m3,8192,86.51011310517788,20,0.054004669189453125,106.56411777436733,2683,10732,87916544,False
B300_270GB_budget,251.4570951461792,32,8,4,32,1,4,fp8_e4m3,32768,86.51011310517788,20,0.13310623168945312,106.64321933686733,1088,4352,142606336,False
B300_270GB_budget,251.4570951461792,32,8,4,32,1,4,fp8_e4m3,131072,86.51011310517788,20,0.4495124816894531,106.95962558686733,322,1288,168820736,False
B300_270GB_budget,251.4570951461792,32,8,4,32,1,4,fp8_e4m3,524288,86.51011310517788,20,1.7151374816894531,108.22525058686733,84,336,176160768,False
B300_270GB_budget,251.4570951461792,32,8,4,32,1,4,fp8_e4m3,1048576,86.51011310517788,20,3.402637481689453,109.91275058686733,42,168,176160768,False
B300_270GB_budget,251.4570951461792,32,8,4,32,1,8,bfloat16,1024,86.51011310517788,20,0.030933380126953125,106.54104648530483,4685,18740,19189760,False
B300_270GB_budget,251.4570951461792,32,8,4,32,1,8,bfloat16,8192,86.51011310517788,20,0.054004669189453125,106.56411777436733,2683,10732,87916544,False
B300_270GB_budget,251.4570951461792,32,8,4,32,1,8,bfloat16,32768,86.51011310517788,20,0.13310623168945312,106.64321933686733,1088,4352,142606336,False
B300_270GB_budget,251.4570951461792,32,8,4,32,1,8,bfloat16,131072,86.51011310517788,20,0.4495124816894531,106.95962558686733,322,1288,168820736,False
B300_270GB_budget,251.4570951461792,32,8,4,32,1,8,bfloat16,524288,86.51011310517788,20,1.7151374816894531,108.22525058686733,84,336,176160768,False
B300_270GB_budget,251.4570951461792,32,8,4,32,1,8,bfloat16,1048576,86.51011310517788,20,3.402637481689453,109.91275058686733,42,168,176160768,False
B300_270GB_budget,251.4570951461792,32,8,4,32,1,8,fp8_e4m3,1024,86.51011310517788,20,0.029285430908203125,106.53939853608608,4949,19796,20271104,False
B300_270GB_budget,251.4570951461792,32,8,4,32,1,8,fp8_e4m3,8192,86.51011310517788,20,0.040821075439453125,106.55093418061733,3550,14200,116326400,False
B300_270GB_budget,251.4570951461792,32,8,4,32,1,8,fp8_e4m3,32768,86.51011310517788,20,0.08037185668945312,106.59048496186733,1803,7212,236322816,False
B300_270GB_budget,251.4570951461792,32,8,4,32,1,8,fp8_e4m3,131072,86.51011310517788,20,0.23857498168945312,106.74868808686733,607,2428,318242816,False
B300_270GB_budget,251.4570951461792,32,8,4,32,1,8,fp8_e4m3,524288,86.51011310517788,20,0.8713874816894531,107.38150058686733,166,664,348127232,False
B300_270GB_budget,251.4570951461792,32,8,4,32,1,8,fp8_e4m3,1048576,86.51011310517788,20,1.7151374816894531,108.22525058686733,84,336,352321536,False
B300_270GB_budget,251.4570951461792,32,16,2,32,1,1,bfloat16,1024,82.07190246880054,20,0.04018592834472656,102.11208839714527,3717,7434,7612416,True
B300_270GB_budget,251.4570951461792,32,16,2,32,1,1,bfloat16,8192,82.07190246880054,20,0.22475624084472656,102.29665870964527,664,1328,10878976,True
B300_270GB_budget,251.4570951461792,32,16,2,32,1,1,bfloat16,32768,82.07190246880054,20,0.8575687408447266,102.92947120964527,174,348,11403264,True
B300_270GB_budget,251.4570951461792,32,16,2,32,1,1,bfloat16,131072,82.07190246880054,20,3.3888187408447266,105.46072120964527,44,88,11534336,True
B300_270GB_budget,251.4570951461792,32,16,2,32,1,1,bfloat16,524288,82.07190246880054,20,13.513818740844727,115.58572120964527,11,22,11534336,True
B300_270GB_budget,251.4570951461792,32,16,2,32,1,1,bfloat16,1048576,82.07190246880054,20,27.013818740844727,129.08572120964527,5,10,10485760,True
B300_270GB_budget,251.4570951461792,32,16,2,32,1,1,fp8_e4m3,1024,82.07190246880054,20,0.027002334594726562,102.09890480339527,5532,11064,11329536,True
B300_270GB_budget,251.4570951461792,32,16,2,32,1,1,fp8_e4m3,8192,82.07190246880054,20,0.11928749084472656,102.19118995964527,1252,2504,20512768,True
B300_270GB_budget,251.4570951461792,32,16,2,32,1,1,fp8_e4m3,32768,82.07190246880054,20,0.43569374084472656,102.50759620964527,342,684,22413312,True
B300_270GB_budget,251.4570951461792,32,16,2,32,1,1,fp8_e4m3,131072,82.07190246880054,20,1.7013187408447266,103.77322120964527,87,174,22806528,True
B300_270GB_budget,251.4570951461792,32,16,2,32,1,1,fp8_e4m3,524288,82.07190246880054,20,6.763818740844727,108.83572120964527,22,44,23068672,True
B300_270GB_budget,251.4570951461792,32,16,2,32,1,1,fp8_e4m3,1048576,82.07190246880054,20,13.513818740844727,115.58572120964527,11,22,23068672,True
B300_270GB_budget,251.4570951461792,32,16,2,32,1,2,bfloat16,1024,82.07190246880054,20,0.027002334594726562,102.09890480339527,5532,11064,11329536,False
B300_270GB_budget,251.4570951461792,32,16,2,32,1,2,bfloat16,8192,82.07190246880054,20,0.11928749084472656,102.19118995964527,1252,2504,20512768,False
B300_270GB_budget,251.4570951461792,32,16,2,32,1,2,bfloat16,32768,82.07190246880054,20,0.43569374084472656,102.50759620964527,342,684,22413312,False
B300_270GB_budget,251.4570951461792,32,16,2,32,1,2,bfloat16,131072,82.07190246880054,20,1.7013187408447266,103.77322120964527,87,174,22806528,False
B300_270GB_budget,251.4570951461792,32,16,2,32,1,2,bfloat16,524288,82.07190246880054,20,6.763818740844727,108.83572120964527,22,44,23068672,False
B300_270GB_budget,251.4570951461792,32,16,2,32,1,2,bfloat16,1048576,82.07190246880054,20,13.513818740844727,115.58572120964527,11,22,23068672,False
B300_270GB_budget,251.4570951461792,32,16,2,32,1,2,fp8_e4m3,1024,82.07190246880054,20,0.020410537719726562,102.09231300652027,7319,14638,14989312,False
B300_270GB_budget,251.4570951461792,32,16,2,32,1,2,fp8_e4m3,8192,82.07190246880054,20,0.06655311584472656,102.13845558464527,2244,4488,36765696,False
B300_270GB_budget,251.4570951461792,32,16,2,32,1,2,fp8_e4m3,32768,82.07190246880054,20,0.22475624084472656,102.29665870964527,664,1328,43515904,False
B300_270GB_budget,251.4570951461792,32,16,2,32,1,2,fp8_e4m3,131072,82.07190246880054,20,0.8575687408447266,102.92947120964527,174,348,45613056,False
B300_270GB_budget,251.4570951461792,32,16,2,32,1,2,fp8_e4m3,524288,82.07190246880054,20,3.3888187408447266,105.46072120964527,44,88,46137344,False
B300_270GB_budget,251.4570951461792,32,16,2,32,1,2,fp8_e4m3,1048576,82.07190246880054,20,6.763818740844727,108.83572120964527,22,44,46137344,False
B300_270GB_budget,251.4570951461792,32,16,2,32,1,4,bfloat16,1024,82.07190246880054,20,0.020410537719726562,102.09231300652027,7319,14638,14989312,False
B300_270GB_budget,251.4570951461792,32,16,2,32,1,4,bfloat16,8192,82.07190246880054,20,0.06655311584472656,102.13845558464527,2244,4488,36765696,False
B300_270GB_budget,251.4570951461792,32,16,2,32,1,4,bfloat16,32768,82.07190246880054,20,0.22475624084472656,102.29665870964527,664,1328,43515904,False
B300_270GB_budget,251.4570951461792,32,16,2,32,1,4,bfloat16,131072,82.07190246880054,20,0.8575687408447266,102.92947120964527,174,348,45613056,False
B300_270GB_budget,251.4570951461792,32,16,2,32,1,4,bfloat16,524288,82.07190246880054,20,3.3888187408447266,105.46072120964527,44,88,46137344,False
B300_270GB_budget,251.4570951461792,32,16,2,32,1,4,bfloat16,1048576,82.07190246880054,20,6.763818740844727,108.83572120964527,22,44,46137344,False
B300_270GB_budget,251.4570951461792,32,16,2,32,1,4,fp8_e4m3,1024,82.07190246880054,20,0.017114639282226562,102.08901710808277,8728,17456,17874944,False
B300_270GB_budget,251.4570951461792,32,16,2,32,1,4,fp8_e4m3,8192,82.07190246880054,20,0.04018592834472656,102.11208839714527,3717,7434,60899328,False
B300_270GB_budget,251.4570951461792,32,16,2,32,1,4,fp8_e4m3,32768,82.07190246880054,20,0.11928749084472656,102.19118995964527,1252,2504,82051072,False
B300_270GB_budget,251.4570951461792,32,16,2,32,1,4,fp8_e4m3,131072,82.07190246880054,20,0.43569374084472656,102.50759620964527,342,684,89653248,False
B300_270GB_budget,251.4570951461792,32,16,2,32,1,4,fp8_e4m3,524288,82.07190246880054,20,1.7013187408447266,103.77322120964527,87,174,91226112,False
B300_270GB_budget,251.4570951461792,32,16,2,32,1,4,fp8_e4m3,1048576,82.07190246880054,20,3.3888187408447266,105.46072120964527,44,88,92274688,False
B300_270GB_budget,251.4570951461792,32,16,2,32,1,8,bfloat16,1024,82.07190246880054,20,0.017114639282226562,102.08901710808277,8728,17456,17874944,False
B300_270GB_budget,251.4570951461792,32,16,2,32,1,8,bfloat16,8192,82.07190246880054,20,0.04018592834472656,102.11208839714527,3717,7434,60899328,False
B300_270GB_budget,251.4570951461792,32,16,2,32,1,8,bfloat16,32768,82.07190246880054,20,0.11928749084472656,102.19118995964527,1252,2504,82051072,False
B300_270GB_budget,251.4570951461792,32,16,2,32,1,8,bfloat16,131072,82.07190246880054,20,0.43569374084472656,102.50759620964527,342,684,89653248,False
B300_270GB_budget,251.4570951461792,32,16,2,32,1,8,bfloat16,524288,82.07190246880054,20,1.7013187408447266,103.77322120964527,87,174,91226112,False
B300_270GB_budget,251.4570951461792,32,16,2,32,1,8,bfloat16,1048576,82.07190246880054,20,3.3888187408447266,105.46072120964527,44,88,92274688,False
B300_270GB_budget,251.4570951461792,32,16,2,32,1,8,fp8_e4m3,1024,82.07190246880054,20,0.015466690063476562,102.08736915886402,9658,19316,19779584,False
B300_270GB_budget,251.4570951461792,32,16,2,32,1,8,fp8_e4m3,8192,82.07190246880054,20,0.027002334594726562,102.09890480339527,5532,11064,90636288,False
B300_270GB_budget,251.4570951461792,32,16,2,32,1,8,fp8_e4m3,32768,82.07190246880054,20,0.06655311584472656,102.13845558464527,2244,4488,147062784,False
B300_270GB_budget,251.4570951461792,32,16,2,32,1,8,fp8_e4m3,131072,82.07190246880054,20,0.22475624084472656,102.29665870964527,664,1328,174063616,False
B300_270GB_budget,251.4570951461792,32,16,2,32,1,8,fp8_e4m3,524288,82.07190246880054,20,0.8575687408447266,102.92947120964527,174,348,182452224,False
B300_270GB_budget,251.4570951461792,32,16,2,32,1,8,fp8_e4m3,1048576,82.07190246880054,20,1.7013187408447266,103.77322120964527,87,174,182452224,False
B300_270GB_budget,251.4570951461792,32,32,1,32,1,1,bfloat16,1024,79.85279715061188,20,0.03327655792236328,99.88607370853424,4555,4555,4664320,True
B300_270GB_budget,251.4570951461792,32,32,1,32,1,1,bfloat16,8192,79.85279715061188,20,0.21784687042236328,100.07064402103424,695,695,5693440,True
B300_270GB_budget,251.4570951461792,32,32,1,32,1,1,bfloat16,32768,79.85279715061188,20,0.8506593704223633,100.70345652103424,178,178,5832704,True
B300_270GB_budget,251.4570951461792,32,32,1,32,1,1,bfloat16,131072,79.85279715061188,20,3.3819093704223633,103.23470652103424,44,44,5767168,True
B300_270GB_budget,251.4570951461792,32,32,1,32,1,1,bfloat16,524288,79.85279715061188,20,13.506909370422363,113.35970652103424,11,11,5767168,True
B300_270GB_budget,251.4570951461792,32,32,1,32,1,1,bfloat16,1048576,79.85279715061188,20,27.006909370422363,126.85970652103424,5,5,5242880,True
B300_270GB_budget,251.4570951461792,32,32,1,32,1,1,fp8_e4m3,1024,79.85279715061188,20,0.02009296417236328,99.87289011478424,7545,7545,7726080,True
B300_270GB_budget,251.4570951461792,32,32,1,32,1,1,fp8_e4m3,8192,79.85279715061188,20,0.11237812042236328,99.96517527103424,1349,1349,11051008,True
B300_270GB_budget,251.4570951461792,32,32,1,32,1,1,fp8_e4m3,32768,79.85279715061188,20,0.4287843704223633,100.28158152103424,353,353,11567104,True
B300_270GB_budget,251.4570951461792,32,32,1,32,1,1,fp8_e4m3,131072,79.85279715061188,20,1.6944093704223633,101.54720652103424,89,89,11665408,True
B300_270GB_budget,251.4570951461792,32,32,1,32,1,1,fp8_e4m3,524288,79.85279715061188,20,6.756909370422363,106.60970652103424,22,22,11534336,True
B300_270GB_budget,251.4570951461792,32,32,1,32,1,1,fp8_e4m3,1048576,79.85279715061188,20,13.506909370422363,113.35970652103424,11,11,11534336,True
B300_270GB_budget,251.4570951461792,32,32,1,32,1,2,bfloat16,1024,79.85279715061188,20,0.02009296417236328,99.87289011478424,7545,7545,7726080,False
B300_270GB_budget,251.4570951461792,32,32,1,32,1,2,bfloat16,8192,79.85279715061188,20,0.11237812042236328,99.96517527103424,1349,1349,11051008,False
B300_270GB_budget,251.4570951461792,32,32,1,32,1,2,bfloat16,32768,79.85279715061188,20,0.4287843704223633,100.28158152103424,353,353,11567104,False
B300_270GB_budget,251.4570951461792,32,32,1,32,1,2,bfloat16,131072,79.85279715061188,20,1.6944093704223633,101.54720652103424,89,89,11665408,False
B300_270GB_budget,251.4570951461792,32,32,1,32,1,2,bfloat16,524288,79.85279715061188,20,6.756909370422363,106.60970652103424,22,22,11534336,False
B300_270GB_budget,251.4570951461792,32,32,1,32,1,2,bfloat16,1048576,79.85279715061188,20,13.506909370422363,113.35970652103424,11,11,11534336,False
B300_270GB_budget,251.4570951461792,32,32,1,32,1,2,fp8_e4m3,1024,79.85279715061188,20,0.013501167297363281,99.86629831790924,11228,11228,11497472,False
B300_270GB_budget,251.4570951461792,32,32,1,32,1,2,fp8_e4m3,8192,79.85279715061188,20,0.05964374542236328,99.91244089603424,2541,2541,20815872,False
B300_270GB_budget,251.4570951461792,32,32,1,32,1,2,fp8_e4m3,32768,79.85279715061188,20,0.21784687042236328,100.07064402103424,695,695,22773760,False
B300_270GB_budget,251.4570951461792,32,32,1,32,1,2,fp8_e4m3,131072,79.85279715061188,20,0.8506593704223633,100.70345652103424,178,178,23330816,False
B300_270GB_budget,251.4570951461792,32,32,1,32,1,2,fp8_e4m3,524288,79.85279715061188,20,3.3819093704223633,103.23470652103424,44,44,23068672,False
B300_270GB_budget,251.4570951461792,32,32,1,32,1,2,fp8_e4m3,1048576,79.85279715061188,20,6.756909370422363,106.60970652103424,22,22,23068672,False
B300_270GB_budget,251.4570951461792,32,32,1,32,1,4,bfloat16,1024,79.85279715061188,20,0.013501167297363281,99.86629831790924,11228,11228,11497472,False
B300_270GB_budget,251.4570951461792,32,32,1,32,1,4,bfloat16,8192,79.85279715061188,20,0.05964374542236328,99.91244089603424,2541,2541,20815872,False
B300_270GB_budget,251.4570951461792,32,32,1,32,1,4,bfloat16,32768,79.85279715061188,20,0.21784687042236328,100.07064402103424,695,695,22773760,False
B300_270GB_budget,251.4570951461792,32,32,1,32,1,4,bfloat16,131072,79.85279715061188,20,0.8506593704223633,100.70345652103424,178,178,23330816,False
B300_270GB_budget,251.4570951461792,32,32,1,32,1,4,bfloat16,524288,79.85279715061188,20,3.3819093704223633,103.23470652103424,44,44,23068672,False
B300_270GB_budget,251.4570951461792,32,32,1,32,1,4,bfloat16,1048576,79.85279715061188,20,6.756909370422363,106.60970652103424,22,22,23068672,False
B300_270GB_budget,251.4570951461792,32,32,1,32,1,4,fp8_e4m3,1024,79.85279715061188,20,0.010205268859863281,99.86300241947174,14855,14855,15211520,False
B300_270GB_budget,251.4570951461792,32,32,1,32,1,4,fp8_e4m3,8192,79.85279715061188,20,0.03327655792236328,99.88607370853424,4555,4555,37314560,False
B300_270GB_budget,251.4570951461792,32,32,1,32,1,4,fp8_e4m3,32768,79.85279715061188,20,0.11237812042236328,99.96517527103424,1349,1349,44204032,False
B300_270GB_budget,251.4570951461792,32,32,1,32,1,4,fp8_e4m3,131072,79.85279715061188,20,0.4287843704223633,100.28158152103424,353,353,46268416,False
B300_270GB_budget,251.4570951461792,32,32,1,32,1,4,fp8_e4m3,524288,79.85279715061188,20,1.6944093704223633,101.54720652103424,89,89,46661632,False
B300_270GB_budget,251.4570951461792,32,32,1,32,1,4,fp8_e4m3,1048576,79.85279715061188,20,3.3819093704223633,103.23470652103424,44,44,46137344,False
B300_270GB_budget,251.4570951461792,32,32,1,32,1,8,bfloat16,1024,79.85279715061188,20,0.010205268859863281,99.86300241947174,14855,14855,15211520,False
B300_270GB_budget,251.4570951461792,32,32,1,32,1,8,bfloat16,8192,79.85279715061188,20,0.03327655792236328,99.88607370853424,4555,4555,37314560,False
B300_270GB_budget,251.4570951461792,32,32,1,32,1,8,bfloat16,32768,79.85279715061188,20,0.11237812042236328,99.96517527103424,1349,1349,44204032,False
B300_270GB_budget,251.4570951461792,32,32,1,32,1,8,bfloat16,131072,79.85279715061188,20,0.4287843704223633,100.28158152103424,353,353,46268416,False
B300_270GB_budget,251.4570951461792,32,32,1,32,1,8,bfloat16,524288,79.85279715061188,20,1.6944093704223633,101.54720652103424,89,89,46661632,False
B300_270GB_budget,251.4570951461792,32,32,1,32,1,8,bfloat16,1048576,79.85279715061188,20,3.3819093704223633,103.23470652103424,44,44,46137344,False
B300_270GB_budget,251.4570951461792,32,32,1,32,1,8,fp8_e4m3,1024,79.85279715061188,20,0.008557319641113281,99.86135447025299,17716,17716,18141184,False
B300_270GB_budget,251.4570951461792,32,32,1,32,1,8,fp8_e4m3,8192,79.85279715061188,20,0.02009296417236328,99.87289011478424,7545,7545,61808640,False
B300_270GB_budget,251.4570951461792,32,32,1,32,1,8,fp8_e4m3,32768,79.85279715061188,20,0.05964374542236328,99.91244089603424,2541,2541,83263488,False
B300_270GB_budget,251.4570951461792,32,32,1,32,1,8,fp8_e4m3,131072,79.85279715061188,20,0.21784687042236328,100.07064402103424,695,695,91095040,False
B300_270GB_budget,251.4570951461792,32,32,1,32,1,8,fp8_e4m3,524288,79.85279715061188,20,0.8506593704223633,100.70345652103424,178,178,93323264,False
B300_270GB_budget,251.4570951461792,32,32,1,32,1,8,fp8_e4m3,1048576,79.85279715061188,20,1.6944093704223633,101.54720652103424,89,89,93323264,False
B300_288GB_budget,268.2209014892578,1,1,1,1,1,1,bfloat16,1024,1453.664777815342,20,0.247467041015625,1473.9122448563576,0,0,0,True
B300_288GB_budget,268.2209014892578,1,1,1,1,1,1,bfloat16,8192,1453.664777815342,20,0.432037353515625,1474.0968151688576,0,0,0,True
B300_288GB_budget,268.2209014892578,1,1,1,1,1,1,bfloat16,32768,1453.664777815342,20,1.064849853515625,1474.7296276688576,0,0,0,True
B300_288GB_budget,268.2209014892578,1,1,1,1,1,1,bfloat16,131072,1453.664777815342,20,3.596099853515625,1477.2608776688576,0,0,0,True
B300_288GB_budget,268.2209014892578,1,1,1,1,1,1,bfloat16,524288,1453.664777815342,20,13.721099853515625,1487.3858776688576,0,0,0,True
B300_288GB_budget,268.2209014892578,1,1,1,1,1,1,bfloat16,1048576,1453.664777815342,20,27.221099853515625,1500.8858776688576,0,0,0,True
B300_288GB_budget,268.2209014892578,1,1,1,1,1,1,fp8_e4m3,1024,1453.664777815342,20,0.234283447265625,1473.8990612626076,0,0,0,True
B300_288GB_budget,268.2209014892578,1,1,1,1,1,1,fp8_e4m3,8192,1453.664777815342,20,0.326568603515625,1473.9913464188576,0,0,0,True
B300_288GB_budget,268.2209014892578,1,1,1,1,1,1,fp8_e4m3,32768,1453.664777815342,20,0.642974853515625,1474.3077526688576,0,0,0,True
B300_288GB_budget,268.2209014892578,1,1,1,1,1,1,fp8_e4m3,131072,1453.664777815342,20,1.908599853515625,1475.5733776688576,0,0,0,True
B300_288GB_budget,268.2209014892578,1,1,1,1,1,1,fp8_e4m3,524288,1453.664777815342,20,6.971099853515625,1480.6358776688576,0,0,0,True
B300_288GB_budget,268.2209014892578,1,1,1,1,1,1,fp8_e4m3,1048576,1453.664777815342,20,13.721099853515625,1487.3858776688576,0,0,0,True
B300_288GB_budget,268.2209014892578,2,1,2,2,1,1,bfloat16,1024,780.1062148213387,20,0.247467041015625,800.3536818623543,0,0,0,True
B300_288GB_budget,268.2209014892578,2,1,2,2,1,1,bfloat16,8192,780.1062148213387,20,0.432037353515625,800.5382521748543,0,0,0,True
B300_288GB_budget,268.2209014892578,2,1,2,2,1,1,bfloat16,32768,780.1062148213387,20,1.064849853515625,801.1710646748543,0,0,0,True
B300_288GB_budget,268.2209014892578,2,1,2,2,1,1,bfloat16,131072,780.1062148213387,20,3.596099853515625,803.7023146748543,0,0,0,True
B300_288GB_budget,268.2209014892578,2,1,2,2,1,1,bfloat16,524288,780.1062148213387,20,13.721099853515625,813.8273146748543,0,0,0,True
B300_288GB_budget,268.2209014892578,2,1,2,2,1,1,bfloat16,1048576,780.1062148213387,20,27.221099853515625,827.3273146748543,0,0,0,True
B300_288GB_budget,268.2209014892578,2,1,2,2,1,1,fp8_e4m3,1024,780.1062148213387,20,0.234283447265625,800.3404982686043,0,0,0,True
B300_288GB_budget,268.2209014892578,2,1,2,2,1,1,fp8_e4m3,8192,780.1062148213387,20,0.326568603515625,800.4327834248543,0,0,0,True
B300_288GB_budget,268.2209014892578,2,1,2,2,1,1,fp8_e4m3,32768,780.1062148213387,20,0.642974853515625,800.7491896748543,0,0,0,True
B300_288GB_budget,268.2209014892578,2,1,2,2,1,1,fp8_e4m3,131072,780.1062148213387,20,1.908599853515625,802.0148146748543,0,0,0,True
B300_288GB_budget,268.2209014892578,2,1,2,2,1,1,fp8_e4m3,524288,780.1062148213387,20,6.971099853515625,807.0773146748543,0,0,0,True
B300_288GB_budget,268.2209014892578,2,1,2,2,1,1,fp8_e4m3,1048576,780.1062148213387,20,13.721099853515625,813.8273146748543,0,0,0,True
B300_288GB_budget,268.2209014892578,2,2,1,2,1,1,bfloat16,1024,744.60052973032,20,0.1369171142578125,764.7374468445778,0,0,0,True
B300_288GB_budget,268.2209014892578,2,2,1,2,1,1,bfloat16,8192,744.60052973032,20,0.3214874267578125,764.9220171570778,0,0,0,True
B300_288GB_budget,268.2209014892578,2,2,1,2,1,1,bfloat16,32768,744.60052973032,20,0.9542999267578125,765.5548296570778,0,0,0,True
B300_288GB_budget,268.2209014892578,2,2,1,2,1,1,bfloat16,131072,744.60052973032,20,3.4855499267578125,768.0860796570778,0,0,0,True
B300_288GB_budget,268.2209014892578,2,2,1,2,1,1,bfloat16,524288,744.60052973032,20,13.610549926757812,778.2110796570778,0,0,0,True
B300_288GB_budget,268.2209014892578,2,2,1,2,1,1,bfloat16,1048576,744.60052973032,20,27.110549926757812,791.7110796570778,0,0,0,True
B300_288GB_budget,268.2209014892578,2,2,1,2,1,1,fp8_e4m3,1024,744.60052973032,20,0.1237335205078125,764.7242632508278,0,0,0,True
B300_288GB_budget,268.2209014892578,2,2,1,2,1,1,fp8_e4m3,8192,744.60052973032,20,0.2160186767578125,764.8165484070778,0,0,0,True
B300_288GB_budget,268.2209014892578,2,2,1,2,1,1,fp8_e4m3,32768,744.60052973032,20,0.5324249267578125,765.1329546570778,0,0,0,True
B300_288GB_budget,268.2209014892578,2,2,1,2,1,1,fp8_e4m3,131072,744.60052973032,20,1.7980499267578125,766.3985796570778,0,0,0,True
B300_288GB_budget,268.2209014892578,2,2,1,2,1,1,fp8_e4m3,524288,744.60052973032,20,6.8605499267578125,771.4610796570778,0,0,0,True
B300_288GB_budget,268.2209014892578,2,2,1,2,1,1,fp8_e4m3,1048576,744.60052973032,20,13.610549926757812,778.2110796570778,0,0,0,True
B300_288GB_budget,268.2209014892578,2,2,1,2,1,2,bfloat16,1024,744.60052973032,20,0.1237335205078125,764.7242632508278,0,0,0,False
B300_288GB_budget,268.2209014892578,2,2,1,2,1,2,bfloat16,8192,744.60052973032,20,0.2160186767578125,764.8165484070778,0,0,0,False
B300_288GB_budget,268.2209014892578,2,2,1,2,1,2,bfloat16,32768,744.60052973032,20,0.5324249267578125,765.1329546570778,0,0,0,False
B300_288GB_budget,268.2209014892578,2,2,1,2,1,2,bfloat16,131072,744.60052973032,20,1.7980499267578125,766.3985796570778,0,0,0,False
B300_288GB_budget,268.2209014892578,2,2,1,2,1,2,bfloat16,524288,744.60052973032,20,6.8605499267578125,771.4610796570778,0,0,0,False
B300_288GB_budget,268.2209014892578,2,2,1,2,1,2,bfloat16,1048576,744.60052973032,20,13.610549926757812,778.2110796570778,0,0,0,False
B300_288GB_budget,268.2209014892578,2,2,1,2,1,2,fp8_e4m3,1024,744.60052973032,20,0.1171417236328125,764.7176714539528,0,0,0,False
B300_288GB_budget,268.2209014892578,2,2,1,2,1,2,fp8_e4m3,8192,744.60052973032,20,0.1632843017578125,764.7638140320778,0,0,0,False
B300_288GB_budget,268.2209014892578,2,2,1,2,1,2,fp8_e4m3,32768,744.60052973032,20,0.3214874267578125,764.9220171570778,0,0,0,False
B300_288GB_budget,268.2209014892578,2,2,1,2,1,2,fp8_e4m3,131072,744.60052973032,20,0.9542999267578125,765.5548296570778,0,0,0,False
B300_288GB_budget,268.2209014892578,2,2,1,2,1,2,fp8_e4m3,524288,744.60052973032,20,3.4855499267578125,768.0860796570778,0,0,0,False
B300_288GB_budget,268.2209014892578,2,2,1,2,1,2,fp8_e4m3,1048576,744.60052973032,20,6.8605499267578125,771.4610796570778,0,0,0,False
B300_288GB_budget,268.2209014892578,4,1,4,4,1,1,bfloat16,1024,443.326933324337,20,0.247467041015625,463.57440036535263,0,0,0,True
B300_288GB_budget,268.2209014892578,4,1,4,4,1,1,bfloat16,8192,443.326933324337,20,0.432037353515625,463.75897067785263,0,0,0,True
B300_288GB_budget,268.2209014892578,4,1,4,4,1,1,bfloat16,32768,443.326933324337,20,1.064849853515625,464.39178317785263,0,0,0,True
B300_288GB_budget,268.2209014892578,4,1,4,4,1,1,bfloat16,131072,443.326933324337,20,3.596099853515625,466.92303317785263,0,0,0,True
B300_288GB_budget,268.2209014892578,4,1,4,4,1,1,bfloat16,524288,443.326933324337,20,13.721099853515625,477.04803317785263,0,0,0,True
B300_288GB_budget,268.2209014892578,4,1,4,4,1,1,bfloat16,1048576,443.326933324337,20,27.221099853515625,490.54803317785263,0,0,0,True
B300_288GB_budget,268.2209014892578,4,1,4,4,1,1,fp8_e4m3,1024,443.326933324337,20,0.234283447265625,463.56121677160263,0,0,0,True
B300_288GB_budget,268.2209014892578,4,1,4,4,1,1,fp8_e4m3,8192,443.326933324337,20,0.326568603515625,463.65350192785263,0,0,0,True
B300_288GB_budget,268.2209014892578,4,1,4,4,1,1,fp8_e4m3,32768,443.326933324337,20,0.642974853515625,463.96990817785263,0,0,0,True
B300_288GB_budget,268.2209014892578,4,1,4,4,1,1,fp8_e4m3,131072,443.326933324337,20,1.908599853515625,465.23553317785263,0,0,0,True
B300_288GB_budget,268.2209014892578,4,1,4,4,1,1,fp8_e4m3,524288,443.326933324337,20,6.971099853515625,470.29803317785263,0,0,0,True
B300_288GB_budget,268.2209014892578,4,1,4,4,1,1,fp8_e4m3,1048576,443.326933324337,20,13.721099853515625,477.04803317785263,0,0,0,True
B300_288GB_budget,268.2209014892578,4,2,2,4,1,1,bfloat16,1024,407.82124823331833,20,0.1369171142578125,427.95816534757614,0,0,0,True
B300_288GB_budget,268.2209014892578,4,2,2,4,1,1,bfloat16,8192,407.82124823331833,20,0.3214874267578125,428.14273566007614,0,0,0,True
B300_288GB_budget,268.2209014892578,4,2,2,4,1,1,bfloat16,32768,407.82124823331833,20,0.9542999267578125,428.77554816007614,0,0,0,True
B300_288GB_budget,268.2209014892578,4,2,2,4,1,1,bfloat16,131072,407.82124823331833,20,3.4855499267578125,431.30679816007614,0,0,0,True
B300_288GB_budget,268.2209014892578,4,2,2,4,1,1,bfloat16,524288,407.82124823331833,20,13.610549926757812,441.43179816007614,0,0,0,True
B300_288GB_budget,268.2209014892578,4,2,2,4,1,1,bfloat16,1048576,407.82124823331833,20,27.110549926757812,454.93179816007614,0,0,0,True
B300_288GB_budget,268.2209014892578,4,2,2,4,1,1,fp8_e4m3,1024,407.82124823331833,20,0.1237335205078125,427.94498175382614,0,0,0,True
B300_288GB_budget,268.2209014892578,4,2,2,4,1,1,fp8_e4m3,8192,407.82124823331833,20,0.2160186767578125,428.03726691007614,0,0,0,True
B300_288GB_budget,268.2209014892578,4,2,2,4,1,1,fp8_e4m3,32768,407.82124823331833,20,0.5324249267578125,428.35367316007614,0,0,0,True
B300_288GB_budget,268.2209014892578,4,2,2,4,1,1,fp8_e4m3,131072,407.82124823331833,20,1.7980499267578125,429.61929816007614,0,0,0,True
B300_288GB_budget,268.2209014892578,4,2,2,4,1,1,fp8_e4m3,524288,407.82124823331833,20,6.8605499267578125,434.68179816007614,0,0,0,True
B300_288GB_budget,268.2209014892578,4,2,2,4,1,1,fp8_e4m3,1048576,407.82124823331833,20,13.610549926757812,441.43179816007614,0,0,0,True
B300_288GB_budget,268.2209014892578,4,2,2,4,1,2,bfloat16,1024,407.82124823331833,20,0.1237335205078125,427.94498175382614,0,0,0,False
B300_288GB_budget,268.2209014892578,4,2,2,4,1,2,bfloat16,8192,407.82124823331833,20,0.2160186767578125,428.03726691007614,0,0,0,False
B300_288GB_budget,268.2209014892578,4,2,2,4,1,2,bfloat16,32768,407.82124823331833,20,0.5324249267578125,428.35367316007614,0,0,0,False
B300_288GB_budget,268.2209014892578,4,2,2,4,1,2,bfloat16,131072,407.82124823331833,20,1.7980499267578125,429.61929816007614,0,0,0,False
B300_288GB_budget,268.2209014892578,4,2,2,4,1,2,bfloat16,524288,407.82124823331833,20,6.8605499267578125,434.68179816007614,0,0,0,False
B300_288GB_budget,268.2209014892578,4,2,2,4,1,2,bfloat16,1048576,407.82124823331833,20,13.610549926757812,441.43179816007614,0,0,0,False
B300_288GB_budget,268.2209014892578,4,2,2,4,1,2,fp8_e4m3,1024,407.82124823331833,20,0.1171417236328125,427.93838995695114,0,0,0,False
B300_288GB_budget,268.2209014892578,4,2,2,4,1,2,fp8_e4m3,8192,407.82124823331833,20,0.1632843017578125,427.98453253507614,0,0,0,False
B300_288GB_budget,268.2209014892578,4,2,2,4,1,2,fp8_e4m3,32768,407.82124823331833,20,0.3214874267578125,428.14273566007614,0,0,0,False
B300_288GB_budget,268.2209014892578,4,2,2,4,1,2,fp8_e4m3,131072,407.82124823331833,20,0.9542999267578125,428.77554816007614,0,0,0,False
B300_288GB_budget,268.2209014892578,4,2,2,4,1,2,fp8_e4m3,524288,407.82124823331833,20,3.4855499267578125,431.30679816007614,0,0,0,False
B300_288GB_budget,268.2209014892578,4,2,2,4,1,2,fp8_e4m3,1048576,407.82124823331833,20,6.8605499267578125,434.68179816007614,0,0,0,False
B300_288GB_budget,268.2209014892578,4,4,1,4,1,1,bfloat16,1024,390.068405687809,20,0.08164215087890625,410.1500478386879,0,0,0,True
B300_288GB_budget,268.2209014892578,4,4,1,4,1,1,bfloat16,8192,390.068405687809,20,0.26621246337890625,410.3346181511879,0,0,0,True
B300_288GB_budget,268.2209014892578,4,4,1,4,1,1,bfloat16,32768,390.068405687809,20,0.8990249633789062,410.9674306511879,0,0,0,True
B300_288GB_budget,268.2209014892578,4,4,1,4,1,1,bfloat16,131072,390.068405687809,20,3.4302749633789062,413.4986806511879,0,0,0,True
B300_288GB_budget,268.2209014892578,4,4,1,4,1,1,bfloat16,524288,390.068405687809,20,13.555274963378906,423.6236806511879,0,0,0,True
B300_288GB_budget,268.2209014892578,4,4,1,4,1,1,bfloat16,1048576,390.068405687809,20,27.055274963378906,437.1236806511879,0,0,0,True
B300_288GB_budget,268.2209014892578,4,4,1,4,1,1,fp8_e4m3,1024,390.068405687809,20,0.06845855712890625,410.1368642449379,0,0,0,True
B300_288GB_budget,268.2209014892578,4,4,1,4,1,1,fp8_e4m3,8192,390.068405687809,20,0.16074371337890625,410.2291494011879,0,0,0,True
B300_288GB_budget,268.2209014892578,4,4,1,4,1,1,fp8_e4m3,32768,390.068405687809,20,0.47714996337890625,410.5455556511879,0,0,0,True
B300_288GB_budget,268.2209014892578,4,4,1,4,1,1,fp8_e4m3,131072,390.068405687809,20,1.7427749633789062,411.8111806511879,0,0,0,True
B300_288GB_budget,268.2209014892578,4,4,1,4,1,1,fp8_e4m3,524288,390.068405687809,20,6.805274963378906,416.8736806511879,0,0,0,True
B300_288GB_budget,268.2209014892578,4,4,1,4,1,1,fp8_e4m3,1048576,390.068405687809,20,13.555274963378906,423.6236806511879,0,0,0,True
B300_288GB_budget,268.2209014892578,4,4,1,4,1,2,bfloat16,1024,390.068405687809,20,0.06845855712890625,410.1368642449379,0,0,0,False
B300_288GB_budget,268.2209014892578,4,4,1,4,1,2,bfloat16,8192,390.068405687809,20,0.16074371337890625,410.2291494011879,0,0,0,False
B300_288GB_budget,268.2209014892578,4,4,1,4,1,2,bfloat16,32768,390.068405687809,20,0.47714996337890625,410.5455556511879,0,0,0,False
B300_288GB_budget,268.2209014892578,4,4,1,4,1,2,bfloat16,131072,390.068405687809,20,1.7427749633789062,411.8111806511879,0,0,0,False
B300_288GB_budget,268.2209014892578,4,4,1,4,1,2,bfloat16,524288,390.068405687809,20,6.805274963378906,416.8736806511879,0,0,0,False
B300_288GB_budget,268.2209014892578,4,4,1,4,1,2,bfloat16,1048576,390.068405687809,20,13.555274963378906,423.6236806511879,0,0,0,False
B300_288GB_budget,268.2209014892578,4,4,1,4,1,2,fp8_e4m3,1024,390.068405687809,20,0.06186676025390625,410.1302724480629,0,0,0,False
B300_288GB_budget,268.2209014892578,4,4,1,4,1,2,fp8_e4m3,8192,390.068405687809,20,0.10800933837890625,410.1764150261879,0,0,0,False
B300_288GB_budget,268.2209014892578,4,4,1,4,1,2,fp8_e4m3,32768,390.068405687809,20,0.26621246337890625,410.3346181511879,0,0,0,False
B300_288GB_budget,268.2209014892578,4,4,1,4,1,2,fp8_e4m3,131072,390.068405687809,20,0.8990249633789062,410.9674306511879,0,0,0,False
B300_288GB_budget,268.2209014892578,4,4,1,4,1,2,fp8_e4m3,524288,390.068405687809,20,3.4302749633789062,413.4986806511879,0,0,0,False
B300_288GB_budget,268.2209014892578,4,4,1,4,1,2,fp8_e4m3,1048576,390.068405687809,20,6.805274963378906,416.8736806511879,0,0,0,False
B300_288GB_budget,268.2209014892578,4,4,1,4,1,4,bfloat16,1024,390.068405687809,20,0.06186676025390625,410.1302724480629,0,0,0,False
B300_288GB_budget,268.2209014892578,4,4,1,4,1,4,bfloat16,8192,390.068405687809,20,0.10800933837890625,410.1764150261879,0,0,0,False
B300_288GB_budget,268.2209014892578,4,4,1,4,1,4,bfloat16,32768,390.068405687809,20,0.26621246337890625,410.3346181511879,0,0,0,False
B300_288GB_budget,268.2209014892578,4,4,1,4,1,4,bfloat16,131072,390.068405687809,20,0.8990249633789062,410.9674306511879,0,0,0,False
B300_288GB_budget,268.2209014892578,4,4,1,4,1,4,bfloat16,524288,390.068405687809,20,3.4302749633789062,413.4986806511879,0,0,0,False
B300_288GB_budget,268.2209014892578,4,4,1,4,1,4,bfloat16,1048576,390.068405687809,20,6.805274963378906,416.8736806511879,0,0,0,False
B300_288GB_budget,268.2209014892578,4,4,1,4,1,4,fp8_e4m3,1024,390.068405687809,20,0.05857086181640625,410.1269765496254,0,0,0,False
B300_288GB_budget,268.2209014892578,4,4,1,4,1,4,fp8_e4m3,8192,390.068405687809,20,0.08164215087890625,410.1500478386879,0,0,0,False
B300_288GB_budget,268.2209014892578,4,4,1,4,1,4,fp8_e4m3,32768,390.068405687809,20,0.16074371337890625,410.2291494011879,0,0,0,False
B300_288GB_budget,268.2209014892578,4,4,1,4,1,4,fp8_e4m3,131072,390.068405687809,20,0.47714996337890625,410.5455556511879,0,0,0,False
B300_288GB_budget,268.2209014892578,4,4,1,4,1,4,fp8_e4m3,524288,390.068405687809,20,1.7427749633789062,411.8111806511879,0,0,0,False
B300_288GB_budget,268.2209014892578,4,4,1,4,1,4,fp8_e4m3,1048576,390.068405687809,20,3.4302749633789062,413.4986806511879,0,0,0,False
B300_288GB_budget,268.2209014892578,8,1,8,8,1,1,bfloat16,1024,274.9372925758362,20,0.247467041015625,295.1847596168518,0,0,0,True
B300_288GB_budget,268.2209014892578,8,1,8,8,1,1,bfloat16,8192,274.9372925758362,20,0.432037353515625,295.3693299293518,0,0,0,True
B300_288GB_budget,268.2209014892578,8,1,8,8,1,1,bfloat16,32768,274.9372925758362,20,1.064849853515625,296.0021424293518,0,0,0,True
B300_288GB_budget,268.2209014892578,8,1,8,8,1,1,bfloat16,131072,274.9372925758362,20,3.596099853515625,298.5333924293518,0,0,0,True
B300_288GB_budget,268.2209014892578,8,1,8,8,1,1,bfloat16,524288,274.9372925758362,20,13.721099853515625,308.6583924293518,0,0,0,True
B300_288GB_budget,268.2209014892578,8,1,8,8,1,1,bfloat16,1048576,274.9372925758362,20,27.221099853515625,322.1583924293518,0,0,0,True
B300_288GB_budget,268.2209014892578,8,1,8,8,1,1,fp8_e4m3,1024,274.9372925758362,20,0.234283447265625,295.1715760231018,0,0,0,True
B300_288GB_budget,268.2209014892578,8,1,8,8,1,1,fp8_e4m3,8192,274.9372925758362,20,0.326568603515625,295.2638611793518,0,0,0,True
B300_288GB_budget,268.2209014892578,8,1,8,8,1,1,fp8_e4m3,32768,274.9372925758362,20,0.642974853515625,295.5802674293518,0,0,0,True
B300_288GB_budget,268.2209014892578,8,1,8,8,1,1,fp8_e4m3,131072,274.9372925758362,20,1.908599853515625,296.8458924293518,0,0,0,True
B300_288GB_budget,268.2209014892578,8,1,8,8,1,1,fp8_e4m3,524288,274.9372925758362,20,6.971099853515625,301.9083924293518,0,0,0,True
B300_288GB_budget,268.2209014892578,8,1,8,8,1,1,fp8_e4m3,1048576,274.9372925758362,20,13.721099853515625,308.6583924293518,0,0,0,True
B300_288GB_budget,268.2209014892578,8,2,4,8,1,1,bfloat16,1024,239.4316074848175,20,0.1369171142578125,259.5685245990753,64,256,262144,True
B300_288GB_budget,268.2209014892578,8,2,4,8,1,1,bfloat16,8192,239.4316074848175,20,0.3214874267578125,259.7530949115753,27,108,884736,True
B300_288GB_budget,268.2209014892578,8,2,4,8,1,1,bfloat16,32768,239.4316074848175,20,0.9542999267578125,260.3859074115753,9,36,1179648,True
B300_288GB_budget,268.2209014892578,8,2,4,8,1,1,bfloat16,131072,239.4316074848175,20,3.4855499267578125,262.9171574115753,2,8,1048576,True
B300_288GB_budget,268.2209014892578,8,2,4,8,1,1,bfloat16,524288,239.4316074848175,20,13.610549926757812,273.0421574115753,0,0,0,True
B300_288GB_budget,268.2209014892578,8,2,4,8,1,1,bfloat16,1048576,239.4316074848175,20,27.110549926757812,286.5421574115753,0,0,0,True
B300_288GB_budget,268.2209014892578,8,2,4,8,1,1,fp8_e4m3,1024,239.4316074848175,20,0.1237335205078125,259.5553410053253,71,284,290816,True
B300_288GB_budget,268.2209014892578,8,2,4,8,1,1,fp8_e4m3,8192,239.4316074848175,20,0.2160186767578125,259.6476261615753,40,160,1310720,True
B300_288GB_budget,268.2209014892578,8,2,4,8,1,1,fp8_e4m3,32768,239.4316074848175,20,0.5324249267578125,259.9640324115753,16,64,2097152,True
B300_288GB_budget,268.2209014892578,8,2,4,8,1,1,fp8_e4m3,131072,239.4316074848175,20,1.7980499267578125,261.2296574115753,4,16,2097152,True
B300_288GB_budget,268.2209014892578,8,2,4,8,1,1,fp8_e4m3,524288,239.4316074848175,20,6.8605499267578125,266.2921574115753,1,4,2097152,True
B300_288GB_budget,268.2209014892578,8,2,4,8,1,1,fp8_e4m3,1048576,239.4316074848175,20,13.610549926757812,273.0421574115753,0,0,0,True
B300_288GB_budget,268.2209014892578,8,2,4,8,1,2,bfloat16,1024,239.4316074848175,20,0.1237335205078125,259.5553410053253,71,284,290816,False
B300_288GB_budget,268.2209014892578,8,2,4,8,1,2,bfloat16,8192,239.4316074848175,20,0.2160186767578125,259.6476261615753,40,160,1310720,False
B300_288GB_budget,268.2209014892578,8,2,4,8,1,2,bfloat16,32768,239.4316074848175,20,0.5324249267578125,259.9640324115753,16,64,2097152,False
B300_288GB_budget,268.2209014892578,8,2,4,8,1,2,bfloat16,131072,239.4316074848175,20,1.7980499267578125,261.2296574115753,4,16,2097152,False
B300_288GB_budget,268.2209014892578,8,2,4,8,1,2,bfloat16,524288,239.4316074848175,20,6.8605499267578125,266.2921574115753,1,4,2097152,False
B300_288GB_budget,268.2209014892578,8,2,4,8,1,2,bfloat16,1048576,239.4316074848175,20,13.610549926757812,273.0421574115753,0,0,0,False
B300_288GB_budget,268.2209014892578,8,2,4,8,1,2,fp8_e4m3,1024,239.4316074848175,20,0.1171417236328125,259.5487492084503,75,300,307200,False
B300_288GB_budget,268.2209014892578,8,2,4,8,1,2,fp8_e4m3,8192,239.4316074848175,20,0.1632843017578125,259.5948917865753,53,212,1736704,False
B300_288GB_budget,268.2209014892578,8,2,4,8,1,2,fp8_e4m3,32768,239.4316074848175,20,0.3214874267578125,259.7530949115753,27,108,3538944,False
B300_288GB_budget,268.2209014892578,8,2,4,8,1,2,fp8_e4m3,131072,239.4316074848175,20,0.9542999267578125,260.3859074115753,9,36,4718592,False
B300_288GB_budget,268.2209014892578,8,2,4,8,1,2,fp8_e4m3,524288,239.4316074848175,20,3.4855499267578125,262.9171574115753,2,8,4194304,False
B300_288GB_budget,268.2209014892578,8,2,4,8,1,2,fp8_e4m3,1048576,239.4316074848175,20,6.8605499267578125,266.2921574115753,1,4,4194304,False
B300_288GB_budget,268.2209014892578,8,4,2,8,1,1,bfloat16,1024,221.67876493930817,20,0.08164215087890625,241.76040709018707,325,650,665600,True
B300_288GB_budget,268.2209014892578,8,4,2,8,1,1,bfloat16,8192,221.67876493930817,20,0.26621246337890625,241.94497740268707,99,198,1622016,True
B300_288GB_budget,268.2209014892578,8,4,2,8,1,1,bfloat16,32768,221.67876493930817,20,0.8990249633789062,242.57778990268707,29,58,1900544,True
B300_288GB_budget,268.2209014892578,8,4,2,8,1,1,bfloat16,131072,221.67876493930817,20,3.4302749633789062,245.10903990268707,7,14,1835008,True
B300_288GB_budget,268.2209014892578,8,4,2,8,1,1,bfloat16,524288,221.67876493930817,20,13.555274963378906,255.23403990268707,1,2,1048576,True
B300_288GB_budget,268.2209014892578,8,4,2,8,1,1,bfloat16,1048576,221.67876493930817,20,27.055274963378906,268.7340399026871,0,0,0,True
B300_288GB_budget,268.2209014892578,8,4,2,8,1,1,fp8_e4m3,1024,221.67876493930817,20,0.06845855712890625,241.74722349643707,387,774,792576,True
B300_288GB_budget,268.2209014892578,8,4,2,8,1,1,fp8_e4m3,8192,221.67876493930817,20,0.16074371337890625,241.83950865268707,165,330,2703360,True
B300_288GB_budget,268.2209014892578,8,4,2,8,1,1,fp8_e4m3,32768,221.67876493930817,20,0.47714996337890625,242.15591490268707,55,110,3604480,True
B300_288GB_budget,268.2209014892578,8,4,2,8,1,1,fp8_e4m3,131072,221.67876493930817,20,1.7427749633789062,243.42153990268707,15,30,3932160,True
B300_288GB_budget,268.2209014892578,8,4,2,8,1,1,fp8_e4m3,524288,221.67876493930817,20,6.805274963378906,248.48403990268707,3,6,3145728,True
B300_288GB_budget,268.2209014892578,8,4,2,8,1,1,fp8_e4m3,1048576,221.67876493930817,20,13.555274963378906,255.23403990268707,1,2,2097152,True
B300_288GB_budget,268.2209014892578,8,4,2,8,1,2,bfloat16,1024,221.67876493930817,20,0.06845855712890625,241.74722349643707,387,774,792576,False
B300_288GB_budget,268.2209014892578,8,4,2,8,1,2,bfloat16,8192,221.67876493930817,20,0.16074371337890625,241.83950865268707,165,330,2703360,False
B300_288GB_budget,268.2209014892578,8,4,2,8,1,2,bfloat16,32768,221.67876493930817,20,0.47714996337890625,242.15591490268707,55,110,3604480,False
B300_288GB_budget,268.2209014892578,8,4,2,8,1,2,bfloat16,131072,221.67876493930817,20,1.7427749633789062,243.42153990268707,15,30,3932160,False
B300_288GB_budget,268.2209014892578,8,4,2,8,1,2,bfloat16,524288,221.67876493930817,20,6.805274963378906,248.48403990268707,3,6,3145728,False
B300_288GB_budget,268.2209014892578,8,4,2,8,1,2,bfloat16,1048576,221.67876493930817,20,13.555274963378906,255.23403990268707,1,2,2097152,False
B300_288GB_budget,268.2209014892578,8,4,2,8,1,2,fp8_e4m3,1024,221.67876493930817,20,0.06186676025390625,241.74063169956207,429,858,878592,False
B300_288GB_budget,268.2209014892578,8,4,2,8,1,2,fp8_e4m3,8192,221.67876493930817,20,0.10800933837890625,241.78677427768707,245,490,4014080,False
B300_288GB_budget,268.2209014892578,8,4,2,8,1,2,fp8_e4m3,32768,221.67876493930817,20,0.26621246337890625,241.94497740268707,99,198,6488064,False
B300_288GB_budget,268.2209014892578,8,4,2,8,1,2,fp8_e4m3,131072,221.67876493930817,20,0.8990249633789062,242.57778990268707,29,58,7602176,False
B300_288GB_budget,268.2209014892578,8,4,2,8,1,2,fp8_e4m3,524288,221.67876493930817,20,3.4302749633789062,245.10903990268707,7,14,7340032,False
B300_288GB_budget,268.2209014892578,8,4,2,8,1,2,fp8_e4m3,1048576,221.67876493930817,20,6.805274963378906,248.48403990268707,3,6,6291456,False
B300_288GB_budget,268.2209014892578,8,4,2,8,1,4,bfloat16,1024,221.67876493930817,20,0.06186676025390625,241.74063169956207,429,858,878592,False
B300_288GB_budget,268.2209014892578,8,4,2,8,1,4,bfloat16,8192,221.67876493930817,20,0.10800933837890625,241.78677427768707,245,490,4014080,False
B300_288GB_budget,268.2209014892578,8,4,2,8,1,4,bfloat16,32768,221.67876493930817,20,0.26621246337890625,241.94497740268707,99,198,6488064,False
B300_288GB_budget,268.2209014892578,8,4,2,8,1,4,bfloat16,131072,221.67876493930817,20,0.8990249633789062,242.57778990268707,29,58,7602176,False
B300_288GB_budget,268.2209014892578,8,4,2,8,1,4,bfloat16,524288,221.67876493930817,20,3.4302749633789062,245.10903990268707,7,14,7340032,False
B300_288GB_budget,268.2209014892578,8,4,2,8,1,4,bfloat16,1048576,221.67876493930817,20,6.805274963378906,248.48403990268707,3,6,6291456,False
B300_288GB_budget,268.2209014892578,8,4,2,8,1,4,fp8_e4m3,1024,221.67876493930817,20,0.05857086181640625,241.73733580112457,453,906,927744,False
B300_288GB_budget,268.2209014892578,8,4,2,8,1,4,fp8_e4m3,8192,221.67876493930817,20,0.08164215087890625,241.76040709018707,325,650,5324800,False
B300_288GB_budget,268.2209014892578,8,4,2,8,1,4,fp8_e4m3,32768,221.67876493930817,20,0.16074371337890625,241.83950865268707,165,330,10813440,False
B300_288GB_budget,268.2209014892578,8,4,2,8,1,4,fp8_e4m3,131072,221.67876493930817,20,0.47714996337890625,242.15591490268707,55,110,14417920,False
B300_288GB_budget,268.2209014892578,8,4,2,8,1,4,fp8_e4m3,524288,221.67876493930817,20,1.7427749633789062,243.42153990268707,15,30,15728640,False
B300_288GB_budget,268.2209014892578,8,4,2,8,1,4,fp8_e4m3,1048576,221.67876493930817,20,3.4302749633789062,245.10903990268707,7,14,14680064,False
B300_288GB_budget,268.2209014892578,8,8,1,8,1,1,bfloat16,1024,212.8023436665535,20,0.054004669189453125,232.85634833574295,655,655,670720,True
B300_288GB_budget,268.2209014892578,8,8,1,8,1,1,bfloat16,8192,212.8023436665535,20,0.23857498168945312,233.04091864824295,148,148,1212416,True
B300_288GB_budget,268.2209014892578,8,8,1,8,1,1,bfloat16,32768,212.8023436665535,20,0.8713874816894531,233.67373114824295,40,40,1310720,True
B300_288GB_budget,268.2209014892578,8,8,1,8,1,1,bfloat16,131072,212.8023436665535,20,3.402637481689453,236.20498114824295,10,10,1310720,True
B300_288GB_budget,268.2209014892578,8,8,1,8,1,1,bfloat16,524288,212.8023436665535,20,13.527637481689453,246.32998114824295,2,2,1048576,True
B300_288GB_budget,268.2209014892578,8,8,1,8,1,1,bfloat16,1048576,212.8023436665535,20,27.027637481689453,259.82998114824295,1,1,1048576,True
B300_288GB_budget,268.2209014892578,8,8,1,8,1,1,fp8_e4m3,1024,212.8023436665535,20,0.040821075439453125,232.84316474199295,867,867,887808,True
B300_288GB_budget,268.2209014892578,8,8,1,8,1,1,fp8_e4m3,8192,212.8023436665535,20,0.13310623168945312,232.93544989824295,266,266,2179072,True
B300_288GB_budget,268.2209014892578,8,8,1,8,1,1,fp8_e4m3,32768,212.8023436665535,20,0.4495124816894531,233.25185614824295,78,78,2555904,True
B300_288GB_budget,268.2209014892578,8,8,1,8,1,1,fp8_e4m3,131072,212.8023436665535,20,1.7151374816894531,234.51748114824295,20,20,2621440,True
B300_288GB_budget,268.2209014892578,8,8,1,8,1,1,fp8_e4m3,524288,212.8023436665535,20,6.777637481689453,239.57998114824295,5,5,2621440,True
B300_288GB_budget,268.2209014892578,8,8,1,8,1,1,fp8_e4m3,1048576,212.8023436665535,20,13.527637481689453,246.32998114824295,2,2,2097152,True
B300_288GB_budget,268.2209014892578,8,8,1,8,1,2,bfloat16,1024,212.8023436665535,20,0.040821075439453125,232.84316474199295,867,867,887808,False
B300_288GB_budget,268.2209014892578,8,8,1,8,1,2,bfloat16,8192,212.8023436665535,20,0.13310623168945312,232.93544989824295,266,266,2179072,False
B300_288GB_budget,268.2209014892578,8,8,1,8,1,2,bfloat16,32768,212.8023436665535,20,0.4495124816894531,233.25185614824295,78,78,2555904,False
B300_288GB_budget,268.2209014892578,8,8,1,8,1,2,bfloat16,131072,212.8023436665535,20,1.7151374816894531,234.51748114824295,20,20,2621440,False
B300_288GB_budget,268.2209014892578,8,8,1,8,1,2,bfloat16,524288,212.8023436665535,20,6.777637481689453,239.57998114824295,5,5,2621440,False
B300_288GB_budget,268.2209014892578,8,8,1,8,1,2,bfloat16,1048576,212.8023436665535,20,13.527637481689453,246.32998114824295,2,2,2097152,False
B300_288GB_budget,268.2209014892578,8,8,1,8,1,2,fp8_e4m3,1024,212.8023436665535,20,0.034229278564453125,232.83657294511795,1034,1034,1058816,False
B300_288GB_budget,268.2209014892578,8,8,1,8,1,2,fp8_e4m3,8192,212.8023436665535,20,0.08037185668945312,232.88271552324295,440,440,3604480,False
B300_288GB_budget,268.2209014892578,8,8,1,8,1,2,fp8_e4m3,32768,212.8023436665535,20,0.23857498168945312,233.04091864824295,148,148,4849664,False
B300_288GB_budget,268.2209014892578,8,8,1,8,1,2,fp8_e4m3,131072,212.8023436665535,20,0.8713874816894531,233.67373114824295,40,40,5242880,False
B300_288GB_budget,268.2209014892578,8,8,1,8,1,2,fp8_e4m3,524288,212.8023436665535,20,3.402637481689453,236.20498114824295,10,10,5242880,False
B300_288GB_budget,268.2209014892578,8,8,1,8,1,2,fp8_e4m3,1048576,212.8023436665535,20,6.777637481689453,239.57998114824295,5,5,5242880,False
B300_288GB_budget,268.2209014892578,8,8,1,8,1,4,bfloat16,1024,212.8023436665535,20,0.034229278564453125,232.83657294511795,1034,1034,1058816,False
B300_288GB_budget,268.2209014892578,8,8,1,8,1,4,bfloat16,8192,212.8023436665535,20,0.08037185668945312,232.88271552324295,440,440,3604480,False
B300_288GB_budget,268.2209014892578,8,8,1,8,1,4,bfloat16,32768,212.8023436665535,20,0.23857498168945312,233.04091864824295,148,148,4849664,False
B300_288GB_budget,268.2209014892578,8,8,1,8,1,4,bfloat16,131072,212.8023436665535,20,0.8713874816894531,233.67373114824295,40,40,5242880,False
B300_288GB_budget,268.2209014892578,8,8,1,8,1,4,bfloat16,524288,212.8023436665535,20,3.402637481689453,236.20498114824295,10,10,5242880,False
B300_288GB_budget,268.2209014892578,8,8,1,8,1,4,bfloat16,1048576,212.8023436665535,20,6.777637481689453,239.57998114824295,5,5,5242880,False
B300_288GB_budget,268.2209014892578,8,8,1,8,1,4,fp8_e4m3,1024,212.8023436665535,20,0.030933380126953125,232.83327704668045,1144,1144,1171456,False
B300_288GB_budget,268.2209014892578,8,8,1,8,1,4,fp8_e4m3,8192,212.8023436665535,20,0.054004669189453125,232.85634833574295,655,655,5365760,False
B300_288GB_budget,268.2209014892578,8,8,1,8,1,4,fp8_e4m3,32768,212.8023436665535,20,0.13310623168945312,232.93544989824295,266,266,8716288,False
B300_288GB_budget,268.2209014892578,8,8,1,8,1,4,fp8_e4m3,131072,212.8023436665535,20,0.4495124816894531,233.25185614824295,78,78,10223616,False
B300_288GB_budget,268.2209014892578,8,8,1,8,1,4,fp8_e4m3,524288,212.8023436665535,20,1.7151374816894531,234.51748114824295,20,20,10485760,False
B300_288GB_budget,268.2209014892578,8,8,1,8,1,4,fp8_e4m3,1048576,212.8023436665535,20,3.402637481689453,236.20498114824295,10,10,10485760,False
B300_288GB_budget,268.2209014892578,8,8,1,8,1,8,bfloat16,1024,212.8023436665535,20,0.030933380126953125,232.83327704668045,1144,1144,1171456,False
B300_288GB_budget,268.2209014892578,8,8,1,8,1,8,bfloat16,8192,212.8023436665535,20,0.054004669189453125,232.85634833574295,655,655,5365760,False
B300_288GB_budget,268.2209014892578,8,8,1,8,1,8,bfloat16,32768,212.8023436665535,20,0.13310623168945312,232.93544989824295,266,266,8716288,False
B300_288GB_budget,268.2209014892578,8,8,1,8,1,8,bfloat16,131072,212.8023436665535,20,0.4495124816894531,233.25185614824295,78,78,10223616,False
B300_288GB_budget,268.2209014892578,8,8,1,8,1,8,bfloat16,524288,212.8023436665535,20,1.7151374816894531,234.51748114824295,20,20,10485760,False
B300_288GB_budget,268.2209014892578,8,8,1,8,1,8,bfloat16,1048576,212.8023436665535,20,3.402637481689453,236.20498114824295,10,10,10485760,False
B300_288GB_budget,268.2209014892578,8,8,1,8,1,8,fp8_e4m3,1024,212.8023436665535,20,0.029285430908203125,232.8316290974617,1209,1209,1238016,False
B300_288GB_budget,268.2209014892578,8,8,1,8,1,8,fp8_e4m3,8192,212.8023436665535,20,0.040821075439453125,232.84316474199295,867,867,7102464,False
B300_288GB_budget,268.2209014892578,8,8,1,8,1,8,fp8_e4m3,32768,212.8023436665535,20,0.08037185668945312,232.88271552324295,440,440,14417920,False
B300_288GB_budget,268.2209014892578,8,8,1,8,1,8,fp8_e4m3,131072,212.8023436665535,20,0.23857498168945312,233.04091864824295,148,148,19398656,False
B300_288GB_budget,268.2209014892578,8,8,1,8,1,8,fp8_e4m3,524288,212.8023436665535,20,0.8713874816894531,233.67373114824295,40,40,20971520,False
B300_288GB_budget,268.2209014892578,8,8,1,8,1,8,fp8_e4m3,1048576,212.8023436665535,20,1.7151374816894531,234.51748114824295,20,20,20971520,False
B300_288GB_budget,268.2209014892578,16,1,16,16,1,1,bfloat16,1024,190.74247220158577,20,0.247467041015625,210.9899392426014,232,3712,3801088,True
B300_288GB_budget,268.2209014892578,16,1,16,16,1,1,bfloat16,8192,190.74247220158577,20,0.432037353515625,211.1745095551014,133,2128,17432576,True
B300_288GB_budget,268.2209014892578,16,1,16,16,1,1,bfloat16,32768,190.74247220158577,20,1.064849853515625,211.8073220551014,53,848,27787264,True
B300_288GB_budget,268.2209014892578,16,1,16,16,1,1,bfloat16,131072,190.74247220158577,20,3.596099853515625,214.3385720551014,15,240,31457280,True
B300_288GB_budget,268.2209014892578,16,1,16,16,1,1,bfloat16,524288,190.74247220158577,20,13.721099853515625,224.4635720551014,4,64,33554432,True
B300_288GB_budget,268.2209014892578,16,1,16,16,1,1,bfloat16,1048576,190.74247220158577,20,27.221099853515625,237.9635720551014,2,32,33554432,True
B300_288GB_budget,268.2209014892578,16,1,16,16,1,1,fp8_e4m3,1024,190.74247220158577,20,0.234283447265625,210.9767556488514,245,3920,4014080,True
B300_288GB_budget,268.2209014892578,16,1,16,16,1,1,fp8_e4m3,8192,190.74247220158577,20,0.326568603515625,211.0690408051014,176,2816,23068672,True
B300_288GB_budget,268.2209014892578,16,1,16,16,1,1,fp8_e4m3,32768,190.74247220158577,20,0.642974853515625,211.3854470551014,89,1424,46661632,True
B300_288GB_budget,268.2209014892578,16,1,16,16,1,1,fp8_e4m3,131072,190.74247220158577,20,1.908599853515625,212.6510720551014,30,480,62914560,True
B300_288GB_budget,268.2209014892578,16,1,16,16,1,1,fp8_e4m3,524288,190.74247220158577,20,6.971099853515625,217.7135720551014,8,128,67108864,True
B300_288GB_budget,268.2209014892578,16,1,16,16,1,1,fp8_e4m3,1048576,190.74247220158577,20,13.721099853515625,224.4635720551014,4,64,67108864,True
B300_288GB_budget,268.2209014892578,16,2,8,16,1,1,bfloat16,1024,155.2367871105671,20,0.1369171142578125,175.3737042248249,679,5432,5562368,True
B300_288GB_budget,268.2209014892578,16,2,8,16,1,1,bfloat16,8192,155.2367871105671,20,0.3214874267578125,175.5582745373249,289,2312,18939904,True
B300_288GB_budget,268.2209014892578,16,2,8,16,1,1,bfloat16,32768,155.2367871105671,20,0.9542999267578125,176.1910870373249,97,776,25427968,True
B300_288GB_budget,268.2209014892578,16,2,8,16,1,1,bfloat16,131072,155.2367871105671,20,3.4855499267578125,178.7223370373249,26,208,27262976,True
B300_288GB_budget,268.2209014892578,16,2,8,16,1,1,bfloat16,524288,155.2367871105671,20,13.610549926757812,188.8473370373249,6,48,25165824,True
B300_288GB_budget,268.2209014892578,16,2,8,16,1,1,bfloat16,1048576,155.2367871105671,20,27.110549926757812,202.3473370373249,3,24,25165824,True
B300_288GB_budget,268.2209014892578,16,2,8,16,1,1,fp8_e4m3,1024,155.2367871105671,20,0.1237335205078125,175.3605206310749,751,6008,6152192,True
B300_288GB_budget,268.2209014892578,16,2,8,16,1,1,fp8_e4m3,8192,155.2367871105671,20,0.2160186767578125,175.4528057873249,430,3440,28180480,True
B300_288GB_budget,268.2209014892578,16,2,8,16,1,1,fp8_e4m3,32768,155.2367871105671,20,0.5324249267578125,175.7692120373249,174,1392,45613056,True
B300_288GB_budget,268.2209014892578,16,2,8,16,1,1,fp8_e4m3,131072,155.2367871105671,20,1.7980499267578125,177.0348370373249,51,408,53477376,True
B300_288GB_budget,268.2209014892578,16,2,8,16,1,1,fp8_e4m3,524288,155.2367871105671,20,6.8605499267578125,182.0973370373249,13,104,54525952,True
B300_288GB_budget,268.2209014892578,16,2,8,16,1,1,fp8_e4m3,1048576,155.2367871105671,20,13.610549926757812,188.8473370373249,6,48,50331648,True
B300_288GB_budget,268.2209014892578,16,2,8,16,1,2,bfloat16,1024,155.2367871105671,20,0.1237335205078125,175.3605206310749,751,6008,6152192,False
B300_288GB_budget,268.2209014892578,16,2,8,16,1,2,bfloat16,8192,155.2367871105671,20,0.2160186767578125,175.4528057873249,430,3440,28180480,False
B300_288GB_budget,268.2209014892578,16,2,8,16,1,2,bfloat16,32768,155.2367871105671,20,0.5324249267578125,175.7692120373249,174,1392,45613056,False
B300_288GB_budget,268.2209014892578,16,2,8,16,1,2,bfloat16,131072,155.2367871105671,20,1.7980499267578125,177.0348370373249,51,408,53477376,False
B300_288GB_budget,268.2209014892578,16,2,8,16,1,2,bfloat16,524288,155.2367871105671,20,6.8605499267578125,182.0973370373249,13,104,54525952,False
B300_288GB_budget,268.2209014892578,16,2,8,16,1,2,bfloat16,1048576,155.2367871105671,20,13.610549926757812,188.8473370373249,6,48,50331648,False
B300_288GB_budget,268.2209014892578,16,2,8,16,1,2,fp8_e4m3,1024,155.2367871105671,20,0.1171417236328125,175.3539288341999,793,6344,6496256,False
B300_288GB_budget,268.2209014892578,16,2,8,16,1,2,fp8_e4m3,8192,155.2367871105671,20,0.1632843017578125,175.4000714123249,569,4552,37289984,False
B300_288GB_budget,268.2209014892578,16,2,8,16,1,2,fp8_e4m3,32768,155.2367871105671,20,0.3214874267578125,175.5582745373249,289,2312,75759616,False
B300_288GB_budget,268.2209014892578,16,2,8,16,1,2,fp8_e4m3,131072,155.2367871105671,20,0.9542999267578125,176.1910870373249,97,776,101711872,False
B300_288GB_budget,268.2209014892578,16,2,8,16,1,2,fp8_e4m3,524288,155.2367871105671,20,3.4855499267578125,178.7223370373249,26,208,109051904,False
B300_288GB_budget,268.2209014892578,16,2,8,16,1,2,fp8_e4m3,1048576,155.2367871105671,20,6.8605499267578125,182.0973370373249,13,104,109051904,False
B300_288GB_budget,268.2209014892578,16,4,4,16,1,1,bfloat16,1024,137.48394456505775,20,0.08164215087890625,157.56558671593666,1356,5424,5554176,True
B300_288GB_budget,268.2209014892578,16,4,4,16,1,1,bfloat16,8192,137.48394456505775,20,0.26621246337890625,157.75015702843666,415,1660,13598720,True
B300_288GB_budget,268.2209014892578,16,4,4,16,1,1,bfloat16,32768,137.48394456505775,20,0.8990249633789062,158.38296952843666,123,492,16121856,True
B300_288GB_budget,268.2209014892578,16,4,4,16,1,1,bfloat16,131072,137.48394456505775,20,3.4302749633789062,160.91421952843666,32,128,16777216,True
B300_288GB_budget,268.2209014892578,16,4,4,16,1,1,bfloat16,524288,137.48394456505775,20,13.555274963378906,171.03921952843666,8,32,16777216,True
B300_288GB_budget,268.2209014892578,16,4,4,16,1,1,bfloat16,1048576,137.48394456505775,20,27.055274963378906,184.53921952843666,4,16,16777216,True
B300_288GB_budget,268.2209014892578,16,4,4,16,1,1,fp8_e4m3,1024,137.48394456505775,20,0.06845855712890625,157.55240312218666,1617,6468,6623232,True
B300_288GB_budget,268.2209014892578,16,4,4,16,1,1,fp8_e4m3,8192,137.48394456505775,20,0.16074371337890625,157.64468827843666,688,2752,22544384,True
B300_288GB_budget,268.2209014892578,16,4,4,16,1,1,fp8_e4m3,32768,137.48394456505775,20,0.47714996337890625,157.96109452843666,232,928,30408704,True
B300_288GB_budget,268.2209014892578,16,4,4,16,1,1,fp8_e4m3,131072,137.48394456505775,20,1.7427749633789062,159.22671952843666,63,252,33030144,True
B300_288GB_budget,268.2209014892578,16,4,4,16,1,1,fp8_e4m3,524288,137.48394456505775,20,6.805274963378906,164.28921952843666,16,64,33554432,True
B300_288GB_budget,268.2209014892578,16,4,4,16,1,1,fp8_e4m3,1048576,137.48394456505775,20,13.555274963378906,171.03921952843666,8,32,33554432,True
B300_288GB_budget,268.2209014892578,16,4,4,16,1,2,bfloat16,1024,137.48394456505775,20,0.06845855712890625,157.55240312218666,1617,6468,6623232,False
B300_288GB_budget,268.2209014892578,16,4,4,16,1,2,bfloat16,8192,137.48394456505775,20,0.16074371337890625,157.64468827843666,688,2752,22544384,False
B300_288GB_budget,268.2209014892578,16,4,4,16,1,2,bfloat16,32768,137.48394456505775,20,0.47714996337890625,157.96109452843666,232,928,30408704,False
B300_288GB_budget,268.2209014892578,16,4,4,16,1,2,bfloat16,131072,137.48394456505775,20,1.7427749633789062,159.22671952843666,63,252,33030144,False
B300_288GB_budget,268.2209014892578,16,4,4,16,1,2,bfloat16,524288,137.48394456505775,20,6.805274963378906,164.28921952843666,16,64,33554432,False
B300_288GB_budget,268.2209014892578,16,4,4,16,1,2,bfloat16,1048576,137.48394456505775,20,13.555274963378906,171.03921952843666,8,32,33554432,False
B300_288GB_budget,268.2209014892578,16,4,4,16,1,2,fp8_e4m3,1024,137.48394456505775,20,0.06186676025390625,157.54581132531166,1789,7156,7327744,False
B300_288GB_budget,268.2209014892578,16,4,4,16,1,2,fp8_e4m3,8192,137.48394456505775,20,0.10800933837890625,157.59195390343666,1025,4100,33587200,False
B300_288GB_budget,268.2209014892578,16,4,4,16,1,2,fp8_e4m3,32768,137.48394456505775,20,0.26621246337890625,157.75015702843666,415,1660,54394880,False
B300_288GB_budget,268.2209014892578,16,4,4,16,1,2,fp8_e4m3,131072,137.48394456505775,20,0.8990249633789062,158.38296952843666,123,492,64487424,False
B300_288GB_budget,268.2209014892578,16,4,4,16,1,2,fp8_e4m3,524288,137.48394456505775,20,3.4302749633789062,160.91421952843666,32,128,67108864,False
B300_288GB_budget,268.2209014892578,16,4,4,16,1,2,fp8_e4m3,1048576,137.48394456505775,20,6.805274963378906,164.28921952843666,16,64,67108864,False
B300_288GB_budget,268.2209014892578,16,4,4,16,1,4,bfloat16,1024,137.48394456505775,20,0.06186676025390625,157.54581132531166,1789,7156,7327744,False
B300_288GB_budget,268.2209014892578,16,4,4,16,1,4,bfloat16,8192,137.48394456505775,20,0.10800933837890625,157.59195390343666,1025,4100,33587200,False
B300_288GB_budget,268.2209014892578,16,4,4,16,1,4,bfloat16,32768,137.48394456505775,20,0.26621246337890625,157.75015702843666,415,1660,54394880,False
B300_288GB_budget,268.2209014892578,16,4,4,16,1,4,bfloat16,131072,137.48394456505775,20,0.8990249633789062,158.38296952843666,123,492,64487424,False
B300_288GB_budget,268.2209014892578,16,4,4,16,1,4,bfloat16,524288,137.48394456505775,20,3.4302749633789062,160.91421952843666,32,128,67108864,False
B300_288GB_budget,268.2209014892578,16,4,4,16,1,4,bfloat16,1048576,137.48394456505775,20,6.805274963378906,164.28921952843666,16,64,67108864,False
B300_288GB_budget,268.2209014892578,16,4,4,16,1,4,fp8_e4m3,1024,137.48394456505775,20,0.05857086181640625,157.54251542687416,1890,7560,7741440,False
B300_288GB_budget,268.2209014892578,16,4,4,16,1,4,fp8_e4m3,8192,137.48394456505775,20,0.08164215087890625,157.56558671593666,1356,5424,44433408,False
B300_288GB_budget,268.2209014892578,16,4,4,16,1,4,fp8_e4m3,32768,137.48394456505775,20,0.16074371337890625,157.64468827843666,688,2752,90177536,False
B300_288GB_budget,268.2209014892578,16,4,4,16,1,4,fp8_e4m3,131072,137.48394456505775,20,0.47714996337890625,157.96109452843666,232,928,121634816,False
B300_288GB_budget,268.2209014892578,16,4,4,16,1,4,fp8_e4m3,524288,137.48394456505775,20,1.7427749633789062,159.22671952843666,63,252,132120576,False
B300_288GB_budget,268.2209014892578,16,4,4,16,1,4,fp8_e4m3,1048576,137.48394456505775,20,3.4302749633789062,160.91421952843666,32,128,134217728,False
B300_288GB_budget,268.2209014892578,16,8,2,16,1,1,bfloat16,1024,128.60752329230309,20,0.054004669189453125,148.66152796149254,2214,4428,4534272,True
B300_288GB_budget,268.2209014892578,16,8,2,16,1,1,bfloat16,8192,128.60752329230309,20,0.23857498168945312,148.84609827399254,501,1002,8208384,True
B300_288GB_budget,268.2209014892578,16,8,2,16,1,1,bfloat16,32768,128.60752329230309,20,0.8713874816894531,149.47891077399254,137,274,8978432,True
B300_288GB_budget,268.2209014892578,16,8,2,16,1,1,bfloat16,131072,128.60752329230309,20,3.402637481689453,152.01016077399254,35,70,9175040,True
B300_288GB_budget,268.2209014892578,16,8,2,16,1,1,bfloat16,524288,128.60752329230309,20,13.527637481689453,162.13516077399254,8,16,8388608,True
B300_288GB_budget,268.2209014892578,16,8,2,16,1,1,bfloat16,1048576,128.60752329230309,20,27.027637481689453,175.63516077399254,4,8,8388608,True
B300_288GB_budget,268.2209014892578,16,8,2,16,1,1,fp8_e4m3,1024,128.60752329230309,20,0.040821075439453125,148.64834436774254,2930,5860,6000640,True
B300_288GB_budget,268.2209014892578,16,8,2,16,1,1,fp8_e4m3,8192,128.60752329230309,20,0.13310623168945312,148.74062952399254,898,1796,14712832,True
B300_288GB_budget,268.2209014892578,16,8,2,16,1,1,fp8_e4m3,32768,128.60752329230309,20,0.4495124816894531,149.05703577399254,266,532,17432576,True
B300_288GB_budget,268.2209014892578,16,8,2,16,1,1,fp8_e4m3,131072,128.60752329230309,20,1.7151374816894531,150.32266077399254,69,138,18087936,True
B300_288GB_budget,268.2209014892578,16,8,2,16,1,1,fp8_e4m3,524288,128.60752329230309,20,6.777637481689453,155.38516077399254,17,34,17825792,True
B300_288GB_budget,268.2209014892578,16,8,2,16,1,1,fp8_e4m3,1048576,128.60752329230309,20,13.527637481689453,162.13516077399254,8,16,16777216,True
B300_288GB_budget,268.2209014892578,16,8,2,16,1,2,bfloat16,1024,128.60752329230309,20,0.040821075439453125,148.64834436774254,2930,5860,6000640,False
B300_288GB_budget,268.2209014892578,16,8,2,16,1,2,bfloat16,8192,128.60752329230309,20,0.13310623168945312,148.74062952399254,898,1796,14712832,False
B300_288GB_budget,268.2209014892578,16,8,2,16,1,2,bfloat16,32768,128.60752329230309,20,0.4495124816894531,149.05703577399254,266,532,17432576,False
B300_288GB_budget,268.2209014892578,16,8,2,16,1,2,bfloat16,131072,128.60752329230309,20,1.7151374816894531,150.32266077399254,69,138,18087936,False
B300_288GB_budget,268.2209014892578,16,8,2,16,1,2,bfloat16,524288,128.60752329230309,20,6.777637481689453,155.38516077399254,17,34,17825792,False
B300_288GB_budget,268.2209014892578,16,8,2,16,1,2,bfloat16,1048576,128.60752329230309,20,13.527637481689453,162.13516077399254,8,16,16777216,False
B300_288GB_budget,268.2209014892578,16,8,2,16,1,2,fp8_e4m3,1024,128.60752329230309,20,0.034229278564453125,148.64175257086754,3494,6988,7155712,False
B300_288GB_budget,268.2209014892578,16,8,2,16,1,2,fp8_e4m3,8192,128.60752329230309,20,0.08037185668945312,148.68789514899254,1488,2976,24379392,False
B300_288GB_budget,268.2209014892578,16,8,2,16,1,2,fp8_e4m3,32768,128.60752329230309,20,0.23857498168945312,148.84609827399254,501,1002,32833536,False
B300_288GB_budget,268.2209014892578,16,8,2,16,1,2,fp8_e4m3,131072,128.60752329230309,20,0.8713874816894531,149.47891077399254,137,274,35913728,False
B300_288GB_budget,268.2209014892578,16,8,2,16,1,2,fp8_e4m3,524288,128.60752329230309,20,3.402637481689453,152.01016077399254,35,70,36700160,False
B300_288GB_budget,268.2209014892578,16,8,2,16,1,2,fp8_e4m3,1048576,128.60752329230309,20,6.777637481689453,155.38516077399254,17,34,35651584,False
B300_288GB_budget,268.2209014892578,16,8,2,16,1,4,bfloat16,1024,128.60752329230309,20,0.034229278564453125,148.64175257086754,3494,6988,7155712,False
B300_288GB_budget,268.2209014892578,16,8,2,16,1,4,bfloat16,8192,128.60752329230309,20,0.08037185668945312,148.68789514899254,1488,2976,24379392,False
B300_288GB_budget,268.2209014892578,16,8,2,16,1,4,bfloat16,32768,128.60752329230309,20,0.23857498168945312,148.84609827399254,501,1002,32833536,False
B300_288GB_budget,268.2209014892578,16,8,2,16,1,4,bfloat16,131072,128.60752329230309,20,0.8713874816894531,149.47891077399254,137,274,35913728,False
B300_288GB_budget,268.2209014892578,16,8,2,16,1,4,bfloat16,524288,128.60752329230309,20,3.402637481689453,152.01016077399254,35,70,36700160,False
B300_288GB_budget,268.2209014892578,16,8,2,16,1,4,bfloat16,1048576,128.60752329230309,20,6.777637481689453,155.38516077399254,17,34,35651584,False
B300_288GB_budget,268.2209014892578,16,8,2,16,1,4,fp8_e4m3,1024,128.60752329230309,20,0.030933380126953125,148.63845667243004,3866,7732,7917568,False
B300_288GB_budget,268.2209014892578,16,8,2,16,1,4,fp8_e4m3,8192,128.60752329230309,20,0.054004669189453125,148.66152796149254,2214,4428,36274176,False
B300_288GB_budget,268.2209014892578,16,8,2,16,1,4,fp8_e4m3,32768,128.60752329230309,20,0.13310623168945312,148.74062952399254,898,1796,58851328,False
B300_288GB_budget,268.2209014892578,16,8,2,16,1,4,fp8_e4m3,131072,128.60752329230309,20,0.4495124816894531,149.05703577399254,266,532,69730304,False
B300_288GB_budget,268.2209014892578,16,8,2,16,1,4,fp8_e4m3,524288,128.60752329230309,20,1.7151374816894531,150.32266077399254,69,138,72351744,False
B300_288GB_budget,268.2209014892578,16,8,2,16,1,4,fp8_e4m3,1048576,128.60752329230309,20,3.402637481689453,152.01016077399254,35,70,73400320,False
B300_288GB_budget,268.2209014892578,16,8,2,16,1,8,bfloat16,1024,128.60752329230309,20,0.030933380126953125,148.63845667243004,3866,7732,7917568,False
B300_288GB_budget,268.2209014892578,16,8,2,16,1,8,bfloat16,8192,128.60752329230309,20,0.054004669189453125,148.66152796149254,2214,4428,36274176,False
B300_288GB_budget,268.2209014892578,16,8,2,16,1,8,bfloat16,32768,128.60752329230309,20,0.13310623168945312,148.74062952399254,898,1796,58851328,False
B300_288GB_budget,268.2209014892578,16,8,2,16,1,8,bfloat16,131072,128.60752329230309,20,0.4495124816894531,149.05703577399254,266,532,69730304,False
B300_288GB_budget,268.2209014892578,16,8,2,16,1,8,bfloat16,524288,128.60752329230309,20,1.7151374816894531,150.32266077399254,69,138,72351744,False
B300_288GB_budget,268.2209014892578,16,8,2,16,1,8,bfloat16,1048576,128.60752329230309,20,3.402637481689453,152.01016077399254,35,70,73400320,False
B300_288GB_budget,268.2209014892578,16,8,2,16,1,8,fp8_e4m3,1024,128.60752329230309,20,0.029285430908203125,148.6368087232113,4084,8168,8364032,False
B300_288GB_budget,268.2209014892578,16,8,2,16,1,8,fp8_e4m3,8192,128.60752329230309,20,0.040821075439453125,148.64834436774254,2930,5860,48005120,False
B300_288GB_budget,268.2209014892578,16,8,2,16,1,8,fp8_e4m3,32768,128.60752329230309,20,0.08037185668945312,148.68789514899254,1488,2976,97517568,False
B300_288GB_budget,268.2209014892578,16,8,2,16,1,8,fp8_e4m3,131072,128.60752329230309,20,0.23857498168945312,148.84609827399254,501,1002,131334144,False
B300_288GB_budget,268.2209014892578,16,8,2,16,1,8,fp8_e4m3,524288,128.60752329230309,20,0.8713874816894531,149.47891077399254,137,274,143654912,False
B300_288GB_budget,268.2209014892578,16,8,2,16,1,8,fp8_e4m3,1048576,128.60752329230309,20,1.7151374816894531,150.32266077399254,69,138,144703488,False
B300_288GB_budget,268.2209014892578,16,16,1,16,1,1,bfloat16,1024,124.16931265592575,20,0.04018592834472656,144.20949858427048,3086,3086,3160064,True
B300_288GB_budget,268.2209014892578,16,16,1,16,1,1,bfloat16,8192,124.16931265592575,20,0.22475624084472656,144.39406889677048,551,551,4513792,True
B300_288GB_budget,268.2209014892578,16,16,1,16,1,1,bfloat16,32768,124.16931265592575,20,0.8575687408447266,145.02688139677048,144,144,4718592,True
B300_288GB_budget,268.2209014892578,16,16,1,16,1,1,bfloat16,131072,124.16931265592575,20,3.3888187408447266,147.55813139677048,36,36,4718592,True
B300_288GB_budget,268.2209014892578,16,16,1,16,1,1,bfloat16,524288,124.16931265592575,20,13.513818740844727,157.68313139677048,9,9,4718592,True
B300_288GB_budget,268.2209014892578,16,16,1,16,1,1,bfloat16,1048576,124.16931265592575,20,27.013818740844727,171.18313139677048,4,4,4194304,True
B300_288GB_budget,268.2209014892578,16,16,1,16,1,1,fp8_e4m3,1024,124.16931265592575,20,0.027002334594726562,144.19631499052048,4594,4594,4704256,True
B300_288GB_budget,268.2209014892578,16,16,1,16,1,1,fp8_e4m3,8192,124.16931265592575,20,0.11928749084472656,144.28860014677048,1039,1039,8511488,True
B300_288GB_budget,268.2209014892578,16,16,1,16,1,1,fp8_e4m3,32768,124.16931265592575,20,0.43569374084472656,144.60500639677048,284,284,9306112,True
B300_288GB_budget,268.2209014892578,16,16,1,16,1,1,fp8_e4m3,131072,124.16931265592575,20,1.7013187408447266,145.87063139677048,72,72,9437184,True
B300_288GB_budget,268.2209014892578,16,16,1,16,1,1,fp8_e4m3,524288,124.16931265592575,20,6.763818740844727,150.93313139677048,18,18,9437184,True
B300_288GB_budget,268.2209014892578,16,16,1,16,1,1,fp8_e4m3,1048576,124.16931265592575,20,13.513818740844727,157.68313139677048,9,9,9437184,True
B300_288GB_budget,268.2209014892578,16,16,1,16,1,2,bfloat16,1024,124.16931265592575,20,0.027002334594726562,144.19631499052048,4594,4594,4704256,False
B300_288GB_budget,268.2209014892578,16,16,1,16,1,2,bfloat16,8192,124.16931265592575,20,0.11928749084472656,144.28860014677048,1039,1039,8511488,False
B300_288GB_budget,268.2209014892578,16,16,1,16,1,2,bfloat16,32768,124.16931265592575,20,0.43569374084472656,144.60500639677048,284,284,9306112,False
B300_288GB_budget,268.2209014892578,16,16,1,16,1,2,bfloat16,131072,124.16931265592575,20,1.7013187408447266,145.87063139677048,72,72,9437184,False
B300_288GB_budget,268.2209014892578,16,16,1,16,1,2,bfloat16,524288,124.16931265592575,20,6.763818740844727,150.93313139677048,18,18,9437184,False
B300_288GB_budget,268.2209014892578,16,16,1,16,1,2,bfloat16,1048576,124.16931265592575,20,13.513818740844727,157.68313139677048,9,9,9437184,False
B300_288GB_budget,268.2209014892578,16,16,1,16,1,2,fp8_e4m3,1024,124.16931265592575,20,0.020410537719726562,144.18972319364548,6077,6077,6222848,False
B300_288GB_budget,268.2209014892578,16,16,1,16,1,2,fp8_e4m3,8192,124.16931265592575,20,0.06655311584472656,144.23586577177048,1863,1863,15261696,False
B300_288GB_budget,268.2209014892578,16,16,1,16,1,2,fp8_e4m3,32768,124.16931265592575,20,0.22475624084472656,144.39406889677048,551,551,18055168,False
B300_288GB_budget,268.2209014892578,16,16,1,16,1,2,fp8_e4m3,131072,124.16931265592575,20,0.8575687408447266,145.02688139677048,144,144,18874368,False
B300_288GB_budget,268.2209014892578,16,16,1,16,1,2,fp8_e4m3,524288,124.16931265592575,20,3.3888187408447266,147.55813139677048,36,36,18874368,False
B300_288GB_budget,268.2209014892578,16,16,1,16,1,2,fp8_e4m3,1048576,124.16931265592575,20,6.763818740844727,150.93313139677048,18,18,18874368,False
B300_288GB_budget,268.2209014892578,16,16,1,16,1,4,bfloat16,1024,124.16931265592575,20,0.020410537719726562,144.18972319364548,6077,6077,6222848,False
B300_288GB_budget,268.2209014892578,16,16,1,16,1,4,bfloat16,8192,124.16931265592575,20,0.06655311584472656,144.23586577177048,1863,1863,15261696,False
B300_288GB_budget,268.2209014892578,16,16,1,16,1,4,bfloat16,32768,124.16931265592575,20,0.22475624084472656,144.39406889677048,551,551,18055168,False
B300_288GB_budget,268.2209014892578,16,16,1,16,1,4,bfloat16,131072,124.16931265592575,20,0.8575687408447266,145.02688139677048,144,144,18874368,False
B300_288GB_budget,268.2209014892578,16,16,1,16,1,4,bfloat16,524288,124.16931265592575,20,3.3888187408447266,147.55813139677048,36,36,18874368,False
B300_288GB_budget,268.2209014892578,16,16,1,16,1,4,bfloat16,1048576,124.16931265592575,20,6.763818740844727,150.93313139677048,18,18,18874368,False
B300_288GB_budget,268.2209014892578,16,16,1,16,1,4,fp8_e4m3,1024,124.16931265592575,20,0.017114639282226562,144.18642729520798,7248,7248,7421952,False
B300_288GB_budget,268.2209014892578,16,16,1,16,1,4,fp8_e4m3,8192,124.16931265592575,20,0.04018592834472656,144.20949858427048,3086,3086,25280512,False
B300_288GB_budget,268.2209014892578,16,16,1,16,1,4,fp8_e4m3,32768,124.16931265592575,20,0.11928749084472656,144.28860014677048,1039,1039,34045952,False
B300_288GB_budget,268.2209014892578,16,16,1,16,1,4,fp8_e4m3,131072,124.16931265592575,20,0.43569374084472656,144.60500639677048,284,284,37224448,False
B300_288GB_budget,268.2209014892578,16,16,1,16,1,4,fp8_e4m3,524288,124.16931265592575,20,1.7013187408447266,145.87063139677048,72,72,37748736,False
B300_288GB_budget,268.2209014892578,16,16,1,16,1,4,fp8_e4m3,1048576,124.16931265592575,20,3.3888187408447266,147.55813139677048,36,36,37748736,False
B300_288GB_budget,268.2209014892578,16,16,1,16,1,8,bfloat16,1024,124.16931265592575,20,0.017114639282226562,144.18642729520798,7248,7248,7421952,False
B300_288GB_budget,268.2209014892578,16,16,1,16,1,8,bfloat16,8192,124.16931265592575,20,0.04018592834472656,144.20949858427048,3086,3086,25280512,False
B300_288GB_budget,268.2209014892578,16,16,1,16,1,8,bfloat16,32768,124.16931265592575,20,0.11928749084472656,144.28860014677048,1039,1039,34045952,False
B300_288GB_budget,268.2209014892578,16,16,1,16,1,8,bfloat16,131072,124.16931265592575,20,0.43569374084472656,144.60500639677048,284,284,37224448,False
B300_288GB_budget,268.2209014892578,16,16,1,16,1,8,bfloat16,524288,124.16931265592575,20,1.7013187408447266,145.87063139677048,72,72,37748736,False
B300_288GB_budget,268.2209014892578,16,16,1,16,1,8,bfloat16,1048576,124.16931265592575,20,3.3888187408447266,147.55813139677048,36,36,37748736,False
B300_288GB_budget,268.2209014892578,16,16,1,16,1,8,fp8_e4m3,1024,124.16931265592575,20,0.015466690063476562,144.18477934598923,8020,8020,8212480,False
B300_288GB_budget,268.2209014892578,16,16,1,16,1,8,fp8_e4m3,8192,124.16931265592575,20,0.027002334594726562,144.19631499052048,4594,4594,37634048,False
B300_288GB_budget,268.2209014892578,16,16,1,16,1,8,fp8_e4m3,32768,124.16931265592575,20,0.06655311584472656,144.23586577177048,1863,1863,61046784,False
B300_288GB_budget,268.2209014892578,16,16,1,16,1,8,fp8_e4m3,131072,124.16931265592575,20,0.22475624084472656,144.39406889677048,551,551,72220672,False
B300_288GB_budget,268.2209014892578,16,16,1,16,1,8,fp8_e4m3,524288,124.16931265592575,20,0.8575687408447266,145.02688139677048,144,144,75497472,False
B300_288GB_budget,268.2209014892578,16,16,1,16,1,8,fp8_e4m3,1048576,124.16931265592575,20,1.7013187408447266,145.87063139677048,72,72,75497472,False
B300_288GB_budget,268.2209014892578,32,1,32,32,1,1,bfloat16,1024,148.64506201446056,20,0.247467041015625,168.8925290554762,402,12864,13172736,True
B300_288GB_budget,268.2209014892578,32,1,32,32,1,1,bfloat16,8192,148.64506201446056,20,0.432037353515625,169.0770993679762,230,7360,60293120,True
B300_288GB_budget,268.2209014892578,32,1,32,32,1,1,bfloat16,32768,148.64506201446056,20,1.064849853515625,169.7099118679762,93,2976,97517568,True
B300_288GB_budget,268.2209014892578,32,1,32,32,1,1,bfloat16,131072,148.64506201446056,20,3.596099853515625,172.2411618679762,27,864,113246208,True
B300_288GB_budget,268.2209014892578,32,1,32,32,1,1,bfloat16,524288,148.64506201446056,20,13.721099853515625,182.3661618679762,7,224,117440512,True
B300_288GB_budget,268.2209014892578,32,1,32,32,1,1,bfloat16,1048576,148.64506201446056,20,27.221099853515625,195.8661618679762,3,96,100663296,True
B300_288GB_budget,268.2209014892578,32,1,32,32,1,1,fp8_e4m3,1024,148.64506201446056,20,0.234283447265625,168.8793454617262,425,13600,13926400,True
B300_288GB_budget,268.2209014892578,32,1,32,32,1,1,fp8_e4m3,8192,148.64506201446056,20,0.326568603515625,168.9716306179762,304,9728,79691776,True
B300_288GB_budget,268.2209014892578,32,1,32,32,1,1,fp8_e4m3,32768,148.64506201446056,20,0.642974853515625,169.2880368679762,154,4928,161480704,True
B300_288GB_budget,268.2209014892578,32,1,32,32,1,1,fp8_e4m3,131072,148.64506201446056,20,1.908599853515625,170.5536618679762,52,1664,218103808,True
B300_288GB_budget,268.2209014892578,32,1,32,32,1,1,fp8_e4m3,524288,148.64506201446056,20,6.971099853515625,175.6161618679762,14,448,234881024,True
B300_288GB_budget,268.2209014892578,32,1,32,32,1,1,fp8_e4m3,1048576,148.64506201446056,20,13.721099853515625,182.3661618679762,7,224,234881024,True
B300_288GB_budget,268.2209014892578,32,2,16,32,1,1,bfloat16,1024,113.13937692344189,20,0.1369171142578125,133.2762940376997,986,15776,16154624,True
B300_288GB_budget,268.2209014892578,32,2,16,32,1,1,bfloat16,8192,113.13937692344189,20,0.3214874267578125,133.4608643501997,420,6720,55050240,True
B300_288GB_budget,268.2209014892578,32,2,16,32,1,1,bfloat16,32768,113.13937692344189,20,0.9542999267578125,134.0936768501997,141,2256,73924608,True
B300_288GB_budget,268.2209014892578,32,2,16,32,1,1,bfloat16,131072,113.13937692344189,20,3.4855499267578125,136.6249268501997,38,608,79691776,True
B300_288GB_budget,268.2209014892578,32,2,16,32,1,1,bfloat16,524288,113.13937692344189,20,13.610549926757812,146.7499268501997,9,144,75497472,True
B300_288GB_budget,268.2209014892578,32,2,16,32,1,1,bfloat16,1048576,113.13937692344189,20,27.110549926757812,160.2499268501997,4,64,67108864,True
B300_288GB_budget,268.2209014892578,32,2,16,32,1,1,fp8_e4m3,1024,113.13937692344189,20,0.1237335205078125,133.2631104439497,1091,17456,17874944,True
B300_288GB_budget,268.2209014892578,32,2,16,32,1,1,fp8_e4m3,8192,113.13937692344189,20,0.2160186767578125,133.3553956001997,625,10000,81920000,True
B300_288GB_budget,268.2209014892578,32,2,16,32,1,1,fp8_e4m3,32768,113.13937692344189,20,0.5324249267578125,133.6718018501997,253,4048,132644864,True
B300_288GB_budget,268.2209014892578,32,2,16,32,1,1,fp8_e4m3,131072,113.13937692344189,20,1.7980499267578125,134.9374268501997,75,1200,157286400,True
B300_288GB_budget,268.2209014892578,32,2,16,32,1,1,fp8_e4m3,524288,113.13937692344189,20,6.8605499267578125,139.9999268501997,19,304,159383552,True
B300_288GB_budget,268.2209014892578,32,2,16,32,1,1,fp8_e4m3,1048576,113.13937692344189,20,13.610549926757812,146.7499268501997,9,144,150994944,True
B300_288GB_budget,268.2209014892578,32,2,16,32,1,2,bfloat16,1024,113.13937692344189,20,0.1237335205078125,133.2631104439497,1091,17456,17874944,False
B300_288GB_budget,268.2209014892578,32,2,16,32,1,2,bfloat16,8192,113.13937692344189,20,0.2160186767578125,133.3553956001997,625,10000,81920000,False
B300_288GB_budget,268.2209014892578,32,2,16,32,1,2,bfloat16,32768,113.13937692344189,20,0.5324249267578125,133.6718018501997,253,4048,132644864,False
B300_288GB_budget,268.2209014892578,32,2,16,32,1,2,bfloat16,131072,113.13937692344189,20,1.7980499267578125,134.9374268501997,75,1200,157286400,False
B300_288GB_budget,268.2209014892578,32,2,16,32,1,2,bfloat16,524288,113.13937692344189,20,6.8605499267578125,139.9999268501997,19,304,159383552,False
B300_288GB_budget,268.2209014892578,32,2,16,32,1,2,bfloat16,1048576,113.13937692344189,20,13.610549926757812,146.7499268501997,9,144,150994944,False
B300_288GB_budget,268.2209014892578,32,2,16,32,1,2,fp8_e4m3,1024,113.13937692344189,20,0.1171417236328125,133.2565186470747,1153,18448,18890752,False
B300_288GB_budget,268.2209014892578,32,2,16,32,1,2,fp8_e4m3,8192,113.13937692344189,20,0.1632843017578125,133.3026612251997,827,13232,108396544,False
B300_288GB_budget,268.2209014892578,32,2,16,32,1,2,fp8_e4m3,32768,113.13937692344189,20,0.3214874267578125,133.4608643501997,420,6720,220200960,False
B300_288GB_budget,268.2209014892578,32,2,16,32,1,2,fp8_e4m3,131072,113.13937692344189,20,0.9542999267578125,134.0936768501997,141,2256,295698432,False
B300_288GB_budget,268.2209014892578,32,2,16,32,1,2,fp8_e4m3,524288,113.13937692344189,20,3.4855499267578125,136.6249268501997,38,608,318767104,False
B300_288GB_budget,268.2209014892578,32,2,16,32,1,2,fp8_e4m3,1048576,113.13937692344189,20,6.8605499267578125,139.9999268501997,19,304,318767104,False
B300_288GB_budget,268.2209014892578,32,4,8,32,1,1,bfloat16,1024,95.38653437793255,20,0.08164215087890625,115.46817652881145,1872,14976,15335424,True
B300_288GB_budget,268.2209014892578,32,4,8,32,1,1,bfloat16,8192,95.38653437793255,20,0.26621246337890625,115.65274684131145,574,4592,37617664,True
B300_288GB_budget,268.2209014892578,32,4,8,32,1,1,bfloat16,32768,95.38653437793255,20,0.8990249633789062,116.28555934131145,170,1360,44564480,True
B300_288GB_budget,268.2209014892578,32,4,8,32,1,1,bfloat16,131072,95.38653437793255,20,3.4302749633789062,118.81680934131145,44,352,46137344,True
B300_288GB_budget,268.2209014892578,32,4,8,32,1,1,bfloat16,524288,95.38653437793255,20,13.555274963378906,128.94180934131145,11,88,46137344,True
B300_288GB_budget,268.2209014892578,32,4,8,32,1,1,bfloat16,1048576,95.38653437793255,20,27.055274963378906,142.44180934131145,5,40,41943040,True
B300_288GB_budget,268.2209014892578,32,4,8,32,1,1,fp8_e4m3,1024,95.38653437793255,20,0.06845855712890625,115.45499293506145,2232,17856,18284544,True
B300_288GB_budget,268.2209014892578,32,4,8,32,1,1,fp8_e4m3,8192,95.38653437793255,20,0.16074371337890625,115.54727809131145,950,7600,62259200,True
B300_288GB_budget,268.2209014892578,32,4,8,32,1,1,fp8_e4m3,32768,95.38653437793255,20,0.47714996337890625,115.86368434131145,320,2560,83886080,True
B300_288GB_budget,268.2209014892578,32,4,8,32,1,1,fp8_e4m3,131072,95.38653437793255,20,1.7427749633789062,117.12930934131145,87,696,91226112,True
B300_288GB_budget,268.2209014892578,32,4,8,32,1,1,fp8_e4m3,524288,95.38653437793255,20,6.805274963378906,122.19180934131145,22,176,92274688,True
B300_288GB_budget,268.2209014892578,32,4,8,32,1,1,fp8_e4m3,1048576,95.38653437793255,20,13.555274963378906,128.94180934131145,11,88,92274688,True
B300_288GB_budget,268.2209014892578,32,4,8,32,1,2,bfloat16,1024,95.38653437793255,20,0.06845855712890625,115.45499293506145,2232,17856,18284544,False
B300_288GB_budget,268.2209014892578,32,4,8,32,1,2,bfloat16,8192,95.38653437793255,20,0.16074371337890625,115.54727809131145,950,7600,62259200,False
B300_288GB_budget,268.2209014892578,32,4,8,32,1,2,bfloat16,32768,95.38653437793255,20,0.47714996337890625,115.86368434131145,320,2560,83886080,False
B300_288GB_budget,268.2209014892578,32,4,8,32,1,2,bfloat16,131072,95.38653437793255,20,1.7427749633789062,117.12930934131145,87,696,91226112,False
B300_288GB_budget,268.2209014892578,32,4,8,32,1,2,bfloat16,524288,95.38653437793255,20,6.805274963378906,122.19180934131145,22,176,92274688,False
B300_288GB_budget,268.2209014892578,32,4,8,32,1,2,bfloat16,1048576,95.38653437793255,20,13.555274963378906,128.94180934131145,11,88,92274688,False
B300_288GB_budget,268.2209014892578,32,4,8,32,1,2,fp8_e4m3,1024,95.38653437793255,20,0.06186676025390625,115.44840113818645,2470,19760,20234240,False
B300_288GB_budget,268.2209014892578,32,4,8,32,1,2,fp8_e4m3,8192,95.38653437793255,20,0.10800933837890625,115.49454371631145,1415,11320,92733440,False
B300_288GB_budget,268.2209014892578,32,4,8,32,1,2,fp8_e4m3,32768,95.38653437793255,20,0.26621246337890625,115.65274684131145,574,4592,150470656,False
B300_288GB_budget,268.2209014892578,32,4,8,32,1,2,fp8_e4m3,131072,95.38653437793255,20,0.8990249633789062,116.28555934131145,170,1360,178257920,False
B300_288GB_budget,268.2209014892578,32,4,8,32,1,2,fp8_e4m3,524288,95.38653437793255,20,3.4302749633789062,118.81680934131145,44,352,184549376,False
B300_288GB_budget,268.2209014892578,32,4,8,32,1,2,fp8_e4m3,1048576,95.38653437793255,20,6.805274963378906,122.19180934131145,22,176,184549376,False
B300_288GB_budget,268.2209014892578,32,4,8,32,1,4,bfloat16,1024,95.38653437793255,20,0.06186676025390625,115.44840113818645,2470,19760,20234240,False
B300_288GB_budget,268.2209014892578,32,4,8,32,1,4,bfloat16,8192,95.38653437793255,20,0.10800933837890625,115.49454371631145,1415,11320,92733440,False
B300_288GB_budget,268.2209014892578,32,4,8,32,1,4,bfloat16,32768,95.38653437793255,20,0.26621246337890625,115.65274684131145,574,4592,150470656,False
B300_288GB_budget,268.2209014892578,32,4,8,32,1,4,bfloat16,131072,95.38653437793255,20,0.8990249633789062,116.28555934131145,170,1360,178257920,False
B300_288GB_budget,268.2209014892578,32,4,8,32,1,4,bfloat16,524288,95.38653437793255,20,3.4302749633789062,118.81680934131145,44,352,184549376,False
B300_288GB_budget,268.2209014892578,32,4,8,32,1,4,bfloat16,1048576,95.38653437793255,20,6.805274963378906,122.19180934131145,22,176,184549376,False
B300_288GB_budget,268.2209014892578,32,4,8,32,1,4,fp8_e4m3,1024,95.38653437793255,20,0.05857086181640625,115.44510523974895,2609,20872,21372928,False
B300_288GB_budget,268.2209014892578,32,4,8,32,1,4,fp8_e4m3,8192,95.38653437793255,20,0.08164215087890625,115.46817652881145,1872,14976,122683392,False
B300_288GB_budget,268.2209014892578,32,4,8,32,1,4,fp8_e4m3,32768,95.38653437793255,20,0.16074371337890625,115.54727809131145,950,7600,249036800,False
B300_288GB_budget,268.2209014892578,32,4,8,32,1,4,fp8_e4m3,131072,95.38653437793255,20,0.47714996337890625,115.86368434131145,320,2560,335544320,False
B300_288GB_budget,268.2209014892578,32,4,8,32,1,4,fp8_e4m3,524288,95.38653437793255,20,1.7427749633789062,117.12930934131145,87,696,364904448,False
B300_288GB_budget,268.2209014892578,32,4,8,32,1,4,fp8_e4m3,1048576,95.38653437793255,20,3.4302749633789062,118.81680934131145,44,352,369098752,False
B300_288GB_budget,268.2209014892578,32,8,4,32,1,1,bfloat16,1024,86.51011310517788,20,0.054004669189453125,106.56411777436733,2994,11976,12263424,True
B300_288GB_budget,268.2209014892578,32,8,4,32,1,1,bfloat16,8192,86.51011310517788,20,0.23857498168945312,106.74868808686733,677,2708,22183936,True
B300_288GB_budget,268.2209014892578,32,8,4,32,1,1,bfloat16,32768,86.51011310517788,20,0.8713874816894531,107.38150058686733,185,740,24248320,True
B300_288GB_budget,268.2209014892578,32,8,4,32,1,1,bfloat16,131072,86.51011310517788,20,3.402637481689453,109.91275058686733,47,188,24641536,True
B300_288GB_budget,268.2209014892578,32,8,4,32,1,1,bfloat16,524288,86.51011310517788,20,13.527637481689453,120.03775058686733,11,44,23068672,True
B300_288GB_budget,268.2209014892578,32,8,4,32,1,1,bfloat16,1048576,86.51011310517788,20,27.027637481689453,133.53775058686733,5,20,20971520,True
B300_288GB_budget,268.2209014892578,32,8,4,32,1,1,fp8_e4m3,1024,86.51011310517788,20,0.040821075439453125,106.55093418061733,3961,15844,16224256,True
B300_288GB_budget,268.2209014892578,32,8,4,32,1,1,fp8_e4m3,8192,86.51011310517788,20,0.13310623168945312,106.64321933686733,1214,4856,39780352,True
B300_288GB_budget,268.2209014892578,32,8,4,32,1,1,fp8_e4m3,32768,86.51011310517788,20,0.4495124816894531,106.95962558686733,359,1436,47054848,True
B300_288GB_budget,268.2209014892578,32,8,4,32,1,1,fp8_e4m3,131072,86.51011310517788,20,1.7151374816894531,108.22525058686733,94,376,49283072,True
B300_288GB_budget,268.2209014892578,32,8,4,32,1,1,fp8_e4m3,524288,86.51011310517788,20,6.777637481689453,113.28775058686733,23,92,48234496,True
B300_288GB_budget,268.2209014892578,32,8,4,32,1,1,fp8_e4m3,1048576,86.51011310517788,20,13.527637481689453,120.03775058686733,11,44,46137344,True
B300_288GB_budget,268.2209014892578,32,8,4,32,1,2,bfloat16,1024,86.51011310517788,20,0.040821075439453125,106.55093418061733,3961,15844,16224256,False
B300_288GB_budget,268.2209014892578,32,8,4,32,1,2,bfloat16,8192,86.51011310517788,20,0.13310623168945312,106.64321933686733,1214,4856,39780352,False
B300_288GB_budget,268.2209014892578,32,8,4,32,1,2,bfloat16,32768,86.51011310517788,20,0.4495124816894531,106.95962558686733,359,1436,47054848,False
B300_288GB_budget,268.2209014892578,32,8,4,32,1,2,bfloat16,131072,86.51011310517788,20,1.7151374816894531,108.22525058686733,94,376,49283072,False
B300_288GB_budget,268.2209014892578,32,8,4,32,1,2,bfloat16,524288,86.51011310517788,20,6.777637481689453,113.28775058686733,23,92,48234496,False
B300_288GB_budget,268.2209014892578,32,8,4,32,1,2,bfloat16,1048576,86.51011310517788,20,13.527637481689453,120.03775058686733,11,44,46137344,False
B300_288GB_budget,268.2209014892578,32,8,4,32,1,2,fp8_e4m3,1024,86.51011310517788,20,0.034229278564453125,106.54434238374233,4724,18896,19349504,False
B300_288GB_budget,268.2209014892578,32,8,4,32,1,2,fp8_e4m3,8192,86.51011310517788,20,0.08037185668945312,106.59048496186733,2012,8048,65929216,False
B300_288GB_budget,268.2209014892578,32,8,4,32,1,2,fp8_e4m3,32768,86.51011310517788,20,0.23857498168945312,106.74868808686733,677,2708,88735744,False
B300_288GB_budget,268.2209014892578,32,8,4,32,1,2,fp8_e4m3,131072,86.51011310517788,20,0.8713874816894531,107.38150058686733,185,740,96993280,False
B300_288GB_budget,268.2209014892578,32,8,4,32,1,2,fp8_e4m3,524288,86.51011310517788,20,3.402637481689453,109.91275058686733,47,188,98566144,False
B300_288GB_budget,268.2209014892578,32,8,4,32,1,2,fp8_e4m3,1048576,86.51011310517788,20,6.777637481689453,113.28775058686733,23,92,96468992,False
B300_288GB_budget,268.2209014892578,32,8,4,32,1,4,bfloat16,1024,86.51011310517788,20,0.034229278564453125,106.54434238374233,4724,18896,19349504,False
B300_288GB_budget,268.2209014892578,32,8,4,32,1,4,bfloat16,8192,86.51011310517788,20,0.08037185668945312,106.59048496186733,2012,8048,65929216,False
B300_288GB_budget,268.2209014892578,32,8,4,32,1,4,bfloat16,32768,86.51011310517788,20,0.23857498168945312,106.74868808686733,677,2708,88735744,False
B300_288GB_budget,268.2209014892578,32,8,4,32,1,4,bfloat16,131072,86.51011310517788,20,0.8713874816894531,107.38150058686733,185,740,96993280,False
B300_288GB_budget,268.2209014892578,32,8,4,32,1,4,bfloat16,524288,86.51011310517788,20,3.402637481689453,109.91275058686733,47,188,98566144,False
B300_288GB_budget,268.2209014892578,32,8,4,32,1,4,bfloat16,1048576,86.51011310517788,20,6.777637481689453,113.28775058686733,23,92,96468992,False
B300_288GB_budget,268.2209014892578,32,8,4,32,1,4,fp8_e4m3,1024,86.51011310517788,20,0.030933380126953125,106.54104648530483,5227,20908,21409792,False
B300_288GB_budget,268.2209014892578,32,8,4,32,1,4,fp8_e4m3,8192,86.51011310517788,20,0.054004669189453125,106.56411777436733,2994,11976,98107392,False
B300_288GB_budget,268.2209014892578,32,8,4,32,1,4,fp8_e4m3,32768,86.51011310517788,20,0.13310623168945312,106.64321933686733,1214,4856,159121408,False
B300_288GB_budget,268.2209014892578,32,8,4,32,1,4,fp8_e4m3,131072,86.51011310517788,20,0.4495124816894531,106.95962558686733,359,1436,188219392,False
B300_288GB_budget,268.2209014892578,32,8,4,32,1,4,fp8_e4m3,524288,86.51011310517788,20,1.7151374816894531,108.22525058686733,94,376,197132288,False
B300_288GB_budget,268.2209014892578,32,8,4,32,1,4,fp8_e4m3,1048576,86.51011310517788,20,3.402637481689453,109.91275058686733,47,188,197132288,False
B300_288GB_budget,268.2209014892578,32,8,4,32,1,8,bfloat16,1024,86.51011310517788,20,0.030933380126953125,106.54104648530483,5227,20908,21409792,False
B300_288GB_budget,268.2209014892578,32,8,4,32,1,8,bfloat16,8192,86.51011310517788,20,0.054004669189453125,106.56411777436733,2994,11976,98107392,False
B300_288GB_budget,268.2209014892578,32,8,4,32,1,8,bfloat16,32768,86.51011310517788,20,0.13310623168945312,106.64321933686733,1214,4856,159121408,False
B300_288GB_budget,268.2209014892578,32,8,4,32,1,8,bfloat16,131072,86.51011310517788,20,0.4495124816894531,106.95962558686733,359,1436,188219392,False
B300_288GB_budget,268.2209014892578,32,8,4,32,1,8,bfloat16,524288,86.51011310517788,20,1.7151374816894531,108.22525058686733,94,376,197132288,False
B300_288GB_budget,268.2209014892578,32,8,4,32,1,8,bfloat16,1048576,86.51011310517788,20,3.402637481689453,109.91275058686733,47,188,197132288,False
B300_288GB_budget,268.2209014892578,32,8,4,32,1,8,fp8_e4m3,1024,86.51011310517788,20,0.029285430908203125,106.53939853608608,5521,22084,22614016,False
B300_288GB_budget,268.2209014892578,32,8,4,32,1,8,fp8_e4m3,8192,86.51011310517788,20,0.040821075439453125,106.55093418061733,3961,15844,129794048,False
B300_288GB_budget,268.2209014892578,32,8,4,32,1,8,fp8_e4m3,32768,86.51011310517788,20,0.08037185668945312,106.59048496186733,2012,8048,263716864,False
B300_288GB_budget,268.2209014892578,32,8,4,32,1,8,fp8_e4m3,131072,86.51011310517788,20,0.23857498168945312,106.74868808686733,677,2708,354942976,False
B300_288GB_budget,268.2209014892578,32,8,4,32,1,8,fp8_e4m3,524288,86.51011310517788,20,0.8713874816894531,107.38150058686733,185,740,387973120,False
B300_288GB_budget,268.2209014892578,32,8,4,32,1,8,fp8_e4m3,1048576,86.51011310517788,20,1.7151374816894531,108.22525058686733,94,376,394264576,False
B300_288GB_budget,268.2209014892578,32,16,2,32,1,1,bfloat16,1024,82.07190246880054,20,0.04018592834472656,102.11208839714527,4134,8268,8466432,True
B300_288GB_budget,268.2209014892578,32,16,2,32,1,1,bfloat16,8192,82.07190246880054,20,0.22475624084472656,102.29665870964527,739,1478,12107776,True
B300_288GB_budget,268.2209014892578,32,16,2,32,1,1,bfloat16,32768,82.07190246880054,20,0.8575687408447266,102.92947120964527,193,386,12648448,True
B300_288GB_budget,268.2209014892578,32,16,2,32,1,1,bfloat16,131072,82.07190246880054,20,3.3888187408447266,105.46072120964527,49,98,12845056,True
B300_288GB_budget,268.2209014892578,32,16,2,32,1,1,bfloat16,524288,82.07190246880054,20,13.513818740844727,115.58572120964527,12,24,12582912,True
B300_288GB_budget,268.2209014892578,32,16,2,32,1,1,bfloat16,1048576,82.07190246880054,20,27.013818740844727,129.08572120964527,6,12,12582912,True
B300_288GB_budget,268.2209014892578,32,16,2,32,1,1,fp8_e4m3,1024,82.07190246880054,20,0.027002334594726562,102.09890480339527,6153,12306,12601344,True
B300_288GB_budget,268.2209014892578,32,16,2,32,1,1,fp8_e4m3,8192,82.07190246880054,20,0.11928749084472656,102.19118995964527,1392,2784,22806528,True
B300_288GB_budget,268.2209014892578,32,16,2,32,1,1,fp8_e4m3,32768,82.07190246880054,20,0.43569374084472656,102.50759620964527,381,762,24969216,True
B300_288GB_budget,268.2209014892578,32,16,2,32,1,1,fp8_e4m3,131072,82.07190246880054,20,1.7013187408447266,103.77322120964527,97,194,25427968,True
B300_288GB_budget,268.2209014892578,32,16,2,32,1,1,fp8_e4m3,524288,82.07190246880054,20,6.763818740844727,108.83572120964527,24,48,25165824,True
B300_288GB_budget,268.2209014892578,32,16,2,32,1,1,fp8_e4m3,1048576,82.07190246880054,20,13.513818740844727,115.58572120964527,12,24,25165824,True
B300_288GB_budget,268.2209014892578,32,16,2,32,1,2,bfloat16,1024,82.07190246880054,20,0.027002334594726562,102.09890480339527,6153,12306,12601344,False
B300_288GB_budget,268.2209014892578,32,16,2,32,1,2,bfloat16,8192,82.07190246880054,20,0.11928749084472656,102.19118995964527,1392,2784,22806528,False
B300_288GB_budget,268.2209014892578,32,16,2,32,1,2,bfloat16,32768,82.07190246880054,20,0.43569374084472656,102.50759620964527,381,762,24969216,False
B300_288GB_budget,268.2209014892578,32,16,2,32,1,2,bfloat16,131072,82.07190246880054,20,1.7013187408447266,103.77322120964527,97,194,25427968,False
B300_288GB_budget,268.2209014892578,32,16,2,32,1,2,bfloat16,524288,82.07190246880054,20,6.763818740844727,108.83572120964527,24,48,25165824,False
B300_288GB_budget,268.2209014892578,32,16,2,32,1,2,bfloat16,1048576,82.07190246880054,20,13.513818740844727,115.58572120964527,12,24,25165824,False
B300_288GB_budget,268.2209014892578,32,16,2,32,1,2,fp8_e4m3,1024,82.07190246880054,20,0.020410537719726562,102.09231300652027,8140,16280,16670720,False
B300_288GB_budget,268.2209014892578,32,16,2,32,1,2,fp8_e4m3,8192,82.07190246880054,20,0.06655311584472656,102.13845558464527,2496,4992,40894464,False
B300_288GB_budget,268.2209014892578,32,16,2,32,1,2,fp8_e4m3,32768,82.07190246880054,20,0.22475624084472656,102.29665870964527,739,1478,48431104,False
B300_288GB_budget,268.2209014892578,32,16,2,32,1,2,fp8_e4m3,131072,82.07190246880054,20,0.8575687408447266,102.92947120964527,193,386,50593792,False
B300_288GB_budget,268.2209014892578,32,16,2,32,1,2,fp8_e4m3,524288,82.07190246880054,20,3.3888187408447266,105.46072120964527,49,98,51380224,False
B300_288GB_budget,268.2209014892578,32,16,2,32,1,2,fp8_e4m3,1048576,82.07190246880054,20,6.763818740844727,108.83572120964527,24,48,50331648,False
B300_288GB_budget,268.2209014892578,32,16,2,32,1,4,bfloat16,1024,82.07190246880054,20,0.020410537719726562,102.09231300652027,8140,16280,16670720,False
B300_288GB_budget,268.2209014892578,32,16,2,32,1,4,bfloat16,8192,82.07190246880054,20,0.06655311584472656,102.13845558464527,2496,4992,40894464,False
B300_288GB_budget,268.2209014892578,32,16,2,32,1,4,bfloat16,32768,82.07190246880054,20,0.22475624084472656,102.29665870964527,739,1478,48431104,False
B300_288GB_budget,268.2209014892578,32,16,2,32,1,4,bfloat16,131072,82.07190246880054,20,0.8575687408447266,102.92947120964527,193,386,50593792,False
B300_288GB_budget,268.2209014892578,32,16,2,32,1,4,bfloat16,524288,82.07190246880054,20,3.3888187408447266,105.46072120964527,49,98,51380224,False
B300_288GB_budget,268.2209014892578,32,16,2,32,1,4,bfloat16,1048576,82.07190246880054,20,6.763818740844727,108.83572120964527,24,48,50331648,False
B300_288GB_budget,268.2209014892578,32,16,2,32,1,4,fp8_e4m3,1024,82.07190246880054,20,0.017114639282226562,102.08901710808277,9708,19416,19881984,False
B300_288GB_budget,268.2209014892578,32,16,2,32,1,4,fp8_e4m3,8192,82.07190246880054,20,0.04018592834472656,102.11208839714527,4134,8268,67731456,False
B300_288GB_budget,268.2209014892578,32,16,2,32,1,4,fp8_e4m3,32768,82.07190246880054,20,0.11928749084472656,102.19118995964527,1392,2784,91226112,False
B300_288GB_budget,268.2209014892578,32,16,2,32,1,4,fp8_e4m3,131072,82.07190246880054,20,0.43569374084472656,102.50759620964527,381,762,99876864,False
B300_288GB_budget,268.2209014892578,32,16,2,32,1,4,fp8_e4m3,524288,82.07190246880054,20,1.7013187408447266,103.77322120964527,97,194,101711872,False
B300_288GB_budget,268.2209014892578,32,16,2,32,1,4,fp8_e4m3,1048576,82.07190246880054,20,3.3888187408447266,105.46072120964527,49,98,102760448,False
B300_288GB_budget,268.2209014892578,32,16,2,32,1,8,bfloat16,1024,82.07190246880054,20,0.017114639282226562,102.08901710808277,9708,19416,19881984,False
B300_288GB_budget,268.2209014892578,32,16,2,32,1,8,bfloat16,8192,82.07190246880054,20,0.04018592834472656,102.11208839714527,4134,8268,67731456,False
B300_288GB_budget,268.2209014892578,32,16,2,32,1,8,bfloat16,32768,82.07190246880054,20,0.11928749084472656,102.19118995964527,1392,2784,91226112,False
B300_288GB_budget,268.2209014892578,32,16,2,32,1,8,bfloat16,131072,82.07190246880054,20,0.43569374084472656,102.50759620964527,381,762,99876864,False
B300_288GB_budget,268.2209014892578,32,16,2,32,1,8,bfloat16,524288,82.07190246880054,20,1.7013187408447266,103.77322120964527,97,194,101711872,False
B300_288GB_budget,268.2209014892578,32,16,2,32,1,8,bfloat16,1048576,82.07190246880054,20,3.3888187408447266,105.46072120964527,49,98,102760448,False
B300_288GB_budget,268.2209014892578,32,16,2,32,1,8,fp8_e4m3,1024,82.07190246880054,20,0.015466690063476562,102.08736915886402,10742,21484,21999616,False
B300_288GB_budget,268.2209014892578,32,16,2,32,1,8,fp8_e4m3,8192,82.07190246880054,20,0.027002334594726562,102.09890480339527,6153,12306,100810752,False
B300_288GB_budget,268.2209014892578,32,16,2,32,1,8,fp8_e4m3,32768,82.07190246880054,20,0.06655311584472656,102.13845558464527,2496,4992,163577856,False
B300_288GB_budget,268.2209014892578,32,16,2,32,1,8,fp8_e4m3,131072,82.07190246880054,20,0.22475624084472656,102.29665870964527,739,1478,193724416,False
B300_288GB_budget,268.2209014892578,32,16,2,32,1,8,fp8_e4m3,524288,82.07190246880054,20,0.8575687408447266,102.92947120964527,193,386,202375168,False
B300_288GB_budget,268.2209014892578,32,16,2,32,1,8,fp8_e4m3,1048576,82.07190246880054,20,1.7013187408447266,103.77322120964527,97,194,203423744,False
B300_288GB_budget,268.2209014892578,32,32,1,32,1,1,bfloat16,1024,79.85279715061188,20,0.03327655792236328,99.88607370853424,5059,5059,5180416,True
B300_288GB_budget,268.2209014892578,32,32,1,32,1,1,bfloat16,8192,79.85279715061188,20,0.21784687042236328,100.07064402103424,772,772,6324224,True
B300_288GB_budget,268.2209014892578,32,32,1,32,1,1,bfloat16,32768,79.85279715061188,20,0.8506593704223633,100.70345652103424,197,197,6455296,True
B300_288GB_budget,268.2209014892578,32,32,1,32,1,1,bfloat16,131072,79.85279715061188,20,3.3819093704223633,103.23470652103424,49,49,6422528,True
B300_288GB_budget,268.2209014892578,32,32,1,32,1,1,bfloat16,524288,79.85279715061188,20,13.506909370422363,113.35970652103424,12,12,6291456,True
B300_288GB_budget,268.2209014892578,32,32,1,32,1,1,bfloat16,1048576,79.85279715061188,20,27.006909370422363,126.85970652103424,6,6,6291456,True
B300_288GB_budget,268.2209014892578,32,32,1,32,1,1,fp8_e4m3,1024,79.85279715061188,20,0.02009296417236328,99.87289011478424,8379,8379,8580096,True
B300_288GB_budget,268.2209014892578,32,32,1,32,1,1,fp8_e4m3,8192,79.85279715061188,20,0.11237812042236328,99.96517527103424,1498,1498,12271616,True
B300_288GB_budget,268.2209014892578,32,32,1,32,1,1,fp8_e4m3,32768,79.85279715061188,20,0.4287843704223633,100.28158152103424,392,392,12845056,True
B300_288GB_budget,268.2209014892578,32,32,1,32,1,1,fp8_e4m3,131072,79.85279715061188,20,1.6944093704223633,101.54720652103424,99,99,12976128,True
B300_288GB_budget,268.2209014892578,32,32,1,32,1,1,fp8_e4m3,524288,79.85279715061188,20,6.756909370422363,106.60970652103424,24,24,12582912,True
B300_288GB_budget,268.2209014892578,32,32,1,32,1,1,fp8_e4m3,1048576,79.85279715061188,20,13.506909370422363,113.35970652103424,12,12,12582912,True
B300_288GB_budget,268.2209014892578,32,32,1,32,1,2,bfloat16,1024,79.85279715061188,20,0.02009296417236328,99.87289011478424,8379,8379,8580096,False
B300_288GB_budget,268.2209014892578,32,32,1,32,1,2,bfloat16,8192,79.85279715061188,20,0.11237812042236328,99.96517527103424,1498,1498,12271616,False
B300_288GB_budget,268.2209014892578,32,32,1,32,1,2,bfloat16,32768,79.85279715061188,20,0.4287843704223633,100.28158152103424,392,392,12845056,False
B300_288GB_budget,268.2209014892578,32,32,1,32,1,2,bfloat16,131072,79.85279715061188,20,1.6944093704223633,101.54720652103424,99,99,12976128,False
B300_288GB_budget,268.2209014892578,32,32,1,32,1,2,bfloat16,524288,79.85279715061188,20,6.756909370422363,106.60970652103424,24,24,12582912,False
B300_288GB_budget,268.2209014892578,32,32,1,32,1,2,bfloat16,1048576,79.85279715061188,20,13.506909370422363,113.35970652103424,12,12,12582912,False
B300_288GB_budget,268.2209014892578,32,32,1,32,1,2,fp8_e4m3,1024,79.85279715061188,20,0.013501167297363281,99.86629831790924,12470,12470,12769280,False
B300_288GB_budget,268.2209014892578,32,32,1,32,1,2,fp8_e4m3,8192,79.85279715061188,20,0.05964374542236328,99.91244089603424,2822,2822,23117824,False
B300_288GB_budget,268.2209014892578,32,32,1,32,1,2,fp8_e4m3,32768,79.85279715061188,20,0.21784687042236328,100.07064402103424,772,772,25296896,False
B300_288GB_budget,268.2209014892578,32,32,1,32,1,2,fp8_e4m3,131072,79.85279715061188,20,0.8506593704223633,100.70345652103424,197,197,25821184,False
B300_288GB_budget,268.2209014892578,32,32,1,32,1,2,fp8_e4m3,524288,79.85279715061188,20,3.3819093704223633,103.23470652103424,49,49,25690112,False
B300_288GB_budget,268.2209014892578,32,32,1,32,1,2,fp8_e4m3,1048576,79.85279715061188,20,6.756909370422363,106.60970652103424,24,24,25165824,False
B300_288GB_budget,268.2209014892578,32,32,1,32,1,4,bfloat16,1024,79.85279715061188,20,0.013501167297363281,99.86629831790924,12470,12470,12769280,False
B300_288GB_budget,268.2209014892578,32,32,1,32,1,4,bfloat16,8192,79.85279715061188,20,0.05964374542236328,99.91244089603424,2822,2822,23117824,False
B300_288GB_budget,268.2209014892578,32,32,1,32,1,4,bfloat16,32768,79.85279715061188,20,0.21784687042236328,100.07064402103424,772,772,25296896,False
B300_288GB_budget,268.2209014892578,32,32,1,32,1,4,bfloat16,131072,79.85279715061188,20,0.8506593704223633,100.70345652103424,197,197,25821184,False
B300_288GB_budget,268.2209014892578,32,32,1,32,1,4,bfloat16,524288,79.85279715061188,20,3.3819093704223633,103.23470652103424,49,49,25690112,False
B300_288GB_budget,268.2209014892578,32,32,1,32,1,4,bfloat16,1048576,79.85279715061188,20,6.756909370422363,106.60970652103424,24,24,25165824,False
B300_288GB_budget,268.2209014892578,32,32,1,32,1,4,fp8_e4m3,1024,79.85279715061188,20,0.010205268859863281,99.86300241947174,16498,16498,16893952,False
B300_288GB_budget,268.2209014892578,32,32,1,32,1,4,fp8_e4m3,8192,79.85279715061188,20,0.03327655792236328,99.88607370853424,5059,5059,41443328,False
B300_288GB_budget,268.2209014892578,32,32,1,32,1,4,fp8_e4m3,32768,79.85279715061188,20,0.11237812042236328,99.96517527103424,1498,1498,49086464,False
B300_288GB_budget,268.2209014892578,32,32,1,32,1,4,fp8_e4m3,131072,79.85279715061188,20,0.4287843704223633,100.28158152103424,392,392,51380224,False
B300_288GB_budget,268.2209014892578,32,32,1,32,1,4,fp8_e4m3,524288,79.85279715061188,20,1.6944093704223633,101.54720652103424,99,99,51904512,False
B300_288GB_budget,268.2209014892578,32,32,1,32,1,4,fp8_e4m3,1048576,79.85279715061188,20,3.3819093704223633,103.23470652103424,49,49,51380224,False
B300_288GB_budget,268.2209014892578,32,32,1,32,1,8,bfloat16,1024,79.85279715061188,20,0.010205268859863281,99.86300241947174,16498,16498,16893952,False
B300_288GB_budget,268.2209014892578,32,32,1,32,1,8,bfloat16,8192,79.85279715061188,20,0.03327655792236328,99.88607370853424,5059,5059,41443328,False
B300_288GB_budget,268.2209014892578,32,32,1,32,1,8,bfloat16,32768,79.85279715061188,20,0.11237812042236328,99.96517527103424,1498,1498,49086464,False
B300_288GB_budget,268.2209014892578,32,32,1,32,1,8,bfloat16,131072,79.85279715061188,20,0.4287843704223633,100.28158152103424,392,392,51380224,False
B300_288GB_budget,268.2209014892578,32,32,1,32,1,8,bfloat16,524288,79.85279715061188,20,1.6944093704223633,101.54720652103424,99,99,51904512,False
B300_288GB_budget,268.2209014892578,32,32,1,32,1,8,bfloat16,1048576,79.85279715061188,20,3.3819093704223633,103.23470652103424,49,49,51380224,False
B300_288GB_budget,268.2209014892578,32,32,1,32,1,8,fp8_e4m3,1024,79.85279715061188,20,0.008557319641113281,99.86135447025299,19675,19675,20147200,False
B300_288GB_budget,268.2209014892578,32,32,1,32,1,8,fp8_e4m3,8192,79.85279715061188,20,0.02009296417236328,99.87289011478424,8379,8379,68640768,False
B300_288GB_budget,268.2209014892578,32,32,1,32,1,8,fp8_e4m3,32768,79.85279715061188,20,0.05964374542236328,99.91244089603424,2822,2822,92471296,False
B300_288GB_budget,268.2209014892578,32,32,1,32,1,8,fp8_e4m3,131072,79.85279715061188,20,0.21784687042236328,100.07064402103424,772,772,101187584,False
B300_288GB_budget,268.2209014892578,32,32,1,32,1,8,fp8_e4m3,524288,79.85279715061188,20,0.8506593704223633,100.70345652103424,197,197,103284736,False
B300_288GB_budget,268.2209014892578,32,32,1,32,1,8,fp8_e4m3,1048576,79.85279715061188,20,1.6944093704223633,101.54720652103424,99,99,103809024,False
