rank,tp,cp,dp,queries,cached_tokens,local_attention_ms,attention_with_merge_ms,graph_ms,correctness_max_abs,expanded_kv_bytes,local_attention_flops
0,16,1,1,1,32768,0.348089599609375,0.346777606010437,0.3383647918701172,0.0019712448120117188,125829120,125829120
0,16,1,1,128,32768,0.3458944082260132,0.34582080841064455,0.33834080696105956,0.0019712448120117188,125829120,16106127360
0,16,1,1,1024,32768,0.46818881034851073,0.4657760143280029,0.45847358703613283,0.0019712448120117188,125829120,128849018880
0,16,1,1,8192,32768,0.9181664466857911,0.9181280136108398,0.9060815811157227,0.0019712448120117188,125829120,1030792151040
0,16,1,1,1,131072,1.3553376197814941,1.35382080078125,1.3466992378234863,0.0019712448120117188,503316480,503316480
0,16,1,1,128,131072,1.357478427886963,1.3553664207458496,1.3475104331970216,0.0019712448120117188,503316480,64424509440
0,16,1,1,1024,131072,1.8095104217529296,1.807574462890625,1.8001663208007812,0.0019712448120117188,503316480,515396075520
0,16,1,1,8192,131072,3.5643550872802736,3.539235305786133,3.531644821166992,0.0019712448120117188,503316480,4123168604160
0,16,1,1,1,1048576,10.749120330810547,10.722035217285157,10.714008331298828,0.0019712448120117188,4026531840,4026531840
0,16,1,1,128,1048576,10.723926544189453,10.723891448974609,10.713839721679687,0.0019712448120117188,4026531840,515396075520
0,16,1,1,1024,1048576,14.354725646972657,14.357084655761719,14.348167419433594,0.0019712448120117188,4026531840,4123168604160
0,16,1,1,8192,1048576,28.64610900878906,28.296453857421874,28.49586181640625,0.0019712448120117188,4026531840,32985348833280
0,8,2,1,1,32768,0.1826848030090332,0.3948512077331543,0.2109839916229248,0.0035523176193237305,125829120,125829120
0,8,2,1,128,32768,0.1823232054710388,0.4019328117370605,0.21678719520568848,0.0035523176193237305,125829120,16106127360
0,8,2,1,1024,32768,0.24404480457305908,0.38143680095672605,0.3146048069000244,0.0035523176193237305,125829120,128849018880
0,8,2,1,8192,32768,0.717251205444336,0.9055456161499024,0.8797295570373536,0.0035523176193237305,125829120,1030792151040
0,8,2,1,1,131072,0.6910719871520996,0.7353983879089355,0.7286448001861572,0.0035523176193237305,503316480,503316480
0,8,2,1,128,131072,0.6940767765045166,0.734342384338379,0.7268208026885986,0.0035523176193237305,503316480,64424509440
0,8,2,1,1024,131072,0.9183263778686523,1.0011263847351075,0.990824031829834,0.0035523176193237305,503316480,515396075520
0,8,2,1,8192,131072,2.7239967346191407,3.045929527282715,2.985641670227051,0.0035523176193237305,503316480,4123168604160
0,8,2,1,1,1048576,5.403721618652344,5.48551025390625,5.456409454345703,0.0035523176193237305,4026531840,4026531840
0,8,2,1,128,1048576,5.404412841796875,5.471648025512695,5.4610847473144535,0.0035523176193237305,4026531840,515396075520
0,8,2,1,1024,1048576,7.220246124267578,7.3150146484375,7.306038665771484,0.0035523176193237305,4026531840,4123168604160
0,8,2,1,8192,1048576,23.65961608886719,23.987277221679687,23.540792846679686,0.0035523176193237305,4026531840,32985348833280
0,4,4,1,1,32768,0.10134719610214234,0.4289440155029297,0.1422111988067627,0.001576155424118042,125829120,125829120
0,4,4,1,128,32768,0.10096960067749024,0.4643392086029053,0.15244319438934326,0.001576155424118042,125829120,16106127360
0,4,4,1,1024,32768,0.13476799726486205,0.4921567916870117,0.2368704080581665,0.001576155424118042,125829120,128849018880
0,4,4,1,8192,32768,0.7048255920410156,1.0849791526794434,1.062830352783203,0.001576155424118042,125829120,1030792151040
0,4,4,1,1,131072,0.36683199405670164,0.4481760025024414,0.3945807933807373,0.001576155424118042,503316480,503316480
0,4,4,1,128,131072,0.356713604927063,0.46109437942504883,0.4059567928314209,0.001576155424118042,503316480,64424509440
0,4,4,1,1024,131072,0.4822080135345459,0.5933856010437012,0.5827072143554688,0.001576155424118042,503316480,515396075520
0,4,4,1,8192,131072,2.7761728286743166,3.333331298828125,3.214112091064453,0.001576155424118042,503316480,4123168604160
0,4,4,1,1,1048576,2.7338144302368166,2.7999711990356446,2.785443115234375,0.001576155424118042,4026531840,4026531840
0,4,4,1,128,1048576,2.7363103866577148,2.809584045410156,2.795060729980469,0.001576155424118042,4026531840,515396075520
0,4,4,1,1024,1048576,3.71734733581543,3.8705184936523436,3.830433654785156,0.001576155424118042,4026531840,4123168604160
0,4,4,1,8192,1048576,23.532118225097655,26.203244018554688,24.996560668945314,0.001576155424118042,4026531840,32985348833280
0,2,8,1,1,32768,0.07168959975242614,0.4033984184265137,0.12277439832687378,0.0008339136838912964,125829120,125829120
0,2,8,1,128,32768,0.08194559812545776,0.41452479362487793,0.16136000156402588,0.0008339136838912964,125829120,16106127360
0,2,8,1,1024,32768,0.14298559427261354,0.4301760196685791,0.3438031911849976,0.0008339136838912964,125829120,128849018880
0,2,8,1,8192,32768,0.6606624126434326,1.384819221496582,1.3611583709716797,0.0008339136838912964,125829120,1030792151040
0,2,8,1,1,131072,0.18919359445571898,0.45608320236206057,0.2530895948410034,0.0008339136838912964,503316480,503316480
0,2,8,1,128,131072,0.19107520580291748,0.4532927989959717,0.29230079650878904,0.0008339136838912964,503316480,64424509440
0,2,8,1,1024,131072,0.5088511943817139,0.7228064060211181,0.7085120201110839,0.0008339136838912964,503316480,515396075520
0,2,8,1,8192,131072,2.5619455337524415,3.61212158203125,3.3408206939697265,0.0008339136838912964,503316480,4123168604160
0,2,8,1,1,1048576,1.4173439979553222,1.5693408012390138,1.4687135696411133,0.0008339136838912964,4026531840,4026531840
0,2,8,1,128,1048576,1.4009568214416503,1.5321887969970702,1.5110048294067382,0.0008339136838912964,4026531840,515396075520
0,2,8,1,1024,1048576,3.8521568298339846,4.071897506713867,4.070004653930664,0.0008339136838912964,4026531840,4123168604160
0,2,8,1,8192,1048576,22.736422729492187,24.7635009765625,24.587869262695314,0.0008339136838912964,4026531840,32985348833280
0,1,16,1,1,32768,0.16858880519866942,0.4950560092926025,0.15162559747695922,0.0008585304021835327,125829120,125829120
0,1,16,1,128,32768,0.07094079852104188,2.3661760330200194,0.19669599533081056,0.0008585304021835327,125829120,16106127360
0,1,16,1,1024,32768,0.12213759422302246,0.5115776062011719,0.4524543762207031,0.0008585304021835327,125829120,128849018880
0,1,16,1,8192,32768,0.7021440029144287,2.0920000076293945,2.06966552734375,0.0008585304021835327,125829120,1030792151040
0,1,16,1,1,131072,0.10852479934692383,0.533247995376587,0.21850240230560303,0.0008585304021835327,503316480,503316480
0,1,16,1,128,131072,0.11097279787063599,0.4102464199066162,0.2674191951751709,0.0008585304021835327,503316480,64424509440
0,1,16,1,1024,131072,0.39798080921173096,0.7483903884887695,0.7337103843688965,0.0008585304021835327,503316480,515396075520
0,1,16,1,8192,131072,2.495225524902344,4.183071899414062,3.8545791625976564,0.0008585304021835327,503316480,4123168604160
0,1,16,1,1,1048576,0.7664063930511474,0.8997695922851563,0.8663984298706054,0.0008585304021835327,4026531840,4026531840
0,1,16,1,128,1048576,0.7428031921386719,0.9308480262756348,0.9030703544616699,0.0008585304021835327,4026531840,515396075520
0,1,16,1,1024,1048576,2.978166389465332,3.5557151794433595,3.4773025512695312,0.0008585304021835327,4026531840,4123168604160
0,1,16,1,8192,1048576,23.06695098876953,25.269305419921874,24.825729370117188,0.0008585304021835327,4026531840,32985348833280
0,4,1,4,1,32768,0.46504640579223633,0.4344287872314453,0.3482079982757568,0.002366364002227783,503316480,503316480
0,4,1,4,128,32768,0.35689918994903563,0.35642879009246825,0.34852800369262693,0.002366364002227783,503316480,64424509440
0,4,1,4,1024,32768,0.4817344188690186,0.48165121078491213,0.4732783794403076,0.002366364002227783,503316480,515396075520
0,4,1,4,8192,32768,2.7593055725097657,2.885715293884277,2.835972785949707,0.002366364002227783,503316480,4123168604160
0,4,1,4,1,131072,1.5716352462768555,1.6439264297485352,1.3685008049011231,0.002366364002227783,2013265920,2013265920
0,4,1,4,128,131072,1.3758560180664063,1.376908779144287,1.3695455551147462,0.002366364002227783,2013265920,257698037760
0,4,1,4,1024,131072,1.8635744094848632,1.8768575668334961,1.8607280731201172,0.002366364002227783,2013265920,2061584302080
0,4,1,4,8192,131072,11.91178207397461,11.795811462402344,12.26798095703125,0.002366364002227783,2013265920,16492674416640
0,4,1,4,1,1048576,10.901081848144532,10.900406646728516,10.88723373413086,0.002366364002227783,16106127360,16106127360
0,4,1,4,128,1048576,10.895622253417969,10.89467544555664,10.887065887451172,0.002366364002227783,16106127360,2061584302080
0,4,1,4,1024,1048576,14.881234741210937,14.975263977050782,15.265229797363281,0.002366364002227783,16106127360,16492674416640
0,4,1,4,8192,1048576,98.51441040039063,98.10247192382812,98.09934692382812,0.002366364002227783,16106127360,131941395333120
0,8,1,2,1,32768,0.3533440113067627,0.35304319858551025,0.34567999839782715,0.0019608736038208008,251658240,251658240
0,8,1,2,128,32768,0.35298240184783936,0.35291199684143065,0.3457904100418091,0.0019608736038208008,251658240,32212254720
0,8,1,2,1024,32768,0.46870718002319334,0.4683519840240479,0.46167359352111814,0.0019608736038208008,251658240,257698037760
0,8,1,2,8192,32768,1.3805248260498046,1.3876288414001465,1.3922431945800782,0.0019608736038208008,251658240,2061584302080
0,8,1,2,1,131072,1.4641568183898925,1.3635775566101074,1.3558799743652343,0.0019608736038208008,1006632960,1006632960
0,8,1,2,128,131072,1.364297580718994,1.3651488304138184,1.3565024375915526,0.0019608736038208008,1006632960,128849018880
0,8,1,2,1024,131072,1.8191455841064452,1.8195615768432618,1.811204719543457,0.0019608736038208008,1006632960,1030792151040
0,8,1,2,8192,131072,5.546041488647461,5.753318405151367,5.7020111083984375,0.0019608736038208008,1006632960,8246337208320
0,8,1,2,1,1048576,10.791490936279297,10.791951751708984,10.787470245361328,0.0019608736038208008,8053063680,8053063680
0,8,1,2,128,1048576,10.794387054443359,10.795622253417969,10.783803558349609,0.0019608736038208008,8053063680,1030792151040
0,8,1,2,1024,1048576,14.443414306640625,14.440646362304687,14.441346740722656,0.0019608736038208008,8053063680,8246337208320
0,8,1,2,8192,1048576,48.099996948242186,46.303225708007815,48.28756408691406,0.0019608736038208008,8053063680,65970697666560
0,4,2,2,1,32768,0.18567039966583251,0.3271104097366333,0.21439359188079835,0.003609955310821533,251658240,251658240
0,4,2,2,128,32768,0.18626240491867066,0.32245759963989257,0.22347519397735596,0.003609955310821533,251658240,32212254720
0,4,2,2,1024,32768,0.24981439113616943,0.343507194519043,0.3316879987716675,0.003609955310821533,251658240,257698037760
0,4,2,2,8192,32768,1.3851136207580566,1.6943296432495116,1.7201488494873047,0.003609955310821533,251658240,2061584302080
0,4,2,2,1,131072,0.7362815856933593,0.7596288204193116,0.7450672149658203,0.003609955310821533,1006632960,1006632960
0,4,2,2,128,131072,0.6955455780029297,0.7448480129241943,0.7348288059234619,0.003609955310821533,1006632960,128849018880
0,4,2,2,1024,131072,0.9435903549194335,1.0370816230773925,1.025609588623047,0.003609955310821533,1006632960,1030792151040
0,4,2,2,8192,131072,5.7329856872558596,6.234947204589844,6.035062408447265,0.003609955310821533,1006632960,8246337208320
0,4,2,2,1,1048576,5.455801773071289,5.515347290039062,5.507865524291992,0.003609955310821533,8053063680,8053063680
0,4,2,2,128,1048576,5.4573921203613285,5.524671936035157,5.516187286376953,0.003609955310821533,8053063680,1030792151040
0,4,2,2,1024,1048576,7.430531311035156,7.605462646484375,7.606171417236328,0.003609955310821533,8053063680,8246337208320
0,4,2,2,8192,1048576,49.002130126953126,50.343386840820315,50.058651733398435,0.003609955310821533,8053063680,65970697666560
0,2,4,2,1,32768,0.10258239507675171,0.4955904006958008,0.1461951971054077,0.001435011625289917,251658240,251658240
0,2,4,2,128,32768,0.10322240591049195,0.4654975891113281,0.16657279729843139,0.001435011625289917,251658240,32212254720
0,2,4,2,1024,32768,0.2662911891937256,0.48511037826538084,0.4229584217071533,0.001435011625289917,251658240,257698037760
0,2,4,2,8192,32768,1.263542366027832,2.0185920715332033,1.9323583602905274,0.001435011625289917,251658240,2061584302080
0,2,4,2,1,131072,0.36844160556793215,0.4718815803527832,0.415558385848999,0.001435011625289917,1006632960,1006632960
0,2,4,2,128,131072,0.3630208015441895,0.504252815246582,0.42501120567321776,0.001435011625289917,1006632960,128849018880
0,2,4,2,1024,131072,0.9835840225219726,1.1570655822753906,1.141316795349121,0.001435011625289917,1006632960,1030792151040
0,2,4,2,8192,131072,5.308444976806641,6.346956634521485,6.184660720825195,0.001435011625289917,1006632960,8246337208320
0,2,4,2,1,1048576,2.9112192153930665,2.8572479248046876,2.842639923095703,0.001435011625289917,8053063680,8053063680
0,2,4,2,128,1048576,2.791219139099121,2.87576961517334,2.864859199523926,0.001435011625289917,8053063680,1030792151040
0,2,4,2,1024,1048576,7.720285034179687,7.939027404785156,7.940033721923828,0.001435011625289917,8053063680,8246337208320
0,2,4,2,8192,1048576,47.04275207519531,48.976620483398435,49.29661560058594,0.001435011625289917,8053063680,65970697666560
1,16,1,1,1,32768,0.3500224113464355,0.3489696025848389,0.34039199352264404,0.0019208788871765137,125829120,125829120
1,16,1,1,128,32768,0.3475775957107544,0.3479520082473755,0.3407887935638428,0.0019208788871765137,125829120,16106127360
1,16,1,1,1024,32768,0.4690847873687744,0.46787519454956056,0.459441614151001,0.0019208788871765137,125829120,128849018880
1,16,1,1,8192,32768,0.9088800430297852,0.9039648056030274,0.8973199844360351,0.0019208788871765137,125829120,1030792151040
1,16,1,1,1,131072,1.3595487594604492,1.3598336219787597,1.3519536018371583,0.0019208788871765137,503316480,503316480
1,16,1,1,128,131072,1.3626111984252929,1.3603199958801269,1.353279972076416,0.0019208788871765137,503316480,64424509440
1,16,1,1,1024,131072,1.8180320739746094,1.8158271789550782,1.8103935241699218,0.0019208788871765137,503316480,515396075520
1,16,1,1,8192,131072,3.5119873046875,3.517708969116211,3.524732971191406,0.0019208788871765137,503316480,4123168604160
1,16,1,1,1,1048576,10.763404846191406,10.764745330810547,10.755204772949218,0.0019208788871765137,4026531840,4026531840
1,16,1,1,128,1048576,10.768793487548828,10.768399810791015,10.761281585693359,0.0019208788871765137,4026531840,515396075520
1,16,1,1,1024,1048576,14.415510559082032,14.411923217773438,14.404176330566406,0.0019208788871765137,4026531840,4123168604160
1,16,1,1,8192,1048576,28.488055419921874,28.540878295898438,28.139306640625,0.0019208788871765137,4026531840,32985348833280
1,8,2,1,1,32768,0.1850368022918701,0.4046815872192383,0.21113600730895996,0.0035523176193237305,125829120,125829120
1,8,2,1,128,32768,0.1862112045288086,0.38860158920288085,0.21691839694976806,0.0035523176193237305,125829120,16106127360
1,8,2,1,1024,32768,0.24410879611968994,0.3818687915802002,0.31495680809021,0.0035523176193237305,125829120,128849018880
1,8,2,1,8192,32768,0.7015327930450439,0.9055040359497071,0.8800288200378418,0.0035523176193237305,125829120,1030792151040
1,8,2,1,1,131072,0.6941792011260987,0.7357439994812012,0.7286719799041748,0.0035523176193237305,503316480,503316480
1,8,2,1,128,131072,0.7015872001647949,0.7346240043640136,0.7269231796264648,0.0035523176193237305,503316480,64424509440
1,8,2,1,1024,131072,0.9215776443481445,1.0018848419189452,0.9908032417297363,0.0035523176193237305,503316480,515396075520
1,8,2,1,8192,131072,2.673084831237793,3.0460927963256834,2.985995292663574,0.0035523176193237305,503316480,4123168604160
1,8,2,1,1,1048576,5.417945480346679,5.485680007934571,5.456614303588867,0.0035523176193237305,4026531840,4026531840
1,8,2,1,128,1048576,5.429049682617188,5.471615982055664,5.46100959777832,0.0035523176193237305,4026531840,515396075520
1,8,2,1,1024,1048576,7.231728363037109,7.315299224853516,7.306050872802734,0.0035523176193237305,4026531840,4123168604160
1,8,2,1,8192,1048576,23.10096893310547,23.98664245605469,23.540907287597655,0.0035523176193237305,4026531840,32985348833280
1,4,4,1,1,32768,0.10195519924163818,0.42924160957336427,0.14243359565734864,0.001576155424118042,125829120,125829120
1,4,4,1,128,32768,0.10144319534301757,0.46455039978027346,0.15256160497665405,0.001576155424118042,125829120,16106127360
1,4,4,1,1024,32768,0.13549439907073973,0.4924032211303711,0.237060809135437,0.001576155424118042,125829120,128849018880
1,4,4,1,8192,32768,0.696614408493042,1.0848799705505372,1.0632271766662598,0.001576155424118042,125829120,1030792151040
1,4,4,1,1,131072,0.36877119541168213,0.44841599464416504,0.39475359916687014,0.001576155424118042,503316480,503316480
1,4,4,1,128,131072,0.35747199058532714,0.46129598617553713,0.40604801177978517,0.001576155424118042,503316480,64424509440
1,4,4,1,1024,131072,0.4825632095336914,0.5936287879943848,0.5829264163970947,0.001576155424118042,503316480,515396075520
1,4,4,1,8192,131072,2.764835166931152,3.333705520629883,3.214168167114258,0.001576155424118042,503316480,4123168604160
1,4,4,1,1,1048576,2.743516731262207,2.80053768157959,2.78560791015625,0.001576155424118042,4026531840,4026531840
1,4,4,1,128,1048576,2.746089553833008,2.8094911575317383,2.7952543258666993,0.001576155424118042,4026531840,515396075520
1,4,4,1,1024,1048576,3.7279903411865236,3.8704097747802733,3.8304721832275392,0.001576155424118042,4026531840,4123168604160
1,4,4,1,8192,1048576,23.67488250732422,26.205584716796874,24.99817352294922,0.001576155424118042,4026531840,32985348833280
1,2,8,1,1,32768,0.08301119804382324,0.4032896041870117,0.12297279834747314,0.0008339136838912964,125829120,125829120
1,2,8,1,128,32768,0.08028159737586975,0.41517438888549807,0.1615216016769409,0.0008339136838912964,125829120,16106127360
1,2,8,1,1024,32768,0.1464800000190735,0.44582400321960447,0.3436496019363403,0.0008339136838912964,125829120,128849018880
1,2,8,1,8192,32768,0.6530816078186035,1.3853631973266602,1.3610575675964356,0.0008339136838912964,125829120,1030792151040
1,2,8,1,1,131072,0.19023679494857787,0.45616960525512695,0.2530672073364258,0.0008339136838912964,503316480,503316480
1,2,8,1,128,131072,0.19137279987335204,0.4532991886138916,0.29219999313354494,0.0008339136838912964,503316480,64424509440
1,2,8,1,1024,131072,0.5024191856384277,0.7229504108428955,0.7072495937347412,0.0008339136838912964,503316480,515396075520
1,2,8,1,8192,131072,2.5319360733032226,3.612435150146484,3.340607833862305,0.0008339136838912964,503316480,4123168604160
1,2,8,1,1,1048576,1.458687973022461,1.5695455551147461,1.4686688423156737,0.0008339136838912964,4026531840,4026531840
1,2,8,1,128,1048576,1.4061152458190918,1.5321311950683594,1.5110688209533691,0.0008339136838912964,4026531840,515396075520
1,2,8,1,1024,1048576,3.8253726959228516,4.071926498413086,4.070072174072266,0.0008339136838912964,4026531840,4123168604160
1,2,8,1,8192,1048576,22.331333923339844,24.76215057373047,24.587649536132812,0.0008339136838912964,4026531840,32985348833280
1,1,16,1,1,32768,0.16648000478744507,0.4950240135192871,0.15161919593811035,0.0008585304021835327,125829120,125829120
1,1,16,1,128,32768,0.08472319841384887,2.3662944793701173,0.19689760208129883,0.0008585304021835327,125829120,16106127360
1,1,16,1,1024,32768,0.1202623963356018,0.5115903854370117,0.4527103900909424,0.0008585304021835327,125829120,128849018880
1,1,16,1,8192,32768,0.6939040184020996,2.092393684387207,2.06966552734375,0.0008585304021835327,125829120,1030792151040
1,1,16,1,1,131072,0.10814080238342286,0.5333343982696533,0.21873760223388672,0.0008585304021835327,503316480,503316480
1,1,16,1,128,131072,0.10962879657745361,0.4106719970703125,0.2674720048904419,0.0008585304021835327,503316480,64424509440
1,1,16,1,1024,131072,0.3941215991973877,0.7482783794403076,0.733844804763794,0.0008585304021835327,503316480,515396075520
1,1,16,1,8192,131072,2.438960075378418,4.1861824035644535,3.8549598693847655,0.0008585304021835327,503316480,4123168604160
1,1,16,1,1,1048576,0.748960018157959,0.9000096321105957,0.8666352272033692,0.0008585304021835327,4026531840,4026531840
1,1,16,1,128,1048576,0.7449855804443359,0.9307168006896973,0.9033087730407715,0.0008585304021835327,4026531840,515396075520
1,1,16,1,1024,1048576,2.9232383728027345,3.5564735412597654,3.477412796020508,0.0008585304021835327,4026531840,4123168604160
1,1,16,1,8192,1048576,22.94176025390625,25.268899536132814,24.82542724609375,0.0008585304021835327,4026531840,32985348833280
1,4,1,4,1,32768,0.3555936098098755,0.35559680461883547,0.34909920692443847,0.003408074378967285,503316480,503316480
1,4,1,4,128,32768,0.35697600841522215,0.35808959007263186,0.35000159740448,0.003408074378967285,503316480,64424509440
1,4,1,4,1024,32768,0.4833888053894043,0.48250560760498046,0.476039981842041,0.003408074378967285,503316480,515396075520
1,4,1,4,8192,32768,2.7301151275634767,2.9064064025878906,2.7714271545410156,0.003408074378967285,503316480,4123168604160
1,4,1,4,1,131072,1.5007935523986817,1.3888799667358398,1.3741007804870606,0.003408074378967285,2013265920,2013265920
1,4,1,4,128,131072,1.3819583892822265,1.3819231986999512,1.3746352195739746,0.003408074378967285,2013265920,257698037760
1,4,1,4,1024,131072,1.868707275390625,1.8821439743041992,1.8631439208984375,0.003408074378967285,2013265920,2061584302080
1,4,1,4,8192,131072,11.373983764648438,11.543539428710938,12.26082534790039,0.003408074378967285,2013265920,16492674416640
1,4,1,4,1,1048576,10.946995544433594,10.944921875,10.92559814453125,0.003408074378967285,16106127360,16106127360
1,4,1,4,128,1048576,10.934294128417969,10.93740463256836,10.930487823486327,0.003408074378967285,16106127360,2061584302080
1,4,1,4,1024,1048576,14.959078979492187,15.067292785644531,15.274189758300782,0.003408074378967285,16106127360,16492674416640
1,4,1,4,8192,1048576,97.79586791992188,98.41255493164063,98.2951416015625,0.003408074378967285,16106127360,131941395333120
1,8,1,2,1,32768,0.35487680435180663,0.35395519733428954,0.3474191904067993,0.002366364002227783,251658240,251658240
1,8,1,2,128,32768,0.35443840026855467,0.354038405418396,0.3476896047592163,0.002366364002227783,251658240,32212254720
1,8,1,2,1024,32768,0.4697279930114746,0.46845121383666993,0.4616096019744873,0.002366364002227783,251658240,257698037760
1,8,1,2,8192,32768,1.361564826965332,1.3687680244445801,1.3691871643066407,0.002366364002227783,251658240,2061584302080
1,8,1,2,1,131072,1.502614402770996,1.3722784042358398,1.3641584396362305,0.002366364002227783,1006632960,1006632960
1,8,1,2,128,131072,1.3715999603271485,1.3728063583374024,1.3651776313781738,0.002366364002227783,1006632960,128849018880
1,8,1,2,1024,131072,1.8220832824707032,1.8222463607788086,1.813844871520996,0.002366364002227783,1006632960,1030792151040
1,8,1,2,8192,131072,5.380070495605469,5.544303894042969,5.647796630859375,0.002366364002227783,1006632960,8246337208320
1,8,1,2,1,1048576,10.859423828125,10.85674591064453,10.838024139404297,0.002366364002227783,8053063680,8053063680
1,8,1,2,128,1048576,10.843443298339844,10.842720031738281,10.837169647216797,0.002366364002227783,8053063680,1030792151040
1,8,1,2,1024,1048576,14.456562805175782,14.461030578613281,14.45355224609375,0.002366364002227783,8053063680,8246337208320
1,8,1,2,8192,1048576,47.04405517578125,46.458734130859376,47.73582458496094,0.002366364002227783,8053063680,65970697666560
1,4,2,2,1,32768,0.1863360047340393,0.3275455951690674,0.2144767999649048,0.003609955310821533,251658240,251658240
1,4,2,2,128,32768,0.18617600202560425,0.32135040760040284,0.22348320484161377,0.003609955310821533,251658240,32212254720
1,4,2,2,1024,32768,0.25029759407043456,0.3437567949295044,0.3317456007003784,0.003609955310821533,251658240,257698037760
1,4,2,2,8192,32768,1.3720512390136719,1.693836784362793,1.7196640014648437,0.003609955310821533,251658240,2061584302080
1,4,2,2,1,131072,0.6963136196136475,0.7596543788909912,0.7450575828552246,0.003609955310821533,1006632960,1006632960
1,4,2,2,128,131072,0.6987967967987061,0.7455103874206543,0.7348896026611328,0.003609955310821533,1006632960,128849018880
1,4,2,2,1024,131072,0.9441856384277344,1.0371808052062987,1.025550365447998,0.003609955310821533,1006632960,1030792151040
1,4,2,2,8192,131072,5.666937637329101,6.235225677490234,6.033636856079101,0.003609955310821533,1006632960,8246337208320
1,4,2,2,1,1048576,5.477967834472656,5.51550064086914,5.507977676391602,0.003609955310821533,8053063680,8053063680
1,4,2,2,128,1048576,5.480166244506836,5.524796676635742,5.516371154785157,0.003609955310821533,8053063680,1030792151040
1,4,2,2,1024,1048576,7.438697814941406,7.606150054931641,7.60626220703125,0.003609955310821533,8053063680,8246337208320
1,4,2,2,8192,1048576,48.62479248046875,50.34349670410156,50.06065673828125,0.003609955310821533,8053063680,65970697666560
1,2,4,2,1,32768,0.1033951997756958,0.49592318534851076,0.14615520238876342,0.001435011625289917,251658240,251658240
1,2,4,2,128,32768,0.10319679975509644,0.465558385848999,0.1666800022125244,0.001435011625289917,251658240,32212254720
1,2,4,2,1024,32768,0.2634399890899658,0.4851712226867676,0.42301278114318847,0.001435011625289917,251658240,257698037760
1,2,4,2,8192,32768,1.245638370513916,2.0173343658447265,1.9326751708984375,0.001435011625289917,251658240,2061584302080
1,2,4,2,1,131072,0.36551361083984374,0.47190079689025877,0.4156223773956299,0.001435011625289917,1006632960,1006632960
1,2,4,2,128,131072,0.36332480907440184,0.5039775848388672,0.4251904010772705,0.001435011625289917,1006632960,128849018880
1,2,4,2,1024,131072,0.9763487815856934,1.1573920249938965,1.1413104057312011,0.001435011625289917,1006632960,1030792151040
1,2,4,2,8192,131072,5.239129638671875,6.348518371582031,6.186110305786133,0.001435011625289917,1006632960,8246337208320
1,2,4,2,1,1048576,2.943961524963379,2.85732479095459,2.8426624298095704,0.001435011625289917,8053063680,8053063680
1,2,4,2,128,1048576,2.7985824584960937,2.875996780395508,2.865056037902832,0.001435011625289917,8053063680,1030792151040
1,2,4,2,1024,1048576,7.651417541503906,7.9388481140136715,7.9401695251464846,0.001435011625289917,8053063680,8246337208320
1,2,4,2,8192,1048576,47.010003662109376,48.987240600585935,49.296331787109374,0.001435011625289917,8053063680,65970697666560
2,16,1,1,1,32768,0.34910080432891843,0.3470495939254761,0.3384063959121704,0.0021422505378723145,125829120,125829120
2,16,1,1,128,32768,0.34666240215301514,0.3456063985824585,0.3383455991744995,0.0021422505378723145,125829120,16106127360
2,16,1,1,1024,32768,0.46770877838134767,0.4657343864440918,0.45883679389953613,0.0021422505378723145,125829120,128849018880
2,16,1,1,8192,32768,0.9072896003723144,0.9002592086791992,0.8959487915039063,0.0021422505378723145,125829120,1030792151040
2,16,1,1,1,131072,1.3553759574890136,1.3740703582763671,1.3471152305603027,0.0021422505378723145,503316480,503316480
2,16,1,1,128,131072,1.3563103675842285,1.355081558227539,1.3476256370544433,0.0021422505378723145,503316480,64424509440
2,16,1,1,1024,131072,1.8090080261230468,1.8076095581054688,1.8009872436523438,0.0021422505378723145,503316480,515396075520
2,16,1,1,8192,131072,3.544319915771484,3.5041759490966795,3.5052799224853515,0.0021422505378723145,503316480,4123168604160
2,16,1,1,1,1048576,10.733203125,10.721788787841797,10.713212585449218,0.0021422505378723145,4026531840,4026531840
2,16,1,1,128,1048576,10.722329711914062,10.722284698486328,10.714729309082031,0.0021422505378723145,4026531840,515396075520
2,16,1,1,1024,1048576,14.353596496582032,14.34517822265625,14.3420654296875,0.0021422505378723145,4026531840,4123168604160
2,16,1,1,8192,1048576,28.359295654296876,28.364434814453126,28.51097412109375,0.0021422505378723145,4026531840,32985348833280
2,8,2,1,1,32768,0.1818560004234314,0.4969503879547119,0.20780160427093505,0.002017885446548462,125829120,125829120
2,8,2,1,128,32768,0.1820896029472351,0.4699872016906738,0.215065598487854,0.002017885446548462,125829120,16106127360
2,8,2,1,1024,32768,0.24435839653015137,0.45706877708435056,0.3169503927230835,0.002017885446548462,125829120,128849018880
2,8,2,1,8192,32768,0.708355188369751,0.9060128211975098,0.886894416809082,0.002017885446548462,125829120,1030792151040
2,8,2,1,1,131072,0.6908736228942871,0.7321631908416748,0.728542423248291,0.002017885446548462,503316480,503316480
2,8,2,1,128,131072,0.6925888061523438,0.7364960193634034,0.7251808166503906,0.002017885446548462,503316480,64424509440
2,8,2,1,1024,131072,0.9194175720214843,1.0000896453857422,0.9920800209045411,0.002017885446548462,503316480,515396075520
2,8,2,1,8192,131072,2.7039615631103517,3.008233642578125,2.9632272720336914,0.002017885446548462,503316480,4123168604160
2,8,2,1,1,1048576,5.404377746582031,5.441158294677734,5.432044982910156,0.002017885446548462,4026531840,4026531840
2,8,2,1,128,1048576,5.405807876586914,5.457001495361328,5.438628768920898,0.002017885446548462,4026531840,515396075520
2,8,2,1,1024,1048576,7.22733154296875,7.342745971679688,7.326737976074218,0.002017885446548462,4026531840,4123168604160
2,8,2,1,8192,1048576,23.800755310058594,24.723814392089842,24.1069091796875,0.002017885446548462,4026531840,32985348833280
2,4,4,1,1,32768,0.10108480453491211,0.42892799377441404,0.14211039543151854,0.001576155424118042,125829120,125829120
2,4,4,1,128,32768,0.10212160348892212,0.46348161697387696,0.15229920148849488,0.001576155424118042,125829120,16106127360
2,4,4,1,1024,32768,0.13508800268173218,0.49195518493652346,0.23676800727844238,0.001576155424118042,125829120,128849018880
2,4,4,1,8192,32768,0.7022016048431396,1.0844575881958007,1.0625007629394532,0.001576155424118042,125829120,1030792151040
2,4,4,1,1,131072,0.35783679485321046,0.4479423999786377,0.3944511890411377,0.001576155424118042,503316480,503316480
2,4,4,1,128,131072,0.35768320560455324,0.46077117919921873,0.4058080196380615,0.001576155424118042,503316480,64424509440
2,4,4,1,1024,131072,0.48227519989013673,0.5932159900665284,0.5823215961456298,0.001576155424118042,503316480,515396075520
2,4,4,1,8192,131072,2.7374143600463867,3.331590270996094,3.2130496978759764,0.001576155424118042,503316480,4123168604160
2,4,4,1,1,1048576,2.746281623840332,2.799897575378418,2.7852960586547852,0.001576155424118042,4026531840,4026531840
2,4,4,1,128,1048576,2.7405567169189453,2.809209632873535,2.7949296951293947,0.001576155424118042,4026531840,515396075520
2,4,4,1,1024,1048576,3.72154541015625,3.8701953887939453,3.830206298828125,0.001576155424118042,4026531840,4123168604160
2,4,4,1,8192,1048576,24.387890625,26.203201293945312,24.99750213623047,0.001576155424118042,4026531840,32985348833280
2,2,8,1,1,32768,0.07488319873809815,0.4026656150817871,0.12262879610061646,0.0008339136838912964,125829120,125829120
2,2,8,1,128,32768,0.08241919875144958,0.41521282196044923,0.16130880117416382,0.0008339136838912964,125829120,16106127360
2,2,8,1,1024,32768,0.14317760467529297,0.4452223777770996,0.3434240102767944,0.0008339136838912964,125829120,128849018880
2,2,8,1,8192,32768,0.6510752201080322,1.3854656219482422,1.3607983589172363,0.0008339136838912964,125829120,1030792151040
2,2,8,1,1,131072,0.1891551971435547,0.4557663917541504,0.2528687953948975,0.0008339136838912964,503316480,503316480
2,2,8,1,128,131072,0.19070719480514525,0.4529119968414307,0.29200799465179444,0.0008339136838912964,503316480,64424509440
2,2,8,1,1024,131072,0.5031392097473144,0.7223552227020263,0.7083583831787109,0.0008339136838912964,503316480,515396075520
2,2,8,1,8192,131072,2.526281547546387,3.6128799438476564,3.340758514404297,0.0008339136838912964,503316480,4123168604160
2,2,8,1,1,1048576,1.4353407859802245,1.5689536094665528,1.468496036529541,0.0008339136838912964,4026531840,4026531840
2,2,8,1,128,1048576,1.4031392097473145,1.531987190246582,1.5110624313354493,0.0008339136838912964,4026531840,515396075520
2,2,8,1,1024,1048576,3.8392097473144533,4.0714111328125,4.069953536987304,0.0008339136838912964,4026531840,4123168604160
2,2,8,1,8192,1048576,23.325546264648438,24.762034606933593,24.587435913085937,0.0008339136838912964,4026531840,32985348833280
2,1,16,1,1,32768,0.17932800054550171,0.49489598274230956,0.15142079591751098,0.0008585304021835327,125829120,125829120
2,1,16,1,128,32768,0.08733440041542054,2.3654495239257813,0.19673759937286378,0.0008585304021835327,125829120,16106127360
2,1,16,1,1024,32768,0.12010879516601562,0.5115551948547363,0.4525119781494141,0.0008585304021835327,125829120,128849018880
2,1,16,1,8192,32768,0.6953536033630371,2.091904067993164,2.0697328567504885,0.0008585304021835327,125829120,1030792151040
2,1,16,1,1,131072,0.10771199464797973,0.5329023838043213,0.21839361190795897,0.0008585304021835327,503316480,503316480
2,1,16,1,128,131072,0.10927360057830811,0.41072640419006345,0.2673759937286377,0.0008585304021835327,503316480,64424509440
2,1,16,1,1024,131072,0.3915488004684448,0.7479455947875977,0.7336575984954834,0.0008585304021835327,503316480,515396075520
2,1,16,1,8192,131072,2.440460777282715,4.18548812866211,3.8548145294189453,0.0008585304021835327,503316480,4123168604160
2,1,16,1,1,1048576,0.7544415950775146,0.8996992111206055,0.8664671897888183,0.0008585304021835327,4026531840,4026531840
2,1,16,1,128,1048576,0.7450272083282471,0.9303680419921875,0.9029775619506836,0.0008585304021835327,4026531840,515396075520
2,1,16,1,1024,1048576,2.981523132324219,3.5561729431152345,3.477083206176758,0.0008585304021835327,4026531840,4123168604160
2,1,16,1,8192,1048576,23.592025756835938,25.266560363769532,24.824229431152343,0.0008585304021835327,4026531840,32985348833280
2,4,1,4,1,32768,0.5063680171966553,0.49045438766479493,0.3529599905014038,0.002623140811920166,503316480,503316480
2,4,1,4,128,32768,0.3633951902389526,0.36243200302124023,0.35382080078125,0.002623140811920166,503316480,64424509440
2,4,1,4,1024,32768,0.48688321113586425,0.4854112148284912,0.4754447937011719,0.002623140811920166,503316480,515396075520
2,4,1,4,8192,32768,2.7685855865478515,2.910755157470703,2.9258800506591798,0.002623140811920166,503316480,4123168604160
2,4,1,4,1,131072,1.4975839614868165,1.3833184242248535,1.373862361907959,0.002623140811920166,2013265920,2013265920
2,4,1,4,128,131072,1.3841055870056151,1.3841535568237304,1.3750656127929688,0.002623140811920166,2013265920,257698037760
2,4,1,4,1024,131072,1.8704256057739257,1.880396842956543,1.8692592620849608,0.002623140811920166,2013265920,2061584302080
2,4,1,4,8192,131072,11.749798583984376,11.832908630371094,12.345758056640625,0.002623140811920166,2013265920,16492674416640
2,4,1,4,1,1048576,10.940790557861328,10.939183807373047,10.914920043945312,0.002623140811920166,16106127360,16106127360
2,4,1,4,128,1048576,10.91693115234375,10.914351654052734,10.905289459228516,0.002623140811920166,16106127360,2061584302080
2,4,1,4,1024,1048576,15.00476531982422,15.118655395507812,15.345344543457031,0.002623140811920166,16106127360,16492674416640
2,4,1,4,8192,1048576,98.87827758789062,99.03701171875,99.75557250976563,0.002623140811920166,16106127360,131941395333120
2,8,1,2,1,32768,0.3562432050704956,0.356278395652771,0.3475935935974121,0.002129495143890381,251658240,251658240
2,8,1,2,128,32768,0.3556191921234131,0.35526399612426757,0.3482079982757568,0.002129495143890381,251658240,32212254720
2,8,1,2,1024,32768,0.4708576202392578,0.4704736232757568,0.4628464221954346,0.002129495143890381,251658240,257698037760
2,8,1,2,8192,32768,1.3709792137145995,1.382329559326172,1.3891231536865234,0.002129495143890381,251658240,2061584302080
2,8,1,2,1,131072,1.508403205871582,1.3860416412353516,1.3622480392456056,0.002129495143890381,1006632960,1006632960
2,8,1,2,128,131072,1.3707807540893555,1.3702431678771974,1.3631312370300293,0.002129495143890381,1006632960,128849018880
2,8,1,2,1024,131072,1.8239103317260743,1.82544002532959,1.8155344009399415,0.002129495143890381,1006632960,1030792151040
2,8,1,2,8192,131072,5.609952163696289,5.82360954284668,5.7747344970703125,0.002129495143890381,1006632960,8246337208320
2,8,1,2,1,1048576,10.841056060791015,10.838438415527344,10.78421401977539,0.002129495143890381,8053063680,8053063680
2,8,1,2,128,1048576,10.794416046142578,10.796089935302735,10.7847900390625,0.002129495143890381,8053063680,1030792151040
2,8,1,2,1024,1048576,14.4782470703125,14.477516174316406,14.46431884765625,0.002129495143890381,8053063680,8246337208320
2,8,1,2,8192,1048576,48.180908203125,47.816708374023435,49.162017822265625,0.002129495143890381,8053063680,65970697666560
2,4,2,2,1,32768,0.18622080087661744,0.49701762199401855,0.2177583932876587,0.0020030438899993896,251658240,251658240
2,4,2,2,128,32768,0.18716479539871217,0.5213119983673096,0.22869279384613037,0.0020030438899993896,251658240,32212254720
2,4,2,2,1024,32768,0.25012478828430174,0.5402944087982178,0.334990406036377,0.0020030438899993896,251658240,257698037760
2,4,2,2,8192,32768,1.3738880157470703,1.7017824172973632,1.7016544342041016,0.0020030438899993896,251658240,2061584302080
2,4,2,2,1,131072,0.7219552040100098,0.7897791862487793,0.7270063877105712,0.0020030438899993896,1006632960,1006632960
2,4,2,2,128,131072,0.6995359897613526,0.7510687828063964,0.7377776145935059,0.0020030438899993896,1006632960,128849018880
2,4,2,2,1024,131072,0.9449983596801758,1.0484416007995605,1.0338959693908691,0.0020030438899993896,1006632960,1030792151040
2,4,2,2,8192,131072,5.581878280639648,6.298089599609375,6.198987197875977,0.0020030438899993896,1006632960,8246337208320
2,4,2,2,1,1048576,5.476464080810547,5.526665496826172,5.5093505859375,0.0020030438899993896,8053063680,8053063680
2,4,2,2,128,1048576,5.477788925170898,5.532742309570312,5.516904067993164,0.0020030438899993896,8053063680,1030792151040
2,4,2,2,1024,1048576,7.446332550048828,7.635820770263672,7.6107841491699215,0.0020030438899993896,8053063680,8246337208320
2,4,2,2,8192,1048576,50.5335693359375,50.87028198242187,50.25860595703125,0.0020030438899993896,8053063680,65970697666560
2,2,4,2,1,32768,0.102019202709198,0.4957695960998535,0.14590400457382202,0.001435011625289917,251658240,251658240
2,2,4,2,128,32768,0.10333759784698486,0.4652256011962891,0.1665552020072937,0.001435011625289917,251658240,32212254720
2,2,4,2,1024,32768,0.2633888006210327,0.48461117744445803,0.42281599044799806,0.001435011625289917,251658240,257698037760
2,2,4,2,8192,32768,1.24552640914917,2.014419174194336,1.9320703506469727,0.001435011625289917,251658240,2061584302080
2,2,4,2,1,131072,0.3744096040725708,0.4713280200958252,0.4154463768005371,0.001435011625289917,1006632960,1006632960
2,2,4,2,128,131072,0.3752415895462036,0.5036384105682373,0.42490239143371583,0.001435011625289917,1006632960,128849018880
2,2,4,2,1024,131072,0.9759903907775879,1.1569279670715331,1.1410847663879395,0.001435011625289917,1006632960,1030792151040
2,2,4,2,8192,131072,5.338499069213867,6.3478656768798825,6.184320068359375,0.001435011625289917,1006632960,8246337208320
2,2,4,2,1,1048576,2.7922367095947265,2.856867218017578,2.8424415588378906,0.001435011625289917,8053063680,8053063680
2,2,4,2,128,1048576,2.7980319976806642,2.8757247924804688,2.8646671295166017,0.001435011625289917,8053063680,1030792151040
2,2,4,2,1024,1048576,7.658118438720703,7.938387298583985,7.939717102050781,0.001435011625289917,8053063680,8246337208320
2,2,4,2,8192,1048576,48.526025390625,48.976861572265626,49.29779052734375,0.001435011625289917,8053063680,65970697666560
3,16,1,1,1,32768,0.3486687898635864,0.34851200580596925,0.3383471965789795,0.0021064281463623047,125829120,125829120
3,16,1,1,128,32768,0.3461407899856567,0.3463551998138428,0.3386176109313965,0.0021064281463623047,125829120,16106127360
3,16,1,1,1024,32768,0.4689568042755127,0.46681919097900393,0.4587247848510742,0.0021064281463623047,125829120,128849018880
3,16,1,1,8192,32768,0.9155967712402344,0.9157504081726074,0.8929599761962891,0.0021064281463623047,125829120,1030792151040
3,16,1,1,1,131072,1.3648768424987794,1.3619296073913574,1.3473423957824706,0.0021064281463623047,503316480,503316480
3,16,1,1,128,131072,1.355571174621582,1.3579775810241699,1.3473999977111817,0.0021064281463623047,503316480,64424509440
3,16,1,1,1024,131072,1.8077791213989258,1.8051776885986328,1.7981679916381836,0.0021064281463623047,503316480,515396075520
3,16,1,1,8192,131072,3.572604751586914,3.5414657592773438,3.5622543334960937,0.0021064281463623047,503316480,4123168604160
3,16,1,1,1,1048576,10.742889404296875,10.721036529541015,10.714002990722657,0.0021064281463623047,4026531840,4026531840
3,16,1,1,128,1048576,10.722882843017578,10.722994995117187,10.713043212890625,0.0021064281463623047,4026531840,515396075520
3,16,1,1,1024,1048576,14.333197021484375,14.335498046875,14.34167022705078,0.0021064281463623047,4026531840,4123168604160
3,16,1,1,8192,1048576,28.215060424804687,28.774151611328126,28.348202514648438,0.0021064281463623047,4026531840,32985348833280
3,8,2,1,1,32768,0.18207039833068847,0.4984896183013916,0.20757598876953126,0.002017885446548462,125829120,125829120
3,8,2,1,128,32768,0.183843195438385,0.4689311981201172,0.21457600593566895,0.002017885446548462,125829120,16106127360
3,8,2,1,1024,32768,0.24515841007232667,0.44901437759399415,0.31677439212799074,0.002017885446548462,125829120,128849018880
3,8,2,1,8192,32768,0.7143936157226562,0.906611156463623,0.8859775543212891,0.002017885446548462,125829120,1030792151040
3,8,2,1,1,131072,0.6933248043060303,0.7314815998077393,0.7280272006988525,0.002017885446548462,503316480,503316480
3,8,2,1,128,131072,0.710425615310669,0.7352831840515137,0.7250624179840088,0.002017885446548462,503316480,64424509440
3,8,2,1,1024,131072,0.9180128097534179,1.0001184463500976,0.9919695854187012,0.002017885446548462,503316480,515396075520
3,8,2,1,8192,131072,2.730463981628418,3.0082752227783205,2.963974380493164,0.002017885446548462,503316480,4123168604160
3,8,2,1,1,1048576,5.4890625,5.440940856933594,5.431923294067383,0.002017885446548462,4026531840,4026531840
3,8,2,1,128,1048576,5.405974578857422,5.453164672851562,5.438438415527344,0.002017885446548462,4026531840,515396075520
3,8,2,1,1024,1048576,7.223612976074219,7.3392189025878904,7.326392364501953,0.002017885446548462,4026531840,4123168604160
3,8,2,1,8192,1048576,23.731353759765625,24.72169647216797,24.104112243652345,0.002017885446548462,4026531840,32985348833280
3,4,4,1,1,32768,0.10274239778518676,0.4306943893432617,0.14191999435424804,0.001576155424118042,125829120,125829120
3,4,4,1,128,32768,0.1029088020324707,0.46623997688293456,0.1518064022064209,0.001576155424118042,125829120,16106127360
3,4,4,1,1024,32768,0.13866560459136962,0.49283199310302733,0.23624160289764404,0.001576155424118042,125829120,128849018880
3,4,4,1,8192,32768,0.6944384098052978,1.0843168258666993,1.0610848426818849,0.001576155424118042,125829120,1030792151040
3,4,4,1,1,131072,0.3585216045379639,0.4474527835845947,0.3941999912261963,0.001576155424118042,503316480,503316480
3,4,4,1,128,131072,0.35919039249420165,0.45972161293029784,0.40586237907409667,0.001576155424118042,503316480,64424509440
3,4,4,1,1024,131072,0.48375678062438965,0.5926752090454102,0.5813920021057128,0.001576155424118042,503316480,515396075520
3,4,4,1,8192,131072,2.767190361022949,3.3308574676513674,3.2070640563964843,0.001576155424118042,503316480,4123168604160
3,4,4,1,1,1048576,2.9386079788208006,2.79880313873291,2.7853759765625,0.001576155424118042,4026531840,4026531840
3,4,4,1,128,1048576,2.75034236907959,2.8077375411987306,2.7948640823364257,0.001576155424118042,4026531840,515396075520
3,4,4,1,1024,1048576,3.7300350189208986,3.8684127807617186,3.8302478790283203,0.001576155424118042,4026531840,4123168604160
3,4,4,1,8192,1048576,23.60657958984375,26.19854736328125,24.996609497070313,0.001576155424118042,4026531840,32985348833280
3,2,8,1,1,32768,0.07666879892349243,0.3957024097442627,0.12263840436935425,0.0008339136838912964,125829120,125829120
3,2,8,1,128,32768,0.08308799862861634,0.4100895881652832,0.16131680011749266,0.0008339136838912964,125829120,16106127360
3,2,8,1,1024,32768,0.14764800071716308,0.42740797996520996,0.34371199607849123,0.0008339136838912964,125829120,128849018880
3,2,8,1,8192,32768,0.6636928081512451,1.384883213043213,1.360431957244873,0.0008339136838912964,125829120,1030792151040
3,2,8,1,1,131072,0.20359361171722412,0.45482559204101564,0.2529088020324707,0.0008339136838912964,503316480,503316480
3,2,8,1,128,131072,0.20203840732574463,0.45311999320983887,0.29197120666503906,0.0008339136838912964,503316480,64424509440
3,2,8,1,1024,131072,0.5100831985473633,0.7198527812957763,0.7074639797210693,0.0008339136838912964,503316480,515396075520
3,2,8,1,8192,131072,2.5573535919189454,3.612892913818359,3.340929412841797,0.0008339136838912964,503316480,4123168604160
3,2,8,1,1,1048576,1.406275177001953,1.5690048217773438,1.468504047393799,0.0008339136838912964,4026531840,4026531840
3,2,8,1,128,1048576,1.4073856353759766,1.5294367790222168,1.5104880332946777,0.0008339136838912964,4026531840,515396075520
3,2,8,1,1024,1048576,3.8724990844726563,4.071372985839844,4.069847869873047,0.0008339136838912964,4026531840,4123168604160
3,2,8,1,8192,1048576,23.04771270751953,24.76323547363281,24.586648559570314,0.0008339136838912964,4026531840,32985348833280
3,1,16,1,1,32768,0.10452480316162109,0.49271359443664553,0.1507200002670288,0.0008585304021835327,125829120,125829120
3,1,16,1,128,32768,0.10732159614562989,2.363529586791992,0.19663360118865966,0.0008585304021835327,125829120,16106127360
3,1,16,1,1024,32768,0.12213120460510254,0.5113632202148437,0.4522496223449707,0.0008585304021835327,125829120,128849018880
3,1,16,1,8192,32768,0.7022816181182862,2.0930112838745116,2.06921272277832,0.0008585304021835327,125829120,1030792151040
3,1,16,1,1,131072,0.10842880010604858,0.5331232070922851,0.2183471918106079,0.0008585304021835327,503316480,503316480
3,1,16,1,128,131072,0.11075839996337891,0.4108416080474854,0.26714720726013186,0.0008585304021835327,503316480,64424509440
3,1,16,1,1024,131072,0.4010623931884766,0.7477824211120605,0.7334335803985595,0.0008585304021835327,503316480,515396075520
3,1,16,1,8192,131072,2.4726816177368165,4.184128189086914,3.855299377441406,0.0008585304021835327,503316480,4123168604160
3,1,16,1,1,1048576,0.7443808078765869,0.8996800422668457,0.8663167953491211,0.0008585304021835327,4026531840,4026531840
3,1,16,1,128,1048576,0.7484032154083252,0.9289216041564942,0.9028160095214843,0.0008585304021835327,4026531840,515396075520
3,1,16,1,1024,1048576,2.945052719116211,3.5556896209716795,3.4771278381347654,0.0008585304021835327,4026531840,4123168604160
3,1,16,1,8192,1048576,23.52912292480469,25.259437561035156,24.825320434570312,0.0008585304021835327,4026531840,32985348833280
3,4,1,4,1,32768,0.3581727981567383,0.3567392110824585,0.3506927967071533,0.0025256872177124023,503316480,503316480
3,4,1,4,128,32768,0.358572793006897,0.3586400032043457,0.35055840015411377,0.0025256872177124023,503316480,64424509440
3,4,1,4,1024,32768,0.4884640216827393,0.48321919441223143,0.47583680152893065,0.0025256872177124023,503316480,515396075520
3,4,1,4,8192,32768,2.766806411743164,2.9166112899780274,2.9640880584716798,0.0025256872177124023,503316480,4123168604160
3,4,1,4,1,131072,1.5782496452331543,1.4355456352233886,1.3746447563171387,0.0025256872177124023,2013265920,2013265920
3,4,1,4,128,131072,1.3830016136169434,1.3829279899597169,1.3753727912902831,0.0025256872177124023,2013265920,257698037760
3,4,1,4,1024,131072,1.8747135162353517,1.8731456756591798,1.8673519134521483,0.0025256872177124023,2013265920,2061584302080
3,4,1,4,8192,131072,11.852387237548829,11.907670593261718,12.338575744628907,0.0025256872177124023,2013265920,16492674416640
3,4,1,4,1,1048576,10.948105621337891,10.944121551513671,10.92620620727539,0.0025256872177124023,16106127360,16106127360
3,4,1,4,128,1048576,10.940255737304687,10.944163513183593,10.927356719970703,0.0025256872177124023,16106127360,2061584302080
3,4,1,4,1024,1048576,14.999920654296876,15.08951416015625,15.422845458984375,0.0025256872177124023,16106127360,16492674416640
3,4,1,4,8192,1048576,99.50042114257812,99.95741577148438,100.63023071289062,0.0025256872177124023,16106127360,131941395333120
3,8,1,2,1,32768,0.3580480098724365,0.3572511911392212,0.34783520698547366,0.0021387338638305664,251658240,251658240
3,8,1,2,128,32768,0.3601952075958252,0.3576992034912109,0.34789280891418456,0.0021387338638305664,251658240,32212254720
3,8,1,2,1024,32768,0.4736447811126709,0.47442240715026857,0.4629551887512207,0.0021387338638305664,251658240,257698037760
3,8,1,2,8192,32768,1.3840224266052246,1.3998175621032716,1.441975975036621,0.0021387338638305664,251658240,2061584302080
3,8,1,2,1,131072,1.4852736473083497,1.3765119552612304,1.3613439559936524,0.0021387338638305664,1006632960,1006632960
3,8,1,2,128,131072,1.3760448455810548,1.374668788909912,1.3622511863708495,0.0021387338638305664,1006632960,128849018880
3,8,1,2,1024,131072,1.8291263580322266,1.828816032409668,1.8199823379516602,0.0021387338638305664,1006632960,1030792151040
3,8,1,2,8192,131072,5.600553512573242,5.8577312469482425,5.907230377197266,0.0021387338638305664,1006632960,8246337208320
3,8,1,2,1,1048576,10.834553527832032,10.840025329589844,10.820846557617188,0.0021387338638305664,8053063680,8053063680
3,8,1,2,128,1048576,10.796028900146485,10.79857940673828,10.785505676269532,0.0021387338638305664,8053063680,1030792151040
3,8,1,2,1024,1048576,14.490553283691407,14.486550903320312,14.474069213867187,0.0021387338638305664,8053063680,8246337208320
3,8,1,2,8192,1048576,49.47502746582031,47.54735412597656,49.171923828125,0.0021387338638305664,8053063680,65970697666560
3,4,2,2,1,32768,0.19001920223236085,0.49540162086486816,0.216644811630249,0.0020030438899993896,251658240,251658240
3,4,2,2,128,32768,0.19073280096054077,0.5234591960906982,0.2262336015701294,0.0020030438899993896,251658240,32212254720
3,4,2,2,1024,32768,0.25249600410461426,0.5366367816925048,0.3346816062927246,0.0020030438899993896,251658240,257698037760
3,4,2,2,8192,32768,1.3837344169616699,1.6992895126342773,1.702244758605957,0.0020030438899993896,251658240,2061584302080
3,4,2,2,1,131072,0.7284319877624512,0.7866591930389404,0.727027177810669,0.0020030438899993896,1006632960,1006632960
3,4,2,2,128,131072,0.7034592151641845,0.7493343830108643,0.7375807762145996,0.0020030438899993896,1006632960,128849018880
3,4,2,2,1024,131072,0.9493056297302246,1.0464256286621094,1.0338656425476074,0.0020030438899993896,1006632960,1030792151040
3,4,2,2,8192,131072,5.599526214599609,6.298668670654297,6.196686553955078,0.0020030438899993896,1006632960,8246337208320
3,4,2,2,1,1048576,5.482249450683594,5.524323272705078,5.509016036987305,0.0020030438899993896,8053063680,8053063680
3,4,2,2,128,1048576,5.482278442382812,5.5306846618652346,5.515665435791016,0.0020030438899993896,8053063680,1030792151040
3,4,2,2,1024,1048576,7.471222686767578,7.636057281494141,7.610507202148438,0.0020030438899993896,8053063680,8246337208320
3,4,2,2,8192,1048576,50.64669494628906,50.86724853515625,50.254190063476564,0.0020030438899993896,8053063680,65970697666560
3,2,4,2,1,32768,0.1133504033088684,0.4947904109954834,0.14504480361938477,0.001435011625289917,251658240,251658240
3,2,4,2,128,32768,0.1111680030822754,0.4651008129119873,0.16631360054016114,0.001435011625289917,251658240,32212254720
3,2,4,2,1024,32768,0.2659231901168823,0.48378558158874513,0.42259678840637205,0.001435011625289917,251658240,257698037760
3,2,4,2,8192,32768,1.2601920127868653,2.0129344940185545,1.9317344665527343,0.001435011625289917,251658240,2061584302080
3,2,4,2,1,131072,0.38100481033325195,0.47064638137817383,0.4149280071258545,0.001435011625289917,1006632960,1006632960
3,2,4,2,128,131072,0.37623679637908936,0.5029183864593506,0.42459840774536134,0.001435011625289917,1006632960,128849018880
3,2,4,2,1024,131072,0.9844287872314453,1.1548576354980469,1.138593578338623,0.001435011625289917,1006632960,1030792151040
3,2,4,2,8192,131072,5.485663986206054,6.339193725585938,6.184593582153321,0.001435011625289917,1006632960,8246337208320
3,2,4,2,1,1048576,2.7979488372802734,2.854083251953125,2.841374397277832,0.001435011625289917,8053063680,8053063680
3,2,4,2,128,1048576,2.805286407470703,2.8746047973632813,2.8638160705566404,0.001435011625289917,8053063680,1030792151040
3,2,4,2,1024,1048576,7.7385505676269535,7.936099243164063,7.939780426025391,0.001435011625289917,8053063680,8246337208320
3,2,4,2,8192,1048576,48.744686889648435,48.970785522460936,49.29566345214844,0.001435011625289917,8053063680,65970697666560
4,16,1,1,1,32768,0.3468384027481079,0.3463360071182251,0.33841118812561033,0.002508819103240967,125829120,125829120
4,16,1,1,128,32768,0.3461472034454346,0.3466464042663574,0.3390608072280884,0.002508819103240967,125829120,16106127360
4,16,1,1,1024,32768,0.46618242263793946,0.4651328086853027,0.45856480598449706,0.002508819103240967,125829120,128849018880
4,16,1,1,8192,32768,0.9173055648803711,0.922492790222168,0.9083120346069335,0.002508819103240967,125829120,1030792151040
4,16,1,1,1,131072,1.353286361694336,1.3557120323181153,1.3474687576293944,0.002508819103240967,503316480,503316480
4,16,1,1,128,131072,1.3557151794433593,1.355408000946045,1.347438430786133,0.002508819103240967,503316480,64424509440
4,16,1,1,1024,131072,1.8044544219970704,1.8043647766113282,1.7985679626464843,0.002508819103240967,503316480,515396075520
4,16,1,1,8192,131072,3.5288318634033202,3.5132896423339846,3.519255828857422,0.002508819103240967,503316480,4123168604160
4,16,1,1,1,1048576,10.720540618896484,10.720223999023437,10.713483428955078,0.002508819103240967,4026531840,4026531840
4,16,1,1,128,1048576,10.721699523925782,10.72188491821289,10.713967895507812,0.002508819103240967,4026531840,515396075520
4,16,1,1,1024,1048576,14.33780517578125,14.334771728515625,14.334245300292968,0.002508819103240967,4026531840,4123168604160
4,16,1,1,8192,1048576,28.255291748046876,28.4614013671875,28.321170043945312,0.002508819103240967,4026531840,32985348833280
4,8,2,1,1,32768,0.18080960512161254,0.3696000099182129,0.21100480556488038,0.002126842737197876,125829120,125829120
4,8,2,1,128,32768,0.18210560083389282,0.36491200923919676,0.21733601093292237,0.002126842737197876,125829120,16106127360
4,8,2,1,1024,32768,0.24277760982513427,0.3666368007659912,0.31620159149169924,0.002126842737197876,125829120,128849018880
4,8,2,1,8192,32768,0.71495680809021,0.9043328285217285,0.8792192459106445,0.002126842737197876,125829120,1030792151040
4,8,2,1,1,131072,0.6915359973907471,0.7296063899993896,0.7202864170074463,0.002126842737197876,503316480,503316480
4,8,2,1,128,131072,0.6900447845458985,0.7346816062927246,0.7299039840698243,0.002126842737197876,503316480,64424509440
4,8,2,1,1024,131072,0.9192480087280274,1.0011391639709473,0.9919520378112793,0.002126842737197876,503316480,515396075520
4,8,2,1,8192,131072,2.71309757232666,3.047385597229004,3.0038944244384767,0.002126842737197876,503316480,4123168604160
4,8,2,1,1,1048576,5.473401641845703,5.458425521850586,5.449582290649414,0.002126842737197876,4026531840,4026531840
4,8,2,1,128,1048576,5.406905746459961,5.46563835144043,5.457196807861328,0.002126842737197876,4026531840,515396075520
4,8,2,1,1024,1048576,7.230274963378906,7.321206665039062,7.314828491210937,0.002126842737197876,4026531840,4123168604160
4,8,2,1,8192,1048576,23.434454345703124,23.883856201171874,23.472161865234376,0.002126842737197876,4026531840,32985348833280
4,4,4,1,1,32768,0.10024960041046142,0.4712543964385986,0.1421056032180786,0.0019434988498687744,125829120,125829120
4,4,4,1,128,32768,0.10024319887161255,0.3839359998703003,0.15145920515060424,0.0019434988498687744,125829120,16106127360
4,4,4,1,1024,32768,0.13496320247650145,0.34481918811798096,0.2368000030517578,0.0019434988498687744,125829120,128849018880
4,4,4,1,8192,32768,0.7120384216308594,1.0788543701171875,1.047764778137207,0.0019434988498687744,125829120,1030792151040
4,4,4,1,1,131072,0.35587201118469236,0.4059840202331543,0.395796799659729,0.0019434988498687744,503316480,503316480
4,4,4,1,128,131072,0.35735359191894533,0.41545920372009276,0.4067232131958008,0.0019434988498687744,503316480,64424509440
4,4,4,1,1024,131072,0.4816927909851074,0.5903200149536133,0.5834815979003907,0.0019434988498687744,503316480,515396075520
4,4,4,1,8192,131072,2.7622528076171875,3.2186561584472657,3.1508544921875,0.0019434988498687744,503316480,4123168604160
4,4,4,1,1,1048576,2.7622623443603516,2.8030111312866213,2.7935184478759765,0.0019434988498687744,4026531840,4026531840
4,4,4,1,128,1048576,2.7367328643798827,2.816265678405762,2.8045679092407227,0.0019434988498687744,4026531840,515396075520
4,4,4,1,1024,1048576,3.712895965576172,3.8406848907470703,3.8195953369140625,0.0019434988498687744,4026531840,4123168604160
4,4,4,1,8192,1048576,23.46424255371094,25.209373474121094,24.326507568359375,0.0019434988498687744,4026531840,32985348833280
4,2,8,1,1,32768,0.07642560005187989,0.403001594543457,0.12270239591598511,0.0008339136838912964,125829120,125829120
4,2,8,1,128,32768,0.08457279801368714,0.4143231868743896,0.16127359867095947,0.0008339136838912964,125829120,16106127360
4,2,8,1,1024,32768,0.14585280418395996,0.44582080841064453,0.34392480850219725,0.0008339136838912964,125829120,128849018880
4,2,8,1,8192,32768,0.6630591869354248,1.3845888137817384,1.3608320236206055,0.0008339136838912964,125829120,1030792151040
4,2,8,1,1,131072,0.18873920440673828,0.4561728000640869,0.2525631904602051,0.0008339136838912964,503316480,503316480
4,2,8,1,128,131072,0.19011520147323607,0.4528927803039551,0.2920207977294922,0.0008339136838912964,503316480,64424509440
4,2,8,1,1024,131072,0.5065055847167969,0.7222784042358399,0.7082880020141602,0.0008339136838912964,503316480,515396075520
4,2,8,1,8192,131072,2.5312383651733397,3.612508773803711,3.3411136627197267,0.0008339136838912964,503316480,4123168604160
4,2,8,1,1,1048576,1.502019214630127,1.5690815925598145,1.4685551643371582,0.0008339136838912964,4026531840,4026531840
4,2,8,1,128,1048576,1.4039423942565918,1.5319616317749023,1.5110591888427733,0.0008339136838912964,4026531840,515396075520
4,2,8,1,1024,1048576,3.8425342559814455,4.071702575683593,4.070006561279297,0.0008339136838912964,4026531840,4123168604160
4,2,8,1,8192,1048576,22.1328125,24.763999938964844,24.58721466064453,0.0008339136838912964,4026531840,32985348833280
4,1,16,1,1,32768,0.0779583990573883,0.49495677947998046,0.1514143943786621,0.0008585304021835327,125829120,125829120
4,1,16,1,128,32768,0.08473920226097106,2.365977668762207,0.1967903971672058,0.0008585304021835327,125829120,16106127360
4,1,16,1,1024,32768,0.12295039892196655,0.5115744113922119,0.4526031970977783,0.0008585304021835327,125829120,128849018880
4,1,16,1,8192,32768,0.7013343811035156,2.092448043823242,2.0696815490722655,0.0008585304021835327,125829120,1030792151040
4,1,16,1,1,131072,0.10835200548171997,0.5326591968536377,0.21849439144134522,0.0008585304021835327,503316480,503316480
4,1,16,1,128,131072,0.11062400341033936,0.41125760078430174,0.26723039150238037,0.0008585304021835327,503316480,64424509440
4,1,16,1,1024,131072,0.3983776092529297,0.7479904174804688,0.7336624145507813,0.0008585304021835327,503316480,515396075520
4,1,16,1,8192,131072,2.5,4.184313583374023,3.8548816680908202,0.0008585304021835327,503316480,4123168604160
4,1,16,1,1,1048576,0.7566368103027343,0.8993472099304199,0.8663935661315918,0.0008585304021835327,4026531840,4026531840
4,1,16,1,128,1048576,0.7451007843017579,0.930185604095459,0.9030544281005859,0.0008585304021835327,4026531840,515396075520
4,1,16,1,1024,1048576,2.93798713684082,3.5561473846435545,3.4771583557128904,0.0008585304021835327,4026531840,4123168604160
4,1,16,1,8192,1048576,22.506314086914063,25.269839477539062,24.824595642089843,0.0008585304021835327,4026531840,32985348833280
4,4,1,4,1,32768,0.3594655990600586,0.3571232080459595,0.3481775999069214,0.0024170279502868652,503316480,503316480
4,4,1,4,128,32768,0.35637118816375735,0.3560192108154297,0.34917440414428713,0.0024170279502868652,503316480,64424509440
4,4,1,4,1024,32768,0.4803296089172363,0.48104000091552734,0.47322721481323243,0.0024170279502868652,503316480,515396075520
4,4,1,4,8192,32768,2.7585887908935547,2.876016044616699,2.7854976654052734,0.0024170279502868652,503316480,4123168604160
4,4,1,4,1,131072,1.5527071952819824,1.4273088455200196,1.3687647819519042,0.0024170279502868652,2013265920,2013265920
4,4,1,4,128,131072,1.3767744064331056,1.377184009552002,1.3701807975769043,0.0024170279502868652,2013265920,257698037760
4,4,1,4,1024,131072,1.8665056228637695,1.868614387512207,1.8550048828125,0.0024170279502868652,2013265920,2061584302080
4,4,1,4,8192,131072,11.651910400390625,11.637452697753906,11.792198181152344,0.0024170279502868652,2013265920,16492674416640
4,4,1,4,1,1048576,10.896860504150391,10.894652557373046,10.889778900146485,0.0024170279502868652,16106127360,16106127360
4,4,1,4,128,1048576,10.894745635986329,10.892556762695312,10.887264251708984,0.0024170279502868652,16106127360,2061584302080
4,4,1,4,1024,1048576,14.845237731933594,14.8768798828125,15.0958251953125,0.0024170279502868652,16106127360,16492674416640
4,4,1,4,8192,1048576,98.0073486328125,95.61187133789062,97.27516479492188,0.0024170279502868652,16106127360,131941395333120
4,8,1,2,1,32768,0.35389759540557864,0.35272319316864015,0.346617603302002,0.0020143985748291016,251658240,251658240
4,8,1,2,128,32768,0.35244801044464114,0.3536191940307617,0.34621601104736327,0.0020143985748291016,251658240,32212254720
4,8,1,2,1024,32768,0.46808958053588867,0.46792001724243165,0.4613152027130127,0.0020143985748291016,251658240,257698037760
4,8,1,2,8192,32768,1.3802783966064454,1.3834239959716796,1.4156496047973632,0.0020143985748291016,251658240,2061584302080
4,8,1,2,1,131072,1.4048224449157716,1.3878303527832032,1.3570032119750977,0.0020143985748291016,1006632960,1006632960
4,8,1,2,128,131072,1.3646176338195801,1.3648063659667968,1.3577823638916016,0.0020143985748291016,1006632960,128849018880
4,8,1,2,1024,131072,1.8191583633422852,1.8201280593872071,1.811787223815918,0.0020143985748291016,1006632960,1030792151040
4,8,1,2,8192,131072,5.529958343505859,5.702483367919922,5.6388801574707035,0.0020143985748291016,1006632960,8246337208320
4,8,1,2,1,1048576,10.800755310058594,10.801519775390625,10.792654418945313,0.0020143985748291016,8053063680,8053063680
4,8,1,2,128,1048576,10.797897338867188,10.796339416503907,10.791053009033202,0.0020143985748291016,8053063680,1030792151040
4,8,1,2,1024,1048576,14.441445922851562,14.433450317382812,14.427281188964844,0.0020143985748291016,8053063680,8246337208320
4,8,1,2,8192,1048576,46.672610473632815,47.26146240234375,48.02056884765625,0.0020143985748291016,8053063680,65970697666560
4,4,2,2,1,32768,0.18571200370788574,0.3273344039916992,0.21574881076812744,0.0021071434020996094,251658240,251658240
4,4,2,2,128,32768,0.18529920578002929,0.33800640106201174,0.22554399967193603,0.0021071434020996094,251658240,32212254720
4,4,2,2,1024,32768,0.24926719665527344,0.34683520793914796,0.333022403717041,0.0021071434020996094,251658240,257698037760
4,4,2,2,8192,32768,1.3801823616027833,1.701430320739746,1.7111711502075195,0.0021071434020996094,251658240,2061584302080
4,4,2,2,1,131072,0.7079423904418946,0.7578495979309082,0.7270751953125,0.0021071434020996094,1006632960,1006632960
4,4,2,2,128,131072,0.697654390335083,0.7450463771820068,0.7362480163574219,0.0021071434020996094,1006632960,128849018880
4,4,2,2,1024,131072,0.9405728340148926,1.0374496459960938,1.0309087753295898,0.0021071434020996094,1006632960,1030792151040
4,4,2,2,8192,131072,5.659260940551758,6.194998550415039,6.092468643188477,0.0021071434020996094,1006632960,8246337208320
4,4,2,2,1,1048576,5.454998397827149,5.513836669921875,5.505318450927734,0.0021071434020996094,8053063680,8053063680
4,4,2,2,128,1048576,5.458988952636719,5.524041748046875,5.514767837524414,0.0021071434020996094,8053063680,1030792151040
4,4,2,2,1024,1048576,7.445219421386719,7.6033470153808596,7.594258880615234,0.0021071434020996094,8053063680,8246337208320
4,4,2,2,8192,1048576,48.103390502929685,49.597998046875,48.988653564453124,0.0021071434020996094,8053063680,65970697666560
4,2,4,2,1,32768,0.10169600248336792,0.33144640922546387,0.14476480484008789,0.0014279484748840332,251658240,251658240
4,2,4,2,128,32768,0.10437120199203491,0.3311392068862915,0.16667840480804444,0.0014279484748840332,251658240,32212254720
4,2,4,2,1024,32768,0.2623967885971069,0.43006081581115724,0.4197455883026123,0.0014279484748840332,251658240,257698037760
4,2,4,2,8192,32768,1.2620736122131349,1.9587295532226563,1.9584415435791016,0.0014279484748840332,251658240,2061584302080
4,2,4,2,1,131072,0.3699520111083984,0.41892480850219727,0.40718398094177244,0.0014279484748840332,1006632960,1006632960
4,2,4,2,128,131072,0.3627327919006348,0.4330304145812988,0.424619197845459,0.0014279484748840332,1006632960,128849018880
4,2,4,2,1024,131072,0.9780863761901856,1.1463808059692382,1.1377615928649902,0.0014279484748840332,1006632960,1030792151040
4,2,4,2,8192,131072,5.230691146850586,6.097395324707032,6.079001617431641,0.0014279484748840332,1006632960,8246337208320
4,2,4,2,1,1048576,2.7888671875,2.851049613952637,2.8451631546020506,0.0014279484748840332,8053063680,8053063680
4,2,4,2,128,1048576,2.7903871536254883,2.8754976272583006,2.8657583236694335,0.0014279484748840332,8053063680,1030792151040
4,2,4,2,1024,1048576,7.6926017761230465,7.887174224853515,7.978310394287109,0.0014279484748840332,8053063680,8246337208320
4,2,4,2,8192,1048576,46.374072265625,46.45467834472656,47.39168701171875,0.0014279484748840332,8053063680,65970697666560
5,16,1,1,1,32768,0.34809920787811277,0.3460479974746704,0.338319993019104,0.0025429129600524902,125829120,125829120
5,16,1,1,128,32768,0.34640638828277587,0.34592959880828855,0.33929920196533203,0.0025429129600524902,125829120,16106127360
5,16,1,1,1024,32768,0.4663072109222412,0.4648896217346191,0.4575215816497803,0.0025429129600524902,125829120,128849018880
5,16,1,1,8192,32768,0.9097855567932129,0.9093567848205566,0.891755199432373,0.0025429129600524902,125829120,1030792151040
5,16,1,1,1,131072,1.359055995941162,1.3553312301635743,1.346780776977539,0.0025429129600524902,503316480,503316480
5,16,1,1,128,131072,1.3557344436645509,1.35415678024292,1.3464495658874511,0.0025429129600524902,503316480,64424509440
5,16,1,1,1024,131072,1.805366325378418,1.802582359313965,1.7968399047851562,0.0025429129600524902,503316480,515396075520
5,16,1,1,8192,131072,3.5071487426757812,3.521836853027344,3.5150142669677735,0.0025429129600524902,503316480,4123168604160
5,16,1,1,1,1048576,10.728720092773438,10.719913482666016,10.712423706054688,0.0025429129600524902,4026531840,4026531840
5,16,1,1,128,1048576,10.721196746826172,10.721903991699218,10.712820434570313,0.0025429129600524902,4026531840,515396075520
5,16,1,1,1024,1048576,14.312550354003907,14.310736083984375,14.299165344238281,0.0025429129600524902,4026531840,4123168604160
5,16,1,1,8192,1048576,28.10653076171875,28.1558349609375,28.3760498046875,0.0025429129600524902,4026531840,32985348833280
5,8,2,1,1,32768,0.18339200019836427,0.3748192071914673,0.21099998950958251,0.002126842737197876,125829120,125829120
5,8,2,1,128,32768,0.18552000522613527,0.36011838912963867,0.21741759777069092,0.002126842737197876,125829120,16106127360
5,8,2,1,1024,32768,0.2432192087173462,0.36874558925628664,0.31612000465393064,0.002126842737197876,125829120,128849018880
5,8,2,1,8192,32768,0.7064576148986816,0.9039936065673828,0.8790495872497559,0.002126842737197876,125829120,1030792151040
5,8,2,1,1,131072,0.6902976036071777,0.7295328140258789,0.7203375816345214,0.002126842737197876,503316480,503316480
5,8,2,1,128,131072,0.6933695793151855,0.7345920085906983,0.72991042137146,0.002126842737197876,503316480,64424509440
5,8,2,1,1024,131072,0.9202624320983886,1.0013440132141114,0.9919967651367188,0.002126842737197876,503316480,515396075520
5,8,2,1,8192,131072,2.703593635559082,3.0477951049804686,3.0040735244750976,0.002126842737197876,503316480,4123168604160
5,8,2,1,1,1048576,5.4171710968017575,5.45805778503418,5.448275375366211,0.002126842737197876,4026531840,4026531840
5,8,2,1,128,1048576,5.4245246887207035,5.465241622924805,5.456126403808594,0.002126842737197876,4026531840,515396075520
5,8,2,1,1024,1048576,7.243228912353516,7.320950317382812,7.314769744873047,0.002126842737197876,4026531840,4123168604160
5,8,2,1,8192,1048576,23.22216033935547,23.88322296142578,23.47270812988281,0.002126842737197876,4026531840,32985348833280
5,4,4,1,1,32768,0.10186879634857178,0.47948479652404785,0.14193120002746581,0.0019434988498687744,125829120,125829120
5,4,4,1,128,32768,0.10153919458389282,0.38541440963745116,0.15149279832839965,0.0019434988498687744,125829120,16106127360
5,4,4,1,1024,32768,0.13709440231323242,0.377619194984436,0.2368079900741577,0.0019434988498687744,125829120,128849018880
5,4,4,1,8192,32768,0.6907680034637451,1.0781567573547364,1.047651195526123,0.0019434988498687744,125829120,1030792151040
5,4,4,1,1,131072,0.3574847936630249,0.40603837966918943,0.39567999839782714,0.0019434988498687744,503316480,503316480
5,4,4,1,128,131072,0.35900800228118895,0.4156223773956299,0.40663838386535645,0.0019434988498687744,503316480,64424509440
5,4,4,1,1024,131072,0.48267202377319335,0.5902463912963867,0.5818079948425293,0.0019434988498687744,503316480,515396075520
5,4,4,1,8192,131072,2.7264671325683594,3.219171142578125,3.150985527038574,0.0019434988498687744,503316480,4123168604160
5,4,4,1,1,1048576,2.8115135192871095,2.8030847549438476,2.7936368942260743,0.0019434988498687744,4026531840,4026531840
5,4,4,1,128,1048576,2.7486495971679688,2.815999984741211,2.8044975280761717,0.0019434988498687744,4026531840,515396075520
5,4,4,1,1024,1048576,3.728099060058594,3.8402145385742186,3.819580841064453,0.0019434988498687744,4026531840,4123168604160
5,4,4,1,8192,1048576,23.768988037109374,25.210269165039062,24.32744445800781,0.0019434988498687744,4026531840,32985348833280
5,2,8,1,1,32768,0.08017600178718567,0.4033023834228516,0.12272000312805176,0.0008339136838912964,125829120,125829120
5,2,8,1,128,32768,0.08316479921340943,0.41449918746948244,0.16131680011749266,0.0008339136838912964,125829120,16106127360
5,2,8,1,1024,32768,0.14182720184326172,0.4456160068511963,0.34237120151519773,0.0008339136838912964,125829120,128849018880
5,2,8,1,8192,32768,0.6530432224273681,1.3828927993774414,1.3607295989990233,0.0008339136838912964,125829120,1030792151040
5,2,8,1,1,131072,0.19204479455947876,0.4560512065887451,0.2525343894958496,0.0008339136838912964,503316480,503316480
5,2,8,1,128,131072,0.1913151979446411,0.45290241241455076,0.29199678897857667,0.0008339136838912964,503316480,64424509440
5,2,8,1,1024,131072,0.501417589187622,0.7229407787322998,0.7085391998291015,0.0008339136838912964,503316480,515396075520
5,2,8,1,8192,131072,2.5159423828125,3.613190460205078,3.3414241790771486,0.0008339136838912964,503316480,4123168604160
5,2,8,1,1,1048576,1.5234175682067872,1.568899154663086,1.4685232162475585,0.0008339136838912964,4026531840,4026531840
5,2,8,1,128,1048576,1.408620834350586,1.5320223808288573,1.5111104011535645,0.0008339136838912964,4026531840,515396075520
5,2,8,1,1024,1048576,3.8314014434814454,4.0718238830566404,4.0700225830078125,0.0008339136838912964,4026531840,4123168604160
5,2,8,1,8192,1048576,22.38756408691406,24.760899353027344,24.586337280273437,0.0008339136838912964,4026531840,32985348833280
5,1,16,1,1,32768,0.0849568009376526,0.4946911811828613,0.1514032006263733,0.0008585304021835327,125829120,125829120
5,1,16,1,128,32768,0.09136319756507874,2.3659807205200196,0.19682079553604126,0.0008585304021835327,125829120,16106127360
5,1,16,1,1024,32768,0.12172160148620606,0.511571216583252,0.452561616897583,0.0008585304021835327,125829120,128849018880
5,1,16,1,8192,32768,0.6947936058044434,2.0921791076660154,2.0695552825927734,0.0008585304021835327,125829120,1030792151040
5,1,16,1,1,131072,0.10840959548950195,0.5327199935913086,0.21855359077453612,0.0008585304021835327,503316480,503316480
5,1,16,1,128,131072,0.11247999668121338,0.4112256050109863,0.26714720726013186,0.0008585304021835327,503316480,64424509440
5,1,16,1,1024,131072,0.3930527925491333,0.7478943824768066,0.7336304187774658,0.0008585304021835327,503316480,515396075520
5,1,16,1,8192,131072,2.433296012878418,4.184108734130859,3.8549617767333983,0.0008585304021835327,503316480,4123168604160
5,1,16,1,1,1048576,0.7699935913085938,0.8990336418151855,0.8663935661315918,0.0008585304021835327,4026531840,4026531840
5,1,16,1,128,1048576,0.7468224048614502,0.930684757232666,0.9030768394470214,0.0008585304021835327,4026531840,515396075520
5,1,16,1,1024,1048576,2.9253055572509767,3.556732940673828,3.4772415161132812,0.0008585304021835327,4026531840,4123168604160
5,1,16,1,8192,1048576,22.63672637939453,25.26787567138672,24.826019287109375,0.0008585304021835327,4026531840,32985348833280
5,4,1,4,1,32768,0.38643200397491456,0.35704638957977297,0.34847838878631593,0.0022412538528442383,503316480,503316480
5,4,1,4,128,32768,0.35863680839538575,0.35792639255523684,0.35060479640960696,0.0022412538528442383,503316480,64424509440
5,4,1,4,1024,32768,0.48255038261413574,0.48261117935180664,0.4749936103820801,0.0022412538528442383,503316480,515396075520
5,4,1,4,8192,32768,2.745187187194824,2.8640384674072266,2.875257682800293,0.0022412538528442383,503316480,4123168604160
5,4,1,4,1,131072,1.5684639930725097,1.4081664085388184,1.373380756378174,0.0022412538528442383,2013265920,2013265920
5,4,1,4,128,131072,1.382265567779541,1.3820575714111327,1.3741711616516112,0.0022412538528442383,2013265920,257698037760
5,4,1,4,1024,131072,1.8712575912475586,1.8749183654785155,1.8725391387939454,0.0022412538528442383,2013265920,2061584302080
5,4,1,4,8192,131072,11.673616027832031,11.681132507324218,12.248734283447266,0.0022412538528442383,2013265920,16492674416640
5,4,1,4,1,1048576,10.942127990722657,10.944217681884766,10.934848022460937,0.0022412538528442383,16106127360,16106127360
5,4,1,4,128,1048576,10.942393493652343,10.944780731201172,10.933379364013671,0.0022412538528442383,16106127360,2061584302080
5,4,1,4,1024,1048576,15.010627746582031,14.989324951171875,15.307862854003906,0.0022412538528442383,16106127360,16492674416640
5,4,1,4,8192,1048576,98.35552368164062,99.700439453125,98.67171630859374,0.0022412538528442383,16106127360,131941395333120
5,8,1,2,1,32768,0.3547647953033447,0.353657603263855,0.346942400932312,0.0021275877952575684,251658240,251658240
5,8,1,2,128,32768,0.35434880256652834,0.35469760894775393,0.3478528022766113,0.0021275877952575684,251658240,32212254720
5,8,1,2,1024,32768,0.47055997848510744,0.46927361488342284,0.46211681365966795,0.0021275877952575684,251658240,257698037760
5,8,1,2,8192,32768,1.3670432090759277,1.3676511764526367,1.4044367790222168,0.0021275877952575684,251658240,2061584302080
5,8,1,2,1,131072,1.5110560417175294,1.3652447700500487,1.3607248306274413,0.0021275877952575684,1006632960,1006632960
5,8,1,2,128,131072,1.3698304176330567,1.369318389892578,1.3616448402404786,0.0021275877952575684,1006632960,128849018880
5,8,1,2,1024,131072,1.822822380065918,1.8236032485961915,1.8148975372314453,0.0021275877952575684,1006632960,1030792151040
5,8,1,2,8192,131072,5.450755310058594,5.841708755493164,5.803326416015625,0.0021275877952575684,1006632960,8246337208320
5,8,1,2,1,1048576,10.828729248046875,10.827993774414063,10.82117156982422,0.0021275877952575684,8053063680,8053063680
5,8,1,2,128,1048576,10.836294555664063,10.833663940429688,10.82633285522461,0.0021275877952575684,8053063680,1030792151040
5,8,1,2,1024,1048576,14.464982604980468,14.475325012207032,14.45752410888672,0.0021275877952575684,8053063680,8246337208320
5,8,1,2,8192,1048576,48.03661193847656,46.203924560546874,47.840057373046875,0.0021275877952575684,8053063680,65970697666560
5,4,2,2,1,32768,0.1863103985786438,0.3279360055923462,0.2158207893371582,0.0021071434020996094,251658240,251658240
5,4,2,2,128,32768,0.1870527982711792,0.3377120018005371,0.22540640830993652,0.0021071434020996094,251658240,32212254720
5,4,2,2,1024,32768,0.24961600303649903,0.34713919162750245,0.33299999237060546,0.0021071434020996094,251658240,257698037760
5,4,2,2,8192,32768,1.3732640266418457,1.7011680603027344,1.7111648559570312,0.0021071434020996094,251658240,2061584302080
5,4,2,2,1,131072,0.7429088115692138,0.7567872047424317,0.7270592212677002,0.0021071434020996094,1006632960,1006632960
5,4,2,2,128,131072,0.6989952087402344,0.7447519779205323,0.7362783908843994,0.0021071434020996094,1006632960,128849018880
5,4,2,2,1024,131072,0.9444352149963379,1.0372032165527343,1.0309599876403808,0.0021071434020996094,1006632960,1030792151040
5,4,2,2,8192,131072,5.64997444152832,6.193280029296875,6.0923919677734375,0.0021071434020996094,1006632960,8246337208320
5,4,2,2,1,1048576,5.540972900390625,5.514156723022461,5.505271911621094,0.0021071434020996094,8053063680,8053063680
5,4,2,2,128,1048576,5.476614379882813,5.523836898803711,5.514934539794922,0.0021071434020996094,8053063680,1030792151040
5,4,2,2,1024,1048576,7.49559326171875,7.603446197509766,7.594217681884766,0.0021071434020996094,8053063680,8246337208320
5,4,2,2,8192,1048576,49.69613952636719,49.604400634765625,48.986761474609374,0.0021071434020996094,8053063680,65970697666560
5,2,4,2,1,32768,0.10332159996032715,0.33193919658660886,0.14464160203933715,0.0014279484748840332,251658240,251658240
5,2,4,2,128,32768,0.10496319532394409,0.3323040008544922,0.1666800022125244,0.0014279484748840332,251658240,32212254720
5,2,4,2,1024,32768,0.26467199325561525,0.4300352096557617,0.41959519386291505,0.0014279484748840332,251658240,257698037760
5,2,4,2,8192,32768,1.2500927925109864,1.958198356628418,1.9553600311279298,0.0014279484748840332,251658240,2061584302080
5,2,4,2,1,131072,0.3665600061416626,0.41878399848937986,0.407155179977417,0.0014279484748840332,1006632960,1006632960
5,2,4,2,128,131072,0.3644223928451538,0.43300161361694334,0.4246016025543213,0.0014279484748840332,1006632960,128849018880
5,2,4,2,1024,131072,0.9812383651733398,1.1463520050048828,1.1378735542297362,0.0014279484748840332,1006632960,1030792151040
5,2,4,2,8192,131072,5.148979187011719,6.091027069091797,6.0808063507080075,0.0014279484748840332,1006632960,8246337208320
5,2,4,2,1,1048576,2.9851999282836914,2.8509279251098634,2.8451631546020506,0.0014279484748840332,8053063680,8053063680
5,2,4,2,128,1048576,2.7983423233032227,2.8750783920288088,2.8658239364624025,0.0014279484748840332,8053063680,1030792151040
5,2,4,2,1024,1048576,7.719664001464844,7.887286376953125,7.978160095214844,0.0014279484748840332,8053063680,8246337208320
5,2,4,2,8192,1048576,47.051220703125,46.45613403320313,47.390524291992186,0.0014279484748840332,8053063680,65970697666560
6,16,1,1,1,32768,0.34679040908813474,0.34613120555877686,0.33849759101867677,0.002138793468475342,125829120,125829120
6,16,1,1,128,32768,0.34617600440979,0.3464191913604736,0.341048002243042,0.002138793468475342,125829120,16106127360
6,16,1,1,1024,32768,0.46709117889404295,0.465664005279541,0.45896477699279786,0.002138793468475342,125829120,128849018880
6,16,1,1,8192,32768,0.9079039573669434,0.9031488418579101,0.8904959678649902,0.002138793468475342,125829120,1030792151040
6,16,1,1,1,131072,1.3595935821533203,1.3597536087036133,1.3515952110290528,0.002138793468475342,503316480,503316480
6,16,1,1,128,131072,1.36080961227417,1.3592479705810547,1.3527024269104004,0.002138793468475342,503316480,64424509440
6,16,1,1,1024,131072,1.810201644897461,1.8132543563842773,1.8039215087890625,0.002138793468475342,503316480,515396075520
6,16,1,1,8192,131072,3.496326446533203,3.5003711700439455,3.475620651245117,0.002138793468475342,503316480,4123168604160
6,16,1,1,1,1048576,10.766438293457032,10.766796875,10.759210968017578,0.002138793468475342,4026531840,4026531840
6,16,1,1,128,1048576,10.7683837890625,10.767308807373047,10.759486389160156,0.002138793468475342,4026531840,515396075520
6,16,1,1,1024,1048576,14.376547241210938,14.374822998046875,14.371296691894532,0.002138793468475342,4026531840,4123168604160
6,16,1,1,8192,1048576,28.043048095703124,28.1684814453125,28.18179931640625,0.002138793468475342,4026531840,32985348833280
6,8,2,1,1,32768,0.18437440395355226,0.35792639255523684,0.21135358810424804,0.0033725500106811523,125829120,125829120
6,8,2,1,128,32768,0.18598719835281372,0.3366336107254028,0.21715199947357178,0.0033725500106811523,125829120,16106127360
6,8,2,1,1024,32768,0.24303040504455567,0.3817375898361206,0.3152992010116577,0.0033725500106811523,125829120,128849018880
6,8,2,1,8192,32768,0.6971807956695557,0.8894847869873047,0.8996111869812011,0.0033725500106811523,125829120,1030792151040
6,8,2,1,1,131072,0.6914912223815918,0.7343391895294189,0.7196303844451905,0.0033725500106811523,503316480,503316480
6,8,2,1,128,131072,0.7011199951171875,0.7364352226257325,0.7267007827758789,0.0033725500106811523,503316480,64424509440
6,8,2,1,1024,131072,0.9169599533081054,1.0006815910339355,0.9934767723083496,0.0033725500106811523,503316480,515396075520
6,8,2,1,8192,131072,2.661952018737793,2.947887992858887,2.918000030517578,0.0033725500106811523,503316480,4123168604160
6,8,2,1,1,1048576,5.412364959716797,5.490204620361328,5.4896080017089846,0.0033725500106811523,4026531840,4026531840
6,8,2,1,128,1048576,5.424118423461914,5.465801620483399,5.47125129699707,0.0033725500106811523,4026531840,515396075520
6,8,2,1,1024,1048576,7.210521697998047,7.341036987304688,7.331123352050781,0.0033725500106811523,4026531840,4123168604160
6,8,2,1,8192,1048576,22.386642456054688,23.301068115234376,23.019834899902342,0.0033725500106811523,4026531840,32985348833280
6,4,4,1,1,32768,0.10107840299606323,0.4737728118896484,0.14197759628295897,0.0019434988498687744,125829120,125829120
6,4,4,1,128,32768,0.10125759840011597,0.38432960510253905,0.1515231966972351,0.0019434988498687744,125829120,16106127360
6,4,4,1,1024,32768,0.13490560054779052,0.38080639839172364,0.23688158988952637,0.0019434988498687744,125829120,128849018880
6,4,4,1,8192,32768,0.6910655975341797,1.079248046875,1.047481632232666,0.0019434988498687744,125829120,1030792151040
6,4,4,1,1,131072,0.35728960037231444,0.4064000129699707,0.39599199295043946,0.0019434988498687744,503316480,503316480
6,4,4,1,128,131072,0.35773119926452634,0.4156191825866699,0.40691041946411133,0.0019434988498687744,503316480,64424509440
6,4,4,1,1024,131072,0.48177280426025393,0.5905695915222168,0.5834176063537597,0.0019434988498687744,503316480,515396075520
6,4,4,1,8192,131072,2.697436714172363,3.21929931640625,3.150806427001953,0.0019434988498687744,503316480,4123168604160
6,4,4,1,1,1048576,2.782604789733887,2.8032928466796876,2.7937183380126953,0.0019434988498687744,4026531840,4026531840
6,4,4,1,128,1048576,2.7391551971435546,2.816771125793457,2.804604721069336,0.0019434988498687744,4026531840,515396075520
6,4,4,1,1024,1048576,3.724915313720703,3.8406913757324217,3.8197887420654295,0.0019434988498687744,4026531840,4123168604160
6,4,4,1,8192,1048576,23.322402954101562,25.214019775390625,24.3265869140625,0.0019434988498687744,4026531840,32985348833280
6,2,8,1,1,32768,0.07460799813270569,0.4037631988525391,0.12278239727020264,0.0008339136838912964,125829120,125829120
6,2,8,1,128,32768,0.08327680230140685,0.4148096084594727,0.16155200004577636,0.0008339136838912964,125829120,16106127360
6,2,8,1,1024,32768,0.1407263994216919,0.4462240219116211,0.3438783884048462,0.0008339136838912964,125829120,128849018880
6,2,8,1,8192,32768,0.6475488185882569,1.3847104072570802,1.3609631538391114,0.0008339136838912964,125829120,1030792151040
6,2,8,1,1,131072,0.19071040153503419,0.45625920295715333,0.2525199890136719,0.0008339136838912964,503316480,503316480
6,2,8,1,128,131072,0.18996479511260986,0.45316481590270996,0.2922911882400513,0.0008339136838912964,503316480,64424509440
6,2,8,1,1024,131072,0.5004384040832519,0.7225503921508789,0.708355188369751,0.0008339136838912964,503316480,515396075520
6,2,8,1,8192,131072,2.5133663177490235,3.613462448120117,3.3411407470703125,0.0008339136838912964,503316480,4123168604160
6,2,8,1,1,1048576,1.429635238647461,1.5693471908569336,1.468614387512207,0.0008339136838912964,4026531840,4026531840
6,2,8,1,128,1048576,1.406223964691162,1.5323007583618165,1.511195182800293,0.0008339136838912964,4026531840,515396075520
6,2,8,1,1024,1048576,3.8124961853027344,4.072035217285157,4.069982528686523,0.0008339136838912964,4026531840,4123168604160
6,2,8,1,8192,1048576,22.006930541992187,24.76201629638672,24.587481689453124,0.0008339136838912964,4026531840,32985348833280
6,1,16,1,1,32768,0.07666879892349243,0.4947807788848877,0.15162400007247925,0.0008585304021835327,125829120,125829120
6,1,16,1,128,32768,0.08432319760322571,2.366160011291504,0.19696320295333863,0.0008585304021835327,125829120,16106127360
6,1,16,1,1024,32768,0.12074879407882691,0.5116960048675537,0.4529583930969238,0.0008585304021835327,125829120,128849018880
6,1,16,1,8192,32768,0.6887040138244629,2.092870330810547,2.069758415222168,0.0008585304021835327,125829120,1030792151040
6,1,16,1,1,131072,0.10731199979782105,0.5327680110931396,0.21873281002044678,0.0008585304021835327,503316480,503316480
6,1,16,1,128,131072,0.11137919425964356,0.4114880084991455,0.26731200218200685,0.0008585304021835327,503316480,64424509440
6,1,16,1,1024,131072,0.39020800590515137,0.7479135990142822,0.7338240146636963,0.0008585304021835327,503316480,515396075520
6,1,16,1,8192,131072,2.4165760040283204,4.186028671264649,3.8551151275634767,0.0008585304021835327,503316480,4123168604160
6,1,16,1,1,1048576,0.7438047885894775,0.8996607780456543,0.8664431571960449,0.0008585304021835327,4026531840,4026531840
6,1,16,1,128,1048576,0.7452511787414551,0.927462387084961,0.9032959938049316,0.0008585304021835327,4026531840,515396075520
6,1,16,1,1024,1048576,2.9016767501831056,3.556367874145508,3.4771087646484373,0.0008585304021835327,4026531840,4123168604160
6,1,16,1,8192,1048576,22.386061096191405,25.269917297363282,24.824128723144533,0.0008585304021835327,4026531840,32985348833280
6,4,1,4,1,32768,0.4155360221862793,0.35627520084381104,0.3487247943878174,0.0022753477096557617,503316480,503316480
6,4,1,4,128,32768,0.3578912019729614,0.3568671941757202,0.34963359832763674,0.0022753477096557617,503316480,64424509440
6,4,1,4,1024,32768,0.4826367855072021,0.48056960105895996,0.4744080066680908,0.0022753477096557617,503316480,515396075520
6,4,1,4,8192,32768,2.717884826660156,2.8188608169555662,2.801081657409668,0.0022753477096557617,503316480,4123168604160
6,4,1,4,1,131072,1.4589311599731445,1.3776703834533692,1.3708208084106446,0.0022753477096557617,2013265920,2013265920
6,4,1,4,128,131072,1.3792127609252929,1.3802335739135743,1.3713104248046875,0.0022753477096557617,2013265920,257698037760
6,4,1,4,1024,131072,1.8648351669311523,1.8725856781005858,1.858393669128418,0.0022753477096557617,2013265920,2061584302080
6,4,1,4,8192,131072,11.385568237304687,11.318144226074219,11.72153091430664,0.0022753477096557617,2013265920,16492674416640
6,4,1,4,1,1048576,10.922287750244141,10.920944213867188,10.899636840820312,0.0022753477096557617,16106127360,16106127360
6,4,1,4,128,1048576,10.91070098876953,10.908060455322266,10.900177764892579,0.0022753477096557617,16106127360,2061584302080
6,4,1,4,1024,1048576,14.855987548828125,14.861036682128907,15.015452575683593,0.0022753477096557617,16106127360,16492674416640
6,4,1,4,8192,1048576,97.88367309570313,97.65072021484374,96.55195922851563,0.0022753477096557617,16106127360,131941395333120
6,8,1,2,1,32768,0.35382399559020994,0.35417919158935546,0.3463632106781006,0.002308666706085205,251658240,251658240
6,8,1,2,128,32768,0.3540096044540405,0.3540031909942627,0.34704160690307617,0.002308666706085205,251658240,32212254720
6,8,1,2,1024,32768,0.4694208145141602,0.4688576221466064,0.4608287811279297,0.002308666706085205,251658240,257698037760
6,8,1,2,8192,32768,1.352454376220703,1.3592960357666015,1.3688528060913085,0.002308666706085205,251658240,2061584302080
6,8,1,2,1,131072,1.3816703796386718,1.3678400039672851,1.3602496147155763,0.002308666706085205,1006632960,1006632960
6,8,1,2,128,131072,1.3698719978332519,1.368499183654785,1.3614031791687011,0.002308666706085205,1006632960,128849018880
6,8,1,2,1024,131072,1.817148780822754,1.8190879821777344,1.8102367401123047,0.002308666706085205,1006632960,1030792151040
6,8,1,2,8192,131072,5.414425659179687,5.570547103881836,5.500982284545898,0.002308666706085205,1006632960,8246337208320
6,8,1,2,1,1048576,10.837686157226562,10.83938217163086,10.810478210449219,0.002308666706085205,8053063680,8053063680
6,8,1,2,128,1048576,10.817052459716797,10.818150329589844,10.809233856201171,0.002308666706085205,8053063680,1030792151040
6,8,1,2,1024,1048576,14.436454772949219,14.431782531738282,14.425210571289062,0.002308666706085205,8053063680,8246337208320
6,8,1,2,8192,1048576,46.34290466308594,45.998504638671875,46.9027099609375,0.002308666706085205,8053063680,65970697666560
6,4,2,2,1,32768,0.18594880104064943,0.32239038944244386,0.21612000465393066,0.002676725387573242,251658240,251658240
6,4,2,2,128,32768,0.18653119802474977,0.3320863962173462,0.2251215934753418,0.002676725387573242,251658240,32212254720
6,4,2,2,1024,32768,0.2501024007797241,0.3449887990951538,0.333022403717041,0.002676725387573242,251658240,257698037760
6,4,2,2,8192,32768,1.3650464057922362,1.6966655731201172,1.6870208740234376,0.002676725387573242,251658240,2061584302080
6,4,2,2,1,131072,0.7193600177764893,0.7537504196166992,0.7252495765686036,0.002676725387573242,1006632960,1006632960
6,4,2,2,128,131072,0.6984640121459961,0.7484896183013916,0.7387728214263916,0.002676725387573242,1006632960,128849018880
6,4,2,2,1024,131072,0.9422975540161133,1.0400959968566894,1.0270048141479493,0.002676725387573242,1006632960,1030792151040
6,4,2,2,8192,131072,5.447673416137695,5.998191833496094,5.944462585449219,0.002676725387573242,1006632960,8246337208320
6,4,2,2,1,1048576,5.526387023925781,5.535673522949219,5.5273887634277346,0.002676725387573242,8053063680,8053063680
6,4,2,2,128,1048576,5.469331359863281,5.548953628540039,5.534964752197266,0.002676725387573242,8053063680,1030792151040
6,4,2,2,1024,1048576,7.436422729492188,7.538025665283203,7.526622772216797,0.002676725387573242,8053063680,8246337208320
6,4,2,2,8192,1048576,48.80966491699219,47.146340942382814,48.09784851074219,0.002676725387573242,8053063680,65970697666560
6,2,4,2,1,32768,0.10255359411239624,0.32721920013427735,0.14475680589675904,0.0014279484748840332,251658240,251658240
6,2,4,2,128,32768,0.10470080375671387,0.33096320629119874,0.16664960384368896,0.0014279484748840332,251658240,32212254720
6,2,4,2,1024,32768,0.2617664098739624,0.43011841773986814,0.4197872161865234,0.0014279484748840332,251658240,257698037760
6,2,4,2,8192,32768,1.2305248260498047,1.9580768585205077,1.9582767486572266,0.0014279484748840332,251658240,2061584302080
6,2,4,2,1,131072,0.36202239990234375,0.4189599990844727,0.4073647975921631,0.0014279484748840332,1006632960,1006632960
6,2,4,2,128,131072,0.36740798950195314,0.43327040672302247,0.4246943950653076,0.0014279484748840332,1006632960,128849018880
6,2,4,2,1024,131072,0.9730496406555176,1.1466079711914063,1.1378303527832032,0.0014279484748840332,1006632960,1030792151040
6,2,4,2,8192,131072,5.291007995605469,6.086415863037109,6.079708862304687,0.0014279484748840332,1006632960,8246337208320
6,2,4,2,1,1048576,2.794700813293457,2.851113510131836,2.8452367782592773,0.0014279484748840332,8053063680,8053063680
6,2,4,2,128,1048576,2.7948192596435546,2.8758367538452148,2.865977668762207,0.0014279484748840332,8053063680,1030792151040
6,2,4,2,1024,1048576,7.6114654541015625,7.887251281738282,7.978266906738281,0.0014279484748840332,8053063680,8246337208320
6,2,4,2,8192,1048576,45.597128295898436,46.454037475585935,47.38938598632812,0.0014279484748840332,8053063680,65970697666560
7,16,1,1,1,32768,0.34777278900146485,0.3466272115707397,0.34010560512542726,0.0019268393516540527,125829120,125829120
7,16,1,1,128,32768,0.3479520082473755,0.3479775905609131,0.3401072025299072,0.0019268393516540527,125829120,16106127360
7,16,1,1,1024,32768,0.46689600944519044,0.46548800468444823,0.45846080780029297,0.0019268393516540527,125829120,128849018880
7,16,1,1,8192,32768,0.9010880470275879,0.8982336044311523,0.8962176322937012,0.0019268393516540527,125829120,1030792151040
7,16,1,1,1,131072,1.357759952545166,1.412384033203125,1.3506256103515626,0.0019268393516540527,503316480,503316480
7,16,1,1,128,131072,1.3595040321350098,1.3588128089904785,1.351921558380127,0.0019268393516540527,503316480,64424509440
7,16,1,1,1024,131072,1.8052896499633788,1.8070240020751953,1.8009519577026367,0.0019268393516540527,503316480,515396075520
7,16,1,1,8192,131072,3.4850624084472654,3.479017639160156,3.4797760009765626,0.0019268393516540527,503316480,4123168604160
7,16,1,1,1,1048576,10.751315307617187,10.74736328125,10.73964614868164,0.0019268393516540527,4026531840,4026531840
7,16,1,1,128,1048576,10.755254364013672,10.75354232788086,10.744369506835938,0.0019268393516540527,4026531840,515396075520
7,16,1,1,1024,1048576,14.378720092773438,14.374978637695312,14.365676879882812,0.0019268393516540527,4026531840,4123168604160
7,16,1,1,8192,1048576,28.555181884765624,28.617465209960937,28.74571533203125,0.0019268393516540527,4026531840,32985348833280
7,8,2,1,1,32768,0.18206080198287963,0.3522559881210327,0.21129920482635497,0.0033725500106811523,125829120,125829120
7,8,2,1,128,32768,0.18218560218811036,0.3349087953567505,0.21722559928894042,0.0033725500106811523,125829120,16106127360
7,8,2,1,1024,32768,0.24287040233612062,0.3789952039718628,0.3152528047561646,0.0033725500106811523,125829120,128849018880
7,8,2,1,8192,32768,0.7057759761810303,0.8892319679260254,0.8998671531677246,0.0033725500106811523,125829120,1030792151040
7,8,2,1,1,131072,0.6918816089630127,0.7341631889343262,0.7195615768432617,0.0033725500106811523,503316480,503316480
7,8,2,1,128,131072,0.6918879985809326,0.7360320091247559,0.7267072200775146,0.0033725500106811523,503316480,64424509440
7,8,2,1,1024,131072,0.919916820526123,1.0003935813903808,0.9936047554016113,0.0033725500106811523,503316480,515396075520
7,8,2,1,8192,131072,2.693756866455078,2.949065589904785,2.9180864334106444,0.0033725500106811523,503316480,4123168604160
7,8,2,1,1,1048576,5.545673751831055,5.4896800994873045,5.489535903930664,0.0033725500106811523,4026531840,4026531840
7,8,2,1,128,1048576,5.416204833984375,5.465462493896484,5.471203231811524,0.0033725500106811523,4026531840,515396075520
7,8,2,1,1024,1048576,7.259712219238281,7.340620422363282,7.331033325195312,0.0033725500106811523,4026531840,4123168604160
7,8,2,1,8192,1048576,22.5478271484375,23.299923706054688,23.019206237792968,0.0033725500106811523,4026531840,32985348833280
7,4,4,1,1,32768,0.1016800045967102,0.47719998359680177,0.14208799600601196,0.0019434988498687744,125829120,125829120
7,4,4,1,128,32768,0.10230720043182373,0.3820159912109375,0.15166879892349244,0.0019434988498687744,125829120,16106127360
7,4,4,1,1024,32768,0.1356127977371216,0.3802623987197876,0.2368175983428955,0.0019434988498687744,125829120,128849018880
7,4,4,1,8192,32768,0.6863327980041504,1.079155158996582,1.047824001312256,0.0019434988498687744,125829120,1030792151040
7,4,4,1,1,131072,0.3573888063430786,0.40603199005126955,0.39585440158843993,0.0019434988498687744,503316480,503316480
7,4,4,1,128,131072,0.35860159397125246,0.4155327796936035,0.4067039966583252,0.0019434988498687744,503316480,64424509440
7,4,4,1,1024,131072,0.48202881813049314,0.5901631832122802,0.5836512088775635,0.0019434988498687744,503316480,515396075520
7,4,4,1,8192,131072,2.699091148376465,3.219305419921875,3.150820732116699,0.0019434988498687744,503316480,4123168604160
7,4,4,1,1,1048576,2.7483936309814454,2.8032127380371095,2.793574333190918,0.0019434988498687744,4026531840,4026531840
7,4,4,1,128,1048576,2.7582399368286135,2.816275215148926,2.8047103881835938,0.0019434988498687744,4026531840,515396075520
7,4,4,1,1024,1048576,3.728998565673828,3.840681457519531,3.819569778442383,0.0019434988498687744,4026531840,4123168604160
7,4,4,1,8192,1048576,22.544880676269532,25.21228790283203,24.3267578125,0.0019434988498687744,4026531840,32985348833280
7,2,8,1,1,32768,0.08325120210647582,0.4034751892089844,0.12284799814224243,0.0008339136838912964,125829120,125829120
7,2,8,1,128,32768,0.08733440041542054,0.41454081535339354,0.16155680418014526,0.0008339136838912964,125829120,16106127360
7,2,8,1,1024,32768,0.14585599899291993,0.44595842361450194,0.3436847925186157,0.0008339136838912964,125829120,128849018880
7,2,8,1,8192,32768,0.6520127773284912,1.384611225128174,1.3611087799072266,0.0008339136838912964,125829120,1030792151040
7,2,8,1,1,131072,0.19168959856033324,0.456115198135376,0.25267040729522705,0.0008339136838912964,503316480,503316480
7,2,8,1,128,131072,0.19188480377197265,0.4532639980316162,0.2921583890914917,0.0008339136838912964,503316480,64424509440
7,2,8,1,1024,131072,0.5073215961456299,0.7226719856262207,0.7084320068359375,0.0008339136838912964,503316480,515396075520
7,2,8,1,8192,131072,2.4844287872314452,3.613065719604492,3.3410465240478517,0.0008339136838912964,503316480,4123168604160
7,2,8,1,1,1048576,1.4134367942810058,1.569222354888916,1.4686351776123048,0.0008339136838912964,4026531840,4026531840
7,2,8,1,128,1048576,1.4105183601379394,1.5322400093078614,1.5111023902893066,0.0008339136838912964,4026531840,515396075520
7,2,8,1,1024,1048576,3.8148128509521486,4.071977615356445,4.070151901245117,0.0008339136838912964,4026531840,4123168604160
7,2,8,1,8192,1048576,21.96116485595703,24.762371826171876,24.58735046386719,0.0008339136838912964,4026531840,32985348833280
7,1,16,1,1,32768,0.08755199909210205,0.49503040313720703,0.15146559476852417,0.0008585304021835327,125829120,125829120
7,1,16,1,128,32768,0.08842880129814149,2.365279960632324,0.19693440198898315,0.0008585304021835327,125829120,16106127360
7,1,16,1,1024,32768,0.12322560548782349,0.5120063781738281,0.4527184009552002,0.0008585304021835327,125829120,128849018880
7,1,16,1,8192,32768,0.6952000141143799,2.092777633666992,2.06984806060791,0.0008585304021835327,125829120,1030792151040
7,1,16,1,1,131072,0.109334397315979,0.5331200122833252,0.21867198944091798,0.0008585304021835327,503316480,503316480
7,1,16,1,128,131072,0.11151039600372314,0.41158719062805177,0.26715199947357177,0.0008585304021835327,503316480,64424509440
7,1,16,1,1024,131072,0.39638400077819824,0.7479519844055176,0.733681583404541,0.0008585304021835327,503316480,515396075520
7,1,16,1,8192,131072,2.4178176879882813,4.183475112915039,3.8549358367919924,0.0008585304021835327,503316480,4123168604160
7,1,16,1,1,1048576,0.7458975791931153,0.8995424270629883,0.8666768074035645,0.0008585304021835327,4026531840,4026531840
7,1,16,1,128,1048576,0.747654390335083,0.9305791854858398,0.902952003479004,0.0008585304021835327,4026531840,515396075520
7,1,16,1,1024,1048576,2.916908836364746,3.556217575073242,3.4773487091064452,0.0008585304021835327,4026531840,4123168604160
7,1,16,1,8192,1048576,22.004246520996094,25.269129943847656,24.824931335449218,0.0008585304021835327,4026531840,32985348833280
7,4,1,4,1,32768,0.37715198993682864,0.36389760971069335,0.3513472080230713,0.0024666786193847656,503316480,503316480
7,4,1,4,128,32768,0.35879039764404297,0.3589440107345581,0.3513216018676758,0.0024666786193847656,503316480,64424509440
7,4,1,4,1024,32768,0.4833951950073242,0.4833024024963379,0.4796432018280029,0.0024666786193847656,503316480,515396075520
7,4,1,4,8192,32768,2.721295928955078,2.765670394897461,2.831443214416504,0.0024666786193847656,503316480,4123168604160
7,4,1,4,1,131072,1.428313636779785,1.3727999687194825,1.3797039985656738,0.0024666786193847656,2013265920,2013265920
7,4,1,4,128,131072,1.388691234588623,1.389692783355713,1.3808544158935547,0.0024666786193847656,2013265920,257698037760
7,4,1,4,1024,131072,1.8816287994384766,1.8681119918823241,1.8630256652832031,0.0024666786193847656,2013265920,2061584302080
7,4,1,4,8192,131072,11.415193939208985,11.353359985351563,11.874642944335937,0.0024666786193847656,2013265920,16492674416640
7,4,1,4,1,1048576,10.986345672607422,10.985027313232422,10.964640045166016,0.0024666786193847656,16106127360,16106127360
7,4,1,4,128,1048576,10.981088256835937,10.977526092529297,10.973165130615234,0.0024666786193847656,16106127360,2061584302080
7,4,1,4,1024,1048576,14.810086059570313,14.830572509765625,14.960316467285157,0.0024666786193847656,16106127360,16492674416640
7,4,1,4,8192,1048576,96.87660522460938,96.20139770507812,96.61260375976562,0.0024666786193847656,16106127360,131941395333120
7,8,1,2,1,32768,0.35633599758148193,0.35491840839385985,0.34849441051483154,0.0037479400634765625,251658240,251658240
7,8,1,2,128,32768,0.35565760135650637,0.356931209564209,0.3485599994659424,0.0037479400634765625,251658240,32212254720
7,8,1,2,1024,32768,0.4715104103088379,0.46935038566589354,0.46320319175720215,0.0037479400634765625,251658240,257698037760
7,8,1,2,8192,32768,1.3662367820739747,1.3715840339660645,1.3709919929504395,0.0037479400634765625,251658240,2061584302080
7,8,1,2,1,131072,1.454854393005371,1.377616024017334,1.3697711944580078,0.0037479400634765625,1006632960,1006632960
7,8,1,2,128,131072,1.376591968536377,1.3782048225402832,1.370305633544922,0.0037479400634765625,1006632960,128849018880
7,8,1,2,1024,131072,1.8277503967285156,1.828339195251465,1.8212928771972656,0.0037479400634765625,1006632960,1030792151040
7,8,1,2,8192,131072,5.472473526000977,5.476732635498047,5.510164642333985,0.0037479400634765625,1006632960,8246337208320
7,8,1,2,1,1048576,10.900339508056641,10.886870574951171,10.875417327880859,0.0037479400634765625,8053063680,8053063680
7,8,1,2,128,1048576,10.895228576660156,10.895942687988281,10.887088012695312,0.0037479400634765625,8053063680,1030792151040
7,8,1,2,1024,1048576,14.501628112792968,14.4774169921875,14.471368408203125,0.0037479400634765625,8053063680,8246337208320
7,8,1,2,8192,1048576,46.348532104492186,46.47403564453125,46.99851684570312,0.0037479400634765625,8053063680,65970697666560
7,4,2,2,1,32768,0.18674240112304688,0.3198623895645142,0.21583840847015381,0.002676725387573242,251658240,251658240
7,4,2,2,128,32768,0.18783040046691896,0.33178880214691164,0.22518880367279054,0.002676725387573242,251658240,32212254720
7,4,2,2,1024,32768,0.2510335922241211,0.3449408054351807,0.3330687999725342,0.002676725387573242,251658240,257698037760
7,4,2,2,8192,32768,1.3600447654724122,1.6966848373413086,1.6869520187377929,0.002676725387573242,251658240,2061584302080
7,4,2,2,1,131072,0.7225088119506836,0.7537888050079345,0.7253392219543457,0.002676725387573242,1006632960,1006632960
7,4,2,2,128,131072,0.701254415512085,0.7483712196350097,0.7387775897979736,0.002676725387573242,1006632960,128849018880
7,4,2,2,1024,131072,0.9456480026245118,1.040112018585205,1.027076816558838,0.002676725387573242,1006632960,1030792151040
7,4,2,2,8192,131072,5.603596878051758,5.998566436767578,5.94379997253418,0.002676725387573242,1006632960,8246337208320
7,4,2,2,1,1048576,5.500892639160156,5.535651016235351,5.527427291870117,0.002676725387573242,8053063680,8053063680
7,4,2,2,128,1048576,5.503398513793945,5.548799896240235,5.534868621826172,0.002676725387573242,8053063680,1030792151040
7,4,2,2,1024,1048576,7.424140930175781,7.5378883361816404,7.526744079589844,0.002676725387573242,8053063680,8246337208320
7,4,2,2,8192,1048576,49.04969482421875,47.144097900390626,48.095950317382815,0.002676725387573242,8053063680,65970697666560
7,2,4,2,1,32768,0.10234880447387695,0.3314784049987793,0.1447535991668701,0.0014279484748840332,251658240,251658240
7,2,4,2,128,32768,0.1053536057472229,0.33127679824829104,0.16674400568008424,0.0014279484748840332,251658240,32212254720
7,2,4,2,1024,32768,0.2655679941177368,0.43036479949951173,0.4198671817779541,0.0014279484748840332,251658240,257698037760
7,2,4,2,8192,32768,1.2353919982910155,1.9587295532226563,1.9581567764282226,0.0014279484748840332,251658240,2061584302080
7,2,4,2,1,131072,0.3643296003341675,0.4192319869995117,0.4073952198028564,0.0014279484748840332,1006632960,1006632960
7,2,4,2,128,131072,0.36631040573120116,0.4336128234863281,0.42470078468322753,0.0014279484748840332,1006632960,128849018880
7,2,4,2,1024,131072,0.9775456428527832,1.1468607902526855,1.1380271911621094,0.0014279484748840332,1006632960,1030792151040
7,2,4,2,8192,131072,5.190233612060547,6.0927070617675785,6.07752799987793,0.0014279484748840332,1006632960,8246337208320
7,2,4,2,1,1048576,2.8933855056762696,2.8515039443969727,2.8453903198242188,0.0014279484748840332,8053063680,8053063680
7,2,4,2,128,1048576,2.8060543060302736,2.8759552001953126,2.8658624649047852,0.0014279484748840332,8053063680,1030792151040
7,2,4,2,1024,1048576,7.612496185302734,7.887427520751953,7.978040313720703,0.0014279484748840332,8053063680,8246337208320
7,2,4,2,8192,1048576,45.983209228515626,46.449868774414064,47.388482666015626,0.0014279484748840332,8053063680,65970697666560
8,16,1,1,1,32768,0.348035192489624,0.3469023942947388,0.3386703968048096,0.0021317601203918457,125829120,125829120
8,16,1,1,128,32768,0.3468192100524902,0.34644160270690916,0.3399168014526367,0.0021317601203918457,125829120,16106127360
8,16,1,1,1024,32768,0.468233585357666,0.466096019744873,0.45827522277832033,0.0021317601203918457,125829120,128849018880
8,16,1,1,8192,32768,0.9172287940979004,0.9250207901000976,0.9057968139648438,0.0021317601203918457,125829120,1030792151040
8,16,1,1,1,131072,1.3556063652038575,1.355571174621582,1.3473520278930664,0.0021317601203918457,503316480,503316480
8,16,1,1,128,131072,1.3559904098510742,1.3560128211975098,1.348158359527588,0.0021317601203918457,503316480,64424509440
8,16,1,1,1024,131072,1.8099584579467773,1.8091232299804687,1.802182388305664,0.0021317601203918457,503316480,515396075520
8,16,1,1,8192,131072,3.54571533203125,3.531478500366211,3.5445087432861326,0.0021317601203918457,503316480,4123168604160
8,16,1,1,1,1048576,10.723769378662109,10.772246551513671,10.715299224853515,0.0021317601203918457,4026531840,4026531840
8,16,1,1,128,1048576,10.723439788818359,10.72580795288086,10.716001892089844,0.0021317601203918457,4026531840,515396075520
8,16,1,1,1024,1048576,14.360409545898438,14.358262634277343,14.34784393310547,0.0021317601203918457,4026531840,4123168604160
8,16,1,1,8192,1048576,28.268154907226563,28.314407348632812,28.359429931640626,0.0021317601203918457,4026531840,32985348833280
8,8,2,1,1,32768,0.18541760444641114,0.48822717666625975,0.21311039924621583,0.0019307434558868408,125829120,125829120
8,8,2,1,128,32768,0.18397120237350464,0.42362561225891116,0.2195280075073242,0.0019307434558868408,125829120,16106127360
8,8,2,1,1024,32768,0.2439807891845703,0.4179840087890625,0.3153791904449463,0.0019307434558868408,125829120,128849018880
8,8,2,1,8192,32768,0.7116831779479981,0.9064672470092774,0.8743280410766602,0.0019307434558868408,125829120,1030792151040
8,8,2,1,1,131072,0.6936768054962158,0.733622407913208,0.7194255828857422,0.0019307434558868408,503316480,503316480
8,8,2,1,128,131072,0.694601583480835,0.7360511779785156,0.7273295879364013,0.0019307434558868408,503316480,64424509440
8,8,2,1,1024,131072,0.9185888290405273,1.001187229156494,0.9901344299316406,0.0019307434558868408,503316480,515396075520
8,8,2,1,8192,131072,2.7192895889282225,2.977343940734863,2.944152069091797,0.0019307434558868408,503316480,4123168604160
8,8,2,1,1,1048576,5.414495849609375,5.452998352050781,5.4520305633544925,0.0019307434558868408,4026531840,4026531840
8,8,2,1,128,1048576,5.4163360595703125,5.466499328613281,5.454404830932617,0.0019307434558868408,4026531840,515396075520
8,8,2,1,1024,1048576,7.221353912353516,7.308470153808594,7.298609924316406,0.0019307434558868408,4026531840,4123168604160
8,8,2,1,8192,1048576,22.60608367919922,23.697053527832033,23.37972412109375,0.0019307434558868408,4026531840,32985348833280
8,4,4,1,1,32768,0.10465279817581177,0.48450241088867185,0.1417407989501953,0.0013146698474884033,125829120,125829120
8,4,4,1,128,32768,0.10582400560379028,0.4011712074279785,0.1517840027809143,0.0013146698474884033,125829120,16106127360
8,4,4,1,1024,32768,0.13915519714355468,0.43943037986755373,0.23665280342102052,0.0013146698474884033,125829120,128849018880
8,4,4,1,8192,32768,0.7148896217346191,1.0826399803161622,1.0610719680786134,0.0013146698474884033,125829120,1030792151040
8,4,4,1,1,131072,0.3584320068359375,0.41835842132568357,0.39466879367828367,0.0013146698474884033,503316480,503316480
8,4,4,1,128,131072,0.359443211555481,0.4411488056182861,0.406825590133667,0.0013146698474884033,503316480,64424509440
8,4,4,1,1024,131072,0.48317441940307615,0.5903744220733642,0.5807712078094482,0.0013146698474884033,503316480,515396075520
8,4,4,1,8192,131072,2.762249565124512,3.319308853149414,3.254102325439453,0.0013146698474884033,503316480,4123168604160
8,4,4,1,1,1048576,2.7448511123657227,2.791024017333984,2.7787599563598633,0.0013146698474884033,4026531840,4026531840
8,4,4,1,128,1048576,2.7411167144775392,2.8031904220581056,2.789300727844238,0.0013146698474884033,4026531840,515396075520
8,4,4,1,1024,1048576,3.709187316894531,3.8846431732177735,3.8328399658203125,0.0013146698474884033,4026531840,4123168604160
8,4,4,1,8192,1048576,23.420693969726564,25.960772705078124,24.897201538085938,0.0013146698474884033,4026531840,32985348833280
8,2,8,1,1,32768,0.09720320105552674,0.4064511775970459,0.12434079647064208,0.0014489591121673584,125829120,125829120
8,2,8,1,128,32768,0.07742080092430115,0.4114719867706299,0.16236000061035155,0.0014489591121673584,125829120,16106127360
8,2,8,1,1024,32768,0.14830080270767212,0.47709121704101565,0.3423072099685669,0.0014489591121673584,125829120,128849018880
8,2,8,1,8192,32768,0.6589632034301758,1.3827008247375487,1.364401626586914,0.0014489591121673584,125829120,1030792151040
8,2,8,1,1,131072,0.1916319966316223,0.5560768127441407,0.2541856050491333,0.0014489591121673584,503316480,503316480
8,2,8,1,128,131072,0.1925376057624817,0.39811201095581056,0.2925712108612061,0.0014489591121673584,503316480,64424509440
8,2,8,1,1024,131072,0.5075583934783936,0.7218400001525879,0.7069712162017823,0.0014489591121673584,503316480,515396075520
8,2,8,1,8192,131072,2.5818880081176756,3.6847713470458983,3.4081470489501955,0.0014489591121673584,503316480,4123168604160
8,2,8,1,1,1048576,1.4034879684448243,1.5461983680725098,1.4685999870300293,0.0014489591121673584,4026531840,4026531840
8,2,8,1,128,1048576,1.405027198791504,1.5190752029418946,1.5092080116271973,0.0014489591121673584,4026531840,515396075520
8,2,8,1,1024,1048576,3.877881622314453,4.094268798828125,4.067769622802734,0.0014489591121673584,4026531840,4123168604160
8,2,8,1,8192,1048576,22.281593322753906,25.270066833496095,24.541944885253905,0.0014489591121673584,4026531840,32985348833280
8,1,16,1,1,32768,0.09081599712371827,0.49472317695617674,0.15088160037994386,0.0008585304021835327,125829120,125829120
8,1,16,1,128,32768,0.08544639945030212,2.3651615142822267,0.1963312029838562,0.0008585304021835327,125829120,16106127360
8,1,16,1,1024,32768,0.12305279970169067,0.5104032039642334,0.45223522186279297,0.0008585304021835327,125829120,128849018880
8,1,16,1,8192,32768,0.7004767894744873,2.092572784423828,2.069112014770508,0.0008585304021835327,125829120,1030792151040
8,1,16,1,1,131072,0.11008000373840332,0.5329152107238769,0.2181567907333374,0.0008585304021835327,503316480,503316480
8,1,16,1,128,131072,0.11117759943008423,0.4113152027130127,0.26693120002746584,0.0008585304021835327,503316480,64424509440
8,1,16,1,1024,131072,0.48919677734375,0.74617600440979,0.7331136226654053,0.0008585304021835327,503316480,515396075520
8,1,16,1,8192,131072,2.5171104431152345,4.183497619628906,3.854115295410156,0.0008585304021835327,503316480,4123168604160
8,1,16,1,1,1048576,0.7649216175079345,0.8981247901916504,0.8660096168518067,0.0008585304021835327,4026531840,4026531840
8,1,16,1,128,1048576,0.7442304134368897,0.9301983833312988,0.9027279853820801,0.0008585304021835327,4026531840,515396075520
8,1,16,1,1024,1048576,2.987843132019043,3.5547134399414064,3.476124954223633,0.0008585304021835327,4026531840,4123168604160
8,1,16,1,8192,1048576,21.918368530273437,25.268086242675782,24.823890686035156,0.0008585304021835327,4026531840,32985348833280
8,4,1,4,1,32768,0.43357119560241697,0.41792960166931153,0.34848320484161377,0.0020828843116760254,503316480,503316480
8,4,1,4,128,32768,0.35855679512023925,0.3700639963150024,0.34959681034088136,0.0020828843116760254,503316480,64424509440
8,4,1,4,1024,32768,0.48414077758789065,0.4837791919708252,0.473803186416626,0.0020828843116760254,503316480,515396075520
8,4,1,4,8192,32768,2.785686492919922,2.9289663314819334,2.8986623764038084,0.0020828843116760254,503316480,4123168604160
8,4,1,4,1,131072,1.387667179107666,1.3804191589355468,1.3697104454040527,0.0020828843116760254,2013265920,2013265920
8,4,1,4,128,131072,1.3816096305847168,1.3802080154418945,1.3698464393615724,0.0020828843116760254,2013265920,257698037760
8,4,1,4,1024,131072,1.8761823654174805,1.8751136779785156,1.8533439636230469,0.0020828843116760254,2013265920,2061584302080
8,4,1,4,8192,131072,11.511113739013672,11.672566223144532,11.980950164794923,0.0020828843116760254,2013265920,16492674416640
8,4,1,4,1,1048576,10.900518035888672,10.901663970947265,10.890377807617188,0.0020828843116760254,16106127360,16106127360
8,4,1,4,128,1048576,10.904621124267578,10.905359649658203,10.89661102294922,0.0020828843116760254,16106127360,2061584302080
8,4,1,4,1024,1048576,14.862069702148437,14.942314147949219,15.156619262695312,0.0020828843116760254,16106127360,16492674416640
8,4,1,4,8192,1048576,96.44349975585938,96.50562133789063,97.72786865234374,0.0020828843116760254,16106127360,131941395333120
8,8,1,2,1,32768,0.3586400032043457,0.35527360439300537,0.3461935997009277,0.0022320151329040527,251658240,251658240
8,8,1,2,128,32768,0.355679988861084,0.35532479286193847,0.34662880897521975,0.0022320151329040527,251658240,32212254720
8,8,1,2,1024,32768,0.4697023868560791,0.4717855930328369,0.46078081130981446,0.0022320151329040527,251658240,257698037760
8,8,1,2,8192,32768,1.3741151809692382,1.3868672370910644,1.3747183799743652,0.0022320151329040527,251658240,2061584302080
8,8,1,2,1,131072,1.400489616394043,1.3682144165039063,1.3573472023010253,0.0022320151329040527,1006632960,1006632960
8,8,1,2,128,131072,1.3694815635681152,1.3696703910827637,1.358670425415039,0.0022320151329040527,1006632960,128849018880
8,8,1,2,1024,131072,1.8418239593505858,1.8222047805786132,1.8099056243896485,0.0022320151329040527,1006632960,1030792151040
8,8,1,2,8192,131072,5.519100952148437,5.742515182495117,5.67425765991211,0.0022320151329040527,1006632960,8246337208320
8,8,1,2,1,1048576,10.808195495605469,10.808918762207032,10.794326019287109,0.0022320151329040527,8053063680,8053063680
8,8,1,2,128,1048576,10.811459350585938,10.808271789550782,10.800215911865234,0.0022320151329040527,8053063680,1030792151040
8,8,1,2,1024,1048576,14.425450134277344,14.418978881835937,14.411740112304688,0.0022320151329040527,8053063680,8246337208320
8,8,1,2,8192,1048576,46.06039123535156,46.2527099609375,47.243527221679685,0.0022320151329040527,8053063680,65970697666560
8,4,2,2,1,32768,0.18920639753341675,0.416323184967041,0.21572959423065186,0.002655029296875,251658240,251658240
8,4,2,2,128,32768,0.18962880373001098,0.4135551929473877,0.22462399005889894,0.002655029296875,251658240,32212254720
8,4,2,2,1024,32768,0.25300159454345705,0.42789440155029296,0.3307120084762573,0.002655029296875,251658240,257698037760
8,4,2,2,8192,32768,1.3907199859619142,1.7098016738891602,1.7068384170532227,0.002655029296875,251658240,2061584302080
8,4,2,2,1,131072,0.7032256126403809,0.7395328044891357,0.7375807762145996,0.002655029296875,1006632960,1006632960
8,4,2,2,128,131072,0.7010719776153564,0.7482399940490723,0.7356815814971924,0.002655029296875,1006632960,128849018880
8,4,2,2,1024,131072,0.9416607856750489,1.0416128158569335,1.0281056404113769,0.002655029296875,1006632960,1030792151040
8,4,2,2,8192,131072,5.744963073730469,6.188220977783203,6.099177551269531,0.002655029296875,1006632960,8246337208320
8,4,2,2,1,1048576,5.4571582794189455,5.507846450805664,5.491507339477539,0.002655029296875,8053063680,8053063680
8,4,2,2,128,1048576,5.460115051269531,5.515577697753907,5.501027297973633,0.002655029296875,8053063680,1030792151040
8,4,2,2,1024,1048576,7.465542602539062,7.605328369140625,7.603600311279297,0.002655029296875,8053063680,8246337208320
8,4,2,2,8192,1048576,49.290924072265625,48.83061828613281,48.70353393554687,0.002655029296875,8053063680,65970697666560
8,2,4,2,1,32768,0.10290240049362183,0.48427519798278806,0.1452128052711487,0.0015749633312225342,251658240,251658240
8,2,4,2,128,32768,0.10321279764175414,0.46199679374694824,0.1670367956161499,0.0015749633312225342,251658240,32212254720
8,2,4,2,1024,32768,0.2658976078033447,0.48236799240112305,0.420849609375,0.0015749633312225342,251658240,257698037760
8,2,4,2,8192,32768,1.2687071800231933,1.9660736083984376,1.9598512649536133,0.0015749633312225342,251658240,2061584302080
8,2,4,2,1,131072,0.36713600158691406,0.44724159240722655,0.40918879508972167,0.0015749633312225342,1006632960,1006632960
8,2,4,2,128,131072,0.3635744094848633,0.4572735786437988,0.42495040893554686,0.0015749633312225342,1006632960,128849018880
8,2,4,2,1024,131072,0.9891327857971192,1.1577568054199219,1.144647979736328,0.0015749633312225342,1006632960,1030792151040
8,2,4,2,8192,131072,5.405843353271484,6.7342781066894535,6.2500560760498045,0.0015749633312225342,1006632960,8246337208320
8,2,4,2,1,1048576,2.7867008209228517,2.895187187194824,2.838772773742676,0.0015749633312225342,8053063680,8053063680
8,2,4,2,128,1048576,2.791289520263672,2.884012794494629,2.8572256088256838,0.0015749633312225342,8053063680,1030792151040
8,2,4,2,1024,1048576,7.777983856201172,8.007619476318359,8.086923217773437,0.0015749633312225342,8053063680,8246337208320
8,2,4,2,8192,1048576,45.609701538085936,50.303643798828126,52.06111450195313,0.0015749633312225342,8053063680,65970697666560
9,16,1,1,1,32768,0.3490335941314697,0.3466880083084106,0.33836319446563723,0.001986205577850342,125829120,125829120
9,16,1,1,128,32768,0.3469311952590942,0.3463295936584473,0.3383791923522949,0.001986205577850342,125829120,16106127360
9,16,1,1,1024,32768,0.4667232036590576,0.4661344051361084,0.4585279941558838,0.001986205577850342,125829120,128849018880
9,16,1,1,8192,32768,0.9204895973205567,0.9145343780517579,0.8931551933288574,0.001986205577850342,125829120,1030792151040
9,16,1,1,1,131072,1.3573887825012207,1.3578656196594239,1.3470303535461425,0.001986205577850342,503316480,503316480
9,16,1,1,128,131072,1.354758358001709,1.3544416427612305,1.3475248336791992,0.001986205577850342,503316480,64424509440
9,16,1,1,1024,131072,1.812326431274414,1.8092096328735352,1.8023311614990234,0.001986205577850342,503316480,515396075520
9,16,1,1,8192,131072,3.567055892944336,3.5578495025634767,3.5375297546386717,0.001986205577850342,503316480,4123168604160
9,16,1,1,1,1048576,10.727964782714844,10.721641540527344,10.714126586914062,0.001986205577850342,4026531840,4026531840
9,16,1,1,128,1048576,10.722249603271484,10.724636840820313,10.714276885986328,0.001986205577850342,4026531840,515396075520
9,16,1,1,1024,1048576,14.393724060058593,14.391798400878907,14.383245849609375,0.001986205577850342,4026531840,4123168604160
9,16,1,1,8192,1048576,28.438150024414064,28.317611694335938,28.288455200195312,0.001986205577850342,4026531840,32985348833280
9,8,2,1,1,32768,0.18519359827041626,0.4954400062561035,0.2131887912750244,0.0019307434558868408,125829120,125829120
9,8,2,1,128,32768,0.18500479459762573,0.4276383876800537,0.22064800262451173,0.0019307434558868408,125829120,16106127360
9,8,2,1,1024,32768,0.24350719451904296,0.448470401763916,0.3163455963134766,0.0019307434558868408,125829120,128849018880
9,8,2,1,8192,32768,0.708892822265625,0.9069696426391601,0.8748687744140625,0.0019307434558868408,125829120,1030792151040
9,8,2,1,1,131072,0.6908671855926514,0.734768009185791,0.7200863838195801,0.0019307434558868408,503316480,503316480
9,8,2,1,128,131072,0.6979135990142822,0.7362815856933593,0.7278863906860351,0.0019307434558868408,503316480,64424509440
9,8,2,1,1024,131072,0.9190336227416992,1.002291202545166,0.9906911849975586,0.0019307434558868408,503316480,515396075520
9,8,2,1,8192,131072,2.704560089111328,2.9777503967285157,2.944166374206543,0.0019307434558868408,503316480,4123168604160
9,8,2,1,1,1048576,5.46533432006836,5.453948974609375,5.452787017822265,0.0019307434558868408,4026531840,4026531840
9,8,2,1,128,1048576,5.425171279907227,5.467776107788086,5.45494384765625,0.0019307434558868408,4026531840,515396075520
9,8,2,1,1024,1048576,7.2267295837402346,7.309343719482422,7.2997489929199215,0.0019307434558868408,4026531840,4123168604160
9,8,2,1,8192,1048576,23.21491241455078,23.69977569580078,23.38048858642578,0.0019307434558868408,4026531840,32985348833280
9,4,4,1,1,32768,0.102019202709198,0.49901437759399414,0.14207359552383422,0.0013146698474884033,125829120,125829120
9,4,4,1,128,32768,0.10084160566329955,0.40112957954406736,0.15253920555114747,0.0013146698474884033,125829120,16106127360
9,4,4,1,1024,32768,0.13543360233306884,0.4413760185241699,0.237174391746521,0.0013146698474884033,125829120,128849018880
9,4,4,1,8192,32768,0.7002048015594482,1.0842528343200684,1.0616864204406737,0.0013146698474884033,125829120,1030792151040
9,4,4,1,1,131072,0.35650560855865476,0.41836161613464357,0.395032000541687,0.0013146698474884033,503316480,503316480
9,4,4,1,128,131072,0.35762240886688235,0.4415679931640625,0.4072671890258789,0.0013146698474884033,503316480,64424509440
9,4,4,1,1024,131072,0.48128957748413087,0.5914144039154052,0.5854032039642334,0.0013146698474884033,503316480,515396075520
9,4,4,1,8192,131072,2.800467109680176,3.3217918395996096,3.254283142089844,0.0013146698474884033,503316480,4123168604160
9,4,4,1,1,1048576,2.738137626647949,2.7915071487426757,2.7791135787963865,0.0013146698474884033,4026531840,4026531840
9,4,4,1,128,1048576,2.740217590332031,2.803878402709961,2.7897104263305663,0.0013146698474884033,4026531840,515396075520
9,4,4,1,1024,1048576,3.7244544982910157,3.8848670959472655,3.833332824707031,0.0013146698474884033,4026531840,4123168604160
9,4,4,1,8192,1048576,23.2008056640625,25.963201904296874,24.897262573242188,0.0013146698474884033,4026531840,32985348833280
9,2,8,1,1,32768,0.07855679988861083,0.40728321075439455,0.12450239658355713,0.0014489591121673584,125829120,125829120
9,2,8,1,128,32768,0.07843199968338013,0.4107647895812988,0.16266560554504395,0.0014489591121673584,125829120,16106127360
9,2,8,1,1024,32768,0.14317439794540404,0.4755743980407715,0.34298560619354246,0.0014489591121673584,125829120,128849018880
9,2,8,1,8192,32768,0.6555071830749511,1.3834303855895995,1.3648768424987794,0.0014489591121673584,125829120,1030792151040
9,2,8,1,1,131072,0.19034240245819092,0.5653632164001465,0.25478079319000246,0.0014489591121673584,503316480,503316480
9,2,8,1,128,131072,0.1904736042022705,0.39818880558013914,0.2930448055267334,0.0014489591121673584,503316480,64424509440
9,2,8,1,1024,131072,0.5045216083526611,0.7223840236663819,0.7074831962585449,0.0014489591121673584,503316480,515396075520
9,2,8,1,8192,131072,2.572534370422363,3.6860191345214846,3.408550262451172,0.0014489591121673584,503316480,4123168604160
9,2,8,1,1,1048576,1.471673583984375,1.5482239723205566,1.4693023681640625,0.0014489591121673584,4026531840,4026531840
9,2,8,1,128,1048576,1.4022720336914063,1.521123218536377,1.5099087715148927,0.0014489591121673584,4026531840,515396075520
9,2,8,1,1024,1048576,3.854073715209961,4.094847869873047,4.068086242675781,0.0014489591121673584,4026531840,4123168604160
9,2,8,1,8192,1048576,22.566700744628907,25.270008850097657,24.54175567626953,0.0014489591121673584,4026531840,32985348833280
9,1,16,1,1,32768,0.07832639813423156,0.4941215991973877,0.15147520303726197,0.0008585304021835327,125829120,125829120
9,1,16,1,128,32768,0.07221760153770447,2.3652927398681642,0.19665119647979737,0.0008585304021835327,125829120,16106127360
9,1,16,1,1024,32768,0.12094080448150635,0.5116864204406738,0.45273280143737793,0.0008585304021835327,125829120,128849018880
9,1,16,1,8192,32768,0.7007808208465576,2.0917247772216796,2.0697248458862303,0.0008585304021835327,125829120,1030792151040
9,1,16,1,1,131072,0.1076159954071045,0.5333888053894043,0.218558406829834,0.0008585304021835327,503316480,503316480
9,1,16,1,128,131072,0.10949120521545411,0.41131839752197263,0.2673680067062378,0.0008585304021835327,503316480,64424509440
9,1,16,1,1024,131072,0.3936255931854248,0.7481599807739258,0.7338016033172607,0.0008585304021835327,503316480,515396075520
9,1,16,1,8192,131072,2.4696767807006834,4.1843616485595705,3.854897689819336,0.0008585304021835327,503316480,4123168604160
9,1,16,1,1,1048576,0.7798336029052735,0.8998559951782227,0.8667519569396973,0.0008585304021835327,4026531840,4026531840
9,1,16,1,128,1048576,0.7426784038543701,0.9308095932006836,0.9030223846435547,0.0008585304021835327,4026531840,515396075520
9,1,16,1,1024,1048576,2.97891845703125,3.5560256958007814,3.4768447875976562,0.0008585304021835327,4026531840,4123168604160
9,1,16,1,8192,1048576,22.788674926757814,25.267366027832033,24.825323486328124,0.0008585304021835327,4026531840,32985348833280
9,4,1,4,1,32768,0.3645888090133667,0.3560703992843628,0.34842240810394287,0.0026946067810058594,503316480,503316480
9,4,1,4,128,32768,0.3562720060348511,0.35622079372406007,0.34984641075134276,0.0026946067810058594,503316480,64424509440
9,4,1,4,1024,32768,0.481657600402832,0.48088321685791013,0.4738431930541992,0.0026946067810058594,503316480,515396075520
9,4,1,4,8192,32768,2.7937536239624023,2.9147552490234374,2.9347455978393553,0.0026946067810058594,503316480,4123168604160
9,4,1,4,1,131072,1.5176287651062013,1.401910400390625,1.3710432052612305,0.0026946067810058594,2013265920,2013265920
9,4,1,4,128,131072,1.3783455848693849,1.3777952194213867,1.3708959579467774,0.0026946067810058594,2013265920,257698037760
9,4,1,4,1024,131072,1.8632799148559571,1.874025535583496,1.8598623275756836,0.0026946067810058594,2013265920,2061584302080
9,4,1,4,8192,131072,11.64916763305664,11.736937713623046,12.456139373779298,0.0026946067810058594,2013265920,16492674416640
9,4,1,4,1,1048576,10.910307312011719,10.912262725830079,10.902262115478516,0.0026946067810058594,16106127360,16106127360
9,4,1,4,128,1048576,10.91207046508789,10.913187408447266,10.905623626708984,0.0026946067810058594,16106127360,2061584302080
9,4,1,4,1024,1048576,14.931683349609376,14.979705810546875,15.298677062988281,0.0026946067810058594,16106127360,16492674416640
9,4,1,4,8192,1048576,99.15682983398438,99.4810546875,100.1345703125,0.0026946067810058594,16106127360,131941395333120
9,8,1,2,1,32768,0.3539743900299072,0.35412158966064455,0.3463759899139404,0.0021501779556274414,251658240,251658240
9,8,1,2,128,32768,0.3541856050491333,0.3537343978881836,0.3469167947769165,0.0021501779556274414,251658240,32212254720
9,8,1,2,1024,32768,0.46828479766845704,0.4693888187408447,0.46163039207458495,0.0021501779556274414,251658240,257698037760
9,8,1,2,8192,32768,1.3738847732543946,1.3721023559570313,1.4068767547607421,0.0021501779556274414,251658240,2061584302080
9,8,1,2,1,131072,1.5038463592529296,1.4183232307434082,1.35830717086792,0.0021501779556274414,1006632960,1006632960
9,8,1,2,128,131072,1.3670111656188966,1.3658592224121093,1.3592896461486816,0.0021501779556274414,1006632960,128849018880
9,8,1,2,1024,131072,1.8222047805786132,1.8199808120727539,1.8130880355834962,0.0021501779556274414,1006632960,1030792151040
9,8,1,2,8192,131072,5.569027328491211,5.828707122802735,5.737254333496094,0.0021501779556274414,1006632960,8246337208320
9,8,1,2,1,1048576,10.817311859130859,10.81661148071289,10.80872802734375,0.0021501779556274414,8053063680,8053063680
9,8,1,2,128,1048576,10.81753921508789,10.817203521728516,10.808390045166016,0.0021501779556274414,8053063680,1030792151040
9,8,1,2,1024,1048576,14.441226196289062,14.445242309570313,14.436320495605468,0.0021501779556274414,8053063680,8246337208320
9,8,1,2,8192,1048576,46.462118530273436,46.00213623046875,47.879669189453125,0.0021501779556274414,8053063680,65970697666560
9,4,2,2,1,32768,0.1863103985786438,0.41721601486206056,0.21604640483856202,0.002655029296875,251658240,251658240
9,4,2,2,128,32768,0.1860479950904846,0.413478422164917,0.2262864112854004,0.002655029296875,251658240,32212254720
9,4,2,2,1024,32768,0.24976320266723634,0.43078079223632815,0.33098878860473635,0.002655029296875,251658240,257698037760
9,4,2,2,8192,32768,1.3879072189331054,1.7129056930541993,1.707200050354004,0.002655029296875,251658240,2061584302080
9,4,2,2,1,131072,0.6972959995269775,0.7406400203704834,0.737886381149292,0.002655029296875,1006632960,1006632960
9,4,2,2,128,131072,0.697542381286621,0.7498464107513427,0.7359807968139649,0.002655029296875,1006632960,128849018880
9,4,2,2,1024,131072,0.9425567626953125,1.0447039604187012,1.0282815933227538,0.002655029296875,1006632960,1030792151040
9,4,2,2,8192,131072,5.707689666748047,6.190163040161133,6.100873565673828,0.002655029296875,1006632960,8246337208320
9,4,2,2,1,1048576,5.464713668823242,5.510204696655274,5.491742324829102,0.002655029296875,8053063680,8053063680
9,4,2,2,128,1048576,5.464339065551758,5.517900848388672,5.502364730834961,0.002655029296875,8053063680,1030792151040
9,4,2,2,1024,1048576,7.448076629638672,7.607475280761719,7.604897308349609,0.002655029296875,8053063680,8246337208320
9,4,2,2,8192,1048576,49.5302490234375,48.83692626953125,48.71147155761719,0.002655029296875,8053063680,65970697666560
9,2,4,2,1,32768,0.10286719799041748,0.4979135990142822,0.14536160230636597,0.0015749633312225342,251658240,251658240
9,2,4,2,128,32768,0.10344959497451782,0.4696000099182129,0.16744159460067748,0.0015749633312225342,251658240,32212254720
9,2,4,2,1024,32768,0.26238079071044923,0.4834752082824707,0.4211264133453369,0.0015749633312225342,251658240,257698037760
9,2,4,2,8192,32768,1.2660127639770509,1.9705663681030274,1.95928955078125,0.0015749633312225342,251658240,2061584302080
9,2,4,2,1,131072,0.3633984088897705,0.4512928009033203,0.4097887992858887,0.0015749633312225342,1006632960,1006632960
9,2,4,2,128,131072,0.36262080669403074,0.45952959060668946,0.4251488208770752,0.0015749633312225342,1006632960,128849018880
9,2,4,2,1024,131072,0.9811360359191894,1.159171199798584,1.1457103729248046,0.0015749633312225342,1006632960,1030792151040
9,2,4,2,8192,131072,5.359606552124023,6.738665771484375,6.248185729980468,0.0015749633312225342,1006632960,8246337208320
9,2,4,2,1,1048576,2.943961524963379,2.898524856567383,2.8391199111938477,0.0015749633312225342,8053063680,8053063680
9,2,4,2,128,1048576,2.790470314025879,2.8879199981689454,2.857592010498047,0.0015749633312225342,8053063680,1030792151040
9,2,4,2,1024,1048576,7.762239837646485,8.007698822021485,8.087051391601562,0.0015749633312225342,8053063680,8246337208320
9,2,4,2,8192,1048576,46.58182067871094,50.298126220703125,52.0603271484375,0.0015749633312225342,8053063680,65970697666560
10,16,1,1,1,32768,0.3472223997116089,0.34640638828277587,0.3382848024368286,0.0021538734436035156,125829120,125829120
10,16,1,1,128,32768,0.3460383892059326,0.3462080001831055,0.33846559524536135,0.0021538734436035156,125829120,16106127360
10,16,1,1,1024,32768,0.46558079719543455,0.4644768238067627,0.45733280181884767,0.0021538734436035156,125829120,128849018880
10,16,1,1,8192,32768,0.9171775817871094,0.9175488471984863,0.8939616203308105,0.0021538734436035156,125829120,1030792151040
10,16,1,1,1,131072,1.3650400161743164,1.3567551612854003,1.3466095924377441,0.0021538734436035156,503316480,503316480
10,16,1,1,128,131072,1.3540863990783691,1.3547103881835938,1.3465087890625,0.0021538734436035156,503316480,64424509440
10,16,1,1,1024,131072,1.8049184799194335,1.8039520263671875,1.7976303100585938,0.0021538734436035156,503316480,515396075520
10,16,1,1,8192,131072,3.559961700439453,3.6143680572509767,3.571188735961914,0.0021538734436035156,503316480,4123168604160
10,16,1,1,1,1048576,10.746259307861328,10.720623779296876,10.712801361083985,0.0021538734436035156,4026531840,4026531840
10,16,1,1,128,1048576,10.723670196533202,10.72363510131836,10.713703918457032,0.0021538734436035156,4026531840,515396075520
10,16,1,1,1024,1048576,14.318211364746094,14.31096954345703,14.311515808105469,0.0021538734436035156,4026531840,4123168604160
10,16,1,1,8192,1048576,28.56214294433594,35.24398498535156,32.88460083007813,0.0021538734436035156,4026531840,32985348833280
10,8,2,1,1,32768,0.184934401512146,0.32905919551849366,0.21119840145111085,0.0036438703536987305,125829120,125829120
10,8,2,1,128,32768,0.18377280235290527,0.36637439727783205,0.21651198863983154,0.0036438703536987305,125829120,16106127360
10,8,2,1,1024,32768,0.24261438846588135,0.34581120014190675,0.31531519889831544,0.0036438703536987305,125829120,128849018880
10,8,2,1,8192,32768,0.7116928100585938,0.9029024124145508,0.8856080055236817,0.0036438703536987305,125829120,1030792151040
10,8,2,1,1,131072,0.6888512134552002,0.7261856079101563,0.7177760124206543,0.0036438703536987305,503316480,503316480
10,8,2,1,128,131072,0.6898047924041748,0.7310048103332519,0.7233823776245117,0.0036438703536987305,503316480,64424509440
10,8,2,1,1024,131072,0.9164159774780274,0.9987775802612304,0.9896944046020508,0.0036438703536987305,503316480,515396075520
10,8,2,1,8192,131072,2.7758272171020506,3.121295928955078,2.9939247131347657,0.0036438703536987305,503316480,4123168604160
10,8,2,1,1,1048576,5.928227233886719,5.442502212524414,5.431235122680664,0.0036438703536987305,4026531840,4026531840
10,8,2,1,128,1048576,5.400128173828125,5.449398422241211,5.439737701416016,0.0036438703536987305,4026531840,515396075520
10,8,2,1,1024,1048576,7.203596496582032,7.297724914550781,7.290779113769531,0.0036438703536987305,4026531840,4123168604160
10,8,2,1,8192,1048576,23.881007385253906,24.556700134277342,26.990878295898437,0.0036438703536987305,4026531840,32985348833280
10,4,4,1,1,32768,0.10207359790802002,0.49898881912231446,0.14215359687805176,0.0013146698474884033,125829120,125829120
10,4,4,1,128,32768,0.10114879608154297,0.4021952152252197,0.15255199670791625,0.0013146698474884033,125829120,16106127360
10,4,4,1,1024,32768,0.1363808035850525,0.44441919326782225,0.23706560134887694,0.0013146698474884033,125829120,128849018880
10,4,4,1,8192,32768,0.705244779586792,1.0827743530273437,1.0617456436157227,0.0013146698474884033,125829120,1030792151040
10,4,4,1,1,131072,0.35508160591125487,0.418393611907959,0.3950095891952515,0.0013146698474884033,503316480,503316480
10,4,4,1,128,131072,0.3559072017669678,0.4418496131896973,0.407528018951416,0.0013146698474884033,503316480,64424509440
10,4,4,1,1024,131072,0.4813119888305664,0.5917280197143555,0.5854991912841797,0.0013146698474884033,503316480,515396075520
10,4,4,1,8192,131072,2.7676095962524414,3.322182464599609,3.255788803100586,0.0013146698474884033,503316480,4123168604160
10,4,4,1,1,1048576,2.8547487258911133,2.791676712036133,2.779150390625,0.0013146698474884033,4026531840,4026531840
10,4,4,1,128,1048576,2.7327648162841798,2.8038272857666016,2.7897712707519533,0.0013146698474884033,4026531840,515396075520
10,4,4,1,1024,1048576,3.718364715576172,3.885782241821289,3.8334880828857423,0.0013146698474884033,4026531840,4123168604160
10,4,4,1,8192,1048576,23.960348510742186,25.96011962890625,24.898286437988283,0.0013146698474884033,4026531840,32985348833280
10,2,8,1,1,32768,0.07334719896316529,0.4073919773101807,0.12455999851226807,0.0014489591121673584,125829120,125829120
10,2,8,1,128,32768,0.07242879867553711,0.41119999885559083,0.1628335952758789,0.0014489591121673584,125829120,16106127360
10,2,8,1,1024,32768,0.14224319458007811,0.4759520053863525,0.3432591915130615,0.0014489591121673584,125829120,128849018880
10,2,8,1,8192,32768,0.6706560134887696,1.384012794494629,1.364908790588379,0.0014489591121673584,125829120,1030792151040
10,2,8,1,1,131072,0.18940479755401612,0.5655039787292481,0.2549855947494507,0.0014489591121673584,503316480,503316480
10,2,8,1,128,131072,0.19052799940109252,0.39841599464416505,0.29320321083068845,0.0014489591121673584,503316480,64424509440
10,2,8,1,1024,131072,0.5088255882263184,0.7225791931152343,0.7074048042297363,0.0014489591121673584,503316480,515396075520
10,2,8,1,8192,131072,2.588003158569336,3.686806488037109,3.408542251586914,0.0014489591121673584,503316480,4123168604160
10,2,8,1,1,1048576,1.4978143692016601,1.5486944198608399,1.4692303657531738,0.0014489591121673584,4026531840,4026531840
10,2,8,1,128,1048576,1.4032159805297852,1.5214079856872558,1.5100239753723144,0.0014489591121673584,4026531840,515396075520
10,2,8,1,1024,1048576,3.867808151245117,4.094780731201172,4.068219375610352,0.0014489591121673584,4026531840,4123168604160
10,2,8,1,8192,1048576,23.647602844238282,25.26970520019531,24.54283447265625,0.0014489591121673584,4026531840,32985348833280
10,1,16,1,1,32768,0.07606080174446106,0.49422402381896974,0.1515120029449463,0.0008585304021835327,125829120,125829120
10,1,16,1,128,32768,0.0711359977722168,2.364566421508789,0.1967743992805481,0.0008585304021835327,125829120,16106127360
10,1,16,1,1024,32768,0.12263679504394531,0.511411190032959,0.4527696132659912,0.0008585304021835327,125829120,128849018880
10,1,16,1,8192,32768,0.7055840015411377,2.0921920776367187,2.0698944091796876,0.0008585304021835327,125829120,1030792151040
10,1,16,1,1,131072,0.10828800201416015,0.5332608222961426,0.21857120990753173,0.0008585304021835327,503316480,503316480
10,1,16,1,128,131072,0.10992000102996827,0.41160001754760744,0.2674607992172241,0.0008585304021835327,503316480,64424509440
10,1,16,1,1024,131072,0.401196813583374,0.748195219039917,0.7339280128479004,0.0008585304021835327,503316480,515396075520
10,1,16,1,8192,131072,2.4771007537841796,4.184368133544922,3.8551841735839845,0.0008585304021835327,503316480,4123168604160
10,1,16,1,1,1048576,0.7590208053588867,0.8991040229797364,0.8665648460388183,0.0008585304021835327,4026531840,4026531840
10,1,16,1,128,1048576,0.7442111968994141,0.9300127983093261,0.9032192230224609,0.0008585304021835327,4026531840,515396075520
10,1,16,1,1024,1048576,2.97992000579834,3.556256103515625,3.4768497467041017,0.0008585304021835327,4026531840,4123168604160
10,1,16,1,8192,1048576,23.917782592773438,25.265516662597655,24.82616271972656,0.0008585304021835327,4026531840,32985348833280
10,4,1,4,1,32768,0.36417279243469236,0.36291520595550536,0.3521167993545532,0.0022430419921875,503316480,503316480
10,4,1,4,128,32768,0.35751678943634035,0.3561568021774292,0.34991519451141356,0.0022430419921875,503316480,64424509440
10,4,1,4,1024,32768,0.48201279640197753,0.4819551944732666,0.4761375904083252,0.0022430419921875,503316480,515396075520
10,4,1,4,8192,32768,2.7781375885009765,2.969740867614746,2.977008056640625,0.0022430419921875,503316480,4123168604160
10,4,1,4,1,131072,1.6561023712158203,1.4262944221496583,1.3705951690673828,0.0022430419921875,2013265920,2013265920
10,4,1,4,128,131072,1.3790975570678712,1.378662395477295,1.3723679542541505,0.0022430419921875,2013265920,257698037760
10,4,1,4,1024,131072,1.8671104431152343,1.8707231521606444,1.8882591247558593,0.0022430419921875,2013265920,2061584302080
10,4,1,4,8192,131072,12.26607666015625,11.821305847167968,12.397067260742187,0.0022430419921875,2013265920,16492674416640
10,4,1,4,1,1048576,10.912892913818359,10.914479827880859,10.905302429199219,0.0022430419921875,16106127360,16106127360
10,4,1,4,128,1048576,10.916934204101562,10.917250823974609,10.910829162597656,0.0022430419921875,16106127360,2061584302080
10,4,1,4,1024,1048576,15.19998779296875,15.295011901855469,15.624899291992188,0.0022430419921875,16106127360,16492674416640
10,4,1,4,8192,1048576,101.9120361328125,106.37574462890625,106.200341796875,0.0022430419921875,16106127360,131941395333120
10,8,1,2,1,32768,0.47365121841430663,0.40826239585876467,0.38558239936828614,0.0024949312210083008,251658240,251658240
10,8,1,2,128,32768,0.40750718116760254,0.37874879837036135,0.3675983905792236,0.0024949312210083008,251658240,32212254720
10,8,1,2,1024,32768,0.4768832206726074,0.47706241607666017,0.4695631980895996,0.0024949312210083008,251658240,257698037760
10,8,1,2,8192,32768,1.3969183921813966,1.409721565246582,1.4520447731018067,0.0024949312210083008,251658240,2061584302080
10,8,1,2,1,131072,1.5787039756774903,1.5843168258666993,1.3909407615661622,0.0024949312210083008,1006632960,1006632960
10,8,1,2,128,131072,1.3780896186828613,1.3775199890136718,1.3631952285766602,0.0024949312210083008,1006632960,128849018880
10,8,1,2,1024,131072,1.8187360763549805,1.8307008743286133,1.8117279052734374,0.0024949312210083008,1006632960,1030792151040
10,8,1,2,8192,131072,5.747036743164062,5.960240173339844,6.003424072265625,0.0024949312210083008,1006632960,8246337208320
10,8,1,2,1,1048576,11.07224349975586,10.814185333251952,10.80686264038086,0.0024949312210083008,8053063680,8053063680
10,8,1,2,128,1048576,10.815862274169922,10.81827163696289,10.809499359130859,0.0024949312210083008,8053063680,1030792151040
10,8,1,2,1024,1048576,14.443820190429687,14.442239379882812,14.4351806640625,0.0024949312210083008,8053063680,8246337208320
10,8,1,2,8192,1048576,51.70786743164062,54.069085693359376,54.203216552734375,0.0024949312210083008,8053063680,65970697666560
10,4,2,2,1,32768,0.24451839923858643,0.39343359470367434,0.2756495952606201,0.004208624362945557,251658240,251658240
10,4,2,2,128,32768,0.24649279117584227,0.37097599506378176,0.31135358810424807,0.004208624362945557,251658240,32212254720
10,4,2,2,1024,32768,0.265667200088501,0.4303743839263916,0.3348016023635864,0.004208624362945557,251658240,257698037760
10,4,2,2,8192,32768,1.4047391891479493,1.7180767059326172,1.7102304458618165,0.004208624362945557,251658240,2061584302080
10,4,2,2,1,131072,0.7245664119720459,0.7636864185333252,0.7896096229553222,0.004208624362945557,1006632960,1006632960
10,4,2,2,128,131072,0.6989535808563232,0.7458303928375244,0.7343743801116943,0.004208624362945557,1006632960,128849018880
10,4,2,2,1024,131072,0.945308780670166,1.0389535903930665,1.0292415618896484,0.004208624362945557,1006632960,1030792151040
10,4,2,2,8192,131072,5.765932846069336,6.408847808837891,6.239060974121093,0.004208624362945557,1006632960,8246337208320
10,4,2,2,1,1048576,5.537318420410156,5.507910537719726,5.4924560546875,0.004208624362945557,8053063680,8053063680
10,4,2,2,128,1048576,5.468220901489258,5.516473770141602,5.502627182006836,0.004208624362945557,8053063680,1030792151040
10,4,2,2,1024,1048576,7.506380462646485,7.749929809570313,7.688833618164063,0.004208624362945557,8053063680,8246337208320
10,4,2,2,8192,1048576,51.867236328125,53.080511474609374,52.91154174804687,0.004208624362945557,8053063680,65970697666560
10,2,4,2,1,32768,0.1373568058013916,0.49669442176818845,0.14485599994659423,0.0015749633312225342,251658240,251658240
10,2,4,2,128,32768,0.10670080184936523,0.46922879219055175,0.16672639846801757,0.0015749633312225342,251658240,32212254720
10,2,4,2,1024,32768,0.2681407928466797,0.4824831962585449,0.42051520347595217,0.0015749633312225342,251658240,257698037760
10,2,4,2,8192,32768,1.285638427734375,1.963590431213379,1.9611791610717773,0.0015749633312225342,251658240,2061584302080
10,2,4,2,1,131072,0.3733599901199341,0.44886078834533694,0.40935521125793456,0.0015749633312225342,1006632960,1006632960
10,2,4,2,128,131072,0.36631999015808103,0.4584832191467285,0.42427678108215333,0.0015749633312225342,1006632960,128849018880
10,2,4,2,1024,131072,0.9887807846069336,1.157699203491211,1.14127836227417,0.0015749633312225342,1006632960,1030792151040
10,2,4,2,8192,131072,6.168019104003906,6.739279937744141,6.247828674316406,0.0015749633312225342,1006632960,8246337208320
10,2,4,2,1,1048576,2.941564750671387,2.8954751968383787,2.8385856628417967,0.0015749633312225342,8053063680,8053063680
10,2,4,2,128,1048576,2.7965087890625,2.886249542236328,2.856518363952637,0.0015749633312225342,8053063680,1030792151040
10,2,4,2,1024,1048576,7.853945922851563,8.005423736572265,8.086831665039062,0.0015749633312225342,8053063680,8246337208320
10,2,4,2,8192,1048576,49.65958862304687,50.295474243164065,52.061041259765624,0.0015749633312225342,8053063680,65970697666560
11,16,1,1,1,32768,0.3474208116531372,0.34647679328918457,0.33808159828186035,0.002980828285217285,125829120,125829120
11,16,1,1,128,32768,0.34552319049835206,0.34600000381469725,0.3382927894592285,0.002980828285217285,125829120,16106127360
11,16,1,1,1024,32768,0.4660639762878418,0.46488637924194337,0.4579808235168457,0.002980828285217285,125829120,128849018880
11,16,1,1,8192,32768,0.8984607696533203,0.8983327865600585,0.8958160400390625,0.002980828285217285,125829120,1030792151040
11,16,1,1,1,131072,1.3554752349853516,1.3547552108764649,1.3460880279541017,0.002980828285217285,503316480,503316480
11,16,1,1,128,131072,1.354316806793213,1.354633617401123,1.3463040351867677,0.002980828285217285,503316480,64424509440
11,16,1,1,1024,131072,1.8075071334838868,1.8041471481323241,1.7962400436401367,0.002980828285217285,503316480,515396075520
11,16,1,1,8192,131072,3.497315216064453,3.501334381103516,3.4846126556396486,0.002980828285217285,503316480,4123168604160
11,16,1,1,1,1048576,10.723500823974609,10.718511962890625,10.71011962890625,0.002980828285217285,4026531840,4026531840
11,16,1,1,128,1048576,10.719475555419923,10.722003173828124,10.712551879882813,0.002980828285217285,4026531840,515396075520
11,16,1,1,1024,1048576,14.312159729003906,14.318655395507813,14.307841491699218,0.002980828285217285,4026531840,4123168604160
11,16,1,1,8192,1048576,28.320370483398438,28.5263916015625,28.26909484863281,0.002980828285217285,4026531840,32985348833280
11,8,2,1,1,32768,0.18160640001296996,0.333350396156311,0.21121759414672853,0.0036438703536987305,125829120,125829120
11,8,2,1,128,32768,0.1807263970375061,0.3707551956176758,0.21650240421295167,0.0036438703536987305,125829120,16106127360
11,8,2,1,1024,32768,0.24309759140014647,0.35056960582733154,0.31528480052948,0.0036438703536987305,125829120,128849018880
11,8,2,1,8192,32768,0.69966721534729,0.9040255546569824,0.8853311538696289,0.0036438703536987305,125829120,1030792151040
11,8,2,1,1,131072,0.6893792152404785,0.7264607906341553,0.717852783203125,0.0036438703536987305,503316480,503316480
11,8,2,1,128,131072,0.6887487888336181,0.7309663772583008,0.7234000205993653,0.0036438703536987305,503316480,64424509440
11,8,2,1,1024,131072,0.9171999931335449,0.9986399650573731,0.9897839546203613,0.0036438703536987305,503316480,515396075520
11,8,2,1,8192,131072,2.6969696044921876,3.1212255477905275,2.994638442993164,0.0036438703536987305,503316480,4123168604160
11,8,2,1,1,1048576,5.414636611938477,5.442432022094726,5.431235122680664,0.0036438703536987305,4026531840,4026531840
11,8,2,1,128,1048576,5.408572769165039,5.44944953918457,5.439648056030274,0.0036438703536987305,4026531840,515396075520
11,8,2,1,1024,1048576,7.220579528808594,7.29755859375,7.290764617919922,0.0036438703536987305,4026531840,4123168604160
11,8,2,1,8192,1048576,23.13733367919922,24.55713653564453,26.990859985351562,0.0036438703536987305,4026531840,32985348833280
11,4,4,1,1,32768,0.10412160158157349,0.4989471912384033,0.14217920303344728,0.0013146698474884033,125829120,125829120
11,4,4,1,128,32768,0.10123200416564941,0.4021183967590332,0.15257439613342286,0.0013146698474884033,125829120,16106127360
11,4,4,1,1024,32768,0.13484159708023072,0.4440608024597168,0.23717119693756103,0.0013146698474884033,125829120,128849018880
11,4,4,1,8192,32768,0.6936768054962158,1.083580780029297,1.061950397491455,0.0013146698474884033,125829120,1030792151040
11,4,4,1,1,131072,0.3559999942779541,0.4185184001922607,0.39520959854125975,0.0013146698474884033,503316480,503316480
11,4,4,1,128,131072,0.35574400424957275,0.44167041778564453,0.40741281509399413,0.0013146698474884033,503316480,64424509440
11,4,4,1,1024,131072,0.4796480178833008,0.5916959762573242,0.585484790802002,0.0013146698474884033,503316480,515396075520
11,4,4,1,8192,131072,2.7033504486083983,3.3216190338134766,3.2546016693115236,0.0013146698474884033,503316480,4123168604160
11,4,4,1,1,1048576,2.758940887451172,2.7915712356567384,2.7791919708251953,0.0013146698474884033,4026531840,4026531840
11,4,4,1,128,1048576,2.7366239547729494,2.8039424896240233,2.7897167205810547,0.0013146698474884033,4026531840,515396075520
11,4,4,1,1024,1048576,3.706166458129883,3.8854911804199217,3.833425521850586,0.0013146698474884033,4026531840,4123168604160
11,4,4,1,8192,1048576,23.718736267089845,25.96228942871094,24.898194885253908,0.0013146698474884033,4026531840,32985348833280
11,2,8,1,1,32768,0.07611200213432312,0.40674238204956054,0.12443360090255737,0.0014489591121673584,125829120,125829120
11,2,8,1,128,32768,0.07656000256538391,0.4109055995941162,0.16280159950256348,0.0014489591121673584,125829120,16106127360
11,2,8,1,1024,32768,0.1452128052711487,0.47590079307556155,0.3432543992996216,0.0014489591121673584,125829120,128849018880
11,2,8,1,8192,32768,0.6472928047180175,1.38372802734375,1.3648896217346191,0.0014489591121673584,125829120,1030792151040
11,2,8,1,1,131072,0.18946239948272706,0.5657504081726075,0.25498878955841064,0.0014489591121673584,503316480,503316480
11,2,8,1,128,131072,0.1901695966720581,0.39829120635986326,0.2933056116104126,0.0014489591121673584,503316480,64424509440
11,2,8,1,1024,131072,0.49921278953552245,0.7224544048309326,0.7075376033782959,0.0014489591121673584,503316480,515396075520
11,2,8,1,8192,131072,2.501731109619141,3.6861568450927735,3.4085391998291015,0.0014489591121673584,503316480,4123168604160
11,2,8,1,1,1048576,1.428326416015625,1.5490655899047852,1.4692560195922852,0.0014489591121673584,4026531840,4026531840
11,2,8,1,128,1048576,1.4020575523376464,1.5212639808654784,1.5099679946899414,0.0014489591121673584,4026531840,515396075520
11,2,8,1,1024,1048576,3.813081741333008,4.094972610473633,4.068190383911133,0.0014489591121673584,4026531840,4123168604160
11,2,8,1,8192,1048576,22.84851531982422,25.27129669189453,24.542892456054688,0.0014489591121673584,4026531840,32985348833280
11,1,16,1,1,32768,0.07714239954948425,0.4941120147705078,0.15143200159072875,0.0008585304021835327,125829120,125829120
11,1,16,1,128,32768,0.07126399874687195,2.365158462524414,0.19680320024490355,0.0008585304021835327,125829120,16106127360
11,1,16,1,1024,32768,0.11960320472717285,0.5117440223693848,0.4526559829711914,0.0008585304021835327,125829120,128849018880
11,1,16,1,8192,32768,0.6923840045928955,2.0920352935791016,2.06967830657959,0.0008585304021835327,125829120,1030792151040
11,1,16,1,1,131072,0.10780160427093506,0.5335519790649415,0.21864159107208253,0.0008585304021835327,503316480,503316480
11,1,16,1,128,131072,0.10995839834213257,0.4116064071655273,0.2674639940261841,0.0008585304021835327,503316480,64424509440
11,1,16,1,1024,131072,0.38871040344238283,0.748089599609375,0.7338528156280517,0.0008585304021835327,503316480,515396075520
11,1,16,1,8192,131072,2.459270477294922,4.1844734191894535,3.855091094970703,0.0008585304021835327,503316480,4123168604160
11,1,16,1,1,1048576,0.7683008193969727,0.8995360374450684,0.8667263984680176,0.0008585304021835327,4026531840,4026531840
11,1,16,1,128,1048576,0.7426496028900147,0.9307711601257325,0.9032303810119628,0.0008585304021835327,4026531840,515396075520
11,1,16,1,1024,1048576,2.9297311782836912,3.5568126678466796,3.476073455810547,0.0008585304021835327,4026531840,4123168604160
11,1,16,1,8192,1048576,22.878694152832033,25.26990966796875,24.82514190673828,0.0008585304021835327,4026531840,32985348833280
11,4,1,4,1,32768,0.4627071857452393,0.4254432201385498,0.34832799434661865,0.0027649998664855957,503316480,503316480
11,4,1,4,128,32768,0.35615038871765137,0.3565407991409302,0.3488960027694702,0.0027649998664855957,503316480,64424509440
11,4,1,4,1024,32768,0.48052158355712893,0.48007998466491697,0.4727312088012695,0.0027649998664855957,503316480,515396075520
11,4,1,4,8192,32768,2.7333984375,2.8980480194091798,2.907963180541992,0.0027649998664855957,503316480,4123168604160
11,4,1,4,1,131072,1.3990976333618164,1.3869407653808594,1.368006420135498,0.0027649998664855957,2013265920,2013265920
11,4,1,4,128,131072,1.377014446258545,1.377120018005371,1.3695584297180177,0.0027649998664855957,2013265920,257698037760
11,4,1,4,1024,131072,1.8605823516845703,1.8749919891357423,1.8583152770996094,0.0027649998664855957,2013265920,2061584302080
11,4,1,4,8192,131072,11.535164642333985,11.71993637084961,11.998143768310547,0.0027649998664855957,2013265920,16492674416640
11,4,1,4,1,1048576,10.889453125,10.892288208007812,10.880814361572266,0.0027649998664855957,16106127360,16106127360
11,4,1,4,128,1048576,10.899001312255859,10.900588989257812,10.890185546875,0.0027649998664855957,16106127360,2061584302080
11,4,1,4,1024,1048576,14.846482849121093,14.979373168945312,15.16531982421875,0.0027649998664855957,16106127360,16492674416640
11,4,1,4,8192,1048576,97.43104248046875,97.92935791015626,98.26160888671875,0.0027649998664855957,16106127360,131941395333120
11,8,1,2,1,32768,0.3531615972518921,0.35149760246276857,0.34534080028533937,0.0021625757217407227,251658240,251658240
11,8,1,2,128,32768,0.35456960201263427,0.3535072088241577,0.3455744028091431,0.0021625757217407227,251658240,32212254720
11,8,1,2,1024,32768,0.4679743766784668,0.4689919948577881,0.4607855796813965,0.0021625757217407227,251658240,257698037760
11,8,1,2,8192,32768,1.3696415901184082,1.374675178527832,1.3752176284790039,0.0021625757217407227,251658240,2061584302080
11,8,1,2,1,131072,1.413875198364258,1.3631936073303224,1.3564255714416504,0.0021625757217407227,1006632960,1006632960
11,8,1,2,128,131072,1.3654399871826173,1.3644607543945313,1.3572128295898438,0.0021625757217407227,1006632960,128849018880
11,8,1,2,1024,131072,1.8178720474243164,1.8183328628540039,1.8114656448364257,0.0021625757217407227,1006632960,1030792151040
11,8,1,2,8192,131072,5.582355117797851,5.873696136474609,5.7702991485595705,0.0021625757217407227,1006632960,8246337208320
11,8,1,2,1,1048576,10.815497589111327,10.794745635986327,10.789215850830079,0.0021625757217407227,8053063680,8053063680
11,8,1,2,128,1048576,10.803695678710938,10.801872253417969,10.792036437988282,0.0021625757217407227,8053063680,1030792151040
11,8,1,2,1024,1048576,14.425736999511718,14.435910034179688,14.425788879394531,0.0021625757217407227,8053063680,8246337208320
11,8,1,2,8192,1048576,48.691262817382814,47.437939453125,48.39109802246094,0.0021625757217407227,8053063680,65970697666560
11,4,2,2,1,32768,0.1859071969985962,0.3982815980911255,0.2762079954147339,0.004208624362945557,251658240,251658240
11,4,2,2,128,32768,0.18635519742965698,0.3741503953933716,0.3121295928955078,0.004208624362945557,251658240,32212254720
11,4,2,2,1024,32768,0.24930880069732667,0.42804479598999023,0.33552000522613523,0.004208624362945557,251658240,257698037760
11,4,2,2,8192,32768,1.3695136070251466,1.7204992294311523,1.710425567626953,0.004208624362945557,251658240,2061584302080
11,4,2,2,1,131072,0.7086688041687011,0.7654911994934082,0.7902448177337646,0.004208624362945557,1006632960,1006632960
11,4,2,2,128,131072,0.697603178024292,0.748140811920166,0.735094404220581,0.004208624362945557,1006632960,128849018880
11,4,2,2,1024,131072,0.9402463912963868,1.0408415794372559,1.0297776222229005,0.004208624362945557,1006632960,1030792151040
11,4,2,2,8192,131072,5.666134262084961,6.411145782470703,6.240348815917969,0.004208624362945557,1006632960,8246337208320
11,4,2,2,1,1048576,5.452767944335937,5.509814453125,5.493033599853516,0.004208624362945557,8053063680,8053063680
11,4,2,2,128,1048576,5.459024047851562,5.518876647949218,5.504520034790039,0.004208624362945557,8053063680,1030792151040
11,4,2,2,1024,1048576,7.438317108154297,7.750739288330078,7.689116668701172,0.004208624362945557,8053063680,8246337208320
11,4,2,2,8192,1048576,49.72962646484375,53.087677001953125,52.91063232421875,0.004208624362945557,8053063680,65970697666560
11,2,4,2,1,32768,0.10221760272979737,0.4980160236358643,0.1454640030860901,0.0015749633312225342,251658240,251658240
11,2,4,2,128,32768,0.10320320129394531,0.4697535991668701,0.16734559535980226,0.0015749633312225342,251658240,32212254720
11,2,4,2,1024,32768,0.26115520000457765,0.483571195602417,0.42110400199890136,0.0015749633312225342,251658240,257698037760
11,2,4,2,8192,32768,1.2465375900268554,1.9703008651733398,1.959974479675293,0.0015749633312225342,251658240,2061584302080
11,2,4,2,1,131072,0.3734976053237915,0.45127358436584475,0.40982718467712403,0.0015749633312225342,1006632960,1006632960
11,2,4,2,128,131072,0.3640480041503906,0.4596384048461914,0.425113582611084,0.0015749633312225342,1006632960,128849018880
11,2,4,2,1024,131072,0.9747072219848633,1.159158420562744,1.1456111907958983,0.0015749633312225342,1006632960,1030792151040
11,2,4,2,8192,131072,5.404092788696289,6.738790130615234,6.249070358276367,0.0015749633312225342,1006632960,8246337208320
11,2,4,2,1,1048576,2.787084770202637,2.8982463836669923,2.839161682128906,0.0015749633312225342,8053063680,8053063680
11,2,4,2,128,1048576,2.790508842468262,2.8879135131835936,2.8575904846191404,0.0015749633312225342,8053063680,1030792151040
11,2,4,2,1024,1048576,7.6741790771484375,8.007510375976562,8.087206268310547,0.0015749633312225342,8053063680,8246337208320
11,2,4,2,8192,1048576,46.828939819335936,50.30226135253906,52.05979614257812,0.0015749633312225342,8053063680,65970697666560
12,16,1,1,1,32768,0.34960639476776123,0.3485759973526001,0.33954079151153566,0.0016126632690429688,125829120,125829120
12,16,1,1,128,32768,0.34970879554748535,0.3478111982345581,0.34025599956512453,0.0016126632690429688,125829120,16106127360
12,16,1,1,1024,32768,0.46901440620422363,0.46839680671691897,0.4594880104064941,0.0016126632690429688,125829120,128849018880
12,16,1,1,8192,32768,0.9072928428649902,0.9069888114929199,0.8978351593017578,0.0016126632690429688,125829120,1030792151040
12,16,1,1,1,131072,1.3779871940612793,1.3584223747253419,1.3479743957519532,0.0016126632690429688,503316480,503316480
12,16,1,1,128,131072,1.3574527740478515,1.357699203491211,1.3499823570251466,0.0016126632690429688,503316480,64424509440
12,16,1,1,1024,131072,1.8155904769897462,1.8140352249145508,1.8058143615722657,0.0016126632690429688,503316480,515396075520
12,16,1,1,8192,131072,3.522684860229492,3.535724639892578,3.5117919921875,0.0016126632690429688,503316480,4123168604160
12,16,1,1,1,1048576,10.729993438720703,10.72979507446289,10.721137237548827,0.0016126632690429688,4026531840,4026531840
12,16,1,1,128,1048576,10.735008239746094,10.73348159790039,10.725462341308594,0.0016126632690429688,4026531840,515396075520
12,16,1,1,1024,1048576,14.391322326660156,14.390608215332032,14.379774475097657,0.0016126632690429688,4026531840,4123168604160
12,16,1,1,8192,1048576,28.16483154296875,29.591262817382812,28.081207275390625,0.0016126632690429688,4026531840,32985348833280
12,8,2,1,1,32768,0.18642560243606568,0.3891295909881592,0.21215200424194336,0.0019367039203643799,125829120,125829120
12,8,2,1,128,32768,0.18543360233306885,0.49317121505737305,0.21730399131774902,0.0019367039203643799,125829120,16106127360
12,8,2,1,1024,32768,0.2443295955657959,0.4018655776977539,0.31797280311584475,0.0019367039203643799,125829120,128849018880
12,8,2,1,8192,32768,0.7025599956512452,0.8935903549194336,0.879520034790039,0.0019367039203643799,125829120,1030792151040
12,8,2,1,1,131072,0.69235200881958,0.7292416095733643,0.7224368095397949,0.0019367039203643799,503316480,503316480
12,8,2,1,128,131072,0.6949215888977051,0.7382368087768555,0.7271696090698242,0.0019367039203643799,503316480,64424509440
12,8,2,1,1024,131072,0.9206239700317382,1.002780818939209,0.9928720474243165,0.0019367039203643799,503316480,515396075520
12,8,2,1,8192,131072,2.6678144454956056,2.9638015747070314,2.9346975326538085,0.0019367039203643799,503316480,4123168604160
12,8,2,1,1,1048576,5.4176288604736325,5.46704330444336,5.454182434082031,0.0019367039203643799,4026531840,4026531840
12,8,2,1,128,1048576,5.424649429321289,5.473212814331054,5.477499389648438,0.0019367039203643799,4026531840,515396075520
12,8,2,1,1024,1048576,7.2421630859375,7.344866943359375,7.317391967773437,0.0019367039203643799,4026531840,4123168604160
12,8,2,1,8192,1048576,22.259228515625,23.455839538574217,22.8944580078125,0.0019367039203643799,4026531840,32985348833280
12,4,4,1,1,32768,0.10402879714965821,0.3723936080932617,0.1422000050544739,0.0013860464096069336,125829120,125829120
12,4,4,1,128,32768,0.10304960012435913,0.36256000995635984,0.1522544026374817,0.0013860464096069336,125829120,16106127360
12,4,4,1,1024,32768,0.13613120317459107,0.595142412185669,0.2356895923614502,0.0013860464096069336,125829120,128849018880
12,4,4,1,8192,32768,0.6960768222808837,1.0775936126708985,1.0727760314941406,0.0013860464096069336,125829120,1030792151040
12,4,4,1,1,131072,0.35729920864105225,0.4059999942779541,0.3965136051177979,0.0013860464096069336,503316480,503316480
12,4,4,1,128,131072,0.35687038898468015,0.41632637977600095,0.4094207763671875,0.0013860464096069336,503316480,64424509440
12,4,4,1,1024,131072,0.48189759254455566,0.5906943798065185,0.5835807800292969,0.0013860464096069336,503316480,515396075520
12,4,4,1,8192,131072,2.718511962890625,3.3698177337646484,3.2115135192871094,0.0013860464096069336,503316480,4123168604160
12,4,4,1,1,1048576,2.7670047760009764,2.798054313659668,2.7889936447143553,0.0013860464096069336,4026531840,4026531840
12,4,4,1,128,1048576,2.7451263427734376,2.807046318054199,2.798040008544922,0.0013860464096069336,4026531840,515396075520
12,4,4,1,1024,1048576,3.724867248535156,3.85497932434082,3.82901611328125,0.0013860464096069336,4026531840,4123168604160
12,4,4,1,8192,1048576,22.506681823730467,26.253536987304688,24.86083068847656,0.0013860464096069336,4026531840,32985348833280
12,2,8,1,1,32768,0.08515200018882751,0.40643839836120604,0.12408479452133178,0.0014489591121673584,125829120,125829120
12,2,8,1,128,32768,0.07323520183563233,0.4104288101196289,0.16274240016937255,0.0014489591121673584,125829120,16106127360
12,2,8,1,1024,32768,0.1430400013923645,0.47472319602966306,0.3428607940673828,0.0014489591121673584,125829120,128849018880
12,2,8,1,8192,32768,0.6563199996948242,1.3822239875793456,1.364510440826416,0.0014489591121673584,125829120,1030792151040
12,2,8,1,1,131072,0.18973439931869507,0.5766240119934082,0.25409278869628904,0.0014489591121673584,503316480,503316480
12,2,8,1,128,131072,0.19074560403823854,0.397871994972229,0.29277920722961426,0.0014489591121673584,503316480,64424509440
12,2,8,1,1024,131072,0.5086143970489502,0.7221727848052979,0.7071775913238525,0.0014489591121673584,503316480,515396075520
12,2,8,1,8192,131072,2.517523193359375,3.6866241455078126,3.4081279754638674,0.0014489591121673584,503316480,4123168604160
12,2,8,1,1,1048576,1.436684799194336,1.5479840278625487,1.4689776420593261,0.0014489591121673584,4026531840,4026531840
12,2,8,1,128,1048576,1.4054335594177245,1.5208095550537108,1.5093759536743163,0.0014489591121673584,4026531840,515396075520
12,2,8,1,1024,1048576,3.8301471710205077,4.094585418701172,4.067972946166992,0.0014489591121673584,4026531840,4123168604160
12,2,8,1,8192,1048576,21.567318725585938,25.267523193359374,24.541848754882814,0.0014489591121673584,4026531840,32985348833280
12,1,16,1,1,32768,0.07181119918823242,0.49235520362854,0.15128320455551147,0.0008585304021835327,125829120,125829120
12,1,16,1,128,32768,0.06964799761772156,2.364672088623047,0.19661600589752198,0.0008585304021835327,125829120,16106127360
12,1,16,1,1024,32768,0.12043520212173461,0.5111040115356446,0.4526512145996094,0.0008585304021835327,125829120,128849018880
12,1,16,1,8192,32768,0.6953248023986817,2.091587257385254,2.069371223449707,0.0008585304021835327,125829120,1030792151040
12,1,16,1,1,131072,0.10779839754104614,0.5330207824707032,0.21846559047698974,0.0008585304021835327,503316480,503316480
12,1,16,1,128,131072,0.10915839672088623,0.41113920211791993,0.2672640085220337,0.0008585304021835327,503316480,64424509440
12,1,16,1,1024,131072,0.4033184051513672,0.7481599807739258,0.7332704067230225,0.0008585304021835327,503316480,515396075520
12,1,16,1,8192,131072,2.424265670776367,4.185020828247071,3.8535648345947267,0.0008585304021835327,503316480,4123168604160
12,1,16,1,1,1048576,0.7480800151824951,0.8993375778198243,0.866209602355957,0.0008585304021835327,4026531840,4026531840
12,1,16,1,128,1048576,0.7466559886932373,0.9300607681274414,0.9028335571289062,0.0008585304021835327,4026531840,515396075520
12,1,16,1,1024,1048576,2.948355293273926,3.5521663665771483,3.476544189453125,0.0008585304021835327,4026531840,4123168604160
12,1,16,1,8192,1048576,21.518067932128908,25.266934204101563,24.82470703125,0.0008585304021835327,4026531840,32985348833280
12,4,1,4,1,32768,0.42200641632080077,0.38099520206451415,0.34847359657287597,0.0022798776626586914,503316480,503316480
12,4,1,4,128,32768,0.3593183994293213,0.3597568035125732,0.3506416082382202,0.0022798776626586914,503316480,64424509440
12,4,1,4,1024,32768,0.48561921119689944,0.4841631889343262,0.47554402351379393,0.0022798776626586914,503316480,515396075520
12,4,1,4,8192,32768,2.7425247192382813,2.7848575592041014,2.7886016845703123,0.0022798776626586914,503316480,4123168604160
12,4,1,4,1,131072,1.4506464004516602,1.3762720108032227,1.3744288444519044,0.0022798776626586914,2013265920,2013265920
12,4,1,4,128,131072,1.382703971862793,1.3838239669799806,1.3754704475402832,0.0022798776626586914,2013265920,257698037760
12,4,1,4,1024,131072,1.8723936080932617,1.880803108215332,1.859649658203125,0.0022798776626586914,2013265920,2061584302080
12,4,1,4,8192,131072,11.337145233154297,11.278192138671875,11.569204711914063,0.0022798776626586914,2013265920,16492674416640
12,4,1,4,1,1048576,10.949472045898437,10.949433898925781,10.934279632568359,0.0022798776626586914,16106127360,16106127360
12,4,1,4,128,1048576,10.953081512451172,10.931353759765624,10.918376159667968,0.0022798776626586914,16106127360,2061584302080
12,4,1,4,1024,1048576,14.821376037597656,14.824858093261719,14.910322570800782,0.0022798776626586914,16106127360,16492674416640
12,4,1,4,8192,1048576,95.261474609375,95.64661254882813,96.24569702148438,0.0022798776626586914,16106127360,131941395333120
12,8,1,2,1,32768,0.3551232099533081,0.35550079345703123,0.34751200675964355,0.002148866653442383,251658240,251658240
12,8,1,2,128,32768,0.3550623893737793,0.3544127941131592,0.3479167938232422,0.002148866653442383,251658240,32212254720
12,8,1,2,1024,32768,0.4696671962738037,0.46935358047485354,0.4624512195587158,0.002148866653442383,251658240,257698037760
12,8,1,2,8192,32768,1.3620991706848145,1.3644031524658202,1.3751104354858399,0.002148866653442383,251658240,2061584302080
12,8,1,2,1,131072,1.4207424163818358,1.3654623985290528,1.3628144264221191,0.002148866653442383,1006632960,1006632960
12,8,1,2,128,131072,1.3714367866516113,1.3716671943664551,1.365163230895996,0.002148866653442383,1006632960,128849018880
12,8,1,2,1024,131072,1.823753547668457,1.8227455139160156,1.8208320617675782,0.002148866653442383,1006632960,1030792151040
12,8,1,2,8192,131072,5.4093982696533205,5.4354911804199215,5.428905487060547,0.002148866653442383,1006632960,8246337208320
12,8,1,2,1,1048576,10.848006439208984,10.852912139892577,10.833483123779297,0.002148866653442383,8053063680,8053063680
12,8,1,2,128,1048576,10.834857940673828,10.8338623046875,10.822857666015626,0.002148866653442383,8053063680,1030792151040
12,8,1,2,1024,1048576,14.447552490234376,14.475395202636719,14.428106689453125,0.002148866653442383,8053063680,8246337208320
12,8,1,2,8192,1048576,45.75368957519531,46.503518676757814,47.306295776367186,0.002148866653442383,8053063680,65970697666560
12,4,2,2,1,32768,0.19045439958572388,0.46326398849487305,0.21771841049194335,0.0021386444568634033,251658240,251658240
12,4,2,2,128,32768,0.19080959558486937,0.5105088233947754,0.2257375955581665,0.0021386444568634033,251658240,32212254720
12,4,2,2,1024,32768,0.2519968032836914,0.4881311893463135,0.3339423894882202,0.0021386444568634033,251658240,257698037760
12,4,2,2,8192,32768,1.374508762359619,1.699078369140625,1.6916816711425782,0.0021386444568634033,251658240,2061584302080
12,4,2,2,1,131072,0.7144063949584961,0.755452823638916,0.7397039890289306,0.0021386444568634033,1006632960,1006632960
12,4,2,2,128,131072,0.7003776073455811,0.74967360496521,0.7394927978515625,0.0021386444568634033,1006632960,128849018880
12,4,2,2,1024,131072,0.9501983642578125,1.045088005065918,1.030574417114258,0.0021386444568634033,1006632960,1030792151040
12,4,2,2,8192,131072,5.53485107421875,6.013315200805664,5.947092819213867,0.0021386444568634033,1006632960,8246337208320
12,4,2,2,1,1048576,5.47852783203125,5.525289535522461,5.508816146850586,0.0021386444568634033,8053063680,8053063680
12,4,2,2,128,1048576,5.48221435546875,5.5332897186279295,5.517246246337891,0.0021386444568634033,8053063680,1030792151040
12,4,2,2,1024,1048576,7.441923522949219,7.530931091308593,7.555825805664062,0.0021386444568634033,8053063680,8246337208320
12,4,2,2,8192,1048576,47.20148620605469,47.7994873046875,49.28544921875,0.0021386444568634033,8053063680,65970697666560
12,2,4,2,1,32768,0.10424000024795532,0.46928958892822265,0.14542239904403687,0.0015176832675933838,251658240,251658240
12,2,4,2,128,32768,0.1047711968421936,0.5509247779846191,0.16726880073547362,0.0015176832675933838,251658240,32212254720
12,2,4,2,1024,32768,0.26532158851623533,0.4844192028045654,0.4195136070251465,0.0015176832675933838,251658240,257698037760
12,2,4,2,8192,32768,1.248748779296875,1.9550752639770508,1.9226879119873046,0.0015176832675933838,251658240,2061584302080
12,2,4,2,1,131072,0.3644191980361938,0.5032032012939454,0.41277117729187013,0.0015176832675933838,1006632960,1006632960
12,2,4,2,128,131072,0.3656543970108032,0.5330016136169433,0.4252511978149414,0.0015176832675933838,1006632960,128849018880
12,2,4,2,1024,131072,0.9808799743652343,1.2448160171508789,1.1365839958190918,0.0015176832675933838,1006632960,1030792151040
12,2,4,2,8192,131072,5.288982391357422,6.235465621948242,6.119200134277344,0.0015176832675933838,1006632960,8246337208320
12,2,4,2,1,1048576,2.7904735565185548,2.855833625793457,2.8408416748046874,0.0015176832675933838,8053063680,8053063680
12,2,4,2,128,1048576,2.800054359436035,2.881052780151367,2.8635135650634767,0.0015176832675933838,8053063680,1030792151040
12,2,4,2,1024,1048576,7.659526062011719,7.874201965332031,7.898830413818359,0.0015176832675933838,8053063680,8246337208320
12,2,4,2,8192,1048576,44.51542358398437,46.69691162109375,47.79275207519531,0.0015176832675933838,8053063680,65970697666560
13,16,1,1,1,32768,0.3491904020309448,0.3484256029129028,0.3400304079055786,0.002055048942565918,125829120,125829120
13,16,1,1,128,32768,0.34864320755004885,0.3476448059082031,0.34036478996276853,0.002055048942565918,125829120,16106127360
13,16,1,1,1024,32768,0.4684447765350342,0.4673920154571533,0.4591983795166016,0.002055048942565918,125829120,128849018880
13,16,1,1,8192,32768,0.90447998046875,0.906828784942627,0.8942048072814941,0.002055048942565918,125829120,1030792151040
13,16,1,1,1,131072,1.3602208137512206,1.3612735748291016,1.3519328117370606,0.002055048942565918,503316480,503316480
13,16,1,1,128,131072,1.3624992370605469,1.362060832977295,1.3517472267150878,0.002055048942565918,503316480,64424509440
13,16,1,1,1024,131072,1.8129823684692383,1.8110111236572266,1.8035871505737304,0.002055048942565918,503316480,515396075520
13,16,1,1,8192,131072,3.4929439544677736,3.502851104736328,3.489798355102539,0.002055048942565918,503316480,4123168604160
13,16,1,1,1,1048576,10.770496368408203,10.754902648925782,10.746644592285156,0.002055048942565918,4026531840,4026531840
13,16,1,1,128,1048576,10.75665283203125,10.754032135009766,10.746806335449218,0.002055048942565918,4026531840,515396075520
13,16,1,1,1024,1048576,14.385177612304688,14.381228637695312,14.375227355957032,0.002055048942565918,4026531840,4123168604160
13,16,1,1,8192,1048576,28.138442993164062,28.075439453125,28.126727294921874,0.002055048942565918,4026531840,32985348833280
13,8,2,1,1,32768,0.1840672016143799,0.41505918502807615,0.21239678859710692,0.0019367039203643799,125829120,125829120
13,8,2,1,128,32768,0.1824512004852295,0.4745567798614502,0.21764640808105468,0.0019367039203643799,125829120,16106127360
13,8,2,1,1024,32768,0.24635519981384277,0.38385601043701173,0.3166656017303467,0.0019367039203643799,125829120,128849018880
13,8,2,1,8192,32768,0.7088128089904785,0.8957504272460938,0.8798416137695313,0.0019367039203643799,125829120,1030792151040
13,8,2,1,1,131072,0.6935520172119141,0.7293375968933106,0.722654390335083,0.0019367039203643799,503316480,503316480
13,8,2,1,128,131072,0.6943903923034668,0.73919677734375,0.727396821975708,0.0019367039203643799,503316480,64424509440
13,8,2,1,1024,131072,0.921241569519043,1.0028575897216796,0.9930671691894531,0.0019367039203643799,503316480,515396075520
13,8,2,1,8192,131072,2.693600082397461,2.9631168365478517,2.934940719604492,0.0019367039203643799,503316480,4123168604160
13,8,2,1,1,1048576,5.418844985961914,5.464678573608398,5.453144073486328,0.0019367039203643799,4026531840,4026531840
13,8,2,1,128,1048576,5.428742218017578,5.473791885375976,5.477664184570313,0.0019367039203643799,4026531840,515396075520
13,8,2,1,1024,1048576,7.230947113037109,7.34354248046875,7.318208312988281,0.0019367039203643799,4026531840,4123168604160
13,8,2,1,8192,1048576,22.724569702148436,23.456040954589845,22.89459228515625,0.0019367039203643799,4026531840,32985348833280
13,4,4,1,1,32768,0.10098880529403687,0.38273279666900634,0.14217920303344728,0.0013860464096069336,125829120,125829120
13,4,4,1,128,32768,0.10230720043182373,0.3492000102996826,0.15232640504837036,0.0013860464096069336,125829120,16106127360
13,4,4,1,1024,32768,0.13872959613800048,0.5821599960327148,0.2361072063446045,0.0013860464096069336,125829120,128849018880
13,4,4,1,8192,32768,0.700870418548584,1.0759424209594726,1.0727727890014649,0.0013860464096069336,125829120,1030792151040
13,4,4,1,1,131072,0.3573024034500122,0.406115198135376,0.39656639099121094,0.0013860464096069336,503316480,503316480
13,4,4,1,128,131072,0.3577568054199219,0.4165952205657959,0.40954880714416503,0.0013860464096069336,503316480,64424509440
13,4,4,1,1024,131072,0.48284158706665037,0.5907904148101807,0.5837935924530029,0.0013860464096069336,503316480,515396075520
13,4,4,1,8192,131072,2.7122495651245115,3.3700286865234377,3.211017608642578,0.0013860464096069336,503316480,4123168604160
13,4,4,1,1,1048576,2.741100883483887,2.7982976913452147,2.789257621765137,0.0013860464096069336,4026531840,4026531840
13,4,4,1,128,1048576,2.7448192596435548,2.8072927474975584,2.7981807708740236,0.0013860464096069336,4026531840,515396075520
13,4,4,1,1024,1048576,3.7178462982177733,3.8550174713134764,3.829148864746094,0.0013860464096069336,4026531840,4123168604160
13,4,4,1,8192,1048576,23.149923706054686,26.237509155273436,24.860801696777344,0.0013860464096069336,4026531840,32985348833280
13,2,8,1,1,32768,0.07660800218582153,0.4071968078613281,0.12391359806060791,0.0014489591121673584,125829120,125829120
13,2,8,1,128,32768,0.0921887993812561,0.41347198486328124,0.1622223973274231,0.0014489591121673584,125829120,16106127360
13,2,8,1,1024,32768,0.14744000434875487,0.47749757766723633,0.3423392057418823,0.0014489591121673584,125829120,128849018880
13,2,8,1,8192,32768,0.6505023956298828,1.38306884765625,1.364236831665039,0.0014489591121673584,125829120,1030792151040
13,2,8,1,1,131072,0.18963840007781982,0.5654016017913819,0.2540960073471069,0.0014489591121673584,503316480,503316480
13,2,8,1,128,131072,0.19071680307388306,0.3979680061340332,0.2930191993713379,0.0014489591121673584,503316480,64424509440
13,2,8,1,1024,131072,0.5025248050689697,0.7224287986755371,0.7070032119750976,0.0014489591121673584,503316480,515396075520
13,2,8,1,8192,131072,2.503971290588379,3.687388610839844,3.4079872131347657,0.0014489591121673584,503316480,4123168604160
13,2,8,1,1,1048576,1.4425344467163086,1.5480607986450194,1.468881607055664,0.0014489591121673584,4026531840,4026531840
13,2,8,1,128,1048576,1.4061792373657227,1.5208160400390625,1.509449577331543,0.0014489591121673584,4026531840,515396075520
13,2,8,1,1024,1048576,3.8285152435302736,4.094803237915039,4.067766571044922,0.0014489591121673584,4026531840,4123168604160
13,2,8,1,8192,1048576,22.119847106933594,25.266015625,24.54078826904297,0.0014489591121673584,4026531840,32985348833280
13,1,16,1,1,32768,0.10206079483032227,0.4953792095184326,0.15091999769210815,0.0008585304021835327,125829120,125829120
13,1,16,1,128,32768,0.13339200019836425,2.366841506958008,0.19635039567947388,0.0008585304021835327,125829120,16106127360
13,1,16,1,1024,32768,0.12140159606933594,0.5115808010101318,0.4522863864898682,0.0008585304021835327,125829120,128849018880
13,1,16,1,8192,32768,0.6964320182800293,2.09289608001709,2.0690383911132812,0.0008585304021835327,125829120,1030792151040
13,1,16,1,1,131072,0.10861120223999024,0.5325664043426513,0.21829440593719482,0.0008585304021835327,503316480,503316480
13,1,16,1,128,131072,0.1097823977470398,0.4113759994506836,0.2671295881271362,0.0008585304021835327,503316480,64424509440
13,1,16,1,1024,131072,0.39404799938201907,0.747760009765625,0.7333824157714843,0.0008585304021835327,503316480,515396075520
13,1,16,1,8192,131072,2.441993522644043,4.183232116699219,3.854390335083008,0.0008585304021835327,503316480,4123168604160
13,1,16,1,1,1048576,0.7600192070007324,0.8995391845703125,0.8654911994934082,0.0008585304021835327,4026531840,4026531840
13,1,16,1,128,1048576,0.7473536014556885,0.9292703628540039,0.9026271820068359,0.0008585304021835327,4026531840,515396075520
13,1,16,1,1024,1048576,2.924233627319336,3.555158233642578,3.4769008636474608,0.0008585304021835327,4026531840,4123168604160
13,1,16,1,8192,1048576,22.055868530273436,25.266400146484376,24.82417449951172,0.0008585304021835327,4026531840,32985348833280
13,4,1,4,1,32768,0.4327455997467041,0.4274400234222412,0.34967999458312987,0.002183079719543457,503316480,503316480
13,4,1,4,128,32768,0.35677759647369384,0.3563839912414551,0.35030241012573243,0.002183079719543457,503316480,64424509440
13,4,1,4,1024,32768,0.48108158111572263,0.4808671951293945,0.4780144214630127,0.002183079719543457,503316480,515396075520
13,4,1,4,8192,32768,2.7467519760131838,2.8372800827026365,2.752025604248047,0.002183079719543457,503316480,4123168604160
13,4,1,4,1,131072,1.4997535705566407,1.3806431770324707,1.3739423751831055,0.002183079719543457,2013265920,2013265920
13,4,1,4,128,131072,1.381328010559082,1.3809311866760254,1.3734607696533203,0.002183079719543457,2013265920,257698037760
13,4,1,4,1024,131072,1.8657663345336915,1.8734943389892578,1.8596719741821288,0.002183079719543457,2013265920,2061584302080
13,4,1,4,8192,131072,11.524269104003906,11.48485107421875,11.864940643310547,0.002183079719543457,2013265920,16492674416640
13,4,1,4,1,1048576,10.943734741210937,10.932041931152344,10.924657440185547,0.002183079719543457,16106127360,16106127360
13,4,1,4,128,1048576,10.93609619140625,10.937331390380859,10.922872161865234,0.002183079719543457,16106127360,2061584302080
13,4,1,4,1024,1048576,14.816761779785157,14.91155548095703,15.050015258789063,0.002183079719543457,16106127360,16492674416640
13,4,1,4,8192,1048576,96.7236328125,95.5475341796875,98.169189453125,0.002183079719543457,16106127360,131941395333120
13,8,1,2,1,32768,0.35386879444122316,0.35474560260772703,0.3463151931762695,0.004235386848449707,251658240,251658240
13,8,1,2,128,32768,0.35365440845489504,0.3531455993652344,0.3464479923248291,0.004235386848449707,251658240,32212254720
13,8,1,2,1024,32768,0.4695040225982666,0.4692224025726318,0.4623760223388672,0.004235386848449707,251658240,257698037760
13,8,1,2,8192,32768,1.370537567138672,1.3795231819152831,1.3749936103820801,0.004235386848449707,251658240,2061584302080
13,8,1,2,1,131072,1.443571186065674,1.3633407592773437,1.357532787322998,0.004235386848449707,1006632960,1006632960
13,8,1,2,128,131072,1.3687583923339843,1.3673791885375977,1.3572400093078614,0.004235386848449707,1006632960,128849018880
13,8,1,2,1024,131072,1.8242559432983398,1.8279136657714843,1.8174911499023438,0.004235386848449707,1006632960,1030792151040
13,8,1,2,8192,131072,5.513187026977539,5.67927360534668,5.6845649719238285,0.004235386848449707,1006632960,8246337208320
13,8,1,2,1,1048576,10.799622344970704,10.810297393798828,10.79494857788086,0.004235386848449707,8053063680,8053063680
13,8,1,2,128,1048576,10.839488220214843,10.837660980224609,10.82724609375,0.004235386848449707,8053063680,1030792151040
13,8,1,2,1024,1048576,14.465164184570312,14.468333435058593,14.458346557617187,0.004235386848449707,8053063680,8246337208320
13,8,1,2,8192,1048576,47.05522155761719,46.542947387695314,48.020721435546875,0.004235386848449707,8053063680,65970697666560
13,4,2,2,1,32768,0.19019839763641358,0.471395206451416,0.21740961074829102,0.0021386444568634033,251658240,251658240
13,4,2,2,128,32768,0.186735999584198,0.5301663875579834,0.2258671998977661,0.0021386444568634033,251658240,32212254720
13,4,2,2,1024,32768,0.2504447937011719,0.4908576011657715,0.3335952043533325,0.0021386444568634033,251658240,257698037760
13,4,2,2,8192,32768,1.3725119590759278,1.6988544464111328,1.6913743972778321,0.0021386444568634033,251658240,2061584302080
13,4,2,2,1,131072,0.6952415943145752,0.7555007934570312,0.7399392127990723,0.0021386444568634033,1006632960,1006632960
13,4,2,2,128,131072,0.6985727787017822,0.7518879890441894,0.7374959945678711,0.0021386444568634033,1006632960,128849018880
13,4,2,2,1024,131072,0.9430047988891601,1.0432031631469727,1.0308223724365235,0.0021386444568634033,1006632960,1030792151040
13,4,2,2,8192,131072,5.646329498291015,6.024284744262696,5.972761535644532,0.0021386444568634033,1006632960,8246337208320
13,4,2,2,1,1048576,5.4736064910888675,5.523782348632812,5.5080078125,0.0021386444568634033,8053063680,8053063680
13,4,2,2,128,1048576,5.479417419433593,5.5380126953125,5.517259216308593,0.0021386444568634033,8053063680,1030792151040
13,4,2,2,1024,1048576,7.433439636230469,7.529618835449218,7.555500793457031,0.0021386444568634033,8053063680,8246337208320
13,4,2,2,8192,1048576,49.14747314453125,47.79585266113281,49.28762512207031,0.0021386444568634033,8053063680,65970697666560
13,2,4,2,1,32768,0.11325759887695312,0.49103679656982424,0.14559199810028076,0.0015176832675933838,251658240,251658240
13,2,4,2,128,32768,0.10819519758224487,0.5523776054382324,0.1673632025718689,0.0015176832675933838,251658240,32212254720
13,2,4,2,1024,32768,0.2637984037399292,0.48453121185302733,0.4200928211212158,0.0015176832675933838,251658240,257698037760
13,2,4,2,8192,32768,1.246412754058838,1.9570688247680663,1.9407312393188476,0.0015176832675933838,251658240,2061584302080
13,2,4,2,1,131072,0.37322239875793456,0.5007487773895264,0.41281280517578123,0.0015176832675933838,1006632960,1006632960
13,2,4,2,128,131072,0.3631103992462158,0.531990385055542,0.4253824234008789,0.0015176832675933838,1006632960,128849018880
13,2,4,2,1024,131072,0.9772159576416015,1.3015968322753906,1.136747169494629,0.0015176832675933838,1006632960,1030792151040
13,2,4,2,8192,131072,5.383760070800781,6.243619155883789,6.128838348388672,0.0015176832675933838,1006632960,8246337208320
13,2,4,2,1,1048576,2.80996150970459,2.854863929748535,2.840902328491211,0.0015176832675933838,8053063680,8053063680
13,2,4,2,128,1048576,2.799894332885742,2.879414367675781,2.8630207061767576,0.0015176832675933838,8053063680,1030792151040
13,2,4,2,1024,1048576,7.732595062255859,7.874041748046875,7.898267364501953,0.0015176832675933838,8053063680,8246337208320
13,2,4,2,8192,1048576,46.0621337890625,46.702371215820314,47.791806030273435,0.0015176832675933838,8053063680,65970697666560
14,16,1,1,1,32768,0.34777278900146485,0.34679040908813474,0.33840160369873046,0.0023443102836608887,125829120,125829120
14,16,1,1,128,32768,0.3468832015991211,0.3456768035888672,0.3401328086853027,0.0023443102836608887,125829120,16106127360
14,16,1,1,1024,32768,0.4680480003356934,0.4719391822814941,0.4584767818450928,0.0023443102836608887,125829120,128849018880
14,16,1,1,8192,32768,0.9081600189208985,0.907926368713379,0.8971183776855469,0.0023443102836608887,125829120,1030792151040
14,16,1,1,1,131072,1.3579839706420898,1.3689791679382324,1.3486080169677734,0.0023443102836608887,503316480,503316480
14,16,1,1,128,131072,1.3568608283996582,1.3560928344726562,1.3492992401123047,0.0023443102836608887,503316480,64424509440
14,16,1,1,1024,131072,1.8124639511108398,1.8104576110839843,1.802587127685547,0.0023443102836608887,503316480,515396075520
14,16,1,1,8192,131072,3.5331710815429687,3.5246944427490234,3.5148990631103514,0.0023443102836608887,503316480,4123168604160
14,16,1,1,1,1048576,10.753183746337891,10.729459381103515,10.720523071289062,0.0023443102836608887,4026531840,4026531840
14,16,1,1,128,1048576,10.735151672363282,10.734822082519532,10.727812957763671,0.0023443102836608887,4026531840,515396075520
14,16,1,1,1024,1048576,14.376162719726562,14.381756591796876,14.369024658203125,0.0023443102836608887,4026531840,4123168604160
14,16,1,1,8192,1048576,28.137969970703125,28.220428466796875,28.2751708984375,0.0023443102836608887,4026531840,32985348833280
14,8,2,1,1,32768,0.18576960563659667,0.376310396194458,0.21296319961547852,0.0022080540657043457,125829120,125829120
14,8,2,1,128,32768,0.18513280153274536,0.3616640090942383,0.21846239566802977,0.0022080540657043457,125829120,16106127360
14,8,2,1,1024,32768,0.24330239295959472,0.36839680671691893,0.3149967908859253,0.0022080540657043457,125829120,128849018880
14,8,2,1,8192,32768,0.7054240226745605,0.8945887565612793,0.8823295593261719,0.0022080540657043457,125829120,1030792151040
14,8,2,1,1,131072,0.6926080226898194,0.743503999710083,0.7374256134033204,0.0022080540657043457,503316480,503316480
14,8,2,1,128,131072,0.6906432151794434,0.735811185836792,0.7289984226226807,0.0022080540657043457,503316480,64424509440
14,8,2,1,1024,131072,0.920025634765625,1.0004287719726563,0.9902432441711426,0.0022080540657043457,503316480,515396075520
14,8,2,1,8192,131072,2.6938400268554688,3.0568607330322264,2.9109840393066406,0.0022080540657043457,503316480,4123168604160
14,8,2,1,1,1048576,5.4436382293701175,5.505481719970703,5.466998291015625,0.0022080540657043457,4026531840,4026531840
14,8,2,1,128,1048576,5.424646377563477,5.4804737091064455,5.473688125610352,0.0022080540657043457,4026531840,515396075520
14,8,2,1,1024,1048576,7.250214385986328,7.330454254150391,7.323159790039062,0.0022080540657043457,4026531840,4123168604160
14,8,2,1,8192,1048576,23.2323974609375,23.958096313476563,23.512242126464844,0.0022080540657043457,4026531840,32985348833280
14,4,4,1,1,32768,0.10160959959030151,0.3763808012008667,0.1424031972885132,0.0013860464096069336,125829120,125829120
14,4,4,1,128,32768,0.10160319805145264,0.362771201133728,0.15234240293502807,0.0013860464096069336,125829120,16106127360
14,4,4,1,1024,32768,0.13562239408493043,0.5896128177642822,0.23602559566497802,0.0013860464096069336,125829120,128849018880
14,4,4,1,8192,32768,0.6981152057647705,1.0771167755126954,1.0727760314941406,0.0013860464096069336,125829120,1030792151040
14,4,4,1,1,131072,0.3579456090927124,0.4056992053985596,0.396563196182251,0.0013860464096069336,503316480,503316480
14,4,4,1,128,131072,0.3571743965148926,0.4162623882293701,0.40953922271728516,0.0013860464096069336,503316480,64424509440
14,4,4,1,1024,131072,0.48377280235290526,0.5906303882598877,0.5834959983825684,0.0013860464096069336,503316480,515396075520
14,4,4,1,8192,131072,2.742176055908203,3.3687297821044924,3.210865783691406,0.0013860464096069336,503316480,4123168604160
14,4,4,1,1,1048576,2.8999584197998045,2.797929573059082,2.7890560150146486,0.0013860464096069336,4026531840,4026531840
14,4,4,1,128,1048576,2.7487424850463866,2.806620788574219,2.7979007720947267,0.0013860464096069336,4026531840,515396075520
14,4,4,1,1024,1048576,3.735414505004883,3.854844665527344,3.829467010498047,0.0013860464096069336,4026531840,4123168604160
14,4,4,1,8192,1048576,23.220684814453126,26.255386352539062,24.86158905029297,0.0013860464096069336,4026531840,32985348833280
14,2,8,1,1,32768,0.0743552029132843,0.4069983959197998,0.12339680194854737,0.0014489591121673584,125829120,125829120
14,2,8,1,128,32768,0.08117120265960694,0.40560002326965333,0.16239839792251587,0.0014489591121673584,125829120,16106127360
14,2,8,1,1024,32768,0.14600000381469727,0.47302398681640623,0.34260480403900145,0.0014489591121673584,125829120,128849018880
14,2,8,1,8192,32768,0.658684778213501,1.3817440032958985,1.3643775939941407,0.0014489591121673584,125829120,1030792151040
14,2,8,1,1,131072,0.19001280069351195,0.5651679992675781,0.2546128034591675,0.0014489591121673584,503316480,503316480
14,2,8,1,128,131072,0.1914911985397339,0.3978111982345581,0.2928879976272583,0.0014489591121673584,503316480,64424509440
14,2,8,1,1024,131072,0.5089727878570557,0.7221439838409424,0.7070816040039063,0.0014489591121673584,503316480,515396075520
14,2,8,1,8192,131072,2.5345151901245115,3.6857662200927734,3.4081329345703124,0.0014489591121673584,503316480,4123168604160
14,2,8,1,1,1048576,1.4805503845214845,1.5485183715820312,1.4689104080200195,0.0014489591121673584,4026531840,4026531840
14,2,8,1,128,1048576,1.406668758392334,1.5207072257995606,1.509216022491455,0.0014489591121673584,4026531840,515396075520
14,2,8,1,1024,1048576,3.8483009338378906,4.094147109985352,4.0678447723388675,0.0014489591121673584,4026531840,4123168604160
14,2,8,1,8192,1048576,22.376039123535158,25.268409729003906,24.5415771484375,0.0014489591121673584,4026531840,32985348833280
14,1,16,1,1,32768,0.07664960026741027,0.4935391902923584,0.15131839513778686,0.0008585304021835327,125829120,125829120
14,1,16,1,128,32768,0.0726207971572876,2.3656768798828125,0.1965391993522644,0.0008585304021835327,125829120,16106127360
14,1,16,1,1024,32768,0.12192959785461426,0.5111616134643555,0.4524752140045166,0.0008585304021835327,125829120,128849018880
14,1,16,1,8192,32768,0.6983424186706543,2.0909631729125975,2.0693471908569334,0.0008585304021835327,125829120,1030792151040
14,1,16,1,1,131072,0.10827840566635132,0.532966423034668,0.21841280460357665,0.0008585304021835327,503316480,503316480
14,1,16,1,128,131072,0.10971200466156006,0.4109856128692627,0.26704959869384765,0.0008585304021835327,503316480,64424509440
14,1,16,1,1024,131072,0.4026495933532715,0.7477215766906739,0.7333968162536622,0.0008585304021835327,503316480,515396075520
14,1,16,1,8192,131072,2.4464704513549806,4.185321426391601,3.8540767669677733,0.0008585304021835327,503316480,4123168604160
14,1,16,1,1,1048576,0.7558656215667725,0.8994239807128906,0.8662735939025878,0.0008585304021835327,4026531840,4026531840
14,1,16,1,128,1048576,0.7461952209472656,0.9302559852600097,0.9028639793395996,0.0008585304021835327,4026531840,515396075520
14,1,16,1,1024,1048576,2.953251266479492,3.555401611328125,3.4765697479248048,0.0008585304021835327,4026531840,4123168604160
14,1,16,1,8192,1048576,22.963072204589842,25.267430114746094,24.824362182617186,0.0008585304021835327,4026531840,32985348833280
14,4,1,4,1,32768,0.36896638870239257,0.3572160005569458,0.34873759746551514,0.0033338069915771484,503316480,503316480
14,4,1,4,128,32768,0.35621440410614014,0.3555295944213867,0.35085439682006836,0.0033338069915771484,503316480,64424509440
14,4,1,4,1024,32768,0.4838399887084961,0.483948802947998,0.47674880027770994,0.0033338069915771484,503316480,515396075520
14,4,1,4,8192,32768,2.752780723571777,2.811440086364746,2.7744976043701173,0.0033338069915771484,503316480,4123168604160
14,4,1,4,1,131072,1.5395872116088867,1.4041343688964845,1.3750096321105958,0.0033338069915771484,2013265920,2013265920
14,4,1,4,128,131072,1.3832703590393067,1.3834752082824706,1.3758992195129394,0.0033338069915771484,2013265920,257698037760
14,4,1,4,1024,131072,1.8729087829589843,1.8795295715332032,1.8655231475830079,0.0033338069915771484,2013265920,2061584302080
14,4,1,4,8192,131072,11.689148712158204,11.675814056396485,11.986561584472657,0.0033338069915771484,2013265920,16492674416640
14,4,1,4,1,1048576,10.949334716796875,10.951177978515625,10.939012908935547,0.0033338069915771484,16106127360,16106127360
14,4,1,4,128,1048576,10.946246337890624,10.949440002441406,10.938626861572265,0.0033338069915771484,16106127360,2061584302080
14,4,1,4,1024,1048576,14.940438842773437,15.026725769042969,15.266621398925782,0.0033338069915771484,16106127360,16492674416640
14,4,1,4,8192,1048576,100.77058715820313,99.66636352539062,100.07266845703126,0.0033338069915771484,16106127360,131941395333120
14,8,1,2,1,32768,0.3555327892303467,0.354803204536438,0.34699039459228515,0.0019292831420898438,251658240,251658240
14,8,1,2,128,32768,0.35536000728607176,0.35487680435180663,0.3483119964599609,0.0019292831420898438,251658240,32212254720
14,8,1,2,1024,32768,0.4701632022857666,0.4696320056915283,0.4628431797027588,0.0019292831420898438,251658240,257698037760
14,8,1,2,8192,32768,1.36494722366333,1.372598361968994,1.4051103591918945,0.0019292831420898438,251658240,2061584302080
14,8,1,2,1,131072,1.461507225036621,1.4145407676696777,1.3624367713928223,0.0019292831420898438,1006632960,1006632960
14,8,1,2,128,131072,1.371513557434082,1.371388816833496,1.364475154876709,0.0019292831420898438,1006632960,128849018880
14,8,1,2,1024,131072,1.8242559432983398,1.8247648239135743,1.8196895599365235,0.0019292831420898438,1006632960,1030792151040
14,8,1,2,8192,131072,5.514041519165039,5.705212783813477,5.75214729309082,0.0019292831420898438,1006632960,8246337208320
14,8,1,2,1,1048576,10.848809814453125,10.838877105712891,10.827407836914062,0.0019292831420898438,8053063680,8053063680
14,8,1,2,128,1048576,10.836691284179688,10.837478637695312,10.827409362792968,0.0019292831420898438,8053063680,1030792151040
14,8,1,2,1024,1048576,14.48663330078125,14.486422729492187,14.47591552734375,0.0019292831420898438,8053063680,8246337208320
14,8,1,2,8192,1048576,46.09119567871094,47.01788330078125,48.23618774414062,0.0019292831420898438,8053063680,65970697666560
14,4,2,2,1,32768,0.18677120208740233,0.33107519149780273,0.21563999652862548,0.0022193193435668945,251658240,251658240
14,4,2,2,128,32768,0.18787839412689208,0.3370687961578369,0.22547519207000732,0.0022193193435668945,251658240,32212254720
14,4,2,2,1024,32768,0.25108160972595217,0.35303359031677245,0.3322848081588745,0.0022193193435668945,251658240,257698037760
14,4,2,2,8192,32768,1.3780192375183105,1.7214015960693358,1.68712158203125,0.0022193193435668945,251658240,2061584302080
14,4,2,2,1,131072,0.7215807914733887,0.7792191982269288,0.7258751869201661,0.0022193193435668945,1006632960,1006632960
14,4,2,2,128,131072,0.6990687847137451,0.7460288047790528,0.7373456001281739,0.0022193193435668945,1006632960,128849018880
14,4,2,2,1024,131072,0.9464511871337891,1.0369312286376953,1.0334015846252442,0.0022193193435668945,1006632960,1030792151040
14,4,2,2,8192,131072,5.666080093383789,6.110764694213867,6.0383342742919925,0.0022193193435668945,1006632960,8246337208320
14,4,2,2,1,1048576,5.475471878051758,5.519766235351563,5.511376190185547,0.0022193193435668945,8053063680,8053063680
14,4,2,2,128,1048576,5.481843185424805,5.532559967041015,5.517822265625,0.0022193193435668945,8053063680,1030792151040
14,4,2,2,1024,1048576,7.485619354248047,7.621270751953125,7.611768341064453,0.0022193193435668945,8053063680,8246337208320
14,4,2,2,8192,1048576,50.11756896972656,49.09901733398438,50.3297607421875,0.0022193193435668945,8053063680,65970697666560
14,2,4,2,1,32768,0.10351040363311767,0.48293437957763674,0.1457568049430847,0.0015176832675933838,251658240,251658240
14,2,4,2,128,32768,0.10358719825744629,0.5514719963073731,0.16799360513687134,0.0015176832675933838,251658240,32212254720
14,2,4,2,1024,32768,0.26365439891815184,0.48476481437683105,0.42003521919250486,0.0015176832675933838,251658240,257698037760
14,2,4,2,8192,32768,1.2503647804260254,1.9596736907958985,1.940870475769043,0.0015176832675933838,251658240,2061584302080
14,2,4,2,1,131072,0.3743839979171753,0.5036799907684326,0.41301441192626953,0.0015176832675933838,1006632960,1006632960
14,2,4,2,128,131072,0.3640928030014038,0.5330207824707032,0.42541918754577634,0.0015176832675933838,1006632960,128849018880
14,2,4,2,1024,131072,0.9835680007934571,1.3044896125793457,1.1370160102844238,0.0015176832675933838,1006632960,1030792151040
14,2,4,2,8192,131072,5.300390243530273,6.243167877197266,6.130217742919922,0.0015176832675933838,1006632960,8246337208320
14,2,4,2,1,1048576,2.9473920822143556,2.857491111755371,2.8411487579345702,0.0015176832675933838,8053063680,8053063680
14,2,4,2,128,1048576,2.802105522155762,2.881488037109375,2.8626880645751953,0.0015176832675933838,8053063680,1030792151040
14,2,4,2,1024,1048576,7.690080261230468,7.874700927734375,7.899292755126953,0.0015176832675933838,8053063680,8246337208320
14,2,4,2,8192,1048576,47.0187744140625,46.707760620117185,47.794314575195315,0.0015176832675933838,8053063680,65970697666560
15,16,1,1,1,32768,0.3516639947891235,0.3486848115921021,0.3420943975448608,0.001998007297515869,125829120,125829120
15,16,1,1,128,32768,0.34885439872741697,0.34851200580596925,0.3421328067779541,0.001998007297515869,125829120,16106127360
15,16,1,1,1024,32768,0.46961278915405275,0.4687967777252197,0.4596384048461914,0.001998007297515869,125829120,128849018880
15,16,1,1,8192,32768,0.9165535926818847,0.9123519897460938,0.9013551712036133,0.001998007297515869,125829120,1030792151040
15,16,1,1,1,131072,1.3645440101623536,1.3639776229858398,1.356328010559082,0.001998007297515869,503316480,503316480
15,16,1,1,128,131072,1.3640735626220704,1.363276767730713,1.3562735557556151,0.001998007297515869,503316480,64424509440
15,16,1,1,1024,131072,1.8167903900146485,1.8161855697631837,1.8097312927246094,0.001998007297515869,503316480,515396075520
15,16,1,1,8192,131072,3.5733566284179688,3.538227081298828,3.5048641204833983,0.001998007297515869,503316480,4123168604160
15,16,1,1,1,1048576,10.811561584472656,10.804732513427734,10.793402862548827,0.001998007297515869,4026531840,4026531840
15,16,1,1,128,1048576,10.795085144042968,10.793251037597656,10.784535980224609,0.001998007297515869,4026531840,515396075520
15,16,1,1,1024,1048576,14.413909912109375,14.409651184082032,14.402444458007812,0.001998007297515869,4026531840,4123168604160
15,16,1,1,8192,1048576,28.317657470703125,28.026101684570314,28.476882934570312,0.001998007297515869,4026531840,32985348833280
15,8,2,1,1,32768,0.1866368055343628,0.3755903959274292,0.21288321018218995,0.0022080540657043457,125829120,125829120
15,8,2,1,128,32768,0.18617279529571534,0.3582335948944092,0.21845760345458984,0.0022080540657043457,125829120,16106127360
15,8,2,1,1024,32768,0.24416959285736084,0.3681312084197998,0.31487040519714354,0.0022080540657043457,125829120,128849018880
15,8,2,1,8192,32768,0.7090271949768067,0.8947744369506836,0.8823424339294433,0.0022080540657043457,125829120,1030792151040
15,8,2,1,1,131072,0.6946112155914307,0.7436416149139404,0.7375743865966797,0.0022080540657043457,503316480,503316480
15,8,2,1,128,131072,0.7141183853149414,0.7363200187683105,0.72914719581604,0.0022080540657043457,503316480,64424509440
15,8,2,1,1024,131072,0.9198816299438477,1.000601577758789,0.9904784202575684,0.0022080540657043457,503316480,515396075520
15,8,2,1,8192,131072,2.6773216247558596,3.057644844055176,2.911484718322754,0.0022080540657043457,503316480,4123168604160
15,8,2,1,1,1048576,5.458073425292969,5.505699157714844,5.467062377929688,0.0022080540657043457,4026531840,4026531840
15,8,2,1,128,1048576,5.439270401000977,5.480691146850586,5.47369613647461,0.0022080540657043457,4026531840,515396075520
15,8,2,1,1024,1048576,7.22985610961914,7.3305503845214846,7.323137664794922,0.0022080540657043457,4026531840,4123168604160
15,8,2,1,8192,1048576,22.87271728515625,23.960018920898438,23.511927795410156,0.0022080540657043457,4026531840,32985348833280
15,4,4,1,1,32768,0.1023103952407837,0.3785504102706909,0.14231040477752685,0.0013860464096069336,125829120,125829120
15,4,4,1,128,32768,0.1024351954460144,0.35828800201416017,0.152401602268219,0.0013860464096069336,125829120,16106127360
15,4,4,1,1024,32768,0.13472000360488892,0.589631986618042,0.23614718914031982,0.0013860464096069336,125829120,128849018880
15,4,4,1,8192,32768,0.7040703773498536,1.0776864051818849,1.0724783897399903,0.0013860464096069336,125829120,1030792151040
15,4,4,1,1,131072,0.35819520950317385,0.40612478256225587,0.3966592073440552,0.0013860464096069336,503316480,503316480
15,4,4,1,128,131072,0.35834240913391113,0.41677441596984866,0.40963039398193357,0.0013860464096069336,503316480,64424509440
15,4,4,1,1024,131072,0.48315839767456054,0.5912288188934326,0.5838287830352783,0.0013860464096069336,503316480,515396075520
15,4,4,1,8192,131072,2.7221023559570314,3.3694526672363283,3.2118545532226563,0.0013860464096069336,503316480,4123168604160
15,4,4,1,1,1048576,2.841584014892578,2.7979583740234375,2.789115142822266,0.0013860464096069336,4026531840,4026531840
15,4,4,1,128,1048576,2.745155143737793,2.807097625732422,2.799153518676758,0.0013860464096069336,4026531840,515396075520
15,4,4,1,1024,1048576,3.723081588745117,3.8550273895263674,3.8295536041259766,0.0013860464096069336,4026531840,4123168604160
15,4,4,1,8192,1048576,23.611331176757812,26.255450439453124,24.860516357421876,0.0013860464096069336,4026531840,32985348833280
15,2,8,1,1,32768,0.07361279726028443,0.4071360111236572,0.1241871953010559,0.0014489591121673584,125829120,125829120
15,2,8,1,128,32768,0.08600320219993592,0.4112544059753418,0.16279040575027465,0.0014489591121673584,125829120,16106127360
15,2,8,1,1024,32768,0.1431615948677063,0.4764736175537109,0.342907190322876,0.0014489591121673584,125829120,128849018880
15,2,8,1,8192,32768,0.6565216064453125,1.3822367668151856,1.364635181427002,0.0014489591121673584,125829120,1030792151040
15,2,8,1,1,131072,0.18902720212936402,0.5654975891113281,0.2547087907791138,0.0014489591121673584,503316480,503316480
15,2,8,1,128,131072,0.19018239974975587,0.39812159538269043,0.2931663990020752,0.0014489591121673584,503316480,64424509440
15,2,8,1,1024,131072,0.5045087814331055,0.7223648071289063,0.7074399948120117,0.0014489591121673584,503316480,515396075520
15,2,8,1,8192,131072,2.535763168334961,3.686646270751953,3.408537673950195,0.0014489591121673584,503316480,4123168604160
15,2,8,1,1,1048576,1.4256159782409668,1.5488191604614259,1.4690784454345702,0.0014489591121673584,4026531840,4026531840
15,2,8,1,128,1048576,1.4044511795043946,1.5210047721862794,1.509382438659668,0.0014489591121673584,4026531840,515396075520
15,2,8,1,1024,1048576,3.82608642578125,4.09477424621582,4.0680286407470705,0.0014489591121673584,4026531840,4123168604160
15,2,8,1,8192,1048576,22.59247741699219,25.26865234375,24.542662048339842,0.0014489591121673584,4026531840,32985348833280
15,1,16,1,1,32768,0.07042239904403687,0.4935616016387939,0.15133440494537354,0.0008585304021835327,125829120,125829120
15,1,16,1,128,32768,0.07360960245132446,2.365785598754883,0.196668803691864,0.0008585304021835327,125829120,16106127360
15,1,16,1,1024,32768,0.12025279998779297,0.5111199855804444,0.45255517959594727,0.0008585304021835327,125829120,128849018880
15,1,16,1,8192,32768,0.6955359935760498,2.091961669921875,2.069393539428711,0.0008585304021835327,125829120,1030792151040
15,1,16,1,1,131072,0.10766079425811767,0.5330976009368896,0.21854400634765625,0.0008585304021835327,503316480,503316480
15,1,16,1,128,131072,0.109334397315979,0.41143999099731443,0.2671760082244873,0.0008585304021835327,503316480,64424509440
15,1,16,1,1024,131072,0.39841279983520506,0.7477439880371094,0.7334400177001953,0.0008585304021835327,503316480,515396075520
15,1,16,1,8192,131072,2.4392480850219727,4.186038589477539,3.8545486450195314,0.0008585304021835327,503316480,4123168604160
15,1,16,1,1,1048576,0.7627808094024658,0.8997152328491211,0.8663392066955566,0.0008585304021835327,4026531840,4026531840
15,1,16,1,128,1048576,0.745798397064209,0.930412769317627,0.9028415679931641,0.0008585304021835327,4026531840,515396075520
15,1,16,1,1024,1048576,2.921753692626953,3.5563518524169924,3.4767391204833986,0.0008585304021835327,4026531840,4123168604160
15,1,16,1,8192,1048576,23.2276611328125,25.265664672851564,24.825238037109376,0.0008585304021835327,4026531840,32985348833280
15,4,1,4,1,32768,0.46776638031005857,0.35687038898468015,0.3493936061859131,0.002199709415435791,503316480,503316480
15,4,1,4,128,32768,0.35790081024169923,0.35677759647369384,0.3500783920288086,0.002199709415435791,503316480,64424509440
15,4,1,4,1024,32768,0.48165440559387207,0.4825471878051758,0.4747312068939209,0.002199709415435791,503316480,515396075520
15,4,1,4,8192,32768,2.7356544494628907,2.876051139831543,2.8571407318115236,0.002199709415435791,503316480,4123168604160
15,4,1,4,1,131072,1.378435230255127,1.3823424339294434,1.3729599952697753,0.002199709415435791,2013265920,2013265920
15,4,1,4,128,131072,1.3806559562683105,1.3799776077270507,1.3731295585632324,0.002199709415435791,2013265920,257698037760
15,4,1,4,1024,131072,1.8663200378417968,1.8708288192749023,1.8641023635864258,0.002199709415435791,2013265920,2061584302080
15,4,1,4,8192,131072,11.633148956298829,11.604528045654297,12.214876556396485,0.002199709415435791,2013265920,16492674416640
15,4,1,4,1,1048576,10.93316192626953,10.933958435058594,10.923168182373047,0.002199709415435791,16106127360,16106127360
15,4,1,4,128,1048576,10.926771545410157,10.928313446044921,10.919387054443359,0.002199709415435791,16106127360,2061584302080
15,4,1,4,1024,1048576,14.993437194824219,15.05067138671875,15.293539428710938,0.002199709415435791,16106127360,16492674416640
15,4,1,4,8192,1048576,99.39063110351563,98.96060791015626,100.90208129882812,0.002199709415435791,16106127360,131941395333120
15,8,1,2,1,32768,0.35421440601348875,0.35513279438018797,0.3472032070159912,0.002253890037536621,251658240,251658240
15,8,1,2,128,32768,0.35386879444122316,0.35526719093322756,0.34719200134277345,0.002253890037536621,251658240,32212254720
15,8,1,2,1024,32768,0.46942720413208006,0.46881918907165526,0.46132798194885255,0.002253890037536621,251658240,257698037760
15,8,1,2,8192,32768,1.358505630493164,1.3743167877197267,1.3866304397583007,0.002253890037536621,251658240,2061584302080
15,8,1,2,1,131072,1.3936767578125,1.3663519859313964,1.362180805206299,0.002253890037536621,1006632960,1006632960
15,8,1,2,128,131072,1.3682623863220216,1.36845121383667,1.3622112274169922,0.002253890037536621,1006632960,128849018880
15,8,1,2,1024,131072,1.8213983535766602,1.820035171508789,1.8131488800048827,0.002253890037536621,1006632960,1030792151040
15,8,1,2,8192,131072,5.5019775390625,5.813142395019531,5.58460807800293,0.002253890037536621,1006632960,8246337208320
15,8,1,2,1,1048576,10.845555114746094,10.847459411621093,10.836039733886718,0.002253890037536621,8053063680,8053063680
15,8,1,2,128,1048576,10.839132690429688,10.841139221191407,10.830818939208985,0.002253890037536621,8053063680,1030792151040
15,8,1,2,1024,1048576,14.445248413085938,14.450537109375,14.437205505371093,0.002253890037536621,8053063680,8246337208320
15,8,1,2,8192,1048576,46.66351318359375,47.381649780273435,47.836245727539065,0.002253890037536621,8053063680,65970697666560
15,4,2,2,1,32768,0.1870784044265747,0.3304064035415649,0.2158560037612915,0.0022193193435668945,251658240,251658240
15,4,2,2,128,32768,0.18707200288772582,0.3344383955001831,0.22554399967193603,0.0022193193435668945,251658240,32212254720
15,4,2,2,1024,32768,0.25109760761260985,0.3529792070388794,0.33247039318084715,0.0022193193435668945,251658240,257698037760
15,4,2,2,8192,32768,1.3723423957824707,1.7214815139770507,1.6869359970092774,0.0022193193435668945,251658240,2061584302080
15,4,2,2,1,131072,0.6980063915252686,0.7794367790222168,0.7259151935577393,0.0022193193435668945,1006632960,1006632960
15,4,2,2,128,131072,0.698425579071045,0.7461984157562256,0.7374959945678711,0.0022193193435668945,1006632960,128849018880
15,4,2,2,1024,131072,0.9430975914001465,1.0369215965270997,1.033563232421875,0.0022193193435668945,1006632960,1030792151040
15,4,2,2,8192,131072,5.545276641845703,6.111520004272461,6.039262390136718,0.0022193193435668945,1006632960,8246337208320
15,4,2,2,1,1048576,5.476204681396484,5.519900894165039,5.511726379394531,0.0022193193435668945,8053063680,8053063680
15,4,2,2,128,1048576,5.47276496887207,5.532575988769532,5.518084716796875,0.0022193193435668945,8053063680,1030792151040
15,4,2,2,1024,1048576,7.466275024414062,7.621385955810547,7.612944030761719,0.0022193193435668945,8053063680,8246337208320
15,4,2,2,8192,1048576,48.95364685058594,49.095733642578125,50.33089904785156,0.0022193193435668945,8053063680,65970697666560
15,2,4,2,1,32768,0.10215359926223755,0.48364481925964353,0.14583040475845338,0.0015176832675933838,251658240,251658240
15,2,4,2,128,32768,0.10342400074005127,0.552288007736206,0.16810879707336426,0.0015176832675933838,251658240,32212254720
15,2,4,2,1024,32768,0.263318395614624,0.48504958152770994,0.42020478248596194,0.0015176832675933838,251658240,257698037760
15,2,4,2,8192,32768,1.2454208374023437,1.9589632034301758,1.9417152404785156,0.0015176832675933838,251658240,2061584302080
15,2,4,2,1,131072,0.37940800189971924,0.5041535854339599,0.41326241493225097,0.0015176832675933838,1006632960,1006632960
15,2,4,2,128,131072,0.3637727975845337,0.5336895942687988,0.42571201324462893,0.0015176832675933838,1006632960,128849018880
15,2,4,2,1024,131072,0.9775744438171386,1.3048447608947753,1.1372159957885741,0.0015176832675933838,1006632960,1030792151040
15,2,4,2,8192,131072,5.378355026245117,6.240588760375976,6.132006454467773,0.0015176832675933838,1006632960,8246337208320
15,2,4,2,1,1048576,2.796313667297363,2.858016014099121,2.841267204284668,0.0015176832675933838,8053063680,8053063680
15,2,4,2,128,1048576,2.797990417480469,2.8815744400024412,2.8641664505004885,0.0015176832675933838,8053063680,1030792151040
15,2,4,2,1024,1048576,7.651414489746093,7.875334167480469,7.899259185791015,0.0015176832675933838,8053063680,8246337208320
15,2,4,2,8192,1048576,48.65009460449219,46.702066040039064,47.792214965820314,0.0015176832675933838,8053063680,65970697666560
