type,query_id,prompt_len,output_len,num_total_tokens,pd_ratio
issue,2845,935501,372,935873,2514.787634408602
issue,4538,747799,697,748496,1072.8823529411766
issue,1546,811264,426,811690,1904.37558685446
issue,1785,465581,399,465980,1166.8696741854635
issue,3173,303962,527,304489,576.7779886148007
issue,3317,379717,297,380014,1278.5084175084176
issue,2912,687288,470,687758,1462.3148936170212
issue,940,811347,1303,812650,622.6761320030698
issue,344,243887,160,244047,1524.29375
issue,4275,716325,267,716592,2682.8651685393256
issue,76,287538,658,288196,436.9878419452888
issue,2410,942110,564,942674,1670.4078014184397
issue,3877,606489,749,607238,809.7316421895861
issue,1787,923297,617,923914,1496.4294975688815
issue,4649,995331,354,995685,2811.669491525424
issue,2206,923541,705,924246,1309.9872340425532
issue,4375,100628,394,101022,255.4010152284264
issue,229,465749,741,466490,628.5411605937921
issue,4599,687202,721,687923,953.123439667129
issue,1040,737534,448,737982,1646.28125
issue,1238,587442,956,588398,614.479079497908
issue,654,101472,86,101558,1179.906976744186
issue,3408,123774,257,124031,481.6108949416342
issue,943,214407,759,215166,282.4861660079051
issue,3023,807705,417,808122,1936.942446043165
issue,3935,303716,270,303986,1124.874074074074
issue,4848,263752,394,264146,669.4213197969543
issue,1042,233886,152,234038,1538.7236842105262
issue,518,490586,661,491247,742.1875945537065
issue,3612,412936,239,413175,1727.765690376569
issue,3644,737647,681,738328,1083.1820851688692
issue,4576,954690,219,954909,4359.315068493151
issue,375,530926,600,531526,884.8766666666667
issue,3337,101995,673,102668,151.55274888558694
issue,2352,584049,220,584269,2654.768181818182
issue,2862,923939,228,924167,4052.36403508772
issue,1348,503977,866,504843,581.959584295612
issue,360,653870,368,654238,1776.820652173913
issue,783,256851,464,257315,553.5581896551724
issue,996,206638,479,207117,431.3945720250522
issue,3489,425062,1272,426334,334.1682389937107
issue,4459,261292,548,261840,476.81021897810217
issue,232,425155,271,425426,1568.8376383763837
issue,1075,247599,365,247964,678.3534246575342
issue,538,727922,303,728225,2402.3828382838283
issue,2231,492537,562,493099,876.4003558718862
issue,1815,182448,792,183240,230.3636363636364
issue,1320,727626,86,727712,8460.767441860466
issue,4541,283338,432,283770,655.875
issue,3815,261217,33,261250,7915.666666666667
issue,3178,118069,295,118364,400.2338983050847
issue,3913,923749,461,924210,2003.7939262472885
issue,1314,344655,720,345375,478.6875
issue,103,327424,544,327968,601.8823529411765
issue,1539,252474,799,253273,315.9874843554443
issue,2027,954474,94,954568,10153.978723404256
issue,2315,556576,581,557157,957.9621342512908
issue,748,113045,439,113484,257.50569476082006
issue,3166,332505,628,333133,529.4665605095541
issue,1656,466430,253,466683,1843.596837944664
issue,682,716275,530,716805,1351.4622641509434
issue,2498,556573,150,556723,3710.486666666666
issue,301,347085,810,347895,428.5
issue,3700,141720,695,142415,203.9136690647482
issue,3004,328251,707,328958,464.28712871287127
issue,1102,402583,213,402796,1890.0610328638495
issue,381,478709,1009,479718,474.4390485629336
issue,4423,123787,190,123977,651.5105263157894
issue,3702,839926,129,840055,6511.054263565891
issue,4632,174083,871,174954,199.86567164179104
issue,4823,254026,408,254434,622.6127450980392
issue,960,924536,1321,925857,699.8758516275549
issue,1484,119605,655,120260,182.6030534351145
issue,87,331933,352,332285,942.9914772727273
issue,2836,400400,458,400858,874.235807860262
issue,3252,382764,434,383198,881.9447004608295
issue,3494,150259,178,150437,844.1516853932584
issue,1474,716327,55,716382,13024.127272727274
issue,1736,303808,355,304163,855.7971830985915
issue,3370,425173,334,425507,1272.9730538922156
issue,3729,260561,551,261112,472.8874773139746
issue,3278,408087,784,408871,520.5191326530612
issue,2347,438755,576,439331,761.7274305555555
issue,4527,727182,107,727289,6796.093457943925
issue,447,262306,277,262583,946.9530685920578
issue,4106,123776,449,124225,275.67037861915367
issue,3821,530991,306,531297,1735.264705882353
issue,2832,973329,393,973722,2476.664122137405
issue,2349,182084,245,182329,743.2
issue,3925,291050,430,291480,676.8604651162791
issue,4184,374271,400,374671,935.6775
issue,4769,379795,286,380081,1327.9545454545455
issue,2535,841210,374,841584,2249.224598930481
issue,4947,309851,372,310223,832.9327956989247
issue,2257,374221,700,374921,534.6014285714285
issue,825,290905,204,291109,1426.0049019607843
issue,3599,737367,324,737691,2275.824074074074
issue,3868,349945,226,350171,1548.429203539823
issue,1465,203721,617,204338,330.17990275526745
issue,4495,183298,64,183362,2864.03125
issue,4421,504712,691,505403,730.4081041968162
issue,1742,347492,860,348352,404.0604651162791
issue,2043,130540,435,130975,300.0919540229885
issue,3617,476997,460,477457,1036.95
issue,1750,101607,883,102490,115.07021517553794
issue,777,310614,255,310869,1218.0941176470587
issue,2889,157262,572,157834,274.93356643356645
issue,2364,602956,252,603208,2392.68253968254
issue,4185,504180,811,504991,621.6769420468557
issue,3272,224769,191,224960,1176.8010471204188
issue,125,224651,585,225236,384.0188034188034
issue,4913,313315,917,314232,341.6739367502726
issue,283,468722,251,468973,1867.418326693227
issue,4401,307476,163,307639,1886.355828220859
issue,2871,464443,622,465065,746.6929260450161
issue,4178,332756,1011,333767,329.135509396637
issue,2350,636484,658,637142,967.3009118541032
issue,38,631458,458,631916,1378.729257641921
issue,205,313668,662,314330,473.8187311178248
issue,3547,157758,282,158040,559.4255319148937
issue,1055,399539,895,400434,446.41229050279327
issue,4909,256806,708,257514,362.7203389830509
issue,2363,157272,110,157382,1429.7454545454543
issue,2540,374286,202,374488,1852.90099009901
issue,2219,661974,987,662961,670.693009118541
issue,2828,157171,547,157718,287.3327239488117
issue,3240,222944,795,223739,280.4327044025157
issue,4853,631706,327,632033,1931.822629969419
issue,4581,478791,812,479603,589.6440886699507
issue,2355,260351,212,260563,1228.0707547169811
issue,2026,687244,716,687960,959.8379888268156
issue,1170,556807,820,557627,679.0329268292683
issue,4924,214709,585,215294,367.0239316239316
issue,2952,817696,477,818173,1714.2473794549269
issue,2067,504072,239,504311,2109.087866108787
issue,177,287207,677,287884,424.23485967503694
issue,3660,331701,779,332480,425.803594351733
issue,1070,346806,427,347233,812.192037470726
issue,1264,402508,690,403198,583.3449275362319
issue,1609,641768,402,642170,1596.4378109452737
issue,2560,727996,184,728180,3956.5
issue,1374,466042,226,466268,2062.132743362832
issue,3658,109144,772,109916,141.3782383419689
issue,2553,121623,514,122137,236.62062256809335
issue,4509,970126,437,970563,2219.967963386728
issue,3490,524647,831,525478,631.3441636582431
issue,561,402516,385,402901,1045.496103896104
issue,4357,123791,372,124163,332.77150537634407
issue,2464,176828,254,177082,696.1732283464567
issue,4874,438852,344,439196,1275.7325581395348
issue,4548,257271,478,257749,538.223849372385
issue,1889,943982,336,944318,2809.470238095238
issue,3626,628193,492,628685,1276.8150406504064
issue,1540,123795,312,124107,396.7788461538461
issue,3610,214404,365,214769,587.4082191780822
issue,4430,334477,527,335004,634.6812144212523
issue,1261,485391,237,485628,2048.0632911392404
issue,3089,294478,236,294714,1247.7881355932204
issue,1126,307002,672,307674,456.8482142857143
issue,1039,747954,740,748694,1010.7486486486488
issue,2139,468813,979,469792,478.8692543411645
issue,2441,150303,645,150948,233.0279069767442
issue,4822,111032,353,111385,314.5382436260623
issue,918,345337,1042,346379,331.41746641074855
issue,4467,340573,752,341325,452.8896276595744
issue,1852,584004,248,584252,2354.8548387096776
issue,499,257012,587,257599,437.839863713799
issue,4291,200172,766,200938,261.3211488250653
issue,3807,303724,636,304360,477.5534591194968
issue,2964,839353,451,839804,1861.0931263858088
issue,1933,109532,427,109959,256.5152224824356
issue,4271,643692,500,644192,1287.384
issue,962,465080,781,465861,595.4929577464789
issue,1726,940961,187,941148,5031.877005347594
issue,1685,954590,497,955087,1920.7042253521129
issue,2631,924714,1205,925919,767.397510373444
issue,1598,335212,736,335948,455.45108695652175
issue,765,207387,296,207683,700.6317567567568
issue,2353,556735,508,557243,1095.9350393700788
issue,3211,227335,255,227590,891.5098039215686
issue,2223,118058,292,118350,404.3082191780822
issue,1840,282020,231,282251,1220.8658008658008
issue,2110,257625,910,258535,283.1043956043956
issue,1365,261218,235,261453,1111.5659574468084
issue,3543,263701,229,263930,1151.532751091703
issue,4631,476963,280,477243,1703.4392857142857
issue,857,631215,151,631366,4180.23178807947
issue,1955,261325,363,261688,719.9035812672176
issue,3238,309474,1033,310507,299.58760890609875
issue,39,513410,770,514180,666.7662337662338
issue,3628,811265,259,811524,3132.297297297297
issue,40,263681,189,263870,1395.1375661375662
issue,3876,239530,766,240296,312.7023498694517
issue,4517,257632,894,258526,288.178970917226
issue,3430,960961,718,961679,1338.3857938718663
issue,2414,348193,544,348737,640.0606617647059
issue,4710,488269,195,488464,2503.9435897435897
issue,3340,537028,995,538023,539.7266331658292
issue,4707,101790,653,102443,155.88055130168453
issue,2994,374318,272,374590,1376.1691176470588
issue,4419,352147,86,352233,4094.732558139535
issue,3958,155622,318,155940,489.37735849056605
issue,4854,628537,532,629069,1181.4605263157894
issue,3587,344500,357,344857,964.9859943977592
issue,55,261283,337,261620,775.3204747774481
issue,1712,304156,529,304685,574.9640831758034
issue,3207,584192,495,584687,1180.1858585858586
issue,2786,149516,535,150051,279.4691588785047
issue,391,307895,687,308582,448.17321688500726
issue,2948,519280,779,520059,666.5982028241335
issue,2467,468789,454,469243,1032.5748898678414
issue,2695,256418,108,256526,2374.240740740741
issue,3051,925924,463,926387,1999.8358531317492
issue,3693,374348,248,374596,1509.467741935484
issue,242,970546,111,970657,8743.657657657657
issue,2473,117299,96,117395,1221.8645833333333
issue,2555,408956,248,409204,1649.016129032258
issue,2177,935598,111,935709,8428.81081081081
issue,3717,249797,137,249934,1823.3357664233577
issue,1927,427497,280,427777,1526.775
issue,1071,259730,303,260033,857.1947194719472
issue,3578,117595,412,118007,285.4247572815534
issue,4057,413909,380,414289,1089.2342105263158
issue,1373,586677,203,586880,2890.0344827586205
issue,935,316076,718,316794,440.2172701949861
issue,228,955018,547,955565,1745.9195612431445
issue,933,387507,42,387549,9226.357142857143
issue,3184,261980,494,262474,530.3238866396761
issue,192,606600,319,606919,1901.5673981191223
issue,2673,259975,226,260201,1150.3318584070796
issue,3734,164735,123,164858,1339.3089430894308
issue,2853,161088,959,162047,167.9749739311783
issue,2481,971753,784,972537,1239.4808673469388
issue,3187,727368,405,727773,1795.9703703703703
issue,1954,345976,772,346748,448.1554404145078
issue,2357,346902,704,347606,492.7585227272728
issue,311,326807,255,327062,1281.5960784313725
issue,1745,409115,423,409538,967.1749408983452
issue,1690,176245,103,176348,1711.116504854369
issue,1956,407459,371,407830,1098.2722371967654
issue,4826,123774,190,123964,651.4421052631579
issue,594,594641,321,594962,1852.4641744548287
issue,4088,202271,612,202883,330.50816993464053
issue,3735,687511,702,688213,979.3603988603988
issue,800,972449,373,972822,2607.1018766756038
issue,868,169177,324,169501,522.1512345679013
issue,2213,567576,786,568362,722.1068702290077
issue,494,488347,314,488661,1555.2452229299363
issue,3582,256215,392,256607,653.609693877551
issue,2480,312202,582,312784,536.4295532646048
issue,1076,581506,472,581978,1232.0042372881355
issue,1240,287183,766,287949,374.9125326370757
issue,4690,206172,56,206228,3681.642857142857
issue,3426,935863,1578,937441,593.0690747782003
issue,882,995060,530,995590,1877.471698113208
issue,3808,567731,617,568348,920.1474878444084
issue,1091,841183,542,841725,1551.9981549815498
issue,2834,175103,83,175186,2109.6746987951806
issue,3223,123805,152,123957,814.5065789473684
issue,296,392952,496,393448,792.241935483871
issue,3991,692025,751,692776,921.4713715046604
issue,1001,173640,631,174271,275.18225039619654
issue,2420,150271,742,151013,202.52156334231805
issue,3515,923601,561,924162,1646.3475935828876
issue,4092,631417,1231,632648,512.9301380991064
issue,2172,203968,622,204590,327.9228295819936
issue,4010,256896,516,257412,497.86046511627904
issue,587,385644,730,386374,528.2794520547945
issue,2507,310151,652,310803,475.6917177914111
issue,4348,118292,591,118883,200.15566835871405
issue,900,727980,417,728397,1745.7553956834531
issue,3993,747992,725,748717,1031.713103448276
issue,3042,163242,156,163398,1046.423076923077
issue,3393,141999,332,142331,427.7078313253012
issue,956,628581,654,629235,961.1330275229358
issue,2667,524827,348,525175,1508.1235632183907
issue,2230,524447,863,525310,607.702201622248
issue,3036,539152,737,539889,731.549525101764
issue,905,465674,883,466557,527.3771234428086
issue,124,414771,469,415240,884.3731343283582
issue,681,263657,453,264110,582.0242825607064
issue,623,716337,414,716751,1730.2826086956522
issue,2765,536995,1061,538056,506.1215834118756
issue,2149,263601,235,263836,1121.7063829787237
issue,3646,100627,320,100947,314.459375
issue,4131,141947,578,142525,245.58304498269896
issue,3234,519162,316,519478,1642.9177215189873
issue,4849,347589,286,347875,1215.3461538461538
issue,589,672035,319,672354,2106.692789968652
issue,1094,524694,854,525548,614.3957845433255
issue,563,465432,941,466373,494.6142401700319
issue,4157,438834,568,439402,772.5950704225352
issue,2188,153703,346,154049,444.228323699422
issue,782,727238,126,727364,5771.730158730159
issue,503,314309,729,315038,431.1508916323731
issue,705,256267,313,256580,818.7444089456869
issue,1952,250234,277,250511,903.3718411552346
issue,3313,263551,629,264180,419.0
issue,1245,345424,783,346207,441.154533844189
issue,3464,347179,234,347413,1483.6709401709402
issue,4683,591665,271,591936,2183.2656826568264
issue,2934,182134,642,182776,283.6978193146417
issue,4694,388274,876,389150,443.2351598173516
issue,1715,727235,463,727698,1570.7019438444925
issue,3604,110365,432,110797,255.47453703703704
issue,4038,200196,341,200537,587.0850439882698
issue,1885,113034,730,113764,154.84109589041097
issue,273,300774,380,301154,791.5105263157894
issue,4456,463814,1139,464953,407.2115891132572
issue,3050,224478,412,224890,544.8495145631068
issue,4064,345101,652,345753,529.2960122699386
issue,3124,545264,508,545772,1073.354330708661
issue,4181,223060,583,223643,382.60720411663806
issue,465,672237,350,672587,1920.6771428571428
issue,1630,407409,791,408200,515.0556257901391
issue,3095,885388,744,886132,1190.037634408602
issue,2227,304101,503,304604,604.5745526838966
issue,2992,122771,95,122866,1292.3263157894737
issue,647,581234,165,581399,3522.630303030303
issue,1218,340187,712,340899,477.7907303370786
issue,1729,292693,169,292862,1731.9112426035504
issue,2689,631224,511,631735,1235.2720156555772
issue,1290,411516,426,411942,966.0
issue,921,256975,919,257894,279.6245919477693
issue,4650,707980,664,708644,1066.2349397590365
issue,3567,261208,501,261709,521.373253493014
issue,2105,425157,522,425679,814.4770114942529
issue,4920,189373,521,189894,363.4798464491363
issue,2909,239436,889,240325,269.3318335208099
issue,2932,159559,589,160148,270.8981324278438
issue,1800,247830,139,247969,1782.94964028777
issue,2721,591705,277,591982,2136.1191335740077
issue,62,842920,223,843143,3779.9103139013455
issue,160,394453,706,395159,558.7152974504249
issue,1278,141929,602,142531,235.7624584717608
issue,1859,925715,225,925940,4114.288888888889
issue,1089,902936,108,903044,8360.518518518518
issue,2173,556721,340,557061,1637.414705882353
issue,92,175109,277,175386,632.1624548736462
issue,4293,302249,630,302879,479.7603174603175
issue,406,639280,870,640150,734.8045977011494
issue,4399,261218,232,261450,1125.9396551724135
issue,3833,163782,127,163909,1289.6220472440946
issue,3990,640978,536,641514,1195.8544776119404
issue,2127,326819,114,326933,2866.833333333333
issue,4384,352754,870,353624,405.464367816092
issue,3943,250365,1031,251396,242.83705140640157
issue,2990,143169,727,143896,196.9312242090784
issue,3274,344788,147,344935,2345.496598639456
issue,2280,747765,107,747872,6988.457943925234
issue,630,465488,586,466074,794.3481228668942
issue,2923,567597,623,568220,911.0706260032102
issue,2605,179808,790,180598,227.60506329113923
issue,4153,117311,261,117572,449.4674329501916
issue,2365,691775,1103,692878,627.1758839528559
issue,3809,433604,1026,434630,422.6159844054581
issue,3956,263734,391,264125,674.5115089514067
issue,3219,717319,570,717889,1258.4543859649125
issue,3673,819329,341,819670,2402.724340175953
issue,322,402490,606,403096,664.1749174917492
issue,3508,442289,297,442586,1489.1885521885522
issue,457,310885,331,311216,939.2296072507552
issue,2572,282427,520,282947,543.1288461538461
issue,4166,259385,144,259529,1801.2847222222222
issue,136,504236,477,504713,1057.098532494759
issue,2367,249782,63,249845,3964.7936507936506
issue,1271,492622,667,493289,738.5637181409295
issue,2653,518911,162,519073,3203.1543209876545
issue,4339,207079,529,207608,391.45368620037806
issue,531,189369,686,190055,276.0481049562682
issue,1809,310216,985,311201,314.94010152284267
issue,2747,524063,191,524254,2743.785340314136
issue,2428,954750,226,954976,4224.557522123894
issue,4835,536793,832,537625,645.1838942307693
issue,773,401736,546,402282,735.7802197802198
issue,292,172795,112,172907,1542.8125
issue,4346,312979,457,313436,684.855579868709
issue,1992,425169,350,425519,1214.7685714285717
issue,4554,382843,391,383234,979.1381074168798
issue,4696,465010,284,465294,1637.3591549295777
issue,3890,464885,382,465267,1216.976439790576
issue,3414,465101,763,465864,609.5688073394496
issue,189,352438,187,352625,1884.6951871657757
issue,3507,349761,779,350540,448.98716302952505
issue,3759,707089,75,707164,9427.853333333333
issue,330,556719,714,557433,779.718487394958
issue,2961,738965,436,739401,1694.8738532110092
issue,4280,377885,226,378111,1672.0575221238937
issue,2793,636343,532,636875,1196.1334586466166
issue,59,462992,165,463157,2806.012121212121
issue,746,480414,855,481269,561.8877192982457
issue,4587,747769,285,748054,2623.7508771929824
issue,2071,556612,528,557140,1054.189393939394
issue,1191,295747,346,296093,854.7601156069364
issue,122,941416,895,942311,1051.8614525139665
issue,2197,315546,424,315970,744.2122641509434
issue,3122,532697,675,533372,789.1807407407407
issue,4809,302243,491,302734,615.5661914460285
issue,1614,170293,549,170842,310.1876138433515
issue,4438,259848,555,260403,468.1945945945946
issue,3570,464860,91,464951,5108.351648351649
issue,3799,205243,193,205436,1063.4352331606217
issue,4263,592250,877,593127,675.3135689851767
issue,2922,375615,309,375924,1215.5825242718447
issue,759,282152,503,282655,560.9383697813121
issue,114,818038,859,818897,952.314318975553
issue,2466,117318,350,117668,335.19428571428574
issue,863,153682,42,153724,3659.095238095238
issue,858,972945,1115,974060,872.5964125560538
issue,4681,407690,126,407816,3235.6349206349205
issue,1206,352458,537,352995,656.3463687150838
issue,276,347497,393,347890,884.2162849872774
issue,4190,130390,165,130555,790.2424242424242
issue,1637,551276,528,551804,1044.0833333333333
issue,1012,303724,490,304214,619.8448979591836
issue,2497,960965,341,961306,2818.0791788856304
issue,175,510196,330,510526,1546.0484848484848
issue,3671,327121,327,327448,1000.3700305810396
issue,4966,536018,702,536720,763.5584045584045
issue,3130,379727,618,380345,614.4449838187702
issue,3270,224405,1040,225445,215.77403846153845
issue,258,535926,409,536335,1310.3325183374084
issue,96,387554,130,387684,2981.1846153846154
issue,810,519049,246,519295,2109.9552845528456
issue,4478,331712,78,331790,4252.717948717948
issue,549,820247,703,820950,1166.7809388335704
issue,1138,643955,699,644654,921.2517882689556
issue,458,173513,136,173649,1275.8308823529412
issue,671,413385,557,413942,742.1633752244165
issue,4260,157264,349,157613,450.6131805157593
issue,4404,941752,677,942429,1391.0664697193502
issue,1125,259676,636,260312,408.2955974842768
issue,2542,519150,673,519823,771.3967310549777
issue,970,100681,280,100961,359.575
issue,379,224831,489,225320,459.77709611451945
issue,2425,218660,531,219191,411.789077212806
issue,207,478671,384,479055,1246.5390625
issue,1300,462761,158,462919,2928.8670886075947
issue,4737,220150,145,220295,1518.2758620689656
issue,3850,261732,133,261865,1967.9097744360904
issue,4902,524631,226,524857,2321.3761061946902
issue,3354,302083,124,302207,2436.153225806452
issue,1213,335218,647,335865,518.1112828438949
issue,578,287080,448,287528,640.8035714285714
issue,3139,519045,410,519455,1265.9634146341464
issue,4941,556660,574,557234,969.7909407665504
issue,1263,408764,275,409039,1486.4145454545455
issue,4914,972128,421,972549,2309.0926365795726
issue,2917,480686,802,481488,599.3591022443891
issue,1884,173143,242,173385,715.4669421487604
issue,848,468873,725,469598,646.7213793103448
issue,3391,941990,514,942504,1832.6653696498051
issue,4037,379742,350,380092,1084.9771428571428
issue,3518,260650,234,260884,1113.888888888889
issue,3466,412938,120,413058,3441.15
issue,2659,309799,414,310213,748.3067632850242
issue,1134,653667,943,654610,693.1781548250265
issue,387,402595,503,403098,800.3876739562625
issue,4135,972170,608,972778,1598.9638157894738
issue,1813,925011,1677,926688,551.5867620751342
issue,3686,545953,160,546113,3412.20625
issue,1652,181915,391,182306,465.2557544757033
issue,690,382790,712,383502,537.626404494382
issue,1142,597010,195,597205,3061.589743589744
issue,3335,205409,585,205994,351.1264957264957
issue,1766,173409,602,174011,288.0548172757475
issue,2984,345205,764,345969,451.8390052356021
issue,3910,170135,334,170469,509.3862275449102
issue,2609,747782,468,748250,1597.8247863247864
issue,372,121348,295,121643,411.3491525423729
issue,3000,659598,153,659751,4311.098039215686
issue,1953,398917,110,399027,3626.518181818182
issue,1688,530940,592,531532,896.8581081081081
issue,3220,117270,680,117950,172.4558823529412
issue,4061,532899,496,533395,1074.3931451612902
issue,702,263616,225,263841,1171.6266666666668
issue,3865,218760,342,219102,639.6491228070175
issue,580,239324,231,239555,1036.034632034632
issue,1257,556586,240,556826,2319.108333333333
issue,4234,346831,364,347195,952.8324175824176
issue,3212,253949,289,254238,878.7162629757786
issue,2949,926787,362,927149,2560.185082872928
issue,3244,494043,377,494420,1310.458885941645
issue,2422,925922,293,926215,3160.143344709897
issue,2089,349802,1113,350915,314.28751123090746
issue,4873,310352,237,310589,1309.5021097046413
issue,1205,185884,227,186111,818.8722466960353
issue,442,313480,811,314291,386.5351418002466
issue,3787,393258,234,393492,1680.5897435897436
issue,389,113080,283,113363,399.5759717314488
issue,309,121748,801,122549,151.99500624219726
issue,534,659467,136,659603,4849.02205882353
issue,4596,556846,572,557418,973.506993006993
issue,61,209080,641,209721,326.1778471138846
issue,795,379796,580,380376,654.8206896551724
issue,3893,307578,957,308535,321.39811912225707
issue,2837,636681,821,637502,775.4945188794153
issue,1581,135737,86,135823,1578.3372093023256
issue,1168,205453,540,205993,380.4685185185185
issue,2033,552279,898,553177,615.0100222717149
issue,474,811262,730,811992,1111.317808219178
issue,1693,274747,601,275348,457.14975041597336
issue,1160,480395,138,480533,3481.123188405797
issue,4522,259450,637,260087,407.2998430141287
issue,348,641569,150,641719,4277.126666666667
issue,4411,347560,660,348220,526.6060606060606
issue,365,112900,311,113211,363.0225080385852
issue,3204,169762,1109,170871,153.07664562669072
issue,897,532005,880,532885,604.5511363636364
issue,2742,399283,946,400229,422.07505285412265
issue,2185,156427,303,156730,516.2607260726072
issue,278,123824,385,124209,321.62077922077924
issue,1359,281625,121,281746,2327.4793388429757
issue,1242,842851,296,843147,2847.4695945945946
issue,4209,750559,926,751485,810.5388768898488
issue,971,214359,996,215355,215.21987951807228
issue,1341,328322,195,328517,1683.702564102564
issue,4063,206067,86,206153,2396.1279069767443
issue,2341,155647,123,155770,1265.4227642276423
issue,3482,179391,607,179998,295.53706754530475
issue,3972,202208,812,203020,249.02463054187191
issue,3386,465663,347,466010,1341.9682997118157
issue,794,113370,344,113714,329.5639534883721
issue,571,817908,217,818125,3769.161290322581
issue,3396,327074,556,327630,588.2625899280575
issue,3929,230455,302,230757,763.0960264900663
issue,4559,259930,163,260093,1594.6625766871166
issue,3425,310254,583,310837,532.1680960548885
issue,30,716373,290,716663,2470.251724137931
issue,2554,636353,520,636873,1223.7557692307691
issue,2735,438797,247,439044,1776.5060728744938
issue,739,920092,497,920589,1851.2917505030184
issue,2521,841247,275,841522,3059.08
issue,211,924496,577,925073,1602.246100519931
issue,4933,472611,753,473364,627.6374501992032
issue,4240,737508,201,737709,3669.194029850746
issue,4144,101818,647,102465,157.3693972179289
issue,3681,687056,437,687493,1572.2105263157894
issue,4862,510228,947,511175,538.7835269271384
issue,4192,537069,1208,538277,444.5935430463576
issue,3020,156197,502,156699,311.14940239043824
issue,3511,524709,633,525342,828.9241706161138
issue,4621,519094,285,519379,1821.3824561403508
issue,1973,257856,679,258535,379.758468335788
issue,2579,743420,437,743857,1701.1899313501144
issue,2703,472413,63,472476,7498.619047619048
issue,3986,251103,800,251903,313.87875
issue,757,141915,473,142388,300.0317124735729
issue,926,150320,640,150960,234.875
issue,1533,347723,536,348259,648.7369402985074
issue,4343,466290,281,466571,1659.3950177935942
issue,2571,121767,478,122245,254.7426778242678
issue,2727,841181,388,841569,2167.992268041237
issue,444,628260,151,628411,4160.662251655629
issue,3457,478669,827,479496,578.80169286578
issue,3059,141727,543,142270,261.0073664825046
issue,2326,306775,157,306932,1953.9808917197447
issue,790,263717,496,264213,531.6875
issue,2938,263582,153,263735,1722.7581699346406
issue,4851,149636,540,150176,277.10370370370373
issue,4457,309597,718,310315,431.1935933147632
issue,4505,149716,356,150072,420.5505617977528
issue,4428,130735,1034,131769,126.43617021276596
issue,3932,567506,308,567814,1842.551948051948
issue,4749,488346,127,488473,3845.244094488189
issue,3917,510837,318,511155,1606.4056603773586
issue,605,383283,93,383376,4121.322580645161
issue,4137,532995,916,533911,581.8722707423581
issue,1415,408632,244,408876,1674.72131147541
issue,3721,257690,191,257881,1349.1623036649214
issue,2419,425198,250,425448,1700.792
issue,1246,400821,785,401606,510.6
issue,4926,470438,547,470985,860.0329067641682
issue,4008,123776,325,124101,380.8492307692308
issue,4568,263828,135,263963,1954.2814814814813
issue,4956,385708,569,386277,677.8699472759226
issue,1411,312753,552,313305,566.5815217391304
issue,4991,256408,819,257227,313.07448107448107
issue,4197,344918,91,345009,3790.307692307693
issue,3044,504210,437,504647,1153.7986270022884
issue,2872,472859,647,473506,730.8485316846986
issue,1285,178868,338,179206,529.1952662721893
issue,2668,748002,717,748719,1043.2384937238494
issue,3290,226745,455,227200,498.3406593406593
issue,4447,510393,700,511093,729.1328571428571
issue,2771,224757,767,225524,293.03389830508473
issue,651,462727,342,463069,1353.002923976608
issue,4998,653707,669,654376,977.1405082212256
issue,3026,465291,635,465926,732.7417322834646
issue,3116,885267,340,885607,2603.7264705882358
issue,1719,109909,1144,111053,96.0743006993007
issue,3667,385538,902,386440,427.4257206208426
issue,427,214308,560,214868,382.6928571428571
issue,641,581098,512,581610,1134.95703125
issue,2249,996112,172,996284,5791.348837209303
issue,3302,211667,742,212409,285.2654986522911
issue,3847,926060,904,926964,1024.4026548672566
issue,3014,259834,434,260268,598.6958525345622
issue,1692,960789,956,961745,1005.0094142259414
issue,1586,374193,879,375072,425.70307167235495
issue,3,480377,576,480953,833.9878472222222
issue,3745,994996,420,995416,2369.038095238095
issue,3441,535968,81,536049,6616.888888888889
issue,385,109679,318,109997,344.9025157232704
issue,4706,479244,600,479844,798.74
issue,4349,262142,529,262671,495.5425330812855
issue,924,530973,645,531618,823.2139534883721
issue,1157,487816,563,488379,866.4582593250444
issue,3129,253277,111,253388,2281.774774774775
issue,4225,346858,207,347065,1675.642512077295
issue,1344,537023,1243,538266,432.0378117457764
issue,133,923082,191,923273,4832.8900523560205
issue,2141,819904,909,820813,901.984598459846
issue,4594,347747,776,348523,448.1275773195876
issue,4722,639732,311,640043,2057.016077170418
issue,163,208823,844,209667,247.42061611374407
issue,4622,636361,457,636818,1392.4748358862144
issue,4199,179359,433,179792,414.2240184757506
issue,2999,424962,909,425871,467.5049504950495
issue,1649,334084,709,334793,471.2045133991537
issue,398,470577,1070,471647,439.7915887850467
issue,302,112965,506,113471,223.2509881422925
issue,1379,885445,150,885595,5902.966666666666
issue,4286,923458,832,924290,1109.9254807692307
issue,84,478935,648,479583,739.0972222222222
issue,733,263826,363,264189,726.7933884297521
issue,4287,472376,169,472545,2795.124260355029
issue,1368,639495,241,639736,2653.50622406639
issue,1339,468682,315,468997,1487.879365079365
issue,1190,112899,246,113145,458.9390243902439
issue,1112,898695,788,899483,1140.475888324873
issue,3902,159845,259,160104,617.1621621621622
issue,706,155716,782,156498,199.12531969309464
issue,1241,118357,571,118928,207.2802101576182
issue,3251,453789,804,454593,564.4141791044776
issue,3520,811272,337,811609,2407.3353115727004
issue,686,408796,818,409614,499.7506112469438
issue,3556,505532,523,506055,966.6003824091778
issue,4103,817820,610,818430,1340.688524590164
issue,822,310440,648,311088,479.0740740740741
issue,2022,510545,678,511223,753.0162241887906
issue,1124,229443,147,229590,1560.8367346938776
issue,4693,109088,233,109321,468.1888412017168
issue,3417,250256,105,250361,2383.390476190476
issue,1507,230044,120,230164,1917.0333333333333
issue,4729,170180,344,170524,494.7093023255814
issue,4058,591956,264,592220,2242.257575757576
issue,1416,402862,553,403415,728.502712477396
issue,4396,402516,362,402878,1111.9226519337017
issue,2527,438787,625,439412,702.0592
issue,478,256930,217,257147,1184.0092165898618
issue,2705,256987,798,257785,322.0388471177945
issue,3691,275421,334,275755,824.6137724550898
issue,66,332429,774,333203,429.49483204134367
issue,2202,387563,906,388469,427.7737306843267
issue,3557,205231,885,206116,231.89943502824855
issue,4499,171954,150,172104,1146.36
issue,1137,462625,184,462809,2514.266304347826
issue,1293,734332,472,734804,1555.7881355932204
issue,204,222761,945,223706,235.72592592592596
issue,4463,403797,633,404430,637.9099526066351
issue,2069,524515,417,524932,1257.829736211031
issue,776,249831,190,250021,1314.9
issue,772,727276,202,727478,3600.3762376237623
issue,4014,331940,475,332415,698.8210526315789
issue,1020,737419,667,738086,1105.575712143928
issue,3770,586646,798,587444,735.1453634085213
issue,876,387685,271,387956,1430.5719557195573
issue,1542,226804,476,227280,476.47899159663865
issue,888,465147,467,465614,996.0321199143468
issue,3640,374290,465,374755,804.9247311827957
issue,1186,388465,135,388600,2877.5185185185187
issue,1457,532570,603,533173,883.2006633499171
issue,2910,263626,321,263947,821.2647975077882
issue,1776,954976,546,955522,1749.0402930402931
issue,4163,602981,87,603068,6930.816091954023
issue,3740,594951,124,595075,4797.991935483871
issue,3504,379840,177,380017,2145.988700564972
issue,2954,971710,448,972158,2168.995535714286
issue,2438,465311,648,465959,718.0725308641976
issue,3344,208840,262,209102,797.0992366412214
issue,4562,727626,49,727675,14849.510204081633
issue,488,374292,448,374740,835.4732142857143
issue,3951,257287,1030,258317,249.79320388349515
issue,1058,118275,486,118761,243.3641975308642
issue,4671,163242,159,163401,1026.6792452830189
issue,1839,641530,608,642138,1055.1480263157894
issue,2238,189031,520,189551,363.5211538461538
issue,3007,462843,268,463111,1727.0261194029852
issue,2774,842906,368,843274,2290.5054347826085
issue,4442,302649,927,303576,326.4822006472492
issue,3148,257003,649,257652,395.9984591679506
issue,2379,524038,559,524597,937.4561717352416
issue,4635,530959,710,531669,747.8295774647887
issue,3275,587055,556,587611,1055.854316546763
issue,4893,727398,147,727545,4948.285714285715
issue,1352,157191,91,157282,1727.3736263736264
issue,1923,163239,226,163465,722.2964601769911
issue,4952,402630,253,402883,1591.4229249011858
issue,2006,960931,170,961101,5652.535294117647
issue,2330,314573,538,315111,584.7081784386617
issue,2136,302208,375,302583,805.888
issue,658,727421,190,727611,3828.531578947368
issue,4446,303768,326,304094,931.8036809815952
issue,2870,409075,741,409816,552.0580296896086
issue,3174,173582,696,174278,249.3994252873563
issue,2103,920257,523,920780,1759.5736137667304
issue,4072,536006,660,536666,812.130303030303
issue,80,960833,381,961214,2521.8713910761157
issue,4957,141726,555,142281,255.36216216216212
issue,479,173898,178,174076,976.9550561797752
issue,1687,123380,239,123619,516.2343096234309
issue,987,920327,683,921010,1347.4773060029283
issue,1117,374177,319,374496,1172.9686520376176
issue,3448,935594,134,935728,6982.044776119403
issue,1181,653824,471,654295,1388.1613588110404
issue,135,581249,853,582102,681.4173505275498
issue,4246,344635,259,344894,1330.6370656370657
issue,1855,532721,559,533280,952.989266547406
issue,2416,332805,610,333415,545.5819672131148
issue,2430,347449,645,348094,538.6806201550388
issue,4719,551448,811,552259,679.960542540074
issue,2816,392943,240,393183,1637.2625
issue,3793,589879,265,590144,2225.9584905660377
issue,3538,259871,778,260649,334.0244215938303
issue,968,168937,320,169257,527.928125
issue,1979,175689,638,176327,275.37460815047024
issue,3502,346856,269,347125,1289.4275092936805
issue,334,653840,179,654019,3652.7374301675977
issue,209,162837,510,163347,319.28823529411767
issue,4340,672733,483,673216,1392.8219461697722
issue,430,283365,676,284041,419.1789940828402
issue,2600,224575,634,225209,354.2192429022082
issue,1740,688010,807,688817,852.552664188352
issue,1850,261246,463,261709,564.2462203023758
issue,1099,413110,729,413839,566.6803840877915
issue,4055,141804,423,142227,335.2340425531915
issue,4152,117287,285,117572,411.53333333333336
issue,4829,301441,213,301654,1415.2159624413146
issue,3663,385942,623,386565,619.4895666131621
issue,3521,654025,605,654630,1081.0330578512396
issue,1769,108847,781,109628,139.3687580025608
issue,3101,123786,247,124033,501.1578947368421
issue,1450,327606,1058,328664,309.64650283553874
issue,4001,101880,611,102491,166.7430441898527
issue,523,250245,403,250648,620.955334987593
issue,1353,347671,645,348316,539.0248062015504
issue,4269,101644,346,101990,293.76878612716763
issue,4629,820821,468,821289,1753.8910256410256
issue,4765,737479,568,738047,1298.3785211267605
issue,4697,924449,703,925152,1315.005689900427
issue,715,307476,157,307633,1958.4458598726117
issue,2476,524619,237,524856,2213.5822784810125
issue,2813,347222,432,347654,803.7546296296297
issue,2606,438724,471,439195,931.4734607218684
issue,662,628687,897,629584,700.8773690078037
issue,4036,261228,475,261703,549.9536842105263
issue,3898,155725,663,156388,234.87933634992456
issue,1304,227209,828,228037,274.40700483091786
issue,4989,172799,522,173321,331.03256704980845
issue,2055,375193,340,375533,1103.5088235294118
issue,1315,842908,290,843198,2906.579310344828
issue,2167,399450,213,399663,1875.3521126760563
issue,3900,465522,641,466163,726.2433697347894
issue,411,327096,976,328072,335.1393442622951
issue,2979,223085,365,223450,611.1917808219179
issue,2925,260557,101,260658,2579.772277227723
issue,4810,352172,102,352274,3452.6666666666665
issue,2851,387662,867,388529,447.1303344867359
issue,165,961006,429,961435,2240.1072261072263
issue,2502,274534,240,274774,1143.8916666666669
issue,3377,184967,341,185308,542.4252199413489
issue,2517,462944,1268,464212,365.09779179810727
issue,3829,737376,423,737799,1743.2056737588653
issue,2170,344483,365,344848,943.7890410958904
issue,2835,117378,479,117857,245.04801670146136
issue,1226,312607,257,312864,1216.3696498054476
issue,4425,510458,1102,511560,463.2105263157895
issue,1900,972347,478,972825,2034.1987447698743
issue,3136,188976,293,189269,644.9692832764505
issue,2304,313008,539,313547,580.7198515769944
issue,2761,886924,618,887542,1435.1521035598705
issue,4961,173448,589,174037,294.4787775891341
issue,1626,175183,150,175333,1167.8866666666668
issue,1845,327272,617,327889,530.4246353322528
issue,2339,282947,351,283298,806.1168091168091
issue,521,636612,708,637320,899.1694915254237
issue,1824,204012,666,204678,306.3243243243243
issue,1123,346934,712,347646,487.2668539325843
issue,4333,171378,171,171549,1002.2105263157896
issue,109,200153,306,200459,654.09477124183
issue,2753,377960,470,378430,804.1702127659574
issue,4189,239420,519,239939,461.3102119460501
issue,1025,160857,398,161255,404.16331658291455
issue,751,465066,378,465444,1230.3333333333333
issue,4313,170116,1145,171261,148.57292576419215
issue,906,660053,767,660820,860.5645371577575
issue,1716,170302,283,170585,601.773851590106
issue,4673,227201,305,227506,744.9213114754099
issue,945,327521,625,328146,524.0336
issue,1323,224911,248,225159,906.8991935483872
issue,2478,101725,764,102489,133.1479057591623
issue,2237,123787,278,124065,445.2769784172662
issue,4613,301237,294,301531,1024.6156462585034
issue,4114,936638,699,937337,1339.9685264663806
issue,3197,465054,1407,466461,330.52878464818764
issue,2625,588525,382,588907,1540.6413612565443
issue,3453,188954,256,189210,738.1015625
issue,2577,121051,314,121365,385.5127388535032
issue,2161,214603,1002,215605,214.1746506986028
issue,4787,200100,741,200841,270.0404858299595
issue,412,820159,829,820988,989.335343787696
issue,849,189056,422,189478,448.0
issue,2421,157476,374,157850,421.05882352941177
issue,684,488244,453,488697,1077.8013245033112
issue,2547,659574,608,660182,1084.8256578947369
issue,3550,737783,479,738262,1540.2567849686848
issue,4350,960995,673,961668,1427.927191679049
issue,4290,202052,180,202232,1122.5111111111112
issue,4744,392949,835,393784,470.5976047904192
issue,4969,519156,551,519707,942.2068965517242
issue,3299,287086,345,287431,832.1333333333333
issue,3362,259661,683,260344,380.1771595900439
issue,3461,348170,283,348453,1230.2826855123674
issue,3620,955251,387,955638,2468.3488372093025
issue,350,902284,437,902721,2064.7231121281466
issue,2777,228079,101,228180,2258.207920792079
issue,3454,315540,505,316045,624.8316831683169
issue,2432,972314,365,972679,2663.87397260274
issue,4648,122731,94,122825,1305.648936170213
issue,1292,222689,649,223338,343.1263482280431
issue,1262,261054,230,261284,1135.017391304348
issue,4889,205215,875,206090,234.53142857142856
issue,1014,465204,714,465918,651.546218487395
issue,4676,398311,801,399112,497.26716604244695
issue,2193,113322,650,113972,174.34153846153845
issue,288,464972,575,465547,808.6469565217392
issue,9,581371,727,582098,799.6850068775791
issue,2807,641652,740,642392,867.0972972972972
issue,282,122655,577,123232,212.5736568457539
issue,1623,480608,282,480890,1704.2836879432623
issue,21,659455,166,659621,3972.620481927711
issue,2088,264019,573,264592,460.76614310645726
issue,1417,923698,552,924250,1673.3659420289855
issue,1313,925956,554,926510,1671.4007220216606
issue,4449,141811,615,142426,230.5869918699187
issue,1797,442281,436,442717,1014.4059633027524
issue,4619,438745,591,439336,742.3773265651438
issue,15,425149,122,425271,3484.8278688524592
issue,1434,637104,1057,638161,602.7473982970672
issue,4378,333134,1243,334377,268.00804505229286
issue,1545,265419,246,265665,1078.939024390244
issue,4104,347382,423,347805,821.2340425531914
issue,4490,707202,241,707443,2934.448132780083
issue,1209,412889,118,413007,3499.0593220338983
issue,1523,118040,363,118403,325.1790633608816
issue,718,352709,639,353348,551.9702660406886
issue,2550,464996,399,465395,1165.40350877193
issue,1987,170178,622,170800,273.5980707395498
issue,511,842913,220,843133,3831.422727272727
issue,4844,716676,200,716876,3583.38
issue,2956,169348,959,170307,176.5881126173097
issue,4102,287431,543,287974,529.3388581952117
issue,3273,309996,165,310161,1878.7636363636364
issue,1471,471667,970,472637,486.25463917525775
issue,553,607593,1166,608759,521.0917667238422
issue,2314,220227,144,220371,1529.3541666666667
issue,4747,118026,524,118550,225.2404580152672
issue,419,727218,122,727340,5960.803278688524
issue,480,477034,84,477118,5678.976190476191
issue,577,925700,737,926437,1256.0379918588874
issue,2903,117256,263,117519,445.8403041825095
issue,1675,636339,203,636542,3134.6748768472908
issue,4962,639949,492,640441,1300.709349593496
issue,904,121026,358,121384,338.06145251396646
issue,3677,189038,366,189404,516.4972677595629
issue,3434,254493,559,255052,455.2647584973166
issue,3988,636374,582,636956,1093.426116838488
issue,3705,970134,670,970804,1447.9611940298507
issue,3248,346991,563,347554,616.3250444049734
issue,1208,653940,756,654696,865.0
issue,976,556686,265,556951,2100.701886792453
issue,2904,541128,784,541912,690.2142857142857
issue,3106,921587,515,922102,1789.4893203883496
issue,980,842908,176,843084,4789.25
issue,1357,274721,473,275194,580.8054968287527
issue,1135,374405,459,374864,815.6971677559912
issue,3304,492549,42,492591,11727.357142857143
issue,1635,130415,196,130611,665.3826530612245
issue,3936,186294,322,186616,578.5527950310559
issue,669,223788,138,223926,1621.6521739130435
issue,353,313098,801,313899,390.88389513108615
issue,4476,636348,412,636760,1544.5339805825242
issue,552,822607,579,823186,1420.7374784110536
issue,2955,382648,212,382860,1804.9433962264152
issue,2973,118012,403,118415,292.83374689826303
issue,1877,109063,490,109553,222.57755102040812
issue,1772,331690,201,331891,1650.1990049751244
issue,869,551222,686,551908,803.530612244898
issue,4468,524553,299,524852,1754.3578595317726
issue,2953,174049,854,174903,203.80444964871197
issue,4015,169024,325,169349,520.0738461538461
issue,811,122834,197,123031,623.5228426395939
issue,1478,100731,107,100838,941.411214953271
issue,1660,250203,215,250418,1163.7348837209302
issue,4077,306992,84,307076,3654.6666666666665
issue,1554,716355,877,717232,816.824401368301
issue,615,263766,335,264101,787.3611940298507
issue,3312,227570,265,227835,858.7547169811321
issue,3143,823713,588,824301,1400.8724489795918
issue,3155,637210,829,638039,768.6489746682751
issue,4460,201693,164,201857,1229.8353658536585
issue,2036,259988,708,260696,367.2146892655367
issue,3098,823159,739,823898,1113.8822733423544
issue,3093,261420,259,261679,1009.3436293436292
issue,1493,204189,240,204429,850.7875
issue,941,551191,679,551870,811.7687776141385
issue,3121,255812,657,256469,389.36377473363774
issue,4029,920496,514,921010,1790.8482490272374
issue,2685,141812,503,142315,281.9324055666004
issue,41,402695,308,403003,1307.4512987012988
issue,3016,822830,287,823117,2867.0034843205576
issue,3911,168620,604,169224,279.1721854304636
issue,3973,535977,745,536722,719.4322147651006
issue,2159,442324,345,442669,1282.0985507246378
issue,4557,532888,437,533325,1219.4233409610983
issue,2143,400269,519,400788,771.2312138728323
issue,3899,263732,350,264082,753.52
issue,476,551593,296,551889,1863.4898648648648
issue,823,188956,262,189218,721.2061068702291
issue,300,312841,68,312909,4600.60294117647
issue,1893,352191,332,352523,1060.816265060241
issue,4205,312894,413,313307,757.6125907990315
issue,1837,643661,768,644429,838.1002604166666
issue,1421,588585,356,588941,1653.3286516853932
issue,879,380083,263,380346,1445.1825095057034
issue,4904,263668,334,264002,789.4251497005988
issue,3403,935588,951,936539,983.7939011566772
issue,3653,204196,796,204992,256.52763819095475
issue,4095,259593,395,259988,657.1974683544304
issue,1668,537082,854,537936,628.9016393442623
issue,4451,591678,144,591822,4108.875
issue,227,972393,262,972655,3711.423664122137
issue,3431,257356,578,257934,445.2525951557093
issue,1048,642278,501,642779,1281.992015968064
issue,483,203806,672,204478,303.2827380952381
issue,4134,157216,265,157481,593.2679245283019
issue,4429,727462,326,727788,2231.478527607362
issue,4986,453184,979,454163,462.9050051072523
issue,392,925605,272,925877,3402.9595588235293
issue,2377,972990,318,973308,3059.7169811320755
issue,2345,819428,776,820204,1055.9639175257732
issue,3954,822792,310,823102,2654.167741935484
issue,1790,159534,191,159725,835.2565445026178
issue,796,340421,846,341267,402.3888888888889
issue,3447,567551,734,568285,773.2302452316077
issue,4679,641980,763,642743,841.389252948886
issue,4563,314388,667,315055,471.3463268365817
issue,4616,293402,453,293855,647.6865342163355
issue,3439,510227,921,511148,553.9923995656894
issue,4838,209127,753,209880,277.7250996015936
issue,4274,503968,703,504671,716.8819345661451
issue,328,587284,878,588162,668.8883826879271
issue,532,226877,536,227413,423.2779850746269
issue,3057,591673,423,592096,1398.7541371158393
issue,374,478734,170,478904,2816.0823529411764
issue,4647,822639,914,823553,900.0426695842451
issue,2301,303764,498,304262,609.9678714859438
issue,2539,407161,243,407404,1675.559670781893
issue,4884,227588,144,227732,1580.4722222222222
issue,735,492800,147,492947,3352.3809523809523
issue,4605,926032,599,926631,1545.9632721202004
issue,4931,312748,593,313341,527.3996627318718
issue,2808,402552,481,403033,836.9064449064449
issue,463,935575,420,935995,2227.559523809524
issue,2901,402690,655,403345,614.7938931297709
issue,4977,344575,651,345226,529.3010752688172
issue,4830,233336,255,233591,915.043137254902
issue,4329,425156,468,425624,908.4529914529916
issue,1670,109079,453,109532,240.7924944812362
issue,2452,586646,811,587457,723.3612823674476
issue,657,519055,422,519477,1229.9881516587675
issue,1823,581162,969,582131,599.7543859649123
issue,2785,118654,476,119130,249.2731092436975
issue,3569,567522,253,567775,2243.1699604743085
issue,4264,970585,414,970999,2344.4082125603863
issue,1549,256838,646,257484,397.58204334365325
issue,2168,135757,153,135910,887.3006535947712
issue,54,374118,438,374556,854.1506849315068
issue,1899,393219,624,393843,630.1586538461538
issue,4741,101592,620,102212,163.85806451612902
issue,3123,261457,541,261998,483.2846580406654
issue,1568,179414,322,179736,557.1863354037267
issue,3115,402649,717,403366,561.5746164574616
issue,4677,583829,169,583998,3454.609467455621
issue,1469,409839,407,410246,1006.97542997543
issue,2957,477862,721,478583,662.7766990291262
issue,1646,530979,448,531427,1185.220982142857
issue,3714,583797,831,584628,702.5234657039712
issue,1454,583859,543,584402,1075.2467771639042
issue,894,309968,163,310131,1901.644171779141
issue,2336,122723,81,122804,1515.0987654320988
issue,1529,472691,629,473320,751.4960254372019
issue,401,920408,208,920616,4425.038461538462
issue,1332,194980,142,195122,1373.098591549296
issue,1861,737658,527,738185,1399.73055028463
issue,1645,727178,345,727523,2107.76231884058
issue,89,402600,283,402883,1422.6148409893992
issue,791,935710,235,935945,3981.744680851064
issue,1590,464875,344,465219,1351.3808139534883
issue,3767,520141,452,520593,1150.754424778761
issue,1010,374126,735,374861,509.01496598639454
issue,670,659587,279,659866,2364.1111111111118
issue,4532,261259,203,261462,1286.9901477832511
issue,595,163330,336,163666,486.1011904761905
issue,4764,282808,527,283335,536.6375711574952
issue,937,408458,243,408701,1680.897119341564
issue,614,340369,814,341183,418.14373464373466
issue,1691,175142,112,175254,1563.767857142857
issue,820,531176,616,531792,862.2987012987013
issue,4377,822751,356,823107,2311.098314606741
issue,3802,602980,553,603533,1090.379746835443
issue,3638,182039,268,182307,679.25
issue,1067,344921,99,345020,3484.050505050505
issue,2959,344739,717,345456,480.8075313807531
issue,4746,346914,581,347495,597.0981067125646
issue,541,157903,788,158691,200.38451776649745
issue,2047,398387,824,399211,483.4793689320388
issue,3213,130466,329,130795,396.5531914893617
issue,4923,282270,906,283176,311.55629139072846
issue,1880,442360,308,442668,1436.2337662337663
issue,3994,821058,190,821248,4321.357894736842
issue,2296,536554,316,536870,1697.9556962025315
issue,1028,923250,113,923363,8170.353982300885
issue,3492,109127,352,109479,310.0198863636364
issue,60,379745,295,380040,1287.271186440678
issue,3975,970150,798,970948,1215.7268170426066
issue,2612,349908,862,350770,405.9257540603248
issue,2513,172497,98,172595,1760.1734693877552
issue,138,121052,221,121273,547.7466063348417
issue,2271,340327,803,341130,423.8194271481943
issue,2817,202134,281,202415,719.3380782918149
issue,3292,222764,236,223000,943.915254237288
issue,3662,332065,983,333048,337.8077314343845
issue,4727,672523,640,673163,1050.8171875
issue,1228,315456,150,315606,2103.04
issue,1118,628852,761,629613,826.3495400788436
issue,431,692609,911,693520,760.2733260153677
issue,4485,531027,487,531514,1090.4045174537987
issue,2199,442258,277,442535,1596.5992779783394
issue,4488,588617,270,588887,2180.062962962963
issue,3532,488536,513,489049,952.3118908382066
issue,2741,224926,668,225594,336.71556886227546
issue,3606,253338,140,253478,1809.557142857143
issue,2137,407276,746,408022,545.9463806970509
issue,4642,530872,588,531460,902.843537414966
issue,2369,921913,285,922198,3234.782456140351
issue,3590,374150,328,374478,1140.7012195121952
issue,3380,442324,288,442612,1535.8472222222222
issue,1340,200439,655,201094,306.01374045801526
issue,3854,567547,519,568066,1093.539499036609
issue,1380,716327,546,716873,1311.9542124542124
issue,2537,465509,362,465871,1285.9364640883978
issue,2772,214263,609,214872,351.82758620689657
issue,3456,141850,520,142370,272.78846153846155
issue,3624,205214,392,205606,523.5051020408164
issue,3514,259439,242,259681,1072.0619834710744
issue,998,687924,739,688663,930.8849797023004
issue,2035,123781,331,124112,373.9607250755287
issue,127,159960,638,160598,250.72100313479623
issue,2854,811261,510,811771,1590.707843137255
issue,2152,567516,188,567704,3018.7021276595747
issue,3097,995022,87,995109,11437.03448275862
issue,3824,643554,1054,644608,610.5825426944972
issue,4118,261074,295,261369,884.9966101694915
issue,2400,332930,502,333432,663.207171314741
issue,4815,480355,433,480788,1109.364896073903
issue,1717,122648,127,122775,965.7322834645668
issue,2160,187738,234,187972,802.2991452991453
issue,1461,154845,341,155186,454.09090909090907
issue,1628,307494,473,307967,650.0930232558139
issue,1066,333051,362,333413,920.0303867403314
issue,4811,442304,186,442490,2377.978494623656
issue,2395,639720,261,639981,2451.0344827586205
issue,3416,531811,685,532496,776.3664233576642
issue,1015,306763,191,306954,1606.089005235602
issue,1929,118635,636,119271,186.5330188679245
issue,3977,385685,1157,386842,333.34917891097666
issue,4239,472721,301,473022,1570.5016611295682
issue,3374,101538,291,101829,348.9278350515464
issue,1569,742228,141,742369,5264.028368794327
issue,4497,214463,899,215362,238.55728587319243
issue,2358,811100,1449,812549,559.7653554175293
issue,3806,843057,484,843541,1741.853305785124
issue,1758,209005,508,209513,411.4271653543307
issue,2681,556632,577,557209,964.7001733102252
issue,4363,659519,168,659687,3925.7083333333335
issue,1133,525170,591,525761,888.6125211505922
issue,1734,122667,264,122931,464.64772727272725
issue,17,588385,659,589044,892.845220030349
issue,2760,603439,233,603672,2589.8669527897
issue,2261,260302,883,261185,294.79275198188
issue,2488,746583,93,746676,8027.774193548387
issue,2618,239304,383,239687,624.8146214099216
issue,2688,530949,455,531404,1166.9208791208791
issue,4972,393097,344,393441,1142.7238372093022
issue,4427,920547,443,920990,2077.984198645598
issue,972,885444,582,886026,1521.381443298969
issue,2235,100712,187,100899,538.5668449197861
issue,307,218748,408,219156,536.1470588235294
issue,548,885401,367,885768,2412.5367847411444
issue,4060,259649,298,259947,871.3053691275168
issue,3866,480201,194,480395,2475.262886597938
issue,23,541985,276,542261,1963.713768115942
issue,2150,643569,941,644510,683.9202975557918
issue,75,393143,237,393380,1658.831223628692
issue,2764,902709,800,903509,1128.38625
issue,4282,306948,221,307169,1388.9049773755655
issue,562,885285,400,885685,2213.2125
issue,4183,940992,179,941171,5256.938547486034
issue,2482,972153,413,972566,2353.8813559322034
issue,3305,122739,350,123089,350.6828571428572
issue,2622,387517,450,387967,861.1488888888889
issue,3071,109699,421,110120,260.56769596199524
issue,263,345378,619,345997,557.9612277867528
issue,4194,465621,334,465955,1394.0748502994013
issue,3548,349832,817,350649,428.1909424724602
issue,4786,725917,179,726096,4055.402234636872
issue,4915,672270,782,673052,859.6803069053708
issue,2773,352159,702,352861,501.6509971509972
issue,1165,298393,202,298595,1477.1930693069307
issue,3895,970353,295,970648,3289.3322033898303
issue,2147,384505,333,384838,1154.6696696696697
issue,1531,518920,611,519531,849.2962356792144
issue,2691,512571,1226,513797,418.08401305057095
issue,920,408763,293,409056,1395.0955631399318
issue,1669,118066,164,118230,719.9146341463414
issue,2620,902422,1027,903449,878.6971762414801
issue,762,264037,415,264452,636.2337349397591
issue,303,970668,633,971301,1533.4407582938388
issue,4352,583923,219,584142,2666.31506849315
issue,1711,275623,832,276455,331.2776442307692
issue,514,349911,785,350696,445.7464968152866
issue,3786,100628,164,100792,613.5853658536586
issue,2648,474881,951,475832,499.3491062039958
issue,2002,920353,193,920546,4768.668393782384
issue,3295,308057,910,308967,338.5241758241758
issue,770,379792,324,380116,1172.1975308641977
issue,4760,839906,312,840218,2692.00641025641
issue,3544,131880,351,132231,375.7264957264957
issue,1835,180430,466,180896,387.1888412017168
issue,1455,179960,292,180252,616.3013698630137
issue,1418,438889,261,439150,1681.5670498084291
issue,2821,935650,767,936417,1219.882659713168
issue,1730,524764,395,525159,1328.5164556962025
issue,685,141977,197,142174,720.6954314720812
issue,575,202481,481,202962,420.95841995842
issue,1347,117558,521,118079,225.63915547024956
issue,3704,207012,607,207619,341.04118616144973
issue,4752,412998,362,413360,1140.878453038674
issue,1610,344660,395,345055,872.5569620253165
issue,1167,707958,126,708084,5618.714285714285
issue,2568,224727,608,225335,369.6167763157895
issue,368,729373,204,729577,3575.357843137255
issue,2025,741842,494,742336,1501.7044534412955
issue,1376,179372,91,179463,1971.1208791208792
issue,1109,628318,721,629039,871.4535367545076
issue,1027,307501,299,307800,1028.4314381270904
issue,3210,842908,423,843331,1992.6903073286053
issue,526,257048,853,257901,301.3458382180539
issue,2401,309899,182,310081,1702.741758241758
issue,481,488265,402,488667,1214.589552238806
issue,3342,540541,1001,541542,540.000999000999
issue,4806,687136,447,687583,1537.2170022371365
issue,3842,462921,315,463236,1469.5904761904762
issue,639,347423,755,348178,460.1629139072848
issue,100,465454,664,466118,700.9849397590361
issue,2763,407508,685,408193,594.9021897810219
issue,3068,438800,283,439083,1550.530035335689
issue,3542,822784,509,823293,1616.4715127701377
issue,415,442287,985,443272,449.0223350253807
issue,4231,400269,99,400368,4043.121212121212
issue,2800,920611,966,921577,953.0134575569358
issue,2878,259564,298,259862,871.0201342281879
issue,2551,811273,579,811852,1401.1623488773748
issue,711,921849,562,922411,1640.3007117437724
issue,2102,727891,257,728148,2832.260700389105
issue,2320,606523,867,607390,699.5651672433679
issue,2362,628069,788,628857,797.0418781725888
issue,435,477223,463,477686,1030.719222462203
issue,1816,408760,496,409256,824.1129032258065
issue,2146,302399,823,303222,367.4349939246658
issue,818,925731,382,926113,2423.379581151833
issue,2748,312889,709,313598,441.3102961918195
issue,2988,642067,96,642163,6688.197916666667
issue,327,519364,624,519988,832.3141025641025
issue,678,925735,352,926087,2629.9289772727275
issue,620,466760,679,467439,687.4226804123712
issue,198,181916,575,182491,316.37565217391307
issue,3134,827567,242,827809,3419.698347107438
issue,3331,606594,201,606795,3017.8805970149256
issue,63,400727,847,401574,473.1133412042503
issue,1571,346871,598,347469,580.051839464883
issue,1069,224558,571,225129,393.2714535901927
issue,3696,344478,178,344656,1935.2696629213483
issue,3427,112916,864,113780,130.6898148148148
issue,701,287170,697,287867,412.0086083213773
issue,3864,628482,897,629379,700.6488294314381
issue,1848,204189,116,204305,1760.25
issue,3996,535924,80,536004,6699.05
issue,1541,920176,489,920665,1881.750511247444
issue,2015,214558,761,215319,281.9421813403417
issue,1204,218603,832,219435,262.74399038461536
issue,3633,738105,821,738926,899.0316686967113
issue,445,634720,244,634964,2601.311475409836
issue,3033,472426,277,472703,1705.5090252707582
issue,3811,382787,278,383065,1376.931654676259
issue,2457,312737,709,313446,441.0959097320169
issue,1409,122152,242,122394,504.7603305785124
issue,663,476995,388,477383,1229.368556701031
issue,3191,259485,329,259814,788.7082066869301
issue,2720,413381,781,414162,529.2970550576184
issue,359,250376,583,250959,429.4614065180103
issue,3128,256407,483,256890,530.8633540372671
issue,3657,504192,648,504840,778.074074074074
issue,461,722204,302,722506,2391.4039735099336
issue,212,310056,354,310410,875.8644067796611
issue,331,519117,500,519617,1038.234
issue,3505,374250,763,375013,490.4980340760157
issue,4145,169856,604,170460,281.21854304635764
issue,3438,119955,933,120888,128.56913183279744
issue,2831,340725,608,341333,560.4029605263158
issue,3320,350923,471,351394,745.0594479830148
issue,1733,480217,290,480507,1655.9206896551725
issue,644,536063,449,536512,1193.904231625835
issue,4016,290787,229,291016,1269.8122270742358
issue,2072,425151,277,425428,1534.841155234657
issue,3825,747897,495,748392,1510.9030303030304
issue,2879,153926,248,154174,620.6693548387096
issue,2458,653936,355,654291,1842.07323943662
issue,4066,822827,607,823434,1355.5634266886327
issue,320,309478,840,310318,368.42619047619047
issue,1943,941851,628,942479,1499.7627388535032
issue,1145,387984,491,388475,790.1914460285133
issue,2171,108565,888,109453,122.25788288288288
issue,325,603050,145,603195,4158.96551724138
issue,3163,131680,218,131898,604.0366972477065
issue,551,208896,332,209228,629.2048192771084
issue,3915,807722,788,808510,1025.027918781726
issue,3379,902281,189,902470,4773.973544973545
issue,3880,818064,904,818968,904.9380530973452
issue,319,954545,505,955050,1890.1881188118807
issue,224,259445,89,259534,2915.112359550562
issue,1175,191161,134,191295,1426.5746268656717
issue,2881,312767,771,313538,405.6640726329442
issue,4812,220736,468,221204,471.6581196581196
issue,1119,902404,1005,903409,897.9144278606965
issue,839,182949,730,183679,250.6150684931507
issue,3598,466622,267,466889,1747.6479400749065
issue,382,226855,493,227348,460.1521298174442
issue,33,121058,365,121423,331.6657534246575
issue,1613,302114,222,302336,1360.873873873874
issue,1886,154130,400,154530,385.325
issue,1619,925568,398,925966,2325.547738693467
issue,607,567550,724,568274,783.9088397790056
issue,2120,935497,331,935828,2826.274924471299
issue,3650,413254,789,414043,523.7693282636249
issue,1056,383143,520,383663,736.8134615384615
issue,2044,727626,456,728082,1595.671052631579
issue,3382,262263,311,262574,843.2893890675241
issue,1596,935521,164,935685,5704.396341463415
issue,4224,710279,330,710609,2152.360606060606
issue,2915,239322,76,239398,3148.9736842105262
issue,860,398503,578,399081,689.4515570934255
issue,3766,346857,584,347441,593.9332191780821
issue,2755,425097,169,425266,2515.3668639053253
issue,3652,263623,228,263851,1156.241228070175
issue,293,200275,589,200864,340.02546689303904
issue,4389,469039,988,470027,474.73582995951415
issue,3803,438789,696,439485,630.4439655172414
issue,2485,123788,217,124005,570.4516129032259
issue,826,205226,97,205323,2115.7319587628867
issue,1799,532820,536,533356,994.0671641791045
issue,2019,408298,737,409035,554.0
issue,3477,309760,664,310424,466.5060240963856
issue,2393,425176,301,425477,1412.544850498339
issue,2195,201483,118,201601,1707.4830508474577
issue,4963,412971,179,413150,2307.1005586592178
issue,2775,348002,301,348303,1156.1528239202655
issue,3920,535902,63,535965,8506.380952380952
issue,4917,259781,213,259994,1219.6291079812206
issue,1552,227577,148,227725,1537.6824324324325
issue,668,179425,365,179790,491.5753424657534
issue,2972,379751,412,380163,921.7257281553398
issue,132,659511,189,659700,3489.4761904761904
issue,3082,254712,833,255545,305.7767106842737
issue,3589,383018,630,383648,607.9650793650794
issue,3552,346938,614,347552,565.0456026058632
issue,2351,315338,148,315486,2130.662162162162
issue,3728,551383,312,551695,1767.253205128205
issue,4173,287034,659,287693,435.5599393019727
issue,2034,351333,953,352286,368.66002098635886
issue,4370,122654,328,122982,373.9451219512195
issue,3597,331715,860,332575,385.7151162790698
issue,1517,925581,325,925906,2847.9415384615386
issue,4521,345297,482,345779,716.3838174273859
issue,2601,135808,81,135889,1676.641975308642
issue,2745,519044,423,519467,1227.0543735224587
issue,3283,375687,761,376448,493.6754270696452
issue,2570,428433,1050,429483,408.0314285714286
issue,3442,275156,670,275826,410.68059701492535
issue,3263,313865,875,314740,358.7028571428572
issue,1650,492629,60,492689,8210.483333333334
issue,4142,191640,477,192117,401.76100628930817
issue,4588,510480,757,511237,674.3461030383091
issue,2087,807744,326,808070,2477.7423312883434
issue,4395,581226,734,581960,791.8610354223433
issue,1878,923221,892,924113,1035.0011210762332
issue,1005,375779,1123,376902,334.6206589492431
issue,1387,492936,764,493700,645.2041884816754
issue,3065,346904,798,347702,434.71679197994985
issue,3907,591576,339,591915,1745.0619469026549
issue,1942,131172,385,131557,340.7064935064936
issue,990,408530,322,408852,1268.726708074534
issue,346,925773,506,926279,1829.590909090909
issue,3533,707416,407,707823,1738.1228501228502
issue,4797,314337,849,315186,370.24381625441697
issue,1400,259613,321,259934,808.7632398753894
issue,2471,748019,646,748665,1157.924148606811
issue,2418,822724,414,823138,1987.256038647343
issue,436,410406,335,410741,1225.0925373134328
issue,572,315229,661,315890,476.89712556732223
issue,1330,402572,666,403238,604.4624624624624
issue,4279,628326,594,628920,1057.7878787878788
issue,512,306841,386,307227,794.9248704663213
issue,1805,636519,418,636937,1522.7727272727273
issue,4089,301995,302,302297,999.9834437086092
issue,4524,925192,823,926015,1124.1701093560146
issue,4436,453407,486,453893,932.9362139917696
issue,3912,185179,176,185355,1052.153409090909
issue,1764,400336,648,400984,617.8024691358024
issue,3346,478738,907,479645,527.8257993384785
issue,3779,117472,522,117994,225.0421455938697
issue,2494,588574,396,588970,1486.29797979798
issue,4943,312786,580,313366,539.2862068965517
issue,983,504061,463,504524,1088.6846652267818
issue,4021,478750,188,478938,2546.5425531914893
issue,4314,583862,252,584114,2316.9126984126983
issue,3319,309448,851,310299,363.62867215041126
issue,4354,163305,523,163828,312.2466539196941
issue,1399,442279,796,443075,555.6268844221106
issue,4514,567552,335,567887,1694.1850746268656
issue,2814,941541,656,942197,1435.2759146341464
issue,929,643834,331,644165,1945.117824773414
issue,3182,226967,602,227569,377.0215946843854
issue,2021,636445,697,637142,913.1205164992826
issue,883,169056,568,169624,297.63380281690144
issue,3884,492593,584,493177,843.4811643835617
issue,927,259708,355,260063,731.5718309859155
issue,3343,117714,132,117846,891.7727272727273
issue,2662,123837,255,124092,485.6352941176471
issue,3699,427988,538,428526,795.5167286245353
issue,3656,840310,477,840787,1761.6561844863731
issue,2095,757423,879,758302,861.6871444823663
issue,3260,387674,864,388538,448.6967592592592
issue,4918,348713,587,349300,594.0596252129471
issue,1068,259854,318,260172,817.1509433962265
issue,2714,438913,430,439343,1020.7279069767442
issue,152,388118,856,388974,453.4088785046729
issue,1236,374343,370,374713,1011.7378378378378
issue,4019,536356,1024,537380,523.78515625
issue,3934,155745,585,156330,266.2307692307692
issue,1277,589358,284,589642,2075.2042253521126
issue,829,402558,824,403382,488.5412621359224
issue,432,284006,134,284140,2119.4477611940297
issue,4519,524725,606,525331,865.8828382838284
issue,4641,239526,365,239891,656.2356164383561
issue,3088,122679,382,123061,321.14921465968587
issue,2265,141907,710,142617,199.86901408450703
issue,4845,402720,424,403144,949.811320754717
issue,1335,687002,134,687136,5126.880597014925
issue,2255,100744,267,101011,377.3183520599251
issue,486,741810,562,742372,1319.946619217082
issue,4570,716409,100,716509,7164.09
issue,1480,995596,866,996462,1149.64896073903
issue,4655,155622,350,155972,444.63428571428574
issue,3429,819336,50,819386,16386.72
issue,2710,465635,672,466307,692.9092261904761
issue,660,535938,266,536204,2014.8045112781956
issue,3588,327176,342,327518,956.654970760234
issue,2675,141765,158,141923,897.246835443038
issue,2338,661334,899,662233,735.6329254727475
issue,3540,479094,246,479340,1947.5365853658536
issue,4431,687719,677,688396,1015.8330871491876
issue,3198,640066,1065,641131,601.0009389671361
issue,2596,531163,724,531887,733.6505524861878
issue,4586,398437,636,399073,626.4732704402516
issue,4601,220268,137,220405,1607.795620437956
issue,3674,309625,577,310202,536.6117850953207
issue,2893,477935,596,478531,801.9043624161073
issue,4373,253967,731,254698,347.4240766073871
issue,546,433835,984,434819,440.8892276422764
issue,2602,304195,981,305176,310.0866462793068
issue,429,251326,789,252115,318.53738910012675
issue,1602,464932,668,465600,696.0059880239521
issue,1910,672087,208,672295,3231.1875
issue,661,262423,211,262634,1243.7109004739336
issue,1324,202281,521,202802,388.2552783109405
issue,1706,346386,510,346896,679.1882352941177
issue,2175,820175,946,821121,866.992600422833
issue,1679,228193,511,228704,446.5616438356165
issue,1083,200152,812,200964,246.49261083743843
issue,3768,636509,378,636887,1683.8862433862437
issue,2758,316074,410,316484,770.9121951219512
issue,180,453265,822,454087,551.4172749391728
issue,4229,960997,513,961510,1873.288499025341
issue,3054,314512,78,314590,4032.205128205128
issue,4502,156863,286,157149,548.472027972028
issue,3445,176288,245,176533,719.5428571428571
issue,199,653974,889,654863,735.6287964004499
issue,184,727291,68,727359,10695.45588235294
issue,4337,885279,582,885861,1521.09793814433
issue,3404,303942,308,304250,986.8246753246754
issue,828,628413,209,628622,3006.7607655502397
issue,404,121074,192,121266,630.59375
issue,4413,350260,887,351147,394.8816234498309
issue,3368,518929,331,519260,1567.761329305136
issue,3698,842908,177,843085,4762.192090395481
issue,2211,345128,423,345551,815.9054373522458
issue,4730,257668,688,258356,374.5174418604651
issue,4302,643747,760,644507,847.0355263157895
issue,1999,259654,344,259998,754.8081395348837
issue,3727,581046,153,581199,3797.686274509804
issue,1327,643617,475,644092,1354.983157894737
issue,455,200127,125,200252,1601.016
issue,3703,332257,1040,333297,319.4778846153846
issue,256,994992,121,995113,8223.07438016529
issue,2858,659519,489,660008,1348.7096114519427
issue,4695,174783,359,175142,486.86072423398326
issue,2209,388054,378,388432,1026.5978835978835
issue,1830,315705,325,316030,971.4
issue,2490,926117,535,926652,1731.0598130841122
issue,4109,121085,236,121321,513.0720338983051
issue,3330,141768,706,142474,200.80453257790367
issue,4289,504288,418,504706,1206.430622009569
issue,525,972935,356,973291,2732.963483146068
issue,516,258667,695,259362,372.18273381294966
issue,2533,518946,299,519245,1735.6053511705686
issue,3161,123786,598,124384,207.0
issue,1317,117501,497,117998,236.420523138833
issue,801,163950,161,164111,1018.3229813664595
issue,3509,262209,263,262472,996.9923954372624
issue,600,492627,247,492874,1994.4412955465584
issue,2841,306728,462,307190,663.91341991342
issue,4958,345414,908,346322,380.41189427312776
issue,3352,224538,275,224813,816.5018181818182
issue,3267,342900,787,343687,435.705209656925
issue,2324,294824,100,294924,2948.24
issue,4257,349140,353,349493,989.0651558073654
issue,2328,408468,220,408688,1856.6727272727276
issue,4799,478967,1031,479998,464.5654704170708
issue,693,636467,232,636699,2743.3922413793102
issue,4573,465402,342,465744,1360.8245614035088
issue,4814,123785,237,124022,522.2995780590717
issue,2125,347546,854,348400,406.9625292740047
issue,317,524594,425,525019,1234.3388235294117
issue,4778,902281,173,902454,5215.49710982659
issue,19,826618,294,826912,2811.625850340136
issue,865,970551,141,970692,6883.340425531915
issue,1441,453581,510,454091,889.3745098039216
issue,747,182182,404,182586,450.94554455445547
issue,2408,174784,189,174973,924.7830687830688
issue,390,250231,378,250609,661.9867724867725
issue,845,438820,790,439610,555.4683544303797
issue,1674,208832,132,208964,1582.060606060606
issue,1638,261217,288,261505,907.0034722222222
issue,2707,282421,386,282807,731.660621761658
issue,3218,841296,252,841548,3338.4761904761904
issue,909,588415,487,588902,1208.2443531827516
issue,347,630125,393,630518,1603.3715012722646
issue,2204,123783,271,124054,456.7638376383764
issue,2176,141700,218,141918,650.0
issue,1385,282661,604,283265,467.9817880794702
issue,4452,408416,494,408910,826.7530364372469
issue,324,352876,673,353549,524.332838038633
issue,2754,169098,285,169383,593.3263157894737
issue,1509,121051,545,121596,222.11192660550455
issue,4857,205325,699,206024,293.74105865522176
issue,2189,248854,91,248945,2734.6593406593406
issue,887,347439,362,347801,959.7762430939226
issue,3468,346876,279,347155,1243.2831541218638
issue,321,117838,448,118286,263.03125
issue,2017,561267,792,562059,708.6704545454545
issue,771,656919,667,657586,984.8860569715142
issue,1864,536467,777,537244,690.4337194337195
issue,3585,214421,973,215394,220.3710174717369
issue,999,161134,110,161244,1464.8545454545454
issue,1172,214607,845,215452,253.97278106508875
issue,3846,214388,583,214971,367.7324185248714
issue,4534,310465,767,311232,404.77835723598434
issue,197,259691,141,259832,1841.780141843972
issue,807,345219,706,345925,488.9787535410765
issue,3939,393248,280,393528,1404.4571428571428
issue,2039,394527,325,394852,1213.9292307692308
issue,1781,208849,296,209145,705.5709459459459
issue,3462,257305,865,258170,297.46242774566474
issue,13,840341,627,840968,1340.2567783094098
issue,1460,727182,96,727278,7574.8125
issue,2549,727175,92,727267,7904.076086956522
issue,4390,602975,120,603095,5024.791666666667
issue,1601,254146,374,254520,679.5347593582887
issue,3012,109042,120,109162,908.6833333333332
issue,515,295040,145,295185,2034.7586206896551
issue,3460,727557,120,727677,6062.975
issue,4652,925839,343,926182,2699.2390670553937
issue,230,120920,418,121338,289.2822966507177
issue,3746,510430,1183,511613,431.47083685545226
issue,2762,340203,918,341121,370.59150326797385
issue,3922,504022,464,504486,1086.2543103448277
issue,4780,468798,587,469385,798.633730834753
issue,1363,122313,168,122481,728.0535714285714
issue,2305,262148,330,262478,794.3878787878788
issue,1944,583778,94,583872,6210.404255319149
issue,4993,169171,716,169887,236.2723463687151
issue,729,819204,327,819531,2505.211009174312
issue,159,257383,372,257755,691.8897849462365
issue,155,169031,778,169809,217.2634961439589
issue,2250,409675,302,409977,1356.5397350993378
issue,280,400728,686,401414,584.1516034985423
issue,4981,352909,234,353143,1508.1581196581196
issue,166,387634,580,388214,668.3344827586207
issue,4320,150685,771,151456,195.4409857328145
issue,2794,122746,233,122979,526.8068669527897
issue,4888,583882,186,584068,3139.1505376344085
issue,4807,427613,700,428313,610.8757142857143
issue,3904,659516,432,659948,1526.6574074074074
issue,507,408729,624,409353,655.0144230769231
issue,4734,122701,105,122806,1168.5809523809523
issue,4164,261830,583,262413,449.1080617495712
issue,1600,190052,945,190997,201.1132275132275
issue,3516,247528,162,247690,1527.9506172839506
issue,975,442462,953,443415,464.28331584470095
issue,2220,925695,44,925739,21038.522727272728
issue,3334,653602,364,653966,1795.60989010989
issue,1496,130444,328,130772,397.6951219512195
issue,2757,659831,464,660295,1422.0495689655172
issue,1980,427589,808,428397,529.1943069306931
issue,802,123792,206,123998,600.9320388349514
issue,779,935413,951,936364,983.6098843322818
issue,2664,110258,547,110805,201.56855575868371
issue,4651,477019,480,477499,993.7895833333332
issue,1100,315559,259,315818,1218.3745173745174
issue,469,462642,967,463609,478.43019648397103
issue,4723,510443,812,511255,628.6243842364532
issue,1940,481315,714,482029,674.110644257703
issue,520,382875,181,383056,2115.3314917127072
issue,2474,349872,878,350750,398.4874715261959
issue,4156,453426,945,454371,479.815873015873
issue,2269,109068,318,109386,342.9811320754717
issue,1198,205940,409,206349,503.520782396088
issue,3726,302463,616,303079,491.0113636363636
issue,1771,841891,333,842224,2528.201201201201
issue,582,905687,204,905891,4439.642156862745
issue,179,818110,138,818248,5928.333333333333
issue,2439,163250,104,163354,1569.7115384615386
issue,2449,311244,1138,312382,273.5008787346221
issue,4128,260339,806,261145,323.0012406947891
issue,2985,101530,305,101835,332.88524590163934
issue,2253,220191,209,220400,1053.5454545454545
issue,1325,189523,290,189813,653.5275862068966
issue,1844,227588,78,227666,2917.794871794872
issue,4376,118398,610,119008,194.0950819672131
issue,468,163240,126,163366,1295.5555555555557
issue,3332,156720,74,156794,2117.837837837838
issue,3215,232969,577,233546,403.7590987868284
issue,1686,433402,229,433631,1892.585152838428
issue,1268,442282,194,442476,2279.8041237113403
issue,2116,960953,1218,962171,788.9597701149426
issue,2403,375811,649,376460,579.0616332819723
issue,592,672691,665,673356,1011.5654135338344
issue,3537,411595,656,412251,627.4314024390244
issue,3419,160585,619,161204,259.4264943457189
issue,4501,438842,801,439643,547.8676654182273
issue,4323,390587,774,391361,504.6343669250646
issue,2899,466057,658,466715,708.2933130699088
issue,2528,130483,743,131226,175.6164199192463
issue,1254,478641,303,478944,1579.673267326733
issue,141,972671,418,973089,2326.964114832536
issue,3366,263747,359,264106,734.6713091922005
issue,367,425150,626,425776,679.1533546325878
issue,2911,955742,684,956426,1397.283625730994
issue,235,108880,727,109607,149.76616231086658
issue,2162,410024,295,410319,1389.9118644067796
issue,277,332443,331,332774,1004.3595166163142
issue,1500,532800,836,533636,637.3205741626795
issue,358,387625,562,388187,689.7241992882563
issue,2058,425171,355,425526,1197.6647887323943
issue,408,121236,363,121599,333.9834710743802
issue,3750,402480,198,402678,2032.7272727272727
issue,4196,349959,645,350604,542.5720930232558
issue,4369,387592,234,387826,1656.3760683760684
issue,1965,314415,558,314973,563.4677419354839
issue,4906,819190,369,819559,2220.027100271003
issue,914,121165,128,121293,946.6015625
issue,4569,219917,123,220040,1787.9430894308944
issue,2292,536101,592,536693,905.5760135135135
issue,1663,819383,622,820005,1317.3360128617364
issue,2711,477384,793,478177,601.9974779319042
issue,952,258168,850,259018,303.72705882352943
issue,3992,383288,512,383800,748.609375
issue,4359,586745,672,587417,873.1324404761905
issue,925,214355,866,215221,247.5230946882217
issue,3323,347679,714,348393,486.9453781512605
issue,969,170354,1024,171378,166.361328125
issue,4125,395016,427,395443,925.096018735363
issue,2229,347649,627,348276,554.4641148325359
issue,1558,641575,581,642156,1104.2598967297763
issue,4597,149328,298,149626,501.1006711409396
issue,3193,468774,336,469110,1395.1607142857142
issue,1222,532875,649,533524,821.0708782742681
issue,2676,672059,309,672368,2174.948220064725
issue,2057,183482,340,183822,539.6529411764706
issue,3873,636362,646,637008,985.0804953560372
issue,1519,254422,528,254950,481.8598484848485
issue,1947,122739,166,122905,739.3915662650602
issue,4973,117811,547,118358,215.37659963436928
issue,2713,150306,698,151004,215.33810888252148
issue,1887,188855,141,188996,1339.3971631205677
issue,814,955379,296,955675,3227.6317567567567
issue,4899,707966,249,708215,2843.2369477911648
issue,2049,821186,182,821368,4512.010989010989
issue,1216,253919,75,253994,3385.5866666666666
issue,93,307481,663,308144,463.77224736048265
issue,4000,205231,142,205373,1445.2887323943662
issue,3580,347694,708,348402,491.09322033898303
issue,3666,438889,797,439686,550.6762860727729
issue,462,716364,588,716952,1218.3061224489795
issue,2522,954771,683,955454,1397.9077598828696
issue,2104,586859,699,587558,839.5693848354792
issue,3784,313023,409,313432,765.3374083129585
issue,754,556553,438,556991,1270.6689497716895
issue,610,960718,269,960987,3571.442379182156
issue,4875,629512,804,630316,782.9751243781094
issue,306,109070,222,109292,491.3063063063063
issue,2684,383196,601,383797,637.5973377703828
issue,3253,586591,566,587157,1036.379858657244
issue,2529,349836,349,350185,1002.3954154727794
issue,2869,902506,254,902760,3553.1732283464567
issue,4491,400367,338,400705,1184.51775147929
issue,1702,407351,496,407847,821.2721774193549
issue,2306,267065,662,267727,403.4214501510574
issue,3539,163285,39,163324,4186.794871794872
issue,3484,839809,286,840095,2936.395104895105
issue,3133,281995,251,282246,1123.4860557768925
issue,3105,811364,933,812297,869.6291532690246
issue,2181,334225,267,334492,1251.7790262172284
issue,3307,972413,1060,973473,917.3707547169812
issue,4149,935561,115,935676,8135.313043478261
issue,1587,747852,728,748580,1027.2692307692307
issue,1084,227031,1017,228048,223.23598820059
issue,2877,583898,331,584229,1764.0422960725075
issue,361,827567,293,827860,2824.460750853242
issue,4168,150135,662,150797,226.7900302114804
issue,3938,380151,290,380441,1310.8655172413794
issue,1158,687143,753,687896,912.5405046480744
issue,2281,970122,621,970743,1562.193236714976
issue,2819,971436,122,971558,7962.590163934426
issue,3058,811256,943,812199,860.2926829268292
issue,4802,636539,768,637307,828.8268229166666
issue,3670,298103,212,298315,1406.1462264150944
issue,1180,567513,123,567636,4613.926829268293
issue,1814,842908,121,843029,6966.181818181818
issue,4094,313306,586,313892,534.6518771331058
issue,4437,172811,235,173046,735.3659574468085
issue,880,150098,303,150401,495.37293729372936
issue,400,525054,377,525431,1392.7161803713527
issue,3965,819407,640,820047,1280.3234375
issue,3360,439855,871,440726,505.0
issue,2594,589504,119,589623,4953.81512605042
issue,65,214364,141,214505,1520.3120567375886
issue,4498,954698,944,955642,1011.332627118644
issue,4311,101566,194,101760,523.5360824742268
issue,1524,345304,677,345981,510.0502215657312
issue,4082,262775,206,262981,1275.606796116505
issue,2534,382595,147,382742,2602.687074829932
issue,4080,302421,495,302916,610.9515151515152
issue,402,294566,286,294852,1029.951048951049
issue,716,314825,1120,315945,281.09375
issue,2492,306903,200,307103,1534.515
issue,1343,480491,530,481021,906.5867924528302
issue,4667,303845,445,304290,682.7977528089888
issue,1019,532635,141,532776,3777.553191489362
issue,3558,536664,474,537138,1132.2025316455697
issue,3298,811084,226,811310,3588.8672566371683
issue,4030,408486,202,408688,2022.2079207920792
issue,1658,202382,660,203042,306.6393939393939
issue,388,586766,971,587737,604.2904222451082
issue,2288,659438,115,659553,5734.24347826087
issue,4500,154764,376,155140,411.6063829787234
issue,2293,174646,798,175444,218.8546365914787
issue,2232,121057,395,121452,306.473417721519
issue,2927,408415,533,408948,766.2570356472795
issue,2627,382679,452,383131,846.6349557522124
issue,3503,259420,387,259807,670.3359173126615
issue,2093,172097,282,172379,610.2730496453901
issue,3256,687145,364,687509,1887.760989010989
issue,3776,807754,343,808097,2354.9679300291546
issue,2297,610004,919,610923,663.7693144722524
issue,3172,183383,504,183887,363.85515873015873
issue,3672,465287,736,466023,632.1834239130435
issue,4945,839319,715,840034,1173.8727272727272
issue,3021,434324,298,434622,1457.4630872483222
issue,2586,424880,463,425343,917.6673866090712
issue,3984,182274,708,182982,257.4491525423729
issue,3487,263722,292,264014,903.1575342465752
issue,535,226802,212,227014,1069.8207547169811
issue,4303,827104,611,827715,1353.6890343698851
issue,1384,920563,745,921308,1235.655033557047
issue,31,227224,439,227663,517.5945330296128
issue,3455,172829,393,173222,439.7684478371501
issue,763,532822,981,533803,543.1416921508664
issue,1338,205226,491,205717,417.9755600814664
issue,4507,530940,586,531526,906.0409556313994
issue,4808,438854,836,439690,524.944976076555
issue,1404,519313,398,519711,1304.8065326633166
issue,1606,163165,105,163270,1553.952380952381
issue,1879,169010,278,169288,607.9496402877697
issue,947,117893,496,118389,237.6875
issue,1162,302044,400,302444,755.11
issue,2573,606938,646,607584,939.532507739938
issue,3328,259879,324,260203,802.0956790123457
issue,3060,343343,481,343824,713.8108108108108
issue,3072,259284,705,259989,367.77872340425535
issue,4612,224405,591,224996,379.70389170896783
issue,2574,902288,192,902480,4699.416666666667
issue,4837,169289,904,170193,187.266592920354
issue,3526,262775,151,262926,1740.23178807947
issue,97,159567,240,159807,664.8625
issue,4187,675620,816,676436,827.9656862745098
issue,964,259778,383,260161,678.2715404699738
issue,3744,408755,260,409015,1572.1346153846157
issue,2712,716309,339,716648,2113.0058997050146
issue,2842,251256,61,251317,4118.950819672131
issue,2360,163241,206,163447,792.4320388349514
issue,2011,200331,292,200623,686.0650684931506
issue,1381,727172,76,727248,9568.052631578948
issue,1433,184897,418,185315,442.3373205741627
issue,3914,817682,215,817897,3803.172093023256
issue,2847,519139,435,519574,1193.422988505747
issue,3858,645575,444,646019,1453.9977477477478
issue,3373,489212,394,489606,1241.6548223350253
issue,3078,972580,431,973011,2256.566125290023
issue,3149,672140,278,672418,2417.7697841726617
issue,150,101492,742,102234,136.78167115902966
issue,3967,727310,210,727520,3463.3809523809523
issue,4516,130368,299,130667,436.0133779264214
issue,4416,346784,453,347237,765.5275938189845
issue,3428,524191,221,524412,2371.904977375565
issue,239,309988,427,310415,725.9672131147541
issue,1756,239368,421,239789,568.5700712589073
issue,4179,427623,418,428041,1023.0215311004785
issue,333,737413,390,737803,1890.802564102564
issue,4700,345086,918,346004,375.9106753812636
issue,997,263738,398,264136,662.6582914572864
issue,3079,531121,395,531516,1344.6101265822786
issue,3777,118172,816,118988,144.8186274509804
issue,4226,408921,109,409030,3751.5688073394494
issue,113,100634,350,100984,287.5257142857143
issue,1472,313403,500,313903,626.806
issue,895,811265,412,811677,1969.0898058252428
issue,3534,223181,798,223979,279.67543859649123
issue,965,518957,438,519395,1184.8333333333333
issue,2094,250301,452,250753,553.7632743362832
issue,4367,653764,615,654379,1063.030894308943
issue,1265,379692,463,380155,820.0691144708424
issue,1462,227516,564,228080,403.39716312056737
issue,1405,200246,716,200962,279.6731843575419
issue,1759,108586,361,108947,300.79224376731304
issue,2575,224692,935,225627,240.31229946524064
issue,3209,393007,268,393275,1466.4440298507463
issue,2686,885811,724,886535,1223.495856353591
issue,3255,902492,669,903161,1349.01644245142
issue,3616,392988,200,393188,1964.94
issue,3519,737873,654,738527,1128.2461773700306
issue,3175,464801,231,465032,2012.125541125541
issue,4523,811175,252,811427,3218.9484126984125
issue,4161,257506,703,258209,366.2958748221906
issue,3500,296041,116,296157,2552.0775862068967
issue,3035,425168,204,425372,2084.156862745098
issue,788,923501,1059,924560,872.0500472143532
issue,1518,313569,179,313748,1751.782122905028
issue,1366,404705,973,405678,415.9352517985611
issue,2404,842908,239,843147,3526.811715481172
issue,2614,935483,230,935713,4067.317391304348
issue,2092,302150,518,302668,583.3011583011584
issue,2119,287126,524,287650,547.9503816793894
issue,312,822675,677,823352,1215.1772525849335
issue,2926,400464,638,401102,627.6865203761755
issue,2746,174242,320,174562,544.50625
issue,3525,941117,459,941576,2050.363834422658
issue,196,375585,323,375908,1162.8018575851393
issue,3338,109184,872,110056,125.21100917431193
issue,3259,250274,148,250422,1691.0405405405406
issue,2651,641054,181,641235,3541.734806629834
issue,2311,163242,51,163293,3200.823529411765
issue,4591,532767,342,533109,1557.798245614035
issue,2451,263653,388,264041,679.5180412371134
issue,2523,591874,877,592751,674.884834663626
issue,5,659500,139,659639,4744.604316546763
issue,2131,302225,718,302943,420.9261838440111
issue,4953,468787,737,469524,636.0746268656717
issue,4489,306787,422,307209,726.9834123222748
issue,666,818230,831,819061,984.6329723225032
issue,2610,463439,1054,464493,439.6954459203036
issue,891,254671,681,255352,373.9662261380323
issue,633,257007,609,257616,422.01477832512313
issue,761,536420,359,536779,1494.2061281337046
issue,2258,524852,293,525145,1791.3037542662116
issue,3183,412936,255,413191,1619.356862745098
issue,4742,492533,387,492920,1272.6950904392766
issue,2779,257477,891,258368,288.9753086419753
issue,2495,941992,428,942420,2200.9158878504672
issue,4177,261202,212,261414,1232.0849056603774
issue,4879,349899,810,350709,431.97407407407405
issue,4484,344855,991,345846,347.9868819374369
issue,2450,315687,337,316024,936.7566765578636
issue,70,250553,825,251378,303.70060606060605
issue,4247,819538,663,820201,1236.105580693816
issue,1869,347756,542,348298,641.6162361623616
issue,2717,259467,296,259763,876.5777027027027
issue,1093,379926,330,380256,1151.290909090909
issue,2456,314276,148,314424,2123.4864864864867
issue,240,811256,540,811796,1502.325925925926
issue,2436,141813,307,142120,461.9315960912052
issue,4544,408848,272,409120,1503.1176470588234
issue,94,109823,272,110095,403.7610294117647
issue,2010,583820,292,584112,1999.383561643836
issue,2375,839486,751,840237,1117.8242343541945
issue,2801,208878,712,209590,293.3679775280899
issue,1672,262775,137,262912,1918.065693430657
issue,3371,902912,415,903327,2175.6915662650604
issue,2583,262775,465,263240,565.1075268817204
issue,2275,316321,235,316556,1346.0468085106384
issue,4099,387653,779,388432,497.6290115532734
issue,4801,586626,336,586962,1745.9107142857142
issue,3659,275802,529,276331,521.3648393194707
issue,485,121081,363,121444,333.5564738292011
issue,804,310747,861,311608,360.9140534262485
issue,1916,954911,469,955380,2036.0575692963755
issue,3293,261196,203,261399,1286.679802955665
issue,460,294985,108,295093,2731.3425925925926
issue,720,472532,243,472775,1944.5761316872429
issue,2965,524550,746,525296,703.1501340482574
issue,4383,524198,663,524861,790.6455505279034
issue,2780,737556,366,737922,2015.1803278688524
issue,2929,639887,573,640460,1116.7312390924956
issue,4911,807606,429,808035,1882.5314685314688
issue,188,306704,166,306870,1847.6144578313251
issue,3081,395666,782,396448,505.9667519181586
issue,1382,374135,433,374568,864.0531177829099
issue,878,175861,146,176007,1204.527397260274
issue,2874,340131,186,340317,1828.6612903225807
issue,247,465264,629,465893,739.6883942766295
issue,1935,504045,439,504484,1148.1662870159453
issue,2541,263630,207,263837,1273.574879227053
issue,2891,408505,699,409204,584.4134477825465
issue,4661,923230,628,923858,1470.1114649681529
issue,692,259554,141,259695,1840.8085106382975
issue,1898,842908,186,843094,4531.763440860215
issue,2030,427559,909,428468,470.3619361936194
issue,2001,822830,831,823661,990.1684717208184
issue,2117,464922,176,465098,2641.6022727272725
issue,2682,478681,713,479394,671.3618513323984
issue,2334,926338,818,927156,1132.442542787286
issue,4301,160675,321,160996,500.5451713395639
issue,2974,923153,171,923324,5398.555555555556
issue,1177,400466,649,401115,617.0508474576271
issue,4469,408755,415,409170,984.9518072289156
issue,2708,643458,492,643950,1307.841463414634
issue,611,122652,110,122762,1115.0181818181818
issue,3709,820479,576,821055,1424.4427083333333
issue,4220,260409,350,260759,744.0257142857142
issue,4666,583863,114,583977,5121.605263157895
issue,4059,707276,512,707788,1381.3984375
issue,4773,176709,138,176847,1280.5
issue,1013,345311,582,345893,593.3178694158075
issue,2486,202146,154,202300,1312.6363636363635
issue,1794,728160,136,728296,5354.117647058823
issue,3135,925878,537,926415,1724.167597765363
issue,3160,464950,858,465808,541.8997668997669
issue,2860,636366,554,636920,1148.6750902527076
issue,628,255518,325,255843,786.2092307692308
issue,981,628675,599,629274,1049.540901502504
issue,3321,727670,238,727908,3057.436974789916
issue,2629,425151,516,425667,823.9360465116279
issue,1647,407600,552,408152,738.4057971014493
issue,3349,398314,910,399224,437.7076923076923
issue,467,109174,257,109431,424.8015564202335
issue,1282,839572,660,840232,1272.0787878787878
issue,2390,531419,846,532265,628.1548463356974
issue,2302,687020,90,687110,7633.555555555556
issue,203,463521,826,464347,561.1634382566587
issue,3545,470716,572,471288,822.93006993007
issue,2969,995042,310,995352,3209.8129032258066
issue,4365,659796,319,660115,2068.326018808777
issue,2515,223289,638,223927,349.98275862068965
issue,423,344421,214,344635,1609.443925233645
issue,3493,205226,75,205301,2736.346666666667
issue,1030,637637,710,638347,898.0802816901409
issue,1982,158825,76,158901,2089.8026315789475
issue,910,581154,400,581554,1452.885
issue,4237,257910,867,258777,297.47404844290656
issue,1998,425150,92,425242,4621.195652173913
issue,1442,274591,783,275374,350.690932311622
issue,873,818145,666,818811,1228.445945945946
issue,1789,464719,593,465312,783.6745362563238
issue,3227,813123,373,813496,2179.954423592493
issue,384,464909,540,465449,860.9425925925926
issue,3879,287251,650,287901,441.9246153846154
issue,742,227591,146,227737,1558.842465753425
issue,3771,527194,567,527761,929.7954144620812
issue,1520,960909,571,961480,1682.8528896672503
issue,3970,628567,918,629485,684.7135076252723
issue,4636,407215,400,407615,1018.0375
issue,2148,817766,1044,818810,783.3007662835249
issue,2665,819570,587,820157,1396.2010221465075
issue,139,209085,441,209526,474.1156462585034
issue,2633,971902,1123,973025,865.4514692787177
issue,4051,628151,644,628795,975.389751552795
issue,4154,263897,665,264562,396.8375939849624
issue,4819,433692,611,434303,709.8068739770868
issue,4386,261217,322,261539,811.2329192546584
issue,638,641855,700,642555,916.9357142857144
issue,2597,223162,743,223905,300.3526244952894
issue,509,920284,344,920628,2675.2441860465115
issue,2751,203703,439,204142,464.0159453302961
issue,4699,183192,199,183391,920.5628140703518
issue,3463,175014,203,175217,862.1379310344828
issue,601,203643,132,203775,1542.75
issue,261,347508,814,348322,426.9140049140049
issue,767,218609,180,218789,1214.4944444444443
issue,1810,631252,213,631465,2963.62441314554
issue,2993,413800,885,414685,467.57062146892656
issue,691,224758,805,225563,279.20248447204966
issue,2976,141807,283,142090,501.0848056537103
issue,271,218894,229,219123,955.8689956331878
issue,2545,401780,719,402499,558.8038942976356
issue,3522,886951,637,887588,1392.3877551020407
issue,2405,303832,667,304499,455.52023988006
issue,2270,309729,418,310147,740.9784688995215
issue,3715,567528,178,567706,3188.3595505617977
issue,2530,222736,165,222901,1349.9151515151516
issue,3165,477903,615,478518,777.0780487804878
issue,3946,425148,198,425346,2147.212121212121
issue,4833,218891,487,219378,449.4681724845996
issue,3141,346793,174,346967,1993.0632183908049
issue,3905,886181,699,886880,1267.7839771101574
issue,1724,262116,470,262586,557.6936170212766
issue,2070,477910,500,478410,955.82
issue,134,121072,684,121756,177.00584795321635
issue,3326,313033,289,313322,1083.159169550173
issue,2569,532771,585,533356,910.719658119658
issue,112,314564,649,315213,484.69029275808936
issue,4757,433925,871,434796,498.1917336394948
issue,4824,162272,838,163110,193.6420047732697
issue,3655,747919,1023,748942,731.1036168132943
issue,2766,162394,384,162778,422.9010416666667
issue,3249,659866,503,660369,1311.8608349900596
issue,2024,256813,700,257513,366.8757142857143
issue,4788,314149,76,314225,4133.539473684211
issue,967,375457,808,376265,464.6745049504951
issue,3688,347353,553,347906,628.124773960217
issue,4725,183920,143,184063,1286.1538461538462
issue,2739,261254,663,261917,394.04826546003017
issue,3974,920293,595,920888,1546.710924369748
issue,4925,175015,96,175111,1823.0729166666667
issue,4079,402473,598,403071,673.0317725752508
issue,4032,209144,771,209915,271.26329442282747
issue,3957,181331,554,181885,327.31227436823104
issue,1580,352156,493,352649,714.3123732251521
issue,2368,462931,765,463696,605.1385620915032
issue,4543,131914,575,132489,229.41565217391303
issue,1214,205226,215,205441,954.5395348837208
issue,1525,591825,453,592278,1306.4569536423842
issue,4380,141799,261,142060,543.2911877394636
issue,1140,477065,407,477472,1172.149877149877
issue,191,153654,441,154095,348.421768707483
issue,1386,433576,198,433774,2189.777777777778
issue,4692,187456,503,187959,372.675944333996
issue,1578,131298,610,131908,215.24262295081968
issue,202,214373,699,215072,306.6852646638054
issue,1104,398261,838,399099,475.2517899761336
issue,4217,260813,184,260997,1417.4619565217392
issue,2283,920173,477,920650,1929.083857442348
issue,2459,257599,1177,258776,218.8606627017842
issue,4018,263105,820,263925,320.859756097561
issue,2968,536305,235,536540,2282.148936170213
issue,2561,130451,258,130709,505.6240310077519
issue,3162,424868,630,425498,674.3936507936507
issue,1491,101454,269,101723,377.1524163568773
issue,3436,519826,751,520577,692.1784287616512
issue,4418,465340,660,466000,705.060606060606
issue,1588,224427,1250,225677,179.5416
issue,727,302837,247,303084,1226.0607287449393
issue,2543,256931,196,257127,1310.8724489795918
issue,3324,101547,350,101897,290.13428571428574
issue,1080,430498,918,431416,468.9520697167756
issue,1269,117422,543,117965,216.24677716390423
issue,1477,262292,186,262478,1410.1720430107528
issue,4355,589822,176,589998,3351.2613636363635
issue,4980,524582,573,525155,915.500872600349
issue,438,567549,445,567994,1275.3910112359551
issue,2966,181053,500,181553,362.106
issue,3795,223170,569,223739,392.2144112478032
issue,3885,264079,671,264750,393.5603576751118
issue,68,314588,883,315471,356.2718006795017
issue,492,130379,225,130604,579.4622222222222
issue,3636,474205,530,474735,894.7264150943396
issue,2004,398305,939,399244,424.1799787007455
issue,4083,480204,207,480411,2319.826086956521
issue,4081,480301,178,480479,2698.320224719101
issue,434,312790,357,313147,876.1624649859943
issue,2623,332389,846,333235,392.8947990543736
issue,4658,925734,426,926160,2173.0845070422533
issue,2386,524789,500,525289,1049.578
issue,363,393309,722,394031,544.7493074792244
issue,564,347509,978,348487,355.3261758691207
issue,4536,326786,95,326881,3439.8526315789472
issue,4659,307491,74,307565,4155.283783783784
issue,2838,347616,426,348042,816.0
issue,3832,332974,200,333174,1664.87
issue,2809,531062,394,531456,1347.8730964467004
issue,167,344528,624,345152,552.1282051282051
issue,246,817753,448,818201,1825.341517857143
issue,3120,842908,323,843231,2609.622291021672
issue,394,141872,272,142144,521.5882352941177
issue,854,819392,445,819837,1841.330337078652
issue,3755,207627,92,207719,2256.8152173913045
issue,1331,581170,681,581851,853.4067547723936
issue,1741,227998,180,228178,1266.6555555555556
issue,4540,811259,754,812013,1075.9403183023874
issue,4816,100630,619,101249,162.5686591276252
issue,82,224570,506,225076,443.8142292490119
issue,3979,183404,83,183487,2209.686746987952
issue,2392,262201,421,262622,622.8052256532067
issue,1211,819380,667,820047,1228.455772113943
issue,4965,223189,201,223390,1110.3930348258707
issue,2376,807723,349,808072,2314.3925501432664
issue,2135,180469,208,180677,867.6394230769231
issue,2239,556558,205,556763,2714.917073170732
issue,2411,707134,621,707755,1138.7020933977456
issue,3451,205227,244,205471,841.094262295082
issue,2472,399893,1103,400996,362.5503173164098
issue,4238,256406,881,257287,291.03972758229287
issue,3886,531559,597,532156,890.3835845896148
issue,2989,530980,322,531302,1649.0062111801242
issue,3064,347439,546,347985,636.3351648351648
issue,1456,479791,375,480166,1279.4426666666666
issue,4736,303883,575,304458,528.4921739130435
issue,338,259595,221,259816,1174.6380090497737
issue,1388,428246,825,429071,519.0860606060606
issue,107,254553,420,254973,606.0785714285714
issue,3483,226999,507,227506,447.7297830374753
issue,1611,567530,435,567965,1304.6666666666667
issue,4971,165545,269,165814,615.4089219330855
issue,649,274520,402,274922,682.8855721393035
issue,4798,204594,191,204785,1071.1727748691098
issue,3742,344944,470,345414,733.9234042553192
issue,640,102299,626,102925,163.41693290734824
issue,3495,822844,726,823570,1133.3939393939395
issue,2442,737605,201,737806,3669.676616915423
issue,1964,172816,791,173607,218.47787610619469
issue,2690,307766,720,308486,427.4527777777778
issue,1298,200124,975,201099,205.25538461538463
issue,4432,179374,66,179440,2717.787878787879
issue,362,536168,139,536307,3857.323741007194
issue,1487,297406,377,297783,788.8753315649867
issue,220,972229,269,972498,3614.2342007434954
issue,680,407108,126,407234,3231.015873015873
issue,4668,524564,418,524982,1254.937799043062
issue,2759,811274,670,811944,1210.8567164179103
issue,537,492516,154,492670,3198.155844155844
issue,982,707110,467,707577,1514.1541755888652
issue,4307,376244,659,376903,570.9317147192717
issue,3383,260739,641,261380,406.7691107644306
issue,4614,182623,627,183250,291.2647527910686
issue,3820,408584,616,409200,663.2857142857143
issue,4877,282088,516,282604,546.6821705426356
issue,83,181945,813,182758,223.79458794587947
issue,2295,408634,267,408901,1530.4644194756554
issue,4740,176056,128,176184,1375.4375
issue,1202,581102,835,581937,695.9305389221557
issue,3605,183315,232,183547,790.1508620689655
issue,4968,275530,807,276337,341.4250309789344
issue,3092,741285,399,741684,1857.857142857143
issue,3232,203377,472,203849,430.8834745762712
issue,4464,589646,105,589751,5615.676190476191
issue,4537,214267,623,214890,343.9277688603531
issue,2722,643609,508,644117,1266.9468503937007
issue,2890,344537,442,344979,779.4954751131222
issue,3949,462723,689,463412,671.5863570391872
issue,536,556796,506,557302,1100.3873517786562
issue,4361,995111,205,995316,4854.2
issue,3192,352366,499,352865,706.1442885771543
issue,1962,205194,803,205997,255.53424657534248
issue,3450,344686,727,345413,474.121045392022
issue,2210,707092,341,707433,2073.58357771261
issue,1372,185309,302,185611,613.6059602649007
issue,3978,314347,187,314534,1681.0
issue,3357,257245,428,257673,601.0397196261682
issue,3049,707243,791,708034,894.1125158027813
issue,3027,316066,738,316804,428.27371273712737
issue,3788,352140,1031,353171,341.55189136760424
issue,4789,941054,469,941523,2006.5117270788912
issue,4891,170046,603,170649,282.0
issue,2619,174786,316,175102,553.120253164557
issue,3887,310555,577,311132,538.2235701906412
issue,2655,179483,65,179548,2761.276923076923
issue,249,340180,664,340844,512.3192771084338
issue,3243,536064,561,536625,955.5508021390374
issue,339,131323,358,131681,366.8240223463688
issue,4506,716380,288,716668,2487.430555555556
issue,555,581369,533,581902,1090.748592870544
issue,343,481142,589,481731,816.8794567062819
issue,2867,886099,756,886855,1172.0886243386244
issue,1294,157529,696,158225,226.33477011494253
issue,2384,300797,178,300975,1689.870786516854
issue,4407,472359,390,472749,1211.176923076923
issue,3694,400394,863,401257,463.95596755504056
issue,3194,885373,664,886037,1333.3930722891566
issue,4298,208888,401,209289,520.9177057356609
issue,2299,567526,227,567753,2500.114537444934
issue,170,690749,859,691608,804.1315483119907
issue,2584,811263,263,811526,3084.6501901140687
issue,73,254162,479,254641,530.6096033402923
issue,1872,350154,414,350568,845.7826086956521
issue,4342,375667,513,376180,732.2943469785575
issue,16,902564,553,903117,1632.122965641953
issue,2247,737774,137,737911,5385.211678832116
issue,14,150389,556,150945,270.4838129496403
issue,3874,202156,330,202486,612.5939393939394
issue,3341,995106,418,995524,2380.6363636363635
issue,2279,687056,436,687492,1575.8165137614678
issue,1924,346792,366,347158,947.51912568306
issue,1073,524583,356,524939,1473.547752808989
issue,3716,172815,104,172919,1661.6826923076924
issue,2081,262313,626,262939,419.03035143769966
issue,1308,408653,503,409156,812.4314115308151
issue,3032,811263,153,811416,5302.372549019608
issue,1949,205250,322,205572,637.4223602484471
issue,1746,727216,364,727580,1997.8461538461536
issue,2045,117365,633,117998,185.41074249605052
issue,2086,200538,224,200762,895.2589285714286
issue,4009,313172,731,313903,428.4158686730506
issue,4756,254177,383,254560,663.6475195822454
issue,475,593025,199,593224,2980.025125628141
issue,1892,165699,216,165915,767.125
issue,3171,209086,201,209287,1040.228855721393
issue,4158,123780,384,124164,322.34375
issue,3679,157583,163,157746,966.766871165644
issue,750,935517,108,935625,8662.194444444445
issue,4101,189069,756,189825,250.09126984126985
issue,3861,189003,125,189128,1512.024
issue,4085,346950,265,347215,1309.245283018868
issue,2548,536596,761,537357,705.119579500657
issue,2608,163248,114,163362,1432.0
issue,2387,346961,583,347544,595.130360205832
issue,2818,256897,744,257641,345.2916666666667
issue,2876,135749,190,135939,714.4684210526316
issue,792,462698,179,462877,2584.905027932961
issue,3310,228336,89,228425,2565.5730337078653
issue,1430,818159,838,818997,976.3233890214796
issue,2325,462850,570,463420,812.0175438596491
issue,3730,707263,97,707360,7291.371134020618
issue,1197,200250,267,200517,750.0
issue,704,174751,105,174856,1664.295238095238
issue,4244,250413,516,250929,485.29651162790697
issue,4955,822705,715,823420,1150.6363636363635
issue,3595,442322,250,442572,1769.288
issue,3424,524871,457,525328,1148.5142231947484
issue,1108,117371,936,118307,125.39636752136752
issue,4665,839762,650,840412,1291.9415384615384
issue,3737,639499,374,639873,1709.890374331551
issue,3591,839608,532,840140,1578.2105263157894
issue,1996,208790,546,209336,382.3992673992674
issue,4364,636348,430,636778,1479.879069767442
issue,4803,347996,281,348277,1238.4199288256227
issue,456,400714,777,401491,515.7194337194337
issue,4410,643949,544,644493,1183.7297794117646
issue,74,640332,66,640398,9702.0
issue,2864,961608,275,961883,3496.756363636364
issue,3621,306936,396,307332,775.0909090909091
issue,0,307505,228,307733,1348.7061403508771
issue,3300,606737,802,607539,756.5299251870324
issue,2284,224628,689,225317,326.02031930333817
issue,2509,375947,687,376634,547.2299854439592
issue,2252,438920,869,439789,505.0863060989643
issue,1804,477061,388,477449,1229.5386597938143
issue,337,643537,707,644244,910.2362093352192
issue,4967,820714,592,821306,1386.3412162162165
issue,4994,504586,698,505284,722.9025787965616
issue,4883,183832,570,184402,322.5122807017544
issue,4387,941399,683,942082,1378.329428989751
issue,1851,972778,455,973233,2137.9736263736263
issue,3645,463067,837,463904,553.2461170848268
issue,852,465606,265,465871,1757.0037735849055
issue,3796,533073,779,533852,684.3042362002567
issue,4042,468848,129,468977,3634.480620155039
issue,4638,525092,766,525858,685.4986945169712
issue,111,379682,154,379836,2465.4675324675327
issue,174,583860,267,584127,2186.741573033708
issue,1498,629130,934,630064,673.5867237687366
issue,835,653792,1575,655367,415.10603174603176
issue,2638,282704,687,283391,411.5050946142649
issue,95,567554,566,568120,1002.7455830388692
issue,1735,310385,875,311260,354.7257142857143
issue,3773,265740,382,266122,695.6544502617801
issue,4686,333012,460,333472,723.9391304347826
issue,36,302329,725,303054,417.0055172413793
issue,1705,200150,483,200633,414.38923395445136
issue,812,314462,381,314843,825.3595800524935
issue,1225,741384,684,742068,1083.8947368421052
issue,4927,157180,699,157879,224.8640915593705
issue,3647,202492,694,203186,291.7752161383285
issue,4155,261118,582,261700,448.65635738831617
issue,674,254365,910,255275,279.52197802197804
issue,2939,315464,546,316010,577.7728937728938
issue,677,926186,416,926602,2226.408653846154
issue,3867,972399,804,973203,1209.4514925373137
issue,4100,312905,695,313600,450.2230215827338
issue,241,214256,462,214718,463.75757575757575
issue,1444,309729,707,310436,438.0891089108911
issue,3592,203635,71,203706,2868.098591549296
issue,4324,259494,412,259906,629.8398058252427
issue,1881,727968,222,728190,3279.135135135135
issue,3458,841264,403,841667,2087.5037220843674
issue,2996,716514,614,717128,1166.9609120521172
issue,1000,741736,358,742094,2071.8882681564246
issue,4078,524295,757,525052,692.5957727873183
issue,3261,287176,288,287464,997.1388888888888
issue,2198,551696,643,552339,858.0031104199066
issue,1914,121061,422,121483,286.8744075829384
issue,2646,156333,806,157139,193.96153846153845
issue,2709,642535,663,643198,969.132730015083
issue,4012,254333,715,255048,355.71048951048954
issue,3926,262775,324,263099,811.033950617284
issue,1912,176070,216,176286,815.1388888888889
issue,4921,247444,182,247626,1359.5824175824175
issue,2098,687192,989,688181,694.835187057634
issue,1350,393516,574,394090,685.567944250871
issue,4327,257091,659,257750,390.1229135053111
issue,147,687038,185,687223,3713.718918918919
issue,4031,122729,73,122802,1681.2191780821918
issue,1006,954742,156,954898,6120.141025641025
issue,855,121235,256,121491,473.57421875
issue,1703,315975,386,316361,818.5880829015545
issue,1589,531353,408,531761,1302.3357843137255
issue,223,586600,292,586892,2008.904109589041
issue,3180,374148,592,374740,632.0067567567568
issue,3872,402874,320,403194,1258.98125
issue,2902,639741,597,640338,1071.5929648241206
issue,3306,524099,366,524465,1431.964480874317
issue,3005,524607,610,525217,860.0114754098361
issue,4219,653851,299,654150,2186.792642140468
issue,1403,524853,1024,525877,512.5517578125
issue,847,586619,588,587207,997.6513605442176
issue,1972,437771,487,438258,898.9137577002053
issue,1561,222915,475,223390,469.2947368421053
issue,4660,438755,684,439439,641.4546783625731
issue,2699,821215,467,821682,1758.490364025696
issue,2234,259190,393,259583,659.5165394402036
issue,1697,995137,738,995875,1348.4241192411923
issue,266,228397,128,228525,1784.3515625
issue,3015,226193,170,226363,1330.5470588235294
issue,4983,207038,574,207612,360.6933797909408
issue,3409,464884,539,465423,862.4935064935065
issue,1661,261194,297,261491,879.4410774410775
issue,1738,996004,592,996596,1682.4391891891892
issue,502,304085,954,305039,318.7473794549266
issue,650,954924,355,955279,2689.9267605633804
issue,1856,181259,351,181610,516.4074074074074
issue,1807,588678,711,589389,827.957805907173
issue,4474,307042,287,307329,1069.8327526132405
issue,1072,453241,710,453951,638.3676056338028
issue,4800,304137,507,304644,599.8757396449704
issue,2106,345054,699,345753,493.6394849785408
issue,1812,122711,110,122821,1115.5545454545454
issue,3150,258630,89,258719,2905.955056179775
issue,4839,274535,183,274718,1500.191256830601
issue,2782,537201,796,537997,674.8756281407035
issue,2734,141698,142,141840,997.8732394366198
issue,4745,340843,642,341485,530.9080996884735
issue,3262,274601,315,274916,871.7492063492064
issue,115,185138,114,185252,1624.017543859649
issue,934,551408,584,551992,944.191780821918
issue,4493,841377,353,841730,2383.5042492917846
issue,446,312777,492,313269,635.7256097560976
issue,4328,315575,955,316530,330.4450261780105
issue,386,591520,127,591647,4657.63779527559
issue,2657,747799,570,748369,1311.9280701754385
issue,140,478907,282,479189,1698.2517730496454
issue,351,480207,214,480421,2243.957943925234
issue,1402,653779,590,654369,1108.1
issue,284,807612,357,807969,2262.218487394958
issue,4922,822638,398,823036,2066.929648241206
issue,4041,972118,255,972373,3812.227450980392
issue,568,208898,329,209227,634.9483282674772
issue,2217,307493,89,307582,3454.9775280898875
issue,218,408485,776,409261,526.3981958762887
issue,221,104409,991,105400,105.35721493440968
issue,2846,226661,910,227571,249.078021978022
issue,3546,163240,68,163308,2400.5882352941176
issue,472,711914,233,712147,3055.4248927038625
issue,1105,554933,764,555697,726.3520942408377
issue,214,312727,277,313004,1128.9783393501805
issue,1627,172811,408,173219,423.5563725490196
issue,3127,971548,107,971655,9079.88785046729
issue,994,299020,146,299166,2048.082191780822
issue,3384,535929,653,536582,820.7182235834609
issue,1617,216152,1100,217252,196.50181818181815
issue,676,227242,418,227660,543.6411483253588
issue,2942,725419,366,725785,1982.01912568306
issue,2930,398849,273,399122,1460.985347985348
issue,4721,822752,444,823196,1853.045045045045
issue,2943,591653,625,592278,946.6448
issue,1305,960962,776,961738,1238.3530927835052
issue,3039,208791,504,209295,414.2678571428572
issue,3421,100628,179,100807,562.1675977653631
issue,3712,807580,104,807684,7765.192307692308
issue,2882,312775,643,313418,486.4307931570762
issue,3170,433447,280,433727,1548.025
issue,3741,747928,171,748099,4373.847953216375
issue,4011,811264,863,812127,940.0509849362688
issue,1639,385605,172,385777,2241.889534883721
issue,3154,101596,499,102095,203.5991983967936
issue,2636,154897,298,155195,519.7885906040268
issue,1358,393592,893,394485,440.7525195968645
issue,2080,229408,160,229568,1433.8
issue,2263,152359,829,153188,183.78648974668275
issue,2203,591612,730,592342,810.427397260274
issue,4067,465565,168,465733,2771.220238095238
issue,3781,636365,589,636954,1080.415959252971
issue,916,954823,599,955422,1594.0283806343907
issue,2184,972756,319,973075,3049.3918495297808
issue,4472,811259,111,811370,7308.639639639639
issue,2544,202298,689,202987,293.611030478955
issue,3169,393203,99,393302,3971.747474747475
issue,4600,205226,299,205525,686.3745819397993
issue,2243,290683,772,291455,376.5323834196891
issue,1203,222766,498,223264,447.3212851405622
issue,417,995867,347,996214,2869.9337175792507
issue,1913,504297,498,504795,1012.644578313253
issue,265,306918,451,307369,680.5277161862527
issue,974,923110,235,923345,3928.127659574468
issue,1217,168941,742,169683,227.6832884097035
issue,3603,438748,258,439006,1700.5736434108528
issue,517,310365,701,311066,442.7460770328103
issue,4388,591620,646,592266,915.8204334365324
issue,3901,332906,863,333769,385.7543453070684
issue,4863,224688,291,224979,772.1237113402062
issue,930,478655,747,479402,640.7697456492638
issue,4150,310039,483,310522,641.9026915113872
issue,1195,807672,132,807804,6118.727272727273
issue,3572,819208,128,819336,6400.0625
issue,3571,314385,820,315205,383.3963414634146
issue,1316,382818,683,383501,560.4948755490483
issue,4047,315793,692,316485,456.3482658959538
issue,2644,376094,586,376680,641.7986348122867
issue,2823,218654,236,218890,926.5
issue,90,972504,820,973324,1185.980487804878
issue,3834,659648,651,660299,1013.284178187404
issue,2898,179518,183,179701,980.9726775956284
issue,3586,239323,95,239418,2519.1894736842105
issue,4308,466494,424,466918,1100.2216981132076
issue,832,224958,766,225724,293.6788511749347
issue,1247,157227,517,157744,304.1141199226305
issue,186,344506,256,344762,1345.7265625
issue,2796,535932,162,536094,3308.222222222222
issue,4191,164774,506,165280,325.6403162055336
issue,4003,716363,127,716490,5640.653543307087
issue,689,842908,327,843235,2577.7003058103974
issue,2880,169146,551,169697,306.98003629764065
issue,1535,172826,392,173218,440.8826530612245
issue,4233,567900,227,568127,2501.762114537445
issue,1143,734082,462,734544,1588.922077922078
issue,22,208861,287,209148,727.7386759581882
issue,2084,530962,743,531705,714.6191117092867
issue,1234,464940,672,465612,691.875
issue,377,296056,392,296448,755.2448979591836
issue,4056,150899,669,151568,225.55904334828105
issue,3896,349816,653,350469,535.7059724349158
issue,3960,463126,585,463711,791.6683760683761
issue,2599,247858,199,248057,1245.5175879396984
issue,3052,402574,273,402847,1474.6300366300366
issue,936,925731,208,925939,4450.629807692308
issue,2567,961052,690,961742,1392.8289855072464
issue,3535,519119,361,519480,1438.0027700831024
issue,1961,189129,175,189304,1080.7371428571428
issue,1116,586880,587,587467,999.7955706984668
issue,409,628310,333,628643,1886.8168168168168
issue,2012,222886,723,223609,308.27939142461963
issue,3009,408998,118,409116,3466.084745762712
issue,2960,374318,462,374780,810.2121212121212
issue,1281,453167,160,453327,2832.29375
issue,4718,400900,597,401497,671.5242881072027
issue,724,315587,562,316149,561.5427046263345
issue,2616,141804,258,142062,549.6279069767442
issue,4817,117970,588,118558,200.62925170068027
issue,4871,310810,223,311033,1393.766816143498
issue,4126,819589,646,820235,1268.7136222910217
issue,4330,112927,277,113204,407.6787003610109
issue,3181,170655,756,171411,225.734126984127
issue,710,225296,175,225471,1287.4057142857143
issue,1616,387582,302,387884,1283.3841059602648
issue,4344,539511,642,540153,840.3598130841121
issue,482,885479,480,885959,1844.7479166666667
issue,3019,716340,153,716493,4681.9607843137255
issue,2361,925827,373,926200,2482.109919571046
issue,3764,274764,452,275216,607.8849557522124
issue,2378,346319,711,347030,487.0872011251758
issue,4297,588454,405,588859,1452.972839506173
issue,1594,382773,651,383424,587.9769585253456
issue,4979,941836,453,942289,2079.10816777042
issue,195,315909,731,316640,432.1600547195623
issue,4046,839327,902,840229,930.5177383592018
issue,1752,173176,594,173770,291.5420875420876
issue,2391,480314,349,480663,1376.2578796561604
issue,4550,643658,428,644086,1503.8738317757009
issue,1412,175965,190,176155,926.1315789473684
issue,2822,747841,376,748217,1988.938829787234
issue,4880,263330,233,263563,1130.1716738197424
issue,3529,556667,550,557217,1012.1218181818182
issue,4188,970411,819,971230,1184.873015873016
issue,459,469517,900,470417,521.6855555555555
issue,4133,260583,97,260680,2686.422680412371
issue,3827,820519,512,821031,1602.576171875
issue,892,224466,642,225108,349.6355140186916
issue,4111,101442,562,102004,180.5017793594306
issue,1981,536045,560,536605,957.2232142857144
issue,370,117941,753,118694,156.6281540504648
issue,2437,737354,243,737597,3034.3786008230454
issue,2738,672016,212,672228,3169.8867924528304
issue,694,737666,310,737976,2379.567741935484
issue,1062,707170,334,707504,2117.2754491017963
issue,557,306835,357,307192,859.4817927170868
issue,2327,536633,856,537489,626.9077102803739
issue,4267,408759,310,409069,1318.5774193548386
issue,3690,659462,99,659561,6661.232323232323
issue,1934,274714,610,275324,450.3508196721312
issue,2228,261127,307,261434,850.5765472312704
issue,2097,924244,487,924731,1897.8316221765915
issue,2000,941787,588,942375,1601.678571428571
issue,3028,183875,290,184165,634.051724137931
issue,3783,307201,567,307768,541.8007054673722
issue,1732,567809,163,567972,3483.4907975460123
issue,3531,153714,71,153785,2164.9859154929577
issue,1622,961029,693,961722,1386.7662337662337
issue,1423,535878,113,535991,4742.283185840708
issue,3506,737576,265,737841,2783.3056603773584
issue,2716,727167,140,727307,5194.05
issue,2294,398113,505,398618,788.3425742574258
issue,393,159886,462,160348,346.0735930735931
issue,1079,689847,646,690493,1067.874613003096
issue,4526,510366,459,510825,1111.9084967320262
issue,3512,263875,332,264207,794.8042168674699
issue,1791,206190,112,206302,1840.982142857143
issue,1049,141710,602,142312,235.3986710963455
issue,4607,141957,301,142258,471.6179401993355
issue,679,224194,241,224435,930.2655601659752
issue,1901,223002,774,223776,288.1162790697674
issue,3892,653696,687,654383,951.5225618631732
issue,749,352225,1065,353290,330.7276995305164
issue,1567,531749,1226,532975,433.7267536704731
issue,3118,567539,166,567705,3418.909638554217
issue,3708,346766,919,347685,377.3297062023939
issue,3947,402720,479,403199,840.7515657620041
issue,1502,296123,403,296526,734.7965260545906
issue,3983,303821,264,304085,1150.8371212121212
issue,1936,737489,594,738083,1241.563973063973
issue,768,284780,327,285107,870.8868501529053
issue,4590,263626,146,263772,1805.6575342465756
issue,2863,349843,980,350823,356.9826530612245
issue,2576,259605,839,260444,309.42193087008343
issue,4936,382946,821,383767,466.4384896467722
issue,2224,345331,548,345879,630.1660583941606
issue,1239,510858,801,511659,637.7752808988764
issue,612,923905,430,924335,2148.616279069768
issue,2978,591461,265,591726,2231.9283018867923
issue,2582,257685,683,258368,377.2840409956076
issue,3022,470475,1497,471972,314.2785571142285
issue,1767,628595,779,629374,806.9255455712452
issue,2192,353485,401,353886,881.5087281795511
issue,315,488262,116,488378,4209.1551724137935
issue,2455,287203,600,287803,478.6716666666667
issue,1895,274532,260,274792,1055.8923076923077
issue,1107,737427,205,737632,3597.2048780487803
issue,1200,172586,498,173084,346.55823293172693
issue,4227,393189,583,393772,674.4236706689537
issue,86,261786,816,262602,320.81617647058823
issue,3689,302056,558,302614,541.3189964157706
issue,2706,536057,562,536619,953.8380782918148
issue,1082,923365,777,924142,1188.3719433719434
issue,4777,941657,808,942465,1165.4170792079208
issue,4112,427974,436,428410,981.591743119266
issue,449,478586,260,478846,1840.715384615385
issue,2918,249758,334,250092,747.7784431137725
issue,856,254438,622,255060,409.064308681672
issue,1939,524074,402,524476,1303.6666666666667
issue,3216,747804,825,748629,906.4290909090907
issue,3102,811315,120,811435,6760.958333333333
issue,3789,424998,134,425132,3171.626865671642
issue,1922,407794,774,408568,526.8656330749354
issue,1838,163145,112,163257,1456.6517857142858
issue,1537,182060,393,182453,463.2569974554708
issue,1041,606575,1015,607590,597.6108374384237
issue,1876,994957,501,995458,1985.942115768463
issue,2014,266023,184,266207,1445.7771739130435
issue,953,645545,593,646138,1088.6087689713322
issue,1632,310127,315,310442,984.5301587301587
issue,3309,315512,228,315740,1383.8245614035088
issue,3233,345391,395,345786,874.4075949367088
issue,4551,349943,475,350418,736.7221052631579
issue,1489,189370,546,189916,346.83150183150184
issue,1664,349350,330,349680,1058.6363636363635
issue,2656,637940,702,638642,908.7464387464388
issue,872,160144,115,160259,1392.5565217391304
issue,310,226782,263,227045,862.2889733840304
issue,4753,462708,329,463037,1406.407294832827
issue,1255,545738,211,545949,2586.436018957346
issue,4248,925728,661,926389,1400.49621785174
issue,3002,185192,379,185571,488.63324538258576
issue,2023,122696,82,122778,1496.2926829268292
issue,1615,820710,740,821450,1109.0675675675675
issue,2647,885854,843,886697,1050.835112692764
issue,4618,380041,617,380658,615.9497568881685
issue,2615,163240,181,163421,901.878453038674
issue,1607,154816,358,155174,432.4469273743017
issue,2908,327559,1009,328568,324.6372646184341
issue,3246,182148,269,182417,677.1301115241636
issue,4140,349978,770,350748,454.5168831168831
issue,2776,407366,338,407704,1205.224852071006
issue,3199,385510,981,386491,392.9765545361876
issue,2940,141853,479,142332,296.1440501043841
issue,2593,393239,490,393729,802.5285714285715
issue,20,687664,687,688351,1000.966521106259
issue,1907,591558,300,591858,1971.86
issue,2372,252277,403,252680,625.9975186104218
issue,1678,402794,161,402955,2501.826086956521
issue,3964,442306,375,442681,1179.4826666666668
issue,2342,239460,293,239753,817.2696245733788
issue,3053,374301,393,374694,952.4198473282444
issue,260,163238,147,163385,1110.4625850340135
issue,4336,504412,752,505164,670.7606382978723
issue,3158,594835,331,595166,1797.084592145015
issue,2591,157216,283,157499,555.5335689045936
issue,2797,520144,240,520384,2167.266666666667
issue,4360,393437,1084,394521,362.94926199262
issue,1038,433641,804,434445,539.3544776119403
issue,4027,453216,784,454000,578.0816326530612
issue,217,155676,646,156322,240.98452012383905
issue,859,464975,586,465561,793.4726962457338
issue,3682,921753,261,922014,3531.620689655173
issue,4068,727226,353,727579,2060.130311614731
issue,584,202596,197,202793,1028.4060913705584
issue,3452,185351,490,185841,378.2673469387755
issue,4020,995045,89,995134,11180.280898876405
issue,886,224903,452,225355,497.5730088495576
issue,3196,628637,844,629481,744.8305687203791
issue,3437,177327,444,177771,399.3851351351352
issue,2406,402535,1168,403703,344.6361301369863
issue,4646,407541,683,408224,596.692532942899
issue,2124,807581,92,807673,8778.054347826086
issue,4795,402533,530,403063,759.4962264150944
issue,3325,344527,323,344850,1066.6470588235295
issue,3710,413561,596,414157,693.8942953020135
issue,4859,839539,558,840097,1504.5501792114696
issue,3231,254437,513,254950,495.9785575048733
issue,1174,524723,396,525119,1325.0580808080808
issue,2621,842907,222,843129,3796.8783783783774
issue,1798,254101,199,254300,1276.889447236181
issue,1827,643816,1044,644860,616.6819923371647
issue,4954,636494,386,636880,1648.9481865284974
issue,57,155741,720,156461,216.30694444444444
issue,4439,921569,668,922237,1379.5943113772455
issue,1595,121082,189,121271,640.6455026455027
issue,2624,276228,989,277217,279.30030333670373
issue,1389,532722,638,533360,834.987460815047
issue,1842,124038,838,124876,148.01670644391407
issue,2833,314323,776,315099,405.055412371134
issue,4907,567512,209,567721,2715.368421052632
issue,841,203894,460,204354,443.2478260869565
issue,3285,100619,155,100774,649.1548387096774
issue,2020,282215,448,282663,629.9441964285714
issue,4071,940970,491,941461,1916.4358452138488
issue,4044,100685,103,100788,977.5242718446602
issue,984,552501,672,553173,822.1741071428571
issue,3085,141869,220,142089,644.8590909090909
issue,813,239691,276,239967,868.445652173913
issue,833,262275,77,262352,3406.1688311688317
issue,4434,274601,583,275184,471.0137221269297
issue,2226,464864,392,465256,1185.8775510204082
issue,2475,327188,1114,328302,293.70556552962296
issue,3564,902491,920,903411,980.9684782608696
issue,2885,169235,966,170201,175.19151138716356
issue,769,118237,440,118677,268.7204545454546
issue,4701,425415,422,425837,1008.0924170616114
issue,1408,653773,228,654001,2867.4254385964914
issue,977,510353,175,510528,2916.302857142857
issue,1279,202192,496,202688,407.64516129032256
issue,3397,716379,385,716764,1860.7246753246752
issue,2354,121740,729,122469,166.99588477366254
issue,4193,141973,380,142353,373.6131578947368
issue,775,302125,847,302972,356.7001180637544
issue,3288,465876,797,466673,584.5370138017566
issue,1362,256898,426,257324,603.0469483568075
issue,3948,224426,845,225271,265.59289940828404
issue,2998,226775,610,227385,371.7622950819672
issue,827,108960,746,109706,146.05898123324397
issue,4518,175522,175,175697,1002.9828571428573
issue,3025,954943,340,955283,2808.6558823529413
issue,4766,551452,984,552436,560.4186991869918
issue,2308,737622,580,738202,1271.7620689655173
issue,2501,737447,172,737619,4287.482558139535
issue,426,687137,216,687353,3181.189814814815
issue,1555,737396,313,737709,2355.897763578275
issue,1446,331671,647,332318,512.629057187017
issue,290,504592,458,505050,1101.729257641921
issue,1544,156228,603,156831,259.0845771144279
issue,2121,263660,347,264007,759.8270893371758
issue,622,524610,161,524771,3258.447204968944
issue,604,454121,963,455084,471.5690550363448
issue,286,481124,1049,482173,458.650142993327
issue,1604,442556,1182,443738,374.41285956006766
issue,4984,488424,426,488850,1146.5352112676055
issue,3794,443029,473,443502,936.6363636363636
issue,1063,332136,702,332838,473.12820512820514
issue,1572,591564,422,591986,1401.8104265402844
issue,1085,807675,823,808498,981.3791008505468
issue,129,727281,283,727564,2569.8975265017666
issue,4992,819677,777,820454,1054.925353925354
issue,1349,921253,93,921346,9905.94623655914
issue,2318,737431,226,737657,3262.9690265486724
issue,1032,602970,162,603132,3722.037037037037
issue,493,536627,812,537439,660.8706896551724
issue,4117,716389,263,716652,2723.9125475285173
issue,3100,224515,944,225459,237.833686440678
issue,2163,687395,839,688234,819.3027413587604
issue,3206,954742,439,955181,2174.8109339407747
issue,4905,257761,599,258360,430.3188647746244
issue,522,348016,364,348380,956.087912087912
issue,4312,556731,626,557357,889.3466453674122
issue,4645,453539,754,454293,601.5106100795756
issue,2740,920384,881,921265,1044.7037457434733
issue,3969,311163,722,311885,430.9736842105263
issue,1046,412933,379,413312,1089.532981530343
issue,2007,153687,54,153741,2846.055555555556
issue,786,961066,671,961737,1432.2891207153502
issue,2335,263610,362,263972,728.2044198895028
issue,2183,382731,355,383086,1078.1154929577465
issue,104,941042,266,941308,3537.751879699248
issue,3056,274856,1033,275889,266.0755082284608
issue,3444,653789,980,654769,667.1316326530613
issue,3074,902472,373,902845,2419.4959785522788
issue,305,955041,295,955336,3237.427118644068
issue,725,347062,699,347761,496.5121602288984
issue,4896,282253,516,282769,547.0019379844962
issue,4542,306846,164,307010,1871.0121951219512
issue,45,208842,406,209248,514.3891625615763
issue,3524,465391,425,465816,1095.0376470588235
issue,3381,153777,287,154064,535.8083623693379
issue,4481,995013,452,995465,2201.356194690265
issue,1227,425131,380,425511,1118.7657894736842
issue,252,741704,573,742277,1294.4223385689354
issue,3840,454564,1039,455603,437.5014436958614
issue,2639,249200,195,249395,1277.948717948718
issue,2248,192650,1216,193866,158.42927631578948
issue,3301,535935,851,536786,629.7708578143361
issue,3070,643503,65,643568,9900.046153846151
issue,4034,413063,307,413370,1345.4820846905538
issue,4272,490062,106,490168,4623.226415094339
issue,128,166546,115,166661,1448.2260869565218
issue,3761,672040,165,672205,4072.969696969697
issue,3047,239497,334,239831,717.056886227545
issue,4408,480255,265,480520,1812.2830188679245
issue,85,344634,302,344936,1141.1721854304635
issue,1841,352148,735,352883,479.112925170068
issue,4487,462734,291,463025,1590.1512027491408
issue,1410,185339,198,185537,936.0555555555557
issue,4901,582003,455,582458,1279.1274725274725
issue,4392,551241,378,551619,1458.309523809524
issue,4358,407327,593,407920,686.8920741989882
issue,3030,425159,399,425558,1065.561403508772
issue,745,380899,496,381395,767.9415322580645
issue,4116,727201,580,727781,1253.7948275862068
issue,2078,334904,823,335727,406.9307411907655
issue,2784,591705,560,592265,1056.616071428571
issue,3924,347543,753,348296,461.5444887118194
issue,1407,226264,328,226592,689.829268292683
issue,26,581174,631,581805,921.0364500792392
issue,1671,842911,133,843044,6337.676691729324
issue,963,142057,375,142432,378.8186666666667
issue,955,303876,136,304012,2234.3823529411766
issue,2971,307585,671,308256,458.397913561848
issue,4755,811282,347,811629,2337.988472622478
issue,1803,385589,540,386129,714.0537037037037
issue,2145,971389,141,971530,6889.283687943263
issue,4422,402704,971,403675,414.7312049433573
issue,2111,639493,643,640136,994.5458786936236
issue,4975,121094,504,121598,240.265873015873
issue,2454,507123,648,507771,782.5972222222222
issue,126,478772,517,479289,926.0580270793037
issue,3554,464964,647,465611,718.646058732612
issue,4445,122715,147,122862,834.795918367347
issue,4228,119019,608,119627,195.75493421052636
issue,2134,143210,542,143752,264.2250922509225
issue,4675,347512,845,348357,411.2568047337278
issue,2654,567521,81,567602,7006.432098765432
issue,838,205990,1326,207316,155.34690799396682
issue,4866,400991,775,401766,517.4077419354838
issue,3614,188994,229,189223,825.3013100436681
issue,1258,841824,407,842231,2068.3636363636365
issue,1122,811263,453,811716,1790.867549668874
issue,4261,606621,277,606898,2189.967509025271
issue,1199,393241,337,393578,1166.887240356083
issue,3446,567561,791,568352,717.5233881163085
issue,2310,453389,780,454169,581.2679487179487
issue,3179,123773,474,124247,261.1244725738397
issue,1251,521429,600,522029,869.0483333333333
issue,4634,942514,970,943484,971.6639175257732
issue,2287,628566,769,629335,817.3810143042913
issue,1926,247175,158,247333,1564.3987341772151
issue,3280,530868,889,531757,597.1518560179977
issue,726,492893,176,493069,2800.528409090909
issue,4441,510268,889,511157,573.9797525309336
issue,4162,643555,537,644092,1198.4264432029795
issue,2700,387919,1074,388993,361.19087523277466
issue,3474,640349,519,640868,1233.8131021194606
issue,1361,551517,446,551963,1236.585201793722
issue,4867,101787,307,102094,331.55374592833874
issue,3090,345129,305,345434,1131.5704918032786
issue,4552,537086,757,537843,709.4927344782035
issue,1931,183396,164,183560,1118.2682926829268
issue,3040,653890,502,654392,1302.569721115538
issue,3112,281656,577,282233,488.1386481802426
issue,4242,427505,860,428365,497.0988372093023
issue,1925,188965,136,189101,1389.4485294117646
issue,4069,379784,292,380076,1300.6301369863013
issue,4284,532716,680,533396,783.4058823529411
issue,624,251466,602,252068,417.71760797342193
issue,3995,588818,470,589288,1252.804255319149
issue,2180,112944,398,113342,283.7788944723618
issue,949,101652,600,102252,169.42
issue,3845,557136,791,557927,704.3438685208597
issue,4887,716364,293,716657,2444.928327645051
issue,1822,922551,782,923333,1179.73273657289
issue,3765,921017,516,921533,1784.9166666666667
issue,2884,393109,275,393384,1429.4872727272727
issue,2409,492589,269,492858,1831.185873605948
issue,3176,259928,125,260053,2079.424
issue,1765,303903,430,304333,706.7511627906977
issue,4299,414302,220,414522,1883.1909090909087
issue,3286,954703,172,954875,5550.598837209303
issue,213,584460,242,584702,2415.123966942149
issue,2076,606560,391,606951,1551.304347826087
issue,1467,628519,561,629080,1120.3547237076648
issue,2958,398249,897,399146,443.9788182831661
issue,3801,224432,574,225006,390.9965156794425
issue,1192,282040,307,282347,918.6970684039088
issue,4048,708968,66,709034,10741.939393939394
issue,1024,261215,459,261674,569.0958605664488
issue,2348,398262,386,398648,1031.7668393782385
issue,4186,255068,647,255715,394.2318392581144
issue,3131,346947,460,347407,754.2326086956522
issue,3226,556693,679,557372,819.8718703976436
issue,1761,256192,1107,257299,231.4290876242096
issue,2008,287687,1246,288933,230.8884430176565
