prompt_len,output_len
213,459
200,664
214,865
278,616
230,630
198,450
101,1506
124,445
211,631
222,393
213,572
210,750
220,764
197,939
198,439
222,865
198,883
183,628
147,468
169,663
217,415
276,387
221,657
209,530
275,559
211,731
214,414
199,657
12154,164
278,512
115,922
95,318
212,761
102,941
277,496
278,562
197,471
225,712
246,722
109,630
12407,156
217,721
213,758
200,557
101,462
197,516
202,415
285,653
215,463
200,521
199,452
86,304
109,365
102,645
102,423
182,380
230,612
201,628
185,416
230,652
213,680
279,731
221,699
197,700
133,837
286,1050
230,384
165,619
214,574
197,879
213,477
280,582
94,562
201,506
213,858
198,686
212,613
202,690
248,374
196,642
87,679
185,424
193,596
162,376
201,440
245,708
130,488
278,401
169,754
87,473
213,520
197,609
169,586
197,635
244,444
198,614
193,435
214,446
215,464
218,726
102,732
195,683
197,534
230,858
221,827
232,579
166,713
261,1202
221,892
173,664
96,745
167,537
197,637
217,473
142,768
215,599
169,587
278,387
205,591
125,548
12472,106
97,567
212,635
197,505
205,607
169,775
219,768
101,611
199,427
183,766
157,550
215,650
201,581
178,703
215,575
214,443
215,456
111,509
216,736
229,482
92,714
216,721
218,814
101,611
138,548
214,529
217,589
213,436
98,533
205,509
166,522
174,720
270,863
141,422
279,767
197,666
166,610
95,754
203,620
197,531
218,540
193,773
169,657
218,696
202,427
125,755
164,580
201,662
277,799
229,419
201,1063
221,770
143,448
175,557
173,550
286,564
218,687
168,648
217,509
209,558
197,423
215,813
210,581
281,511
173,501
184,669
210,604
183,823
218,624
198,669
217,843
171,715
202,545
201,769
198,746
182,473
95,738
201,414
112,574
182,446
157,551
215,524
225,589
210,607
214,663
146,337
179,613
193,471
98,626
182,409
102,732
215,540
89,551
113,539
213,949
195,647
231,593
179,472
286,427
91,410
285,1050
169,759
216,783
269,563
173,805
118,821
261,582
198,436
200,459
234,703
182,619
194,656
198,483
214,497
212,741
210,397
101,675
164,706
198,431
197,550
164,712
205,571
282,733
246,662
215,488
196,501
279,475
154,755
194,776
214,561
12571,125
195,591
197,605
198,533
134,837
196,478
156,461
194,530
12085,132
101,786
182,761
11904,128
148,720
12418,269
85,641
212,750
175,763
184,806
198,611
119,1194
153,562
213,505
266,935
229,530
164,602
181,571
138,496
280,770
198,680
214,507
166,769
150,650
183,479
195,561
201,757
201,438
214,654
214,663
149,589
199,630
233,438
184,483
166,611
12524,127
225,629
182,352
95,700
216,545
137,589
212,439
216,721
277,681
214,604
205,709
214,789
205,414
150,630
196,860
201,759
278,406
102,407
218,584
182,639
213,470
91,684
164,735
221,878
100,616
221,594
216,663
216,834
277,581
221,694
198,686
217,839
281,818
198,552
221,601
169,576
210,632
261,498
214,733
167,804
105,492
279,626
216,624
197,729
86,446
165,608
107,641
214,675
94,425
212,731
180,771
189,675
200,460
229,384
12407,119
103,700
217,710
181,454
206,540
229,900
218,627
280,598
105,468
282,465
180,362
227,744
197,593
105,569
169,576
198,591
205,747
167,446
165,556
87,565
198,739
217,670
279,415
185,641
214,500
255,656
278,696
219,656
195,542
166,605
229,671
95,733
198,599
230,540
166,615
167,599
215,699
180,493
12644,185
199,731
167,603
213,671
182,692
214,617
11636,169
165,508
130,722
197,572
88,566
95,261
216,654
193,641
221,599
149,441
174,462
182,504
214,577
197,750
216,809
214,592
12154,145
110,491
277,458
216,521
197,644
212,853
138,676
233,781
214,565
278,717
102,325
212,740
199,598
218,983
164,524
200,757
277,420
200,706
213,686
199,498
172,673
199,580
217,600
198,617
230,427
221,739
218,612
94,610
233,733
279,490
170,537
215,376
193,412
164,708
221,651
91,371
206,584
249,760
209,618
151,617
165,528
265,758
196,507
198,528
130,442
214,646
198,525
198,596
93,607
85,380
137,496
279,659
278,673
165,622
200,403
177,589
87,408
156,573
198,527
98,555
202,778
164,726
198,372
277,541
198,493
168,631
210,729
198,410
12085,132
201,574
244,446
103,630
200,560
197,424
215,450
172,459
213,398
201,685
201,499
222,650
278,428
201,542
214,770
188,479
201,704
169,537
94,557
218,628
12085,120
221,715
198,463
198,687
214,624
214,465
213,469
91,599
276,542
219,1052
182,799
141,576
262,816
95,802
214,638
12285,144
217,585
197,507
213,427
93,829
217,603
216,507
263,549
264,685
184,624
201,669
173,405
166,523
244,453
197,445
10747,118
201,831
165,719
152,494
206,437
200,494
202,641
183,524
266,565
103,610
216,783
214,824
197,393
245,724
210,545
281,708
168,407
132,605
170,605
201,603
209,430
173,746
167,453
105,609
12524,146
214,702
170,602
218,667
125,610
182,446
12535,113
185,558
217,677
209,823
168,739
244,765
134,617
217,780
175,502
182,699
161,593
182,636
188,674
217,514
215,497
278,491
138,391
276,711
209,812
216,809
214,620
197,671
106,587
199,913
101,753
149,456
214,551
198,589
201,484
189,471
221,677
213,662
193,415
219,651
91,535
281,499
213,441
12163,169
214,645
227,731
122,359
198,563
225,656
173,695
198,814
228,674
201,397
138,579
181,448
196,549
227,663
221,754
131,693
11671,158
214,545
213,775
87,668
163,486
163,510
228,547
148,630
169,588
278,535
199,657
197,419
216,572
229,466
151,674
197,484
209,548
234,540
105,893
205,573
281,687
170,617
216,599
98,317
212,460
12644,149
198,606
150,634
214,467
94,701
225,665
218,570
213,740
213,396
214,783
157,505
265,770
103,384
100,716
201,384
202,434
230,567
217,716
89,492
167,452
282,621
167,686
149,598
264,720
206,815
212,535
92,583
105,651
177,464
182,418
218,620
253,929
217,1001
97,721
198,508
198,542
198,739
198,508
91,273
218,604
212,393
215,643
189,530
199,600
214,708
276,602
214,492
214,521
218,644
198,678
248,612
215,685
166,756
177,483
211,463
217,475
11904,168
217,483
130,535
215,516
278,442
227,846
278,420
214,691
218,562
199,726
198,588
165,543
104,576
212,1505
12154,158
198,896
214,560
166,673
166,585
166,480
172,455
214,421
197,557
181,379
99,842
173,514
201,474
277,671
169,437
218,784
125,607
201,449
216,731
221,956
198,396
214,600
198,546
12644,125
141,768
212,914
106,652
214,982
12455,167
166,458
94,652
112,408
221,577
183,460
166,491
134,922
137,844
167,749
89,482
198,874
199,568
93,846
201,423
197,665
213,425
199,896
106,590
217,547
99,662
186,511
213,748
184,751
281,485
199,698
214,439
102,457
278,579
196,691
213,487
190,415
193,525
202,718
278,644
150,872
12049,131
216,956
107,750
217,604
221,624
278,545
197,421
12184,149
149,538
225,716
213,469
197,714
212,618
198,499
198,684
281,625
167,666
168,556
153,728
172,492
199,417
199,443
197,438
173,501
263,487
279,443
197,415
222,654
217,612
209,567
164,657
161,773
214,526
218,409
200,579
213,692
167,572
221,579
262,691
198,752
202,525
175,394
183,678
215,501
216,829
201,631
167,603
219,732
212,597
233,706
216,572
221,762
215,590
201,571
91,410
165,515
210,685
214,800
92,488
199,734
169,576
85,502
185,726
218,559
230,501
179,425
221,806
217,759
212,797
197,680
212,485
230,645
90,771
213,587
198,462
182,649
181,656
134,644
209,394
169,557
217,388
201,474
212,715
201,712
279,811
169,535
217,521
119,436
167,546
280,608
182,1086
169,416
282,735
157,695
219,828
12139,112
212,613
215,517
196,554
247,637
221,712
169,525
196,557
201,1063
266,810
237,674
198,611
278,706
219,513
221,647
215,774
218,879
92,564
169,347
214,727
12184,165
196,556
199,802
200,778
178,689
213,765
198,553
237,556
12217,133
189,677
222,686
197,604
198,419
198,620
220,579
202,548
169,278
218,467
218,716
214,508
193,416
12525,155
198,401
199,686
102,533
210,1098
145,468
157,465
196,736
137,492
101,692
217,425
94,579
206,620
213,712
217,635
183,640
166,607
178,639
181,774
197,538
210,796
215,514
198,472
231,409
199,742
195,739
181,577
144,507
214,386
215,485
182,571
214,403
199,834
215,390
197,453
198,513
281,826
217,1087
149,455
213,606
212,412
177,461
279,681
221,637
276,877
217,533
202,388
198,479
201,568
214,484
12472,139
222,819
120,870
161,576
214,761
231,586
197,492
93,536
179,477
213,721
282,633
201,477
200,701
276,448
133,496
177,559
196,660
169,678
202,623
90,529
94,625
177,775
190,557
201,956
165,572
181,523
273,808
141,555
197,688
197,641
165,440
186,749
12524,133
217,659
214,402
12364,138
198,445
250,919
213,661
221,787
209,451
230,436
214,708
217,455
277,664
200,649
214,707
181,548
206,509
225,740
122,746
214,399
201,820
202,484
278,595
206,736
215,620
261,466
165,615
182,455
180,407
217,397
247,449
282,678
91,684
278,778
205,769
197,426
11926,209
262,657
217,459
98,808
197,702
135,385
198,638
209,704
217,512
196,484
198,429
276,590
151,463
153,719
214,716
178,745
213,579
195,542
218,826
153,962
152,657
12139,144
11869,115
93,651
184,774
278,683
198,518
182,556
9858,161
220,786
218,880
183,461
137,945
213,493
244,879
277,1091
278,516
193,538
199,611
179,557
279,544
198,639
91,467
166,511
185,513
232,489
87,544
12049,158
169,529
200,437
133,662
280,415
92,668
197,474
217,749
167,654
214,461
280,485
117,806
93,871
166,580
12525,122
98,740
213,557
205,735
214,607
148,545
214,688
200,805
225,866
277,436
213,1167
215,701
212,547
199,943
214,685
120,657
222,474
197,411
277,965
215,489
216,525
193,682
281,849
215,749
85,682
213,482
197,644
197,854
259,674
197,400
213,727
119,535
86,923
182,900
222,675
280,600
205,409
95,772
233,460
213,937
183,621
218,640
281,632
169,606
98,983
214,647
185,607
12016,130
214,566
197,571
216,673
94,507
218,498
197,671
213,597
197,656
193,403
169,805
104,845
167,642
277,456
166,1035
110,559
12364,136
218,694
93,551
12418,84
278,467
218,741
120,982
217,678
126,796
215,435
196,601
197,804
196,441
220,660
12163,164
90,629
286,492
229,728
217,372
270,397
201,443
199,727
228,855
10747,120
217,672
217,707
165,794
91,667
200,510
165,584
196,610
182,621
214,550
182,741
197,508
262,904
213,614
217,451
183,881
91,730
114,732
215,707
217,455
181,645
170,371
185,548
218,661
11642,146
98,620
114,630
215,550
197,561
182,861
199,461
205,729
181,610
137,754
129,504
165,720
213,456
150,485
199,425
148,525
201,539
168,415
225,819
214,1100
277,541
213,506
253,609
213,748
199,581
198,697
253,499
218,446
168,407
119,740
199,622
97,410
199,510
198,402
197,682
211,566
281,397
114,623
203,506
214,524
97,807
217,678
198,376
214,392
197,427
249,678
169,868
199,304
104,449
278,607
131,444
202,722
197,671
216,799
95,527
213,1041
94,556
218,821
185,575
214,374
181,740
242,534
278,494
202,909
214,577
200,805
196,460
199,848
217,556
198,602
198,386
219,783
199,733
282,561
217,542
186,622
196,490
213,620
166,525
86,615
88,1061
214,631
197,905
92,529
133,376
197,706
218,640
199,977
214,404
242,657
86,672
102,498
91,715
213,547
151,473
198,397
278,535
183,550
183,585
166,620
217,546
212,503
278,534
214,582
200,560
179,766
276,863
180,635
150,831
213,434
202,679
206,658
201,833
218,611
201,379
168,838
201,430
184,546
217,491
93,565
264,635
222,610
195,897
214,679
234,474
181,539
150,560
213,394
91,596
174,452
285,681
163,575
165,714
214,754
188,674
215,776
220,531
199,662
153,481
180,927
88,801
211,696
198,581
98,626
95,736
199,630
185,505
209,811
175,734
96,544
155,514
281,735
278,935
151,694
100,491
197,534
226,476
197,449
211,611
277,514
215,618
250,631
194,974
212,772
102,656
214,675
214,552
134,669
215,381
230,756
106,719
214,783
213,378
12499,150
222,759
198,622
149,762
198,713
212,696
165,714
122,515
217,617
170,640
218,589
217,631
214,475
199,664
209,908
280,706
277,729
221,686
94,753
199,639
174,437
214,992
117,665
104,566
102,898
214,595
217,518
166,469
95,756
197,453
277,559
169,644
182,515
12211,120
214,699
278,879
198,426
261,777
215,621
182,565
218,442
188,537
183,372
214,539
276,606
198,406
185,508
213,422
167,539
210,720
215,676
253,717
277,490
173,890
193,319
218,522
199,490
280,578
196,711
95,604
198,631
133,719
12129,111
96,793
280,578
166,438
212,518
173,609
122,957
201,620
199,597
217,518
278,583
197,544
221,707
137,916
278,776
148,658
278,639
201,599
173,473
12184,169
217,902
161,668
218,627
213,466
201,646
12139,127
200,727
198,637
213,432
198,407
205,886
166,515
218,586
165,689
269,854
201,464
175,660
214,655
177,410
152,603
185,618
12554,178
214,655
218,452
213,571
230,491
102,489
212,740
150,814
169,650
214,436
219,669
182,566
215,345
218,511
119,460
198,589
85,629
213,650
12139,105
222,573
212,813
199,834
213,692
214,537
165,720
281,721
218,528
199,408
12085,262
174,672
202,416
214,715
148,553
148,403
200,459
277,596
93,564
254,818
197,588
199,671
234,529
282,640
183,387
195,651
277,687
216,713
196,755
279,597
214,693
169,623
230,593
213,720
199,624
101,691
214,342
199,414
199,781
184,1057
150,654
217,432
212,547
167,774
217,672
217,840
182,572
197,693
138,730
214,603
213,567
198,614
215,713
217,745
135,849
216,631
219,757
213,455
141,630
213,477
146,653
214,379
216,509
94,507
199,486
175,485
94,582
214,618
221,489
214,463
241,650
107,411
221,684
198,552
277,1091
215,525
219,682
277,509
91,587
196,581
230,655
221,791
196,540
230,645
12211,133
198,1034
169,530
200,428
278,668
197,713
201,739
215,467
214,769
214,570
221,651
279,554
151,397
281,797
213,677
217,729
197,522
184,513
166,659
218,751
218,667
167,1043
202,550
281,917
218,544
217,521
165,457
215,579
162,405
89,750
198,518
218,517
217,269
182,798
139,458
212,415
198,433
150,742
206,504
218,725
168,515
182,665
197,387
172,482
216,562
181,762
198,547
198,526
214,579
217,597
101,831
200,545
97,582
215,428
214,449
230,526
166,371
120,611
198,523
174,443
207,420
12448,160
278,464
214,398
280,510
197,575
172,494
234,576
198,446
195,467
218,575
105,471
99,588
111,636
198,506
231,619
219,667
131,382
172,493
197,560
202,692
221,526
94,428
92,617
215,734
185,767
218,613
182,480
211,977
183,446
199,584
198,727
197,464
201,908
198,664
201,667
198,713
264,505
182,582
93,530
216,774
116,596
202,548
213,477
232,602
218,610
213,571
217,844
215,409
231,603
209,735
213,1186
168,639
130,575
193,391
214,722
179,734
278,597
217,611
85,740
202,533
121,591
182,587
99,1035
118,427
201,458
217,807
213,690
282,959
96,595
12407,139
189,587
185,478
92,842
231,783
198,396
278,416
153,825
214,550
266,606
153,558
183,407
230,600
220,531
215,641
213,686
215,456
196,423
94,463
229,734
274,932
199,477
216,617
97,823
198,414
217,681
186,483
181,593
218,873
95,555
134,454
199,534
12655,200
199,596
130,701
151,671
206,389
86,687
214,522
215,660
216,855
198,472
216,654
166,512
93,386
183,647
92,804
137,604
217,392
218,733
218,455
214,559
281,633
217,673
213,463
197,525
214,648
197,590
218,458
137,489
201,719
167,572
201,477
181,580
149,790
198,430
265,558
213,590
250,551
172,624
202,547
180,448
12049,165
218,823
217,512
213,473
285,408
222,428
214,447
202,663
200,455
197,759
105,526
102,657
167,630
201,1095
242,640
195,630
148,381
166,838
197,918
133,582
198,651
199,438
197,635
181,755
278,783
170,526
213,484
174,627
217,570
198,693
165,692
197,479
134,436
213,712
213,523
213,705
194,422
213,615
182,488
214,511
214,476
186,439
197,361
277,1102
217,608
101,597
198,600
175,521
198,666
229,863
197,793
213,531
213,769
214,480
176,480
178,767
167,648
95,469
221,536
121,345
213,431
197,597
182,603
12154,146
218,707
275,808
217,807
213,877
104,653
183,720
134,588
230,383
91,389
181,435
214,384
214,468
198,752
218,516
104,792
214,481
174,586
150,432
183,633
233,1180
210,631
198,865
117,762
217,734
200,570
181,485
197,830
278,573
121,734
278,800
217,648
200,325
215,645
215,663
225,452
170,535
181,829
212,1152
280,578
213,610
198,455
212,818
230,562
214,670
214,628
281,296
280,852
12655,109
217,432
93,594
247,425
213,510
213,661
172,501
238,574
214,894
227,688
102,924
173,577
118,532
185,534
217,412
96,534
148,612
219,649
199,765
166,454
201,583
89,653
214,552
206,511
212,555
211,554
195,652
201,711
130,445
216,595
198,489
10747,120
245,451
198,718
198,440
128,653
197,589
198,591
151,584
118,592
279,634
222,500
216,544
144,234
218,657
278,986
198,574
214,566
221,578
217,554
194,769
213,507
278,706
174,606
201,760
202,445
170,625
201,594
198,507
198,505
167,540
167,396
278,420
214,844
198,1040
110,668
216,529
94,712
133,440
97,668
199,593
214,929
198,537
193,658
198,406
202,647
214,583
195,627
95,641
102,624
170,467
213,528
97,884
216,525
213,693
93,635
200,909
221,544
198,754
230,435
217,418
214,391
202,664
210,461
166,534
197,549
212,421
197,642
213,782
222,407
200,558
197,535
265,690
130,859
212,664
217,571
209,587
182,617
141,664
167,529
198,705
190,609
213,755
193,610
129,509
214,625
201,584
108,752
93,697
97,455
196,248
214,789
197,951
105,609
117,600
231,738
215,746
193,460
198,499
279,631
166,773
117,533
218,462
285,495
276,1018
218,705
217,892
280,437
168,442
214,520
278,632
213,457
278,548
274,347
199,497
198,880
165,494
213,962
278,616
205,676
171,753
95,623
230,608
214,481
219,702
181,423
221,575
153,975
200,492
12472,137
214,759
12015,152
197,438
214,507
217,1056
209,511
213,411
137,698
190,414
216,487
129,462
214,804
215,762
206,528
225,571
217,744
213,520
221,498
209,654
230,593
198,613
225,596
230,488
216,675
218,435
92,714
162,653
218,659
265,467
214,423
183,489
199,480
96,751
216,457
199,745
215,475
169,419
102,543
149,673
181,530
166,683
201,634
167,404
246,579
182,488
217,559
161,693
212,584
200,573
217,679
182,622
103,777
133,624
217,751
218,626
262,709
218,542
193,542
134,837
278,496
209,567
202,559
217,350
222,869
198,484
153,825
213,486
198,646
198,537
12535,155
220,700
12524,129
201,564
164,402
216,651
214,583
169,550
245,403
217,632
201,592
237,629
121,486
214,434
104,884
193,702
213,491
245,455
103,477
218,954
221,956
279,557
218,693
278,570
215,546
12644,125
214,450
169,557
230,564
214,520
285,1070
219,738
213,466
117,626
212,430
122,493
167,760
143,655
216,569
198,652
103,519
214,676
265,523
173,816
151,815
215,432
214,501
215,795
216,589
149,435
198,948
96,781
201,546
201,639
201,597
170,395
222,509
214,419
198,556
148,721
182,558
95,624
185,716
152,701
201,550
11815,182
282,624
198,433
92,494
279,673
176,504
93,634
205,663
210,615
206,451
119,566
135,561
199,426
217,960
215,395
197,534
11815,118
101,569
197,485
198,911
12085,155
198,666
197,674
81,670
197,544
178,553
200,771
214,679
281,528
201,509
202,476
221,493
222,761
185,646
198,540
153,654
215,514
164,942
12377,121
195,612
262,828
213,773
197,464
177,995
214,648
173,763
181,418
213,369
99,932
234,789
199,863
12156,155
202,711
198,775
180,604
181,471
278,626
201,407
214,727
215,746
198,577
248,594
164,653
90,564
91,736
196,634
102,407
218,821
285,680
202,776
12407,156
12655,144
93,457
130,737
215,603
198,446
281,762
198,760
202,748
136,563
214,754
200,719
218,390
92,483
201,555
197,736
216,679
218,483
198,727
185,938
86,702
210,481
181,462
202,439
278,799
134,814
90,484
198,509
190,620
12525,131
201,559
212,472
201,481
171,636
197,539
182,576
167,483
205,648
199,719
201,640
249,667
214,507
197,735
12139,131
90,625
214,930
197,581
162,441
119,772
196,500
214,379
202,588
212,487
201,481
202,494
280,706
229,678
198,594
148,847
90,782
213,590
215,895
151,616
213,796
199,429
202,461
213,593
93,697
117,604
214,622
217,728
218,965
189,576
278,650
218,689
231,429
109,820
205,685
214,500
199,530
263,450
213,741
221,508
199,768
90,994
209,764
261,781
218,653
170,508
100,574
166,684
213,531
182,455
263,584
217,506
112,643
168,568
88,837
201,430
214,677
218,439
216,511
199,810
199,607
217,572
165,495
220,694
215,683
97,593
217,639
215,604
175,586
112,521
94,425
231,550
217,465
173,459
201,713
215,780
168,582
273,665
199,380
181,774
213,616
217,597
201,544
181,801
134,625
215,667
174,507
277,986
121,576
214,585
202,525
129,617
198,703
172,494
198,647
278,734
103,340
182,760
92,516
103,583
265,631
201,592
216,950
197,454
101,515
198,395
112,812
198,515
197,462
278,841
103,858
229,560
182,736
193,572
217,770
167,347
209,627
195,483
218,722
173,590
198,406
214,480
281,666
94,614
196,565
217,794
197,511
198,1018
195,746
285,533
213,543
121,445
94,696
198,869
212,411
201,669
184,745
151,804
201,506
119,794
219,660
205,694
214,426
168,667
189,455
198,746
181,507
118,458
199,451
216,712
273,786
167,599
182,668
219,631
151,638
137,613
149,439
278,660
197,543
104,370
162,802
225,534
172,468
198,565
105,1353
216,428
169,518
278,731
168,643
12472,189
12535,144
263,436
199,579
198,476
201,741
214,475
201,940
221,333
221,493
218,392
150,556
93,932
277,855
213,579
217,549
231,555
193,572
104,735
202,712
266,773
215,394
231,836
273,845
221,477
153,623
201,589
165,749
198,630
185,743
197,642
214,628
247,753
189,675
214,729
201,947
276,658
168,604
198,612
214,436
278,706
217,650
217,480
281,768
98,477
11926,144
281,1068
198,426
193,440
215,459
153,734
217,374
210,558
231,953
198,813
197,504
197,639
101,243
117,626
201,441
202,505
234,907
101,1506
12655,124
198,460
229,887
201,514
166,645
198,524
198,563
85,581
216,595
263,597
216,654
278,484
230,1063
190,540
93,398
199,541
212,666
12418,166
164,579
220,744
213,613
134,514
213,441
169,457
166,675
216,614
279,495
117,600
234,764
197,630
91,804
185,554
164,574
221,667
89,721
150,725
213,439
213,853
197,537
170,454
214,569
143,630
198,634
279,372
213,569
280,661
219,676
286,568
198,633
165,888
222,660
97,761
201,650
281,715
197,694
94,753
217,772
215,445
161,789
217,650
285,1281
197,351
218,661
213,788
181,681
198,707
214,588
220,703
214,681
213,949
215,550
96,506
278,396
215,450
193,378
215,727
88,676
222,745
213,500
167,536
213,570
173,590
218,708
214,642
201,633
94,615
198,759
197,606
150,654
215,650
167,661
282,580
221,667
276,590
217,499
205,423
198,602
181,645
221,408
85,1244
214,756
166,528
200,577
153,481
275,523
197,423
246,654
216,496
212,461
195,579
137,814
279,852
92,628
11871,146
276,671
102,795
198,471
244,847
182,703
201,733
165,683
181,618
231,741
178,425
185,481
94,1056
262,629
280,456
215,1069
181,691
201,1158
213,787
198,445
282,698
111,706
214,416
159,438
212,401
213,705
161,529
200,488
196,407
222,695
183,516
214,1021
234,633
213,664
138,439
215,544
213,778
12644,125
215,529
179,714
171,650
196,663
150,470
215,708
201,432
165,469
217,882
198,448
215,588
198,639
199,569
12154,126
218,436
197,687
222,630
12154,129
94,628
178,764
181,539
219,703
214,616
285,631
215,1005
167,743
92,714
122,757
198,700
201,870
179,550
201,692
185,593
232,405
201,533
266,830
230,439
197,824
204,523
218,272
221,567
197,472
181,631
88,481
201,504
246,748
98,626
202,315
161,381
183,641
221,550
228,527
185,601
275,802
215,660
218,942
212,520
142,812
212,552
182,500
201,562
214,904
166,425
214,677
105,784
218,526
183,452
197,388
273,724
212,719
281,665
198,369
196,547
215,642
274,529
201,563
215,496
199,788
161,521
212,564
279,409
277,856
200,876
198,373
12364,218
216,1145
12016,135
169,672
210,549
196,1098
217,606
198,599
122,508
178,764
182,692
218,713
197,561
198,464
12472,142
167,666
219,765
93,770
146,753
164,441
184,581
201,617
90,552
175,737
218,623
201,552
220,615
178,496
218,463
183,614
222,795
84,895
173,383
152,628
199,936
199,671
286,1295
214,531
201,781
199,493
278,888
197,346
285,719
213,720
184,579
222,391
247,1207
214,687
12154,149
282,407
213,668
218,512
217,398
206,580
197,493
231,712
186,538
166,652
225,714
217,574
214,444
178,663
198,259
165,553
190,549
201,470
151,424
90,662
189,587
198,181
181,488
199,532
199,395
12184,98
93,386
281,973
221,532
201,720
182,621
249,641
249,904
12278,156
260,480
182,776
12285,154
278,721
165,475
233,405
165,828
217,624
152,548
217,367
197,701
213,572
279,678
215,439
11671,141
86,647
276,621
176,632
201,431
217,726
185,446
201,444
215,473
279,780
12535,164
217,609
106,662
201,422
182,565
12154,195
214,975
199,787
193,536
149,1122
198,455
215,439
199,654
216,539
215,605
261,638
221,680
183,489
197,458
229,545
198,566
282,645
182,661
217,399
214,467
214,433
222,712
199,498
97,513
170,482
181,421
213,613
214,517
133,470
249,426
93,328
136,979
120,592
197,680
214,700
276,490
275,667
12644,170
88,521
110,765
211,646
185,424
201,768
198,624
196,400
99,656
276,495
278,843
193,1099
184,411
169,781
198,682
218,807
247,481
186,628
215,651
199,712
213,748
12016,172
231,410
247,747
146,609
106,698
90,356
229,439
279,600
95,514
231,642
214,593
199,556
213,478
197,626
213,726
202,634
281,1243
214,725
201,642
93,771
220,972
182,439
183,606
135,681
219,476
101,477
212,533
149,764
278,555
215,521
173,633
278,747
201,703
217,489
198,744
168,575
209,772
231,450
11904,105
281,493
215,636
199,539
217,668
209,539
206,659
195,613
111,716
12553,119
209,472
211,635
90,493
133,708
216,728
214,585
183,641
12217,136
169,523
165,510
198,463
219,1008
213,616
174,680
219,770
213,542
277,486
230,702
213,502
210,770
166,988
218,425
205,672
102,742
131,537
220,641
167,517
199,368
97,514
218,493
165,495
213,648
199,457
12644,208
186,412
220,703
261,735
12139,161
221,885
247,442
195,650
278,728
215,328
198,594
93,564
214,633
103,812
262,784
201,742
196,652
89,425
167,504
214,895
166,633
211,843
214,779
87,588
217,713
119,421
87,391
93,635
215,709
217,421
215,574
177,759
213,616
95,318
214,648
132,612
213,670
205,708
182,1242
182,505
262,643
225,399
215,835
262,765
220,549
194,647
218,598
105,561
197,724
12085,168
202,663
198,500
198,554
281,584
217,543
217,379
213,518
217,412
230,793
216,462
91,703
176,909
149,840
246,472
196,450
205,525
217,572
94,653
183,992
214,882
103,683
120,279
174,765
214,635
114,581
166,627
181,780
97,582
212,884
221,734
198,665
276,652
12156,90
195,452
122,787
202,745
198,866
218,538
137,506
218,555
116,558
177,598
89,891
286,714
91,792
215,521
177,711
245,954
151,831
86,429
199,435
209,410
213,373
209,870
197,413
217,558
169,774
169,506
217,416
214,526
183,606
178,637
167,627
197,571
281,618
213,717
12418,119
214,631
273,585
225,552
189,837
207,780
218,1113
209,553
205,376
218,506
218,465
214,620
12154,160
221,403
198,437
197,792
120,419
183,632
179,701
169,524
197,702
213,631
261,399
101,802
221,446
169,483
216,491
119,442
122,709
277,586
282,481
197,684
118,592
197,862
210,720
219,660
183,663
199,508
282,407
214,1923
106,377
212,725
90,427
194,635
216,407
105,656
91,784
276,606
11642,205
91,903
214,576
170,489
246,723
159,438
199,421
137,660
164,538
205,685
200,713
218,765
205,448
277,612
231,583
89,510
185,539
282,779
93,461
88,707
167,840
217,938
198,404
213,681
181,603
281,715
214,620
183,460
98,740
166,421
12499,185
231,938
182,484
198,400
155,590
218,704
218,850
211,570
216,794
200,670
166,665
118,1259
198,631
211,571
277,633
201,481
221,585
167,425
11815,121
94,450
197,827
199,660
218,799
202,561
93,637
220,570
183,700
182,475
218,452
92,788
214,607
213,759
147,618
182,514
202,577
216,748
216,614
149,754
215,688
197,434
196,531
133,708
97,675
214,721
197,865
277,592
215,466
262,566
278,715
279,472
12644,98
183,451
12279,189
198,653
209,658
215,733
170,715
217,434
278,431
200,516
217,507
182,631
199,734
154,466
214,352
184,663
11904,122
169,348
196,418
202,542
167,898
164,368
200,665
213,667
12418,146
90,602
201,676
12154,130
180,756
231,758
197,354
213,500
214,510
212,648
275,499
278,648
138,361
181,928
263,469
213,518
214,379
278,617
186,482
215,770
278,702
90,636
199,601
88,911
218,668
197,470
177,429
245,743
213,721
197,823
93,688
280,608
201,733
87,373
214,695
198,825
12154,126
196,402
201,681
217,863
188,823
266,695
201,407
225,543
198,554
213,610
199,538
93,410
166,787
279,445
215,803
221,867
183,527
167,665
214,517
214,887
215,456
213,672
94,452
151,514
281,674
153,571
168,565
197,453
218,543
214,914
198,805
260,621
183,379
193,434
150,750
199,762
201,619
200,586
217,473
165,556
229,437
180,463
202,424
157,472
216,568
253,1010
214,463
215,520
149,690
182,529
214,712
273,612
222,628
286,591
182,978
217,703
210,551
181,803
213,453
196,677
217,549
209,757
214,657
193,512
230,530
242,678
199,589
200,480
212,544
216,938
179,815
199,687
199,428
212,603
117,457
214,592
92,555
133,511
197,587
215,987
166,387
230,341
186,514
121,1036
113,652
260,815
214,404
174,609
233,791
214,752
273,878
11642,146
145,396
281,624
177,598
215,1038
218,520
166,455
215,613
196,446
215,437
210,490
149,648
169,699
248,779
229,671
202,882
218,503
215,808
175,662
214,755
278,569
218,817
216,679
153,435
213,441
201,538
198,524
166,386
276,583
197,436
180,483
12472,153
227,572
212,561
279,579
205,449
12285,114
169,416
12085,212
201,687
12139,138
172,577
266,697
92,674
180,336
215,657
134,731
166,919
218,656
109,617
171,644
285,533
118,661
201,482
199,968
213,748
201,453
99,656
198,736
200,595
153,703
215,410
215,859
279,600
213,779
217,729
197,864
94,664
197,489
210,867
216,564
213,651
233,762
198,685
130,573
200,407
184,833
179,589
217,859
150,831
90,543
279,868
166,395
215,574
205,414
196,856
149,799
92,840
221,533
278,719
231,738
172,560
215,429
177,700
205,455
199,388
214,489
278,445
197,567
214,638
167,558
237,546
165,563
217,921
177,462
217,513
172,577
197,963
11904,134
206,605
116,617
183,477
165,438
134,613
285,933
193,839
167,697
281,804
193,683
259,768
194,762
182,672
199,710
151,504
217,491
197,540
277,520
125,432
215,525
182,587
160,540
166,604
197,815
197,785
129,625
214,408
101,673
182,674
210,572
166,849
94,630
237,380
211,791
200,697
214,542
218,721
198,608
201,432
277,583
171,448
230,753
103,904
198,835
213,477
217,687
249,832
201,444
275,442
201,577
87,665
167,566
215,483
166,786
217,575
198,598
212,452
217,424
146,653
217,672
215,525
217,968
277,674
117,604
213,517
213,697
186,664
277,730
278,430
215,623
12184,128
199,521
94,1030
12154,186
166,570
191,566
148,579
199,838
214,777
206,608
169,796
161,504
282,681
97,753
219,839
216,620
197,587
149,840
168,641
278,783
217,506
213,552
212,624
147,450
218,628
214,438
201,707
220,733
214,438
216,774
201,667
198,709
201,751
218,893
183,677
180,459
265,548
201,497
281,625
182,625
177,505
153,730
167,834
170,658
214,624
214,662
94,741
182,428
180,740
197,608
198,421
263,725
281,629
135,420
189,539
94,745
125,757
92,427
198,536
218,684
150,1677
149,763
216,619
134,557
214,565
201,929
214,639
277,492
167,706
279,830
181,516
134,653
169,553
280,654
166,573
200,391
218,635
109,372
217,519
182,469
211,659
214,594
91,700
273,669
165,577
219,588
214,592
12524,129
278,867
97,971
201,491
137,489
263,462
146,637
221,513
217,419
196,744
214,417
135,763
165,568
169,463
185,491
278,492
113,399
197,460
286,714
211,524
199,592
218,810
214,486
215,729
200,455
94,633
214,507
173,746
12644,138
165,463
231,953
218,798
175,778
100,1165
221,476
279,585
209,565
214,522
197,528
216,539
201,566
196,496
181,691
185,634
201,807
101,599
273,508
182,538
215,514
212,402
183,878
275,849
197,614
92,727
129,539
182,438
221,781
98,384
89,742
214,548
213,662
214,893
166,543
211,1168
198,438
218,531
95,414
185,736
193,843
279,633
149,947
92,677
214,518
102,658
238,716
215,508
185,531
193,527
263,578
199,656
229,482
218,580
133,544
213,690
248,1025
196,409
197,931
11635,121
121,1036
277,588
281,710
214,649
161,741
189,563
86,698
157,987
221,420
130,592
231,471
171,484
12184,153
92,455
104,464
166,328
172,476
96,715
199,644
141,462
209,458
218,630
12377,195
87,347
199,599
199,489
205,513
214,475
212,562
170,538
277,596
174,565
214,686
212,726
101,585
232,681
198,437
150,617
11926,209
216,404
215,771
225,512
173,577
198,937
198,644
147,497
199,478
281,736
269,571
231,457
130,361
102,825
182,604
165,666
213,769
217,753
92,769
196,425
194,1430
190,515
94,558
195,699
86,481
213,381
214,733
278,677
263,592
278,722
12364,132
245,595
145,732
230,760
11904,100
214,560
198,691
196,449
214,584
276,562
215,726
199,703
278,443
199,490
246,578
279,528
214,672
229,434
86,472
217,550
182,446
198,757
198,319
282,535
210,645
134,539
213,668
211,387
278,667
212,624
214,1201
186,492
183,461
205,379
197,530
214,454
198,655
221,854
217,671
234,648
213,464
199,459
278,644
222,749
182,314
172,556
202,663
167,577
90,357
217,644
217,471
217,793
280,468
173,573
229,712
274,405
213,450
278,695
221,472
183,439
217,561
281,650
197,372
198,499
106,725
214,656
182,521
91,588
230,712
182,442
234,644
217,516
107,604
197,441
206,737
196,636
217,627
176,785
214,641
201,533
214,471
165,800
221,506
201,727
214,411
166,277
245,426
199,523
198,387
245,664
90,493
89,318
245,731
280,578
218,661
211,467
196,916
199,679
197,514
209,738
199,492
217,562
11926,195
177,505
230,771
217,796
156,533
205,564
162,622
170,612
282,835
193,434
163,541
83,620
260,697
206,555
201,628
169,619
106,611
200,676
257,1227
214,473
172,655
260,817
213,512
185,543
234,411
167,604
137,698
230,788
195,620
177,716
150,656
98,1373
199,690
281,701
219,573
149,426
199,521
219,535
218,1088
219,668
279,565
108,726
278,543
164,441
278,569
165,615
281,705
150,532
277,597
87,624
221,360
227,462
278,426
200,593
181,817
121,460
169,1040
217,684
201,966
199,378
180,597
198,772
11671,152
141,538
209,682
195,513
86,481
185,440
197,528
102,744
214,416
214,593
214,719
217,895
263,569
212,704
198,740
91,616
117,775
94,661
100,765
201,494
211,528
198,850
194,640
94,661
91,558
152,577
202,425
205,420
84,434
193,412
282,701
185,408
183,517
213,381
213,765
266,733
187,560
94,707
218,605
181,689
166,491
281,397
212,510
198,631
217,406
217,832
215,633
11743,152
214,376
215,577
215,423
101,789
221,602
182,611
277,741
130,496
196,565
253,699
129,591
198,523
165,417
172,545
12535,181
215,1055
213,629
166,560
200,662
198,456
89,449
201,714
214,461
213,589
111,644
183,873
219,530
135,562
217,519
199,546
168,661
215,594
214,628
218,877
233,422
285,760
214,593
200,537
215,504
198,583
212,636
169,596
260,815
214,585
183,620
254,533
219,610
104,487
185,647
197,875
94,535
214,507
193,455
232,712
198,524
128,650
238,716
217,722
209,775
217,448
238,382
199,807
198,526
110,483
187,766
206,424
189,799
202,499
12132,93
189,698
184,644
213,554
119,756
198,653
164,568
214,531
206,546
136,664
213,437
101,865
193,600
151,572
214,539
120,815
217,558
261,523
86,698
197,691
169,835
282,600
205,553
90,713
278,498
217,536
214,564
152,706
266,752
218,813
195,683
233,706
195,706
199,597
263,584
277,468
171,597
218,554
151,480
202,641
217,606
261,846
221,496
97,900
276,760
273,619
225,689
197,686
157,807
146,452
217,438
141,954
95,532
99,726
202,395
218,437
221,765
197,570
213,518
226,733
196,697
148,516
233,732
169,317
94,796
94,831
221,656
221,714
221,579
202,365
182,693
215,755
228,618
199,506
205,391
220,766
212,411
172,777
282,737
199,605
102,325
126,670
84,794
199,565
91,503
214,469
215,442
169,586
217,447
275,585
213,691
278,797
121,516
134,537
269,476
92,385
206,580
209,664
183,835
217,398
151,431
198,540
217,637
201,640
167,440
274,816
198,439
214,562
195,603
218,632
182,773
122,488
201,663
130,361
232,474
201,655
177,692
197,738
92,647
165,431
217,676
278,657
201,708
213,561
165,606
245,673
217,693
100,680
212,569
221,658
231,540
199,492
261,803
193,479
150,758
181,608
212,675
168,542
162,459
213,720
201,575
197,518
278,799
185,720
183,691
218,413
133,375
215,614
198,588
152,396
202,623
199,1132
133,544
101,758
198,458
209,529
214,776
249,440
245,531
193,742
196,388
215,517
273,443
261,413
214,376
215,459
280,558
106,435
186,928
198,499
273,805
248,613
213,570
183,516
169,525
200,725
221,714
205,423
12525,135
94,641
95,669
213,713
170,648
110,608
221,513
121,848
217,660
198,597
183,475
181,709
166,433
171,594
221,751
213,520
221,680
165,696
168,642
108,720
199,629
182,449
216,449
201,413
220,387
217,639
214,583
148,465
281,652
219,470
211,884
165,867
214,616
213,743
200,488
12085,167
183,766
221,710
221,369
199,510
233,550
199,431
214,412
276,627
213,699
105,532
209,404
120,696
215,891
221,425
209,518
99,725
97,499
278,731
199,623
198,462
197,769
201,966
197,511
218,555
209,652
197,426
193,643
189,421
94,624
110,837
231,748
217,663
199,487
199,401
178,717
193,426
213,712
214,546
278,448
186,589
166,634
94,723
222,478
103,647
215,587
147,534
167,507
218,699
218,557
199,594
209,581
197,576
193,579
131,723
166,758
90,896
195,411
217,780
281,1068
214,721
214,733
212,415
215,377
102,1000
169,635
218,622
214,391
90,647
12455,102
215,733
198,1026
197,622
196,664
197,480
201,574
217,496
222,674
198,665
165,738
273,650
95,602
200,742
181,623
214,444
148,602
169,627
117,480
185,817
213,735
185,375
217,758
199,489
169,543
217,397
197,702
196,623
152,492
181,386
214,515
217,666
96,721
88,766
131,631
183,557
180,701
213,486
215,369
222,503
213,463
214,406
12016,148
161,590
197,601
196,875
106,720
198,595
278,666
216,601
198,709
115,589
179,477
167,466
198,370
212,575
214,729
93,666
180,619
212,1032
90,437
92,555
231,458
198,1070
107,747
181,422
12278,104
121,460
213,447
169,506
249,865
220,579
209,694
205,525
200,402
185,576
214,882
205,618
218,933
215,650
234,548
215,509
175,490
214,575
12644,164
221,574
214,662
218,667
169,278
277,821
214,556
214,533
209,404
216,552
199,640
230,384
221,843
217,600
12163,128
194,651
260,583
175,442
154,818
153,438
214,657
148,705
218,515
169,735
167,735
195,614
198,802
229,726
120,1014
184,419
215,377
12524,125
229,714
196,601
181,471
218,664
199,467
217,696
150,717
150,470
95,679
179,457
164,776
250,589
94,404
262,677
200,435
184,691
130,445
168,644
217,749
199,507
198,450
214,462
197,693
167,648
151,684
214,550
170,435
209,513
173,742
12472,117
181,541
273,598
233,781
262,595
215,634
135,489
214,443
149,652
199,464
201,599
97,704
213,700
198,613
169,513
180,828
126,388
197,594
106,721
217,794
198,351
151,596
199,568
97,565
213,648
183,461
120,647
212,602
86,413
201,762
116,750
166,556
205,606
218,486
150,491
213,698
125,501
215,490
186,455
215,453
99,721
280,412
205,381
11926,234
279,453
217,1141
169,455
213,621
269,622
278,664
100,470
169,552
194,826
214,689
166,536
125,694
193,377
118,766
186,432
213,725
262,904
95,809
168,656
199,593
198,398
11815,148
182,452
197,725
200,752
230,640
130,563
285,789
213,681
170,736
219,893
214,587
217,620
222,512
166,573
12217,133
229,554
215,683
229,506
277,574
222,611
156,449
211,570
221,632
176,697
254,818
280,447
213,713
281,751
153,691
218,504
214,450
217,476
135,570
214,431
101,977
262,823
200,435
247,437
213,774
215,856
182,797
199,830
277,741
199,568
193,511
134,687
281,661
93,673
233,711
197,640
198,619
215,378
183,424
196,569
212,550
213,580
193,658
202,594
230,787
100,514
214,703
198,630
201,524
218,768
218,613
143,776
213,467
249,766
198,668
89,645
175,400
166,422
162,594
217,759
182,467
166,667
221,462
273,612
201,643
197,375
218,577
182,467
193,424
201,444
282,900
212,789
217,707
197,641
95,694
194,784
169,483
279,681
169,735
246,746
12644,134
186,669
215,673
129,509
184,500
215,762
174,631
279,716
164,426
101,477
198,865
199,639
217,805
217,634
90,611
213,741
214,342
198,740
198,480
151,623
92,418
213,717
182,467
177,1149
218,406
215,909
167,599
201,640
201,620
217,674
166,457
209,870
212,447
199,689
174,477
215,579
214,829
166,603
200,768
94,728
214,673
198,554
166,581
282,625
277,625
214,531
12085,161
282,440
246,734
285,941
129,539
212,883
86,458
197,459
214,763
149,501
198,632
166,523
197,334
206,535
225,564
221,690
95,746
260,681
230,494
11671,158
215,622
163,577
198,399
169,596
265,442
222,598
278,616
213,449
198,628
215,887
198,509
169,723
193,469
209,553
212,929
12304,129
169,704
134,715
182,423
221,712
279,521
211,532
217,772
197,840
276,795
166,630
181,378
119,1086
85,480
202,484
163,394
96,801
217,1003
218,913
250,312
229,442
215,719
195,351
199,636
193,478
215,634
98,563
276,863
230,1192
193,501
230,722
214,727
229,746
205,603
201,575
198,498
165,540
213,524
195,666
279,700
215,387
113,374
279,417
282,567
231,828
248,613
214,741
181,503
216,743
197,501
201,639
221,645
201,727
215,582
149,758
160,540
96,719
197,440
221,652
218,457
205,448
105,754
221,926
156,626
214,551
199,407
151,680
278,686
103,747
193,579
198,549
229,611
92,531
198,562
198,782
233,562
198,431
278,693
91,603
214,870
200,434
198,490
135,422
183,375
146,393
173,746
269,622
198,639
180,625
85,678
144,354
201,458
201,464
93,700
281,665
278,882
200,626
215,419
197,967
215,671
202,394
279,663
202,257
11815,154
11904,171
218,613
198,782
217,845
100,977
215,648
214,555
198,417
213,621
200,749
197,406
196,557
280,853
180,980
165,463
209,654
97,599
233,859
109,666
197,627
217,539
277,634
163,492
185,455
157,379
218,772
98,679
193,739
213,737
181,473
242,394
12049,184
200,736
173,469
12283,140
214,628
165,991
246,752
173,607
94,709
197,586
209,425
91,868
216,877
279,353
214,519
194,377
85,581
213,525
231,560
12278,120
274,746
166,483
119,566
145,610
106,917
196,569
213,466
198,587
280,628
163,698
213,594
167,461
218,694
217,379
198,505
197,503
212,500
92,640
143,705
217,567
181,745
202,325
217,752
230,428
217,576
177,740
181,583
198,428
213,628
105,694
221,1110
181,544
199,423
213,787
12139,138
198,539
170,727
95,503
149,612
142,591
190,787
213,439
215,501
214,407
172,590
183,494
205,597
198,602
148,712
214,620
193,527
121,662
214,431
198,434
213,501
196,660
199,643
153,544
229,666
197,888
197,732
215,621
167,1651
189,607
197,672
11904,179
198,397
278,664
149,615
135,790
205,480
210,513
182,507
212,528
198,809
281,640
129,597
218,678
152,595
199,578
96,595
209,1060
154,567
221,489
197,757
201,387
213,617
173,536
277,487
217,525
217,372
201,494
198,521
182,668
216,547
214,551
214,759
219,649
200,749
201,444
198,403
113,500
214,662
198,442
198,603
230,723
217,399
97,763
228,846
132,585
167,646
257,555
216,434
12472,172
213,714
169,1108
285,927
168,705
214,744
245,682
199,529
221,568
215,478
273,751
177,736
197,603
87,799
198,789
188,674
181,741
198,672
121,576
93,571
185,523
166,674
133,589
164,414
215,554
225,596
274,390
214,424
131,754
213,735
277,738
91,544
215,627
218,939
97,694
213,494
278,795
183,581
213,509
211,743
12154,109
198,583
215,762
277,679
167,655
218,711
92,609
198,397
214,883
200,567
133,511
93,614
129,599
217,817
201,794
91,768
150,814
120,513
218,686
186,622
201,482
178,426
182,754
198,656
213,424
280,508
213,626
196,664
216,349
200,439
202,462
209,419
278,712
213,520
147,614
150,646
138,543
201,727
12139,123
215,487
181,744
94,1030
12535,149
148,399
164,385
168,860
165,650
214,668
209,735
217,437
210,568
196,525
246,446
213,572
229,630
91,334
148,465
167,481
185,676
213,910
199,762
186,428
135,417
202,953
198,636
221,564
181,594
214,484
166,592
206,483
237,622
231,450
196,599
214,659
138,589
167,492
185,641
277,723
218,443
198,781
282,581
278,533
181,465
221,502
84,320
12644,155
201,616
134,450
221,467
214,418
197,656
11642,205
132,628
181,660
118,585
221,844
279,664
199,701
91,535
186,459
213,692
197,862
197,666
277,487
11869,151
182,668
221,517
249,448
213,543
86,489
217,440
137,583
181,668
165,605
136,552
92,551
214,564
253,488
263,730
214,705
198,692
218,1146
216,589
166,373
213,471
215,530
167,606
107,735
214,391
202,429
225,571
148,680
218,645
262,766
226,862
198,456
216,658
197,573
213,456
219,539
199,623
214,503
150,612
181,503
217,785
185,702
12418,112
199,684
217,479
222,520
166,594
88,883
197,707
196,488
131,565
198,639
198,624
127,722
201,666
201,425
211,492
213,720
103,597
237,786
120,565
215,459
170,489
150,642
233,747
97,705
137,530
237,510
195,513
193,808
210,832
12139,133
229,612
249,707
277,622
214,580
12156,139
145,378
214,632
205,838
214,583
150,792
93,889
214,461
169,447
198,598
215,601
218,574
183,588
86,769
219,640
182,602
210,462
217,647
198,579
92,358
257,576
229,548
102,880
221,445
278,428
262,749
91,637
193,607
12644,131
198,452
201,666
96,542
198,569
145,847
201,736
213,630
158,590
197,507
273,682
200,428
198,544
153,613
155,514
214,676
195,714
185,619
205,564
279,667
105,497
199,650
197,812
214,807
197,755
217,529
215,758
273,434
105,940
198,674
276,798
280,564
217,524
95,621
185,712
217,739
100,579
151,469
138,536
246,527
198,481
280,485
12418,138
202,663
166,531
218,374
164,487
281,614
280,534
231,522
197,703
278,717
173,480
209,394
280,1008
201,454
137,589
202,398
90,602
196,849
98,1255
276,549
214,710
277,684
221,751
217,428
217,645
185,425
113,539
202,577
148,581
215,616
275,517
216,747
196,475
11871,159
220,661
165,662
273,790
201,639
215,922
200,496
143,827
183,367
120,758
196,720
146,664
167,749
217,591
201,845
169,667
152,686
185,743
138,668
122,491
222,566
86,684
184,456
140,739
219,743
167,467
213,944
202,551
198,768
199,501
93,604
216,660
169,738
100,1467
104,300
97,813
214,482
277,947
90,453
214,625
197,680
201,830
214,975
101,426
176,640
217,768
199,597
217,635
213,763
281,664
158,743
95,677
214,684
157,462
201,508
198,544
201,667
215,604
217,605
218,848
198,547
215,582
182,539
214,603
165,577
198,540
10748,139
198,401
282,392
237,380
205,497
167,522
201,470
197,684
88,713
247,449
197,580
149,418
95,485
214,578
169,455
215,830
120,810
129,503
216,728
220,778
12211,138
150,599
217,539
214,339
213,489
175,535
285,661
221,445
205,718
87,444
217,545
169,494
198,732
217,620
177,592
201,581
218,1065
213,598
217,822
214,631
215,573
181,1101
250,754
230,517
95,627
85,654
198,574
99,500
117,857
201,471
181,599
101,506
279,593
167,433
270,607
214,586
213,850
182,542
181,445
214,649
218,431
217,643
198,811
230,911
245,655
121,734
198,671
231,529
217,559
201,739
213,548
245,673
201,703
166,442
118,526
163,806
167,485
182,493
216,479
200,732
199,718
214,752
247,600
229,594
214,690
278,615
133,558
214,377
215,663
197,626
89,1139
230,880
97,649
96,697
213,750
181,441
215,825
196,425
278,634
246,623
211,453
226,658
85,1233
209,822
170,615
165,493
199,508
167,628
230,586
197,639
12418,133
180,496
233,774
87,413
213,416
217,575
218,441
217,782
198,505
157,470
214,403
214,531
213,852
214,604
275,614
214,519
214,717
214,685
198,587
199,586
185,664
138,415
277,705
198,470
138,361
227,666
95,510
209,491
193,434
186,867
216,774
136,583
215,377
200,643
12154,146
279,490
222,762
265,758
203,660
273,787
99,657
286,747
201,451
199,434
217,840
146,1303
217,732
199,814
161,470
211,878
214,425
209,366
117,523
222,465
213,781
190,925
264,980
216,600
214,435
278,514
217,670
198,573
214,532
113,399
199,650
201,460
281,420
183,374
210,748
277,639
277,575
183,418
148,432
277,629
198,685
202,471
209,554
198,673
169,688
197,394
140,618
201,414
197,762
120,982
286,578
214,646
202,745
118,610
218,684
198,566
201,489
199,449
177,641
199,635
175,610
165,678
198,649
278,655
121,476
206,588
216,641
196,423
166,537
217,531
181,525
199,458
217,375
172,596
197,725
100,618
279,443
173,599
209,398
214,567
218,753
213,537
93,592
230,667
217,613
172,572
166,661
214,1352
189,551
220,898
217,523
185,413
277,583
91,839
261,735
201,561
89,447
278,502
215,694
205,535
214,427
228,543
214,701
281,1312
218,597
213,783
149,840
193,583
198,650
274,540
199,587
215,896
217,527
217,683
101,510
133,551
200,805
173,608
199,551
198,790
180,663
201,390
106,766
199,476
215,621
278,818
95,482
281,715
212,624
218,536
221,689
203,620
131,540
221,653
134,588
217,496
8969,130
85,704
193,709
198,795
216,808
201,754
210,682
214,810
165,611
214,917
198,745
213,359
199,1184
117,644
199,522
101,706
166,729
213,609
12407,188
212,789
218,744
217,589
197,564
198,506
262,1352
225,739
212,547
201,726
173,430
214,500
197,410
217,592
197,801
202,604
201,744
117,1055
119,473
106,1440
213,516
93,559
198,869
100,433
214,594
215,597
278,456
183,691
175,629
214,573
214,497
221,478
201,462
232,458
166,381
277,588
167,521
170,414
179,686
86,472
216,439
103,384
212,1176
281,1036
101,575
151,469
198,417
129,458
214,806
12217,137
232,563
218,833
105,694
199,485
198,807
198,709
214,714
201,940
130,371
280,457
167,507
214,703
195,425
200,770
214,572
278,661
231,763
218,640
222,761
212,482
222,549
280,599
198,497
217,993
165,867
197,570
210,558
166,964
196,517
137,405
233,929
226,708
217,464
168,455
172,554
196,424
263,540
216,483
198,715
99,597
228,876
198,475
199,628
198,697
217,614
275,805
214,663
218,807
196,1106
12085,146
218,563
233,805
217,583
217,478
201,682
185,432
198,448
214,609
106,578
218,434
177,619
218,564
213,481
214,661
218,516
212,420
213,425
151,397
213,636
273,685
229,817
197,563
265,487
201,586
169,650
133,553
274,702
166,896
247,481
198,654
218,632
196,416
214,502
102,759
95,615
214,607
87,589
93,592
91,562
198,504
221,629
150,862
193,431
98,831
197,531
173,588
275,759
195,538
213,473
101,685
170,662
174,503
222,537
111,592
216,745
181,654
215,516
218,512
278,538
278,674
8970,107
278,444
153,924
213,671
201,745
201,778
280,563
109,475
196,487
198,503
230,504
105,603
164,403
217,650
221,614
186,604
197,529
202,564
172,699
231,567
195,713
183,645
193,496
278,416
198,740
273,886
112,613
214,656
167,914
12156,113
169,628
202,746
166,443
181,553
214,439
277,594
185,694
154,756
117,1055
214,446
218,469
185,476
197,407
109,355
199,572
165,712
215,456
177,592
12644,149
198,466
193,412
262,766
217,675
279,682
139,452
153,693
199,452
218,936
201,444
198,449
91,450
100,1029
92,662
213,772
12132,175
245,740
205,457
85,844
202,708
86,442
89,682
132,571
130,521
257,469
201,397
193,494
182,527
193,1090
170,690
175,561
197,379
176,561
218,682
205,726
197,411
214,507
84,743
198,771
12184,136
205,421
229,472
164,979
216,725
217,588
221,689
170,1105
166,446
214,553
213,631
181,619
200,572
179,727
214,631
286,535
213,609
166,536
150,749
131,719
282,546
213,619
197,415
174,551
201,323
214,726
198,332
185,455
197,646
218,428
134,544
195,587
196,580
214,489
274,899
211,480
278,706
201,658
214,638
197,546
205,431
247,358
213,530
166,520
100,977
103,488
165,402
93,791
197,804
193,435
200,480
183,553
215,506
246,786
213,653
201,576
168,624
182,446
217,459
277,430
200,410
91,467
103,683
215,425
279,646
183,464
95,724
113,540
194,387
184,387
215,624
276,845
145,712
199,550
215,461
197,542
153,717
217,651
92,658
276,510
279,461
139,565
198,508
201,502
181,418
102,627
12211,118
197,526
185,431
221,872
105,687
170,702
198,629
96,490
205,681
167,674
170,540
93,755
216,960
214,638
167,558
228,542
202,718
262,570
124,778
166,460
210,564
89,742
185,425
201,521
151,763
120,911
121,777
92,843
200,632
165,427
166,412
117,537
198,491
103,612
196,653
87,561
277,744
201,515
219,605
197,979
214,438
279,609
150,964
95,756
170,481
213,449
231,532
98,780
180,410
199,476
195,825
213,471
198,483
212,482
219,431
218,480
182,787
277,829
202,668
166,438
202,455
201,439
222,642
202,420
167,574
193,568
202,398
174,551
12211,134
265,538
218,600
218,634
146,435
273,527
217,541
201,390
201,558
201,579
175,640
176,505
229,531
213,697
201,486
181,574
12644,131
214,492
227,699
193,519
280,474
93,538
165,493
101,840
12156,115
213,510
182,539
213,773
209,558
166,579
230,810
218,708
196,513
217,785
96,781
278,444
216,593
213,597
199,512
194,414
197,667
202,489
279,368
214,604
215,710
275,602
111,644
12217,114
196,452
214,468
244,860
213,668
126,786
12154,130
186,444
161,694
211,483
109,666
119,402
214,701
197,515
153,478
178,508
214,519
91,669
165,480
11926,136
262,477
285,688
215,594
186,997
276,622
218,718
114,547
96,623
213,452
214,530
265,746
213,551
266,773
217,500
199,569
198,593
215,833
213,575
214,501
200,656
201,708
92,587
221,970
202,1124
112,574
213,606
95,773
199,752
245,776
281,727
279,565
117,665
199,687
214,755
215,755
218,678
215,439
95,626
214,715
168,567
165,733
119,937
217,826
12655,197
12644,150
205,729
198,599
280,1008
221,632
213,831
94,536
245,728
102,895
166,756
265,591
214,377
169,681
198,609
87,346
217,516
122,664
102,625
174,652
202,1063
151,594
199,678
200,697
279,754
213,731
230,764
165,512
215,649
199,320
182,578
199,910
218,726
231,429
198,730
200,657
102,793
198,373
12217,117
210,568
215,480
11961,157
215,467
161,830
218,535
224,587
196,622
262,633
164,558
198,804
216,629
199,568
282,753
175,519
221,556
103,446
248,461
178,508
218,748
198,474
94,564
249,465
214,424
93,651
123,405
285,402
218,710
215,681
220,588
199,1143
214,963
199,530
178,688
199,429
212,477
166,487
118,745
86,895
135,638
199,411
166,698
217,691
198,578
218,689
214,755
278,644
282,519
285,607
198,646
197,639
173,928
199,426
173,364
218,483
218,547
197,523
198,611
213,650
247,686
274,648
107,397
249,594
221,374
202,598
215,581
278,648
217,688
197,765
213,774
201,586
166,326
215,688
214,643
213,681
281,705
12644,144
221,570
281,479
200,545
197,451
274,390
262,504
219,481
233,723
218,617
164,563
276,863
230,727
94,795
213,413
197,624
209,582
199,545
167,410
12364,119
199,574
213,661
134,612
185,677
12472,138
167,792
95,753
181,470
201,818
200,481
153,518
97,514
182,701
193,525
209,760
137,739
12407,217
11743,126
166,393
170,658
197,567
198,447
221,477
218,351
234,1084
198,466
98,739
103,643
281,735
11904,122
183,634
214,448
166,522
93,643
197,471
261,756
198,736
214,428
199,605
218,567
201,655
282,443
278,851
197,712
12049,150
206,625
117,872
165,421
12448,144
221,720
282,621
86,546
186,796
198,464
201,461
214,631
97,685
214,626
217,876
200,876
121,657
278,557
173,1084
210,640
278,613
130,737
163,583
199,620
218,548
99,748
213,471
200,650
8970,135
152,792
216,699
12156,113
182,671
215,585
214,351
105,464
212,494
214,550
232,649
198,2293
128,395
196,444
94,697
12644,159
221,665
199,484
218,574
92,634
179,421
135,422
217,464
168,678
216,818
86,4684
94,788
217,651
169,707
165,637
167,425
94,748
279,903
113,707
197,581
205,450
96,555
199,394
216,545
210,515
150,612
119,656
249,879
102,760
279,386
200,526
278,538
10747,128
185,600
285,805
11743,145
196,746
231,624
222,553
215,589
213,625
230,540
12154,135
141,619
199,632
199,599
218,607
96,608
165,540
281,457
175,635
12644,192
280,443
197,487
220,490
170,478
198,611
173,523
184,596
215,328
94,681
276,589
201,390
161,462
217,606
94,653
86,1156
102,595
217,534
214,632
225,679
285,536
102,325
216,411
214,478
214,399
169,646
106,492
197,577
185,706
197,464
211,571
112,549
183,647
186,510
215,446
285,420
248,612
165,439
217,496
168,467
199,722
213,661
214,615
213,507
141,954
184,743
199,664
166,487
218,671
198,506
277,751
279,681
218,627
217,470
221,570
94,626
217,660
89,983
198,590
214,606
248,1407
199,366
95,686
103,485
91,722
151,810
277,684
215,471
202,456
197,714
196,593
170,610
180,660
189,596
152,721
149,612
182,535
220,859
213,460
217,990
216,646
216,561
276,651
233,752
215,489
231,560
218,661
218,538
202,481
282,765
130,539
84,668
215,538
92,876
217,487
211,566
167,697
198,424
213,521
182,504
199,420
216,671
201,710
209,645
209,473
169,567
278,615
229,647
218,753
277,637
277,636
214,419
196,781
166,589
277,526
277,526
165,818
198,649
221,631
275,623
198,628
173,517
248,804
184,607
95,804
181,446
200,580
222,454
165,504
197,685
278,547
280,616
147,497
214,697
220,596
215,522
225,983
184,553
188,822
131,598
168,804
217,778
137,446
217,754
214,559
185,559
213,491
12129,162
102,517
206,572
162,500
12553,151
213,677
278,523
149,559
89,548
114,398
122,838
214,651
12448,126
246,782
217,537
105,986
216,694
149,879
206,572
217,557
199,386
218,531
198,476
277,397
210,656
196,449
167,743
181,429
11904,112
200,424
149,417
222,647
277,475
102,404
221,446
230,1140
197,638
214,732
103,647
180,522
169,450
202,637
216,702
198,642
217,712
196,633
193,630
89,627
213,627
176,650
198,631
277,490
193,458
231,615
116,449
218,615
265,586
166,910
201,421
218,648
215,476
214,473
212,654
244,493
216,602
142,601
246,708
12139,171
151,638
165,539
201,481
12285,114
214,427
185,481
217,517
193,585
277,430
169,379
199,703
201,429
214,406
200,560
212,502
107,510
211,571
198,500
82,514
201,483
202,477
181,673
281,561
277,504
166,697
169,476
184,500
101,617
213,536
201,517
213,459
182,533
92,645
220,666
183,569
198,676
181,619
88,747
172,597
212,527
196,470
198,459
121,1453
166,422
199,523
197,833
198,546
201,728
198,867
218,489
215,566
89,671
166,856
122,822
183,416
278,483
198,793
166,497
202,350
97,645
214,919
113,552
199,762
278,800
281,671
118,748
167,552
184,746
202,767
213,453
201,646
277,441
197,423
225,583
183,889
217,505
197,630
12364,180
175,691
212,429
201,415
180,470
281,549
216,511
200,547
222,505
180,782
281,528
166,490
12049,131
216,526
221,651
95,773
201,745
278,632
229,571
93,692
215,540
196,491
263,510
93,665
228,682
118,833
216,608
102,740
218,482
182,486
198,452
89,641
147,538
201,471
198,477
177,407
185,577
278,1065
212,844
199,441
98,1039
200,505
214,513
198,862
198,460
185,476
199,580
278,415
219,702
220,615
280,554
261,682
277,674
97,757
278,658
194,630
126,590
205,665
163,703
199,637
229,661
198,797
93,419
135,632
91,606
170,468
134,554
218,607
273,444
153,718
221,584
222,345
153,758
133,541
198,618
231,415
183,487
173,605
92,704
167,763
217,636
100,514
231,551
206,519
280,619
148,483
136,893
195,811
215,530
214,617
209,587
218,520
230,535
93,1016
205,870
117,655
168,795
172,521
197,630
177,743
94,554
277,601
174,652
201,506
217,676
113,939
156,505
217,562
209,497
218,587
197,695
212,398
153,666
206,604
214,499
134,797
193,547
89,462
154,533
165,853
169,597
281,1312
170,717
199,746
220,385
214,725
215,775
281,525
171,743
175,682
182,542
277,965
87,776
201,697
213,491
165,606
11734,131
205,580
277,709
217,703
198,395
174,999
216,743
137,446
217,696
219,744
213,444
102,513
149,753
218,539
199,678
212,747
196,596
218,605
182,460
219,682
89,447
151,420
141,596
212,696
181,735
198,724
201,435
214,444
190,593
200,623
193,620
157,761
201,749
209,567
206,427
95,1110
98,1373
197,559
246,560
282,445
217,466
86,467
246,623
181,588
199,403
226,527
101,579
201,404
215,490
221,446
189,631
166,784
220,712
214,503
213,475
199,549
278,687
183,407
262,423
188,546
201,476
100,765
218,662
209,693
12184,127
216,655
162,769
216,854
96,667
175,602
196,516
168,377
221,589
169,684
94,758
133,469
89,482
196,630
281,876
197,790
205,804
202,515
228,711
178,382
276,666
215,394
169,552
215,620
197,710
201,653
197,555
213,551
198,762
197,570
212,538
196,694
218,718
205,607
197,334
118,464
199,686
217,1006
214,676
213,695
217,575
214,665
222,673
221,484
213,318
193,642
134,577
213,549
180,694
198,422
206,437
199,746
197,630
198,681
200,407
217,616
164,417
134,612
201,664
149,806
279,692
202,470
279,689
177,605
151,981
277,460
205,389
103,917
200,540
12163,128
183,512
233,613
167,453
213,493
215,525
217,462
280,569
90,467
218,673
199,674
221,705
202,576
217,711
90,495
125,426
215,376
146,685
12525,158
218,651
12524,127
213,830
86,526
277,396
199,468
167,661
216,395
12154,126
184,632
118,943
282,962
279,550
205,674
214,634
137,605
205,681
134,627
98,536
281,735
91,501
218,507
166,635
282,761
216,641
218,798
218,543
209,778
264,634
216,747
179,472
196,525
183,421
186,460
184,763
181,442
166,687
215,793
12139,117
199,712
216,701
89,682
186,721
109,953
198,374
225,468
197,664
201,612
12211,130
183,669
167,498
213,557
125,548
197,537
199,695
129,817
198,607
196,497
198,809
214,868
197,382
97,677
198,633
202,468
181,599
210,683
182,443
214,696
161,545
92,848
202,612
214,701
163,703
199,597
246,486
278,359
167,635
202,779
198,389
275,587
216,416
199,712
201,454
197,742
281,822
214,539
229,695
169,823
197,595
213,377
200,681
216,541
218,684
178,542
205,438
214,405
216,974
279,528
200,529
214,700
187,959
230,727
167,788
218,927
199,760
215,589
163,527
248,483
12499,192
116,957
221,632
97,631
199,623
100,380
170,618
94,694
199,753
215,386
196,729
11642,147
183,766
201,352
199,896
133,360
200,722
197,447
12049,150
263,293
196,623
12154,165
196,516
273,658
214,724
195,661
199,461
185,855
218,832
166,736
227,541
228,614
197,798
221,777
211,753
214,562
278,663
114,709
245,665
199,416
12418,215
218,509
198,478
196,391
9859,132
198,382
92,881
215,771
169,418
97,837
216,986
199,395
199,575
167,358
170,531
229,635
201,555
278,573
182,692
213,359
165,398
216,802
12156,128
12524,177
212,404
220,490
217,511
220,839
215,637
215,891
277,666
182,602
174,350
214,637
279,612
199,573
184,939
201,699
173,577
176,683
201,449
217,647
276,579
216,589
215,882
198,498
215,701
279,752
12049,165
186,733
215,548
92,594
281,768
206,739
213,644
200,577
217,993
182,352
217,409
197,716
214,883
210,752
94,794
182,576
215,534
237,557
202,431
278,568
216,562
118,465
93,682
201,443
214,471
280,594
198,708
166,719
148,603
199,458
86,1514
193,566
221,613
103,471
198,713
199,663
175,606
193,599
215,523
245,724
197,648
168,626
98,780
198,702
278,659
219,620
221,651
198,525
214,431
217,871
167,721
214,649
12655,122
199,518
198,857
205,535
149,601
230,548
189,471
201,728
12154,177
197,698
278,771
231,508
201,488
196,545
221,420
193,319
184,696
214,530
105,986
277,756
179,503
135,929
183,461
277,664
181,552
84,526
263,590
189,448
210,687
91,722
241,783
165,496
134,684
121,898
214,746
204,644
150,549
214,934
278,565
197,437
177,781
209,399
175,720
186,444
198,664
86,637
280,497
279,629
280,366
168,665
214,703
197,749
242,698
12364,126
213,773
193,706
195,625
228,712
199,549
214,746
149,468
163,480
176,620
217,455
182,687
195,516
94,600
281,902
219,548
196,436
262,723
90,392
125,423
212,555
215,517
197,502
202,674
140,424
99,447
93,666
213,916
245,1028
94,759
182,798
279,556
197,1014
214,564
244,750
214,463
213,799
217,671
94,1019
205,544
212,532
133,646
99,673
201,679
195,756
167,637
202,745
163,647
166,536
96,781
277,704
214,758
81,566
279,481
275,406
91,669
217,629
273,645
281,785
219,828
199,462
183,758
167,720
170,621
211,683
214,566
211,450
216,619
219,620
11961,221
213,792
217,281
169,445
169,588
141,363
218,559
217,542
162,538
148,666
201,558
185,644
209,623
230,1281
213,740
281,425
167,526
212,481
218,786
12524,93
130,490
215,497
218,744
199,643
214,596
166,533
246,684
169,741
198,537
138,510
215,533
86,895
217,514
201,545
217,344
212,563
217,491
201,791
94,457
213,536
94,615
214,454
165,556
277,768
121,510
8081,130
280,550
179,477
184,669
218,668
9858,128
183,786
168,542
202,663
231,767
278,389
94,463
90,990
201,535
277,487
118,830
201,680
105,406
180,401
230,772
214,672
217,464
180,463
215,651
84,527
273,694
198,677
146,1204
247,513
214,1224
121,734
12499,163
228,947
167,660
182,734
131,444
219,651
209,396
196,480
199,461
199,520
213,760
11899,176
213,398
215,538
106,435
212,584
206,630
197,508
278,751
198,711
215,427
210,426
237,365
217,568
93,780
99,528
201,581
88,643
198,579
197,783
218,599
214,545
212,466
197,458
221,554
221,482
222,345
197,563
214,408
148,735
166,423
213,507
194,689
197,874
201,707
199,598
11871,149
232,818
214,767
221,529
206,546
209,539
12644,130
120,604
201,724
199,726
221,598
199,493
198,779
213,644
197,451
197,650
173,882
165,402
148,606
214,566
198,361
105,609
212,765
198,831
169,478
100,716
134,460
134,454
217,472
196,822
85,390
149,736
217,364
198,566
201,678
215,509
215,746
133,485
198,775
97,616
134,671
214,689
277,619
145,718
197,609
151,544
222,446
222,521
90,620
199,448
165,581
100,716
94,588
261,501
214,519
217,275
197,623
214,630
186,538
209,672
202,659
245,771
215,379
277,457
218,687
215,570
198,399
278,685
222,747
173,686
118,748
199,773
182,697
101,524
201,699
181,777
214,739
278,548
201,367
11926,226
125,615
132,646
285,474
184,887
209,876
85,522
198,499
176,659
199,443
212,532
12049,150
198,593
182,696
97,615
184,400
95,795
277,731
230,490
218,798
185,761
168,578
278,389
184,571
209,775
281,540
89,474
197,656
101,695
182,611
106,374
165,616
226,728
165,602
217,613
214,759
199,529
95,636
118,655
202,448
196,979
263,487
231,529
214,574
213,610
12217,114
181,540
216,441
218,835
228,587
215,990
166,667
167,729
198,723
222,893
217,568
198,454
209,670
205,592
214,1028
215,570
165,491
275,808
278,760
215,541
280,625
170,610
199,756
137,530
280,610
182,667
99,885
228,757
94,765
237,667
183,473
93,597
214,443
217,626
214,739
241,489
266,605
182,467
89,804
165,534
197,601
215,513
261,644
177,608
172,631
217,580
197,753
166,622
183,542
98,931
249,521
214,673
230,631
12525,135
201,429
281,741
198,617
163,752
12154,161
199,584
185,467
152,548
197,729
205,587
131,407
166,524
182,501
234,822
198,692
173,564
105,354
217,454
146,493
151,634
221,728
213,558
198,506
148,578
218,549
214,463
250,728
109,567
217,554
278,699
229,481
193,878
197,450
95,640
198,426
214,676
177,404
182,453
281,1312
205,563
165,451
265,640
197,706
278,667
278,646
198,640
201,478
169,735
218,586
218,732
275,701
210,622
185,439
106,1007
97,496
102,406
12524,93
196,588
209,594
215,582
218,675
230,458
214,501
209,405
213,569
214,807
166,847
195,595
280,613
214,825
180,753
122,640
12655,124
209,658
200,1082
214,631
182,638
221,544
213,449
278,822
91,410
166,719
101,611
215,444
216,606
166,497
166,676
183,354
99,744
103,700
278,643
216,793
219,985
230,556
199,481
103,454
214,504
281,540
215,557
85,706
231,699
165,500
215,795
213,452
278,530
202,577
199,587
200,428
92,828
198,510
200,469
215,531
214,643
193,599
190,521
212,591
196,449
145,378
245,722
166,709
195,408
199,576
212,409
116,558
218,832
182,499
197,604
205,444
190,586
213,703
182,607
100,408
214,613
197,395
93,411
198,718
201,802
212,455
166,443
217,287
185,706
221,561
117,385
101,1005
285,924
201,614
12211,134
212,618
12364,106
198,514
209,620
89,550
226,682
215,577
93,604
121,519
278,533
280,758
214,450
12184,161
278,1017
134,883
229,748
214,580
212,785
172,733
215,632
198,662
103,617
166,594
195,620
263,683
216,741
134,557
199,599
157,430
91,747
230,405
149,426
212,588
95,375
279,701
281,424
246,910
167,643
168,811
166,602
278,643
218,615
212,541
12525,131
198,547
201,571
227,526
150,538
280,474
119,650
216,718
197,752
196,583
222,745
162,712
214,638
205,656
217,423
215,430
198,703
89,466
130,656
198,495
199,588
201,407
98,797
152,918
280,783
215,660
218,635
214,685
199,529
215,570
281,451
217,684
149,574
170,726
201,669
143,570
198,381
217,603
214,420
121,804
88,451
165,607
214,620
273,772
214,547
276,795
213,563
198,760
197,349
93,714
199,598
215,631
165,579
12184,185
277,583
182,707
276,374
199,657
161,462
198,654
285,590
196,441
94,668
237,365
215,616
90,462
170,648
183,624
181,740
217,650
143,587
179,582
217,605
200,762
269,518
145,710
183,542
213,617
12184,95
213,371
210,796
197,458
221,678
214,569
11904,112
199,730
95,669
273,933
167,603
214,484
183,572
205,674
215,596
182,520
214,413
112,619
91,717
216,349
94,412
260,562
117,872
199,740
230,501
215,461
116,957
198,387
11642,214
122,867
103,796
214,616
218,619
95,505
214,599
201,739
182,426
169,525
253,733
216,498
186,474
233,438
131,448
150,380
215,621
196,490
201,789
131,693
217,506
162,438
182,616
204,548
217,397
234,774
198,457
221,575
88,585
214,503
155,552
102,402
12377,148
198,388
121,474
213,438
127,606
177,438
202,664
137,414
161,484
278,595
197,581
198,670
163,719
202,568
182,744
212,763
213,748
215,613
99,600
197,518
214,504
197,760
137,608
91,551
277,440
128,495
201,648
215,526
217,704
199,650
166,457
193,922
217,443
200,625
95,527
114,543
221,745
275,759
12448,109
169,687
217,740
171,577
11904,119
213,429
214,368
190,774
180,406
221,604
202,469
88,562
209,644
87,864
231,628
157,572
169,359
184,692
9859,165
185,481
225,704
199,525
214,659
213,748
93,631
278,656
278,616
185,445
181,911
152,562
253,717
245,799
217,429
202,591
141,603
193,609
95,568
198,577
198,804
213,582
210,586
197,426
169,544
12015,125
101,917
92,646
118,627
136,574
193,692
215,489
213,759
177,903
181,449
197,796
277,743
237,582
100,651
150,574
277,1545
189,410
201,448
213,635
87,639
215,800
90,607
198,415
222,721
181,642
213,812
196,405
198,495
198,522
277,597
231,963
198,391
11743,168
181,483
201,467
125,501
215,628
214,621
199,405
209,419
214,477
212,1071
87,745
202,480
216,712
196,475
237,556
183,556
277,609
214,426
201,489
222,608
213,447
198,650
215,734
197,587
278,674
93,637
197,620
276,556
162,576
164,450
264,635
12211,168
188,575
211,654
185,548
277,397
110,407
93,679
214,501
217,885
197,538
277,359
215,588
213,543
214,599
202,625
197,542
217,605
196,601
277,564
174,682
182,413
198,636
181,448
193,629
93,595
217,782
265,709
237,380
214,489
92,547
213,609
91,508
273,865
201,603
180,698
149,762
215,757
217,590
200,542
277,482
148,671
212,420
168,767
131,843
216,460
104,487
280,616
230,576
95,777
226,911
285,933
153,552
214,492
12418,177
218,1005
167,804
215,891
148,788
148,868
199,466
213,528
152,410
279,673
195,634
81,566
205,737
95,415
214,547
282,735
210,605
219,776
232,613
217,523
88,584
214,408
180,483
231,583
193,675
238,425
201,777
217,546
93,521
198,589
202,534
148,1009
135,568
217,525
211,681
169,641
214,373
230,417
214,641
199,516
213,364
145,571
214,668
233,677
281,704
199,632
165,591
197,415
250,620
200,677
94,637
198,605
201,575
199,550
215,432
282,632
199,746
203,620
217,397
193,739
110,522
197,515
215,708
212,661
183,720
205,429
248,1407
203,552
199,416
201,679
151,427
166,682
216,522
153,995
95,522
215,409
11904,125
198,470
181,483
216,808
213,1120
212,414
196,653
282,650
199,389
214,560
202,811
219,743
12217,111
138,808
198,702
217,947
93,771
11815,134
237,651
198,632
279,600
125,818
106,578
201,818
158,420
218,272
213,566
169,476
230,530
180,463
198,708
214,452
218,606
221,717
214,456
149,793
214,792
166,439
199,533
197,801
129,803
181,1008
94,742
198,937
201,628
186,366
169,480
222,450
214,571
198,789
134,684
97,694
206,694
198,500
197,745
82,481
94,369
198,614
197,488
209,673
217,491
222,776
201,609
214,951
181,662
230,764
277,609
201,679
249,766
215,514
213,639
285,927
198,565
221,658
91,572
85,702
136,502
219,613
215,466
214,647
93,616
221,670
216,511
117,446
238,591
196,432
276,714
249,847
213,486
198,591
230,608
281,540
169,583
201,620
179,518
218,540
199,700
85,793
150,665
264,682
150,680
96,793
151,541
214,437
86,517
150,777
196,729
169,433
199,368
216,734
201,491
228,596
201,547
281,525
219,514
206,661
217,703
213,602
214,441
165,557
198,486
215,449
222,692
200,477
172,533
184,1872
154,640
209,638
193,707
180,751
281,802
167,770
219,675
213,420
201,564
199,625
222,791
182,647
96,686
186,750
92,638
221,645
102,665
198,445
222,463
12163,141
249,463
206,400
189,655
197,512
96,357
281,715
198,388
198,513
165,359
213,466
199,645
214,638
198,699
87,623
89,707
217,596
213,558
182,423
196,562
173,763
197,462
209,530
133,518
215,729
199,517
151,705
98,716
138,668
92,631
110,751
199,468
269,591
277,983
166,515
196,622
230,641
214,460
213,472
86,586
199,532
197,529
214,501
11961,129
218,614
138,374
169,667
183,437
213,462
214,611
198,557
201,658
185,578
147,476
280,516
11871,228
199,908
166,427
169,554
165,762
173,638
201,456
277,721
215,749
197,451
211,528
170,718
168,508
248,615
202,537
12184,173
213,500
166,609
199,689
134,601
12278,118
215,677
202,559
12377,127
230,906
198,661
181,478
167,826
199,661
209,995
214,478
196,400
214,424
185,575
193,681
213,661
182,890
12154,174
215,646
214,444
181,807
217,526
221,1008
182,689
209,454
217,503
199,551
103,592
166,793
199,473
190,609
101,617
221,718
217,897
215,600
214,489
245,973
273,516
183,473
183,713
279,700
214,663
195,538
281,394
261,785
218,808
218,679
281,631
182,665
222,626
215,502
221,766
214,524
134,512
202,592
185,390
215,439
198,477
165,647
216,815
200,460
205,456
198,474
12364,128
11642,163
219,606
167,425
173,593
225,596
200,719
106,879
213,822
217,460
196,573
215,501
197,490
278,493
198,514
248,613
193,665
213,432
186,585
172,596
92,699
182,468
209,764
213,806
165,631
279,556
94,861
213,612
193,421
253,582
198,495
281,773
201,428
198,605
113,449
198,787
217,567
215,658
214,471
95,770
279,681
95,779
212,429
280,600
222,368
249,631
197,469
12448,136
197,860
213,604
97,549
105,659
93,639
206,671
201,701
217,754
200,706
198,565
173,445
214,848
214,524
214,676
83,566
198,539
206,451
217,616
278,578
183,624
213,416
12535,154
199,517
12655,129
199,835
96,333
198,590
185,402
217,526
217,794
89,799
193,643
169,678
102,581
149,391
217,397
277,528
167,702
178,681
181,708
214,466
92,640
199,365
215,593
282,567
212,540
277,829
273,684
12364,138
201,667
279,675
216,498
167,410
221,601
182,573
12364,129
197,377
173,726
214,494
199,489
218,579
91,474
182,663
200,461
202,385
201,456
197,510
170,706
184,400
96,641
273,733
212,914
164,666
212,502
92,818
153,924
95,604
181,532
150,912
103,637
279,684
214,795
185,602
280,706
218,480
216,516
100,470
201,481
202,369
97,677
230,713
197,793
197,687
109,636
166,646
215,549
149,663
101,650
175,517
170,509
182,459
101,575
201,577
281,477
217,434
218,679
185,683
221,767
185,429
213,477
225,636
218,615
199,954
213,481
212,427
198,646
195,533
214,477
214,512
199,469
215,590
170,481
213,601
214,616
229,585
118,719
199,402
221,718
218,359
150,439
199,568
199,535
181,685
217,663
199,467
137,946
220,549
219,638
199,466
201,684
86,615
201,494
178,539
212,882
213,518
214,684
249,655
278,522
12163,135
84,466
100,486
212,549
118,689
227,599
212,413
218,637
105,755
183,508
201,652
275,667
214,628
213,581
95,839
170,660
222,581
180,618
199,551
215,555
200,703
198,664
248,383
12154,219
279,439
137,629
182,525
185,414
12139,121
280,657
282,677
217,389
197,718
201,460
197,585
279,486
94,694
202,667
200,629
214,670
263,730
201,403
205,659
198,519
215,649
11871,130
214,439
12015,148
205,790
174,674
86,965
11926,134
133,702
200,763
214,820
217,503
282,578
12364,129
214,576
134,589
165,466
93,487
211,492
214,562
198,720
265,535
200,933
214,684
97,564
222,660
167,596
135,753
201,432
209,639
200,657
182,548
201,683
213,566
278,617
193,512
221,500
214,574
92,485
198,363
12154,142
166,518
218,805
149,545
218,679
199,406
101,477
217,581
99,880
246,496
201,745
197,379
214,467
11671,149
198,612
217,667
102,325
211,1168
230,564
183,658
278,341
232,686
215,604
198,602
193,466
149,388
201,485
199,585
215,542
148,611
218,469
12184,142
195,657
214,513
176,939
215,507
197,512
94,440
88,683
114,636
162,769
12535,165
95,568
225,574
129,489
219,744
213,602
114,587
281,650
197,359
92,565
94,728
213,493
209,366
201,413
149,753
185,459
199,622
276,497
172,529
181,529
196,747
216,826
164,570
221,758
197,627
157,500
285,499
11871,117
217,523
218,709
96,883
201,475
92,620
217,823
111,644
205,577
199,407
11904,137
234,420
214,454
12377,151
97,194
197,367
198,552
167,582
100,689
225,742
218,702
88,601
201,476
219,868
166,426
198,1005
169,552
227,633
277,814
215,694
205,673
194,889
12644,141
214,737
198,663
125,708
215,655
169,544
213,608
181,378
198,634
211,477
197,646
165,609
169,733
214,655
277,515
181,526
198,620
92,591
198,483
90,722
91,587
118,835
217,924
233,833
185,749
166,729
213,1138
92,659
242,594
167,554
219,667
214,506
214,624
98,874
278,686
222,609
217,663
200,515
193,567
197,567
95,809
182,574
221,465
200,559
166,677
215,818
202,548
164,828
196,663
197,451
221,419
197,583
184,618
141,524
217,533
202,500
205,703
221,403
206,445
198,371
198,604
197,614
94,647
201,533
183,521
198,765
180,654
182,458
228,542
221,559
220,778
278,520
282,621
185,487
154,635
217,700
201,655
213,426
185,433
213,775
198,802
183,738
91,717
229,740
221,701
12644,169
211,653
169,741
214,603
199,346
162,446
281,533
199,620
166,508
151,420
199,663
201,766
201,680
185,494
200,376
213,476
218,689
165,516
166,484
100,765
200,600
278,745
169,579
201,465
164,613
216,685
205,667
230,581
181,609
98,1160
201,540
198,631
132,472
215,647
230,510
277,576
197,572
200,527
215,727
12163,202
185,498
180,763
212,515
277,592
221,790
218,1065
215,588
217,657
245,713
216,767
198,595
217,400
167,866
12472,133
198,613
114,668
150,659
12163,156
130,404
199,692
197,654
141,455
215,555
214,621
165,727
212,629
229,535
172,464
198,490
214,908
181,383
214,674
154,679
278,576
182,795
215,409
217,630
102,517
200,732
169,759
214,592
214,467
213,359
150,598
198,459
182,549
199,451
198,636
198,465
200,957
149,530
121,1007
198,538
198,440
247,680
202,679
214,571
248,615
196,518
12139,112
217,663
181,905
286,480
274,784
198,542
205,640
214,606
214,455
200,505
181,680
276,726
197,566
171,513
221,710
202,593
148,465
97,571
181,672
130,646
134,364
182,762
166,698
213,566
197,847
218,777
221,391
125,570
197,638
220,653
150,648
126,701
278,560
172,583
161,451
116,558
181,1137
193,456
277,529
169,638
165,673
217,782
246,746
198,462
197,504
263,597
100,470
206,461
222,439
227,829
189,660
119,566
167,578
221,786
193,551
213,402
197,437
198,525
213,456
196,518
210,755
262,816
165,738
218,443
198,632
182,720
119,772
197,411
198,471
226,663
183,552
218,704
199,480
217,768
149,514
199,582
153,896
205,618
186,972
266,659
195,473
196,416
95,679
182,469
198,603
214,564
179,470
91,273
200,577
150,537
146,704
197,601
278,641
198,679
216,736
281,762
180,618
217,403
233,701
278,562
134,364
153,656
199,517
152,809
200,528
221,867
198,869
214,458
281,647
195,756
217,838
196,685
117,1091
152,541
86,576
167,707
117,448
217,654
278,692
215,656
222,467
220,831
102,735
198,503
217,537
198,595
119,704
182,787
214,420
106,662
95,804
92,641
182,1187
218,577
232,619
149,742
209,503
222,488
217,653
142,797
234,567
199,711
213,477
218,465
150,388
12418,138
275,595
217,507
219,429
198,562
12644,149
102,879
198,666
185,607
205,618
197,418
278,459
213,649
214,581
215,430
280,647
217,392
278,550
222,487
197,546
197,468
166,669
145,720
185,837
147,566
119,553
173,773
214,463
134,647
215,560
215,643
215,403
197,673
88,522
199,462
216,842
12472,131
198,625
12472,146
215,601
201,746
214,392
213,659
200,595
193,738
233,605
173,593
215,853
149,646
118,376
167,506
214,529
137,1024
217,490
12016,141
151,473
156,523
95,695
198,781
214,705
227,428
217,772
185,1093
215,403
114,676
201,670
115,697
134,649
226,417
280,546
12217,124
199,848
201,635
12211,197
185,453
197,565
198,396
218,440
199,444
97,511
125,745
167,565
215,443
167,846
91,766
199,624
173,593
217,448
278,415
218,528
214,644
181,741
198,441
182,518
214,1107
197,564
167,671
201,446
213,414
145,558
229,512
197,518
151,729
12285,123
221,694
277,788
204,758
177,391
88,367
97,768
166,422
188,575
95,662
212,449
178,627
92,423
169,463
213,539
116,580
218,707
150,682
86,592
169,512
281,854
217,796
181,708
198,583
201,796
182,516
197,656
181,587
228,683
221,777
200,733
197,801
137,620
164,609
221,544
198,430
137,759
214,391
218,490
12407,150
280,875
173,639
215,698
221,962
217,520
185,576
110,314
197,640
277,692
213,612
274,470
105,468
201,397
163,570
87,874
195,415
197,443
196,764
190,718
162,601
219,1261
213,510
164,507
89,692
177,653
136,893
213,428
165,451
151,718
197,733
105,447
234,575
214,453
277,643
93,276
215,606
217,520
93,612
91,484
211,436
197,486
97,333
218,442
217,403
246,747
101,541
280,725
217,782
12285,126
101,462
217,642
163,433
209,713
217,455
213,493
12154,138
193,817
213,1087
137,620
216,606
186,450
214,585
216,1086
170,781
173,550
217,408
198,666
198,718
197,622
214,700
199,567
174,646
185,938
93,604
173,495
195,651
245,842
90,457
141,827
214,527
214,422
201,448
213,449
202,772
218,614
197,529
214,616
216,473
12644,221
91,561
198,829
199,685
209,537
276,760
217,439
95,545
217,445
215,432
147,465
218,455
217,703
178,425
198,745
199,608
179,831
218,557
171,476
134,593
97,517
198,481
85,564
201,490
198,450
181,516
155,491
12644,199
214,466
92,713
217,449
129,937
198,636
94,652
193,605
109,953
279,586
215,718
228,513
90,908
219,706
214,717
178,570
216,387
214,664
212,397
205,677
198,885
12139,118
198,357
12132,170
212,455
109,544
177,749
198,753
196,676
148,636
278,801
181,519
197,649
214,427
202,721
197,701
218,543
234,718
198,702
217,407
219,894
92,760
12015,172
279,503
214,523
198,685
198,557
119,387
183,668
200,930
101,443
214,936
179,427
279,539
198,586
282,639
216,513
229,710
245,713
214,608
148,341
166,733
213,512
221,542
134,845
177,690
201,668
94,425
183,668
11904,112
170,567
153,516
217,682
197,477
205,674
214,777
12499,131
167,674
97,676
247,575
217,631
221,735
215,535
213,548
216,457
92,516
199,762
178,688
231,479
225,534
161,455
180,555
215,596
109,703
12211,138
117,523
11871,129
213,642
150,407
198,583
232,1027
183,612
181,708
247,674
97,499
190,511
110,605
171,644
218,602
214,484
218,615
11743,133
218,590
214,536
219,649
130,524
214,443
213,363
166,366
215,866
168,471
199,421
247,569
197,594
12524,138
213,563
185,548
281,810
165,567
218,712
205,277
201,486
218,489
137,610
201,430
269,591
149,650
86,687
278,554
12217,136
217,697
220,597
221,790
169,707
104,383
211,410
240,603
91,525
199,712
209,558
197,788
201,477
232,1315
129,695
215,423
183,480
198,383
89,610
196,724
221,885
169,604
215,645
218,639
199,609
214,785
215,573
177,597
238,552
202,480
217,648
167,506
214,722
214,677
214,415
87,312
221,712
212,812
281,1068
202,394
198,451
86,469
253,737
98,592
181,780
198,531
197,365
94,572
12217,131
109,820
121,638
198,648
152,669
184,562
212,914
198,630
213,726
199,835
198,417
12472,145
216,938
205,514
213,482
221,651
199,610
205,475
278,580
167,445
220,512
94,622
96,404
197,531
12217,158
98,533
198,717
198,509
200,602
149,491
213,635
115,1014
276,666
214,492
199,454
214,937
198,811
197,716
217,733
214,597
12154,154
12524,168
198,626
181,419
196,486
168,558
185,504
198,681
247,439
166,648
198,711
212,645
202,494
164,558
182,491
184,400
201,906
169,535
230,624
217,759
201,733
213,916
197,624
198,479
230,593
201,782
217,598
12364,129
230,501
86,650
188,674
158,366
197,598
198,673
165,506
138,745
217,612
246,699
217,469
209,666
193,455
198,591
214,404
214,636
166,679
218,634
212,797
230,588
135,625
134,537
201,649
230,525
167,402
137,620
277,458
161,570
166,802
216,922
12644,249
199,489
134,540
213,395
12211,137
214,549
216,689
214,716
282,665
97,848
209,887
198,613
165,636
279,563
12407,183
150,662
233,810
213,697
150,541
166,388
179,561
221,776
153,752
167,469
282,534
214,384
198,880
12139,125
216,575
221,813
149,429
198,688
280,848
213,746
210,703
217,654
198,562
165,599
280,663
215,359
214,663
213,823
274,533
92,424
202,589
218,517
149,646
230,696
90,439
216,842
126,620
218,559
154,691
198,611
199,691
181,481
95,842
213,484
278,449
201,687
198,572
214,553
218,731
161,615
105,444
12217,141
222,390
182,446
264,635
213,552
280,366
170,405
196,672
278,616
218,693
87,639
139,576
214,425
181,653
169,692
212,629
182,408
232,458
198,624
148,752
198,829
200,345
214,373
151,890
166,525
228,513
182,576
201,751
131,375
107,611
213,531
169,635
9858,163
214,929
219,874
111,446
197,499
201,507
12163,162
201,688
189,743
215,508
133,670
197,399
183,393
166,523
198,522
213,603
185,688
199,602
198,503
93,528
121,476
214,958
261,584
213,470
201,366
197,650
169,615
12217,114
198,527
201,397
218,412
200,519
218,668
172,640
174,782
211,528
112,613
133,642
217,329
153,376
201,581
274,435
94,692
218,619
281,493
222,658
89,529
151,444
221,892
94,819
214,477
167,392
126,928
221,795
134,748
214,569
206,510
201,810
219,710
202,652
178,565
172,673
199,436
221,437
214,594
216,444
233,457
166,706
109,544
214,471
216,581
204,522
200,476
220,687
216,664
212,516
216,729
214,565
225,919
214,502
211,656
201,703
195,460
213,536
12524,133
198,601
227,2017
205,613
279,688
87,993
215,662
198,946
199,408
199,560
281,654
165,534
143,796
199,561
215,598
149,719
92,553
197,346
213,775
233,646
217,1183
93,1016
281,818
222,600
199,782
210,738
165,597
198,329
209,560
89,610
214,777
201,485
202,545
169,931
97,560
277,619
196,573
86,669
231,373
214,406
231,615
149,445
250,727
213,747
122,569
279,945
178,764
198,570
215,561
164,612
198,474
182,518
180,448
186,684
201,1183
196,672
217,822
209,734
214,421
196,620
183,647
277,420
169,416
92,590
197,533
118,745
265,544
164,630
213,422
210,716
273,566
194,599
279,635
218,439
199,495
169,351
12418,148
90,938
182,725
132,1307
202,581
276,748
86,1010
262,705
196,614
278,906
120,730
265,688
92,742
180,688
213,436
217,463
232,811
214,708
217,497
209,756
162,802
217,539
111,444
262,844
125,727
104,370
201,779
214,931
221,676
170,433
182,503
169,908
219,654
167,630
277,647
195,821
101,834
273,909
197,415
262,535
91,814
197,706
213,841
279,523
214,626
225,637
167,606
186,512
190,517
128,467
213,383
197,609
201,740
12040,112
175,456
186,821
185,394
198,651
197,577
215,754
198,706
261,560
209,1220
198,786
180,842
214,427
198,435
276,650
277,1164
200,451
215,426
166,425
166,512
233,437
214,566
163,629
226,654
88,460
214,420
214,709
89,671
197,769
218,487
212,644
197,434
184,329
193,659
170,395
213,487
201,410
181,554
214,377
201,553
99,880
184,833
193,523
93,409
246,625
213,741
215,731
94,553
12418,114
12156,113
201,486
199,631
170,726
217,828
101,626
93,644
197,605
174,606
166,741
150,847
172,734
199,518
179,550
198,590
86,650
134,825
89,652
217,883
233,606
201,809
280,446
90,732
217,421
199,397
201,372
281,427
232,527
167,451
198,520
166,386
212,644
170,476
123,468
213,403
198,401
214,552
12524,125
164,535
201,578
185,398
282,360
100,546
198,548
88,633
11904,124
221,652
201,696
150,767
198,720
215,563
214,579
93,359
173,808
213,638
212,513
156,617
154,601
214,635
181,471
198,623
279,395
213,659
95,652
94,728
247,613
200,916
199,688
164,439
222,623
134,851
281,481
89,718
198,539
225,635
118,532
137,506
277,580
197,627
85,719
12211,138
217,615
199,544
217,942
279,652
198,554
205,449
198,551
197,992
265,344
278,1037
201,984
221,603
218,770
217,623
218,411
278,863
214,435
215,588
182,442
209,638
281,593
101,426
205,889
91,588
197,539
222,523
86,621
199,692
278,715
128,395
198,424
265,703
12283,119
197,804
133,1956
94,561
100,867
177,591
180,774
201,597
196,588
201,489
198,648
229,454
119,689
210,676
194,777
133,790
219,806
199,454
12377,149
150,561
181,662
186,656
196,382
166,624
184,444
169,699
219,794
213,454
12644,114
198,580
133,561
165,819
197,932
167,576
166,645
274,694
213,662
230,553
221,825
217,627
233,617
194,473
173,654
217,571
12285,127
169,409
179,450
214,629
198,687
98,965
222,673
12091,165
199,451
176,692
278,520
211,646
196,588
107,468
262,389
222,540
200,990
214,947
198,617
278,498
215,331
92,743
214,803
213,604
165,577
216,487
215,467
218,711
264,568
212,472
195,526
94,544
183,675
149,441
12525,155
200,536
214,451
216,456
233,1027
246,631
11636,153
232,564
201,363
221,934
135,778
165,630
215,476
201,422
198,769
93,623
201,678
127,789
174,519
198,519
279,847
12217,133
162,749
12049,135
215,468
216,968
221,511
221,685
186,565
198,653
222,413
215,552
201,411
213,523
218,756
93,639
214,643
226,733
93,643
134,474
145,378
197,450
214,648
202,459
173,481
221,589
197,759
221,508
201,618
213,880
286,714
217,639
193,531
213,497
209,597
213,618
218,785
214,859
216,625
210,428
215,486
214,612
219,523
178,603
102,457
185,424
149,612
196,395
214,479
161,735
217,620
202,515
89,610
198,648
216,634
279,734
199,633
201,472
237,498
175,517
118,746
219,704
118,725
219,522
278,780
198,734
215,710
198,654
218,554
217,350
246,759
126,497
117,402
12085,173
215,425
173,360
197,564
89,472
234,407
244,559
215,706
194,712
201,1027
180,778
93,534
216,802
273,845
222,455
280,646
142,786
216,602
87,565
130,575
198,548
215,741
212,702
199,474
216,390
212,427
198,476
278,887
165,662
125,611
168,361
185,578
214,603
230,996
214,582
278,341
218,810
120,518
277,760
222,505
217,866
278,636
202,837
197,569
201,516
184,549
218,706
164,457
12211,140
103,664
233,577
209,718
11869,122
172,554
167,358
93,604
201,1085
165,466
212,714
205,745
201,1027
95,363
214,568
214,467
183,541
213,1138
91,1018
103,890
193,554
197,643
89,682
230,589
214,387
222,817
217,476
282,700
216,607
103,727
276,634
202,836
216,896
221,822
183,603
198,699
220,713
173,577
180,875
161,789
278,659
89,701
199,674
93,932
261,709
11871,156
11671,191
181,436
202,811
193,409
201,691
149,441
129,456
122,487
194,906
230,819
197,426
218,622
211,353
113,720
217,644
214,719
12553,151
103,631
218,549
230,552
216,388
85,382
198,1163
222,675
205,448
179,499
200,485
218,675
197,448
114,762
215,455
151,542
195,843
231,1242
279,679
197,518
285,519
214,623
205,454
234,820
196,558
209,604
165,606
182,430
182,619
89,462
201,376
133,448
125,658
155,506
230,579
279,753
246,411
228,362
166,711
93,780
214,543
197,510
164,630
213,753
124,504
231,584
213,975
202,690
196,411
200,642
182,619
12455,141
216,446
214,579
218,458
206,629
217,641
215,703
151,642
182,501
213,573
172,501
212,557
172,884
185,648
218,603
281,721
132,663
214,530
199,533
217,596
215,581
214,422
12525,139
12184,122
180,460
126,794
182,658
195,631
94,957
94,653
217,934
170,708
170,489
217,719
218,655
218,393
149,932
198,508
166,439
185,565
278,613
193,584
166,516
214,522
182,585
213,902
261,1043
217,546
262,723
201,581
166,339
196,635
183,784
168,631
165,585
123,680
181,713
197,581
214,659
154,606
134,533
183,487
230,767
182,491
197,635
217,530
217,605
125,626
201,984
278,686
199,746
201,501
168,644
214,846
197,638
198,746
173,484
199,844
250,433
197,695
169,590
217,731
205,466
199,697
92,660
197,815
234,592
222,532
194,655
215,410
148,826
217,736
199,679
97,771
222,737
12524,149
99,759
199,626
151,626
206,542
281,770
170,388
198,719
184,821
278,431
211,638
200,522
257,555
141,333
109,689
281,713
102,825
205,446
104,666
218,647
216,508
215,619
219,431
198,648
218,674
198,609
231,593
277,749
134,442
198,486
278,864
197,631
214,461
209,912
174,496
201,575
103,643
180,782
257,524
198,403
112,768
206,739
277,605
198,668
180,902
218,395
194,889
197,641
12525,94
85,515
89,703
181,553
89,431
198,385
196,410
200,497
198,489
214,718
276,451
196,693
213,619
169,602
167,393
196,470
269,805
160,515
218,585
150,556
197,706
246,452
200,627
213,485
201,693
198,496
197,731
181,567
205,655
200,607
92,699
202,435
215,685
195,697
128,429
201,523
161,660
194,406
197,639
196,413
231,690
210,1588
165,402
198,399
213,385
197,608
233,1096
196,916
174,555
197,586
161,735
95,531
215,725
198,794
201,456
169,636
172,515
198,637
217,671
215,538
278,512
243,746
214,725
180,694
89,472
213,765
108,570
222,682
164,577
166,582
113,775
167,678
118,569
103,727
217,378
228,650
110,491
219,609
182,869
214,605
194,658
12455,114
97,448
214,609
217,483
205,639
198,521
199,640
185,425
226,570
199,552
217,490
242,576
182,711
214,870
169,583
167,502
198,759
280,704
198,588
276,591
153,751
197,526
218,786
278,519
117,642
215,668
153,719
215,442
218,636
12139,188
198,531
11815,139
218,919
181,378
201,534
170,444
173,591
199,534
168,435
213,700
273,684
221,629
276,562
214,505
215,549
218,624
214,482
198,673
166,388
214,446
209,544
205,496
202,577
173,662
199,405
216,507
184,442
281,629
99,685
212,853
169,278
213,502
119,686
86,677
214,511
167,585
222,463
183,456
162,601
198,521
201,938
175,571
201,635
166,624
205,691
262,492
201,632
278,888
215,484
214,740
106,771
219,806
97,757
177,601
218,552
221,589
131,804
221,699
132,770
198,793
212,463
230,756
213,750
12364,175
217,654
134,663
167,665
213,582
198,588
277,375
279,704
201,498
182,448
181,521
169,506
185,481
168,451
213,755
199,795
218,370
216,743
278,410
94,641
214,550
200,467
164,757
198,860
230,475
214,632
193,551
218,707
216,742
221,397
216,556
216,698
166,510
169,740
12285,186
148,1085
198,768
121,588
199,345
202,590
11871,171
212,559
205,470
185,338
134,725
201,490
209,441
197,703
216,461
184,409
104,628
198,654
181,487
165,612
150,506
214,418
216,609
86,502
166,395
96,555
215,746
11642,150
278,690
225,965
133,423
181,494
197,662
201,467
215,603
167,981
278,799
230,712
217,370
182,602
166,538
201,820
88,447
169,579
197,695
196,694
185,502
197,440
101,426
228,1015
167,619
278,435
217,832
213,637
213,613
263,928
178,543
197,557
217,407
215,987
205,700
276,519
201,908
214,716
190,757
215,548
183,467
200,593
92,651
275,789
92,765
217,352
215,387
186,912
189,584
110,864
168,384
246,690
231,457
94,671
125,658
196,531
214,492
98,762
246,784
216,709
85,676
214,343
213,567
214,473
197,745
214,404
12644,133
169,602
262,381
213,767
210,518
198,718
201,779
130,514
93,443
218,497
217,404
276,522
216,1067
222,548
99,570
213,568
12015,148
93,734
205,405
177,592
210,615
214,541
189,584
199,483
97,765
199,518
134,601
248,895
12184,210
210,424
165,456
199,673
214,535
193,678
116,576
218,478
97,710
220,804
212,469
166,651
198,644
277,492
214,819
196,498
170,412
94,632
233,665
181,484
213,774
182,486
222,637
231,668
217,554
11926,131
132,676
182,664
205,618
217,437
103,457
148,502
281,558
134,564
201,415
136,516
214,613
199,410
12644,226
198,480
12407,156
221,594
103,613
202,703
206,613
218,718
266,481
193,783
201,800
12154,215
247,599
212,746
193,586
220,538
215,542
180,615
214,594
120,454
217,543
232,1679
199,559
197,535
214,597
197,487
12049,157
197,409
164,583
216,513
166,457
199,751
197,522
200,475
214,670
177,387
215,583
198,447
264,662
93,471
101,776
12139,215
134,434
281,827
201,639
198,713
249,449
183,500
202,725
261,421
282,624
214,398
278,569
94,626
278,812
186,818
199,675
198,377
199,847
93,415
145,1816
165,774
197,1020
214,422
193,625
228,682
230,480
218,376
185,553
196,546
221,705
213,414
215,394
281,452
183,585
199,749
214,774
200,743
278,448
279,620
277,843
217,782
193,548
234,655
218,784
12049,152
279,384
162,601
214,567
12472,117
201,448
198,570
117,404
199,680
201,633
214,659
174,560
279,704
166,508
184,643
11869,151
228,855
205,708
179,523
198,738
186,492
229,857
246,747
143,503
197,359
213,519
182,548
229,651
281,463
217,480
215,467
210,1098
282,457
202,505
131,922
214,589
197,373
201,446
183,775
217,551
107,1265
220,1035
199,697
218,513
103,384
200,669
186,497
154,812
281,690
133,720
217,693
217,531
213,423
215,644
199,771
199,410
198,754
213,555
167,458
231,975
197,577
132,428
273,662
179,582
201,533
218,704
244,683
278,635
201,904
217,920
218,812
134,604
218,821
221,513
95,1110
133,711
277,670
182,382
197,677
206,437
12377,137
216,521
214,373
215,728
177,437
276,391
270,470
212,914
217,663
130,563
97,730
262,770
181,603
194,525
150,780
197,390
202,404
199,483
214,1923
197,464
157,1164
217,484
182,424
166,628
12377,92
165,701
181,790
246,764
198,536
217,797
12644,132
215,476
117,1066
209,890
278,449
185,534
109,544
206,352
214,1014
235,499
105,850
213,706
278,784
198,841
103,342
177,685
169,612
221,437
193,461
152,577
216,582
129,412
214,775
221,665
217,474
166,573
263,428
197,666
217,786
91,755
228,518
185,727
214,607
202,446
197,411
183,765
230,594
199,698
95,411
185,414
217,610
197,709
94,645
202,783
212,511
168,815
277,729
199,434
225,629
233,468
199,636
92,685
198,572
200,803
262,629
91,730
279,493
218,597
181,683
198,554
202,505
238,917
213,598
217,794
231,792
198,427
215,524
221,495
213,459
205,667
213,659
182,741
92,794
199,507
198,842
94,589
214,706
182,469
215,387
278,627
280,707
135,658
147,391
199,657
92,683
198,576
228,543
213,421
198,777
277,554
217,666
218,589
214,652
213,573
217,546
217,389
198,826
193,533
11671,133
201,644
170,610
164,713
227,633
215,445
198,622
190,697
150,631
198,752
197,561
217,554
213,546
218,544
213,567
218,641
214,681
169,576
261,609
196,436
201,638
167,379
168,803
200,607
136,576
169,623
12015,182
177,690
216,687
217,838
89,557
125,455
218,547
277,539
276,873
216,444
278,600
248,650
278,484
12154,239
161,768
199,529
185,815
217,610
214,788
98,518
218,417
11743,167
88,588
85,846
217,556
214,863
215,613
135,632
197,492
280,605
213,721
196,646
286,417
218,620
245,826
217,404
201,645
199,446
181,684
214,600
257,1227
214,619
185,807
278,592
214,651
197,439
167,612
182,539
263,540
180,523
12211,152
218,678
233,598
217,630
212,400
181,552
215,459
162,447
86,898
198,624
198,421
213,563
214,547
247,458
218,756
214,547
198,721
98,659
199,622
278,811
198,664
181,592
230,562
199,566
182,533
103,521
213,636
213,597
281,731
212,658
198,762
197,523
213,688
202,560
218,735
198,611
11926,234
194,605
200,583
176,683
175,944
214,784
171,440
166,799
221,649
212,738
278,393
198,683
263,425
122,615
213,599
201,624
222,599
215,878
198,650
175,549
194,677
173,670
218,668
140,984
282,351
280,531
137,656
275,589
121,588
199,470
218,587
221,721
206,408
198,428
110,517
149,499
219,979
201,643
221,970
151,448
98,604
85,744
99,557
168,534
201,607
12085,209
229,815
168,748
218,500
198,637
169,681
165,515
213,772
201,452
182,538
12156,130
216,648
148,752
168,627
209,475
182,626
218,863
218,918
197,604
97,699
181,745
277,458
218,693
11671,164
177,559
200,598
198,570
229,822
214,664
172,591
88,626
215,378
148,606
228,735
195,821
217,693
279,679
215,514
197,534
231,918
12211,156
278,512
200,653
215,516
263,422
214,653
104,448
12535,134
165,500
221,660
196,454
190,339
12139,117
194,584
200,656
214,522
201,624
93,796
199,660
214,466
180,706
184,598
216,670
230,567
186,518
230,494
245,531
276,494
12154,127
277,592
217,476
162,381
108,435
213,715
183,635
279,451
214,492
233,617
170,518
214,601
213,756
175,403
212,496
214,722
197,452
164,592
198,499
198,688
182,1103
217,405
221,802
199,417
189,446
185,838
221,764
92,501
93,747
215,490
177,594
213,765
237,651
168,423
137,492
276,857
201,397
96,726
197,393
193,594
136,576
215,423
104,576
198,720
278,539
278,382
165,499
85,777
214,406
182,597
11904,148
213,697
197,389
216,608
202,809
200,501
111,911
198,434
261,968
198,645
201,614
173,726
279,955
242,698
212,624
149,827
216,620
213,569
221,471
273,660
158,748
196,559
197,784
198,447
199,540
234,704
198,458
282,616
276,634
277,601
198,518
214,635
182,446
214,684
217,734
209,397
185,900
166,800
195,507
214,507
106,563
145,602
201,819
166,506
218,615
161,787
95,982
181,553
179,499
213,844
146,685
168,384
231,628
196,543
233,690
213,1268
169,684
166,569
12418,123
100,779
214,794
166,645
218,735
87,612
202,686
86,708
107,476
197,415
199,631
220,531
215,731
86,974
197,597
217,434
121,703
230,678
206,659
92,763
12085,189
221,554
104,444
215,701
197,441
286,564
138,749
164,619
282,562
198,518
285,418
122,640
180,336
196,497
145,610
202,396
278,481
218,697
112,361
213,440
200,476
134,615
172,329
221,872
213,491
205,511
176,561
165,386
166,452
212,763
165,505
198,474
219,700
215,594
273,645
164,560
225,866
216,689
214,484
262,1065
166,734
168,804
150,538
214,510
182,436
167,614
247,585
198,714
137,502
202,587
278,435
167,697
214,560
197,608
198,691
176,917
119,436
228,465
166,420
214,707
126,928
141,596
91,733
175,664
201,504
213,621
213,794
222,625
217,663
278,756
198,619
91,540
222,455
200,531
202,628
89,750
198,528
118,700
214,442
85,704
265,724
214,602
201,376
130,462
120,695
191,512
218,502
216,719
238,917
201,424
225,420
213,470
201,615
213,803
282,535
215,500
167,493
201,575
210,389
214,630
201,565
205,563
218,762
167,593
218,531
217,476
222,749
215,1024
95,411
200,630
215,898
98,624
280,670
196,678
214,409
274,470
201,521
217,481
93,700
197,490
214,608
265,829
276,1066
186,543
148,653
200,851
197,389
245,439
215,729
95,772
167,423
206,555
205,387
107,584
214,505
173,553
214,699
218,462
172,528
196,487
213,569
229,594
153,510
182,534
198,637
198,582
165,650
107,480
93,605
190,483
276,462
152,566
201,447
100,376
85,578
218,633
213,689
197,628
214,587
274,561
213,583
167,649
215,657
197,679
173,593
210,431
193,465
12285,137
166,1030
164,674
172,544
198,471
198,771
214,488
110,754
185,842
12364,159
89,603
181,542
197,810
214,416
217,753
209,756
281,605
182,801
166,449
11743,134
8969,120
215,612
214,607
247,575
217,759
234,926
87,704
231,1147
214,440
167,422
214,617
228,888
217,618
201,572
200,553
246,1064
201,614
221,712
93,788
198,630
213,649
221,692
198,565
198,538
217,882
276,582
214,659
101,758
201,501
217,581
198,619
266,456
233,527
148,432
280,469
166,578
273,524
183,466
213,677
218,665
214,608
184,941
164,450
197,635
222,638
90,630
219,552
198,378
198,448
214,399
215,1229
168,642
198,703
197,660
213,589
214,697
279,465
195,719
237,412
114,833
263,394
183,648
170,467
173,714
217,338
212,588
93,665
213,750
196,614
211,642
214,933
134,686
165,586
168,636
166,726
166,711
213,957
217,499
218,573
247,586
279,679
214,535
233,664
180,481
282,1064
217,845
215,480
173,631
120,756
172,474
97,581
193,582
262,570
185,819
215,772
185,743
246,447
201,1234
209,737
197,879
202,607
281,639
217,417
213,708
196,645
222,722
90,771
148,721
232,649
234,644
196,491
215,638
278,734
215,529
12304,144
170,493
214,649
182,424
278,627
217,524
181,653
189,441
214,735
202,688
131,602
196,726
85,380
198,613
181,508
181,421
214,409
156,523
105,986
117,626
92,561
274,640
217,876
217,624
205,691
103,363
181,466
278,435
198,868
210,583
214,417
278,455
137,506
184,638
196,672
182,664
12015,109
133,1131
181,415
214,729
213,565
277,775
217,664
185,569
232,614
155,651
213,382
185,559
214,418
282,947
121,900
198,673
198,505
135,598
198,570
201,415
278,406
148,398
199,703
180,551
89,592
217,849
157,828
197,656
214,614
134,439
103,583
94,633
200,476
216,620
279,665
185,679
133,644
198,462
198,500
106,532
201,675
279,550
217,460
260,567
153,734
201,826
198,677
196,346
151,497
214,430
278,596
198,771
230,401
210,530
233,449
214,638
142,545
104,1067
181,611
261,428
198,606
213,732
122,822
87,549
166,810
91,524
164,446
281,550
178,558
198,756
184,441
225,899
205,604
221,534
217,746
193,696
217,782
182,756
232,645
213,444
121,866
102,590
179,734
149,799
214,549
149,652
219,390
196,545
198,514
167,451
169,566
186,461
218,893
199,671
193,495
214,654
215,1069
214,373
205,489
221,813
217,803
12644,206
169,737
213,567
216,573
215,587
199,531
96,499
165,495
109,712
163,488
261,846
157,385
134,436
92,624
214,755
206,612
84,434
200,599
276,621
217,642
254,1107
182,516
165,778
173,532
98,734
12154,175
281,409
214,685
195,536
201,794
175,630
221,790
179,421
201,503
282,539
12554,141
183,641
12154,116
215,530
93,579
135,463
199,388
216,754
214,727
94,562
218,716
218,479
180,621
206,424
154,818
217,476
183,488
218,742
201,385
199,695
122,709
189,446
222,495
181,742
231,440
12154,108
167,420
231,661
145,610
279,537
171,715
165,687
282,600
165,678
133,923
189,688
231,364
197,502
186,565
199,627
87,468
196,614
175,564
170,625
133,536
12364,126
210,814
229,728
217,421
199,625
201,488
169,527
217,846
93,717
198,381
83,923
193,539
198,409
213,597
205,703
212,632
216,420
200,517
135,704
182,538
149,840
275,611
213,588
214,746
218,769
213,670
218,594
218,686
213,554
197,571
216,664
221,661
134,474
197,517
213,872
84,764
97,1018
167,445
180,637
221,472
182,607
217,611
12154,169
152,754
244,395
233,503
181,529
173,882
12377,129
233,810
197,620
225,426
198,696
189,490
164,776
217,458
276,1010
217,923
145,832
273,663
229,827
116,757
165,534
215,680
181,420
197,531
217,612
216,567
214,382
166,497
198,571
219,631
202,721
179,479
217,704
218,462
181,734
196,410
201,663
181,612
215,382
137,616
201,695
12211,122
114,636
215,656
212,701
218,617
155,552
150,831
217,767
182,675
112,747
198,598
214,597
198,646
197,593
217,635
199,517
174,518
166,648
214,529
169,612
230,1101
122,757
280,578
181,378
214,537
175,517
213,521
250,655
231,460
169,352
217,669
168,701
119,779
198,500
213,436
201,790
216,814
202,999
167,425
214,649
201,604
106,539
198,516
205,487
217,541
196,399
167,670
202,802
169,530
209,497
166,707
173,724
165,683
279,699
95,854
182,531
215,731
286,592
170,571
230,517
198,628
217,426
232,662
198,562
86,486
201,667
215,534
186,600
218,684
218,891
181,608
218,484
279,754
213,628
213,690
211,465
216,421
215,637
93,546
11642,166
195,493
273,846
169,809
248,895
214,417
200,568
166,366
136,893
197,540
246,647
179,430
165,525
230,542
183,474
150,1022
246,821
237,557
193,1070
181,636
281,525
206,718
201,574
226,695
12049,131
215,565
217,431
217,558
222,611
167,620
201,642
215,725
182,499
277,856
85,386
174,565
215,517
201,573
210,716
198,574
215,527
184,456
12571,137
262,601
278,615
210,738
174,586
11642,150
175,442
201,778
213,643
277,726
181,654
198,444
167,749
212,532
165,565
11869,149
198,579
233,672
166,589
221,973
214,394
218,416
94,635
278,493
221,650
98,866
229,611
217,726
212,662
199,715
217,658
97,588
217,428
218,610
154,770
216,371
152,731
212,401
217,772
197,412
213,454
211,409
104,383
181,434
196,727
275,802
199,663
233,501
213,741
181,552
230,712
198,638
247,437
199,351
147,497
212,699
242,612
199,487
221,629
105,555
221,830
214,522
265,703
215,513
217,568
233,590
216,624
214,643
216,433
130,514
213,680
197,664
193,606
12572,112
85,682
103,678
276,652
163,570
198,640
247,804
167,566
165,356
171,665
279,762
217,811
182,827
214,440
117,954
281,551
202,625
200,618
229,734
150,793
218,716
216,537
12154,182
225,785
182,505
214,385
201,472
214,398
212,1034
197,604
217,841
11871,228
12139,215
262,511
214,461
215,457
148,493
212,924
174,749
218,540
185,444
134,837
182,653
231,399
180,775
175,676
281,392
198,670
219,839
166,708
225,571
218,742
247,511
178,624
199,843
215,509
199,679
201,366
218,753
197,573
92,400
91,765
194,544
97,790
132,585
198,658
199,943
88,725
91,832
163,610
181,387
193,622
12139,117
213,745
212,571
167,612
198,560
213,437
92,624
201,621
200,597
181,484
260,552
229,611
218,622
215,536
218,668
197,721
275,836
280,615
199,675
205,423
193,476
127,432
9858,168
199,361
166,706
198,598
198,694
221,470
278,657
12364,119
225,775
182,925
11636,132
211,738
134,613
277,717
183,692
230,458
171,730
201,395
200,419
215,638
273,961
198,583
103,904
217,634
198,475
193,432
198,561
237,902
280,366
198,510
165,636
210,649
130,859
226,523
169,641
199,580
221,424
211,770
213,683
93,643
215,444
157,1164
198,673
195,534
196,694
12499,153
213,623
201,396
218,589
173,633
181,824
219,468
221,582
201,508
95,569
99,647
151,540
198,389
279,633
117,604
12472,119
123,552
197,559
218,706
213,871
197,464
215,687
214,650
278,441
210,554
199,467
196,832
214,531
205,542
107,868
162,734
277,729
182,522
209,811
214,597
173,501
170,508
119,656
93,565
216,778
86,458
217,546
213,601
184,464
201,564
175,698
105,802
285,1050
118,758
198,471
97,866
212,667
281,762
183,655
171,495
217,512
186,518
103,820
214,681
199,451
185,664
195,688
169,683
199,671
153,885
198,480
198,715
197,484
137,793
194,639
182,770
91,804
218,477
221,526
167,521
216,632
97,499
218,699
221,535
182,744
276,463
215,616
190,438
216,740
201,452
282,580
233,501
197,534
215,607
12211,128
212,841
215,650
206,548
99,663
217,379
180,698
277,794
101,1196
134,532
213,473
167,432
97,475
193,447
214,598
169,375
214,761
202,409
87,347
198,407
167,366
209,564
12184,173
206,706
153,438
280,721
185,534
243,1175
214,455
167,578
182,713
153,721
279,749
134,544
200,876
230,740
93,612
217,535
215,834
277,594
277,612
102,797
186,774
104,475
201,899
282,360
116,456
198,835
213,604
214,644
218,509
214,431
106,612
229,913
90,629
209,498
201,454
201,567
164,653
202,727
184,493
202,711
100,1022
221,572
201,385
213,620
95,627
137,633
87,542
213,608
201,697
217,423
193,987
263,655
232,549
232,690
152,340
199,583
216,416
129,412
229,798
184,419
202,477
184,708
162,535
11904,150
86,469
202,638
189,579
181,671
218,447
96,603
152,712
12407,141
217,797
182,425
197,508
97,837
277,465
12644,152
218,404
198,599
214,722
157,827
12154,143
217,554
11926,239
91,618
193,448
196,421
134,601
277,492
215,918
249,879
278,862
214,820
278,759
213,585
214,726
213,650
172,656
201,570
221,848
246,548
213,469
91,648
92,461
211,648
205,691
233,850
190,679
217,565
225,803
213,638
233,878
230,810
230,710
153,831
221,547
198,789
206,588
213,505
214,682
198,401
217,636
230,691
198,776
274,605
196,556
12524,150
214,403
214,574
220,506
229,1120
130,455
213,566
280,707
202,741
11926,156
185,578
161,478
229,748
150,376
199,679
166,687
98,777
205,471
172,572
183,666
88,700
185,751
199,624
177,690
130,345
198,527
218,540
194,433
218,763
166,786
246,454
221,835
217,677
11926,109
202,394
217,474
213,749
213,680
196,453
117,1066
213,452
183,675
221,537
181,625
212,811
176,630
155,548
213,626
193,556
166,700
217,1010
213,768
218,508
174,579
166,847
161,381
173,710
221,999
198,601
197,502
181,648
215,592
101,728
168,457
166,667
199,410
196,562
214,591
218,781
218,544
185,908
198,546
199,542
278,615
233,715
273,588
167,478
282,666
217,567
221,634
177,594
174,586
212,692
215,662
231,613
277,699
213,543
213,572
278,835
229,675
12553,125
200,448
93,536
219,580
281,1104
198,575
199,473
214,658
215,523
98,777
214,824
182,386
200,566
200,434
281,565
214,414
166,516
221,506
183,477
209,537
217,675
213,429
222,500
180,654
186,533
181,634
214,502
166,648
181,723
217,503
199,565
234,642
217,601
200,439
212,1004
218,750
166,523
197,877
197,767
194,456
225,712
11926,169
198,408
229,525
212,765
213,568
220,427
149,512
117,404
116,756
88,519
214,405
167,405
102,571
277,739
217,562
228,789
85,486
194,375
231,584
12154,191
213,715
102,628
202,534
121,818
12028,151
12154,135
184,407
215,393
196,503
205,708
165,705
175,632
213,354
213,775
215,752
198,420
280,598
198,387
91,674
217,527
98,464
214,470
196,452
221,728
180,543
214,698
197,592
221,596
199,671
198,572
198,493
217,747
175,688
105,468
217,780
93,822
185,627
217,370
206,694
193,596
215,521
148,764
129,522
217,778
164,479
201,442
214,549
149,747
101,751
217,834
12279,130
92,497
103,727
181,633
214,445
134,520
179,603
197,393
282,500
149,419
107,672
193,602
167,834
93,520
200,485
115,504
281,763
121,433
167,328
133,541
209,791
218,696
278,686
93,597
273,850
201,611
12154,127
200,1082
193,639
214,661
217,620
168,803
273,650
120,696
246,638
198,513
143,587
190,740
217,661
217,656
200,560
246,586
198,478
197,540
277,712
209,586
247,682
221,743
110,768
97,603
286,457
212,541
213,820
202,631
142,680
159,438
185,781
180,881
89,607
201,462
182,754
214,843
201,683
215,644
198,572
102,777
144,640
101,243
278,445
205,622
222,424
198,588
248,648
215,489
205,563
232,695
185,593
198,743
214,472
213,772
197,772
198,793
152,639
103,599
182,628
278,724
178,767
197,821
165,547
215,699
166,566
213,415
198,808
276,319
215,567
182,528
183,605
246,623
276,542
199,395
196,727
100,495
278,652
114,600
148,391
213,606
205,571
165,479
213,736
214,486
281,605
234,605
199,663
214,545
183,610
217,714
213,905
182,669
216,716
95,545
182,601
11961,217
216,769
190,424
215,513
214,546
281,741
217,764
117,724
199,534
93,452
204,628
165,553
94,425
214,609
211,443
96,628
278,548
218,775
219,733
233,1046
214,746
230,787
182,802
101,621
214,663
11815,152
102,628
167,847
218,721
95,853
198,363
176,602
210,467
164,707
169,472
242,612
154,562
218,493
232,695
226,1048
186,522
279,501
91,538
185,816
242,582
216,691
282,699
217,468
250,729
282,600
114,398
278,494
164,558
165,568
197,441
181,425
186,969
163,752
109,607
165,740
103,1289
183,797
177,716
216,620
278,438
198,586
185,523
97,342
197,601
230,746
97,535
197,428
214,557
121,608
199,569
119,460
198,736
12139,135
92,625
94,755
233,650
214,512
218,481
11734,131
156,553
215,694
202,732
280,366
90,513
182,746
277,646
195,562
216,688
105,731
212,567
169,638
217,476
158,1019
214,567
107,437
182,664
214,441
217,518
135,1163
170,781
110,483
201,575
165,522
201,490
245,621
273,805
211,758
214,769
197,715
231,494
197,373
12211,130
169,580
215,691
196,584
148,603
165,591
279,696
218,682
217,354
222,401
264,528
11904,237
214,644
165,513
197,599
218,578
12644,121
199,620
218,606
165,513
277,425
12154,219
205,607
12407,140
201,628
143,522
165,577
197,653
92,640
215,486
217,464
119,402
216,520
282,1370
200,957
201,592
103,398
102,858
230,594
94,755
215,690
114,517
12499,134
102,502
165,517
113,885
201,610
198,426
147,484
167,467
213,629
218,706
129,710
213,737
230,472
216,378
217,684
199,477
95,436
206,384
94,722
199,762
274,946
233,613
217,582
215,463
166,644
217,475
200,410
173,459
133,716
169,691
175,577
217,783
221,535
12139,138
221,419
217,426
277,661
199,834
101,1456
180,591
216,525
216,498
197,575
198,742
196,605
217,753
222,645
182,571
217,483
226,527
137,492
167,420
198,519
261,498
216,447
198,429
277,776
214,513
196,630
217,546
201,717
217,609
169,643
181,691
103,630
182,745
215,646
278,415
92,559
213,432
173,499
180,428
166,1000
201,613
170,688
215,408
166,497
197,475
213,1155
214,441
215,582
206,659
182,408
214,698
168,711
197,455
217,723
200,458
277,620
199,679
246,890
286,480
273,472
213,560
214,398
197,443
221,779
198,506
198,524
216,631
97,646
226,911
182,675
246,596
165,703
198,667
275,628
214,527
86,705
12524,93
222,727
246,910
245,445
205,618
151,889
200,618
216,498
213,478
91,696
196,464
183,697
201,450
285,533
111,441
217,826
97,751
194,445
193,1099
12085,177
202,583
198,376
150,664
197,610
212,725
180,732
194,617
199,725
116,530
212,795
222,560
185,409
199,595
197,481
215,645
231,552
279,420
201,440
198,593
214,785
217,565
281,619
11961,117
117,629
197,456
215,681
181,569
118,617
184,607
117,662
166,380
221,653
214,488
129,482
12154,278
11815,157
193,723
215,490
219,641
152,670
205,803
12154,195
101,688
212,767
233,566
212,729
101,467
153,410
86,814
217,559
281,623
197,644
209,607
246,723
217,660
247,521
279,420
93,679
149,403
169,657
229,507
230,901
130,771
145,642
221,598
89,462
199,443
197,594
231,649
151,571
197,390
286,721
199,830
121,619
198,555
182,776
197,571
216,529
215,598
201,401
213,555
185,702
89,1095
278,529
103,583
217,627
217,686
196,605
11926,195
201,659
182,394
217,465
214,454
222,720
176,554
170,576
210,809
198,614
146,526
165,500
103,917
197,712
202,352
231,684
166,589
195,706
87,639
213,548
185,746
12015,106
94,223
242,657
205,508
212,469
171,577
139,412
276,556
226,610
200,724
221,832
215,588
199,458
199,673
170,538
218,692
166,737
207,780
198,789
84,622
93,913
217,525
281,856
278,569
201,867
218,700
279,520
198,473
215,532
95,668
197,573
216,1178
176,453
182,374
199,675
181,648
247,760
199,489
169,586
93,771
198,770
110,533
222,685
91,1018
165,449
195,495
201,795
285,437
285,433
92,550
213,466
215,650
222,370
200,604
213,727
97,336
183,728
214,648
201,685
217,401
182,699
213,373
211,465
11904,179
105,354
86,1051
278,1017
164,589
12184,163
198,735
11871,172
186,514
12553,128
167,451
249,594
211,882
214,647
198,745
221,678
94,584
89,674
180,669
137,691
12156,123
201,427
214,805
279,575
201,552
193,620
199,844
201,625
176,537
151,643
219,664
198,622
196,541
99,587
193,429
217,749
197,747
202,623
198,523
215,764
12154,149
167,714
199,790
165,669
213,688
199,596
222,459
218,835
279,639
205,483
182,725
136,673
279,477
217,550
197,667
215,685
281,632
198,575
202,410
166,469
166,515
12418,168
246,652
166,518
215,737
214,442
169,323
278,590
202,407
202,402
185,338
202,518
215,427
12644,124
214,842
12154,143
280,659
257,813
180,597
12184,95
213,564
12184,210
201,512
197,631
197,745
89,694
266,569
286,638
214,582
215,470
217,786
197,383
181,736
216,595
262,749
12535,131
221,848
215,1273
276,667
194,473
97,767
201,437
213,599
200,605
131,546
168,441
278,798
92,761
166,546
210,535
199,813
98,695
201,1475
217,692
182,453
119,421
179,714
202,520
171,448
181,686
226,542
215,479
166,742
196,471
117,624
222,737
198,707
197,338
209,454
162,744
199,834
218,434
199,534
246,602
221,453
97,698
214,410
186,457
183,622
196,615
282,799
198,472
212,692
95,749
116,768
143,630
199,468
200,472
218,588
279,543
218,709
149,456
85,503
190,647
225,583
282,765
88,673
166,696
180,596
212,488
217,687
198,446
113,659
197,648
211,610
12085,198
137,512
166,652
198,826
105,609
182,398
197,606
217,1035
278,613
214,691
12016,117
214,591
202,748
216,409
201,719
199,638
164,738
170,669
109,207
199,473
174,530
235,499
226,752
149,619
214,308
217,420
215,581
134,662
202,768
94,584
180,550
230,640
234,412
233,752
230,808
180,708
167,927
199,763
214,377
218,448
195,679
219,1029
12163,142
213,461
184,403
175,609
213,684
228,680
200,448
265,526
12156,113
217,406
147,665
185,498
214,517
214,692
215,555
99,724
85,578
181,592
11743,124
166,460
214,562
214,582
198,441
213,637
12407,134
200,510
177,700
172,425
216,724
202,642
233,502
186,543
281,643
12184,179
175,1037
221,428
198,601
155,625
134,653
214,777
215,476
210,517
214,450
213,648
185,561
166,610
197,451
228,511
198,880
215,604
218,630
181,702
214,442
168,643
277,554
221,435
187,497
183,393
214,565
215,409
206,766
286,509
168,551
220,798
167,905
179,907
196,434
262,645
167,438
247,419
182,901
214,722
215,618
197,618
199,596
94,652
225,574
214,408
12132,138
280,531
198,708
198,850
180,645
137,479
196,600
209,409
181,494
218,526
262,1008
201,614
217,460
166,467
198,468
217,805
273,882
134,857
198,402
281,737
225,725
277,1015
164,807
215,481
100,408
181,691
198,600
222,573
200,598
198,614
202,474
198,848
197,521
213,452
215,658
213,653
230,748
85,382
214,1034
222,532
173,632
92,570
199,467
214,637
214,783
11904,148
198,536
110,668
227,610
277,393
88,519
213,604
202,441
218,752
210,467
115,664
205,511
196,680
206,604
181,916
211,843
199,518
193,669
165,619
195,606
202,804
200,492
214,565
197,532
282,730
93,589
149,574
201,682
213,618
222,462
215,975
166,729
197,817
189,636
214,475
12085,233
12085,116
276,1186
199,746
101,584
198,745
138,608
199,406
231,514
217,547
233,613
218,583
202,714
87,584
149,768
214,555
213,426
183,673
180,759
279,601
200,709
215,1024
215,469
152,599
199,478
217,698
233,460
217,576
221,651
214,489
193,534
127,714
199,871
278,774
219,736
198,808
167,479
199,546
215,629
96,881
199,387
200,574
214,659
213,683
153,613
232,614
222,841
201,565
216,694
230,824
281,987
229,646
214,491
216,685
199,554
214,739
218,565
182,595
211,506
175,628
200,420
110,533
213,523
198,648
121,402
97,971
282,622
204,713
164,431
181,622
201,685
117,693
194,350
217,568
213,551
194,639
180,721
217,1171
215,457
200,581
279,458
198,682
169,699
277,365
217,540
230,888
161,628
202,755
102,333
134,612
88,551
198,524
215,846
214,580
213,463
198,540
198,627
198,394
218,498
213,408
214,689
225,599
214,588
219,669
201,729
221,445
169,601
202,422
200,895
277,594
91,472
213,768
98,777
111,696
166,594
281,506
213,442
12139,135
199,746
214,505
214,452
198,1259
86,415
93,656
209,655
199,794
218,736
165,666
198,529
168,469
230,781
198,547
11961,142
183,638
215,588
198,382
183,648
196,464
209,890
98,500
199,328
95,597
12472,144
198,633
211,791
217,728
12211,133
230,696
212,482
282,440
141,619
177,478
214,562
217,801
196,650
11926,123
99,759
197,373
169,716
286,518
201,496
213,831
217,850
277,466
214,703
212,479
199,454
218,893
181,643
230,831
11636,151
167,582
184,755
195,585
199,634
166,647
86,895
93,602
200,649
106,434
218,661
198,524
201,414
92,568
165,681
221,770
201,758
193,710
237,768
95,587
199,719
217,701
219,631
213,481
198,499
213,530
93,991
213,501
197,685
229,1044
206,531
229,614
169,583
190,697
12418,238
93,503
217,519
12154,120
278,472
280,825
201,501
103,597
197,355
168,588
213,494
193,551
199,459
201,668
165,714
244,765
213,467
201,676
196,665
182,418
278,492
212,502
197,630
95,695
197,757
281,723
213,1138
149,1027
178,662
183,572
214,705
197,514
92,588
165,568
213,858
206,397
88,784
107,1032
89,585
218,493
218,508
119,1229
162,381
228,501
197,462
162,499
214,594
229,678
133,790
214,808
198,498
12085,144
12535,136
198,563
277,563
214,424
273,659
198,587
273,460
285,911
213,588
215,575
12139,117
214,676
84,527
199,594
171,749
234,888
177,903
200,585
275,691
213,428
117,857
286,497
103,571
230,880
169,638
216,657
185,400
214,844
279,489
198,410
171,482
198,499
182,615
201,518
154,648
212,678
189,579
214,809
12644,135
209,553
146,738
119,796
222,792
222,865
217,618
202,405
97,969
185,674
197,631
216,390
231,457
228,543
168,647
201,703
119,615
213,583
230,706
12085,172
277,539
198,752
273,503
118,775
214,701
153,481
157,562
213,453
198,505
198,581
201,524
198,428
281,727
197,832
182,774
213,626
233,756
230,525
217,656
213,416
213,548
167,419
215,872
193,435
185,431
215,469
94,352
212,626
218,843
201,628
169,442
149,634
103,888
187,607
217,408
221,573
118,776
166,789
198,481
259,959
175,654
198,842
117,626
216,644
197,493
217,410
199,593
197,361
196,610
96,821
12644,155
279,670
266,697
218,547
218,558
198,577
167,602
277,457
198,595
184,549
134,550
165,563
201,697
219,786
184,464
177,608
218,728
183,606
198,565
215,439
228,711
12554,120
212,514
167,669
200,476
278,620
184,492
281,513
214,357
281,668
167,438
151,507
214,564
181,383
211,577
181,526
166,420
197,447
214,557
169,550
220,799
182,488
213,696
165,577
198,439
218,605
221,548
279,522
200,558
221,686
212,591
120,748
230,702
181,848
199,601
120,773
198,800
193,723
161,417
273,485
221,573
280,603
215,392
165,837
147,538
274,605
185,576
213,763
277,699
254,632
202,365
88,624
118,808
197,718
213,1186
198,703
213,729
196,383
86,681
197,526
199,660
115,722
197,794
194,845
182,539
12644,150
277,667
106,682
201,429
281,765
217,606
205,614
214,799
216,689
137,479
213,692
277,1180
246,438
182,701
12154,160
165,562
213,485
93,436
205,521
198,609
155,561
241,650
182,657
199,433
275,504
166,538
218,886
213,664
213,673
201,740
201,490
193,409
198,623
279,547
198,618
94,713
197,340
247,358
230,674
210,540
12418,127
266,391
229,675
279,409
229,525
130,391
199,597
213,682
194,459
200,516
98,727
214,505
12644,138
234,708
212,1272
130,599
166,654
214,571
217,435
278,605
246,821
198,480
198,629
130,542
197,504
215,618
169,543
105,537
279,455
99,793
245,495
104,670
199,522
149,747
280,734
233,439
205,663
216,662
144,840
217,755
214,637
198,588
12085,209
121,681
214,446
212,644
197,393
196,523
94,773
278,423
276,453
151,622
94,553
129,524
281,501
198,487
214,482
110,491
165,515
198,455
166,741
215,633
97,630
201,695
166,633
171,386
197,877
133,722
202,385
150,394
199,589
202,830
197,917
198,475
215,703
101,706
198,835
11869,210
228,433
218,910
199,814
185,838
163,632
218,442
142,680
150,794
11904,208
198,683
92,632
12211,117
217,602
286,564
89,568
222,669
88,535
229,611
216,719
11961,161
273,684
214,520
183,439
132,461
197,436
106,652
213,654
12571,122
173,532
98,528
134,806
233,584
201,423
282,803
124,711
190,787
120,672
217,560
137,613
123,733
198,691
213,510
197,602
11815,148
221,558
221,429
11869,115
185,647
201,578
228,405
209,631
170,478
198,324
214,465
218,570
93,805
278,657
181,921
87,590
151,395
201,825
198,508
186,471
183,803
146,541
170,549
225,727
96,571
95,469
218,651
265,559
148,720
182,584
199,649
212,717
198,676
169,483
214,482
218,528
214,725
166,662
181,1101
277,487
217,655
215,587
201,487
277,403
110,623
198,434
217,484
142,542
182,639
12211,143
101,385
202,862
217,919
198,632
218,707
90,581
279,470
12418,119
214,510
202,583
198,714
214,697
233,563
217,689
102,485
170,571
281,532
167,649
175,517
86,462
162,778
99,708
105,546
200,683
90,348
199,669
213,745
219,526
214,553
285,624
194,815
197,493
205,826
97,555
230,553
205,786
92,713
193,787
201,574
189,491
86,486
12085,110
198,482
86,418
197,409
182,551
280,464
230,576
233,579
218,445
281,553
214,620
185,448
217,714
259,617
218,779
185,791
277,589
269,618
196,425
213,740
218,610
216,789
214,450
216,818
213,748
156,710
201,570
213,742
214,547
233,597
200,585
214,433
217,540
278,797
197,655
145,464
86,536
198,716
182,374
121,345
279,739
218,675
201,490
215,686
279,409
102,636
212,544
168,422
152,431
276,621
218,620
214,763
195,578
173,488
100,943
217,623
212,1416
276,629
218,1065
201,741
216,481
214,731
278,652
198,586
151,911
182,876
190,718
278,712
276,814
141,619
180,680
212,661
201,435
202,877
117,793
107,674
172,493
12472,153
217,514
213,763
199,406
182,661
215,785
249,698
197,860
205,437
214,480
182,672
182,445
199,597
82,705
266,1050
230,427
199,650
143,403
108,570
201,588
213,410
214,951
279,637
11871,143
118,532
174,416
198,587
278,479
233,478
181,576
171,575
215,443
214,611
197,560
214,672
115,787
197,686
197,581
170,679
213,635
118,788
213,728
108,750
167,834
218,827
198,396
184,505
12154,175
278,719
215,375
199,508
104,884
213,670
125,684
215,629
274,797
230,786
197,595
198,440
261,702
286,872
91,688
266,733
216,658
214,641
154,632
193,556
180,756
278,690
102,825
11904,125
156,377
215,707
214,418
217,659
197,514
198,373
126,928
209,410
278,525
201,504
214,507
217,824
281,713
198,525
165,686
197,967
217,613
181,676
209,780
101,360
182,539
281,697
197,674
173,717
214,849
184,664
170,722
182,678
169,594
215,481
215,572
198,498
193,434
217,425
95,609
229,325
199,707
100,741
286,769
105,982
213,706
217,574
12091,202
214,518
194,584
197,664
184,618
87,976
166,572
165,512
198,583
104,587
201,779
207,446
198,519
89,596
214,593
279,800
214,650
281,640
216,569
201,570
209,772
277,631
219,700
202,643
198,438
138,1005
217,630
127,550
167,669
214,1198
266,1226
215,808
213,600
212,718
194,591
219,706
172,681
217,821
108,804
196,513
129,646
278,550
88,734
190,659
215,841
145,667
88,433
212,493
237,439
134,686
132,615
230,772
84,724
278,509
181,691
87,384
214,436
110,500
200,502
232,602
199,659
165,457
118,786
153,428
181,622
209,396
197,951
183,666
230,518
213,507
11869,115
217,471
278,460
217,540
115,541
209,409
213,1101
213,446
278,456
215,599
217,704
193,502
241,438
168,713
265,593
178,543
278,778
148,499
173,560
12364,132
219,597
87,570
181,478
221,1202
126,669
197,599
215,491
213,524
183,489
198,679
197,677
214,472
117,752
175,606
221,656
213,443
279,659
198,650
230,786
182,415
142,797
94,722
222,727
214,833
214,411
213,580
153,718
198,965
167,611
212,623
218,479
213,460
195,836
166,572
212,520
119,689
198,721
222,488
149,580
181,533
233,797
278,810
137,582
248,615
281,494
182,442
89,719
214,761
217,434
221,870
218,437
233,732
200,688
214,397
285,474
109,936
213,532
222,577
196,530
209,464
216,489
173,773
197,700
278,613
99,706
200,379
279,631
278,474
214,607
213,528
198,658
197,526
167,935
285,911
210,555
95,598
167,690
104,676
182,620
198,479
180,572
150,527
197,580
198,462
212,989
226,637
277,601
205,772
214,659
278,538
170,512
214,853
91,525
231,469
215,676
193,602
215,441
98,710
201,685
198,632
199,401
189,465
167,609
164,942
193,694
281,816
211,456
182,671
216,476
218,784
218,463
199,346
168,469
278,462
285,610
95,636
181,747
198,606
161,771
169,278
200,681
218,470
220,512
221,658
181,788
214,711
11871,123
198,632
167,530
182,717
225,549
215,607
221,883
197,873
218,423
213,673
161,433
198,420
181,436
217,549
190,697
92,605
87,831
201,587
101,580
169,704
12472,135
152,514
217,595
199,541
219,606
201,612
216,572
199,356
199,573
122,631
151,638
216,692
222,454
277,565
167,525
286,673
166,493
12132,152
196,726
277,633
278,493
170,847
198,612
94,749
230,672
210,496
246,398
198,431
199,691
197,487
278,696
201,782
217,703
285,902
214,370
216,774
214,1208
217,587
213,567
108,583
214,763
216,636
234,566
102,943
210,738
196,612
201,430
248,485
246,567
120,696
174,560
194,653
167,428
157,472
198,762
214,535
222,450
165,618
167,347
205,551
166,475
216,716
97,868
149,630
134,539
221,500
185,650
233,608
201,802
195,594
150,630
213,2288
278,702
168,789
106,452
165,495
97,509
209,721
180,527
197,434
229,448
214,508
185,743
250,728
168,713
87,706
103,904
215,594
201,614
274,460
12377,149
282,708
199,394
198,355
217,563
214,685
220,459
213,673
88,411
265,917
218,601
11636,128
226,563
11871,134
234,708
210,640
201,467
241,365
278,582
214,652
215,556
213,508
198,369
103,576
166,686
121,539
214,697
167,733
209,620
286,496
200,671
198,397
221,685
177,796
278,552
149,827
201,582
221,645
230,434
94,684
176,570
230,640
197,643
12472,102
216,809
218,575
210,740
229,470
249,662
181,691
197,542
214,839
202,574
213,599
197,644
217,663
92,480
214,580
215,554
221,462
217,997
221,938
217,931
204,548
198,641
94,800
221,851
199,351
133,720
265,474
214,591
281,394
217,859
278,783
196,802
205,1034
277,571
199,732
170,617
219,769
198,565
215,568
190,579
222,553
182,402
216,514
86,375
181,723
200,596
200,476
171,575
202,636
217,869
152,583
12049,157
201,397
197,696
198,620
197,504
214,894
164,682
213,427
12015,106
215,562
197,644
198,478
213,641
199,395
166,437
279,652
214,701
213,929
181,665
183,528
214,696
107,670
196,620
160,546
121,649
86,583
222,631
215,639
221,647
201,693
11961,146
277,458
233,663
229,371
214,743
277,653
213,522
197,588
182,593
199,609
230,748
12364,119
199,402
163,696
213,392
201,742
183,531
246,720
218,572
199,748
200,583
197,720
189,650
198,541
225,822
213,773
148,655
158,402
198,658
221,462
106,646
104,464
205,582
93,720
197,690
217,437
215,396
217,525
214,549
274,808
149,367
198,438
230,436
280,637
217,734
196,623
201,477
213,1186
11636,159
214,672
177,566
11961,159
102,455
199,664
228,320
166,838
165,621
278,687
214,671
213,524
86,698
122,818
222,553
86,494
169,525
278,913
215,490
170,692
199,474
214,670
88,526
85,842
282,823
179,581
214,696
166,551
202,773
199,623
102,548
214,643
170,696
172,576
170,739
213,693
215,606
237,488
202,585
218,474
182,679
209,464
197,709
213,539
237,674
281,654
184,364
213,932
197,614
277,848
214,820
201,759
158,420
221,421
238,509
93,654
279,547
199,443
98,686
213,467
221,727
237,524
146,637
242,612
121,764
11904,137
121,911
222,1125
264,552
205,624
117,873
113,652
221,904
214,573
197,548
167,698
217,817
194,544
12184,249
217,428
206,677
97,721
215,644
90,439
198,547
165,545
163,806
184,530
216,528
220,778
213,451
161,589
201,612
210,803
97,424
202,500
201,636
213,391
214,595
181,716
149,830
215,509
214,755
229,843
158,680
182,558
198,632
150,738
118,458
216,593
193,570
183,616
218,917
180,815
274,797
211,570
125,616
216,620
197,460
137,503
206,429
157,894
161,470
103,697
211,608
218,603
217,623
198,449
186,680
214,809
149,538
124,445
218,455
183,499
198,450
197,992
217,484
219,759
212,685
122,661
217,761
217,476
130,654
97,496
215,957
193,610
279,909
101,449
214,802
12418,133
212,591
165,488
234,369
221,739
122,499
94,464
199,772
214,1070
217,492
217,850
197,499
217,883
202,1063
214,423
198,566
217,814
170,676
219,779
166,736
91,474
177,607
110,587
99,823
97,596
198,590
214,539
275,544
182,554
230,996
215,650
206,540
167,565
200,711
153,406
97,601
95,747
218,727
148,440
11926,195
117,781
199,674
105,354
216,373
214,669
138,627
197,572
201,535
215,599
196,400
183,467
218,657
277,539
215,657
173,554
198,466
214,707
103,647
281,1085
97,477
214,507
213,621
199,496
202,717
199,615
215,454
197,389
146,802
220,552
161,632
198,589
166,607
221,660
155,615
107,510
102,507
196,782
214,654
185,696
221,638
237,744
201,643
205,571
180,784
12211,118
202,505
12418,126
221,665
233,889
277,606
95,668
170,501
279,441
134,452
170,576
273,878
212,758
169,622
216,648
212,414
217,660
180,551
221,720
100,730
12278,124
197,506
172,656
173,471
168,616
213,764
217,630
198,624
215,421
198,508
179,775
198,685
278,523
170,571
213,790
142,630
148,606
206,380
199,630
88,508
149,406
214,436
163,637
149,413
198,654
198,802
183,723
133,472
220,521
166,618
197,461
198,743
286,449
199,555
218,668
213,625
93,405
94,570
184,774
134,557
247,818
274,486
215,446
195,595
182,481
181,672
217,516
148,788
169,1108
281,631
182,797
213,395
226,862
200,402
165,609
214,576
279,762
171,556
227,737
205,381
201,746
212,719
217,814
274,808
168,642
185,638
278,601
214,615
102,858
201,823
231,409
214,481
179,563
197,720
150,747
214,462
184,400
167,658
218,708
213,573
87,386
180,544
214,951
194,512
215,735
261,579
200,562
230,797
230,609
199,433
12472,152
96,618
12644,138
221,832
218,413
166,537
169,906
282,505
134,922
199,636
12085,173
205,655
117,891
91,694
282,551
216,652
199,497
94,596
165,447
193,461
200,603
215,587
213,485
216,600
168,634
198,419
218,591
201,369
180,929
93,694
234,888
151,981
92,641
151,502
242,822
206,478
167,691
221,880
185,1150
199,495
205,570
11642,147
85,664
197,351
186,470
198,472
99,606
205,498
144,703
200,652
246,746
282,856
196,708
184,400
133,607
198,624
213,2139
131,922
248,788
12139,141
212,768
201,397
232,565
201,847
195,814
169,724
241,489
278,420
166,408
217,753
154,745
214,629
200,445
202,596
182,485
12139,135
92,449
196,746
156,375
177,404
184,616
189,593
198,605
217,535
211,731
196,484
165,714
275,455
165,633
165,813
200,618
195,741
222,669
174,724
279,829
160,692
202,756
217,549
276,711
93,614
214,551
276,610
130,596
193,412
181,378
198,450
166,707
218,784
198,575
215,613
154,777
199,684
199,426
209,425
229,691
182,671
185,746
218,663
12184,100
183,544
215,507
182,440
201,589
231,505
278,695
198,602
103,702
165,553
214,648
182,568
246,611
128,778
276,344
197,475
202,712
11671,139
214,741
215,512
221,542
216,644
231,658
218,591
199,487
197,609
213,494
135,371
277,474
197,396
213,642
214,564
152,443
167,858
215,423
218,768
185,536
97,593
98,442
217,722
217,709
200,396
217,546
111,697
248,1407
212,483
209,530
185,654
214,372
149,517
166,636
185,630
134,379
280,567
186,492
213,765
216,513
183,606
213,725
135,466
12154,147
120,803
214,705
269,515
210,557
199,452
199,401
201,707
196,486
11815,138
274,589
282,618
198,600
219,588
120,687
168,654
215,650
214,699
162,800
198,447
254,1033
95,744
183,697
91,694
198,626
199,492
182,574
217,811
197,596
229,450
231,493
214,502
178,508
214,495
217,1129
198,399
221,453
87,490
88,765
167,583
217,683
215,378
237,674
222,438
229,854
12016,202
205,671
197,902
219,649
182,500
202,694
213,496
210,583
199,674
209,442
215,660
167,594
212,927
12211,134
154,674
275,496
104,753
214,1242
141,424
246,880
172,560
181,878
278,720
214,608
229,1044
173,715
11871,136
206,583
197,660
165,482
209,531
219,445
229,494
278,651
86,525
214,431
221,651
216,743
190,697
261,514
206,706
213,586
167,644
197,771
202,311
90,746
217,435
197,594
216,652
217,800
201,501
213,555
193,401
221,437
278,737
181,618
196,561
213,424
215,375
213,612
200,527
201,650
198,549
181,593
12364,166
281,553
149,1002
170,679
278,854
260,586
196,686
98,596
197,652
214,559
213,823
170,899
184,607
233,637
221,779
109,653
166,690
217,793
166,481
201,504
100,677
183,567
199,674
196,959
218,594
214,651
183,728
197,553
279,432
150,525
214,697
97,565
12154,137
183,403
138,749
197,538
201,387
199,573
102,527
214,499
214,584
274,572
217,532
101,752
215,935
11871,147
197,678
196,676
115,494
217,592
164,911
196,643
132,1246
214,759
249,789
217,798
154,724
213,620
199,449
225,399
199,669
92,372
197,447
198,573
210,656
273,724
155,486
202,695
213,590
199,765
198,970
214,569
217,505
201,615
117,793
249,832
185,398
218,1037
213,781
220,570
108,454
215,615
198,462
221,599
12472,119
133,654
193,412
173,487
230,911
214,663
12553,120
201,469
195,549
199,700
209,644
215,576
216,511
97,601
169,450
217,541
195,613
197,592
261,658
216,449
167,852
233,505
206,445
213,530
198,377
178,382
199,533
92,636
197,772
166,617
213,529
206,416
198,578
220,811
198,783
120,696
169,656
214,689
218,543
149,391
215,776
87,780
181,734
172,462
148,546
199,602
175,472
276,806
11671,125
115,736
200,593
199,700
174,551
199,458
198,787
86,737
110,517
214,439
87,588
12156,126
86,462
218,801
92,623
130,764
166,389
261,607
206,389
199,545
197,604
167,898
117,446
169,544
199,580
281,496
133,436
199,365
196,540
200,676
102,717
86,536
198,699
164,717
201,716
260,681
265,550
215,677
205,559
217,583
199,454
150,611
213,746
119,743
198,570
198,460
278,738
278,753
217,480
198,594
214,487
197,686
201,444
237,674
195,612
202,621
214,715
114,562
153,687
273,607
214,755
209,436
194,576
215,574
281,523
130,690
165,652
153,831
213,509
102,1137
193,518
279,413
233,605
214,621
211,880
214,917
217,451
195,821
102,546
196,792
230,782
200,434
184,663
166,551
197,465
215,421
214,558
97,553
213,489
217,489
218,650
215,694
127,606
150,808
278,836
215,523
181,473
185,658
11636,98
198,732
11926,206
218,663
198,430
218,590
162,744
206,1293
202,617
167,719
198,740
151,617
198,420
217,794
285,673
197,454
219,729
197,634
279,869
92,640
150,709
217,899
194,522
98,831
89,617
214,403
167,540
184,663
154,695
277,523
215,592
198,667
198,598
214,670
182,502
198,651
163,502
182,405
245,875
193,800
281,643
12016,119
170,669
85,550
169,531
278,938
169,445
185,625
217,658
138,458
193,694
97,649
173,639
109,428
216,582
215,708
215,775
215,604
119,436
199,630
166,735
217,684
198,615
196,685
214,771
197,652
211,420
201,1063
202,491
216,834
214,552
217,427
201,495
100,507
248,897
286,965
280,875
161,868
153,509
181,642
89,414
200,553
215,594
277,631
11743,149
215,450
153,983
201,555
12016,134
212,881
200,604
218,359
218,732
111,446
196,600
218,456
181,436
230,675
265,829
196,468
88,676
214,1171
198,770
249,822
185,716
12139,140
218,612
147,618
221,682
144,507
145,602
214,827
102,775
198,900
217,559
277,768
198,787
222,368
149,598
212,900
9858,128
102,636
194,453
279,490
185,445
281,837
230,556
88,707
199,395
199,571
104,792
262,381
143,437
226,695
221,435
198,663
88,766
197,524
213,570
237,773
167,643
12553,119
221,701
286,691
181,916
213,588
142,465
94,464
210,483
247,653
198,774
282,519
277,726
213,456
218,591
182,827
12524,154
278,778
182,665
150,798
214,628
201,711
278,906
214,662
218,744
166,384
214,669
197,768
262,702
214,655
97,770
214,570
97,560
215,666
213,375
218,630
129,735
94,645
118,569
253,582
273,567
201,620
167,711
213,696
113,394
275,836
215,879
120,781
197,417
214,865
231,569
165,701
228,888
193,605
199,485
263,583
214,574
197,543
217,788
198,560
121,675
205,938
168,632
273,511
12279,136
278,554
201,678
213,754
197,708
134,534
193,471
278,571
137,421
184,644
199,448
172,522
166,499
96,956
231,419
218,682
218,559
199,534
217,518
214,943
215,656
191,579
93,834
202,626
229,472
167,379
119,1248
213,471
218,630
173,593
12279,131
214,536
213,554
190,609
277,726
197,449
219,608
113,621
99,564
217,471
201,403
166,533
182,668
247,680
199,492
134,436
205,674
103,617
103,628
193,416
217,566
201,741
277,684
148,415
201,519
218,483
184,644
218,676
201,411
106,374
279,664
205,381
213,706
286,637
93,866
201,431
197,440
217,594
214,665
198,588
215,530
98,751
185,607
214,746
201,501
212,692
197,486
221,810
218,672
215,571
198,602
164,567
201,751
199,447
227,517
198,418
217,576
216,488
217,710
215,541
278,428
200,792
93,932
197,704
183,689
131,598
217,576
11743,121
216,774
198,505
228,1374
181,466
155,514
213,461
99,417
197,551
178,841
237,786
12139,141
281,721
135,606
115,641
214,492
216,749
170,532
165,488
85,382
165,659
206,424
95,744
213,679
266,652
201,830
213,426
206,563
99,327
195,495
277,751
250,692
214,393
281,564
213,588
197,440
215,666
105,755
279,659
209,637
229,638
225,532
210,652
12211,156
225,725
281,459
216,720
199,713
152,688
199,668
94,747
197,602
221,772
286,636
202,461
248,1407
101,765
213,636
213,723
166,480
182,667
168,748
230,489
230,795
212,366
166,484
216,761
86,677
197,526
225,755
225,633
201,502
183,544
217,572
279,568
101,542
166,547
198,761
174,430
213,475
173,515
171,572
121,546
146,858
166,829
154,661
96,459
219,753
94,768
205,769
213,787
180,774
12139,178
176,637
198,429
218,380
217,676
212,452
213,533
169,567
225,606
202,380
216,702
214,865
94,838
121,619
215,385
221,517
278,578
95,601
165,560
229,864
172,734
206,672
205,541
198,1022
197,709
197,426
217,546
198,675
200,783
99,529
212,420
215,651
121,486
201,526
148,674
218,493
212,437
278,888
230,717
182,725
202,780
209,527
246,574
181,470
170,605
94,749
198,706
132,562
166,706
197,501
205,757
279,573
181,747
244,618
201,570
186,584
137,691
167,466
213,729
196,588
226,599
246,408
150,767
216,579
277,637
177,695
213,485
221,608
202,769
214,550
166,522
217,827
216,726
221,1031
231,923
218,689
151,658
215,548
198,595
11636,140
214,665
106,588
12418,142
171,542
185,787
198,684
163,712
202,574
196,726
193,403
183,408
89,507
213,556
198,790
199,601
205,614
147,329
214,472
213,791
217,581
214,382
202,754
209,515
185,523
11743,120
149,833
177,598
214,538
226,789
12655,199
229,864
182,746
213,634
117,629
218,694
276,436
214,997
259,402
278,778
198,492
197,479
246,868
166,609
196,499
228,650
199,766
199,658
185,465
217,483
181,725
216,625
104,802
277,617
148,752
199,567
161,620
198,361
217,800
198,679
218,756
180,415
202,600
214,457
134,587
206,672
218,780
218,1306
217,593
213,570
212,613
102,546
201,771
196,601
275,506
206,750
195,516
218,768
232,982
12644,186
185,479
102,614
230,654
200,741
218,374
181,553
202,379
278,487
200,560
214,492
285,509
117,793
201,405
197,717
215,870
169,500
225,725
217,439
171,528
199,545
169,696
282,728
149,411
220,617
90,421
198,693
102,1000
218,462
175,630
181,832
129,592
199,614
88,595
167,808
11743,122
218,721
88,787
217,543
149,690
98,830
214,681
169,632
278,819
198,664
279,499
197,670
167,635
166,656
112,856
181,512
128,778
182,476
197,648
193,773
186,780
87,539
162,601
186,573
249,649
184,535
214,426
166,527
198,469
277,855
221,629
87,431
11642,146
202,579
139,494
218,700
167,617
132,500
12139,142
182,475
198,388
198,424
215,628
180,557
134,744
215,826
198,495
215,691
102,893
206,545
215,429
232,681
199,481
93,655
171,745
11743,106
212,546
161,367
197,854
182,690
221,653
167,864
217,512
181,628
214,858
106,547
215,694
12154,120
201,732
87,1594
217,512
199,604
216,526
222,678
142,440
106,954
164,623
220,653
167,691
201,588
278,652
201,613
194,412
171,615
200,485
193,461
206,604
175,403
214,498
152,418
213,686
11871,149
278,570
167,480
217,646
197,639
279,714
216,600
165,428
182,568
182,602
217,417
209,706
277,699
217,735
182,825
12156,161
217,916
281,852
171,510
172,507
221,447
201,581
280,558
278,378
198,642
228,592
193,488
166,462
215,496
214,893
277,494
182,874
197,406
87,687
213,866
213,690
166,802
245,733
213,548
185,448
92,644
12525,135
210,400
103,446
97,662
196,521
217,687
281,548
215,738
182,1205
186,617
195,739
262,518
278,686
172,596
231,769
214,429
161,512
264,568
182,458
196,599
201,573
281,763
197,598
213,621
213,486
181,844
197,503
214,529
273,659
231,588
198,527
166,594
214,572
12156,128
196,628
214,620
105,851
273,740
221,687
185,402
221,842
197,610
221,469
166,769
198,702
214,774
285,614
197,605
201,521
214,699
215,410
93,717
282,676
213,579
198,530
166,377
217,895
229,738
157,575
247,769
217,807
169,496
179,439
237,803
133,470
146,432
86,502
214,683
215,599
152,808
198,469
215,530
214,820
97,699
221,878
196,635
199,662
148,785
91,630
197,531
119,779
178,501
198,386
276,684
151,394
166,492
213,449
88,646
196,417
211,659
185,863
175,778
210,336
198,617
198,830
234,814
171,708
274,572
180,456
278,715
215,395
214,660
237,485
166,419
12184,127
150,1128
229,525
117,872
216,718
199,579
198,1017
213,703
202,704
280,772
12015,149
149,542
214,471
101,564
147,828
126,568
213,453
215,634
12448,182
217,597
222,612
217,590
186,510
200,335
157,500
214,524
218,608
198,585
93,471
213,1054
198,538
246,398
213,466
197,478
193,416
121,638
126,413
105,409
214,476
214,339
94,626
198,490
215,412
213,663
279,753
218,491
197,399
281,544
279,681
217,687
226,544
129,716
217,738
218,598
217,666
221,567
219,718
198,398
170,513
212,735
215,373
279,593
277,614
195,638
166,422
278,562
85,643
229,813
200,558
173,507
215,531
85,680
92,714
278,850
169,576
246,900
213,627
95,688
198,461
213,400
92,598
118,607
229,658
286,721
221,399
181,688
199,596
12154,177
193,448
165,474
130,656
217,637
182,379
193,439
12472,144
12154,138
200,605
135,598
147,652
194,531
200,324
195,603
214,742
185,414
249,534
219,586
217,528
197,651
210,450
233,391
285,469
166,384
262,515
232,937
201,490
217,624
198,600
217,530
217,592
213,686
197,503
199,541
182,477
214,454
199,366
219,764
214,595
91,839
197,584
12085,131
135,416
193,423
281,452
213,503
275,780
198,767
213,839
217,653
233,433
209,736
214,646
162,568
198,789
153,655
215,728
11904,162
119,689
231,699
182,691
12472,172
222,704
185,700
277,577
92,902
88,411
233,584
215,808
217,610
285,652
277,687
214,469
12644,122
173,564
226,475
198,448
215,446
215,581
279,625
198,452
86,580
213,438
214,740
12499,150
201,386
218,619
219,891
183,715
12132,123
217,599
213,398
215,758
279,646
217,639
202,592
103,636
182,496
166,590
184,821
215,401
201,588
219,759
194,606
277,700
12085,131
262,953
198,683
248,374
219,526
172,577
182,795
213,447
181,701
177,526
277,475
170,717
225,599
231,444
209,902
197,706
10747,118
11815,139
217,419
213,473
182,511
143,663
199,421
196,773
201,511
214,554
97,618
199,459
197,485
98,598
121,620
247,775
96,686
186,544
184,492
218,639
183,510
200,762
210,443
261,451
197,798
151,583
182,697
199,465
141,768
232,767
183,472
217,661
150,463
221,740
199,440
12455,112
197,434
169,603
11815,182
278,769
167,537
215,545
158,465
210,794
104,425
197,396
198,896
183,485
186,818
121,818
165,641
227,633
85,550
216,644
171,556
214,580
198,463
221,758
279,368
212,829
201,1334
215,410
161,579
212,455
212,1416
81,619
277,743
193,355
278,573
195,756
198,619
246,611
215,349
197,623
198,637
217,503
279,543
199,448
166,635
148,645
215,549
215,835
218,587
219,859
201,619
197,693
133,383
278,714
161,504
166,535
213,809
199,524
213,541
129,615
165,708
202,611
153,687
196,478
197,504
197,473
190,549
213,439
200,448
279,734
197,804
218,675
179,659
214,759
105,621
11904,137
205,535
282,587
219,641
193,643
202,589
90,365
209,422
213,605
222,569
214,485
230,518
190,715
218,881
166,786
107,1265
198,633
276,772
217,426
213,574
93,717
278,394
215,381
222,499
214,660
198,668
217,789
197,888
214,415
218,798
198,429
230,503
120,473
98,943
215,707
274,1093
281,917
198,475
151,659
170,560
205,658
285,714
148,490
12364,142
182,633
217,630
113,500
218,954
164,942
219,610
133,511
119,613
198,470
216,428
213,503
201,620
213,558
201,779
189,623
167,573
197,563
167,669
212,514
182,528
178,428
12644,180
214,503
216,556
249,671
167,742
164,712
201,453
202,432
183,696
213,689
279,811
213,526
183,373
215,656
92,718
198,738
89,504
95,504
166,644
182,392
197,676
214,501
261,803
182,383
12448,192
89,856
221,706
278,620
198,566
166,417
98,716
198,479
193,600
90,896
182,414
225,804
214,445
90,915
244,370
166,594
213,543
218,821
278,822
197,467
195,538
245,743
217,520
201,680
217,596
219,811
101,517
218,577
277,457
275,590
198,543
221,645
85,394
229,1059
218,515
176,561
222,548
212,591
198,520
215,657
278,720
141,424
216,842
167,517
218,696
198,477
113,615
110,576
221,365
222,850
198,546
142,797
230,525
88,636
98,500
181,388
161,418
182,419
198,656
117,490
147,471
198,503
215,592
168,642
202,625
94,662
185,705
198,682
231,644
213,670
174,551
278,534
215,419
213,568
212,375
180,768
130,490
229,640
218,776
184,404
218,610
12655,129
201,608
182,397
184,562
274,689
214,529
261,584
197,513
92,603
169,535
197,473
165,749
215,446
217,619
185,509
217,406
201,362
202,594
149,526
278,584
263,525
181,415
281,652
198,869
92,493
259,617
150,698
12418,144
214,527
183,649
199,660
198,476
101,495
176,689
96,758
193,748
202,497
217,425
212,447
221,781
142,381
95,575
153,438
135,778
230,1004
198,447
206,738
95,440
279,536
213,650
12499,160
218,564
198,470
99,766
201,420
199,517
162,624
222,540
201,619
82,642
170,598
218,601
181,398
107,810
201,914
215,946
175,594
233,674
198,539
211,516
101,611
216,690
151,969
205,489
165,605
104,556
198,426
214,401
174,667
278,570
199,541
203,608
214,672
198,613
98,777
230,797
81,567
216,738
278,410
176,425
98,849
12655,141
166,441
12448,126
209,785
216,586
197,545
105,882
275,716
217,895
12211,130
199,822
169,525
215,641
233,381
161,506
102,593
217,476
215,437
121,560
182,619
213,409
198,916
167,576
130,736
93,566
12364,147
214,408
213,679
214,432
85,768
280,550
222,508
193,694
170,706
199,552
216,723
115,514
193,601
214,582
173,500
278,499
197,656
217,425
279,770
250,410
218,700
281,741
280,694
281,624
217,503
213,564
138,627
168,359
200,645
215,592
177,483
95,556
12163,153
198,821
218,454
231,957
222,850
206,637
280,519
274,589
209,585
217,484
215,852
201,425
280,397
201,527
201,602
107,628
198,797
215,801
217,652
85,844
183,835
265,561
198,734
198,381
210,655
213,413
217,704
209,497
176,939
218,693
249,822
198,415
166,511
151,890
165,724
213,454
279,654
216,504
213,558
225,714
197,693
281,607
198,525
213,679
201,512
214,697
220,831
217,1252
215,492
220,556
201,575
213,485
215,541
198,821
209,636
129,484
183,762
218,679
213,669
198,396
217,524
197,411
279,706
173,452
230,561
218,483
218,587
217,765
214,971
202,513
190,608
217,581
213,671
102,328
234,474
210,908
277,680
217,586
177,568
113,676
185,652
131,451
128,532
149,734
91,812
199,600
214,531
229,869
198,524
211,561
164,757
182,529
259,630
197,513
121,413
198,802
264,798
165,826
11869,119
214,722
150,634
214,698
94,403
201,668
217,672
154,1141
214,564
219,726
277,705
200,818
221,717
217,426
198,562
214,597
181,806
196,540
202,599
217,566
95,363
285,433
11815,139
198,500
166,624
279,448
196,498
281,754
215,436
262,574
183,674
165,534
93,648
215,523
248,779
135,408
149,733
212,408
196,619
118,532
209,646
151,525
166,549
198,397
280,853
194,672
197,835
92,644
206,542
110,533
142,1044
169,566
214,792
179,518
91,537
217,441
201,711
214,674
11815,134
199,569
199,547
218,1036
216,753
193,773
213,502
217,576
281,545
286,637
282,716
217,503
200,340
217,533
94,759
215,700
201,612
85,1399
103,467
278,548
170,475
245,606
12644,146
167,534
200,524
213,602
170,469
197,459
184,445
214,899
277,478
173,471
197,418
129,610
177,534
199,408
213,885
149,461
11871,212
214,801
215,872
214,705
269,407
209,558
92,645
164,434
216,629
281,557
166,451
181,606
216,492
170,434
92,634
213,685
142,431
216,556
213,748
221,650
185,838
217,626
167,393
246,721
90,653
212,567
98,403
115,600
221,1553
212,735
218,537
211,632
215,568
205,737
216,620
217,493
191,579
246,473
202,509
112,812
89,529
213,433
102,401
169,553
154,353
214,888
229,631
213,453
214,733
229,1021
196,459
216,373
214,627
246,330
217,387
167,404
93,565
198,453
279,536
149,456
215,618
276,608
214,867
281,688
12525,122
222,721
282,531
12156,124
281,746
214,441
166,503
198,379
277,474
198,723
166,578
213,488
166,677
197,722
277,782
12091,136
92,605
92,598
132,721
217,572
218,897
97,801
278,757
213,648
202,687
107,637
131,683
225,499
200,654
11871,164
121,703
100,546
201,503
215,497
230,588
213,830
205,819
214,456
217,486
229,652
173,679
201,560
200,705
151,736
215,441
211,672
183,460
216,610
87,418
95,363
182,717
279,630
189,610
278,840
197,483
151,427
198,773
216,716
198,742
200,591
199,674
197,636
217,601
198,638
135,597
198,586
213,602
102,590
92,786
213,600
198,382
214,535
282,587
198,903
179,943
11961,123
246,692
222,509
198,815
218,582
218,602
205,594
198,619
216,733
166,491
201,701
12015,106
216,564
212,790
210,392
198,742
205,674
216,618
214,600
230,627
150,781
86,392
196,535
213,950
92,634
178,537
206,630
231,671
12364,108
12472,187
11815,154
279,404
130,402
197,522
166,641
86,588
183,767
218,710
200,742
198,475
221,715
218,529
218,581
122,661
185,503
150,753
177,605
202,569
12524,114
149,1002
110,491
94,459
133,594
157,507
217,523
94,739
11904,108
201,724
85,566
195,391
214,788
198,683
218,777
214,428
12163,91
197,455
276,742
103,761
182,668
12644,176
231,699
143,599
169,783
217,635
12364,177
137,524
12015,109
181,352
214,788
278,522
217,696
199,419
205,510
149,481
246,522
282,558
199,523
168,532
197,656
217,667
166,816
194,634
214,565
143,522
213,463
214,590
217,710
213,535
229,596
212,546
165,844
214,427
137,608
168,602
196,626
90,484
215,629
214,783
164,584
218,559
274,703
117,954
137,605
199,622
199,904
93,607
158,744
218,644
215,762
217,509
197,568
217,465
217,974
215,966
177,631
11961,112
214,477
213,696
286,590
96,848
202,609
198,382
11743,142
114,630
150,567
153,941
164,582
166,925
213,737
199,501
249,730
171,534
198,689
94,403
210,603
143,679
197,461
189,743
217,421
147,471
183,374
97,578
11871,151
278,484
209,692
171,742
131,570
211,492
213,438
167,1147
198,422
214,394
215,578
278,797
218,619
231,497
90,746
231,451
214,488
215,722
109,703
217,455
12154,121
215,644
135,347
100,627
198,379
198,822
197,568
169,618
277,412
107,468
213,400
210,718
173,473
179,817
197,583
216,556
218,792
222,426
197,637
281,525
199,640
12015,175
285,408
215,555
198,493
229,816
215,542
201,480
166,518
245,776
197,528
129,736
175,606
194,615
198,496
215,573
182,757
277,546
278,906
260,473
210,483
182,659
213,485
181,642
215,491
196,708
12015,124
209,646
198,634
279,813
95,601
102,719
215,538
278,519
103,483
278,682
217,849
198,512
278,687
181,435
209,712
160,470
196,550
157,500
202,593
165,516
91,370
197,652
213,477
139,664
198,692
193,677
175,694
197,772
145,558
214,933
183,715
169,489
202,445
222,664
181,485
215,358
169,606
218,785
151,746
183,640
197,641
164,674
201,616
218,752
200,521
213,506
161,632
12278,102
219,544
12407,165
230,589
216,716
278,485
277,623
202,744
198,886
165,408
201,689
278,611
93,545
221,443
110,1074
215,477
91,589
281,617
165,562
228,846
279,690
275,559
214,752
166,461
278,785
197,666
101,500
9858,138
118,442
211,690
214,619
151,471
278,847
217,637
166,513
181,682
282,643
214,752
219,729
166,756
201,670
148,688
12524,140
101,758
278,490
158,1019
100,579
199,615
278,319
221,478
245,668
198,402
213,501
117,997
218,748
230,562
201,592
181,716
218,583
182,621
193,605
174,551
166,565
202,553
149,418
246,708
167,725
214,864
214,595
215,382
197,653
167,617
199,388
281,401
222,408
213,403
286,1056
198,740
150,813
201,733
99,713
215,527
277,637
180,525
104,753
279,591
211,485
196,525
11743,168
179,714
265,388
214,839
216,559
213,736
197,444
233,473
261,682
201,637
246,1013
215,415
214,794
215,645
129,710
95,677
192,759
218,690
218,520
214,456
219,580
197,678
94,558
94,783
87,762
132,721
167,581
202,502
206,447
152,639
105,632
134,440
197,529
214,582
88,633
92,598
197,342
197,523
218,766
198,521
198,546
169,759
124,572
218,680
214,645
198,558
90,647
166,741
181,352
215,501
94,656
278,913
162,764
218,475
219,445
181,672
229,822
189,444
126,701
217,663
197,413
95,719
221,475
249,661
200,485
216,602
218,748
194,393
173,685
94,684
215,769
182,711
246,643
197,601
94,630
195,423
229,597
212,436
214,624
218,421
141,524
12644,135
246,497
118,616
182,636
281,596
11869,210
177,431
218,744
279,551
225,739
215,766
198,537
215,533
167,669
95,676
282,637
198,435
167,524
198,615
196,694
215,675
197,703
217,459
149,598
258,438
230,545
12418,129
181,542
89,1019
217,666
218,817
85,706
146,824
183,540
202,437
215,570
196,672
216,685
229,531
92,583
216,472
278,711
199,659
215,672
12644,135
189,555
147,983
281,686
201,613
125,545
170,415
273,539
152,464
167,1012
275,789
217,578
215,643
167,459
214,363
12049,136
185,719
176,899
173,649
219,638
209,690
217,689
149,517
285,546
128,624
193,458
230,652
199,780
233,332
198,831
221,913
231,807
210,497
196,601
182,507
95,510
197,504
215,491
221,644
196,424
217,439
215,490
212,449
177,620
199,470
217,723
249,746
169,360
215,404
166,446
136,685
12644,144
197,567
148,549
111,446
200,840
189,583
216,688
217,572
215,690
197,628
214,498
134,822
181,368
278,650
171,551
216,579
214,559
232,565
218,1036
95,609
189,588
182,750
214,895
276,410
214,435
265,544
279,440
100,380
193,538
199,528
145,702
130,681
214,507
216,502
215,639
166,789
246,669
169,687
138,551
174,530
205,746
202,477
209,597
212,689
197,764
206,631
198,477
88,381
214,778
12535,155
197,689
214,731
12472,132
183,564
199,437
279,528
167,605
164,448
200,803
279,630
213,655
214,685
221,526
185,700
122,661
86,741
197,545
200,681
214,339
199,739
12139,174
273,524
195,431
229,1044
193,435
213,456
183,499
250,476
171,680
181,762
118,829
182,610
215,486
87,386
201,820
182,392
95,567
278,508
182,664
198,562
273,503
205,604
201,637
137,556
92,598
197,621
196,634
214,544
197,733
214,592
124,801
214,400
278,613
276,432
214,810
214,571
213,863
114,563
151,398
282,479
171,458
12448,127
11961,141
196,664
199,456
225,589
265,591
12644,161
198,536
212,547
279,602
130,502
213,791
97,797
215,545
213,548
104,753
218,832
10747,118
230,550
220,705
12644,95
165,686
249,595
215,1055
161,433
213,466
165,897
139,565
217,1095
12154,157
229,860
276,652
215,767
218,531
12154,124
198,745
213,757
200,476
276,497
215,791
142,634
90,544
149,628
212,564
125,545
219,682
127,657
238,688
273,606
216,2164
182,604
105,621
281,639
197,639
189,804
212,675
118,859
185,460
169,590
216,620
214,841
190,549
265,566
218,699
278,899
277,482
103,572
213,478
248,506
231,493
230,482
12016,172
280,592
150,892
198,791
169,603
222,522
199,634
202,680
197,513
170,567
213,554
100,574
278,599
229,692
215,496
213,582
215,477
278,568
200,625
109,462
212,696
262,685
96,670
175,545
165,447
229,817
199,566
198,478
182,572
231,403
230,480
12139,154
214,478
183,714
216,551
201,465
201,614
210,603
213,812
174,484
217,942
213,425
181,603
232,425
87,567
217,496
12644,125
220,661
135,788
118,553
196,501
198,700
213,483
214,539
219,602
200,627
165,1122
92,786
94,570
198,947
213,444
197,990
214,422
282,651
94,697
201,573
278,457
91,636
197,570
199,609
231,846
233,559
197,530
89,817
217,651
201,553
216,522
95,765
230,439
202,471
249,881
133,485
182,591
198,478
97,635
214,899
215,879
213,432
225,410
278,578
94,844
153,795
92,551
212,483
182,621
198,679
279,941
276,603
217,639
279,912
273,587
11871,129
118,1706
222,772
126,470
199,546
154,640
199,684
198,643
194,501
214,484
194,438
213,735
246,625
146,618
278,761
277,739
166,414
202,474
198,675
196,490
201,714
198,530
216,394
100,546
218,678
122,402
165,483
217,681
216,568
220,862
94,787
219,610
209,729
198,837
217,507
198,508
245,640
169,681
199,673
217,634
173,465
278,406
278,445
99,922
212,596
201,546
12499,144
200,478
280,402
198,525
133,583
189,747
116,541
131,548
221,1025
215,517
221,969
228,627
181,463
214,399
94,766
274,472
276,649
266,391
166,624
12535,165
198,937
182,525
209,735
214,648
170,446
12217,137
281,366
122,631
198,601
93,530
215,590
217,496
247,528
221,537
219,409
175,1037
165,377
202,398
200,654
197,543
216,457
98,874
181,576
205,614
185,658
143,602
219,716
182,473
89,737
182,611
199,768
196,726
174,571
277,574
198,723
170,653
151,711
181,487
233,878
197,450
102,617
273,523
166,994
216,589
281,613
182,434
197,641
199,688
95,469
166,480
133,593
209,384
213,503
117,519
214,648
198,581
197,388
167,1179
170,624
182,846
164,471
145,642
97,194
199,480
199,473
234,518
121,627
215,593
216,747
215,624
215,531
218,486
221,526
215,437
200,688
202,424
218,527
196,601
169,521
120,515
217,782
282,645
214,851
230,556
213,648
11815,137
220,538
217,651
12407,183
172,418
193,380
214,776
278,568
215,579
218,1051
196,660
274,533
216,732
200,687
198,537
167,599
189,690
205,393
212,713
197,502
185,552
96,555
198,685
218,619
254,526
195,565
90,599
182,566
93,612
169,533
196,421
277,736
215,651
97,701
216,766
103,890
215,655
198,462
165,467
199,413
199,733
213,843
165,428
180,706
210,605
215,484
233,690
185,413
213,684
277,733
181,691
214,678
174,706
199,485
200,628
215,1110
213,692
218,671
87,626
89,560
201,558
221,439
182,527
201,738
99,749
131,628
167,640
214,649
87,976
216,563
12016,202
198,625
149,542
278,415
12184,106
210,596
172,626
217,676
182,607
134,581
198,414
214,781
213,695
278,618
199,492
200,340
105,859
196,860
146,664
12184,173
164,570
148,861
218,632
170,658
215,707
121,649
199,472
11961,159
182,786
196,699
185,707
281,494
198,552
193,699
197,716
215,671
260,498
92,636
214,566
87,436
214,416
197,456
162,602
221,461
137,535
213,690
199,490
84,553
215,456
214,431
137,447
197,600
197,496
174,436
11671,241
200,596
199,470
213,675
222,834
181,691
182,585
96,424
85,394
99,351
149,484
177,399
273,983
218,549
201,380
189,610
199,748
198,628
199,695
205,656
201,872
277,722
198,449
128,547
86,552
217,675
12472,126
199,541
11815,130
197,817
281,630
201,733
215,570
193,647
217,711
216,855
202,427
201,449
250,728
12132,145
11636,151
202,753
137,608
214,815
117,386
218,493
201,845
91,508
219,1483
189,602
164,451
166,504
181,495
199,756
216,685
247,760
166,646
166,649
182,538
214,520
228,855
164,942
214,607
11743,156
205,582
215,509
209,752
102,502
218,542
201,820
102,373
149,608
262,680
281,564
209,514
12535,128
117,464
198,711
179,619
152,608
199,600
217,624
169,771
279,582
122,501
183,431
125,666
231,592
202,965
166,417
124,572
185,424
213,726
90,467
134,436
214,508
197,589
215,497
142,801
185,499
12163,196
215,848
247,425
214,460
279,574
197,700
177,483
182,671
278,427
90,453
217,503
201,758
196,404
189,749
218,592
175,378
214,442
220,567
221,454
200,445
101,570
197,609
12364,173
197,453
201,711
261,777
281,773
216,526
90,659
215,628
197,716
150,648
152,396
172,544
199,674
183,614
221,592
218,693
180,698
196,499
173,501
129,367
183,668
126,633
12217,130
217,603
169,483
12472,129
133,749
198,526
213,553
198,579
282,797
197,688
12279,142
205,456
213,524
169,735
229,748
218,779
279,585
182,809
212,825
217,404
266,500
109,917
166,510
217,622
185,709
12245,131
165,666
215,659
198,676
197,653
278,378
198,589
201,541
278,582
230,611
246,545
11671,158
180,392
213,408
213,456
181,594
150,589
213,642
181,748
215,818
214,708
214,766
198,714
219,651
216,406
199,338
220,721
182,435
94,679
12184,118
195,759
216,588
176,713
276,1039
219,629
89,805
212,467
198,508
199,672
186,733
214,465
217,626
216,563
201,702
262,535
237,775
178,764
212,675
213,779
200,507
209,706
199,583
185,558
215,541
214,764
198,745
199,660
221,461
193,438
211,450
198,681
200,485
176,505
161,650
217,689
179,568
186,903
111,911
197,694
182,777
217,562
193,713
218,549
214,771
202,628
183,797
198,532
198,699
198,516
167,664
132,653
182,539
233,547
165,652
221,815
166,440
169,667
215,638
205,541
92,424
213,534
214,408
198,711
198,905
219,640
262,477
280,572
215,660
281,672
214,577
186,558
114,842
125,559
225,589
89,411
145,777
197,652
165,645
199,552
150,708
276,670
117,490
154,562
219,629
166,460
152,919
217,657
277,965
146,656
167,574
199,450
181,507
130,797
214,528
273,434
273,464
214,896
245,469
214,695
198,591
214,431
198,333
182,741
94,670
214,517
198,526
277,529
215,503
12525,156
201,560
199,549
217,583
101,527
180,531
232,516
178,479
12015,132
229,694
165,543
129,937
105,675
199,679
166,481
217,716
153,480
278,604
181,640
231,846
262,477
113,511
214,676
101,673
220,564
166,679
12581,138
180,667
218,603
197,495
87,683
170,672
199,656
217,589
137,515
213,483
198,737
198,440
179,486
168,1113
166,381
249,1144
105,695
198,384
182,448
197,568
214,755
172,673
165,656
230,567
216,652
183,697
218,564
279,429
214,813
221,682
216,679
214,575
280,699
214,500
90,896
173,988
215,769
215,667
214,412
198,618
202,499
166,402
166,706
86,442
206,675
215,517
214,421
12525,161
213,428
93,550
198,441
218,450
214,820
131,428
197,363
185,699
279,377
198,426
94,651
199,417
198,646
215,619
205,686
182,555
218,544
217,675
93,405
197,631
85,720
197,701
214,729
214,599
213,659
278,693
126,728
215,466
84,764
230,765
198,737
233,405
214,499
201,645
130,446
101,704
154,541
204,628
94,742
201,632
189,593
200,744
221,832
197,812
214,573
197,635
214,551
87,214
202,552
198,755
246,534
218,723
214,380
183,904
107,556
281,1786
214,719
230,600
213,540
96,427
213,692
214,398
278,805
211,631
91,445
12163,145
169,754
198,592
264,496
237,818
245,655
244,750
218,541
217,729
182,542
181,464
198,824
212,716
96,842
209,494
174,551
210,677
12377,126
199,609
153,636
213,710
199,625
217,770
137,488
277,706
100,540
118,499
198,637
215,559
11642,146
129,439
11904,117
212,648
87,461
215,638
12644,211
137,447
11961,157
182,1084
217,545
213,457
217,549
221,419
195,656
280,891
214,673
197,484
147,665
161,433
12184,218
216,728
193,602
168,519
215,482
88,244
198,699
153,522
167,504
130,572
201,702
218,681
217,639
273,1497
217,647
233,642
220,522
153,823
198,611
233,449
217,491
199,694
196,497
221,792
12448,170
198,519
221,818
94,531
199,601
113,377
215,685
195,596
277,855
97,615
88,572
215,480
185,393
217,667
229,686
106,619
201,733
217,599
230,931
133,544
182,449
282,765
175,552
234,1084
218,689
199,643
214,628
199,604
213,577
11636,153
94,612
185,474
277,564
198,646
166,656
221,753
198,630
198,407
200,593
213,645
118,717
167,935
168,739
214,385
86,516
197,437
120,789
213,629
194,607
125,755
147,415
169,458
198,668
205,664
92,690
166,504
209,618
199,598
214,849
214,417
185,426
161,1398
214,590
198,455
221,568
218,809
279,537
214,438
186,857
214,432
213,842
205,437
219,522
210,622
213,605
12655,98
182,576
171,513
197,731
12364,183
173,643
199,551
276,527
198,847
92,441
102,606
237,488
250,589
213,645
169,746
215,660
199,519
181,747
197,490
166,502
12644,147
205,753
183,553
213,808
198,496
281,550
275,659
154,748
167,896
217,597
196,438
198,491
173,610
193,665
281,630
209,472
234,643
119,533
215,808
217,809
215,749
185,816
218,797
221,421
209,803
215,620
200,435
169,802
167,822
277,602
233,634
281,434
89,707
218,599
217,469
181,540
177,516
168,705
193,555
229,531
194,451
220,615
197,462
197,772
219,743
275,676
198,696
218,635
282,580
129,714
171,527
182,564
210,641
197,564
214,473
166,663
225,659
214,629
103,442
198,672
278,615
201,779
149,830
199,682
149,654
100,252
202,442
126,765
212,560
197,784
168,585
230,494
198,526
219,759
12016,116
201,547
229,571
149,630
151,658
214,557
180,489
201,540
214,934
12455,117
225,446
209,514
247,427
193,786
204,713
195,474
198,492
202,404
212,517
217,539
190,551
199,476
277,831
217,472
106,656
110,837
282,534
180,927
217,434
201,758
161,495
193,478
201,475
198,520
195,614
215,511
198,359
166,617
201,707
214,741
232,797
199,467
201,627
198,627
167,721
118,729
178,567
182,653
182,594
166,644
197,600
197,528
166,585
88,800
197,686
229,914
198,406
202,734
11871,115
95,677
205,724
214,478
198,509
86,561
193,577
169,823
12139,149
217,518
91,257
186,459
230,540
201,754
198,546
215,726
217,743
183,640
182,699
180,672
218,487
211,483
200,620
213,486
89,456
167,558
105,555
225,527
89,516
219,703
186,600
130,865
198,983
169,719
185,693
215,674
134,550
190,765
217,458
217,779
217,542
199,575
215,706
167,573
278,753
167,725
158,366
183,566
217,482
211,497
199,502
214,363
250,754
217,539
134,536
182,525
202,466
197,558
91,535
199,710
194,470
198,800
166,516
165,669
197,733
198,815
186,478
213,857
171,448
278,469
277,365
151,383
101,702
175,427
180,980
278,518
91,467
278,778
148,374
198,528
218,523
286,497
198,477
212,681
132,615
210,551
198,445
214,753
233,733
213,472
214,698
197,368
97,551
196,802
186,555
213,652
278,590
231,462
197,744
217,775
166,425
202,568
201,504
217,656
229,433
161,741
199,560
199,1051
278,423
221,718
217,510
122,493
211,649
218,587
214,705
12085,202
214,495
273,912
167,405
217,588
213,418
97,666
198,556
157,439
201,442
106,867
101,726
131,539
199,476
214,475
213,821
201,732
217,521
249,697
173,554
218,680
197,674
11871,139
218,582
198,651
217,793
209,434
117,624
217,606
183,570
182,618
98,1255
197,581
166,707
178,747
213,627
221,645
233,713
220,541
200,404
197,2148
196,685
213,618
199,534
215,610
214,688
193,682
185,466
12285,233
182,455
261,641
197,521
261,607
217,494
232,1010
198,628
198,631
143,679
174,462
253,499
199,407
281,765
122,373
153,475
210,443
285,624
198,487
198,650
165,408
198,505
211,681
218,631
89,949
221,424
247,481
214,580
105,699
209,562
202,870
214,792
214,600
218,684
118,526
166,646
182,671
215,773
230,768
278,740
199,534
182,585
97,466
160,470
275,808
217,634
196,616
198,965
209,657
166,326
200,648
218,757
182,413
214,517
230,1063
193,496
167,376
116,449
12499,138
217,525
114,563
211,743
166,474
269,469
209,422
177,1269
182,364
218,682
213,577
198,478
164,630
278,692
212,563
151,1078
244,557
213,640
215,552
135,533
217,704
217,725
122,822
92,441
218,664
209,720
169,543
171,679
198,655
193,381
199,563
97,659
216,481
202,634
205,747
184,821
205,663
278,726
109,355
213,725
201,467
100,590
183,689
131,491
118,757
148,581
182,654
219,607
286,652
231,675
182,555
276,637
216,709
182,355
182,502
12525,167
213,709
216,589
86,502
11671,203
278,651
198,333
197,559
166,692
200,641
265,1005
212,689
217,677
213,643
218,707
161,676
229,613
195,430
137,595
190,765
278,452
181,593
209,778
169,623
201,565
199,835
230,586
182,638
217,526
183,424
282,546
213,697
179,609
221,683
100,786
197,546
206,492
212,789
165,548
198,690
200,553
180,713
199,386
117,766
200,631
213,745
196,430
195,404
93,679
193,689
199,644
233,781
217,773
197,587
221,738
165,545
200,422
87,730
278,676
206,555
130,592
11671,168
213,554
217,534
218,506
246,591
169,738
99,712
221,572
120,515
93,679
209,682
197,391
201,623
201,689
198,508
197,600
195,561
185,651
215,456
219,699
101,755
201,761
85,844
150,485
201,711
213,837
185,560
201,598
217,452
246,444
282,535
234,421
198,553
166,759
197,512
209,558
278,573
202,731
265,566
194,387
154,467
212,682
213,815
220,799
197,508
250,620
212,716
205,635
114,563
200,669
166,515
210,677
182,503
201,582
151,549
202,446
214,544
98,488
217,769
200,657
198,522
215,795
196,346
94,788
215,840
214,510
279,489
170,369
214,690
217,580
281,685
277,554
213,768
185,487
201,523
198,575
199,658
281,694
194,639
185,695
214,447
222,671
217,492
12644,102
249,733
168,636
281,430
202,498
196,549
175,460
197,563
231,551
279,591
198,496
90,681
205,674
230,672
214,467
193,620
199,678
221,660
201,803
214,682
196,621
209,705
280,1008
214,711
183,587
137,405
198,709
279,629
169,542
278,396
215,651
281,642
217,1056
201,506
205,384
214,423
166,644
161,472
217,484
201,486
222,652
186,594
198,445
211,654
197,447
196,652
276,610
199,491
213,387
249,407
89,949
275,727
197,706
111,616
234,440
201,674
104,710
201,757
215,730
209,652
212,476
93,571
222,428
214,513
217,597
163,742
173,693
134,569
186,506
130,453
197,559
197,721
249,665
210,623
278,427
217,605
175,556
93,734
217,819
217,622
282,524
221,522
165,457
166,681
109,736
102,595
261,935
221,701
202,471
260,702
202,497
113,737
150,701
215,656
279,568
153,394
245,780
95,777
183,528
250,919
129,615
198,673
86,588
197,418
214,414
169,482
89,701
169,606
216,658
217,919
197,817
218,850
199,513
218,448
199,451
214,429
197,742
199,535
213,439
198,754
181,713
167,610
218,342
107,455
197,540
198,508
214,660
201,394
194,788
197,652
278,792
218,789
279,514
176,983
216,762
222,727
201,790
216,549
205,996
199,703
92,645
201,565
282,819
214,647
221,730
228,362
171,661
198,559
197,557
217,660
205,540
213,632
215,502
199,544
91,513
12139,149
222,779
214,899
165,412
133,611
213,575
215,477
217,410
165,479
281,553
173,577
220,679
178,639
149,651
104,677
214,453
12154,148
174,615
197,528
182,689
211,812
214,607
277,546
214,546
230,545
215,689
217,381
183,517
280,527
218,719
215,562
181,760
279,727
168,648
150,610
12364,177
278,726
167,478
198,918
195,448
225,555
89,679
182,488
261,803
199,863
200,671
215,624
182,699
216,489
222,658
228,773
93,655
225,625
171,755
212,616
148,463
198,725
134,508
242,990
119,796
217,836
218,977
217,566
177,653
110,536
137,408
215,410
181,562
197,771
182,426
202,477
210,911
166,747
273,593
96,690
214,564
247,630
278,613
218,484
166,635
172,684
170,812
249,672
214,393
165,1096
216,922
168,649
172,651
221,500
201,500
202,531
217,788
164,657
217,466
198,742
214,463
282,756
216,499
12278,116
276,1044
214,719
184,503
285,650
216,701
168,581
102,797
116,1009
198,621
189,558
151,473
199,546
173,480
217,703
168,488
215,502
155,548
169,496
181,642
196,498
201,650
221,730
185,495
116,644
12279,130
225,468
12015,130
161,832
167,770
169,598
202,477
237,517
214,512
201,608
197,449
205,532
169,616
210,832
11961,108
212,909
111,706
277,487
202,349
98,500
91,751
193,731
166,683
150,428
137,649
278,419
182,574
164,594
279,868
217,570
12139,188
177,607
182,752
234,473
205,420
106,695
198,554
201,653
214,471
206,580
125,911
150,831
282,562
277,768
199,614
211,497
261,694
212,642
197,705
206,389
200,657
201,772
205,582
182,548
183,612
128,569
169,544
281,329
215,514
205,543
213,656
133,674
198,497
206,550
198,699
107,810
166,762
282,761
98,723
280,884
199,448
12211,118
106,454
205,564
186,809
180,853
166,465
132,721
196,536
89,727
146,472
148,417
165,488
199,706
231,592
122,359
197,683
167,506
198,521
170,587
217,476
214,966
215,589
90,492
189,663
219,725
199,490
199,733
94,763
201,640
93,409
98,521
212,689
196,440
215,643
209,497
137,552
217,671
150,399
220,463
282,643
211,577
182,434
197,406
12418,168
177,487
183,454
113,540
249,733
197,441
231,760
214,537
193,871
213,792
202,552
216,687
209,394
217,770
278,613
282,700
260,758
121,733
95,628
133,633
217,409
212,484
217,464
214,560
190,438
136,428
198,472
198,517
174,419
202,674
216,657
215,747
216,853
169,520
110,851
197,478
221,634
209,628
218,670
164,642
197,539
276,790
94,588
212,571
216,602
211,690
180,993
196,413
214,444
279,538
214,620
199,356
198,605
206,979
214,601
183,437
214,761
193,808
167,942
100,495
215,493
229,714
12418,126
246,509
278,615
174,674
103,683
198,680
232,843
99,471
169,449
197,466
216,566
197,667
217,788
109,922
94,615
166,784
213,377
162,538
87,565
177,722
137,491
214,548
214,489
165,784
278,661
93,991
198,644
209,631
115,743
199,395
216,594
213,429
91,696
166,753
119,542
198,858
166,699
218,667
153,671
201,462
200,916
151,516
122,798
217,807
201,591
201,729
201,582
214,751
11926,234
225,629
180,633
198,582
257,402
150,476
183,687
279,498
197,560
216,679
186,620
198,448
218,708
215,909
213,524
281,849
151,784
149,754
178,662
237,949
11743,136
213,481
97,860
170,613
198,435
219,710
216,508
199,536
201,551
179,718
115,600
134,509
216,831
169,550
199,388
229,600
214,584
189,588
278,500
246,664
202,458
214,574
12184,132
278,813
213,729
196,558
221,920
167,458
197,610
173,643
90,657
193,1090
199,495
213,770
219,1008
198,614
200,464
218,691
217,666
198,1026
167,678
146,837
231,760
245,791
186,558
93,727
103,647
213,668
195,616
218,814
197,448
249,586
167,653
11871,147
166,735
165,889
89,805
278,1111
201,573
179,505
212,719
171,582
215,758
198,664
167,630
216,869
185,902
217,589
216,728
209,525
154,652
181,625
138,665
167,702
205,636
175,525
246,791
199,573
250,787
213,599
213,1154
249,647
215,579
265,1373
279,490
232,477
182,476
121,345
213,935
198,464
281,684
198,819
182,711
217,838
197,530
215,611
109,936
119,1078
196,635
142,723
199,546
199,529
198,400
198,572
231,758
150,514
178,569
150,757
219,552
101,517
103,457
233,923
184,628
89,462
232,522
199,637
214,460
262,831
205,573
185,374
201,521
136,504
214,475
185,422
119,490
261,782
217,554
218,493
214,569
220,822
100,698
216,1074
273,488
10748,150
110,538
172,501
96,388
225,637
246,591
173,639
200,486
282,475
201,652
153,498
200,594
93,713
280,831
199,394
241,460
221,459
97,744
201,504
197,493
231,699
217,631
161,829
214,648
183,433
213,565
214,539
200,645
213,541
198,782
197,451
215,509
216,2032
162,802
170,679
88,628
197,463
214,627
165,608
202,598
201,694
229,822
215,618
281,849
97,721
201,867
99,697
201,670
180,601
152,471
220,805
214,678
196,593
238,584
215,672
168,709
86,766
97,400
199,591
197,640
97,410
213,715
177,669
214,566
94,731
278,711
214,562
165,577
217,368
201,655
194,476
181,741
275,585
111,616
198,618
214,625
99,726
12572,126
219,985
12184,135
197,771
277,463
104,370
12132,170
246,763
122,769
214,550
182,701
151,480
117,701
214,448
215,595
166,919
209,743
217,455
196,663
214,648
167,458
277,694
234,575
120,279
214,654
177,839
169,687
221,813
201,601
166,515
222,661
165,609
11815,139
217,521
161,612
197,521
221,489
217,825
215,504
167,1179
209,655
209,705
213,666
97,671
198,676
201,668
133,837
260,444
94,697
277,756
218,387
213,552
105,208
198,766
230,623
214,649
161,773
181,702
225,928
175,571
120,480
149,805
221,706
138,536
198,721
189,773
218,716
259,557
167,508
12085,209
282,562
162,748
217,658
91,609
201,519
200,617
96,734
196,646
276,606
169,554
200,481
230,556
119,712
198,745
197,544
227,737
221,1553
225,523
275,694
215,732
117,759
276,652
216,385
182,409
198,581
281,533
231,444
12364,123
212,755
217,854
98,549
214,509
197,570
221,685
201,478
230,565
162,590
198,720
249,832
214,731
197,693
277,731
213,553
214,656
200,727
211,439
173,670
168,552
217,431
198,424
232,770
98,711
214,507
197,570
201,446
133,536
212,522
129,619
12499,226
113,500
197,516
278,690
181,605
198,572
96,702
166,1030
214,742
221,613
88,959
214,750
221,750
198,782
174,765
198,619
113,380
198,479
113,720
216,465
279,806
165,602
214,518
168,447
166,638
222,650
199,601
91,751
221,546
105,526
89,525
117,762
246,548
218,527
141,422
102,457
198,672
169,764
277,793
246,684
280,435
217,919
183,451
161,815
218,483
231,519
199,532
205,772
112,669
243,763
221,493
177,401
218,478
130,457
93,545
119,597
281,485
197,574
183,644
105,754
221,661
275,502
170,568
131,519
278,664
215,498
220,704
198,639
198,730
189,650
199,588
200,941
214,792
118,729
197,655
230,781
202,453
216,938
199,432
149,772
215,481
201,520
120,773
185,398
220,758
231,760
166,682
198,469
218,604
202,441
234,642
198,616
92,559
214,656
181,640
205,393
278,865
12163,142
12154,154
222,497
172,650
182,719
166,821
206,979
214,1426
91,596
217,382
205,477
11926,239
238,425
244,453
217,500
196,614
102,493
93,730
144,759
218,813
214,500
281,559
213,558
221,684
270,560
278,396
177,535
149,469
215,512
201,679
92,522
213,440
169,771
229,537
209,618
197,569
198,631
281,1068
220,529
218,748
277,622
99,596
231,399
137,524
286,518
158,824
193,586
216,650
278,569
197,658
153,527
193,430
219,716
93,751
184,396
213,473
149,631
165,737
213,428
166,715
99,557
166,388
278,806
198,434
261,422
221,772
205,524
217,445
218,562
172,462
178,603
215,681
213,673
97,758
216,629
182,394
195,821
103,643
221,579
199,746
212,716
164,560
215,594
197,503
218,603
181,422
215,576
153,856
197,569
214,572
199,790
213,978
174,793
285,933
12085,227
226,630
165,608
197,725
220,708
185,510
218,605
214,392
199,858
215,668
199,717
222,599
198,674
101,462
181,634
109,427
170,412
202,462
99,596
182,655
218,700
149,768
247,888
143,663
185,587
197,484
165,389
212,781
198,523
166,592
199,790
217,644
215,527
145,558
165,569
280,415
277,399
11636,148
200,796
182,702
198,679
218,612
216,672
229,996
212,801
270,631
278,844
215,842
205,483
198,690
199,435
213,631
212,611
216,562
11871,133
263,677
211,500
238,660
99,466
201,454
230,768
199,655
12139,134
216,711
201,1315
182,614
213,932
147,633
213,456
197,762
199,517
217,693
165,892
193,678
214,461
212,692
193,511
216,533
201,649
120,393
217,476
143,681
214,1104
194,644
95,1012
164,489
183,736
205,420
182,612
201,783
199,522
199,687
166,643
98,665
198,478
150,485
241,635
278,479
152,527
166,481
201,749
214,481
153,352
198,593
199,635
103,617
214,426
198,668
199,512
88,330
89,568
166,590
221,676
153,410
201,710
214,494
11904,201
278,818
182,636
185,728
214,450
217,623
279,657
181,526
198,721
142,732
193,546
173,515
213,680
189,586
215,557
218,808
183,913
202,415
246,607
197,829
211,653
165,680
213,473
218,634
165,778
221,443
214,460
214,600
166,521
197,438
218,821
173,693
216,481
215,865
199,439
149,1088
201,560
193,606
218,640
229,860
216,734
217,357
278,456
12499,149
196,458
96,560
182,405
262,384
228,540
279,762
213,425
279,407
198,644
170,602
193,398
126,527
11904,109
182,783
161,470
93,537
217,657
102,423
215,408
245,565
285,738
101,969
185,595
217,817
161,771
212,445
202,540
91,450
161,1398
217,350
278,405
214,985
189,660
201,377
216,1025
181,516
197,620
213,417
281,345
212,515
233,664
165,560
170,386
202,605
183,767
114,563
219,756
215,620
225,532
182,695
218,630
150,830
198,379
197,450
200,683
98,470
94,687
201,397
217,637
216,406
216,755
209,671
11671,164
278,687
217,536
222,617
238,745
218,482
157,457
99,599
199,713
217,833
166,729
173,670
197,1151
216,512
177,461
201,467
149,539
280,432
196,577
133,536
214,516
199,596
214,559
196,723
169,490
107,324
200,480
199,794
201,519
209,666
11871,212
249,649
185,646
166,425
194,572
94,625
101,819
225,927
218,710
198,388
215,533
12456,126
165,750
127,551
100,924
213,451
202,567
90,715
247,439
264,606
93,734
218,578
182,598
150,617
197,696
143,580
105,534
285,825
244,765
194,588
276,666
198,671
214,385
218,626
210,499
281,418
94,636
209,432
199,472
148,676
222,783
174,370
229,650
230,452
279,441
197,371
278,576
197,540
85,601
205,551
279,858
199,726
215,858
278,575
165,389
151,626
185,747
166,739
125,608
281,680
199,607
149,879
220,908
148,654
218,688
212,719
200,449
212,544
92,450
281,731
201,526
141,522
182,494
218,572
221,559
201,467
238,542
193,642
206,540
185,666
217,534
214,498
217,623
278,738
201,582
12644,164
201,577
182,574
166,647
281,625
136,596
214,392
165,358
216,625
200,596
110,533
281,647
131,334
106,698
230,530
180,683
99,653
217,483
217,733
12524,123
201,452
12154,192
12285,107
94,845
230,1140
218,659
196,726
120,518
209,604
177,699
217,671
121,703
278,947
278,882
198,418
202,868
263,649
166,605
197,422
11926,152
197,514
132,615
167,451
165,524
214,629
214,741
145,912
199,537
215,663
277,857
209,671
88,637
214,418
221,731
245,542
198,527
212,489
184,614
205,711
215,422
119,459
214,752
214,450
214,544
234,744
12644,160
201,453
11636,138
214,488
202,837
165,523
219,806
181,734
198,600
198,415
198,592
182,560
202,352
278,404
134,522
210,911
167,804
178,841
213,602
199,522
85,842
279,475
281,671
276,409
219,786
139,447
281,392
219,652
217,891
197,721
218,527
118,636
168,477
214,413
214,712
11815,154
213,486
216,865
102,866
98,620
216,848
197,686
12154,194
228,693
261,609
166,719
212,812
182,566
185,743
183,617
194,616
137,649
199,612
170,454
215,471
199,586
228,618
173,654
149,654
198,616
196,636
217,631
197,692
145,777
206,746
213,647
265,455
94,449
219,522
217,521
218,567
171,749
216,524
167,577
201,494
194,523
215,501
217,670
202,565
204,528
220,625
184,632
199,596
97,501
165,705
214,664
168,585
198,478
213,793
213,542
220,463
198,593
180,580
234,395
197,611
183,517
199,592
205,435
152,582
107,641
182,410
193,549
280,694
200,1082
214,611
89,907
262,579
209,405
217,597
201,602
205,512
111,433
193,423
249,527
214,763
280,610
169,478
168,720
215,450
197,459
285,680
282,587
199,388
154,413
190,684
100,728
181,721
281,618
106,556
242,855
102,632
161,777
221,591
198,796
212,421
276,374
281,787
201,457
198,703
201,769
182,434
209,520
214,625
230,624
163,632
274,648
199,526
198,707
195,422
102,401
218,639
92,682
215,812
229,465
91,707
133,502
221,647
197,608
98,672
233,567
198,526
190,715
88,438
217,997
171,658
92,767
183,570
201,736
214,513
200,448
215,899
101,580
201,696
167,724
134,408
97,770
182,669
213,403
231,569
214,628
217,466
195,635
243,746
164,444
199,465
12016,141
167,829
150,864
182,752
93,558
102,678
196,449
246,897
196,433
196,424
230,585
214,423
108,655
216,572
201,671
212,476
166,802
102,704
279,485
183,813
213,542
213,729
199,492
213,502
113,668
219,891
277,760
249,857
211,617
217,786
198,626
117,541
165,401
217,624
166,675
182,967
88,562
199,506
280,563
205,685
231,539
169,440
212,639
213,758
183,692
198,723
194,429
169,508
209,607
202,425
225,636
12364,130
230,377
214,1213
199,685
199,580
129,619
230,794
281,849
199,454
149,439
181,817
182,421
211,505
213,432
197,362
166,417
215,738
182,492
169,672
198,737
88,639
202,380
217,687
172,519
199,888
199,475
278,557
201,389
165,630
183,751
201,675
200,623
183,690
218,528
94,819
88,462
217,679
91,744
94,682
212,606
129,937
166,487
276,409
12015,106
198,468
199,545
211,700
175,521
229,586
212,575
199,636
214,499
197,496
230,765
198,893
94,659
101,789
149,635
217,815
141,954
149,612
144,609
169,688
277,571
183,495
197,346
198,911
193,525
218,934
97,687
167,481
148,423
118,914
261,935
180,489
96,762
277,629
198,417
278,907
198,644
11926,123
156,450
202,758
279,613
134,568
117,476
212,602
213,598
211,554
153,654
214,519
185,540
266,1226
214,376
199,642
232,483
87,864
214,428
280,884
265,942
133,494
198,627
199,977
216,447
218,696
217,630
198,558
213,621
182,697
93,715
214,750
11904,132
246,500
214,1027
214,405
221,845
280,394
179,368
214,488
11904,128
213,628
277,620
119,1106
94,705
217,492
285,641
217,368
230,633
213,706
88,426
199,476
201,675
201,821
180,875
216,439
201,509
182,634
165,513
221,561
205,440
101,485
197,628
215,865
9858,163
149,772
222,727
201,498
212,505
167,493
196,605
167,935
213,558
179,467
277,984
182,474
276,476
172,851
198,439
199,808
86,442
167,459
273,384
135,609
213,741
215,624
198,562
281,851
278,675
196,657
199,631
120,870
279,431
166,559
201,507
193,836
269,622
198,664
151,496
185,481
227,1079
218,595
193,436
169,768
216,396
277,518
121,413
201,776
130,404
213,378
218,763
269,680
216,495
93,734
180,429
185,559
182,577
182,702
198,787
181,801
215,592
217,506
198,841
198,434
215,748
201,652
198,793
133,545
174,648
171,590
201,560
197,591
197,628
197,783
87,407
199,490
198,554
96,594
215,661
220,435
212,470
125,649
12015,99
194,512
183,560
213,764
173,638
198,880
214,591
201,449
92,431
193,555
87,493
198,829
137,690
181,691
216,766
202,788
198,554
201,541
157,470
218,713
186,572
12184,145
151,505
217,419
180,452
262,739
150,494
201,767
126,686
194,545
214,624
173,468
93,558
218,419
178,460
215,763
93,528
215,675
161,462
173,898
95,754
198,999
193,398
220,666
220,770
207,420
279,565
149,652
94,989
198,809
215,588
232,518
94,709
214,606
214,439
213,544
198,976
214,756
12418,257
170,438
115,757
182,409
281,506
214,423
197,608
202,499
214,666
170,487
202,626
152,443
278,473
198,400
198,407
89,896
193,878
218,843
202,663
189,984
217,465
134,586
11961,221
229,687
100,707
214,803
134,436
278,729
193,440
197,750
185,618
97,885
217,863
184,632
94,610
186,431
214,711
222,405
184,419
198,511
193,635
169,457
210,464
185,557
173,786
136,1106
198,579
168,480
201,532
149,648
129,590
198,542
177,607
12139,131
216,487
186,739
193,398
197,709
286,737
209,396
229,436
156,409
230,487
94,497
83,699
181,684
214,582
199,420
169,681
203,715
199,435
209,741
198,634
218,694
197,678
198,631
198,493
217,795
198,713
183,647
197,652
217,745
213,715
181,587
205,533
279,605
282,730
96,822
131,428
219,699
133,715
99,701
215,656
234,877
185,480
201,565
179,472
221,613
214,705
177,516
225,550
214,414
198,561
202,422
213,413
262,566
214,589
211,511
265,1005
199,507
167,577
181,634
217,663
94,740
218,801
198,723
212,650
214,821
219,667
217,594
198,383
87,359
184,639
225,613
202,1062
169,817
131,1101
198,731
185,647
214,425
217,481
162,510
214,595
199,725
198,607
245,570
167,702
198,793
215,629
199,580
197,508
173,749
215,564
247,528
170,658
173,633
197,526
214,616
281,787
177,592
201,501
200,655
218,482
263,776
181,790
275,400
187,435
202,551
214,620
94,1297
130,630
281,558
12448,133
199,369
198,733
182,780
107,641
228,725
184,665
280,822
198,630
165,520
200,892
167,536
197,619
274,728
169,632
217,557
102,544
216,619
280,385
182,618
10748,212
134,555
279,753
178,639
164,783
199,533
205,371
231,493
215,414
106,811
216,731
173,480
201,397
211,836
211,1089
198,829
183,387
193,836
198,759
119,709
211,746
201,511
213,492
167,766
183,712
217,567
249,554
214,619
199,658
201,724
221,572
103,727
214,630
277,431
197,570
167,599
228,455
213,554
212,381
216,783
180,623
276,380
165,629
199,529
202,495
214,472
215,424
218,706
168,631
214,608
199,587
11961,127
215,602
214,758
216,634
120,683
87,765
198,593
94,700
148,460
167,854
277,631
119,810
166,484
201,522
181,494
209,1212
213,584
277,443
217,650
87,762
198,913
177,631
97,742
198,565
217,686
196,588
274,508
202,704
198,433
198,570
215,455
97,646
221,772
231,918
202,425
233,431
197,490
184,448
165,470
87,477
217,617
181,525
170,522
230,546
200,458
220,540
181,572
129,651
197,447
126,550
214,903
101,682
281,671
215,437
184,645
166,828
214,538
216,765
126,928
213,587
197,476
189,573
247,761
91,482
214,755
233,744
88,550
182,531
217,523
169,650
158,476
214,956
218,650
212,414
246,564
106,579
141,733
165,819
202,774
214,507
200,645
215,613
214,692
278,452
276,639
214,608
277,546
278,717
219,676
195,725
197,917
179,928
243,878
146,491
12525,113
87,837
172,522
182,664
222,791
196,615
198,716
210,716
221,649
246,545
212,693
215,743
198,613
218,611
182,707
196,603
198,443
199,434
200,665
166,571
140,640
215,541
278,724
214,746
93,717
282,506
181,686
214,502
87,458
200,650
105,530
218,503
181,611
87,461
199,575
199,461
121,642
201,588
102,587
222,476
182,601
202,835
221,955
97,742
214,508
94,694
217,413
169,714
202,564
165,622
199,467
95,569
154,383
205,747
149,624
193,738
167,630
99,721
215,624
285,901
279,524
246,520
198,504
201,407
185,615
153,587
163,761
11671,158
217,476
197,642
199,619
198,813
12085,146
198,711
205,672
273,985
215,800
198,623
196,402
266,648
277,620
245,1063
281,395
148,622
169,496
218,434
278,986
281,562
170,509
218,702
181,415
12285,138
213,751
212,384
91,560
186,735
198,492
217,629
168,825
170,527
213,429
281,553
217,860
244,606
222,658
199,659
122,1025
197,504
198,779
94,749
199,879
148,403
250,525
134,457
101,358
181,830
221,526
217,634
211,615
197,560
198,652
198,511
222,675
135,825
97,708
198,579
181,632
12015,138
201,470
216,741
198,822
198,586
201,421
197,805
12132,125
237,498
181,584
218,655
277,523
110,917
221,773
137,565
218,458
261,658
201,682
217,778
201,687
104,698
217,770
205,671
197,677
99,533
217,650
199,638
215,523
218,777
186,588
217,625
101,834
214,920
129,372
221,554
168,643
217,519
12499,145
217,726
165,785
134,454
217,570
186,529
198,637
133,468
213,541
217,600
213,772
169,475
214,596
169,672
166,624
221,679
213,471
202,560
113,785
151,393
233,531
217,606
201,527
216,595
180,470
169,508
202,589
102,584
216,723
215,620
170,508
113,737
178,886
95,626
137,503
217,934
217,640
234,422
217,546
213,376
261,549
198,666
11642,125
279,664
226,524
221,354
134,803
202,568
177,485
277,908
212,770
221,558
199,473
286,472
218,412
195,488
117,1066
100,640
87,612
215,746
128,401
170,645
217,677
217,841
167,680
170,667
218,821
193,475
232,863
101,685
199,901
12499,160
94,534
205,420
217,402
205,736
171,823
230,556
107,404
286,708
201,718
12015,201
12085,120
282,610
115,962
12085,113
198,630
183,473
120,477
168,433
214,656
151,443
217,633
165,564
212,463
168,519
212,720
94,577
84,872
199,465
213,652
109,280
185,644
217,419
281,663
197,872
217,423
278,315
214,718
200,510
165,496
167,630
214,603
214,519
225,555
206,485
232,477
173,539
213,669
261,781
198,691
181,833
216,748
199,542
199,537
166,673
93,425
196,753
216,656
149,635
222,695
184,643
217,466
212,760
98,665
214,504
200,463
178,745
225,627
214,494
274,625
221,818
219,523
200,639
198,401
221,658
202,649
144,703
199,605
198,1033
172,488
165,601
201,436
180,591
193,701
186,565
138,585
168,519
11904,168
182,659
213,367
218,906
281,596
89,550
214,755
198,578
198,638
198,691
166,530
230,817
250,762
102,1028
182,893
217,712
165,404
230,493
198,677
165,654
213,815
182,781
215,394
94,561
198,717
276,645
214,585
213,602
197,486
117,685
179,928
234,483
215,549
275,659
105,714
215,1014
215,633
170,461
166,635
217,415
199,751
201,776
233,550
115,575
201,583
198,631
181,606
90,447
212,633
199,520
199,488
214,566
126,945
217,595
212,716
217,417
215,418
212,559
209,708
211,621
213,671
215,489
199,623
206,736
275,467
222,727
101,914
213,705
110,713
218,983
93,405
11743,146
185,951
212,457
221,463
169,533
182,361
12016,176
198,478
217,666
200,500
277,605
214,648
98,534
218,589
181,803
280,609
214,707
278,464
141,347
222,880
182,449
231,564
245,724
202,400
281,545
217,566
217,912
11815,126
130,711
200,431
198,386
164,568
201,500
214,654
182,654
277,848
182,476
198,418
214,602
273,670
231,640
215,381
170,490
198,790
184,388
201,552
214,536
213,622
167,643
280,603
109,922
275,703
168,480
138,488
263,569
217,624
96,499
142,659
218,624
218,448
221,621
198,601
215,410
166,513
12184,145
182,618
218,547
197,958
181,412
230,781
106,633
137,447
100,618
278,712
138,410
217,799
213,402
198,742
263,420
197,637
95,696
233,841
181,649
95,623
217,597
202,423
201,581
176,431
168,573
175,710
215,775
214,533
202,893
181,603
217,566
170,518
198,743
12154,135
220,833
216,600
277,431
286,723
221,717
199,695
197,431
153,735
217,507
101,691
173,724
92,501
278,587
11904,124
253,772
161,466
181,745
201,763
202,629
246,636
100,670
246,656
279,491
198,479
201,575
198,943
197,401
201,535
161,640
201,701
197,433
170,983
104,996
196,442
214,598
181,757
100,876
282,716
199,368
149,593
217,485
199,398
230,656
221,469
218,550
90,462
199,897
113,720
152,340
217,1010
279,472
89,649
234,412
172,671
158,402
185,446
281,634
179,419
197,589
197,599
201,872
216,852
214,504
201,734
278,580
198,400
200,598
195,825
213,542
153,405
199,611
143,556
197,687
134,806
213,604
84,471
277,594
194,341
181,589
198,500
200,1004
91,903
143,521
94,673
217,424
102,680
150,690
200,445
277,576
90,691
194,769
285,1008
93,653
197,768
233,663
97,944
218,679
213,535
198,762
175,629
231,562
241,650
197,684
199,636
213,757
198,677
219,652
170,610
156,375
278,865
213,654
198,457
218,792
218,656
150,758
197,411
275,808
95,740
214,364
184,512
278,593
201,691
279,524
213,617
198,714
215,658
278,618
94,475
237,744
218,624
12184,139
199,378
108,577
217,589
169,767
202,631
191,771
218,523
217,507
226,422
221,697
233,883
113,449
198,424
281,633
198,512
97,483
200,642
184,518
215,775
201,592
217,771
241,599
180,407
230,1182
221,777
166,422
214,793
11904,128
217,684
212,606
277,534
183,716
278,533
198,722
216,520
278,448
183,581
278,717
218,462
285,760
201,490
197,868
184,446
221,424
214,482
205,391
213,491
221,682
221,763
214,544
94,620
92,659
213,631
183,745
171,467
277,646
217,455
214,698
201,671
225,951
218,659
225,541
10747,122
200,464
217,581
197,570
181,674
278,1233
196,423
215,521
229,455
83,634
213,457
174,465
142,350
215,629
201,548
196,475
141,564
201,417
211,662
280,586
198,425
199,470
277,806
193,541
218,881
214,476
99,451
277,414
182,671
209,423
166,864
194,422
172,538
11642,166
218,913
180,415
217,618
158,744
181,606
258,603
185,618
213,862
221,751
94,694
166,543
179,582
181,808
100,522
214,483
218,646
181,828
222,660
186,600
97,501
185,507
198,673
198,478
94,689
281,669
200,951
179,631
198,685
166,443
221,559
285,888
217,429
201,581
213,621
216,527
121,627
214,670
201,436
214,619
189,377
219,857
92,605
107,486
173,404
198,611
213,603
218,651
213,522
12139,143
171,734
205,466
199,688
214,876
231,568
89,763
261,591
273,781
133,510
221,486
213,568
278,660
217,604
216,793
146,425
177,995
181,757
199,557
214,398
209,558
221,769
118,702
217,745
201,442
245,666
197,399
217,496
214,627
199,746
91,732
214,1050
163,583
173,504
95,656
230,674
282,959
198,583
101,588
135,513
129,580
111,628
12455,146
215,521
198,655
202,674
104,802
183,477
197,685
148,446
233,351
201,1475
196,713
214,485
165,773
12418,166
214,713
138,410
100,478
199,431
169,510
121,476
164,807
214,619
217,731
190,677
172,596
12163,135
276,847
195,716
91,973
125,672
198,772
102,676
229,668
221,465
214,594
198,598
181,874
217,722
193,404
277,657
213,727
93,900
11961,174
166,667
201,581
198,717
109,712
233,422
12535,128
183,890
182,511
197,521
206,536
190,462
178,675
221,724
95,662
221,540
93,688
164,568
126,794
216,723
245,763
278,795
180,688
165,588
198,753
84,427
213,568
214,532
202,432
181,601
95,556
198,813
164,666
97,751
217,631
107,409
201,641
118,442
261,589
183,403
12278,114
182,502
94,749
214,434
166,380
212,513
117,411
213,460
97,886
200,476
105,597
169,434
201,689
215,536
196,615
202,793
119,637
164,598
217,676
198,906
229,437
213,472
95,642
215,518
215,464
218,459
199,650
273,485
201,531
185,619
199,461
215,966
215,1273
214,505
214,607
218,661
198,447
94,498
285,805
199,615
201,681
210,661
246,408
214,590
12163,196
197,819
141,535
199,525
186,405
230,613
281,549
94,783
181,836
282,637
215,592
12139,143
135,1073
210,483
86,304
11637,158
198,439
205,732
218,587
199,752
218,641
92,603
278,568
275,694
247,379
214,445
218,593
198,432
200,564
196,581
166,964
99,543
91,890
94,883
201,685
197,656
230,608
200,505
215,635
214,564
281,515
193,589
183,421
278,687
215,799
181,523
225,866
89,474
202,413
197,468
202,830
103,471
166,744
212,648
168,765
166,575
196,472
219,688
137,488
198,599
121,546
209,693
97,768
199,651
214,560
171,644
278,307
168,813
217,1288
176,600
165,773
12139,140
217,791
218,772
217,635
198,580
215,956
213,558
201,475
98,470
265,770
174,680
168,721
182,348
213,429
234,420
101,608
285,446
12015,136
201,548
221,547
185,614
197,701
201,845
196,440
180,902
279,770
198,637
199,546
221,544
214,677
197,342
169,705
213,999
169,744
167,590
215,574
198,389
202,621
212,401
93,654
199,384
214,380
166,741
195,606
197,443
211,373
196,414
170,475
114,453
286,754
230,559
196,413
182,593
166,582
234,612
11871,171
219,605
217,354
201,646
94,657
190,673
217,754
262,643
214,620
109,712
197,764
218,579
278,742
181,420
246,562
206,483
132,606
201,499
90,388
213,912
137,675
100,470
214,671
217,519
199,428
202,756
217,534
285,640
279,417
93,556
218,677
215,749
167,328
214,768
175,492
135,592
199,387
11871,123
215,550
215,708
214,712
172,497
103,619
92,550
197,617
221,562
196,931
200,617
102,477
102,438
198,818
222,525
231,774
277,797
152,726
214,392
198,1024
221,551
165,619
215,530
262,739
213,609
12644,130
180,881
134,387
216,487
198,628
92,529
214,568
199,546
12184,119
209,612
142,440
165,711
234,868
167,613
169,638
92,624
199,607
101,735
201,545
199,513
213,698
217,488
209,752
181,467
12015,151
249,645
231,846
200,541
205,501
213,546
210,596
198,542
129,657
167,640
102,597
128,610
217,636
110,864
169,678
263,525
185,552
100,687
166,735
211,614
217,835
198,453
220,775
218,678
285,579
250,728
199,634
247,416
170,899
215,727
282,502
94,466
12139,140
197,627
168,471
173,554
12554,108
193,600
183,452
95,420
213,695
222,583
198,675
11926,230
201,475
202,802
285,978
198,476
197,459
197,467
211,353
150,589
278,656
225,893
93,437
209,708
212,623
199,697
206,487
185,399
12085,131
197,655
193,547
184,476
12217,116
123,405
199,823
215,778
217,677
105,760
197,670
214,599
213,477
193,672
166,656
182,379
167,569
201,757
277,674
205,554
278,757
198,372
202,1125
201,760
210,645
197,577
212,680
222,570
278,753
196,423
218,1050
12154,132
222,850
185,601
201,816
202,781
211,648
148,676
105,493
198,497
198,598
118,689
250,560
12016,141
209,539
145,777
11815,120
201,476
195,717
211,450
217,697
211,471
217,489
185,471
218,397
202,546
201,662
221,560
198,487
276,667
134,601
121,674
165,456
169,511
135,450
201,806
153,751
86,677
201,683
281,629
213,426
215,532
166,532
117,771
205,388
231,642
276,716
214,421
185,755
217,674
183,356
125,818
122,818
99,724
202,957
214,494
273,566
213,681
12184,249
206,500
281,838
217,445
161,634
214,645
218,420
181,621
214,847
231,791
233,865
213,558
149,530
184,806
202,534
196,621
195,420
217,563
97,483
218,630
230,921
216,781
261,790
229,612
169,323
217,566
201,698
167,708
217,671
201,553
263,776
212,495
198,736
166,694
230,466
131,444
109,650
213,963
175,523
279,509
198,612
100,572
88,828
168,835
167,642
150,630
199,863
198,422
213,550
277,541
202,524
202,675
93,724
282,630
198,710
183,420
92,641
214,643
86,962
209,601
11636,170
282,704
162,802
282,779
217,598
96,700
260,716
216,690
11636,153
229,428
118,868
202,638
215,352
214,624
218,639
218,641
205,376
221,1166
221,544
198,409
100,697
12364,142
217,660
165,334
181,678
129,725
168,670
213,436
221,526
130,546
94,689
183,663
212,669
278,795
180,526
198,845
198,900
215,498
217,850
197,876
217,763
209,645
214,655
278,431
231,711
217,404
183,573
217,570
215,840
197,389
197,695
181,487
12085,146
231,748
278,380
199,353
12655,98
212,432
215,613
183,692
214,626
246,749
214,598
161,768
194,769
206,410
202,416
214,609
12085,128
179,486
178,817
154,784
212,611
277,684
12418,161
201,447
167,502
198,685
167,601
104,569
185,578
218,881
166,626
199,488
11815,148
278,659
214,613
121,949
221,977
281,741
11869,143
101,570
167,582
215,673
214,499
101,447
12085,132
96,706
212,1142
12279,234
198,495
198,671
173,532
178,767
198,534
11926,137
217,455
198,679
213,478
198,516
173,618
220,547
200,670
182,610
265,1085
213,486
198,420
94,749
197,611
109,659
278,682
237,529
201,413
198,459
230,548
217,600
219,871
101,415
194,776
103,452
195,697
196,625
214,572
98,756
95,839
218,580
273,850
199,592
201,634
137,602
148,752
174,605
279,734
227,633
195,651
165,1041
165,426
213,642
198,497
171,644
169,559
231,661
12499,138
205,381
216,470
93,380
95,626
118,719
233,440
136,664
101,834
178,687
214,430
107,672
199,475
197,588
198,395
151,751
273,715
212,603
218,570
96,630
200,633
173,530
121,712
249,657
198,675
162,477
231,533
173,604
162,574
218,708
118,689
184,607
205,436
168,447
213,653
215,866
229,460
219,732
218,744
199,448
12364,119
214,446
179,588
280,783
214,505
180,591
221,544
217,491
150,750
201,635
213,957
232,645
285,507
91,730
213,804
228,438
285,408
148,444
137,421
195,474
214,792
282,561
217,697
166,532
217,587
201,439
197,560
150,907
153,497
218,606
213,703
218,738
216,804
217,404
216,769
196,488
214,538
183,413
199,515
229,665
193,380
200,615
170,641
216,583
261,584
201,636
9858,168
213,520
281,961
214,481
219,660
198,593
196,446
173,604
212,436
197,750
200,553
221,675
12644,121
169,688
197,612
87,679
233,677
164,444
169,535
94,445
131,546
183,452
97,637
197,516
119,459
222,540
166,607
278,576
222,602
219,756
246,708
281,553
214,645
167,688
216,743
230,600
12499,150
165,557
215,714
279,425
168,453
91,535
173,644
181,875
190,512
216,494
181,1101
87,755
277,517
226,911
161,815
214,549
229,531
244,879
12644,130
197,691
220,798
213,594
92,510
134,586
198,575
12015,132
169,483
181,556
161,523
234,785
214,906
197,702
231,533
183,710
197,1024
201,636
195,443
201,427
198,548
183,588
218,678
173,513
135,792
215,629
94,505
209,871
218,408
217,715
214,458
197,716
246,544
212,507
122,537
173,405
265,768
166,542
178,710
277,1299
164,640
183,765
212,736
215,988
150,540
198,526
217,801
184,479
213,382
198,417
122,682
278,665
125,421
201,579
285,739
12085,201
246,750
214,817
167,529
170,508
222,674
215,379
12139,161
201,662
167,1241
147,611
198,502
198,666
175,545
199,542
212,959
202,471
12156,112
166,408
217,497
145,525
214,436
197,474
212,415
281,471
12524,157
165,733
165,711
146,630
196,988
277,447
218,747
84,935
175,610
214,561
165,776
222,543
216,441
216,661
169,654
179,588
230,687
196,403
213,677
198,352
12139,157
165,679
149,487
92,471
197,828
270,863
94,744
201,777
182,469
278,834
217,744
198,733
210,623
149,745
212,740
181,484
84,527
169,585
201,445
278,779
202,649
214,454
169,825
279,654
213,441
179,570
200,678
177,498
225,468
199,768
214,820
119,840
275,667
233,736
135,571
175,429
136,497
148,393
165,687
117,604
134,451
215,655
150,642
217,398
277,431
217,562
199,765
102,459
109,528
196,572
262,747
206,486
196,866
214,455
183,573
227,756
196,695
196,592
263,710
200,641
197,493
263,293
220,538
214,697
199,643
278,621
180,526
121,1007
215,675
211,675
148,502
231,507
182,477
201,761
199,698
278,742
278,659
215,470
186,584
265,581
277,450
230,510
198,570
175,606
241,692
199,593
186,543
205,499
200,525
263,709
215,507
196,653
219,445
218,647
137,633
214,792
201,542
201,427
228,320
213,377
153,513
217,406
201,745
273,539
197,569
194,473
170,690
198,476
260,665
282,671
281,481
183,512
229,454
168,657
217,827
201,367
153,721
213,716
221,595
170,573
209,802
217,656
202,515
250,433
285,426
217,476
93,410
199,783
12448,144
281,676
209,917
214,683
197,574
87,747
280,852
150,506
166,767
96,707
96,592
244,850
230,1140
199,495
215,442
195,647
182,585
221,316
214,646
206,617
165,449
198,462
281,553
113,577
197,580
201,535
107,446
12364,126
277,419
90,447
199,540
279,1020
218,639
166,773
156,461
213,447
198,770
184,591
197,680
214,527
229,561
219,389
286,497
133,509
198,397
216,569
93,771
198,559
198,666
262,441
216,417
186,522
202,492
206,451
182,534
109,843
202,753
231,373
218,844
212,909
94,485
213,420
213,812
149,840
279,659
210,622
215,613
213,501
216,614
165,638
231,563
198,377
282,624
184,765
201,780
197,568
136,662
178,584
197,558
215,431
100,842
216,996
217,579
162,526
276,435
212,987
173,633
12211,159
198,668
197,362
198,866
201,727
221,579
215,439
215,825
122,447
199,632
214,534
214,399
201,712
172,593
201,390
199,720
193,839
216,486
173,604
222,1240
213,741
165,644
89,616
134,798
217,499
281,690
166,797
105,429
148,336
197,611
166,628
215,348
97,775
197,464
166,440
230,487
213,565
277,773
88,602
213,715
217,559
185,638
162,601
198,683
277,975
91,577
214,602
201,784
198,481
200,712
200,657
216,1056
101,395
213,787
202,593
154,616
183,701
162,645
193,402
116,757
198,343
218,540
217,599
214,803
215,579
216,704
86,1010
216,695
167,939
214,554
166,346
170,577
197,789
217,670
181,473
245,647
88,883
201,535
215,627
197,613
168,532
201,899
199,470
201,859
209,723
230,786
229,863
201,446
213,565
205,621
277,671
199,512
198,585
90,654
212,507
165,524
172,474
183,617
220,739
278,647
273,787
197,731
197,564
201,663
219,443
102,191
234,844
193,1103
202,631
210,513
245,690
212,650
186,1231
183,473
181,599
163,478
277,623
95,696
197,371
9858,163
214,755
201,711
233,474
199,844
201,397
214,411
88,980
199,822
201,670
215,530
219,827
244,817
273,503
199,710
279,413
197,604
217,473
214,793
280,838
278,667
231,364
194,499
279,800
238,511
198,634
165,724
213,455
215,403
199,693
249,879
213,440
183,566
166,483
151,570
164,545
165,958
200,642
201,527
87,665
227,583
279,700
167,729
200,901
262,515
185,503
12377,127
218,569
202,392
202,692
86,883
196,413
183,530
214,732
96,583
176,554
197,468
87,613
193,402
275,640
199,798
164,449
278,652
213,596
214,505
213,473
231,460
213,721
164,441
133,669
12525,94
198,625
12085,233
194,486
198,562
193,543
165,762
85,486
220,467
215,658
198,588
277,515
11636,145
278,718
196,585
214,467
160,377
217,770
144,561
198,716
215,509
134,902
217,792
130,768
202,772
260,583
218,552
141,595
166,464
197,678
196,420
202,504
217,602
198,522
221,844
166,524
184,743
241,420
142,765
200,585
100,730
199,623
198,446
217,738
182,572
282,760
218,559
199,525
215,691
151,393
169,351
211,812
217,667
198,802
180,385
164,674
198,497
213,704
265,525
182,381
167,533
217,658
214,505
201,531
209,404
278,758
12139,127
173,590
281,736
174,596
166,377
273,658
199,721
263,583
164,644
278,783
212,595
180,425
107,637
194,622
214,649
281,750
233,573
117,732
221,731
213,544
218,684
217,655
179,383
238,584
166,515
262,569
182,803
233,1096
150,1121
214,761
198,562
197,988
214,575
212,524
12472,146
118,562
198,625
234,441
263,758
92,577
247,720
278,501
215,741
98,469
186,734
119,869
102,765
165,684
166,722
281,785
198,634
260,712
278,641
149,665
193,759
278,576
148,653
221,687
181,531
217,434
198,371
250,620
195,634
185,652
221,687
186,847
217,649
201,575
221,411
214,604
209,686
198,750
214,665
215,728
12377,129
152,503
12184,149
92,637
169,428
261,497
278,864
12525,132
199,429
198,1040
201,442
89,447
228,880
213,516
221,779
279,429
278,686
214,424
226,633
198,388
161,768
181,611
210,821
86,974
193,853
218,581
227,737
197,656
84,728
91,723
87,525
197,487
217,687
12015,138
150,576
198,864
209,870
183,503
230,654
234,405
200,434
197,471
214,746
218,696
212,534
213,820
12364,127
214,732
168,860
281,542
198,478
137,636
185,825
215,555
214,842
199,530
198,681
108,716
170,480
214,494
134,579
205,726
94,603
216,624
153,446
198,652
198,757
111,696
163,451
221,601
275,546
180,618
196,570
102,691
281,544
170,608
230,482
11904,128
145,367
200,741
90,567
169,334
199,455
182,539
197,614
129,396
199,448
199,556
205,379
167,665
157,807
188,561
200,488
214,581
153,767
161,455
213,461
212,1034
212,508
213,643
233,827
135,668
201,616
95,556
215,606
94,592
230,633
215,489
214,749
276,671
91,560
87,565
196,616
151,643
281,469
230,618
198,611
120,371
97,555
12525,155
199,483
198,418
164,579
202,668
195,427
216,630
200,669
217,464
214,627
168,972
153,794
182,746
219,502
229,352
217,544
97,919
11642,227
198,613
196,562
137,785
216,474
277,560
211,439
274,494
195,431
179,523
197,765
231,703
196,427
218,749
215,614
105,714
199,660
214,580
280,644
215,610
12184,121
84,743
198,448
218,596
218,564
276,761
198,576
169,478
87,359
201,434
91,472
218,486
88,328
91,569
169,391
285,709
250,532
199,636
194,453
109,620
217,650
97,655
199,745
216,511
197,626
247,569
205,514
196,641
215,599
118,676
104,882
214,527
226,476
221,716
229,431
219,623
196,866
12085,228
222,816
217,520
197,426
198,465
212,661
197,504
214,556
201,640
278,568
195,549
12644,165
175,600
198,494
194,702
198,488
281,395
12085,146
218,611
214,687
213,578
198,493
218,588
12139,240
134,664
213,653
212,542
182,407
166,793
214,518
282,506
232,690
219,631
193,531
201,744
93,612
153,613
221,559
217,597
200,454
12132,134
217,813
140,424
180,453
221,878
201,419
214,546
213,853
12655,144
212,409
276,984
215,619
214,628
201,417
201,451
214,627
158,875
214,550
213,582
101,840
281,704
210,490
216,652
199,411
201,810
282,460
279,474
214,566
157,1164
198,588
181,378
181,726
214,546
213,836
215,376
216,1124
213,526
217,1008
93,620
214,663
247,479
218,497
218,688
12644,98
245,487
95,863
218,832
221,686
101,792
106,275
219,597
200,666
221,664
216,605
219,491
214,565
186,628
95,556
157,503
214,526
197,775
174,373
193,463
10747,118
213,526
196,487
153,962
279,554
194,791
193,617
196,591
176,972
189,377
214,859
186,585
198,488
181,723
10747,118
165,663
229,537
216,498
218,740
209,628
279,869
213,505
201,739
217,519
200,803
229,748
12085,158
150,606
175,549
215,401
132,461
197,365
181,742
198,743
198,508
161,721
194,974
213,721
213,685
279,838
183,663
197,604
230,723
281,405
181,941
217,867
197,579
231,438
217,698
202,347
99,372
145,508
213,554
214,584
281,714
198,654
198,422
181,679
99,526
213,770
95,700
212,624
216,482
101,584
201,567
186,462
198,712
281,451
84,1029
215,731
114,696
182,504
200,621
182,647
198,680
279,492
199,692
217,491
198,649
209,646
278,913
166,459
215,739
277,474
198,681
199,506
218,342
214,529
205,659
196,656
167,497
225,490
166,639
216,896
198,601
213,578
214,795
152,603
94,660
245,829
195,495
202,395
277,506
214,628
134,642
169,615
219,743
216,756
102,623
277,487
217,604
221,453
198,429
157,599
196,646
12644,189
216,462
166,759
197,431
148,903
220,467
212,570
190,579
213,483
201,832
183,408
211,493
200,422
215,701
195,488
221,576
201,490
87,864
218,444
198,340
231,792
218,735
278,735
92,646
229,607
232,746
218,655
205,466
104,679
202,679
196,581
12163,144
167,794
214,727
183,461
230,562
214,648
215,569
219,610
198,539
202,631
220,439
181,583
215,437
183,658
198,611
118,1003
197,621
242,657
98,630
193,618
183,645
216,709
165,619
10747,135
209,1060
93,663
194,906
94,464
92,609
214,711
93,771
201,703
212,567
221,637
213,656
161,602
181,660
113,669
197,523
214,413
229,570
98,719
188,469
215,511
102,1479
121,650
217,455
198,697
91,627
102,691
113,511
167,735
117,650
151,730
201,486
214,732
101,370
181,523
209,396
205,483
206,478
226,559
279,465
198,735
209,445
280,556
198,440
214,556
92,710
92,559
86,640
150,773
217,406
214,433
218,496
214,723
91,547
277,399
181,735
181,444
212,536
215,353
217,832
201,908
131,612
205,448
173,602
183,505
213,800
12211,199
104,421
197,757
12049,154
165,423
183,494
211,633
165,470
205,491
197,531
154,691
213,441
246,755
202,567
217,458
95,1019
212,833
215,461
172,492
214,549
246,608
136,412
213,554
214,610
12304,142
166,706
265,545
217,753
101,673
217,439
173,662
196,408
215,627
197,443
213,796
213,706
133,551
172,778
167,737
217,734
214,545
230,768
88,563
205,541
198,538
174,860
249,631
118,921
120,439
197,564
197,570
215,553
214,437
193,625
166,544
174,519
190,787
193,696
99,748
201,662
199,563
185,446
197,575
197,558
213,774
199,544
214,651
166,735
200,541
161,442
222,698
185,679
198,615
214,931
179,501
166,708
166,988
198,824
214,381
198,687
169,639
186,858
129,837
201,405
199,735
95,694
213,579
182,709
193,773
12154,135
166,639
193,492
132,461
180,637
193,679
169,543
198,461
198,632
213,633
170,592
216,677
12154,195
232,686
216,654
150,555
91,572
12091,148
213,716
118,560
199,660
250,560
194,651
197,334
12525,151
198,436
212,650
198,396
198,638
198,631
213,945
165,717
201,427
197,665
153,687
183,567
198,519
151,397
100,500
181,483
198,578
215,688
214,429
133,716
213,627
198,1070
219,535
181,602
168,446
282,758
95,718
131,448
275,586
231,769
214,631
181,548
214,702
246,690
213,536
198,399
217,475
148,495
154,650
175,394
212,710
230,559
151,689
216,487
198,591
12524,204
217,810
213,447
87,850
219,796
221,556
198,782
215,700
181,619
166,591
197,560
181,499
276,764
99,763
213,605
101,363
193,629
109,737
197,377
182,492
93,741
12418,148
95,608
216,633
213,551
263,559
141,422
93,500
237,557
220,529
253,443
185,465
218,659
278,683
215,626
167,497
214,725
205,747
197,596
173,708
197,779
202,516
218,590
198,654
282,930
199,470
275,508
281,832
165,805
205,432
199,537
212,628
262,423
193,465
205,497
214,720
221,926
214,915
183,494
217,479
198,532
142,604
217,910
218,707
95,601
282,676
214,447
199,658
197,664
96,617
182,581
215,764
210,501
198,574
169,692
202,519
279,600
180,429
214,759
286,800
165,549
104,566
277,738
199,489
225,589
103,786
215,418
221,683
217,479
102,467
12154,115
200,471
213,505
215,425
12553,160
198,457
230,729
185,472
12085,136
95,418
201,540
214,487
182,670
11961,102
233,711
97,664
216,458
217,714
245,678
202,631
214,433
217,791
201,647
197,468
215,692
183,656
183,686
218,685
148,576
214,635
217,532
162,615
229,616
277,528
166,617
228,887
87,493
218,530
200,895
214,521
217,684
197,393
218,531
215,813
215,383
170,613
201,800
199,614
103,896
182,761
211,433
278,533
152,387
213,640
166,775
275,400
214,456
198,450
279,682
150,434
227,427
198,475
103,398
217,494
218,753
201,763
213,517
165,445
185,642
201,663
210,684
135,408
201,467
94,889
111,696
218,564
181,352
165,636
166,610
273,487
97,649
278,746
230,408
85,702
167,641
185,499
257,830
198,565
194,386
193,510
198,677
221,667
213,576
214,620
116,541
166,673
90,495
186,717
182,799
198,637
163,502
152,555
194,470
278,593
168,521
214,508
241,705
201,803
213,546
215,737
197,434
103,572
248,712
87,418
215,633
211,410
182,566
149,464
215,891
11743,220
162,520
214,638
231,540
12644,134
216,504
281,560
215,383
218,617
12285,144
197,483
201,748
11869,134
227,829
12553,160
180,654
205,437
12015,201
213,1503
221,450
197,524
200,502
178,745
175,906
217,635
221,405
217,745
197,784
12553,151
12163,163
198,424
221,749
186,568
225,930
184,762
280,734
92,609
218,858
193,644
181,538
102,1189
129,505
197,692
163,681
169,351
163,802
180,449
148,581
214,586
96,656
119,845
181,518
198,946
221,1020
276,495
181,428
154,467
215,635
198,417
214,734
216,837
218,960
199,688
87,668
199,344
214,947
215,396
201,638
97,802
166,542
161,518
217,754
230,645
119,469
137,492
193,679
166,612
196,432
12085,120
209,725
177,561
166,638
217,583
217,524
214,536
197,775
197,659
213,894
183,429
233,478
213,437
201,533
201,899
221,610
216,635
263,559
202,492
114,581
213,486
179,538
163,610
11961,162
196,472
200,456
88,704
278,508
197,537
229,750
195,430
197,705
221,781
231,819
12016,156
169,483
167,679
93,654
194,448
198,643
214,607
276,645
202,679
198,470
221,511
201,562
277,426
215,650
215,712
218,1051
113,959
213,647
213,508
214,534
168,562
199,587
134,634
217,494
217,638
225,483
167,604
200,697
214,596
277,504
86,527
164,776
189,448
12016,137
285,525
95,626
179,675
217,639
149,603
197,920
261,790
217,631
194,687
205,547
201,360
172,594
213,446
197,627
214,619
213,491
110,864
231,476
212,782
170,680
214,448
213,653
262,765
177,598
278,797
12211,144
285,714
198,516
277,469
166,497
215,462
216,529
214,456
121,733
244,539
260,550
184,329
87,597
200,748
134,702
149,652
206,543
217,424
228,628
94,779
274,689
12418,153
99,976
198,414
278,434
196,614
213,725
213,554
214,679
130,692
212,680
198,518
193,510
277,758
263,1128
217,657
211,558
213,569
266,605
115,600
221,551
279,646
196,651
213,780
168,673
215,357
197,524
216,649
215,545
213,435
184,806
217,786
178,725
130,539
234,472
213,597
183,391
209,438
177,995
149,614
216,723
12407,167
165,577
185,523
218,720
130,656
101,447
217,625
199,479
205,525
196,734
12154,199
202,626
278,558
221,472
11871,157
200,701
106,1059
263,584
141,600
212,484
205,444
199,536
209,539
217,552
199,783
200,492
172,579
225,512
89,763
216,758
12049,143
97,467
215,532
181,484
282,771
238,745
198,461
91,668
118,659
164,623
213,452
198,1070
110,687
96,956
274,406
168,386
94,624
138,410
213,549
12499,204
12154,137
97,704
218,473
185,543
126,670
194,582
89,1148
217,471
97,617
199,599
216,676
199,540
164,446
181,674
163,577
156,450
217,565
282,790
212,1110
185,520
198,508
170,571
95,483
194,486
93,534
194,694
233,550
214,592
199,506
214,647
218,476
12139,144
222,792
213,736
199,532
233,505
246,492
202,553
180,703
201,666
196,610
214,647
213,625
215,519
219,575
199,755
135,768
196,849
95,621
214,601
215,740
197,594
198,638
102,800
216,754
222,752
128,395
198,852
155,514
196,656
150,678
94,799
214,432
213,451
12418,153
226,718
101,715
215,461
218,632
87,464
111,696
97,749
198,637
213,518
212,514
187,804
214,785
142,723
278,460
165,936
169,696
233,685
87,718
215,833
197,383
155,506
166,824
12644,119
133,562
229,425
116,640
277,456
218,484
218,405
178,582
231,539
173,538
94,692
167,521
215,378
111,806
170,525
150,1677
114,729
199,748
274,816
244,606
166,480
182,510
138,415
201,480
198,475
218,492
87,543
212,618
90,356
122,682
215,410
185,726
213,699
137,572
216,772
214,426
253,594
193,377
201,694
214,462
202,912
278,613
101,398
184,644
217,524
202,514
169,648
214,450
197,567
150,500
98,816
214,595
182,572
215,452
165,681
166,502
198,834
11815,153
93,335
12535,164
164,683
214,668
278,464
102,746
12154,147
214,646
99,327
11743,120
179,430
209,492
202,583
215,523
210,604
145,417
205,769
276,790
120,752
151,458
217,507
205,553
215,395
234,779
127,657
216,735
221,699
211,657
167,625
201,421
217,851
221,541
219,619
277,536
247,723
156,505
197,623
199,463
219,699
199,434
213,612
198,691
163,696
214,357
218,507
211,778
117,570
214,765
218,675
184,765
206,858
183,416
12015,182
199,621
198,831
185,672
213,428
11904,138
154,876
217,557
222,817
183,683
198,552
97,828
89,431
200,527
218,715
151,573
200,632
170,427
166,575
182,774
183,549
198,830
166,510
211,478
137,527
230,794
11904,147
97,496
88,585
215,623
228,658
90,314
217,451
225,383
185,701
228,882
161,638
196,536
209,394
217,399
212,1055
92,714
210,430
93,713
181,428
134,757
107,486
147,465
213,623
217,626
217,530
217,575
88,433
285,519
263,597
197,779
214,787
101,693
214,448
143,663
175,606
193,925
198,584
152,706
200,722
211,1040
278,908
217,471
279,593
245,513
98,662
246,512
134,432
213,585
193,556
92,670
105,982
199,783
11904,150
185,716
93,631
214,672
218,738
137,653
264,542
166,592
198,503
91,696
214,787
182,477
277,396
199,517
213,465
156,409
217,513
198,473
215,540
218,718
189,599
232,518
162,405
218,744
95,510
219,791
199,450
197,657
221,717
163,451
101,563
197,565
163,564
86,669
198,385
279,372
228,604
168,588
214,690
150,738
216,646
167,577
12085,161
216,564
119,766
11815,185
97,475
9858,136
11671,165
193,701
177,738
278,720
217,603
97,736
213,568
183,723
218,589
198,797
198,759
193,392
178,987
12535,144
214,646
185,643
213,466
246,759
217,460
214,832
201,654
182,618
214,566
198,677
229,705
217,418
131,889
190,643
194,512
215,378
198,330
221,685
215,419
118,846
218,739
163,575
88,494
213,651
173,385
213,434
87,658
181,436
212,542
169,761
197,564
137,808
229,863
172,593
149,951
180,655
213,641
199,533
170,598
221,753
128,440
217,597
12184,122
185,481
187,635
273,623
214,478
205,675
12377,153
278,596
166,734
218,808
215,555
216,496
98,735
201,529
92,690
198,415
197,701
249,449
164,583
170,677
198,437
102,883
217,445
151,443
213,735
92,921
167,828
218,648
182,623
183,641
12163,117
209,682
165,691
182,796
196,452
92,727
181,399
193,430
212,466
199,542
215,566
166,600
278,702
99,833
137,489
196,455
219,706
196,470
201,1027
96,564
137,921
177,789
133,548
214,406
149,540
183,403
201,498
222,722
87,724
212,517
278,940
173,781
157,547
99,597
12472,135
12156,156
182,392
213,706
186,514
215,599
216,810
11871,166
89,733
198,847
213,625
209,570
125,666
213,473
215,835
101,554
217,508
199,552
279,432
199,746
281,433
86,626
169,722
216,673
214,765
183,581
198,535
221,619
281,494
201,503
197,394
279,882
197,460
93,700
97,603
214,598
200,681
246,887
213,583
213,613
193,585
198,525
217,532
218,594
214,517
225,362
214,460
218,735
209,736
166,484
202,718
230,721
214,624
230,548
215,447
149,706
278,685
217,499
215,585
217,839
214,541
218,668
215,497
229,531
213,772
134,462
213,591
169,661
206,400
176,600
134,561
166,494
214,668
201,720
12364,194
217,700
90,683
217,528
273,682
212,854
227,661
193,398
213,406
165,717
196,540
211,681
173,501
197,661
214,701
93,695
218,658
218,444
216,491
201,500
81,383
181,569
196,420
213,480
168,463
182,602
234,621
12407,169
205,568
201,775
215,621
152,670
153,785
209,535
231,644
280,600
275,759
172,459
206,664
198,519
215,634
201,577
181,554
201,803
201,658
183,543
229,779
213,747
178,425
185,518
221,522
167,517
218,493
174,666
198,828
234,605
205,510
200,487
198,455
277,653
161,570
149,527
191,595
213,677
205,667
90,994
86,375
216,889
183,762
218,679
278,662
90,671
196,531
215,538
198,477
199,658
93,577
215,829
182,423
221,518
198,554
213,741
200,757
92,794
122,681
197,875
217,679
276,1044
279,470
145,422
201,722
213,558
216,596
197,610
221,535
275,1286
227,482
277,578
216,719
153,428
248,788
215,477
198,505
206,677
198,358
118,905
218,532
92,763
166,913
229,524
201,634
230,608
217,808
214,667
261,399
215,570
214,912
214,620
134,445
152,624
218,629
12211,120
246,713
215,509
213,349
180,545
277,674
186,760
100,690
131,369
265,344
97,789
179,581
166,718
217,621
214,561
200,458
134,465
195,668
131,610
217,471
238,640
205,695
182,440
198,483
199,378
196,699
184,612
245,790
94,749
198,694
170,691
213,517
92,469
198,579
166,585
198,746
197,685
214,1198
99,429
199,706
119,756
92,431
184,745
214,870
152,566
216,842
146,639
202,743
228,540
167,858
94,446
217,698
225,586
221,669
244,579
201,658
206,383
145,601
225,570
12156,126
198,483
219,580
103,734
218,922
214,903
111,491
12156,135
278,607
138,510
101,1456
246,835
197,655
201,666
167,690
219,1483
169,472
213,542
230,562
186,436
149,445
199,522
197,858
198,722
85,572
213,491
86,304
279,614
229,506
167,575
102,719
170,612
213,561
209,704
217,571
102,690
199,409
214,468
166,686
228,947
228,680
231,828
166,424
231,603
213,485
214,571
196,727
232,474
101,942
165,1041
245,487
201,740
280,861
194,460
214,504
230,609
201,647
195,444
237,498
199,600
215,443
11871,141
229,722
165,474
231,593
169,508
214,697
278,660
198,586
194,476
214,467
97,742
93,643
277,931
197,379
201,462
246,528
202,863
215,517
193,1019
228,767
148,622
92,765
205,335
214,473
278,595
276,1187
165,703
213,547
277,681
182,800
197,750
165,711
197,489
167,866
222,387
184,483
95,689
218,517
281,650
118,592
229,466
214,738
216,458
233,576
221,609
199,798
217,585
213,663
185,693
11636,145
197,618
201,449
249,631
213,705
120,752
203,555
170,652
213,883
83,577
214,597
281,633
91,677
206,671
200,448
92,599
113,717
212,643
133,466
182,587
215,846
169,483
181,484
12418,127
198,717
12085,158
261,610
187,560
198,740
131,598
214,654
196,475
212,989
187,445
218,470
125,627
165,437
11743,134
174,667
274,646
133,538
93,700
168,1302
161,455
193,534
221,539
153,825
96,936
149,745
153,962
94,485
186,668
197,571
137,578
214,398
199,823
89,719
201,524
121,826
216,510
175,594
217,1087
229,481
197,480
262,1352
199,649
217,367
213,712
197,464
221,913
186,594
214,706
183,546
93,636
100,833
197,543
205,509
217,843
86,552
201,760
197,595
12535,154
189,674
179,557
98,780
198,489
200,681
150,662
220,511
197,554
197,683
217,409
230,765
213,781
92,564
153,397
196,601
245,692
264,724
263,677
12377,129
197,571
201,807
96,454
213,1025
277,518
213,635
246,835
213,822
198,493
213,403
201,784
279,630
215,389
201,462
213,337
166,432
221,1166
213,583
165,661
215,672
108,468
197,599
91,544
278,866
217,488
87,718
250,385
201,471
198,641
201,442
233,546
12154,131
249,499
213,618
199,549
12139,118
201,417
276,670
213,456
134,493
11904,217
12524,104
199,507
213,652
97,677
146,556
163,719
185,549
196,423
107,687
209,714
213,691
230,764
201,578
212,801
198,612
218,661
86,443
215,749
169,693
214,700
275,516
140,845
182,587
98,689
266,733
165,936
246,509
217,1172
213,890
221,651
198,516
197,677
201,710
215,540
214,476
180,691
201,668
196,425
213,729
181,553
99,679
95,526
279,644
104,1060
199,650
148,392
216,660
91,706
193,525
197,702
212,1033
196,686
97,541
213,606
218,416
181,662
215,638
95,639
199,618
199,637
12129,109
209,661
201,558
229,446
166,439
202,596
215,441
217,608
103,646
202,445
198,420
247,563
221,878
285,840
121,638
169,679
137,946
217,518
195,579
183,479
281,965
179,517
12472,125
205,873
214,544
149,722
222,599
168,446
278,564
198,971
217,561
103,594
198,430
201,509
199,404
199,444
162,893
184,1057
225,668
214,439
277,793
179,897
278,485
278,415
90,846
94,459
221,685
200,706
102,713
134,482
180,654
148,633
111,433
167,838
210,937
214,584
183,410
118,725
164,346
278,779
277,582
227,663
99,402
199,499
217,606
91,655
222,761
232,687
185,639
215,375
198,449
97,753
279,554
234,564
219,855
161,651
213,715
202,745
264,581
279,673
165,683
113,470
213,458
85,682
134,590
166,523
86,708
199,411
166,656
215,674
277,717
214,609
93,714
198,510
202,598
213,573
87,501
121,1007
196,426
152,566
217,440
217,400
182,440
193,479
198,448
215,387
12448,134
217,745
213,601
198,503
217,639
209,623
217,479
229,638
196,475
189,573
199,407
197,567
225,606
94,880
199,507
167,578
172,596
175,487
263,610
219,913
198,588
181,836
273,1030
217,417
169,511
278,543
164,558
197,681
201,658
231,593
217,732
184,592
91,638
277,986
102,546
185,664
162,499
214,743
215,598
190,540
186,474
281,440
245,666
201,695
230,455
213,588
172,596
197,581
104,358
212,633
225,571
95,847
165,682
281,554
169,800
280,516
184,704
214,717
10748,175
201,1158
197,610
167,482
275,611
213,536
197,524
213,324
212,615
214,812
216,556
278,464
214,560
165,774
206,956
217,719
11871,161
93,520
201,483
193,611
219,508
197,911
182,704
148,813
217,466
88,473
230,598
202,757
285,440
12644,119
209,629
94,656
214,522
201,858
278,633
217,642
183,438
215,721
173,480
215,476
197,884
88,484
248,630
184,415
199,398
212,484
213,536
282,624
217,474
275,517
149,631
182,719
218,636
99,656
217,930
213,669
134,902
219,736
148,674
181,628
12015,148
218,872
281,392
133,569
198,432
138,627
102,532
156,377
167,981
275,759
197,575
101,753
214,549
218,465
102,544
189,555
213,736
217,375
214,425
87,722
12418,157
230,550
198,587
171,440
213,569
186,529
171,755
115,659
209,566
213,499
124,518
217,886
132,615
278,688
218,624
214,546
215,375
215,866
166,662
195,679
202,510
12085,132
114,842
218,447
149,391
170,911
245,875
212,821
94,638
216,668
199,726
213,431
199,640
278,657
279,745
202,753
277,713
233,552
201,479
261,968
166,773
96,441
215,710
149,545
214,543
214,511
185,568
96,749
88,433
214,481
92,391
213,521
213,654
99,744
168,551
98,709
183,657
198,421
103,682
217,576
185,394
198,619
91,736
171,661
201,758
201,659
199,688
213,653
217,635
212,746
197,611
214,615
219,651
224,860
129,599
197,689
217,745
185,801
198,650
12184,97
216,462
218,693
281,632
246,782
85,706
110,311
198,460
197,373
200,875
216,500
279,746
197,656
92,952
198,446
217,626
186,428
182,399
217,379
214,473
189,539
166,518
259,630
195,475
201,561
137,828
216,394
165,546
215,733
214,560
194,586
180,778
276,537
166,816
169,658
167,445
233,683
216,1030
221,747
94,596
139,529
119,731
138,416
213,812
148,567
273,434
153,666
212,524
201,414
201,627
198,452
278,1126
199,388
213,723
183,644
11671,149
101,515
144,703
198,579
218,691
92,768
278,434
151,730
169,603
100,698
196,651
212,527
166,677
146,742
91,474
12407,133
198,621
182,618
214,415
196,442
278,652
200,395
217,615
87,718
213,728
193,508
178,425
201,1210
199,551
215,671
221,751
11642,230
198,586
88,730
88,763
161,714
201,413
174,573
214,510
218,701
97,699
276,378
213,498
214,377
167,703
214,635
182,597
200,481
198,781
84,668
199,834
198,604
194,512
278,674
103,467
214,642
230,463
198,440
169,704
101,522
135,358
217,978
196,639
183,571
161,547
215,626
213,513
231,720
215,584
214,682
12091,136
214,496
218,550
213,838
246,472
130,517
281,828
185,599
199,550
182,496
265,640
193,592
197,599
185,338
97,730
214,553
215,476
196,545
202,453
171,432
214,622
150,628
170,911
166,591
245,418
106,840
210,468
91,683
121,741
219,602
279,396
86,413
198,824
98,735
85,384
147,443
138,608
219,640
232,761
103,606
213,619
94,1076
199,548
121,445
197,450
213,626
198,583
122,487
198,364
214,608
193,583
215,658
139,328
185,547
211,791
192,815
108,873
197,602
165,613
230,698
133,667
157,551
262,550
231,551
213,358
277,465
183,743
133,660
131,572
215,549
150,664
214,447
198,686
214,801
154,748
185,630
102,1002
185,532
166,493
216,457
166,874
285,731
198,564
209,524
213,526
233,673
209,551
12139,131
212,393
171,565
171,503
213,545
117,629
209,615
185,512
279,465
197,439
279,589
198,423
233,734
181,491
182,591
12184,161
93,709
12278,110
214,450
172,601
198,1294
197,490
150,687
93,500
175,529
217,585
221,453
94,794
214,624
154,679
209,582
199,451
214,748
168,654
213,393
166,542
150,590
279,752
233,746
201,604
205,741
278,598
196,471
279,541
180,534
195,794
167,710
133,547
198,647
278,443
199,725
105,470
196,517
273,579
183,584
215,766
86,588
149,997
214,472
280,848
173,670
215,687
281,891
278,581
197,533
211,409
93,361
201,467
97,459
214,482
214,1208
278,688
198,352
196,643
182,592
213,653
218,673
221,845
105,470
217,515
216,949
198,836
114,630
12015,241
202,677
88,565
168,477
133,514
202,428
163,647
94,668
217,772
281,534
201,514
214,759
222,643
146,858
278,617
11743,164
198,519
209,663
261,610
121,1007
195,669
281,709
218,547
87,593
182,455
246,363
183,474
195,683
214,614
150,664
195,791
225,965
167,371
215,889
213,464
145,777
278,543
149,700
198,700
198,624
214,363
99,668
202,666
81,566
180,683
200,649
153,635
231,572
167,674
196,760
197,664
171,755
97,708
12554,108
180,492
194,523
213,649
215,471
216,639
215,445
221,680
213,401
215,349
231,528
216,636
216,508
132,372
231,551
278,641
201,655
202,699
137,792
97,637
278,753
231,467
12364,132
279,829
214,818
218,487
217,550
228,876
11904,154
217,601
175,757
185,538
193,818
182,587
97,442
12139,136
217,585
101,792
216,606
217,486
172,382
172,515
197,430
215,667
12285,107
98,613
172,513
214,633
217,671
193,657
86,443
205,513
165,418
277,507
215,572
12156,123
237,524
12644,172
199,417
173,651
184,665
167,834
209,404
96,956
99,725
214,641
275,599
214,676
276,573
193,561
168,972
195,622
218,587
260,757
216,745
214,884
12016,176
100,689
149,531
198,789
196,438
228,855
182,476
201,736
219,526
214,504
197,440
221,579
94,728
214,547
183,648
89,466
197,778
213,771
217,804
215,459
198,583
169,636
278,961
186,414
180,881
182,478
212,513
133,707
181,508
216,956
221,422
131,407
198,542
278,394
198,486
199,795
103,746
92,589
197,532
184,430
104,493
215,728
165,476
246,940
196,562
197,551
197,507
213,417
175,645
133,923
201,757
199,468
172,766
216,996
174,578
166,594
197,639
185,772
198,649
181,466
246,649
183,403
199,468
12154,115
218,487
201,719
278,444
221,453
137,891
181,555
166,520
136,785
213,667
11871,151
161,628
135,536
175,645
165,577
281,523
261,514
185,459
214,406
263,487
273,612
83,400
278,941
222,908
185,876
277,430
230,717
198,636
197,464
245,731
131,533
215,640
214,423
198,638
99,1762
231,521
126,818
158,573
212,544
280,734
214,469
221,560
175,523
286,414
281,768
197,624
150,520
218,504
92,483
214,420
197,829
12085,121
213,368
182,446
249,681
182,777
221,451
209,558
122,420
278,759
213,691
186,501
245,591
214,783
278,545
164,768
246,515
163,642
214,717
198,382
199,733
218,620
278,484
205,889
276,556
118,768
181,691
220,831
201,596
229,596
173,716
199,548
165,512
262,1352
199,695
231,599
216,778
273,585
214,410
214,398
206,722
218,480
278,436
202,754
279,878
201,770
181,672
225,452
173,929
165,549
198,620
92,575
92,478
213,413
86,630
222,345
198,449
216,545
151,764
216,439
199,460
97,586
214,449
218,710
166,628
262,332
213,485
217,364
151,835
181,410
214,614
217,662
277,627
197,414
106,623
217,660
217,440
85,582
198,691
161,383
199,608
12364,145
11671,178
166,688
215,741
215,346
180,728
213,599
149,474
214,481
141,408
215,444
199,485
12448,137
217,813
279,740
199,678
181,643
214,728
220,540
214,428
186,696
199,548
169,618
233,546
218,464
217,417
202,804
247,517
165,714
216,582
231,650
285,1070
199,430
214,640
150,634
214,733
200,707
247,718
184,397
217,672
197,576
182,794
221,707
103,682
212,579
148,825
217,425
218,585
181,762
250,631
185,666
219,700
278,936
197,656
200,413
198,606
220,597
279,367
165,863
281,628
281,774
220,640
214,689
181,620
217,493
173,751
12377,129
230,790
161,466
199,588
197,449
166,369
218,799
106,837
215,611
134,398
197,589
197,733
157,653
197,570
184,701
202,388
198,593
214,467
199,520
206,424
120,419
92,617
216,670
200,393
199,502
103,636
118,616
181,800
194,612
166,606
93,478
199,766
277,468
199,683
217,409
131,518
109,365
214,769
214,732
181,536
201,521
213,602
247,573
222,850
12472,95
211,784
164,428
11869,172
119,459
198,482
101,515
182,547
281,574
193,512
84,805
281,577
90,763
193,556
198,707
197,639
12644,151
110,314
217,478
212,776
198,732
225,737
217,812
218,630
214,392
164,746
216,793
165,577
94,562
214,912
282,663
277,700
214,832
233,520
216,854
11926,195
149,429
233,601
214,518
214,313
100,766
213,465
198,504
205,409
150,638
143,580
280,848
199,956
199,582
214,557
213,619
197,680
173,445
93,631
213,483
245,601
213,745
222,650
89,1110
202,642
221,592
201,672
233,576
221,577
277,580
214,766
201,727
198,445
195,549
212,693
278,558
233,681
214,797
198,705
201,928
279,461
197,458
285,519
214,507
213,827
133,395
12644,134
12655,153
153,590
98,489
186,589
222,548
202,781
107,644
103,608
221,481
201,391
209,433
183,538
216,461
131,710
177,574
217,424
198,604
279,339
279,685
166,455
266,806
145,490
214,594
195,570
281,766
275,360
180,710
198,787
273,769
199,648
171,459
199,572
199,452
201,726
215,776
101,360
218,772
217,549
281,864
111,415
206,408
221,608
163,353
201,536
195,512
168,644
205,700
197,704
220,664
198,460
149,764
166,864
214,408
286,820
217,392
151,596
197,594
215,651
220,589
178,537
201,575
198,598
212,1033
197,668
281,588
277,531
210,617
198,575
201,573
260,762
156,377
216,867
214,811
196,620
202,802
12163,163
214,395
217,744
281,542
281,1006
273,444
183,692
176,730
168,394
11904,118
214,624
213,597
198,505
103,434
130,701
198,412
165,544
214,643
164,558
164,618
169,796
197,513
201,462
233,536
201,597
277,837
141,455
265,839
211,620
212,393
209,681
198,665
216,852
230,389
182,498
213,449
213,565
214,702
214,677
230,708
129,456
200,471
154,500
278,373
167,609
247,637
195,745
202,429
109,207
11961,153
198,742
218,425
218,642
166,773
214,441
198,668
215,828
218,687
12154,197
195,741
222,448
130,437
210,573
200,662
214,525
149,463
166,667
182,497
206,661
196,773
168,527
149,455
186,541
95,640
182,522
216,522
185,825
213,944
220,497
193,391
169,558
215,644
214,591
180,526
262,389
169,476
100,716
145,794
12154,162
217,519
12285,161
183,478
178,542
172,596
186,780
105,631
198,570
104,546
222,556
278,557
174,732
199,469
277,709
277,491
175,472
201,718
280,518
205,592
90,520
12154,186
202,544
166,657
277,381
202,587
199,512
280,572
214,718
197,422
281,562
198,550
200,563
195,714
174,782
202,576
231,763
218,684
218,596
219,642
202,513
106,633
233,405
279,485
277,378
205,736
206,383
169,278
121,708
228,438
221,481
245,541
183,649
233,850
89,550
193,589
201,662
214,482
94,713
103,663
198,767
217,683
209,646
218,380
199,684
216,541
212,506
11926,140
12156,112
90,497
98,756
214,532
201,438
94,503
177,700
218,520
198,683
214,725
95,605
166,645
193,471
273,715
219,473
233,867
200,571
214,560
262,661
212,716
197,742
216,714
164,551
218,659
201,462
130,542
166,427
277,526
205,703
211,754
221,730
12139,156
201,529
181,413
213,592
279,409
217,621
218,695
214,410
214,609
285,828
102,1124
209,579
197,586
170,434
213,482
166,575
199,687
214,380
167,467
232,733
274,347
200,443
277,848
196,620
230,720
97,578
212,795
229,523
166,790
282,606
180,660
278,702
200,437
217,839
167,406
202,751
140,562
217,456
215,473
12364,109
230,405
225,899
278,451
209,480
121,758
95,497
214,571
193,1633
201,575
246,1015
197,525
92,501
209,449
225,765
201,662
250,382
201,750
205,521
198,729
279,565
12364,127
215,706
164,570
11671,180
198,586
93,734
209,454
209,618
92,729
166,729
221,393
12139,153
229,705
96,603
212,567
181,906
185,428
151,597
214,436
184,457
210,428
210,545
172,600
11671,133
173,537
217,750
217,968
275,779
202,811
219,789
215,755
196,598
214,676
169,931
103,626
198,626
261,803
198,644
182,668
217,818
206,603
253,755
221,473
201,708
217,368
96,451
132,407
210,540
183,608
113,834
214,570
194,818
217,677
215,621
215,644
197,1084
217,694
205,685
216,567
120,796
218,690
262,460
217,924
183,575
199,901
199,697
143,656
91,508
246,458
197,883
169,704
214,685
218,814
151,563
214,672
181,550
197,769
202,562
101,954
145,847
201,569
186,538
139,592
217,561
202,699
214,568
278,539
217,439
102,558
280,605
12184,170
234,467
285,911
278,552
262,812
180,586
266,481
197,739
214,690
117,644
230,698
201,622
218,533
218,588
213,451
198,625
214,754
281,685
12448,147
281,559
198,572
196,583
171,578
177,690
217,663
91,766
261,595
182,601
215,476
215,401
97,545
132,519
176,425
183,758
197,535
181,383
197,404
246,1033
214,790
88,495
216,472
222,1077
221,851
150,681
197,864
149,614
11926,133
213,531
217,461
206,654
162,962
234,779
277,709
201,481
231,598
165,606
195,422
181,576
277,688
166,426
196,752
230,530
215,368
276,761
94,645
196,725
161,537
89,462
246,636
214,1070
201,538
166,646
148,505
177,690
198,866
12016,116
12418,150
216,619
217,464
12211,99
202,654
281,413
214,606
266,694
217,797
193,495
212,740
182,405
166,377
165,608
92,358
199,1336
12571,102
219,776
221,652
197,621
228,767
181,638
274,533
221,493
209,748
201,745
259,449
211,398
167,784
249,760
215,530
147,596
164,697
201,477
214,624
183,900
197,648
116,558
218,520
197,717
202,586
212,353
274,808
194,826
277,814
131,519
85,450
217,428
137,423
201,777
218,425
165,497
166,532
194,544
198,816
196,685
173,577
198,527
206,631
199,430
161,756
196,959
148,868
166,685
180,562
246,626
182,546
214,456
219,858
12644,130
214,465
201,472
90,771
131,426
85,782
277,630
212,893
183,416
137,691
199,658
229,452
213,1155
218,668
201,498
168,457
101,415
200,632
181,859
198,441
215,713
87,463
179,427
167,631
182,397
196,879
95,748
275,611
168,651
278,673
181,734
213,950
201,835
135,570
277,572
97,748
100,687
184,721
84,508
198,694
279,562
217,998
210,672
151,863
213,563
201,586
214,687
214,423
278,500
173,754
141,462
165,638
213,580
166,525
102,678
213,677
222,391
214,699
197,460
198,712
215,458
281,540
202,641
166,926
92,583
213,546
205,535
222,708
88,687
85,872
183,480
197,722
109,636
147,505
214,712
221,733
196,615
198,732
233,781
102,690
183,619
202,600
211,492
215,425
105,1096
262,558
150,394
12154,147
185,634
216,578
214,614
103,647
281,552
233,576
165,676
201,622
102,822
205,485
198,597
165,534
197,542
210,487
194,587
213,450
218,753
221,541
147,604
198,710
229,685
205,436
209,616
185,838
213,728
206,647
194,673
213,729
145,832
152,394
185,708
197,534
230,466
104,358
197,594
214,609
197,601
213,678
130,648
198,432
212,1176
220,703
215,567
198,825
214,599
183,614
217,600
185,428
248,613
213,491
221,906
217,679
186,444
185,716
195,513
217,663
221,669
198,727
227,482
94,611
185,459
182,668
153,740
181,513
193,635
243,427
280,497
167,481
219,473
245,842
213,394
213,546
121,608
87,672
101,865
197,900
12163,116
214,485
86,898
249,814
182,373
177,405
214,522
217,800
202,524
215,527
183,387
148,654
220,427
212,618
199,556
214,583
218,586
279,521
83,634
214,611
200,723
96,902
86,1010
214,694
218,700
166,680
261,1071
280,751
209,497
214,771
11904,148
215,679
84,668
231,699
217,398
167,737
215,1024
196,1339
94,669
198,711
199,401
215,619
173,488
117,480
170,645
116,756
212,364
202,719
199,669
222,645
170,624
197,759
182,460
214,825
217,454
217,376
109,659
210,728
214,520
245,664
177,502
277,516
198,654
231,748
177,437
218,595
149,663
92,422
197,505
217,784
198,667
219,443
201,467
209,830
230,480
11815,139
213,857
166,691
89,788
180,492
215,351
182,497
218,1051
202,542
199,654
86,688
154,504
96,452
230,564
111,638
142,725
265,690
119,1078
275,496
213,773
91,785
217,477
205,464
181,570
166,682
12184,106
266,694
167,678
193,455
262,669
209,743
197,436
221,530
94,800
181,603
12016,176
183,585
229,543
246,614
214,617
222,694
198,575
199,601
279,907
150,638
89,560
202,753
119,615
198,526
111,740
221,533
88,637
119,845
198,408
282,656
278,970
217,650
98,531
231,409
237,488
171,677
165,563
214,557
218,789
179,943
196,882
166,536
11904,137
94,645
199,787
198,682
12154,167
196,446
89,456
173,550
103,432
167,619
168,463
200,721
218,695
218,750
233,745
198,398
197,531
214,532
11961,127
206,782
281,958
95,786
197,792
209,432
248,615
214,621
217,614
219,765
12085,151
279,554
211,675
202,481
164,794
213,781
215,485
206,478
214,843
209,785
201,1158
162,802
97,677
199,487
12154,153
142,711
234,823
232,579
168,797
92,223
216,529
201,461
214,515
229,379
12139,120
101,792
135,693
182,579
172,545
120,755
214,741
183,500
167,460
214,411
278,436
265,388
198,508
91,696
247,678
218,578
218,716
222,599
135,571
212,532
149,853
229,688
215,663
135,533
281,797
138,665
217,619
247,683
281,450
95,669
199,588
275,710
11815,196
138,368
217,840
215,447
178,550
219,476
166,438
226,432
172,664
212,457
213,597
227,829
110,701
212,427
161,423
221,594
197,677
198,468
217,737
198,528
147,329
210,557
213,684
103,484
255,472
179,620
215,732
262,702
200,353
105,761
134,387
274,690
217,509
166,536
222,748
183,649
166,451
213,524
282,534
184,610
182,1187
97,811
193,665
262,633
210,490
218,512
12211,113
210,702
279,587
202,686
215,700
103,425
149,639
197,694
166,559
213,378
181,806
246,809
166,645
198,733
198,677
237,411
231,397
216,476
10747,182
95,542
162,531
143,679
233,662
185,542
167,428
221,718
140,568
222,345
212,441
282,856
148,516
206,547
202,415
120,706
152,731
185,732
197,528
198,636
202,695
231,539
152,696
214,477
215,478
197,610
217,1252
202,380
92,481
198,557
214,468
197,508
230,385
197,730
185,443
172,699
186,622
91,668
133,643
85,563
197,529
217,595
164,603
278,803
91,676
281,468
213,612
96,631
229,676
181,352
198,869
205,563
218,672
218,830
198,324
198,807
285,479
217,714
113,930
178,501
94,679
12644,123
195,565
92,544
198,653
92,863
201,818
102,678
212,780
282,639
280,406
198,680
198,937
12535,144
103,384
212,469
201,627
93,768
276,806
106,434
212,510
102,601
214,667
193,593
213,624
198,394
148,764
182,832
213,425
197,609
141,802
197,660
215,807
102,535
90,611
214,620
167,604
214,529
12217,129
128,532
197,415
217,425
213,606
195,493
186,471
180,425
205,576
105,492
194,453
169,591
213,776
180,308
213,600
88,460
215,689
97,751
196,640
273,460
205,758
169,352
215,501
198,613
138,482
198,1034
213,493
12644,125
262,438
279,677
279,866
166,455
182,800
180,555
196,630
216,699
200,413
202,631
184,774
199,661
98,686
213,521
195,465
169,475
213,736
183,671
168,366
205,785
262,558
12129,162
214,767
162,624
86,720
199,406
198,731
154,818
135,399
85,682
150,556
101,675
219,826
172,596
182,488
217,588
213,706
199,487
230,593
226,728
279,662
217,774
12279,144
197,395
198,606
161,676
201,558
213,663
140,701
184,696
214,511
229,561
173,564
214,722
279,522
221,649
212,760
214,498
92,567
199,528
217,671
182,840
91,467
282,779
88,837
201,567
194,646
214,829
182,501
183,489
220,547
168,670
222,520
217,630
107,810
286,509
277,956
213,781
277,849
180,410
201,479
211,640
199,502
214,420
246,692
165,577
12163,202
221,613
214,422
214,540
213,620
193,378
210,553
194,341
119,650
198,532
212,591
172,716
233,547
213,656
278,897
205,548
202,561
198,789
199,605
202,601
93,536
198,759
198,1055
262,953
205,416
170,615
213,545
92,640
196,623
167,719
197,453
135,513
119,615
95,786
120,518
88,548
216,528
12364,181
117,781
199,642
217,480
94,604
214,620
94,680
205,455
229,679
145,528
201,537
177,472
281,854
141,597
212,427
97,943
214,803
214,560
237,557
187,959
218,557
206,483
196,608
167,669
133,529
196,746
217,646
214,461
166,565
213,577
278,835
279,377
199,688
199,521
214,504
202,732
87,449
198,918
213,796
197,588
205,549
216,529
214,785
195,382
215,513
233,449
126,650
197,690
194,797
218,672
193,608
246,752
213,856
217,604
198,380
214,373
247,762
173,498
166,891
212,785
222,658
232,434
193,1533
277,586
217,977
162,658
264,606
197,494
212,924
182,558
214,507
211,433
281,602
183,976
196,878
198,452
177,1149
214,576
220,610
170,911
196,580
214,653
200,486
198,786
197,397
11815,148
213,990
95,567
198,417
214,426
166,813
257,787
218,566
193,607
166,585
213,443
198,429
253,894
181,788
217,854
222,1125
216,663
201,512
175,594
11961,108
154,672
151,671
97,884
237,744
126,576
230,510
84,617
150,821
262,742
217,690
279,770
134,465
161,639
169,445
165,536
181,511
197,764
94,503
149,342
218,615
214,697
279,679
217,616
175,618
139,542
198,706
199,658
197,525
199,564
200,548
153,819
182,835
222,554
214,524
279,718
197,539
198,494
200,501
92,562
279,690
198,427
12184,95
166,507
166,405
217,410
198,398
194,889
218,507
196,445
197,566
98,627
168,573
205,543
182,448
199,527
166,593
213,713
218,727
217,622
201,662
197,673
181,894
169,681
128,430
217,360
147,652
167,567
221,732
213,566
216,775
157,470
286,687
183,743
278,598
103,594
12139,134
215,667
244,442
230,888
214,519
213,517
12572,139
198,651
205,663
273,460
218,598
151,682
265,612
215,579
241,646
202,718
165,488
199,384
222,445
168,415
233,633
193,637
95,592
12644,134
196,782
201,407
213,273
198,497
129,619
217,493
199,713
214,518
197,860
215,566
209,645
217,677
194,713
197,410
213,736
185,542
11904,120
169,445
218,493
95,703
186,622
215,692
214,620
230,409
183,360
134,870
247,729
162,574
92,412
215,425
278,738
231,650
178,428
225,832
197,860
120,676
221,665
92,393
217,672
264,827
92,743
218,542
212,643
182,730
169,620
12407,131
181,529
214,422
205,1154
183,722
102,1479
201,689
213,483
221,688
263,968
247,717
90,681
218,634
276,684
94,794
225,782
214,831
165,733
165,407
212,609
131,513
219,1045
248,662
185,938
217,502
216,684
215,1055
217,778
181,602
169,688
221,818
102,744
217,794
169,696
196,738
214,723
12364,142
199,740
86,681
217,453
182,433
195,633
199,540
198,677
164,493
95,998
107,693
278,544
214,399
12154,124
182,762
213,568
11926,234
222,745
281,704
107,644
154,606
213,443
201,755
221,645
278,738
216,631
177,559
220,610
202,842
217,690
214,431
168,597
199,522
215,471
97,886
195,683
217,515
199,454
220,459
198,537
206,402
217,768
182,495
200,690
213,695
214,469
151,472
216,688
218,1050
12418,161
214,616
181,689
221,453
150,581
221,867
184,471
221,763
280,541
281,625
153,691
195,475
218,639
201,403
220,1001
87,431
135,399
165,496
218,658
11871,117
101,692
216,549
102,630
165,556
115,662
278,476
214,537
145,566
12132,118
198,626
177,576
133,466
217,793
212,422
106,651
102,524
11743,165
12644,147
173,558
282,587
202,542
93,579
197,522
197,793
161,504
198,472
277,504
279,537
200,459
185,702
94,510
216,489
199,361
280,639
210,644
109,295
217,867
221,518
198,479
215,393
257,527
177,690
169,480
214,614
199,471
134,554
199,732
217,511
91,508
196,467
217,586
209,445
231,837
218,638
151,828
199,527
170,658
281,553
197,544
92,400
278,885
201,363
11871,123
12016,141
233,908
278,783
197,564
230,452
217,381
133,633
214,679
201,521
182,602
199,700
282,900
12154,239
113,834
199,552
217,698
189,677
182,611
217,697
193,1221
209,725
281,545
228,440
198,599
233,421
281,613
254,623
197,528
216,625
180,449
197,694
121,1036
261,638
199,737
213,486
101,1525
201,683
217,610
253,851
198,519
201,663
91,668
214,411
92,775
201,649
215,497
282,799
218,530
199,558
193,469
92,885
279,532
212,821
216,688
215,513
278,490
181,494
194,377
221,526
213,465
197,700
281,697
213,414
173,605
217,649
11743,136
201,784
185,575
282,360
218,718
131,737
213,717
219,664
170,592
285,590
102,655
99,672
232,545
163,570
173,639
212,561
209,629
189,773
281,547
217,575
214,535
231,957
213,727
214,549
217,520
230,640
168,644
196,838
12285,156
280,859
91,501
209,523
175,465
217,665
280,610
198,1294
221,782
199,490
92,556
96,638
150,720
195,679
189,747
198,852
150,585
179,475
221,615
218,624
214,614
217,486
198,681
199,473
197,873
137,595
245,744
213,805
222,497
201,481
213,830
217,638
213,645
217,783
94,589
217,525
215,737
184,400
101,610
200,534
217,580
171,689
166,590
201,747
197,431
199,623
219,753
189,583
197,603
216,676
215,526
199,384
219,525
169,596
189,598
167,506
213,406
279,714
182,740
183,778
217,929
185,636
137,450
165,606
218,583
199,532
182,647
139,447
214,951
197,501
281,623
196,679
134,561
285,779
209,664
213,735
182,484
198,634
212,551
166,592
182,780
200,541
260,702
113,449
214,744
217,769
199,659
199,757
198,705
213,398
149,663
161,529
231,602
175,688
227,561
101,574
196,433
169,394
218,891
166,729
210,487
278,550
217,430
93,743
200,659
202,493
186,541
218,581
182,561
185,495
215,526
173,410
11815,139
182,501
278,935
103,589
166,856
197,540
198,643
200,476
150,651
169,643
167,613
214,458
201,426
165,661
148,381
186,771
197,647
217,734
200,625
214,466
212,658
196,601
162,622
198,611
102,415
186,743
182,2054
202,604
265,724
193,492
281,1006
181,636
91,480
214,847
171,599
214,455
205,521
198,714
197,468
196,729
166,588
219,485
94,644
209,511
278,778
238,382
196,634
167,710
285,594
213,428
245,743
225,625
150,415
216,701
190,608
214,659
247,606
199,443
215,662
162,565
118,526
146,802
234,421
182,380
181,593
12091,165
213,695
182,756
129,497
150,714
197,531
146,337
156,472
201,446
156,626
168,803
205,972
245,973
213,532
197,460
213,776
11642,166
217,610
194,451
214,688
217,713
276,760
218,619
173,533
217,732
199,489
172,610
215,672
181,550
215,623
273,679
216,504
281,471
199,577
214,563
202,493
216,938
219,663
180,526
205,382
94,625
202,445
226,417
169,522
198,391
217,471
214,639
218,564
209,774
277,486
182,469
221,780
201,497
197,633
175,538
279,878
106,698
198,503
205,742
196,439
86,647
278,600
11871,126
221,787
198,388
175,375
216,814
166,673
166,600
198,387
196,516
280,867
166,638
230,391
199,463
215,401
198,598
199,455
150,689
196,632
214,925
97,910
184,388
219,544
165,398
214,1258
214,589
181,618
278,941
11926,169
214,677
277,738
194,712
167,583
193,476
199,410
121,776
199,871
209,366
265,612
171,695
214,690
121,547
201,776
190,412
167,769
249,672
230,480
201,464
213,408
274,435
198,397
275,727
174,626
278,706
199,624
169,428
175,944
11671,150
216,767
189,596
278,570
214,672
217,603
197,605
198,482
279,537
129,580
285,696
213,535
167,690
214,685
121,555
110,722
11961,102
276,582
183,646
219,768
169,672
215,457
169,644
199,567
177,633
199,554
12377,127
278,651
217,639
97,616
118,972
273,585
281,1036
216,408
201,749
213,781
97,666
85,383
215,393
281,440
174,558
280,534
261,638
199,528
196,495
200,569
213,485
85,482
273,375
217,645
221,728
197,459
180,623
233,784
225,919
184,746
87,525
278,742
169,483
92,527
165,512
151,485
213,502
175,682
197,371
93,544
198,711
166,488
190,720
97,535
245,655
213,368
218,531
216,458
217,375
205,947
150,821
174,841
278,431
164,866
201,571
165,667
217,559
131,552
183,703
198,757
215,444
227,662
275,799
221,631
202,497
214,580
196,549
198,416
138,404
105,546
154,777
217,524
279,509
230,633
196,782
214,492
213,567
212,709
184,614
182,356
201,679
173,424
93,607
217,508
134,663
201,570
214,660
219,605
101,439
182,446
101,632
197,570
201,577
87,407
277,498
285,610
209,759
213,718
281,952
102,720
166,607
173,670
211,571
198,845
215,379
214,453
201,600
185,660
175,571
173,724
94,425
212,689
201,668
198,488
277,393
166,633
167,525
214,598
117,707
198,548
201,823
234,433
135,790
217,567
204,523
102,569
219,660
182,426
148,446
210,583
213,622
205,483
99,737
214,638
198,481
201,467
180,797
213,715
246,752
198,618
169,774
158,613
264,581
169,472
213,627
92,568
199,494
205,652
217,692
202,728
118,592
166,742
170,461
194,445
213,753
221,782
99,660
217,618
229,933
182,710
215,614
217,455
95,510
166,686
169,825
121,548
217,515
212,417
198,730
193,437
233,841
198,386
198,635
201,575
199,405
201,636
244,415
214,727
198,798
209,693
281,639
198,432
217,622
218,544
197,504
278,636
95,688
199,431
116,530
214,937
215,453
150,610
197,630
183,560
195,532
205,403
246,653
213,647
197,601
87,679
132,500
147,450
277,754
280,469
198,615
11743,121
215,585
199,607
170,691
165,608
134,328
216,713
214,593
199,443
183,570
199,662
199,443
277,606
212,556
182,713
169,654
263,939
279,644
185,809
281,803
197,920
102,745
166,861
109,915
213,692
182,659
211,559
193,421
215,473
201,655
201,908
273,508
234,667
12184,141
198,520
216,597
198,737
218,769
174,503
259,674
182,439
170,536
167,676
216,569
285,523
277,417
214,725
167,550
119,1106
183,628
193,435
212,468
85,572
214,499
265,688
104,546
99,726
184,532
213,751
278,673
95,615
199,679
165,613
201,679
281,558
215,490
111,740
220,833
246,520
214,953
86,572
201,1180
171,612
215,681
117,452
215,675
213,610
167,628
198,538
197,616
214,372
282,656
196,495
165,522
198,397
217,609
213,487
214,626
185,673
217,567
164,560
281,650
216,608
117,857
145,702
214,424
156,425
201,442
91,525
205,571
183,571
171,579
218,718
107,657
214,612
198,665
281,588
246,638
196,487
201,641
165,971
185,699
88,742
180,513
216,590
148,472
249,571
12154,117
194,631
115,584
91,569
197,646
225,767
98,779
218,628
218,710
150,760
148,696
214,667
166,509
182,379
93,612
12184,145
11871,148
212,384
214,907
119,421
199,650
231,586
215,621
200,464
183,675
164,593
206,591
197,411
89,567
201,825
232,797
181,429
199,495
185,467
228,725
87,661
119,602
278,460
94,784
214,414
282,797
213,589
201,598
229,602
97,519
213,626
215,680
212,488
148,645
205,557
132,533
164,507
212,375
222,443
220,772
277,492
97,754
277,417
278,733
141,521
215,654
218,666
196,475
211,465
279,644
279,663
169,580
215,544
91,606
213,765
96,818
196,468
177,599
193,537
185,608
200,527
178,567
220,623
201,469
215,474
218,493
149,651
280,700
215,575
214,768
99,687
198,797
213,721
214,689
175,944
200,690
87,588
217,673
211,608
86,586
131,737
185,462
120,612
261,451
279,665
133,755
12535,120
12085,136
216,452
277,457
217,404
12154,169
202,456
209,800
231,517
215,456
221,872
212,455
214,593
165,630
217,590
183,701
202,757
93,873
212,400
170,501
12139,140
115,659
213,629
214,653
166,419
222,623
282,674
121,460
198,553
197,730
197,897
93,695
217,453
205,454
190,412
164,593
94,440
180,483
217,703
191,771
277,752
202,782
209,782
277,696
165,522
217,457
221,477
238,661
183,745
218,399
150,495
131,534
198,636
212,797
150,670
168,664
182,392
212,643
281,658
120,437
93,544
170,560
153,581
218,441
147,864
196,598
199,502
152,706
198,558
182,370
214,709
165,696
185,616
198,948
166,429
205,466
86,895
278,702
134,847
165,682
197,340
233,751
209,515
218,567
217,687
89,703
197,542
278,503
277,552
229,593
213,535
181,733
202,479
198,559
153,583
278,676
230,484
201,868
12154,193
229,599
201,770
99,1054
182,563
193,460
201,438
221,646
214,753
11961,171
85,650
202,453
281,396
101,568
195,604
244,579
12211,140
242,534
170,540
197,603
198,635
11926,148
122,523
103,820
234,575
273,529
214,639
201,467
209,558
214,593
212,675
217,695
180,731
278,416
198,603
181,576
230,652
212,761
167,719
134,806
170,461
153,724
96,1064
217,815
216,733
209,560
222,602
168,889
87,444
214,597
199,505
12644,124
212,394
150,407
218,571
214,499
213,708
185,672
217,400
212,1032
12139,120
244,582
182,746
95,592
11871,212
183,401
197,487
94,223
200,572
218,936
182,760
117,744
173,496
87,674
214,550
217,775
198,761
91,903
197,412
279,606
201,577
218,782
215,429
170,447
198,497
94,615
277,765
213,1106
183,602
201,439
218,610
218,748
215,621
214,535
213,741
198,470
222,543
189,789
198,505
214,427
183,508
11743,106
183,671
211,707
212,708
153,615
245,875
200,592
175,394
214,1601
184,1045
215,528
185,518
117,897
197,923
279,685
216,395
161,672
169,567
212,763
104,587
206,703
195,506
88,301
201,676
115,600
215,966
166,1016
198,597
219,927
215,735
201,616
199,472
201,647
148,454
221,718
213,473
214,484
197,418
277,482
200,555
165,742
12472,124
185,510
220,822
200,486
213,913
221,637
196,452
213,715
278,784
213,419
219,629
245,1040
278,648
172,455
196,967
281,665
219,865
93,531
199,395
281,590
193,469
199,508
103,394
217,569
214,677
198,668
89,675
233,536
212,781
278,558
89,810
214,567
165,421
285,445
212,704
229,491
212,696
91,440
92,652
282,779
280,625
214,675
273,384
198,756
12163,135
152,838
12154,133
202,756
166,631
202,601
213,546
193,672
169,475
202,483
189,688
200,527
100,716
209,497
145,563
222,810
87,668
93,528
231,539
117,827
184,691
214,839
276,448
209,951
199,591
200,507
233,607
12217,131
172,600
198,638
193,435
216,758
182,557
12016,129
194,401
209,525
189,665
182,801
217,648
177,512
277,465
221,422
201,701
201,588
182,598
199,502
182,961
278,720
172,624
199,606
178,600
214,641
213,832
102,555
215,446
213,551
199,473
277,475
90,763
205,571
199,533
215,612
173,571
277,417
217,503
201,516
182,678
209,560
214,651
167,586
170,551
209,525
94,757
217,630
199,571
214,537
162,438
218,776
100,389
199,624
225,420
249,580
198,681
200,571
181,637
276,516
172,681
198,347
198,639
183,570
217,794
139,458
277,642
95,569
217,429
184,473
212,817
195,653
221,489
95,380
86,605
88,632
90,671
282,579
185,701
167,584
169,450
198,493
198,651
220,939
214,698
218,776
174,724
214,654
198,510
193,583
196,469
92,563
217,700
201,521
214,882
198,577
281,396
153,438
281,650
11904,145
89,560
278,818
197,879
230,627
197,789
278,780
215,595
211,442
251,483
280,507
197,793
278,644
279,387
278,932
245,457
273,702
216,689
215,705
201,652
97,943
225,983
215,435
198,692
89,645
119,673
198,433
135,484
205,389
213,535
217,647
214,504
214,573
168,542
12211,155
166,377
217,719
199,663
213,894
11815,182
260,549
215,887
197,597
214,875
219,894
197,472
182,602
89,763
166,587
168,425
232,662
214,377
214,567
196,628
201,733
214,587
228,540
279,481
134,570
102,623
12525,130
150,939
165,491
197,440
201,397
167,489
199,822
221,484
214,434
217,638
221,576
196,636
94,588
182,563
182,721
98,667
199,469
186,462
282,779
190,365
157,503
169,530
277,451
93,520
215,797
217,572
218,666
118,526
198,584
222,475
197,862
178,610
190,778
232,843
181,602
218,444
218,716
182,518
225,742
198,416
180,414
276,790
169,615
280,464
109,683
214,607
201,628
181,684
132,1246
173,787
181,465
281,715
203,660
195,515
214,399
181,681
88,658
218,733
225,676
96,595
165,726
198,649
217,683
87,640
183,474
213,747
216,709
198,798
201,683
169,472
197,840
199,605
106,572
276,542
214,815
281,580
214,647
281,822
198,463
202,609
88,445
197,628
97,884
214,730
96,669
197,368
197,595
216,408
174,430
165,647
217,760
198,461
202,490
95,738
243,763
166,799
182,693
169,637
213,762
93,478
214,664
286,775
218,449
278,707
193,495
221,1553
278,776
221,566
212,616
220,709
281,464
206,736
166,452
199,817
183,464
222,838
229,719
232,696
197,817
215,477
277,722
198,441
215,505
210,613
150,563
212,865
213,894
196,464
275,462
166,601
105,785
222,738
215,527
185,643
149,493
209,515
130,797
230,494
278,638
201,546
217,397
12655,153
217,486
182,614
196,495
230,428
171,642
95,621
215,326
216,661
110,869
198,452
280,554
190,438
206,445
201,671
205,745
217,425
221,617
154,1035
197,709
198,637
12525,228
201,682
214,787
282,671
12644,164
162,554
97,685
230,756
199,657
216,732
197,572
167,589
182,494
12535,131
12154,167
199,412
185,546
264,831
226,1048
213,447
214,659
183,526
276,748
201,725
198,614
216,826
168,420
221,719
86,562
217,481
198,655
195,427
213,403
198,594
166,723
199,662
97,611
214,592
198,456
113,374
201,648
201,589
230,915
209,404
174,606
172,394
221,936
278,665
103,515
215,551
201,707
198,768
278,673
100,818
202,480
215,565
210,604
282,560
196,475
92,625
12644,170
216,716
215,545
165,491
12644,150
281,566
253,755
199,637
215,437
213,388
213,697
221,748
214,434
232,647
198,597
247,531
201,568
113,437
198,544
213,520
215,716
183,692
213,612
197,888
218,662
182,383
218,781
213,586
12377,127
129,751
219,793
218,1215
214,549
217,617
99,548
214,527
166,590
212,720
149,893
185,428
280,644
231,672
183,389
197,504
12184,160
214,384
129,580
212,1004
112,856
200,723
85,486
171,503
218,581
166,644
199,678
277,674
170,406
201,562
194,429
91,472
217,753
161,527
229,430
222,650
214,420
109,548
194,685
278,483
206,615
214,518
197,487
217,608
201,693
198,645
217,621
201,798
206,393
103,764
153,800
221,442
165,892
230,491
171,548
214,587
147,574
204,523
116,638
218,464
169,740
279,736
215,508
183,751
237,579
198,673
106,767
249,464
182,614
214,547
198,742
12377,130
279,626
222,760
103,786
197,557
197,435
218,542
130,689
217,520
197,635
218,719
231,551
281,648
180,535
217,671
185,534
278,664
279,439
198,606
211,636
12524,129
233,976
196,432
214,742
225,589
217,642
214,712
197,464
166,484
213,576
214,684
215,563
171,550
217,695
205,700
229,817
165,525
183,602
232,516
213,474
247,569
199,425
199,541
199,711
218,612
209,636
199,1163
165,892
165,572
280,609
87,659
214,795
217,490
131,654
216,513
213,424
246,528
205,744
150,477
198,584
190,853
183,543
95,614
167,468
135,296
92,570
217,798
225,583
153,724
147,695
212,624
166,695
181,548
183,636
120,364
218,595
167,711
285,956
213,413
199,492
214,861
214,546
114,906
201,793
213,785
178,561
197,508
153,740
282,725
12655,113
167,703
202,663
217,734
196,691
278,797
212,633
181,412
12571,137
197,492
116,812
94,740
221,782
152,582
202,410
198,513
214,498
198,622
281,366
225,605
231,501
245,678
197,671
217,751
170,637
215,506
198,592
249,714
278,701
170,551
172,596
269,591
245,875
201,674
197,382
199,674
198,444
194,448
214,467
249,530
214,538
96,715
12499,185
210,575
12418,138
198,442
95,540
200,494
199,361
90,903
93,626
107,446
214,642
231,564
145,477
215,482
185,684
211,1089
151,746
214,600
198,386
109,393
214,705
215,973
257,469
282,501
281,785
209,587
217,426
198,461
119,698
214,531
181,443
214,679
201,832
167,379
282,609
230,476
199,456
213,456
212,553
161,506
229,714
278,566
198,430
198,651
198,562
254,389
197,605
112,812
96,555
221,369
266,1226
214,739
281,654
183,624
199,470
218,462
198,405
185,711
196,442
171,561
217,445
98,800
279,668
106,623
278,815
202,756
279,637
185,552
214,908
201,567
198,431
100,943
215,494
167,447
202,596
182,715
134,728
12154,135
165,737
193,458
218,690
11904,109
279,626
183,747
276,710
214,597
143,1010
169,566
214,458
200,578
205,395
248,712
169,826
97,497
245,1040
202,647
202,531
278,462
217,452
200,751
209,455
213,638
100,528
93,584
85,846
125,656
216,484
222,722
263,706
196,630
202,782
165,508
149,767
217,503
278,529
199,563
202,615
201,747
158,652
198,643
213,457
100,493
232,712
166,803
198,603
107,604
202,609
199,395
195,666
200,593
89,736
214,644
193,517
196,517
198,584
11743,139
220,503
161,628
209,475
213,1025
175,616
212,486
172,645
134,752
247,713
201,547
87,580
281,548
141,694
209,731
197,698
201,749
12154,153
197,520
165,439
166,786
146,455
179,817
214,615
193,550
183,754
217,633
277,489
221,461
12184,159
197,377
182,454
147,617
273,866
279,568
165,701
183,606
182,873
216,468
221,476
215,637
244,582
101,417
201,707
212,524
181,544
215,682
278,469
96,712
81,1012
201,553
196,741
11871,153
213,842
198,462
182,641
199,488
185,514
217,497
212,813
198,475
185,551
217,642
12655,199
233,601
154,645
278,703
217,851
198,456
200,479
214,587
209,530
233,584
197,493
278,455
230,488
266,391
217,464
205,499
199,765
198,430
180,463
168,543
11636,124
134,922
167,405
198,648
185,492
214,605
199,465
102,711
250,792
182,534
215,458
186,835
198,388
202,550
182,514
231,802
280,1008
216,396
275,703
100,867
197,505
12581,138
199,514
222,490
210,748
117,480
173,633
157,572
173,506
97,601
201,784
205,497
198,604
198,557
114,453
280,568
241,646
172,494
217,703
250,448
213,864
99,726
120,657
215,597
87,563
213,485
101,478
94,628
215,632
88,702
218,1163
12049,143
200,472
181,740
206,540
104,370
197,794
196,860
180,662
217,655
215,772
11636,98
93,780
214,556
218,956
280,825
180,763
217,635
201,556
86,690
213,559
218,765
89,726
213,1695
218,785
12377,136
214,764
276,539
202,736
118,1259
206,706
217,579
183,432
219,623
213,662
209,564
198,543
196,508
214,978
200,652
201,467
11815,121
214,643
215,520
95,688
103,1007
174,594
216,632
87,379
118,592
199,421
279,532
100,763
278,797
12132,170
277,479
135,408
214,491
199,683
222,400
281,965
217,546
96,454
196,437
201,417
193,628
232,405
122,682
11636,140
166,821
217,510
12377,107
164,426
173,354
180,622
221,379
91,814
12364,129
221,700
266,481
94,679
92,707
199,493
213,771
220,587
215,865
218,401
129,396
198,414
196,868
12524,140
202,773
97,663
201,612
190,675
119,850
209,549
274,675
165,504
215,591
199,642
213,530
215,464
202,381
166,552
105,447
195,595
217,730
198,632
147,503
214,626
214,434
214,541
198,652
281,392
117,452
169,536
285,1180
199,636
113,530
92,832
218,562
201,689
198,728
198,429
199,554
200,661
277,572
87,590
213,359
226,599
120,565
211,767
134,810
88,473
172,778
286,633
262,643
281,532
279,677
221,397
215,522
213,382
11815,127
200,489
181,896
131,616
201,774
210,530
198,527
217,750
214,712
134,644
200,541
194,651
278,758
194,974
12211,115
230,574
261,699
119,679
278,686
201,685
198,829
90,819
218,370
218,437
215,729
115,659
277,325
141,455
233,637
222,1043
102,352
198,435
172,736
169,626
214,1014
279,524
99,458
214,832
199,690
185,599
161,462
216,521
167,507
182,693
213,699
149,456
213,801
201,613
12418,118
112,606
222,675
217,643
214,692
230,915
198,567
164,640
199,719
218,541
166,559
282,585
217,624
181,608
197,678
119,490
197,663
181,628
132,790
215,575
214,752
237,537
209,494
201,394
210,828
234,603
209,434
215,496
99,976
126,905
206,949
198,651
197,677
133,607
185,353
199,540
199,495
213,685
89,733
199,585
202,675
197,713
12154,169
214,810
217,928
281,917
218,725
278,618
216,974
201,541
201,566
126,488
217,684
225,661
211,500
185,647
91,580
206,532
277,576
182,577
214,398
198,528
185,823
214,522
93,506
183,475
278,806
198,548
225,581
214,561
94,445
185,515
198,722
249,621
198,422
12644,134
234,634
96,793
149,411
214,385
196,661
167,942
200,821
168,455
229,914
166,769
133,416
12154,145
214,688
212,414
185,641
198,502
182,655
214,467
202,598
213,401
125,616
245,771
165,584
197,680
217,615
218,667
217,474
216,458
213,450
213,318
198,869
265,942
214,918
241,372
213,509
166,460
193,437
87,710
218,739
92,646
231,779
11904,180
277,389
199,522
278,406
119,704
216,864
105,714
214,688
103,702
92,782
94,595
198,716
205,604
197,507
180,721
189,364
12364,109
278,657
193,415
225,722
196,444
186,513
210,802
182,484
193,552
248,485
115,722
11743,142
92,803
196,636
214,750
11871,140
198,428
250,613
182,514
167,773
217,447
173,808
243,427
164,662
169,489
199,444
151,471
153,413
200,652
230,864
213,606
214,607
174,664
197,713
198,666
185,495
183,900
92,668
183,503
151,721
173,686
209,760
212,402
205,713
215,439
201,675
84,693
198,693
217,818
209,681
266,576
238,446
199,557
199,746
214,511
167,1043
137,652
85,546
221,743
281,532
273,670
209,492
199,675
12139,167
211,747
197,662
215,627
135,417
245,354
198,557
198,581
262,504
231,396
88,603
199,829
209,600
219,597
214,665
198,622
196,399
214,711
167,1077
214,377
217,736
279,663
249,1211
197,407
210,683
165,611
149,526
218,596
173,639
213,381
215,507
199,644
166,994
175,595
198,449
182,468
182,578
200,709
215,497
217,393
121,613
212,704
217,849
214,414
281,630
213,554
201,472
273,685
196,487
213,708
212,880
167,664
12016,114
285,492
200,916
96,603
169,739
168,651
166,411
119,743
103,1001
282,440
212,559
215,560
214,620
198,597
281,396
184,441
218,330
106,608
218,592
213,611
201,366
175,528
217,443
217,675
217,422
198,583
88,747
149,997
162,662
133,562
172,526
173,602
180,597
218,606
166,649
181,448
264,545
198,417
119,533
245,692
201,580
218,677
234,565
218,799
183,660
217,593
148,720
225,656
185,474
280,720
200,592
183,736
167,585
199,624
200,747
154,883
278,562
214,686
214,663
197,544
90,495
166,391
193,579
214,578
199,745
196,491
214,795
214,406
201,718
278,715
213,419
12132,113
202,625
93,440
220,664
214,575
209,713
92,652
166,487
230,749
201,623
148,752
281,715
229,656
151,415
218,355
183,911
217,569
214,452
215,545
198,685
281,540
201,592
198,633
109,630
184,356
197,600
182,688
221,851
166,589
194,777
209,764
173,664
220,572
220,834
209,485
276,680
215,461
213,649
170,617
216,489
199,510
182,405
216,479
217,453
212,1055
197,663
209,548
11926,133
275,585
221,567
196,688
186,482
199,498
197,648
246,568
193,429
173,383
278,722
95,794
198,638
260,588
229,379
215,474
278,790
214,489
215,620
213,583
214,426
273,434
221,462
277,692
277,524
200,743
209,750
201,617
199,566
215,641
166,561
217,516
145,367
196,549
182,601
197,429
103,626
278,821
216,447
229,654
166,564
182,480
86,687
199,968
131,1101
215,708
198,678
232,662
201,720
180,594
280,615
234,529
213,784
202,783
201,748
219,559
11637,140
135,854
166,886
213,803
112,812
276,562
129,725
173,506
216,632
201,654
182,827
194,512
205,478
99,548
12132,144
12139,174
94,749
214,435
279,632
217,916
218,726
219,827
213,975
134,613
213,479
11871,139
185,440
250,723
163,353
214,467
206,478
217,515
277,798
135,513
217,566
213,663
216,411
230,543
197,618
217,531
170,977
202,574
100,597
237,729
95,777
203,620
198,586
282,765
199,639
205,632
183,701
150,612
244,743
208,686
197,506
246,886
212,483
170,999
198,410
212,582
278,753
197,476
93,607
246,722
210,634
275,516
281,511
198,643
213,657
197,829
279,573
162,372
93,712
96,810
178,412
144,512
201,724
199,853
198,449
198,518
231,953
229,749
201,645
167,584
273,660
12644,133
280,711
87,708
186,687
101,914
266,456
167,420
90,896
165,683
165,512
12418,149
197,444
277,583
214,655
276,733
201,514
165,625
216,364
182,588
217,759
215,709
93,692
11871,166
279,494
12049,132
225,753
218,640
12535,148
150,896
198,803
209,404
246,722
97,672
210,679
213,1049
217,699
213,870
201,444
209,530
216,579
279,725
198,608
12377,149
148,475
198,769
219,579
213,616
114,630
168,672
199,901
222,874
197,617
241,627
217,733
93,710
119,651
134,895
202,478
229,465
165,513
199,748
151,718
201,496
216,605
198,721
203,774
94,480
165,584
92,782
217,904
215,593
278,557
86,510
169,506
278,654
106,581
215,762
189,496
169,678
281,661
229,525
199,858
184,530
196,366
210,400
198,378
218,612
177,605
281,430
198,482
211,555
201,478
221,632
234,473
214,662
106,531
185,666
182,469
214,558
218,532
198,463
169,835
201,514
200,562
187,717
181,590
264,710
245,749
277,517
215,677
116,686
217,746
211,640
109,630
201,471
173,480
181,483
97,860
196,558
186,821
136,979
196,794
162,405
201,527
213,685
196,1141
178,874
201,705
213,602
214,404
121,872
90,685
215,859
230,658
170,781
175,531
198,675
206,545
276,794
168,457
217,531
201,845
169,523
122,487
212,811
199,802
87,679
205,729
275,944
133,921
194,615
197,788
164,682
183,487
278,618
175,375
199,705
12644,111
186,686
98,830
166,498
197,459
198,407
247,605
186,457
199,710
217,965
202,717
215,635
214,714
161,399
87,695
186,670
199,423
12418,137
214,748
89,733
277,516
218,576
225,843
200,518
217,665
166,615
166,669
185,615
93,665
214,700
167,565
182,657
210,576
150,612
162,499
92,680
199,713
221,595
163,561
169,543
217,627
166,814
216,677
217,666
12644,155
12132,145
213,576
225,899
12049,158
262,381
214,754
214,547
12418,161
148,655
138,538
213,782
154,695
198,803
218,753
173,670
198,446
143,549
182,890
102,1002
215,583
214,456
205,487
200,502
94,446
166,684
273,664
212,426
198,694
153,775
150,682
216,666
246,597
215,629
143,503
106,656
198,516
201,538
136,602
212,417
229,614
276,453
221,656
198,790
221,745
210,450
182,639
162,486
214,415
217,695
84,743
210,675
198,523
199,493
94,563
277,440
113,380
214,434
219,700
106,1012
221,462
198,743
230,684
168,575
197,406
216,850
199,721
198,489
214,531
193,497
218,1088
95,545
172,620
281,607
205,376
89,724
215,612
214,614
218,367
216,692
197,874
181,707
215,692
156,606
279,375
213,601
230,831
134,837
215,548
167,821
92,772
213,578
87,624
12154,149
206,858
230,417
277,575
213,593
213,925
276,603
95,349
181,792
209,624
213,393
197,563
90,850
200,720
214,523
214,449
12524,108
12154,132
199,727
134,460
200,579
197,690
197,395
201,703
11871,145
213,790
201,485
11743,121
221,537
150,575
230,603
198,709
145,417
12644,189
219,865
199,717
198,532
133,561
214,418
97,467
197,696
217,722
202,729
217,597
149,648
201,711
169,562
221,913
197,623
196,562
201,962
199,598
169,470
184,388
249,728
169,892
202,502
198,674
221,382
214,486
265,671
229,798
279,453
196,475
201,575
196,615
213,551
149,482
218,491
200,375
102,713
99,712
233,631
214,604
199,588
279,878
277,674
214,473
196,548
198,573
213,1013
169,579
210,641
200,636
214,668
97,502
92,553
199,668
286,799
173,763
100,289
12418,174
233,527
135,537
198,485
220,798
186,597
217,401
110,687
182,529
121,380
100,755
280,457
201,660
182,434
196,836
166,393
215,618
282,360
12472,141
217,618
264,743
213,543
245,869
211,429
221,724
197,761
199,608
218,480
213,417
125,626
225,794
182,585
165,431
202,599
166,783
104,370
12139,157
197,582
97,591
91,609
205,431
210,406
165,653
215,887
182,651
143,521
96,630
92,500
166,624
93,712
278,640
186,503
118,654
278,705
198,526
198,526
218,574
217,491
221,394
196,729
217,660
215,755
214,399
216,547
201,651
174,646
157,695
214,751
197,589
164,450
209,411
186,581
198,451
212,642
149,721
11671,111
215,402
279,656
210,443
185,644
197,796
162,438
178,703
12644,132
168,532
168,541
215,1038
185,872
218,697
214,506
214,624
106,435
213,2013
12015,130
88,704
197,638
183,675
279,544
217,599
198,475
169,694
183,621
198,706
196,467
184,400
182,418
217,755
173,571
215,485
92,656
197,667
12154,158
214,489
214,773
263,646
199,700
181,848
198,599
199,750
217,610
201,821
199,497
190,808
215,427
266,697
122,661
214,571
12085,163
217,602
209,538
213,587
217,527
278,617
199,569
201,486
214,490
212,400
88,611
214,759
93,528
201,543
214,803
118,636
181,579
88,451
222,689
182,588
162,568
230,475
196,650
194,453
277,576
213,710
165,697
12132,146
198,593
122,806
226,422
247,462
94,1107
201,400
197,572
196,479
198,1462
169,409
87,391
281,408
198,765
217,786
213,587
199,490
214,650
213,578
182,576
100,574
186,669
199,828
215,493
199,1128
278,651
263,551
182,598
218,559
194,1049
209,485
165,737
112,428
12472,147
171,458
222,537
213,439
221,416
101,792
86,481
183,646
148,509
247,804
191,546
221,699
97,430
169,805
218,576
214,417
198,761
214,674
214,481
180,382
182,729
197,993
181,526
281,594
216,608
183,984
210,645
103,669
222,749
277,399
182,654
186,540
85,545
199,635
209,472
232,623
214,565
215,617
212,812
282,709
213,410
93,440
215,518
166,493
217,463
182,734
279,659
198,535
213,458
220,721
150,585
201,796
150,483
198,444
201,470
185,352
199,510
181,529
193,844
217,496
214,502
197,610
197,833
201,563
214,476
131,378
161,702
174,976
229,452
197,692
215,501
105,512
199,443
282,540
86,537
278,561
219,839
213,622
205,509
199,632
197,559
214,603
12418,142
199,570
245,647
92,619
182,577
198,564
198,459
214,622
202,757
201,400
218,721
113,780
202,614
217,759
157,827
254,724
214,716
201,641
200,742
105,626
258,490
199,735
169,601
201,720
199,719
199,582
165,517
133,395
215,688
217,867
277,714
218,797
233,704
12217,158
152,736
180,604
214,613
183,562
201,397
166,483
198,524
198,572
214,328
198,612
218,702
222,721
218,429
199,663
201,681
213,426
199,605
202,602
150,363
12655,206
12132,118
215,507
193,469
201,625
278,841
198,775
154,661
217,482
198,872
215,879
201,730
9859,197
226,849
229,419
182,883
89,548
213,768
194,798
151,1078
278,686
161,463
117,411
217,422
215,409
182,607
110,642
94,680
278,686
189,477
233,391
189,616
197,434
218,722
197,643
198,753
278,1233
221,742
95,643
217,772
218,821
167,447
222,927
276,568
143,796
104,463
174,560
185,716
197,467
217,788
201,679
215,719
278,538
12377,114
216,398
165,892
193,600
213,729
198,721
110,442
246,475
216,831
190,1006
210,656
275,694
218,619
215,649
282,624
133,423
205,515
198,633
98,734
197,746
199,408
197,616
125,545
241,677
95,669
136,655
165,737
198,405
220,666
198,679
217,524
280,902
213,454
281,1529
221,670
176,606
196,583
273,579
261,413
169,627
213,568
95,597
183,590
198,550
202,488
113,959
214,434
166,544
277,903
217,818
149,579
96,659
221,875
218,490
97,646
105,487
199,926
221,758
164,682
150,575
104,882
198,765
196,540
166,749
197,642
12535,114
173,608
198,771
205,535
217,1095
167,479
218,419
199,668
11961,175
216,841
202,626
213,398
95,604
211,653
106,694
213,755
132,792
278,460
194,571
250,792
199,458
201,498
198,471
101,751
186,586
199,672
197,510
94,694
181,429
214,473
278,519
202,609
217,453
165,519
277,619
222,692
200,416
129,583
217,661
233,606
97,801
212,377
196,630
166,716
215,468
185,425
95,640
257,824
221,444
213,390
214,800
281,624
173,513
120,654
173,631
199,1000
212,520
281,553
229,424
209,676
217,439
93,644
212,591
185,408
250,647
196,580
260,697
99,685
217,770
212,834
216,447
174,664
214,377
198,427
261,500
277,474
165,616
279,455
199,594
221,446
197,723
166,497
201,579
201,868
12525,139
285,594
198,608
186,677
213,912
178,553
200,722
201,717
201,416
214,810
201,546
194,558
277,837
213,530
12364,180
153,428
216,429
209,535
206,615
90,600
212,1033
181,462
200,792
197,580
201,425
197,375
201,435
11637,140
277,401
222,393
167,492
162,594
233,546
201,385
218,678
277,788
217,334
218,491
198,560
246,398
183,666
197,626
280,637
89,471
217,739
215,1089
217,972
212,796
194,795
222,960
198,420
89,507
214,839
198,714
209,785
174,841
215,626
168,318
217,617
113,641
199,642
185,728
197,654
180,842
221,578
194,501
132,721
205,517
99,717
196,764
278,731
222,894
151,730
142,540
214,456
182,521
198,1012
212,466
215,649
185,495
221,785
215,452
220,715
169,722
197,841
215,701
166,393
214,406
279,521
214,570
217,474
146,662
214,655
219,523
215,607
214,446
231,953
169,477
196,1016
200,443
218,622
183,636
201,741
285,1077
215,394
149,583
198,846
217,518
88,426
213,498
205,790
196,660
154,500
229,713
156,375
199,391
198,953
228,433
214,767
214,645
201,708
148,826
216,498
214,604
278,548
279,527
220,538
218,605
183,398
199,662
12364,120
213,782
169,644
143,584
132,603
201,592
130,446
185,611
217,460
217,693
218,487
213,378
166,517
150,524
10747,162
275,544
181,481
210,740
170,610
278,726
12163,141
11871,128
215,599
198,511
201,585
214,675
213,559
12049,259
228,542
193,480
174,593
128,429
213,604
134,436
199,496
197,564
225,692
205,674
214,553
111,592
215,770
186,434
94,592
166,742
277,813
169,380
117,743
221,825
95,708
167,581
193,572
217,494
197,635
198,581
214,582
98,734
197,717
215,549
165,677
201,409
217,667
270,884
197,593
209,419
214,554
122,488
217,463
198,505
225,676
169,682
170,722
164,757
220,490
218,588
12448,170
198,548
216,949
181,359
213,432
218,477
87,590
150,646
98,762
213,528
157,562
201,754
276,839
197,490
244,879
173,481
95,568
231,397
199,470
182,830
215,655
202,936
198,799
202,341
199,590
118,676
279,614
166,600
238,509
198,424
130,579
213,934
189,374
150,463
213,478
214,393
205,480
279,485
216,568
214,490
215,594
219,1160
210,609
193,793
277,409
285,673
214,616
230,444
213,950
221,493
103,764
216,673
215,582
93,651
210,832
216,504
99,662
88,597
210,463
199,601
94,763
209,366
222,609
165,724
197,688
109,917
170,426
212,360
198,449
85,515
201,413
182,616
144,444
198,566
206,383
217,650
197,591
182,699
198,508
193,547
199,540
214,699
173,662
98,679
198,500
200,448
215,638
276,872
278,888
202,436
121,763
88,704
129,489
197,723
279,594
199,444
214,463
116,674
202,769
95,609
182,439
120,456
168,429
197,573
213,619
172,665
209,414
221,420
278,688
137,764
199,677
96,449
217,601
185,679
270,560
214,732
12535,148
198,484
149,696
247,586
214,438
199,778
202,369
166,709
174,606
217,670
218,435
197,728
198,531
227,543
234,432
201,505
198,519
181,649
89,713
198,583
151,784
183,507
206,584
209,484
217,583
167,575
214,696
217,581
177,484
199,686
198,677
12085,211
186,480
200,435
172,556
205,525
133,598
121,541
197,701
214,586
229,695
175,653
205,450
90,678
185,1349
176,983
198,413
279,701
133,852
218,768
231,615
257,526
193,637
214,573
206,618
214,369
279,672
166,550
277,931
154,691
276,555
285,545
12644,208
203,620
145,702
167,684
104,493
198,535
182,522
170,606
198,805
12304,129
197,534
201,586
199,479
137,589
84,622
211,518
209,712
222,503
94,609
181,450
102,546
154,754
233,650
165,585
164,568
222,722
200,916
217,389
110,500
213,437
218,631
201,543
181,398
265,580
193,424
149,684
169,456
277,363
230,494
269,621
182,559
98,695
216,475
201,803
167,574
202,560
87,509
200,627
218,675
214,438
217,606
214,662
199,439
181,529
217,627
197,378
165,540
172,616
214,626
214,497
153,819
148,429
206,436
176,561
209,634
101,384
182,847
199,711
139,544
172,726
216,491
94,785
168,480
166,373
201,888
216,1069
213,462
217,678
230,595
201,416
102,491
212,532
214,603
232,612
277,642
175,640
166,541
148,545
218,604
215,351
214,601
279,719
281,704
218,520
92,624
92,863
104,434
95,746
193,478
165,505
218,553
183,718
226,862
246,1015
229,812
221,870
260,691
165,451
166,565
181,422
221,699
183,718
277,528
214,718
148,714
198,708
246,623
151,719
91,744
199,493
199,380
214,820
201,495
199,779
181,543
103,1132
217,595
214,748
212,811
101,462
198,483
206,774
278,888
259,959
214,566
206,424
209,831
165,470
202,785
12015,182
96,449
169,549
151,514
90,320
221,678
181,512
215,602
216,737
201,600
166,520
183,705
184,387
218,590
183,647
166,773
248,712
276,606
246,653
273,417
117,665
151,393
182,633
216,608
245,403
199,485
174,643
213,403
181,376
147,764
98,576
277,746
216,481
282,597
11671,172
182,527
279,588
114,725
167,740
277,756
94,524
105,691
201,703
91,716
99,564
217,760
202,637
12407,183
201,597
176,620
182,704
201,405
261,537
213,864
276,553
206,510
206,576
198,546
87,431
173,777
200,731
169,429
198,458
273,702
194,712
264,702
278,549
199,546
217,660
214,740
282,607
215,357
12448,124
199,659
214,676
219,641
279,1038
229,748
170,571
215,767
250,382
261,1046
213,434
217,660
213,912
214,847
166,725
167,724
213,388
11743,134
168,739
213,801
217,525
134,436
205,671
213,700
281,660
197,555
126,391
166,674
198,572
213,475
214,582
217,649
89,688
182,628
201,776
213,569
11743,131
92,547
212,792
210,564
230,535
98,469
168,580
200,803
249,777
166,532
179,425
166,417
265,586
213,456
201,679
124,681
218,542
277,784
197,438
216,888
181,434
198,442
214,385
198,527
201,649
198,396
196,655
218,446
198,583
165,515
140,556
228,495
169,428
199,712
166,722
281,525
92,431
213,783
193,391
198,363
221,586
231,422
96,667
183,663
214,475
182,624
198,676
140,701
148,785
175,502
201,794
166,456
229,585
233,633
217,830
198,865
198,580
194,438
197,644
215,469
245,439
218,573
221,521
214,695
220,481
169,783
213,554
274,784
279,747
201,739
185,614
161,579
119,710
201,656
215,583
95,756
198,647
214,536
12163,160
198,783
168,721
214,600
105,655
217,536
202,477
145,508
199,568
166,603
228,461
213,801
198,614
215,558
201,874
153,673
216,453
212,490
173,483
230,487
218,569
154,605
226,788
101,675
111,537
94,639
214,632
199,506
185,775
92,690
278,645
173,502
281,862
167,494
166,645
129,502
165,699
214,776
169,338
199,473
198,711
198,500
201,744
166,409
215,439
279,685
212,802
134,748
233,464
104,443
198,521
216,586
199,1336
214,494
166,721
214,527
212,758
214,484
169,842
89,521
259,768
201,359
279,489
213,564
182,605
89,693
217,675
155,448
214,771
217,731
157,545
165,507
217,403
166,587
217,360
215,656
169,738
222,748
214,591
158,824
199,530
183,821
213,530
197,1084
218,498
136,519
214,751
198,689
198,461
197,658
184,544
199,426
286,872
197,683
277,509
94,875
217,550
214,705
281,549
217,397
276,566
196,916
212,461
177,699
197,651
184,510
213,647
195,669
189,441
217,604
169,539
214,534
92,427
215,443
172,652
133,672
263,831
201,652
166,497
201,915
214,637
197,451
165,543
214,727
151,473
218,607
198,830
134,597
233,976
202,581
217,885
151,626
215,749
217,627
198,836
84,683
166,501
230,644
161,638
162,436
89,872
182,667
104,836
193,608
200,440
215,538
215,624
137,506
172,468
198,433
217,734
201,612
215,461
221,374
217,512
198,714
102,457
197,487
94,763
180,392
90,734
185,672
216,456
214,504
213,636
229,438
214,625
215,825
213,689
197,680
232,632
200,671
185,616
167,445
86,469
150,676
181,478
264,542
92,453
98,555
217,431
262,669
170,623
230,569
214,1198
213,423
266,637
186,721
280,492
100,685
201,586
201,741
166,744
12448,136
104,822
222,443
199,786
234,548
280,366
229,714
214,442
196,410
212,397
174,437
148,546
218,507
281,622
189,536
93,639
221,848
221,936
196,481
185,742
94,577
217,360
214,699
170,644
215,418
213,660
214,571
167,438
221,748
87,551
199,572
186,771
278,486
217,438
12524,146
198,706
165,437
218,738
233,706
217,781
217,584
281,778
198,589
281,841
176,431
181,574
218,683
85,739
197,590
150,652
148,518
183,499
88,443
202,434
199,746
166,602
212,697
169,704
278,428
233,850
133,921
218,901
196,539
106,615
166,367
198,362
165,515
286,558
199,469
202,352
199,359
197,482
173,538
214,1107
185,872
201,809
85,793
212,478
183,558
217,658
197,731
210,495
200,562
216,818
195,579
201,912
196,491
221,810
279,593
163,571
197,840
277,501
94,537
213,685
214,354
222,630
197,536
166,757
214,498
213,453
206,470
198,562
181,679
165,450
161,579
11961,117
214,513
202,599
201,490
214,509
197,823
201,893
278,864
281,952
202,716
12154,144
92,803
222,592
197,432
196,514
219,682
198,629
213,496
214,649
183,651
173,422
196,726
173,504
149,574
201,625
199,459
265,769
197,691
152,736
101,358
221,714
226,911
231,529
194,365
246,690
196,820
182,450
168,640
181,941
189,536
215,565
196,1339
218,421
278,603
216,520
217,700
241,650
171,636
131,754
198,667
132,705
198,703
231,767
168,565
218,517
180,448
202,674
149,903
217,688
229,442
93,688
200,403
92,661
261,579
12129,162
180,673
94,668
277,592
233,574
214,571
215,694
199,485
247,857
148,415
181,588
141,522
12278,120
150,415
198,692
280,625
206,558
214,649
196,440
220,679
214,520
12085,228
221,794
193,596
246,734
226,475
186,538
278,478
213,568
103,628
99,636
278,437
219,746
198,447
130,858
282,507
175,720
218,499
216,441
197,747
100,766
214,543
132,380
214,707
120,801
199,477
179,679
197,543
173,549
12364,171
213,473
182,407
222,869
117,861
275,485
215,461
200,417
165,583
200,425
213,853
203,660
173,688
131,683
165,477
102,572
217,650
150,559
218,808
214,415
197,468
165,702
221,507
90,896
213,435
279,780
181,390
205,508
247,587
265,1081
106,1086
199,639
137,420
189,690
201,545
183,418
106,521
218,897
120,810
12535,168
94,573
261,584
219,789
180,622
206,615
198,644
92,544
222,573
193,922
212,666
134,490
200,731
280,852
85,664
173,514
221,523
183,687
279,762
153,645
167,824
221,618
264,743
157,790
182,676
218,529
93,471
151,472
232,991
214,855
213,470
185,787
281,1452
278,536
238,795
150,563
182,608
244,740
180,774
245,621
101,462
215,552
165,582
210,518
168,808
277,615
193,439
195,714
197,507
214,688
278,583
204,385
205,590
213,805
214,659
197,722
199,542
230,593
185,474
277,768
90,693
195,605
215,746
213,569
183,904
217,635
214,598
179,523
152,836
149,598
186,468
165,682
198,756
12285,119
278,711
214,675
166,522
147,450
117,523
181,483
214,648
280,1331
145,490
164,417
93,528
196,610
201,700
213,709
214,644
199,648
185,469
87,586
197,444
196,528
218,542
214,741
198,627
218,586
181,552
12015,144
261,428
185,934
121,547
11961,162
197,701
214,805
219,850
215,621
198,512
278,479
218,609
11636,170
199,742
181,473
199,461
147,496
87,463
190,643
250,589
185,587
198,577
214,784
198,547
217,585
185,622
216,567
125,548
217,419
217,673
106,602
96,1064
214,507
180,539
191,595
118,631
199,588
225,621
180,638
215,571
196,838
197,816
209,423
12377,176
88,556
218,1113
200,452
182,622
222,387
213,599
217,463
198,413
232,733
109,508
156,418
92,746
161,580
12217,181
181,479
213,485
99,610
97,456
166,575
212,659
222,438
278,717
279,678
200,422
182,873
198,759
216,615
161,660
197,427
201,535
94,503
277,529
214,592
196,446
183,982
228,574
246,502
113,471
12364,171
263,468
170,781
286,668
182,392
231,593
215,758
196,857
205,590
217,692
165,817
218,491
212,379
181,803
216,1229
199,476
167,439
182,393
198,447
282,572
214,460
221,685
102,714
11904,146
278,586
197,515
135,444
103,477
181,632
215,531
179,879
201,450
257,824
201,791
242,594
199,746
285,813
12525,160
198,781
214,410
214,440
215,853
198,737
215,399
198,768
183,420
113,399
11904,124
214,705
197,554
11904,129
197,594
119,869
221,482
221,554
199,621
120,506
198,728
197,708
175,640
286,424
168,810
148,414
213,559
194,576
154,650
231,632
12364,124
181,648
172,884
213,543
11869,167
167,494
221,847
167,422
218,775
201,694
11904,118
201,612
225,527
97,538
166,576
277,644
229,466
168,661
214,691
197,608
213,627
174,667
117,827
199,556
277,627
200,755
217,663
122,646
221,720
200,508
197,687
201,359
12472,164
217,587
183,496
217,533
197,594
12279,189
165,480
180,457
131,617
137,608
195,424
217,585
147,434
221,780
179,615
198,586
200,459
215,633
206,956
199,505
221,570
197,521
184,629
201,793
86,630
178,541
198,570
218,686
257,390
170,625
277,583
262,660
186,562
100,766
129,412
135,917
214,731
214,623
182,610
217,588
163,696
185,715
182,752
199,517
100,828
196,878
212,865
198,439
261,699
12154,123
199,670
205,487
193,1219
215,699
198,676
167,600
198,506
281,613
200,494
213,708
155,470
135,499
130,689
233,606
269,469
276,769
181,539
216,831
195,533
89,508
209,690
237,524
197,709
213,856
191,646
12211,118
182,541
209,833
193,844
209,493
254,839
172,664
215,650
219,548
209,632
11869,172
166,544
134,851
214,527
198,528
96,459
196,573
228,888
12655,90
264,552
198,791
229,900
12472,157
214,898
182,745
198,704
198,472
216,714
165,563
229,367
279,697
86,965
198,669
198,407
217,392
190,512
278,426
214,677
218,515
278,810
221,529
277,571
217,794
92,604
213,880
197,923
199,771
214,581
200,558
201,439
169,624
198,774
205,797
262,1008
215,481
209,645
198,388
206,658
222,718
216,783
217,398
200,678
97,564
196,705
167,470
212,547
102,457
278,587
278,456
197,438
12285,227
205,444
135,568
218,809
200,530
198,487
130,517
281,876
285,590
190,437
274,747
186,649
277,668
198,767
151,497
214,598
210,551
218,578
214,694
197,700
246,816
261,803
196,500
194,420
146,745
183,684
219,443
279,663
266,424
282,708
213,414
279,491
217,490
221,613
182,439
278,580
197,431
185,641
196,486
215,516
276,478
92,305
93,747
261,735
113,648
218,476
215,667
186,697
221,469
12139,138
198,479
275,849
261,448
222,540
87,463
185,408
247,479
218,546
218,756
166,789
278,844
221,904
93,396
139,755
198,492
198,802
198,471
230,794
183,398
279,569
258,779
217,672
278,733
213,550
121,734
92,538
182,459
217,579
102,671
100,663
278,885
220,723
216,775
199,551
221,708
197,523
85,531
214,477
103,706
214,509
278,669
169,635
249,814
218,510
195,537
213,764
201,653
189,593
209,537
198,510
190,403
210,655
199,762
232,454
185,699
215,506
231,569
200,527
12184,185
217,598
217,629
198,665
197,595
202,593
198,809
125,818
222,693
180,719
214,604
280,613
177,434
217,695
174,556
166,490
196,653
275,805
186,696
181,800
162,552
214,862
103,733
281,726
93,688
196,388
181,665
212,715
192,502
104,846
96,633
202,605
209,591
199,629
12085,167
148,381
101,792
197,538
211,681
214,424
118,846
161,493
12211,197
197,860
233,480
151,1078
193,382
217,605
218,412
12154,162
220,756
214,628
212,353
216,723
215,441
145,563
196,729
215,439
198,653
281,856
228,767
109,689
196,540
12644,161
118,485
148,371
246,690
281,591
120,515
95,590
221,461
197,593
94,561
198,388
218,717
218,428
169,634
245,973
95,363
213,773
278,880
233,613
199,789
233,562
184,329
165,411
147,468
199,550
247,618
214,560
198,495
182,892
265,649
199,575
198,742
197,473
218,897
214,841
216,734
198,725
229,712
220,775
199,797
197,630
97,488
214,446
214,642
157,430
198,711
220,833
214,588
98,788
217,404
215,650
229,637
201,414
214,409
169,775
199,526
215,377
198,486
213,486
186,539
200,524
277,480
215,628
91,670
218,498
286,719
161,629
166,678
215,484
205,801
98,709
237,557
214,595
182,380
12154,197
214,486
92,569
187,709
212,412
198,596
152,688
101,1156
12154,138
104,600
225,479
213,387
281,876
273,687
95,689
87,679
174,667
213,704
198,528
184,596
117,684
142,648
92,401
197,695
216,736
215,514
165,555
209,425
189,622
218,694
229,1081
279,529
198,565
205,631
134,653
248,461
214,927
214,566
214,947
279,537
85,380
167,586
97,466
85,768
181,364
104,1091
214,762
218,531
181,649
198,692
230,719
216,611
214,601
171,459
100,841
213,791
166,648
179,581
211,608
98,330
233,658
196,517
260,562
200,424
170,562
12139,160
181,730
214,635
229,456
213,2013
214,669
100,924
214,615
198,406
247,820
160,846
165,461
279,704
214,843
217,308
278,498
184,848
170,687
98,644
217,528
178,425
217,698
169,525
273,651
93,864
218,573
165,597
217,746
221,448
218,679
198,600
98,647
199,733
220,679
214,520
198,736
277,492
222,898
246,591
213,583
135,561
219,700
217,499
218,832
253,654
211,812
202,369
217,613
200,681
279,563
97,541
202,619
213,932
167,704
105,348
96,667
169,562
182,654
198,771
148,415
102,419
183,696
221,541
280,572
96,712
213,663
126,464
201,477
213,436
166,800
221,845
277,623
202,627
221,445
281,769
175,640
202,571
209,352
245,780
230,603
214,545
97,801
198,937
221,698
213,728
205,577
198,424
216,950
217,386
273,791
216,674
228,477
152,464
230,668
217,647
222,846
151,427
12139,125
166,639
150,691
276,395
221,579
184,544
150,676
166,874
199,419
193,583
205,521
213,407
98,667
279,551
166,467
217,798
280,610
116,674
201,451
217,652
197,1011
162,842
219,655
197,671
216,728
214,574
166,465
149,709
280,581
198,666
212,520
217,862
114,587
282,665
196,775
217,455
199,602
231,975
217,799
181,706
198,400
89,652
165,675
193,686
12015,185
201,493
171,589
201,575
174,449
106,695
277,615
218,603
278,728
168,428
186,661
198,708
216,572
241,365
171,625
237,810
281,405
214,825
130,546
95,760
12364,129
245,690
166,624
139,592
186,670
227,759
206,734
206,751
209,445
187,959
167,682
172,652
162,486
182,473
201,443
12154,221
249,738
234,575
216,386
12571,197
216,737
281,529
201,966
12644,151
180,550
213,653
183,472
221,573
286,480
249,707
101,673
202,679
93,850
230,368
197,334
198,963
196,773
165,404
11642,167
198,538
184,753
90,684
168,680
213,545
90,685
200,592
237,498
273,882
276,562
165,539
214,628
201,489
169,472
213,688
245,786
215,467
278,408
196,549
202,607
228,824
280,654
142,397
12217,136
92,627
199,918
202,779
95,801
94,584
12132,145
217,490
12572,136
214,519
214,411
166,690
275,406
213,520
219,873
277,947
213,383
197,449
214,790
12283,119
278,451
198,691
209,714
248,639
229,531
149,680
225,527
217,647
93,846
183,724
193,677
169,623
214,590
119,548
213,916
165,591
215,739
196,367
218,412
214,898
107,672
200,509
214,550
92,631
217,460
103,394
182,621
277,489
213,414
217,655
212,394
122,646
172,494
221,689
217,620
221,605
98,736
231,409
91,485
213,855
211,664
201,656
150,630
197,635
201,908
213,803
197,648
115,695
182,701
219,390
277,403
198,1156
225,714
198,707
214,542
213,640
202,634
197,614
87,652
200,375
183,622
209,454
194,518
201,776
182,654
182,636
182,427
170,662
247,760
94,838
213,493
167,750
278,964
195,488
264,473
213,468
199,700
274,526
183,477
215,839
230,510
95,609
166,679
209,811
196,498
215,739
201,962
201,1053
214,556
101,585
117,630
134,514
199,530
218,727
184,445
171,465
99,451
185,398
199,507
277,415
253,605
214,550
164,870
86,677
84,626
198,600
198,623
198,729
246,887
218,559
94,636
12524,150
199,725
172,545
168,447
198,728
199,560
185,534
96,533
221,678
281,444
218,971
197,684
12154,133
93,558
198,794
206,665
277,715
184,382
175,653
214,742
216,918
196,455
182,664
167,519
199,456
118,465
12139,145
205,613
193,634
110,475
151,535
215,774
171,548
221,489
214,753
201,747
225,556
93,661
201,646
102,628
198,631
278,468
213,476
182,424
214,573
198,466
215,676
217,610
216,474
212,521
249,538
109,653
151,657
214,428
213,429
95,688
213,616
249,600
93,564
234,473
167,569
228,776
222,537
200,481
200,408
94,628
217,767
161,830
131,550
214,510
185,754
96,642
198,395
210,623
215,548
121,642
102,714
277,519
173,584
199,1336
194,598
109,431
229,393
206,366
216,662
218,493
93,771
197,628
214,607
149,526
218,344
11904,192
270,884
197,597
216,624
215,588
264,774
278,711
215,408
198,459
137,489
165,371
213,447
85,486
209,587
161,789
101,564
217,605
199,680
198,664
197,392
214,611
134,737
198,624
212,740
275,519
154,617
277,498
214,430
277,597
214,949
215,657
197,532
216,926
12154,161
198,471
164,414
216,519
169,518
198,720
198,512
193,805
214,374
87,544
216,844
278,586
215,619
217,1032
133,496
198,638
218,456
246,735
209,502
213,481
198,606
96,451
197,753
200,414
135,417
213,400
245,677
201,709
202,744
202,599
179,686
281,735
221,818
169,814
182,766
221,453
215,558
199,373
202,480
121,592
214,501
201,531
214,595
280,834
209,778
183,924
199,695
220,506
276,545
173,677
167,327
213,902
218,735
198,836
218,657
199,756
216,723
234,421
217,635
278,425
217,606
216,434
209,729
166,480
118,761
97,650
182,665
281,832
183,538
199,568
212,1034
205,473
213,708
212,923
201,534
217,720
220,715
214,655
201,823
198,753
216,526
227,599
200,712
217,478
94,634
12448,160
201,512
231,828
198,379
12163,117
157,580
200,522
197,644
198,680
278,595
169,347
213,688
198,396
164,721
245,551
12535,164
222,669
94,636
198,500
260,514
278,565
196,424
215,471
220,605
217,547
233,762
150,845
215,660
209,498
181,648
247,588
213,719
277,674
97,634
278,1017
182,499
198,425
198,983
217,714
218,400
205,718
169,659
199,402
183,390
183,911
93,850
172,600
183,686
183,751
215,671
197,461
216,510
182,760
262,642
181,398
213,1054
215,777
120,870
12499,134
103,684
149,833
217,572
213,679
195,555
217,476
174,443
211,938
199,853
166,568
276,635
214,412
94,684
214,582
229,583
193,440
88,536
278,745
217,606
201,571
153,592
167,766
94,728
12211,185
214,632
196,741
226,691
228,676
285,631
202,548
218,542
219,631
199,484
198,811
104,421
11869,127
150,355
177,419
221,454
229,564
171,708
119,1194
189,586
249,770
194,522
217,550
102,551
198,631
278,552
213,488
201,616
182,559
12524,129
234,576
193,655
12456,126
229,714
215,588
163,629
214,408
101,675
277,912
185,453
209,418
197,591
199,546
250,670
198,551
168,567
214,641
213,573
96,821
167,750
93,737
94,595
199,492
200,541
117,693
217,475
213,812
214,501
233,546
221,533
215,700
165,547
193,603
170,475
151,482
218,463
198,757
213,792
277,647
217,657
182,559
101,878
181,767
225,549
12154,133
170,617
213,542
12154,197
276,966
101,1051
173,708
198,714
181,352
231,576
11815,148
214,653
184,704
97,538
12139,156
102,558
214,542
181,1008
214,387
95,497
213,546
198,733
166,426
199,452
211,733
221,781
231,414
200,765
217,583
11904,141
197,488
209,539
215,588
214,539
93,661
198,773
215,534
197,651
116,674
145,767
193,577
212,393
215,643
217,535
216,633
238,758
214,557
94,314
276,568
197,553
200,414
281,661
215,802
199,365
167,574
233,577
198,638
197,711
277,597
257,526
181,393
215,446
278,885
11871,143
215,467
217,515
229,850
215,599
93,561
110,625
214,662
219,779
215,498
197,438
217,600
165,469
213,942
166,666
198,699
217,531
214,403
162,410
197,631
201,549
279,677
92,531
182,401
197,604
277,737
165,433
180,619
173,714
217,469
166,425
166,574
100,486
213,602
198,540
202,465
221,733
231,739
201,733
95,760
202,619
216,572
198,583
170,625
180,517
214,435
148,490
184,789
171,715
12154,193
215,569
12524,123
217,672
222,752
173,487
87,483
182,967
126,467
217,424
215,802
166,795
183,399
189,491
200,524
201,588
215,435
201,651
209,638
200,353
218,590
199,438
201,636
146,802
222,475
130,457
169,514
221,730
153,392
249,881
217,480
197,459
278,619
214,843
133,496
165,489
201,701
169,687
198,625
197,609
92,469
92,400
150,398
213,538
12015,241
263,1014
199,524
214,584
197,438
213,500
202,501
198,387
117,806
214,592
213,505
184,598
212,672
182,619
214,755
279,594
214,507
185,936
184,696
184,356
102,333
97,555
93,663
213,745
274,613
217,609
182,503
214,750
91,716
97,910
94,561
199,797
278,664
129,379
117,773
214,381
225,771
273,348
141,469
149,535
278,835
94,819
199,703
198,826
278,579
185,399
201,613
166,515
196,663
197,380
217,567
182,618
117,701
219,649
167,939
137,502
197,542
201,748
87,536
202,581
227,829
278,644
214,671
102,732
183,522
201,366
182,631
214,777
205,544
276,432
101,922
201,632
277,467
200,845
217,495
237,621
206,386
135,1163
198,454
145,470
170,539
228,887
148,575
197,503
214,893
201,726
11871,162
246,749
214,601
281,584
221,751
153,700
248,759
278,487
199,579
200,712
221,557
213,677
202,802
198,349
221,688
164,583
197,1020
206,631
277,775
214,597
206,605
241,676
200,681
12132,93
218,569
97,758
149,1002
135,638
90,732
214,418
221,426
225,512
270,884
213,400
150,563
277,634
125,610
104,600
197,480
263,769
197,436
117,693
101,443
214,815
102,760
170,691
229,531
150,385
214,895
198,509
84,642
179,582
201,1095
161,591
228,1029
182,611
218,814
201,575
101,555
198,667
12644,131
197,462
12418,148
169,576
279,1020
90,763
197,437
229,404
217,452
213,473
162,601
225,517
278,673
152,503
214,844
198,847
202,634
214,625
87,1167
278,805
218,403
264,542
173,516
217,1014
199,760
217,608
198,591
198,554
193,444
216,521
184,477
119,560
214,616
182,692
201,389
264,724
131,519
182,845
134,436
87,569
205,708
181,542
214,407
273,544
209,759
230,700
200,405
197,622
209,594
134,604
166,613
197,441
217,562
166,533
198,369
213,583
169,687
215,688
281,547
214,527
137,921
87,413
172,695
214,935
214,458
193,696
254,385
183,523
280,486
166,762
217,736
220,567
103,484
200,652
122,453
196,639
231,540
200,665
200,563
278,667
92,765
97,677
278,732
174,560
198,659
285,673
198,576
218,606
100,826
189,446
212,549
201,350
150,821
214,773
215,656
157,580
189,494
214,467
205,635
165,488
148,393
217,662
122,806
214,448
265,593
169,693
206,991
199,695
214,597
229,676
214,755
253,687
199,578
214,609
214,725
196,516
120,801
196,529
96,793
214,624
279,767
185,519
201,640
202,559
278,566
206,796
213,871
218,491
266,520
198,829
216,718
201,706
281,1529
278,1775
171,577
222,673
261,549
12644,221
179,661
216,674
209,601
213,633
278,961
197,821
202,608
97,410
194,365
215,612
169,764
197,370
193,706
199,732
245,787
278,436
279,605
250,549
227,561
197,783
87,745
167,619
130,564
225,741
278,1037
198,504
89,520
129,751
220,583
94,794
281,508
12644,154
209,995
215,554
119,709
198,603
165,449
213,614
185,855
213,478
134,586
218,696
169,476
218,693
218,556
114,398
277,903
189,618
215,678
169,391
217,475
199,630
206,625
279,791
199,546
107,726
166,374
181,445
249,1144
229,545
221,434
12364,155
146,1303
213,565
176,734
282,789
260,657
215,435
230,749
218,501
216,897
92,637
165,737
186,461
205,392
181,448
212,700
246,398
213,536
214,667
212,758
198,413
181,568
181,597
100,429
137,438
197,462
12049,148
277,804
277,783
199,359
201,539
217,398
213,545
199,569
217,419
220,721
244,618
266,652
184,415
196,454
262,535
199,514
169,672
215,456
96,647
218,814
279,800
210,461
150,665
95,685
213,607
12364,192
277,412
214,600
217,839
213,817
102,691
221,678
214,543
213,564
279,764
210,712
89,692
198,593
12472,134
198,523
221,621
200,667
131,446
198,605
12418,257
94,499
231,657
12139,146
92,412
201,497
196,516
93,612
229,564
217,574
185,416
198,618
217,838
199,475
194,614
277,642
213,580
221,508
122,833
201,933
165,562
198,536
10747,162
238,640
221,585
201,620
201,712
198,426
278,436
161,517
277,474
278,737
102,528
217,655
164,577
81,629
179,620
246,545
88,549
131,518
262,505
281,392
199,639
218,714
183,367
217,471
139,664
182,418
217,605
198,398
213,428
172,515
131,540
226,592
170,677
94,722
94,787
249,832
202,505
277,852
213,515
286,872
199,565
279,762
221,763
172,766
218,712
116,456
103,628
117,705
167,497
110,701
215,680
217,679
201,506
182,547
226,442
276,526
164,666
198,716
86,605
175,602
199,797
215,694
198,503
182,563
93,481
183,692
197,542
213,473
197,454
94,753
100,730
117,766
213,649
200,531
230,797
279,587
161,738
11926,133
199,618
217,624
200,572
199,445
196,623
134,367
262,472
92,652
199,569
214,913
149,652
118,770
217,483
213,783
183,386
244,600
174,443
197,599
217,640
139,618
202,907
279,543
199,655
199,651
169,712
281,586
210,555
279,600
217,609
94,1019
180,493
212,1055
230,569
197,531
186,541
197,760
209,445
262,640
12364,112
196,565
166,617
230,810
278,447
167,733
228,713
196,900
182,704
198,535
233,827
186,689
198,450
185,746
215,672
202,608
202,589
11869,162
202,480
194,673
198,726
262,742
214,446
282,765
234,822
12154,162
201,750
209,658
185,730
93,589
280,510
220,787
216,491
95,598
149,583
202,758
285,808
229,439
202,499
215,557
197,722
198,620
233,650
198,562
113,885
197,484
165,745
109,786
121,546
277,498
11815,148
173,724
213,483
94,543
167,427
232,613
259,444
213,657
97,678
86,895
182,525
214,586
90,335
198,435
210,489
217,512
11871,126
217,486
213,623
278,801
215,409
181,749
180,631
280,554
277,767
148,568
182,539
221,426
189,421
213,482
197,596
214,456
197,458
94,223
213,745
139,494
144,726
214,524
214,603
216,686
197,696
213,1017
231,528
95,666
125,682
137,553
12154,133
165,661
218,588
229,853
193,436
233,908
166,795
164,527
222,683
127,722
282,611
225,665
165,540
165,700
277,677
212,664
181,610
265,581
116,579
200,398
213,800
120,657
216,616
185,642
213,512
213,387
263,693
93,471
201,479
12139,191
211,738
253,658
195,587
165,639
131,548
242,698
199,413
167,428
216,781
198,718
152,808
197,459
189,440
218,559
170,371
11961,225
198,500
89,936
214,741
157,575
278,659
214,700
202,609
196,427
279,565
263,525
213,489
277,759
216,624
217,624
205,604
233,723
214,855
173,708
135,631
114,481
213,573
216,646
198,399
192,827
198,647
121,686
218,830
217,494
201,689
147,488
225,767
198,883
211,443
136,979
213,763
165,725
201,693
225,716
277,835
96,1064
278,548
212,780
213,638
225,871
277,733
101,382
213,585
216,735
11743,164
233,580
214,1379
198,680
218,490
264,776
282,716
177,598
198,624
217,598
215,543
201,823
12139,159
222,734
222,836
201,506
201,650
101,485
92,551
196,667
197,625
263,876
261,735
178,688
137,607
216,615
277,584
233,663
184,532
164,417
109,432
11961,153
93,717
264,581
217,540
218,447
198,708
11743,136
199,658
150,678
212,796
167,515
226,524
221,391
265,942
221,781
214,804
100,766
206,453
215,521
193,579
204,523
217,592
198,852
186,444
198,532
206,666
218,691
200,443
93,586
221,818
213,419
12472,161
12085,130
281,857
233,852
199,411
214,612
87,496
198,448
217,683
282,591
200,508
217,584
198,797
201,727
145,601
198,528
280,478
215,823
90,744
193,625
198,606
12644,186
201,625
136,604
198,658
212,393
218,522
214,527
173,443
217,534
149,530
282,519
165,826
150,654
199,470
213,784
92,716
201,593
226,632
200,651
200,703
166,579
216,533
183,634
201,411
202,712
218,833
200,719
201,505
214,800
249,641
99,528
234,626
125,813
168,685
183,911
213,694
198,706
12364,106
262,749
169,438
214,601
12455,169
197,532
214,431
99,596
280,613
212,1416
197,608
12211,155
197,740
197,382
199,518
157,379
105,822
99,466
217,858
134,457
221,768
90,712
197,415
232,982
250,536
201,925
190,593
182,951
164,631
169,518
171,599
185,819
230,699
12364,129
246,560
11642,205
217,627
169,783
209,698
213,486
156,573
276,437
198,457
278,616
165,513
277,672
231,792
237,629
125,757
205,545
217,451
279,659
183,590
198,793
197,611
198,452
221,508
181,768
277,826
93,564
201,504
173,744
214,589
88,526
180,594
205,564
211,638
211,452
214,426
201,514
141,630
213,1160
117,665
198,845
211,795
193,390
214,644
183,422
274,748
95,700
215,513
122,631
169,416
167,769
215,505
98,481
225,399
219,719
12217,181
97,650
168,625
97,721
230,522
213,880
222,536
213,727
11871,129
182,516
198,636
277,593
209,756
205,635
278,509
182,487
277,529
221,678
185,467
181,523
186,818
200,531
197,458
95,569
89,853
86,895
151,542
215,427
201,540
277,454
226,439
184,591
117,411
213,478
166,527
94,693
147,475
181,589
87,976
215,690
182,556
175,529
209,663
151,919
214,692
199,556
12418,136
98,563
98,628
12285,157
216,576
201,604
197,439
214,620
182,501
214,502
210,515
216,854
193,665
154,842
233,797
166,446
206,472
195,786
165,737
213,597
169,604
153,831
186,597
166,490
214,649
198,429
83,923
190,715
198,558
213,685
182,688
205,758
198,574
113,885
200,722
166,443
217,510
176,416
213,655
214,644
215,481
263,730
219,491
197,359
183,687
164,805
214,915
228,547
213,470
205,635
181,916
218,711
278,533
91,485
150,610
215,565
220,775
196,460
171,959
198,577
214,408
182,537
92,478
95,723
168,685
231,497
278,573
95,604
167,747
216,704
198,608
214,670
180,703
228,631
217,819
166,405
185,902
91,588
197,537
92,664
230,567
214,512
213,395
276,641
213,557
214,793
120,759
215,554
205,823
215,821
197,373
197,714
179,556
98,592
198,525
172,624
211,345
218,638
215,544
285,709
214,558
214,700
277,826
205,437
276,583
165,540
212,564
213,427
281,568
205,499
180,647
11904,130
164,471
96,564
199,533
215,922
217,497
86,1010
221,650
232,477
194,433
198,703
225,704
91,832
98,466
262,437
128,584
261,636
215,416
150,495
201,728
180,362
198,688
99,657
12085,133
91,672
12448,204
169,518
218,590
183,813
218,891
198,574
95,666
210,576
213,515
182,566
99,509
126,804
199,668
245,465
275,560
91,400
218,603
180,418
198,503
202,499
214,484
217,638
201,681
219,699
209,460
232,695
217,593
197,467
201,545
214,660
182,447
198,659
206,553
134,546
213,582
226,610
147,688
182,536
214,754
195,606
217,538
278,529
214,707
137,494
165,632
166,828
185,418
278,576
150,620
275,427
12139,110
167,509
213,451
262,660
215,848
151,831
205,499
169,741
196,423
213,535
198,570
216,487
275,659
167,400
88,747
176,511
206,416
103,583
102,649
193,447
234,620
197,750
212,782
201,800
198,902
165,625
260,716
186,506
199,648
215,378
198,678
282,709
229,543
165,540
216,629
103,664
216,396
217,531
165,611
278,439
221,632
276,526
201,577
97,676
98,614
89,433
205,517
91,433
198,388
279,852
217,433
169,601
217,622
198,725
214,488
87,586
217,474
232,845
182,418
281,802
278,490
225,736
218,725
209,698
226,475
201,575
12184,142
11743,171
221,578
209,760
210,756
201,616
217,533
201,481
276,428
200,377
182,802
165,537
215,729
135,497
221,805
94,522
129,482
175,716
198,527
182,947
125,541
230,458
212,413
150,462
199,735
229,495
183,569
197,498
184,441
277,954
201,405
184,743
86,435
217,779
214,556
200,417
169,583
12525,158
182,593
165,738
209,852
198,528
213,554
199,644
217,480
99,868
164,757
91,524
173,564
153,654
213,425
149,586
196,442
278,707
198,601
233,439
213,573
214,652
152,402
214,768
253,1010
219,907
201,724
214,832
281,913
221,519
124,466
154,782
106,939
198,735
218,423
198,526
147,635
182,596
198,762
221,533
285,420
213,431
285,636
213,551
277,576
214,415
216,521
214,624
214,574
134,440
101,626
215,596
281,757
217,602
199,523
278,720
246,576
165,625
174,551
118,610
213,464
92,629
12448,137
86,576
177,885
185,515
279,791
99,749
152,595
214,493
201,553
213,491
214,598
214,475
167,564
217,563
199,491
96,721
197,602
212,622
177,516
215,401
103,373
221,566
209,603
231,721
285,642
279,719
12535,150
216,830
217,881
161,588
91,760
12524,157
212,604
87,539
215,756
88,707
198,565
91,408
200,879
258,671
200,916
201,670
170,617
217,408
199,420
214,624
214,521
206,884
209,567
147,621
163,510
201,874
212,604
277,694
99,976
132,705
168,640
210,677
153,717
217,836
229,640
184,646
198,600
197,548
218,659
93,622
95,753
186,857
278,384
131,563
197,407
121,711
230,900
111,636
94,681
218,867
198,578
217,378
221,780
214,653
222,656
215,508
197,611
197,565
215,463
279,639
150,665
213,772
199,551
285,840
213,572
183,474
213,503
225,623
206,675
161,559
201,471
214,730
285,661
170,781
169,676
174,558
194,433
214,509
233,727
177,593
278,423
165,864
197,619
261,616
229,661
198,329
93,709
215,604
199,711
281,810
214,1212
216,742
213,660
221,692
213,409
218,977
166,438
197,413
214,543
201,616
87,737
213,546
93,522
250,440
238,394
120,618
113,834
216,388
175,690
185,686
113,577
217,601
165,609
279,514
93,866
198,599
213,502
279,472
218,721
89,508
205,472
213,1186
216,842
201,659
277,669
214,621
12049,165
181,376
198,673
198,388
184,476
232,516
198,778
275,840
201,473
190,450
101,446
12163,169
211,508
260,697
134,505
214,550
185,559
199,404
217,753
119,566
230,593
281,713
199,423
166,513
218,691
173,430
185,553
105,686
210,675
201,400
182,535
189,540
199,600
278,659
198,381
279,744
12525,114
199,936
219,789
217,690
189,446
92,728
211,836
214,435
198,642
111,706
217,634
196,521
233,563
168,657
214,395
118,401
185,615
12524,160
261,506
12184,136
198,613
215,711
250,528
214,449
12571,121
118,766
106,759
12418,243
95,413
197,1120
167,584
99,823
181,577
161,672
178,689
212,746
215,699
199,561
281,477
214,770
277,756
199,680
165,599
214,651
95,638
197,864
169,739
96,1104
199,730
278,435
97,673
217,427
12472,153
217,381
232,816
150,432
217,605
213,612
214,653
198,699
103,702
213,517
169,638
217,431
181,718
200,553
226,684
183,815
97,578
261,718
199,545
193,612
217,396
198,698
149,663
277,397
274,613
280,628
215,400
281,523
213,609
185,496
85,803
199,545
247,828
165,424
212,520
198,476
88,509
98,500
286,782
217,458
209,594
217,771
166,676
200,553
212,476
166,732
265,344
216,665
197,797
97,466
153,518
217,473
202,758
213,524
216,492
205,381
183,656
217,681
171,565
11961,152
198,576
181,613
173,716
89,949
199,750
12418,133
103,665
218,591
216,701
197,877
173,640
280,583
168,604
281,469
93,688
242,479
166,515
205,691
168,632
198,496
101,673
197,577
108,506
206,555
206,784
12553,122
198,999
96,333
184,660
131,754
167,593
278,590
225,586
198,545
202,520
246,434
198,434
196,430
102,797
169,507
218,735
12211,120
285,864
212,569
198,544
200,592
82,556
253,733
210,439
202,667
216,683
186,716
198,742
204,522
95,753
214,584
230,525
199,523
215,577
181,455
218,370
213,814
216,406
197,719
94,766
205,756
149,879
247,563
92,690
278,675
198,691
166,728
217,474
213,430
281,629
219,753
198,430
183,636
273,434
215,513
185,523
197,874
215,641
212,572
214,657
134,436
165,649
214,417
197,599
169,458
183,686
215,870
209,550
231,836
216,682
103,663
205,514
215,701
11743,145
176,505
214,568
162,376
281,474
221,764
214,742
261,636
167,504
212,466
12472,157
276,608
222,625
167,379
215,505
91,452
221,568
167,1179
198,421
117,801
222,431
278,516
218,403
276,622
232,468
182,619
91,618
202,568
215,1042
197,647
279,752
174,513
231,469
196,359
198,732
186,497
279,499
238,574
177,525
217,607
168,532
265,755
214,444
201,381
201,648
215,487
179,615
193,551
280,867
117,763
278,512
214,564
217,507
86,681
214,625
205,647
118,768
12285,160
214,420
218,687
213,692
196,423
130,521
231,943
197,468
146,685
169,416
202,705
217,631
164,523
197,460
215,518
198,343
134,512
89,684
201,521
217,515
217,417
221,488
94,739
150,612
201,676
171,648
196,467
11743,214
213,429
199,611
167,653
218,613
279,537
200,637
215,770
209,816
165,814
227,541
215,716
162,500
214,487
212,402
183,407
165,494
169,360
215,629
221,680
193,670
195,596
220,540
199,596
93,889
221,950
274,717
197,425
198,443
201,416
201,704
184,400
255,656
195,596
216,658
82,556
229,607
148,825
152,688
230,712
198,492
181,454
152,655
214,631
132,661
218,680
200,410
246,502
218,424
186,598
103,646
199,611
215,435
93,584
217,505
221,745
120,801
182,949
220,532
209,890
12525,160
214,478
201,471
138,557
218,634
201,414
94,579
200,668
150,717
168,636
253,605
198,521
244,549
217,542
245,776
217,609
279,889
212,549
198,781
197,654
130,692
222,594
12571,122
186,485
214,421
167,686
182,636
250,620
95,847
193,435
201,477
216,596
262,442
87,430
233,773
214,768
225,568
99,636
199,823
195,499
175,690
276,623
238,716
177,512
221,751
167,436
168,386
118,829
168,603
213,517
215,727
281,791
198,718
194,428
229,665
277,649
278,565
12139,142
202,668
197,756
88,508
137,602
197,690
277,646
186,566
247,419
212,900
231,799
265,752
247,775
118,748
231,802
219,1008
212,567
197,636
170,711
263,561
200,410
218,548
148,471
169,457
132,822
209,477
150,747
215,812
197,362
280,1444
201,575
97,947
231,773
168,593
217,520
228,587
150,597
215,387
173,695
215,785
213,460
11871,139
196,501
217,817
186,598
180,593
176,646
146,802
213,783
198,516
217,434
198,340
182,664
197,381
198,417
278,379
213,563
201,611
213,589
202,502
263,890
215,659
199,892
285,789
185,558
277,436
212,427
174,503
215,538
282,709
93,747
197,587
177,651
89,865
11904,145
102,375
196,598
217,796
217,818
12015,130
198,462
277,699
134,593
278,495
281,577
170,598
91,370
221,601
266,752
213,545
195,578
247,513
134,445
214,456
278,704
202,751
131,565
169,552
197,680
102,625
245,584
211,690
153,613
87,501
96,543
212,811
214,608
171,421
222,383
197,780
166,451
215,387
128,529
90,930
197,546
199,406
122,867
180,675
214,458
201,587
180,875
219,907
242,472
197,593
202,421
162,500
193,447
167,533
217,692
213,621
214,724
213,1116
218,620
153,360
275,779
278,550
102,746
202,596
212,1142
278,688
200,373
195,538
213,764
184,649
216,815
197,597
216,406
131,466
182,668
212,763
193,571
279,753
199,500
209,693
217,798
138,804
201,606
201,609
169,627
281,526
164,583
113,780
214,743
231,788
278,525
176,713
170,470
201,761
214,670
200,592
12644,176
103,848
215,710
12418,137
215,556
214,771
221,445
103,1001
92,601
200,659
215,581
213,418
166,391
214,430
216,619
214,498
246,568
214,535
165,415
172,595
102,513
166,591
190,339
12364,111
218,704
229,783
198,740
216,644
277,646
281,682
260,881
198,506
217,1001
198,694
161,472
217,466
212,691
153,761
218,535
213,573
214,487
94,383
212,729
97,721
182,422
169,711
197,740
215,528
98,684
276,448
214,625
197,480
198,679
231,773
218,583
85,526
181,527
215,463
202,586
183,881
165,671
145,468
184,691
167,749
214,547
213,880
147,635
250,667
12364,111
213,768
217,397
281,915
101,839
164,448
185,338
178,574
12535,168
146,432
199,410
217,802
212,659
212,726
97,599
134,644
197,446
214,419
217,702
217,670
230,516
199,636
199,398
229,522
249,681
273,682
214,772
205,603
198,557
281,854
177,869
174,606
183,699
206,828
145,968
103,684
197,558
201,671
171,511
206,379
173,565
214,1213
199,564
145,847
281,623
215,427
221,781
171,435
212,624
213,637
137,650
221,847
105,555
278,794
91,622
197,520
279,664
217,785
213,574
183,386
213,440
246,824
213,880
165,576
102,744
201,711
213,552
126,526
227,561
181,562
150,652
213,537
281,1023
198,708
196,404
167,564
198,363
166,487
198,595
186,553
217,531
214,482
217,730
214,384
164,642
182,890
194,789
279,654
119,684
182,689
214,560
201,516
182,544
174,682
111,628
199,377
278,600
218,823
190,688
201,374
218,678
278,536
282,443
216,1019
212,666
221,699
161,593
201,653
198,648
170,626
211,461
278,507
277,589
214,715
189,599
130,437
214,391
273,584
180,712
149,404
11904,217
97,638
96,753
198,437
217,941
184,665
205,795
210,645
198,673
182,442
168,580
222,475
214,382
197,557
147,681
186,566
185,668
141,802
184,387
227,645
199,533
215,503
215,414
136,979
199,513
173,654
118,604
201,644
157,695
197,625
280,609
230,668
11815,110
106,771
278,615
218,987
119,325
197,537
215,444
198,418
100,584
172,595
148,653
215,632
217,491
104,561
227,428
189,803
213,596
217,318
281,574
217,479
91,670
135,478
118,786
248,485
221,749
167,508
94,653
213,687
218,718
198,458
216,654
201,401
212,1053
182,485
257,575
198,464
197,537
213,492
215,437
148,577
277,531
198,364
202,779
85,654
219,698
221,860
214,516
201,563
218,543
12472,153
166,585
279,432
165,483
230,931
215,375
199,570
173,633
107,486
231,627
182,500
227,462
194,426
198,461
205,430
200,527
218,578
213,687
157,599
213,831
214,510
201,714
221,615
216,719
144,574
184,651
215,568
166,553
198,590
153,495
199,567
197,676
244,395
199,377
199,706
206,485
129,937
220,605
217,412
216,881
213,781
273,523
165,438
85,903
278,860
166,815
205,706
199,401
198,593
212,692
212,736
198,714
221,470
213,474
201,703
263,422
211,660
199,580
97,509
281,624
166,607
221,646
201,603
264,653
213,728
213,916
170,513
220,564
94,425
147,502
199,791
276,556
199,780
229,631
281,705
183,528
197,500
216,568
211,621
173,638
109,526
215,473
206,588
205,729
182,831
93,452
182,487
182,572
166,667
118,427
202,580
180,483
281,680
166,520
213,795
201,511
218,568
161,660
197,693
278,595
285,523
196,400
198,735
199,540
213,716
141,600
165,488
152,591
214,481
129,580
218,367
211,426
182,393
95,505
118,387
153,742
218,715
214,796
122,787
212,828
201,705
230,482
105,685
278,387
199,644
197,554
169,513
95,349
193,585
282,524
95,621
196,529
201,689
149,1088
12285,164
213,793
277,1011
214,542
212,633
198,460
199,519
217,663
165,544
196,610
115,491
276,666
213,466
197,708
227,462
166,720
89,775
150,537
179,578
167,458
214,536
197,572
217,401
183,873
279,474
167,566
168,480
200,531
215,403
221,717
206,546
217,571
197,833
193,925
214,529
183,572
195,584
221,547
277,870
202,538
198,671
175,394
169,537
119,548
216,351
197,543
216,576
199,671
149,795
216,455
209,664
214,590
87,739
215,686
217,465
88,565
87,567
277,643
183,618
195,714
273,545
197,690
146,455
214,482
130,592
215,597
214,529
165,634
214,602
135,577
163,492
216,959
197,803
218,818
263,450
214,571
232,707
216,608
201,611
165,717
230,596
202,656
221,818
217,818
205,671
183,563
214,660
213,625
230,662
257,1066
101,819
12418,238
214,527
221,674
153,615
280,750
197,671
103,786
285,536
198,381
199,556
182,469
169,481
211,605
215,474
93,709
8969,120
261,557
214,785
199,657
197,749
221,570
149,438
183,446
197,661
184,820
214,584
12655,197
214,1143
217,523
228,540
197,460
278,705
201,389
186,669
196,516
261,807
101,697
210,343
277,696
213,763
166,667
218,657
198,459
166,458
110,634
198,562
216,799
218,567
214,475
183,532
214,738
215,486
214,455
157,567
114,600
186,594
169,868
184,774
95,610
196,410
177,587
12028,151
113,939
198,829
199,443
212,1053
198,611
199,758
213,589
175,595
89,641
186,554
106,546
137,552
202,586
213,693
101,617
91,668
199,373
153,596
218,507
221,645
156,547
216,487
230,673
212,425
213,1013
212,678
189,510
199,901
217,621
197,394
182,598
170,606
279,802
110,506
166,493
206,389
200,407
98,492
128,483
90,511
214,438
280,1283
216,476
217,421
148,472
95,828
164,371
198,647
278,568
181,459
138,451
202,468
165,352
211,470
211,437
199,346
214,662
247,1474
171,448
197,462
165,730
177,584
169,668
166,715
133,708
133,694
215,787
278,597
281,459
276,387
81,382
133,609
217,318
218,486
95,621
113,590
209,596
197,640
166,603
199,544
198,743
197,458
133,701
250,525
117,873
214,397
171,564
278,490
166,692
84,572
214,505
266,935
212,625
197,642
12184,122
200,661
232,843
154,658
217,683
130,826
194,534
201,589
214,420
213,1025
273,606
201,988
232,964
218,636
216,831
169,334
131,695
186,556
189,510
199,613
163,451
184,624
221,608
185,528
90,365
173,591
182,894
201,446
198,452
181,374
193,739
216,633
93,605
197,566
281,838
214,522
278,420
262,755
12553,125
215,641
170,661
94,188
185,575
278,739
197,538
216,414
163,415
231,398
221,564
12156,161
218,676
221,768
214,769
197,490
212,406
196,487
180,673
257,566
196,995
180,638
197,334
198,656
217,423
140,500
212,425
178,608
169,639
189,544
215,566
180,703
221,653
201,471
205,498
201,415
201,579
214,836
88,700
172,503
214,710
220,547
157,567
247,575
197,843
11631,119
165,508
194,777
180,809
164,913
278,816
197,764
218,696
216,793
199,426
182,446
167,706
282,850
167,599
182,757
199,658
12085,146
93,743
134,1045
218,703
202,369
212,522
217,739
277,551
180,663
205,634
197,497
246,611
221,498
167,484
222,521
230,634
214,731
11871,138
278,535
221,446
161,367
170,682
198,790
198,470
197,445
278,379
134,505
141,907
218,690
213,967
279,675
216,483
12184,101
201,413
213,454
202,895
166,626
214,779
278,722
229,529
213,904
234,459
216,747
198,448
214,601
273,598
150,576
279,586
205,563
193,732
12154,239
200,473
95,542
201,940
197,670
285,607
91,768
171,550
213,540
274,816
97,456
217,641
213,587
221,675
253,787
182,501
197,604
166,460
213,528
197,610
105,480
216,625
196,478
217,600
151,597
232,605
197,711
277,709
122,769
185,477
217,827
278,752
213,517
263,469
149,754
95,741
86,814
213,414
246,809
167,382
215,534
260,662
230,873
169,594
201,794
200,709
166,556
278,650
204,548
217,405
214,624
237,720
200,679
279,372
151,753
183,465
199,594
282,606
201,807
174,699
198,714
86,526
199,667
12472,161
134,445
111,450
197,580
94,713
214,603
218,603
214,773
198,627
184,624
161,346
12285,146
183,672
202,429
214,534
217,797
115,541
245,564
148,666
126,405
206,656
199,662
167,507
195,544
218,574
213,614
162,833
218,541
233,742
98,401
137,398
12525,131
181,628
221,554
109,703
217,526
245,621
213,776
138,604
12015,166
277,541
230,606
94,423
233,662
12245,132
166,619
100,818
201,699
101,592
197,393
213,589
229,474
182,689
218,436
215,381
217,573
277,782
222,901
202,591
218,531
278,610
182,520
91,813
214,376
199,473
130,432
214,606
167,715
199,510
213,435
198,392
200,892
202,619
189,494
214,801
214,845
90,701
97,448
278,712
170,673
198,623
229,813
166,630
166,624
214,799
214,436
213,449
121,476
277,986
278,690
165,659
96,715
230,1203
106,675
183,376
213,645
149,411
213,486
197,439
193,478
216,529
214,863
88,481
217,562
278,726
246,676
200,778
278,899
182,606
264,427
198,353
90,683
273,733
214,558
199,687
12154,173
193,536
264,542
216,624
164,558
275,623
199,548
231,440
222,865
198,691
212,729
213,406
150,664
194,433
214,619
211,576
196,480
199,526
226,663
150,767
199,688
215,604
214,505
214,641
170,503
218,523
278,578
217,480
94,475
206,438
198,499
198,525
221,527
101,541
261,846
247,798
201,666
193,702
12472,129
277,559
173,507
213,853
197,544
198,717
218,861
247,355
102,455
101,611
215,497
168,568
214,749
199,674
189,747
197,1088
158,1019
199,533
234,713
214,846
217,695
182,620
218,478
168,642
154,782
130,422
217,512
217,805
279,437
195,887
183,452
174,586
266,659
262,438
167,704
169,591
12364,148
85,719
168,651
217,705
213,604
201,727
165,398
218,611
122,580
183,608
214,800
218,977
218,421
215,401
198,569
166,617
215,549
193,698
92,599
121,623
117,549
214,677
198,373
205,808
217,728
216,569
182,581
94,609
277,631
281,757
201,445
280,496
217,741
183,634
197,463
213,437
278,759
228,812
117,677
199,448
200,569
201,495
11871,167
193,794
214,628
209,535
221,551
215,794
165,541
215,427
273,744
217,929
101,417
183,571
198,593
205,466
248,374
215,569
212,900
234,526
214,586
210,1588
279,727
278,503
195,833
205,709
254,744
280,702
151,463
218,671
213,539
279,681
134,536
198,730
143,564
214,539
213,772
152,809
216,679
222,633
189,491
246,596
209,798
217,643
278,487
278,494
86,563
197,466
198,836
218,497
216,660
212,753
218,821
165,334
95,503
210,718
199,740
134,695
93,537
117,533
279,536
137,382
202,757
215,683
213,400
136,796
214,748
172,533
215,658
281,755
209,538
280,651
197,586
182,806
119,535
168,589
213,592
217,553
135,484
182,834
217,632
216,797
213,800
182,446
117,765
202,620
214,542
215,505
201,769
220,733
214,450
213,532
214,438
92,769
216,503
193,549
197,380
214,463
169,557
12139,146
221,754
201,689
198,456
117,541
217,668
217,775
263,673
172,625
279,431
221,473
215,500
185,683
166,675
285,738
199,435
209,612
190,1261
202,542
217,665
216,423
218,557
125,788
197,537
219,850
197,638
214,1104
260,644
130,462
85,450
195,444
92,385
217,744
214,624
209,681
216,505
214,498
198,601
165,545
213,852
217,412
120,743
231,522
133,593
166,603
93,623
215,457
278,737
151,730
214,715
197,608
213,569
200,435
218,571
164,746
98,607
221,1031
210,608
188,530
170,481
265,690
167,666
214,378
213,769
198,693
213,592
182,691
218,527
214,670
214,452
214,355
214,792
218,578
181,512
91,402
150,767
130,437
278,790
185,375
199,519
12455,131
193,511
217,375
266,516
198,586
201,401
188,580
200,483
170,661
217,453
198,505
214,635
218,626
135,568
200,405
152,582
194,436
205,513
182,700
176,916
167,824
246,1068
213,496
200,452
146,790
167,586
215,507
218,558
213,764
212,618
205,572
199,417
150,439
171,674
213,589
157,501
101,1506
165,519
215,855
199,475
97,732
182,669
198,693
166,640
278,588
12553,128
93,937
94,596
278,512
201,640
216,1075
261,756
197,511
210,742
214,691
173,460
222,609
221,423
167,443
217,622
215,589
12139,149
166,698
265,509
201,436
202,599
217,720
211,1040
200,505
183,574
206,438
231,515
98,603
247,481
198,616
100,943
97,646
202,728
165,549
12499,192
169,659
182,483
201,861
166,428
137,492
184,354
194,660
198,590
214,931
153,767
91,677
260,757
97,790
220,505
194,889
265,609
129,438
133,544
214,846
219,850
92,448
198,636
217,525
197,722
173,714
130,572
215,455
214,689
197,393
95,728
217,401
229,956
217,576
221,652
199,507
218,482
201,467
278,835
206,386
201,639
12175,120
193,380
277,552
218,445
218,1118
93,647
211,656
198,437
103,363
218,597
282,639
231,462
248,615
88,713
214,705
279,700
169,490
161,712
217,736
198,793
94,425
217,902
213,506
198,603
199,460
285,408
186,696
199,533
149,833
217,460
104,787
215,490
217,623
213,398
170,447
97,1183
193,1019
218,845
169,380
278,537
234,586
205,501
277,691
149,410
262,638
182,530
198,706
213,506
225,716
118,671
198,616
214,808
217,693
166,634
209,626
150,398
11961,153
201,502
218,444
278,687
214,509
201,640
201,603
169,696
201,701
229,640
222,639
137,862
213,935
153,715
11961,153
198,584
209,600
205,718
198,668
259,716
184,610
222,780
215,516
216,644
217,670
166,565
198,661
229,594
229,436
217,821
198,674
200,706
93,535
137,793
278,570
197,643
277,531
95,537
199,781
221,462
148,705
185,716
282,580
167,638
186,783
199,1146
196,433
121,572
213,625
94,615
173,564
170,618
200,548
11961,148
215,851
220,791
201,1027
200,422
214,570
216,590
104,370
281,727
216,573
213,650
214,731
213,793
202,486
93,475
214,839
277,630
211,596
199,684
167,462
213,910
217,598
281,735
201,580
182,577
220,898
197,470
202,533
238,360
212,540
134,532
214,534
215,679
215,359
214,580
231,471
138,538
92,670
215,703
197,460
173,504
221,776
281,379
166,738
165,389
213,673
198,374
218,668
279,563
194,1189
230,592
214,552
218,728
217,497
92,332
273,504
198,703
216,705
193,878
214,650
215,441
99,749
212,768
234,861
263,610
94,679
177,534
218,694
215,552
231,580
209,436
238,360
221,778
245,492
205,581
206,510
165,577
103,664
199,541
201,710
180,847
246,583
150,1200
213,645
199,400
218,614
212,809
214,476
161,518
198,704
196,458
197,411
94,475
165,507
198,444
94,739
194,512
146,435
209,637
170,531
134,854
200,438
195,657
184,740
217,425
210,549
218,481
282,1064
165,812
218,392
217,975
215,502
218,452
189,503
185,616
215,632
209,741
184,941
161,691
193,566
199,600
166,425
213,574
167,522
278,819
263,908
229,593
217,1063
193,736
149,439
214,579
227,917
213,466
214,895
199,699
166,579
186,501
157,541
198,824
182,591
200,376
202,409
278,535
146,425
217,660
263,411
201,576
12377,149
260,665
94,501
194,721
217,576
215,446
161,976
280,497
182,488
198,747
281,569
197,586
182,847
231,819
150,580
153,469
173,752
205,735
86,462
213,575
205,512
213,838
166,601
199,597
214,648
199,465
222,772
12154,157
213,748
105,418
233,464
177,789
276,539
198,1085
174,639
216,661
182,428
214,596
11642,150
213,388
215,624
205,665
94,582
95,587
197,593
214,473
199,530
233,502
205,535
12139,169
151,454
198,432
173,624
209,601
149,624
196,432
198,670
202,495
278,449
198,403
97,716
90,611
202,592
177,605
201,635
221,559
211,725
213,975
199,722
182,669
218,772
166,601
183,616
201,431
218,846
92,622
114,547
182,709
277,597
274,561
93,713
165,702
281,405
210,520
213,610
92,780
89,538
167,689
184,518
98,489
215,608
198,734
119,796
186,511
198,442
231,438
104,670
126,590
167,492
166,861
247,567
130,432
214,603
181,586
218,455
216,460
214,597
198,381
12644,161
217,679
215,672
212,536
150,483
222,535
196,425
133,640
169,359
201,562
200,459
217,459
249,764
273,484
199,413
100,680
167,675
94,533
214,576
196,547
278,551
215,429
213,587
214,461
89,492
93,603
215,518
199,664
163,353
199,436
149,499
198,703
215,808
221,777
217,559
95,1144
182,797
88,697
217,700
217,621
215,529
171,467
194,549
200,571
101,917
168,532
169,612
213,548
281,590
186,461
198,752
197,606
198,606
221,507
12455,169
206,463
278,587
217,762
210,581
182,446
277,475
168,384
181,429
12154,195
121,436
82,958
217,396
214,437
184,783
218,606
277,389
184,436
82,350
221,685
169,536
214,634
216,545
12524,138
215,501
148,471
92,624
199,569
218,867
164,584
214,577
96,702
173,730
169,530
213,1152
166,667
200,668
94,558
230,1182
92,597
213,387
201,503
214,685
199,680
179,615
167,750
12377,117
12217,114
214,720
105,691
181,809
97,677
262,515
217,767
197,451
279,639
167,799
85,347
196,384
198,465
94,812
198,570
222,761
278,700
11642,103
176,1007
217,686
94,1107
168,500
104,587
221,767
205,581
90,639
212,1142
218,551
214,701
225,586
214,672
218,652
281,611
113,652
197,697
219,624
167,585
167,577
266,861
110,414
218,673
225,726
149,342
122,480
214,625
91,672
164,731
278,801
93,702
12525,113
178,516
278,675
198,429
194,491
213,719
166,681
142,575
281,540
205,746
216,398
88,445
99,693
206,436
263,888
277,738
216,630
169,495
222,477
246,394
216,415
217,537
169,497
181,415
129,493
217,778
12015,140
165,778
101,764
193,609
167,733
221,537
211,664
249,467
109,383
215,896
245,759
162,446
93,661
221,685
194,606
104,487
199,411
216,631
213,634
194,591
200,844
11743,146
166,656
233,711
282,360
182,584
148,579
199,607
215,423
133,674
101,813
103,606
217,613
215,430
181,529
12448,170
214,491
215,442
278,571
217,660
215,472
196,857
217,1006
214,481
198,535
215,769
213,640
202,895
102,895
167,525
199,632
197,438
181,530
99,543
198,462
169,537
152,418
197,476
198,452
111,911
214,427
276,625
200,523
125,615
100,289
281,451
217,446
242,588
169,372
168,700
95,711
164,567
214,582
136,453
12085,204
198,566
12085,141
105,627
182,536
213,606
183,649
90,437
213,678
278,797
182,698
210,566
182,479
198,699
198,503
12132,143
213,756
193,635
231,938
213,2368
219,873
197,918
134,883
173,602
12091,130
164,712
199,468
12644,122
105,455
174,587
172,718
166,676
262,790
182,572
200,688
218,539
12655,159
215,645
261,559
215,432
94,404
233,667
173,513
166,448
176,734
166,540
217,721
104,882
218,766
199,386
182,732
121,777
214,495
197,506
95,420
216,373
169,688
134,587
197,523
119,600
217,524
85,1399
193,466
218,669
138,427
201,510
105,926
135,638
278,715
196,551
104,425
170,612
215,723
215,587
167,774
138,419
222,561
197,840
175,682
218,611
215,690
165,640
249,672
153,1032
145,468
191,503
217,448
201,564
279,612
121,764
200,445
166,741
213,781
86,883
198,623
95,611
88,702
183,666
166,499
167,645
166,719
197,829
205,610
215,523
11869,169
165,659
217,776
214,589
182,860
196,498
226,422
200,683
281,786
231,632
201,387
216,547
196,678
226,806
166,716
217,592
148,516
167,451
198,412
198,605
241,677
216,692
82,350
88,676
276,752
85,775
278,512
167,573
212,413
197,538
197,555
202,479
213,506
217,653
277,742
160,377
202,783
218,750
216,666
90,621
195,627
164,552
198,606
132,537
201,832
150,723
218,751
215,430
90,799
99,438
199,394
278,565
197,423
170,839
153,825
134,663
213,500
86,868
182,392
131,723
200,378
218,682
214,639
166,377
90,1042
213,774
201,527
200,436
193,672
88,717
215,542
229,863
217,603
278,734
281,852
201,794
217,376
280,554
213,378
152,618
181,747
202,732
209,693
196,468
261,724
199,546
214,819
216,581
166,324
196,419
201,894
216,650
281,607
217,592
230,765
218,1306
166,490
167,443
214,713
215,870
193,774
205,587
198,672
199,438
199,545
214,494
214,565
184,833
92,468
231,739
198,381
198,777
197,883
182,515
178,610
166,816
199,826
216,764
12364,209
230,662
198,600
103,628
210,515
199,579
94,522
173,598
217,1069
217,566
217,370
205,686
190,437
182,831
218,728
198,379
135,476
198,309
200,566
201,605
84,895
278,484
198,719
205,713
172,620
97,650
237,459
213,663
246,528
219,644
199,621
214,727
151,354
147,453
214,385
231,360
212,482
174,703
201,468
213,796
121,431
172,656
244,827
150,597
165,778
12154,164
246,416
197,609
12184,113
93,594
230,740
229,533
153,852
182,803
276,551
118,943
199,536
186,656
166,405
182,664
182,439
209,514
201,491
277,517
164,641
91,766
215,686
186,400
98,710
214,569
214,374
12132,146
215,495
121,799
218,563
212,496
164,799
165,647
169,683
217,513
214,438
201,391
214,606
119,566
217,700
217,405
91,747
202,522
97,456
214,416
98,582
150,675
215,577
101,885
199,590
214,678
119,442
206,492
214,873
128,700
185,661
198,608
213,784
214,390
246,544
282,435
213,662
221,614
201,557
92,818
219,495
261,616
210,908
201,862
205,564
122,695
213,526
214,642
182,539
12184,95
172,540
184,549
214,659
197,654
168,391
285,760
213,517
124,559
214,446
135,566
195,526
145,649
277,525
186,438
248,344
280,637
128,653
11642,189
217,622
182,593
213,661
101,415
151,669
206,633
220,490
214,705
234,642
214,607
217,731
182,539
213,542
221,472
182,373
12364,155
199,964
197,769
198,596
233,790
221,778
102,740
134,825
199,513
152,631
102,745
202,550
12572,139
214,1308
214,705
278,734
214,642
199,606
199,528
182,396
221,718
164,417
229,743
165,616
281,598
205,429
206,548
12571,102
221,496
183,652
198,363
215,471
229,722
94,463
199,619
214,614
105,893
198,692
217,524
89,525
198,459
150,462
213,620
165,708
182,509
209,539
282,725
115,868
92,645
12049,152
166,607
202,753
214,581
198,542
169,580
214,364
218,718
173,825
206,665
218,705
151,555
181,529
209,887
200,391
201,490
214,706
183,669
281,623
201,603
214,768
216,653
198,499
183,474
169,568
217,1003
214,632
216,596
198,563
217,703
12132,170
215,612
199,537
153,819
217,693
263,483
12364,109
285,579
129,447
197,834
215,509
202,435
215,430
206,356
245,947
145,743
166,442
215,828
222,602
217,547
117,707
198,464
143,470
96,630
217,872
169,654
215,545
146,587
195,720
213,412
100,730
218,580
202,542
164,457
11871,147
137,794
143,793
195,584
12154,124
215,859
102,606
199,777
106,692
230,536
218,591
222,413
215,632
198,643
140,513
89,719
163,820
121,706
212,796
273,451
214,775
154,378
212,704
197,621
92,662
214,479
214,637
170,623
198,460
166,520
201,796
212,780
205,559
198,697
165,630
185,863
198,789
214,466
134,452
202,699
133,440
273,670
197,667
166,535
279,557
95,746
198,527
161,511
120,773
137,787
163,647
285,420
215,981
88,601
151,697
262,742
134,491
215,529
220,572
97,677
165,500
198,532
128,653
202,470
168,442
202,687
197,377
89,826
200,741
133,646
250,560
198,649
214,518
154,666
218,430
218,807
226,675
205,794
205,510
182,1240
214,527
12377,129
87,688
192,827
198,423
94,641
186,508
166,576
197,466
183,576
182,507
92,811
198,497
198,727
213,2139
164,523
218,583
197,573
216,516
202,583
253,539
157,1521
193,681
12571,168
213,975
197,638
198,649
167,740
214,620
214,611
151,831
193,684
211,435
12015,148
230,487
95,608
199,424
218,351
247,587
166,374
276,641
185,448
198,584
181,570
201,593
218,481
183,485
148,591
171,445
134,851
231,678
201,414
178,569
217,661
184,476
164,634
165,709
216,586
12418,133
174,749
214,1024
12154,145
122,580
217,903
221,408
214,671
171,578
173,513
215,725
166,812
157,828
92,941
199,871
102,831
161,511
213,470
199,736
217,571
102,402
246,586
205,686
189,558
217,978
200,584
201,574
134,769
274,405
169,622
181,552
202,668
193,400
285,655
197,584
156,524
210,1411
202,601
201,577
275,593
12278,156
163,642
154,914
185,632
197,397
147,642
197,870
97,497
117,519
189,441
214,516
199,588
276,622
198,811
217,415
197,720
171,599
219,336
166,654
199,388
201,703
175,395
198,841
193,774
122,453
180,433
197,510
221,463
198,699
233,606
196,556
214,654
228,650
198,572
215,774
229,543
197,444
164,457
137,792
198,759
201,755
96,472
12129,128
148,406
166,648
233,432
195,571
217,690
217,561
198,417
212,622
199,750
220,567
200,525
206,391
205,444
279,495
215,812
89,504
170,464
196,660
222,748
197,380
103,446
213,382
186,796
246,821
202,667
197,491
201,742
166,691
167,777
200,880
215,776
231,825
199,452
214,529
213,457
185,496
230,494
218,441
116,638
133,485
217,435
278,701
157,505
277,830
205,517
206,1875
214,948
197,789
150,267
199,712
218,514
125,807
201,748
202,782
213,733
261,609
233,588
220,802
97,430
195,467
147,394
137,715
169,508
181,542
225,635
132,659
213,587
194,401
196,395
278,590
277,644
209,602
189,593
91,597
211,531
141,671
145,603
161,742
12525,125
270,631
163,514
209,701
205,818
182,394
205,500
216,408
280,748
277,740
229,531
94,799
161,559
198,494
218,587
129,620
94,554
214,603
217,763
166,562
260,817
201,697
281,530
81,566
162,811
171,565
200,481
281,819
198,449
202,614
12644,155
85,541
197,534
88,891
278,640
213,482
218,548
197,442
218,568
260,817
198,413
213,776
175,757
12163,162
216,870
219,703
210,679
220,742
214,620
175,584
222,497
193,402
214,620
216,482
201,626
198,735
199,730
248,767
215,516
212,725
277,563
88,432
216,1027
213,430
201,450
277,487
279,1383
198,351
175,584
213,607
119,480
103,438
193,849
212,755
197,829
213,616
85,654
200,373
91,700
199,526
201,724
216,559
218,493
185,516
201,691
214,419
201,602
221,434
149,624
278,838
89,716
221,544
162,734
216,589
199,478
166,635
199,438
214,671
286,779
215,629
279,560
199,600
221,572
197,652
245,667
199,391
282,751
183,696
169,558
135,825
214,507
222,788
221,620
229,494
222,762
164,613
214,421
205,660
174,633
278,847
12571,122
119,494
98,930
197,486
200,376
182,401
214,580
197,508
214,556
261,511
199,964
90,712
193,549
164,592
245,860
215,737
185,479
218,602
167,492
180,407
217,1003
222,960
199,414
198,349
98,780
201,430
198,685
213,347
215,1273
285,680
212,572
278,498
213,653
198,754
194,462
198,993
176,590
88,575
213,486
195,445
114,562
213,501
218,479
183,523
198,480
217,726
214,749
218,815
12364,130
214,611
198,480
146,1303
173,543
133,370
170,419
213,713
198,676
181,490
214,456
165,504
222,790
109,695
244,743
214,500
12139,161
218,646
167,692
188,580
197,494
181,533
177,525
97,475
186,455
196,601
222,734
97,582
148,518
145,747
95,704
95,570
199,431
217,406
169,448
247,437
218,504
214,415
201,689
221,533
201,515
161,590
197,400
214,498
197,409
92,1068
219,769
92,647
199,1084
222,810
202,812
190,720
213,657
87,610
183,444
93,485
199,470
215,635
12016,141
197,822
216,484
200,431
164,445
150,651
167,704
110,314
206,486
12184,135
217,670
278,611
99,672
98,713
222,551
181,415
168,532
213,739
202,381
198,629
214,794
211,443
277,788
165,644
92,568
225,505
185,579
183,648
185,398
199,506
11871,162
214,903
201,676
166,544
232,1010
182,424
102,689
92,567
177,401
198,611
205,483
201,605
175,588
193,672
217,565
214,585
199,437
212,555
201,524
279,747
215,699
198,710
216,817
122,1555
161,819
213,488
12377,126
200,642
226,741
233,704
215,538
197,447
183,464
117,402
183,456
11904,184
198,443
198,689
131,563
202,654
211,649
279,679
212,535
198,714
201,804
93,616
193,435
230,368
259,716
213,705
205,491
186,622
87,494
214,571
217,658
278,601
215,717
175,502
246,766
278,742
198,625
201,519
102,721
102,1480
218,700
101,583
213,702
196,725
199,624
285,390
199,714
213,477
118,771
164,828
199,573
198,730
180,661
168,492
166,744
221,754
166,531
86,1185
172,624
213,527
262,669
185,585
91,334
217,580
231,562
213,612
196,685
197,830
186,540
215,553
171,448
195,706
279,702
215,585
183,506
215,615
218,700
193,525
90,520
217,659
101,777
206,427
198,685
197,427
281,506
198,613
169,556
148,417
214,365
107,693
149,896
201,655
217,714
103,597
218,745
135,571
166,523
213,457
127,714
116,864
262,819
138,749
163,451
133,694
201,493
213,603
214,679
201,459
215,443
201,449
213,553
198,629
280,536
12418,174
12364,147
167,905
11871,156
12154,186
206,389
12285,158
110,546
278,607
265,500
222,449
150,576
217,578
153,636
134,451
197,542
142,412
174,421
137,891
278,489
217,431
201,634
87,407
12655,90
147,614
181,741
184,579
206,620
215,701
101,776
198,565
12085,155
212,621
177,444
216,1229
167,687
169,506
99,763
170,624
213,741
135,577
106,532
182,760
198,649
170,531
202,453
107,476
214,504
198,568
149,522
193,561
94,989
218,627
214,685
198,752
215,467
221,424
165,577
215,614
199,419
175,435
220,703
133,702
205,606
214,624
100,1029
249,508
206,531
279,811
201,446
94,759
211,784
249,620
201,582
198,482
120,748
153,419
183,647
182,454
193,1099
98,631
198,811
110,527
175,532
217,606
230,512
174,831
274,347
214,649
213,720
215,439
217,783
196,556
263,1128
169,415
205,632
238,675
172,609
147,464
286,688
200,454
90,495
85,486
12217,130
214,637
198,408
209,436
213,758
183,473
195,617
199,672
107,409
280,734
198,719
92,763
199,361
278,1023
182,420
166,600
169,711
92,714
213,872
195,423
166,456
198,418
198,811
199,391
217,605
213,399
263,687
182,538
195,515
277,635
102,623
12655,114
214,715
211,656
12655,145
185,739
86,599
217,431
279,682
185,578
222,616
281,494
198,637
169,545
12091,306
215,870
200,416
197,597
167,599
102,457
278,906
98,666
213,779
154,679
197,588
201,708
196,549
195,420
148,645
153,721
230,838
168,600
180,641
215,512
131,550
193,679
217,542
165,632
197,694
217,281
202,441
94,635
168,562
134,432
221,664
220,529
89,1256
11871,127
221,698
217,635
199,694
276,568
102,555
198,693
219,979
97,735
276,606
200,803
196,803
107,628
198,616
277,653
217,593
201,707
12655,109
197,379
118,833
217,838
12377,131
91,609
97,497
221,556
171,484
205,429
117,1066
185,498
214,539
217,496
218,682
148,483
196,484
217,741
196,577
11642,126
278,592
184,575
198,553
279,523
126,669
149,760
215,1005
200,629
181,552
180,413
170,622
213,717
197,504
217,555
205,563
276,711
245,455
167,858
179,505
12154,185
122,718
215,548
193,518
215,856
167,589
198,460
197,876
209,580
216,784
11871,129
121,474
199,651
198,514
105,2196
249,596
198,630
215,437
95,696
165,517
196,680
214,640
214,920
115,600
230,645
286,446
107,420
213,405
233,1471
193,599
180,477
211,690
169,722
213,485
158,613
229,812
205,938
216,647
218,769
215,606
214,454
215,523
213,407
201,554
217,451
166,712
86,650
198,733
197,834
86,469
198,620
12554,141
212,692
229,379
12418,142
189,599
202,716
216,775
130,656
133,444
215,536
12049,248
209,496
183,680
210,629
12644,130
213,681
200,502
106,487
129,466
168,615
93,471
180,596
221,610
167,576
12499,137
198,405
170,692
279,780
200,410
277,823
11961,162
96,562
210,783
237,639
217,397
201,631
114,530
201,710
169,583
12389,145
156,506
12154,202
182,567
164,629
197,371
182,529
202,605
198,779
198,703
215,770
169,486
198,703
150,575
196,497
12553,113
261,557
215,658
92,699
185,408
218,523
205,379
109,915
278,795
154,661
198,589
205,524
197,567
12132,119
214,746
151,613
229,694
212,561
198,737
166,648
196,606
217,621
11904,125
278,715
156,524
213,429
215,778
198,408
196,478
181,527
197,514
169,666
214,713
187,406
98,607
198,687
198,417
177,374
165,781
198,562
98,626
215,681
229,460
164,473
11904,149
193,637
197,545
218,485
229,756
172,626
180,594
199,768
165,435
189,735
249,449
201,442
12154,169
198,590
218,573
214,993
217,550
214,557
154,661
165,529
217,394
197,527
202,436
213,708
12377,126
222,1077
165,601
198,500
201,437
216,704
182,884
257,444
12015,104
11743,136
12085,141
215,882
101,563
185,616
241,524
198,854
90,556
198,527
214,986
275,400
278,626
221,354
152,754
237,399
199,525
218,585
181,604
104,463
198,434
199,624
198,545
191,348
100,593
166,546
197,743
219,573
12015,132
226,796
169,696
185,618
209,734
197,596
279,522
196,646
164,397
169,615
213,602
212,586
99,724
219,473
185,553
198,674
99,932
183,638
218,549
171,583
278,798
218,865
278,785
201,633
185,644
201,616
103,340
101,657
279,557
93,614
12049,248
276,514
197,388
206,591
202,455
214,541
197,700
285,1180
222,523
196,488
214,596
231,538
218,564
12407,125
218,435
12377,130
201,641
105,687
161,451
162,563
213,564
182,538
253,658
213,693
221,387
262,502
230,662
198,869
281,1452
199,650
215,726
199,594
221,469
215,562
201,746
214,607
214,566
242,479
167,436
197,680
200,424
128,698
281,1124
193,748
89,607
184,806
217,762
165,670
189,530
278,758
202,562
214,670
276,612
140,613
232,623
213,475
117,457
169,642
246,578
215,670
214,864
182,686
218,564
11961,102
152,618
173,469
278,437
217,616
216,783
233,431
162,471
170,466
233,507
198,427
214,546
213,502
205,823
173,298
165,712
199,722
195,631
12139,156
215,699
125,548
196,461
181,648
182,800
213,698
118,829
212,809
189,510
198,632
201,424
182,718
184,456
180,627
194,503
201,467
214,618
199,548
170,644
198,648
201,790
198,546
182,657
281,634
183,596
214,654
198,387
101,691
166,669
214,476
209,445
229,740
277,584
148,483
178,519
197,366
196,446
101,544
237,488
213,587
197,477
197,587
189,631
218,726
200,668
198,631
214,456
201,478
117,402
200,460
197,874
232,696
213,737
151,448
182,501
201,551
213,740
118,436
134,837
180,477
198,407
213,621
219,795
214,766
99,656
196,858
12154,146
213,785
213,535
214,415
218,446
88,549
214,434
216,484
173,506
218,379
213,568
213,806
218,531
213,647
94,412
214,432
201,670
275,405
278,617
149,733
193,677
198,661
89,626
217,442
214,476
153,728
130,679
213,480
199,569
227,692
216,449
219,609
279,628
182,719
245,380
109,712
98,838
166,732
198,517
199,468
196,588
171,721
205,661
230,722
172,699
286,437
221,426
254,612
105,714
201,657
215,549
274,702
218,600
193,851
174,775
198,573
202,604
220,1107
93,613
138,404
229,611
217,650
193,434
12132,175
281,1058
219,718
218,482
217,379
215,662
231,540
90,647
274,460
261,777
12364,131
9858,161
213,510
217,620
89,538
182,874
201,532
215,470
92,878
12184,92
214,667
196,673
198,714
217,561
278,389
117,662
198,848
149,760
174,496
281,1032
166,595
233,827
150,576
281,750
152,355
214,313
94,611
282,554
167,608
247,452
280,583
197,499
201,567
182,679
217,904
216,552
218,491
198,620
179,439
278,846
213,489
90,650
171,527
165,435
166,551
197,644
201,567
198,647
206,615
166,421
213,668
214,731
218,655
165,522
196,565
181,848
278,653
189,551
118,745
218,587
213,699
213,373
124,466
101,632
184,848
183,647
88,1014
279,568
215,443
281,849
161,660
257,714
213,1087
100,1165
167,618
258,650
217,542
222,625
213,784
11926,158
213,741
98,849
97,649
12049,131
217,512
92,404
95,652
165,785
152,736
198,620
201,748
221,526
233,519
134,793
138,410
215,919
200,567
185,742
169,675
253,728
85,450
219,866
97,538
206,453
133,470
169,790
281,525
86,450
197,736
167,536
166,483
276,671
169,327
212,414
197,542
93,715
214,521
216,689
198,554
215,620
12418,269
200,463
216,412
198,570
215,427
186,928
85,390
220,833
196,469
182,536
198,651
166,374
215,458
217,674
12139,110
201,475
229,384
117,720
214,567
170,426
213,448
166,488
198,611
264,762
166,483
181,752
181,674
276,373
277,821
180,587
92,430
218,506
214,719
198,578
193,409
260,419
212,365
150,598
205,662
118,746
170,391
135,576
199,363
93,594
176,739
209,436
200,752
90,421
214,544
101,751
197,643
198,767
214,820
201,487
199,431
136,674
197,658
173,532
197,475
280,628
197,520
153,831
278,467
199,1336
180,820
214,849
180,719
185,747
198,604
215,604
217,630
210,756
277,646
198,495
174,674
92,590
195,773
81,548
201,690
137,415
209,545
177,410
165,730
95,626
198,677
142,765
198,644
214,595
286,366
281,505
183,488
214,352
282,714
222,642
198,418
150,575
220,877
134,612
219,564
105,278
219,764
189,445
201,496
165,519
198,539
199,595
280,900
277,720
211,631
182,1127
197,586
183,647
274,550
245,640
199,777
221,643
198,631
218,465
141,524
277,1068
279,752
210,658
200,508
170,652
247,772
90,712
199,715
213,769
225,574
148,591
199,798
185,753
197,447
135,732
218,865
98,710
173,732
214,519
202,550
165,813
189,1319
93,605
184,626
214,614
12655,120
214,638
214,727
198,473
220,712
218,589
201,743
278,434
221,686
165,611
166,636
216,452
177,528
281,625
181,553
202,495
205,697
221,559
217,663
166,581
212,675
198,679
98,740
197,502
218,693
214,621
214,627
194,612
212,653
165,625
169,588
221,781
213,428
214,465
188,546
277,717
278,569
213,695
216,409
217,675
201,477
201,1180
201,593
98,959
174,680
216,691
217,780
117,846
215,685
198,635
197,1020
211,817
12364,168
193,583
277,903
193,886
197,591
278,722
175,721
143,638
182,533
213,589
185,625
238,660
93,673
12525,125
194,530
217,627
122,962
165,440
190,424
198,675
218,624
169,539
213,453
183,524
205,823
219,618
84,764
199,725
215,415
96,571
102,690
277,693
119,794
129,599
12085,151
185,884
201,586
202,534
169,663
215,530
214,478
151,637
12279,159
215,776
214,678
214,620
169,742
281,625
149,747
198,472
198,673
217,519
218,714
201,566
221,705
12049,158
157,456
202,388
169,738
201,915
209,572
217,615
216,798
164,765
99,1007
198,538
195,512
201,398
12499,107
233,883
180,938
234,298
198,895
173,731
210,648
210,549
205,418
213,652
119,656
173,575
181,572
198,661
199,744
249,600
214,399
133,436
193,618
214,765
184,610
199,462
194,402
221,608
214,482
215,703
129,599
219,753
213,528
89,682
180,555
244,683
152,548
94,531
164,392
198,505
277,627
100,620
214,478
230,513
189,496
218,520
198,611
94,611
189,690
280,838
219,559
212,563
166,459
166,620
216,676
196,569
103,839
198,591
212,679
194,630
11815,131
178,542
202,546
273,425
215,643
183,543
198,887
276,510
279,907
174,513
103,387
212,420
221,712
150,498
193,434
200,637
161,615
174,430
218,735
201,593
185,715
150,555
199,468
277,560
281,647
190,764
198,449
213,739
185,432
201,833
277,588
215,448
205,582
229,650
151,549
172,654
199,431
198,817
197,720
214,584
198,479
213,537
215,666
215,498
229,433
130,778
217,715
167,636
274,390
198,652
285,407
194,426
222,877
214,411
278,639
199,717
198,733
216,731
162,439
135,624
215,689
244,600
12217,129
200,391
196,531
177,736
229,889
214,498
201,819
214,538
278,429
212,521
190,675
278,920
262,582
273,671
169,453
104,645
165,523
198,566
12499,146
143,599
185,467
273,529
165,960
167,599
211,653
260,658
150,638
213,785
103,733
189,465
212,421
199,715
237,786
213,456
216,855
200,708
222,462
164,448
243,746
205,489
213,486
218,583
169,558
214,445
200,560
200,410
202,445
198,599
231,506
214,715
95,488
201,734
155,506
278,688
201,390
278,795
273,575
85,526
148,680
178,553
213,516
196,601
198,558
274,369
200,1002
214,373
218,682
166,641
215,490
214,492
215,529
197,608
199,613
197,819
92,804
87,710
97,756
11961,142
216,831
200,425
214,456
180,680
181,483
119,460
217,464
171,569
214,550
230,495
232,434
97,448
150,826
196,622
262,537
86,704
275,703
278,630
262,739
149,521
280,600
212,469
118,865
181,380
221,733
197,572
181,592
198,428
213,505
228,627
96,534
117,1767
199,544
106,451
133,464
221,606
199,601
196,454
215,723
166,646
232,614
213,534
215,426
218,896
135,638
278,490
218,781
214,783
167,1179
282,526
280,478
12129,128
281,430
212,513
222,639
216,737
182,492
213,616
233,574
199,388
233,699
165,601
197,626
200,596
206,646
198,721
175,550
11815,152
215,384
278,885
216,717
152,577
166,617
10748,175
193,487
217,496
222,675
197,464
200,744
221,764
213,606
146,455
217,674
201,444
197,555
216,470
166,490
197,558
182,572
229,676
86,1206
182,547
213,650
198,547
118,592
217,586
197,394
217,677
170,730
197,545
201,692
279,368
198,593
277,486
215,585
174,571
215,623
270,560
193,593
202,695
214,583
198,537
217,526
202,568
278,471
234,461
197,591
199,434
202,531
205,393
93,612
88,522
201,529
177,464
230,612
180,485
174,513
212,442
198,629
214,445
282,551
279,682
218,648
197,488
177,528
216,395
218,583
165,696
209,782
81,566
199,550
205,618
166,699
214,588
213,508
216,562
198,433
193,826
262,661
248,612
217,451
205,617
214,435
93,380
215,650
245,609
216,657
12279,133
95,740
200,797
213,602
201,616
214,389
182,388
93,673
131,438
201,552
94,653
199,626
214,759
181,1008
146,753
90,605
213,419
157,827
213,619
217,611
225,534
202,531
199,525
197,712
94,526
221,470
213,631
214,624
176,899
87,347
182,669
182,840
215,833
225,803
278,621
214,418
97,588
102,551
278,616
215,730
172,736
276,608
197,606
218,678
100,752
167,358
161,491
186,505
190,399
137,595
230,760
153,655
162,662
201,446
218,462
198,523
131,612
88,462
163,631
166,602
216,660
95,853
94,791
215,853
221,574
193,705
286,592
213,429
286,496
201,681
217,572
98,392
158,705
12535,113
197,687
198,505
211,743
215,909
94,485
213,441
217,404
214,824
153,949
92,444
193,706
12211,158
198,677
215,478
167,1179
278,863
168,720
231,730
216,1067
214,446
198,600
162,371
181,806
199,454
216,854
174,724
198,637
11926,174
198,948
198,691
230,595
173,696
212,530
230,559
217,764
217,495
149,736
179,518
222,569
215,506
198,518
198,890
171,478
201,710
210,564
281,915
180,525
200,454
156,375
218,637
220,641
209,664
199,747
261,700
101,726
218,667
213,669
152,685
278,687
92,468
280,603
180,683
161,424
214,393
217,507
90,619
278,660
275,1011
230,732
273,561
213,736
199,646
214,449
199,691
200,483
198,562
12535,158
216,516
280,535
89,682
193,501
198,530
213,587
263,387
85,720
198,426
214,601
247,427
219,566
198,811
249,467
12655,114
219,548
200,546
101,752
95,636
213,539
150,434
197,709
161,735
217,518
84,373
218,646
199,388
209,1220
198,668
216,593
216,814
211,537
214,607
214,439
246,625
215,645
264,706
216,808
233,859
218,460
177,768
100,730
214,402
230,561
219,795
214,435
117,846
230,831
214,701
198,641
97,333
181,567
196,673
185,789
131,617
198,629
101,777
215,909
165,575
169,764
196,630
117,452
184,643
89,596
201,631
214,596
194,375
221,653
153,819
99,414
12524,136
219,510
273,453
231,712
201,539
92,366
214,570
211,480
183,614
278,1023
277,630
178,569
190,609
92,577
12154,140
200,352
214,580
218,459
180,477
170,774
12644,140
214,495
186,912
277,469
198,521
278,795
170,580
213,444
277,490
181,606
182,606
214,450
153,752
200,583
133,561
216,959
285,760
285,465
92,556
130,539
217,672
215,508
98,664
92,578
214,483
146,621
85,844
206,540
198,672
182,596
281,1277
198,555
12154,149
183,558
186,558
198,381
165,562
213,447
182,538
217,903
166,1035
217,536
131,737
93,634
218,757
198,665
200,688
198,669
214,725
215,525
277,369
133,572
111,716
249,890
201,514
198,584
135,536
93,1016
278,531
113,887
225,726
214,851
197,345
165,608
197,586
167,416
182,488
117,801
197,409
246,666
279,601
217,398
170,512
230,696
198,448
149,754
196,716
93,774
217,372
98,397
198,406
97,446
88,526
263,839
279,899
12377,195
217,540
212,844
199,431
193,699
202,494
279,530
212,675
198,518
269,772
276,608
11636,128
201,617
95,998
183,715
216,683
216,778
91,708
199,567
87,687
105,850
221,653
196,605
183,515
198,829
198,482
128,624
198,575
166,605
201,959
214,317
201,710
198,415
216,815
216,694
215,520
200,693
217,442
212,882
217,1115
198,551
215,714
200,708
216,629
212,1505
214,537
198,602
200,706
218,769
213,570
12091,158
196,624
214,710
88,565
161,466
12524,153
217,701
183,621
197,638
276,666
231,655
12184,111
214,975
198,488
210,832
215,566
247,706
193,472
216,502
129,937
202,453
199,588
198,792
11597,132
102,703
199,448
278,438
218,700
94,623
101,617
113,711
218,542
12644,245
281,547
135,571
147,419
265,577
93,359
181,747
112,613
217,754
199,492
168,875
209,723
93,467
221,346
214,626
201,568
197,854
209,477
216,618
197,630
214,749
165,415
217,431
151,525
214,836
222,865
217,563
214,636
122,343
213,485
212,414
214,656
97,860
164,574
101,653
196,583
217,636
199,783
216,502
213,491
196,490
281,698
217,515
235,624
12156,112
197,484
171,511
278,660
234,677
217,576
214,610
217,791
201,567
198,504
214,469
12364,166
184,704
201,751
184,628
197,361
243,643
217,626
198,452
214,354
274,387
197,572
213,799
90,566
216,1145
202,629
122,615
221,470
215,825
232,796
108,804
214,710
97,677
186,479
214,686
217,621
169,618
198,682
189,510
215,503
213,424
190,774
201,745
202,609
89,872
214,580
282,761
95,568
277,524
87,710
218,593
266,557
183,640
263,760
193,525
245,1028
230,760
198,618
282,638
119,712
200,445
9858,163
237,634
281,883
214,773
201,689
201,699
182,493
12285,175
181,592
213,587
214,903
12163,131
200,669
230,562
282,699
97,564
182,538
263,824
214,455
215,859
100,433
150,939
279,517
181,811
217,381
200,580
215,535
196,566
211,586
201,696
209,562
127,592
196,448
217,771
214,456
198,654
212,754
86,766
278,1074
198,426
201,779
280,751
214,459
249,676
198,813
193,360
210,405
134,734
216,692
104,475
217,711
218,705
199,777
12418,133
94,791
198,527
215,580
151,782
218,770
214,732
218,757
216,507
198,743
137,605
152,471
201,504
146,824
230,462
215,377
193,837
131,1101
175,501
217,609
198,886
201,616
215,645
129,504
214,584
134,613
93,733
198,466
197,958
219,523
148,720
164,979
178,662
212,469
169,409
201,373
222,497
197,504
197,789
206,517
200,485
217,872
129,725
12644,102
217,412
174,459
280,810
218,462
281,461
277,733
169,688
182,542
213,650
278,908
163,557
282,779
182,659
91,730
151,397
210,847
214,623
193,627
133,538
11642,150
201,504
217,682
214,717
213,714
197,426
222,774
182,469
201,570
11871,212
234,780
182,597
213,934
184,690
217,520
197,578
201,821
217,916
101,726
201,578
217,772
201,847
176,431
93,691
171,531
229,433
93,774
142,1044
183,685
185,699
217,497
169,655
197,705
11904,128
285,1385
182,438
193,476
198,432
282,624
217,691
201,692
197,486
215,536
214,492
276,553
285,1070
92,891
200,529
214,520
197,564
185,779
182,455
165,637
199,588
198,561
206,664
214,706
95,567
209,376
214,481
199,742
153,700
215,769
148,788
181,599
201,777
181,710
198,391
198,387
209,492
280,441
202,928
231,364
197,504
90,636
166,723
216,452
278,874
201,552
201,428
202,804
217,308
200,737
184,380
217,477
157,526
87,458
286,737
149,477
150,655
205,565
221,807
280,750
215,521
215,526
166,550
214,609
217,627
216,589
198,398
201,679
233,620
201,603
233,571
168,805
166,437
214,716
198,680
218,537
150,620
215,512
12028,139
213,569
183,738
233,612
210,594
214,515
281,917
217,739
209,661
217,527
179,383
198,526
189,530
246,531
142,677
144,703
149,479
234,576
278,442
110,685
121,452
213,717
281,582
212,560
218,455
213,490
11743,220
206,514
182,395
214,501
198,464
215,463
281,838
152,669
205,429
198,943
214,685
183,560
163,610
201,587
167,683
126,388
214,761
201,592
202,825
218,484
131,949
169,566
173,662
195,814
216,725
200,571
109,708
91,383
281,717
196,631
281,685
202,893
197,716
185,531
199,660
217,570
152,638
214,435
202,692
214,715
197,426
150,377
218,697
131,513
200,649
216,611
214,752
146,742
128,653
218,542
213,795
102,604
218,805
195,612
98,711
214,461
201,639
182,488
202,553
200,699
197,404
214,422
233,576
219,559
199,487
198,603
196,636
195,538
213,516
179,544
182,453
131,1012
202,445
11671,111
221,613
217,682
185,709
201,472
221,878
119,703
215,896
281,461
181,631
212,542
90,657
279,583
198,418
94,440
135,576
199,564
148,525
215,421
214,550
213,751
278,384
165,362
277,553
217,464
200,722
215,474
179,556
99,1054
182,776
185,837
222,439
166,707
213,765
201,442
182,413
225,588
217,960
221,661
197,644
12364,235
199,768
166,385
278,834
201,508
162,662
165,569
166,491
214,518
183,677
201,633
250,703
165,358
285,569
114,547
197,851
213,740
217,702
161,510
215,814
278,525
281,765
181,518
262,790
279,830
147,740
175,710
217,473
217,440
197,879
198,704
229,640
226,399
274,710
185,1225
198,739
213,521
229,455
170,571
213,776
209,432
209,549
218,553
280,800
214,402
225,665
198,745
196,475
198,524
171,642
277,487
198,573
179,907
94,678
11743,148
278,520
152,657
218,536
249,670
161,517
198,660
282,677
221,699
201,435
184,500
166,613
93,804
181,540
193,494
217,475
114,587
279,918
203,366
199,618
85,482
193,496
130,430
168,593
197,704
218,680
190,423
198,451
226,682
279,554
281,787
181,689
173,564
214,532
11815,126
162,556
143,448
213,494
183,496
231,374
253,771
166,510
205,663
97,596
221,562
183,418
278,565
200,593
201,831
217,465
194,660
200,410
12285,164
217,649
158,613
169,416
279,667
128,531
214,391
93,692
164,683
215,577
12163,132
217,389
196,533
213,831
169,438
188,400
209,569
280,478
12644,164
278,735
200,990
225,726
183,401
162,592
260,697
197,828
280,610
220,443
170,464
185,701
198,508
201,469
12364,127
209,779
197,461
213,633
197,739
261,584
199,938
11642,159
173,553
197,542
201,662
262,756
134,641
285,460
94,420
177,431
198,653
215,763
216,852
150,814
182,386
273,683
183,541
88,760
205,570
214,471
12448,135
101,764
217,661
134,434
217,789
205,808
198,643
200,676
279,745
128,650
96,564
279,595
214,484
214,604
213,706
181,723
165,663
197,388
171,510
135,620
214,532
197,591
199,567
217,583
277,619
186,689
276,600
201,438
197,748
279,679
97,781
198,434
130,457
246,569
91,525
161,466
88,1153
197,597
213,463
225,549
149,663
215,572
277,1041
100,867
213,472
134,883
182,801
181,464
92,455
94,636
102,840
212,604
196,413
144,615
166,754
195,431
231,583
166,494
221,683
199,434
180,667
278,491
149,935
197,544
221,504
274,734
213,406
199,465
163,792
221,687
214,556
221,379
279,585
213,449
183,643
173,584
148,371
186,565
214,724
11815,153
212,608
198,403
211,632
197,586
182,484
214,644
213,646
12285,164
178,570
186,783
216,538
215,635
168,667
171,479
182,507
202,609
221,669
217,404
182,506
105,691
93,635
170,405
100,1165
166,474
217,703
201,468
279,792
217,465
94,741
149,615
105,597
217,404
214,880
233,601
221,592
217,515
201,523
220,512
173,487
217,898
196,651
138,536
167,708
277,368
230,510
185,558
89,603
189,690
214,364
134,439
198,501
201,326
174,487
129,714
216,579
214,622
198,850
85,682
265,547
238,747
202,721
11871,127
221,548
198,767
217,518
198,588
217,470
186,614
214,630
216,511
221,535
199,689
185,650
86,662
199,651
213,349
221,684
205,432
88,868
197,527
116,768
165,759
218,508
198,661
181,573
180,546
186,766
12524,183
197,590
200,524
214,444
166,685
166,726
278,913
196,858
218,848
154,751
217,764
263,769
198,604
198,685
81,495
185,462
278,585
213,526
167,391
273,593
214,1162
211,493
219,815
193,612
261,807
278,473
198,817
198,422
198,639
197,560
214,696
217,603
214,612
12364,211
200,461
230,377
151,779
221,660
242,394
197,496
198,415
197,739
200,594
202,392
214,773
179,439
281,832
202,745
169,475
12091,110
195,460
279,800
218,483
209,870
213,753
199,641
135,608
219,765
266,1226
12448,204
212,550
199,390
221,851
276,506
10748,212
97,761
182,721
214,516
198,455
214,697
228,362
273,663
199,663
88,612
199,481
165,523
216,664
177,505
214,838
125,598
199,429
221,580
197,606
221,753
214,486
202,589
274,540
201,553
214,560
201,564
82,728
217,642
217,567
217,575
229,463
214,904
278,531
146,920
117,415
186,821
217,711
12285,137
218,657
197,654
198,546
218,435
198,529
186,432
95,676
214,794
266,811
95,641
11961,129
135,494
225,637
249,759
88,460
12571,135
123,405
281,457
198,418
206,618
197,572
198,399
213,752
193,542
199,495
201,521
201,430
173,686
93,229
198,547
140,562
214,665
218,604
202,837
113,864
200,508
165,606
199,717
181,479
12139,122
218,474
216,448
217,738
201,826
132,790
166,672
214,915
150,662
199,473
182,455
213,519
282,779
200,428
218,497
169,768
217,725
183,480
221,453
166,403
165,630
201,658
166,756
213,544
216,439
202,533
195,821
231,745
214,641
214,521
127,550
189,573
233,709
198,864
273,539
143,701
89,450
278,696
198,535
201,490
213,434
198,612
150,647
182,538
214,454
201,797
219,638
151,594
214,728
214,402
198,487
125,580
213,696
281,493
164,648
219,544
201,689
166,453
218,703
180,929
181,742
206,535
180,753
212,503
157,828
205,572
278,756
225,534
89,688
249,412
151,623
151,447
278,1233
215,470
197,393
166,693
101,412
197,656
197,575
217,435
97,259
221,593
173,616
199,465
181,511
184,398
281,547
274,808
166,617
219,973
230,664
89,707
165,669
94,845
181,483
218,683
200,422
167,774
213,655
181,778
199,623
198,593
199,539
199,697
167,635
171,823
205,387
197,566
169,419
86,495
212,426
212,597
200,559
199,761
206,555
199,598
111,806
197,819
167,666
205,521
280,585
193,566
278,758
205,592
185,480
213,540
168,447
85,860
230,852
12535,165
209,714
213,565
214,727
218,633
217,432
169,527
215,1024
168,745
217,513
166,884
166,604
218,709
122,359
149,410
87,837
217,895
161,593
166,843
216,447
211,471
198,406
198,573
197,967
219,628
218,721
213,821
217,675
150,555
87,626
217,830
205,442
199,529
279,684
276,519
286,487
133,640
214,511
233,642
218,799
195,706
161,527
93,803
102,587
209,496
129,563
199,606
106,719
225,583
200,829
197,665
278,798
205,549
213,545
213,837
182,499
214,531
218,624
215,856
170,414
182,393
198,1259
213,714
183,473
12418,114
216,904
181,686
213,880
136,796
217,496
215,749
197,450
214,660
201,600
219,674
167,541
182,502
228,887
197,471
222,645
214,778
217,438
280,478
85,872
201,706
12129,132
12364,159
222,359
163,759
12085,130
230,802
202,1019
218,613
281,599
249,640
215,582
277,487
200,480
216,677
278,451
217,448
215,521
182,783
278,753
197,487
230,673
198,789
133,691
201,584
273,588
193,401
133,717
214,466
279,372
200,661
266,752
261,641
216,865
197,656
183,474
209,756
198,662
212,433
243,577
198,413
279,453
168,775
87,659
182,468
89,983
225,765
218,707
225,532
182,623
213,635
233,797
212,402
199,488
215,446
183,691
197,590
186,505
94,556
196,804
118,766
12524,93
216,683
205,458
181,602
213,768
170,395
148,754
213,569
214,553
214,607
199,524
199,468
230,423
214,644
213,856
237,639
166,492
166,487
261,537
167,433
280,853
201,787
216,476
205,803
107,628
197,668
276,714
279,708
282,642
169,642
229,446
221,832
182,873
195,430
200,526
91,257
278,727
168,889
193,678
197,755
114,434
217,541
231,699
213,509
90,356
166,729
205,573
196,452
178,764
279,754
143,559
114,581
198,676
197,714
165,385
210,617
197,635
183,634
85,846
167,498
200,664
214,526
218,555
213,764
265,474
12553,160
214,544
216,373
101,506
198,399
219,726
198,581
279,372
85,382
181,689
200,626
134,851
216,562
199,395
202,547
222,411
95,436
222,718
222,640
201,683
199,473
201,424
190,401
233,744
213,782
217,689
200,600
199,727
212,425
215,413
220,549
186,697
142,433
96,362
210,336
137,754
228,801
218,581
198,443
172,529
12644,133
212,658
199,718
202,586
216,748
215,771
100,842
198,410
196,688
262,724
201,414
218,813
231,683
201,430
105,393
218,785
173,929
199,680
97,749
199,630
91,672
198,454
279,543
201,752
91,509
249,698
182,544
104,670
221,623
198,872
217,649
90,734
201,456
189,503
217,601
91,569
194,412
217,950
169,418
182,393
134,922
214,411
198,642
278,879
199,613
197,543
214,525
143,482
202,811
219,827
173,649
246,868
131,528
121,433
245,791
214,620
217,610
213,631
205,880
183,614
217,877
217,754
183,660
99,713
198,631
218,503
221,645
215,426
214,608
198,581
201,485
183,479
200,648
199,488
182,426
198,637
214,626
213,726
216,388
171,556
278,797
200,497
280,875
189,623
216,547
230,571
166,700
100,590
278,427
197,558
135,609
213,580
222,718
196,709
106,879
145,419
195,500
221,614
217,569
94,658
213,736
176,689
200,766
151,782
214,511
198,742
197,483
164,344
146,393
259,424
167,427
86,375
182,394
137,479
91,433
277,753
185,695
200,438
119,520
266,806
178,542
206,643
198,815
246,664
197,533
216,439
198,759
219,445
217,1095
216,449
218,1050
95,804
198,488
201,616
217,474
278,648
266,355
210,716
86,672
281,591
136,453
238,511
278,749
218,428
114,543
213,391
149,753
161,424
216,497
185,523
217,687
166,666
199,469
221,645
237,630
201,685
273,581
163,642
286,933
199,658
215,437
168,499
199,414
217,798
215,663
200,919
177,736
277,863
12364,129
185,426
185,536
117,724
221,688
273,787
219,562
221,860
277,553
166,719
162,726
221,588
167,602
210,908
279,640
278,688
213,565
217,613
215,604
173,763
200,489
214,873
165,808
262,765
89,293
133,494
213,885
96,587
201,592
215,491
201,379
281,506
233,566
213,531
149,706
218,429
99,1016
214,1107
185,657
214,788
214,455
166,673
164,590
193,552
221,637
198,572
214,705
182,415
186,540
196,432
202,547
279,705
190,423
198,455
103,646
215,392
282,681
199,601
232,545
209,628
199,618
117,897
202,611
278,443
154,748
281,539
214,408
184,457
218,805
217,570
12472,122
215,561
221,730
246,437
216,651
280,536
196,432
213,478
211,726
113,621
214,441
9859,197
215,627
199,438
179,435
180,706
212,729
213,579
199,470
218,546
186,501
226,913
202,458
214,432
217,426
212,541
182,414
246,576
166,464
215,383
215,455
130,501
209,735
182,1090
216,561
12364,131
230,552
274,797
105,330
197,388
114,515
221,589
102,375
174,876
118,553
200,981
277,516
214,585
197,560
201,441
197,733
199,729
277,849
186,507
215,435
166,498
205,640
182,392
285,581
278,696
277,526
278,897
171,513
195,720
183,944
145,782
12644,137
278,705
220,822
149,418
281,691
170,576
218,765
198,911
182,770
214,603
201,819
193,701
199,857
165,701
260,681
222,625
229,1059
167,686
277,486
195,536
217,515
217,572
198,544
89,653
92,537
200,602
197,567
198,627
199,591
215,714
222,561
173,495
182,516
197,701
182,406
218,548
182,601
161,466
201,696
218,523
165,699
92,788
218,500
218,364
169,552
198,745
169,530
12655,145
213,486
213,771
122,629
197,528
213,413
221,600
197,413
214,407
181,667
263,488
218,777
208,686
214,524
196,605
197,678
198,793
211,707
198,691
210,613
186,694
97,599
245,791
214,416
94,684
201,591
167,774
198,545
277,676
185,499
213,476
215,456
214,491
196,493
198,463
209,582
215,409
161,600
11871,140
276,579
214,404
90,643
169,484
193,1019
197,485
199,733
91,723
214,837
230,899
209,472
189,517
198,614
221,683
196,581
215,418
282,575
199,759
198,529
12499,182
198,501
182,515
212,666
206,540
217,664
201,474
12278,124
216,388
215,744
202,567
176,711
214,465
214,501
214,532
100,376
210,716
217,537
209,618
93,635
98,700
199,615
244,683
231,429
152,566
201,392
181,727
87,745
199,468
198,636
134,562
167,480
217,753
194,777
130,654
215,588
213,578
198,487
279,813
201,729
12304,144
12154,196
183,500
217,630
201,718
196,563
98,552
213,783
167,524
141,589
214,795
217,822
153,791
92,714
198,585
278,460
222,601
216,705
182,779
200,530
199,507
198,563
215,634
221,375
201,774
166,445
281,851
193,502
12085,228
103,619
260,1091
233,929
216,733
217,563
164,641
198,640
210,405
214,730
201,745
199,416
201,760
278,710
95,575
217,785
218,527
201,517
277,769
185,584
209,558
229,465
96,474
163,647
232,565
198,551
94,602
134,661
213,957
198,552
214,572
190,549
102,760
134,632
165,569
198,462
121,548
201,483
186,448
214,590
217,1035
95,483
195,699
91,669
166,821
279,806
217,825
121,911
213,405
215,719
227,699
183,400
280,938
216,364
228,444
212,591
198,537
233,747
230,808
142,535
215,925
279,544
278,740
200,566
101,398
199,567
214,864
213,591
198,547
201,683
278,600
185,531
109,508
214,677
171,550
213,666
214,873
185,930
198,728
82,958
214,408
97,646
201,562
198,429
247,839
175,472
97,646
12407,141
200,656
215,516
181,447
213,715
201,374
197,506
166,770
182,495
103,700
277,668
93,697
169,557
197,878
212,682
229,404
219,710
229,666
182,415
212,708
215,723
209,436
197,507
98,931
198,770
215,700
197,529
213,592
166,634
199,388
215,460
215,621
147,652
217,469
278,621
200,683
228,658
167,930
277,456
198,526
278,544
133,422
166,756
205,674
198,767
164,403
269,476
193,603
197,403
212,773
93,436
216,509
277,683
170,696
198,519
169,657
135,422
156,659
198,387
193,678
197,449
215,490
177,817
162,574
12418,119
198,603
218,607
91,497
138,581
199,489
198,760
214,456
217,319
217,751
278,611
217,506
185,548
206,666
218,639
90,644
194,658
101,618
217,671
217,442
213,588
197,636
262,756
217,426
215,471
179,501
166,575
217,842
246,583
231,1725
88,401
198,469
95,677
199,848
215,655
154,716
201,698
117,1018
193,469
95,592
199,678
205,744
209,618
132,575
209,497
184,663
167,462
177,642
199,675
209,705
231,577
280,374
279,609
227,489
101,564
183,607
94,712
214,849
218,676
102,649
12211,159
201,677
201,760
205,427
200,491
281,430
214,523
180,618
175,732
213,520
181,653
198,664
215,656
12154,153
216,461
93,756
102,1114
201,479
209,1273
199,647
218,605
213,457
221,506
216,733
209,515
194,455
202,619
229,743
199,675
214,614
164,703
196,629
213,616
134,436
169,548
279,798
133,633
199,411
151,389
193,606
85,768
209,433
12364,127
122,567
137,363
263,730
157,653
170,409
215,659
12245,131
119,560
214,646
123,680
217,447
185,429
103,700
161,600
105,691
247,425
199,703
161,470
214,633
126,568
229,725
216,712
217,495
200,701
213,762
166,521
122,629
180,993
182,431
221,588
165,720
278,640
216,572
214,719
214,703
281,768
217,463
91,792
95,474
213,663
221,379
152,468
276,490
128,802
216,684
169,530
198,747
87,638
215,407
215,802
130,554
95,615
183,607
198,637
197,833
87,864
269,571
176,632
185,469
218,728
166,741
215,521
179,518
218,786
84,810
173,714
166,616
197,584
215,409
12285,127
95,756
219,481
198,466
201,584
201,787
219,786
198,893
90,512
100,739
151,403
165,692
214,520
200,668
199,529
214,613
214,622
200,435
213,882
198,650
166,925
109,900
100,421
189,688
201,997
216,674
169,539
212,511
100,680
116,634
171,527
198,762
206,280
214,512
214,455
164,546
201,569
219,778
205,634
165,705
220,737
279,517
218,739
209,570
182,690
205,684
210,392
172,497
213,449
97,532
279,433
214,549
170,481
131,710
187,766
202,383
91,468
205,678
180,768
168,833
197,535
273,527
166,767
98,551
211,664
211,440
186,608
277,615
229,714
168,657
166,671
12525,131
200,743
196,988
121,776
214,634
277,405
197,430
276,373
103,636
167,410
221,1031
169,442
131,521
201,472
193,524
201,727
105,651
99,500
109,525
94,766
219,510
197,658
163,394
209,639
198,651
212,549
217,647
196,478
231,951
143,679
195,532
218,624
201,575
278,550
199,535
217,405
180,708
262,643
96,822
274,648
166,501
121,763
151,370
214,715
218,709
214,660
217,806
169,576
210,609
172,650
198,332
198,728
215,379
212,924
184,433
278,467
213,601
230,405
165,523
282,585
170,652
100,730
201,415
214,550
214,686
201,928
98,566
196,521
168,594
171,689
200,378
199,488
152,597
286,457
245,451
183,617
189,1319
213,779
198,585
198,423
182,455
217,566
229,783
182,579
94,446
265,388
201,747
216,660
229,706
277,671
249,426
213,664
218,492
97,758
122,957
182,623
182,501
202,384
161,570
158,451
154,794
214,920
213,668
198,449
200,818
230,655
166,541
198,399
92,489
214,763
230,435
209,917
92,488
150,690
200,435
169,662
199,844
199,687
186,885
218,564
165,629
229,600
93,734
173,469
282,596
196,436
201,813
201,447
138,581
90,335
90,647
199,441
196,652
198,575
165,502
12524,114
219,769
218,511
134,806
102,649
89,679
279,481
197,492
233,475
197,628
177,594
94,593
172,577
209,706
84,527
171,815
153,703
198,575
149,787
234,520
209,757
165,418
205,625
221,666
213,694
12132,132
134,505
212,415
199,390
182,746
214,682
94,503
198,593
227,712
281,548
131,528
200,410
101,618
214,699
213,610
93,544
215,644
117,403
167,470
12524,123
218,637
217,544
12285,145
218,355
201,874
199,521
198,601
12472,132
278,630
165,452
181,562
247,674
202,546
108,728
199,573
166,665
216,698
216,583
217,579
217,656
212,602
230,900
175,792
158,453
180,682
279,744
215,390
178,561
92,443
182,424
216,748
216,581
217,580
217,610
166,573
199,755
198,671
198,409
209,631
222,573
201,665
209,518
166,532
281,632
94,467
210,464
200,1100
11869,122
217,544
225,503
12364,162
94,701
85,443
218,441
230,556
93,643
282,531
217,842
197,558
217,733
221,718
280,578
221,678
181,607
12407,125
166,690
91,736
217,695
198,678
217,632
197,565
198,729
165,673
281,631
182,637
222,893
221,437
217,537
279,945
213,567
182,701
199,639
199,604
150,630
221,676
122,681
214,373
217,702
212,527
265,1081
12132,118
214,1137
197,684
199,536
198,623
170,774
193,620
246,591
221,443
91,709
199,689
278,623
170,539
218,559
167,366
181,826
99,725
214,601
89,810
195,517
113,540
278,835
132,619
217,398
181,701
180,777
201,494
217,450
186,479
246,753
214,521
11926,218
167,638
280,755
201,899
214,596
286,668
9858,193
196,533
197,645
193,936
215,618
193,679
102,826
215,455
198,1024
201,669
121,696
219,866
214,712
135,753
281,647
216,772
185,469
213,500
97,626
222,1240
198,503
117,685
184,549
101,653
215,543
149,365
199,480
197,620
245,584
201,683
199,734
163,647
274,1136
181,648
97,756
282,571
198,712
215,528
153,495
229,553
181,1150
136,629
281,639
166,393
202,622
119,494
276,711
196,691
209,477
185,457
249,582
197,629
12211,155
281,791
266,355
222,964
217,605
201,489
219,348
212,680
213,704
118,913
99,529
91,778
217,625
197,521
217,495
185,558
214,766
198,448
220,694
184,544
282,674
278,598
95,380
213,586
210,554
182,651
197,701
215,630
93,539
202,687
231,628
216,505
198,592
278,461
106,539
202,632
197,415
134,663
217,397
149,799
217,727
196,458
213,500
121,802
225,651
217,443
214,483
98,709
93,764
104,300
215,401
88,651
229,676
212,675
149,740
165,477
169,732
213,685
215,560
93,461
195,756
202,753
198,482
278,368
194,664
221,632
201,479
134,695
198,664
281,515
199,732
222,817
98,484
226,653
219,658
220,872
213,653
166,574
11871,144
106,435
197,529
221,406
215,409
212,728
277,623
198,499
201,605
198,543
218,494
102,568
93,866
86,704
196,454
213,599
263,730
214,507
97,611
219,644
230,642
169,557
197,810
201,416
154,575
194,455
217,495
200,378
12283,140
183,628
214,637
167,552
154,533
199,774
150,654
201,615
198,410
214,441
181,475
279,866
281,418
222,549
214,655
214,624
213,531
94,746
280,598
196,518
275,1039
167,610
199,524
230,531
212,809
246,656
213,467
265,660
150,675
165,452
211,778
215,459
90,544
274,390
200,723
217,502
230,678
279,684
104,785
193,844
216,402
168,589
285,661
214,501
222,465
182,699
205,1034
220,605
90,495
197,604
150,552
117,533
229,666
214,594
229,524
121,608
217,474
270,775
166,394
246,868
165,785
135,576
201,833
217,759
148,415
173,577
245,743
217,791
201,576
216,650
216,681
198,640
182,495
138,551
217,714
269,441
183,828
217,466
92,714
215,638
201,629
232,516
94,440
215,592
233,672
186,481
202,695
97,677
279,490
169,711
107,616
11743,126
219,526
278,740
169,487
133,611
213,779
210,641
234,564
198,733
217,683
198,820
201,581
199,650
12285,145
12364,177
238,625
214,480
218,485
230,727
200,727
219,553
205,475
198,796
202,588
198,563
219,718
201,535
102,647
188,575
285,545
198,913
197,589
185,500
183,567
221,712
198,439
198,511
197,531
198,393
217,421
214,670
202,580
233,716
232,964
225,636
263,488
274,694
199,474
215,653
213,647
218,435
184,692
215,707
12644,152
167,538
282,1065
216,896
281,574
281,708
199,703
217,646
231,528
229,367
150,749
93,829
118,729
262,477
217,657
276,892
273,645
171,545
221,544
169,805
215,606
217,421
87,624
277,857
88,626
209,463
135,753
195,524
193,379
178,639
193,429
177,405
249,515
134,584
214,606
280,456
91,665
92,605
130,600
273,721
199,710
199,588
148,592
192,700
178,662
179,477
170,583
198,736
153,949
12472,122
87,831
148,417
211,429
132,622
165,708
198,400
219,843
177,469
166,541
12407,128
200,566
190,719
199,518
275,476
226,849
185,646
195,488
169,642
197,564
11743,122
213,555
218,682
94,611
94,437
197,610
198,781
91,525
216,624
12015,186
226,737
92,588
87,594
212,704
12407,133
198,371
101,594
173,533
86,841
121,755
199,682
214,671
212,644
214,674
168,476
202,520
199,455
214,657
166,756
214,439
196,490
202,935
247,706
182,417
214,795
246,546
198,803
141,768
94,779
217,612
178,747
171,460
222,660
167,858
182,542
135,606
265,781
209,636
193,608
105,581
118,427
181,422
262,796
183,550
182,406
133,667
198,618
189,569
219,698
148,393
96,577
201,613
11642,150
102,740
194,639
221,419
190,707
198,450
199,421
198,829
225,623
170,542
99,587
221,724
197,815
218,439
102,1017
135,513
221,847
280,526
12184,98
214,626
213,850
214,677
198,680
198,716
201,405
198,500
231,825
228,513
197,570
221,790
193,1070
151,638
177,591
197,618
213,932
275,685
278,487
132,721
198,575
196,697
199,592
197,505
197,441
11871,100
221,716
169,493
199,734
94,784
193,731
181,474
164,653
198,628
217,503
214,524
12184,127
218,880
199,551
198,841
218,637
196,727
215,852
278,891
215,524
149,526
215,517
169,764
185,717
198,699
181,686
214,569
166,570
193,740
199,482
205,467
161,588
214,1224
276,573
90,684
198,432
103,504
122,515
214,654
193,646
202,718
229,676
165,699
220,467
210,493
126,905
201,746
91,636
216,718
12139,160
278,780
222,831
176,713
199,413
198,638
215,627
174,609
93,531
172,527
153,861
120,911
201,663
216,498
198,601
201,616
201,516
201,893
215,1012
277,531
199,679
92,555
216,492
218,510
231,360
165,409
99,744
133,594
221,776
248,612
129,584
200,458
185,668
221,678
213,460
205,565
96,820
214,585
130,737
205,480
217,661
197,539
201,865
217,915
276,488
105,468
12154,206
280,603
165,415
134,725
199,521
122,833
218,752
120,695
213,730
199,407
163,947
102,699
213,468
280,540
280,592
201,439
217,607
211,411
214,615
230,451
198,319
169,492
164,545
130,751
221,818
278,594
216,471
198,464
167,706
196,478
213,488
92,605
199,746
198,446
216,465
217,672
213,537
211,469
231,457
89,1148
199,409
197,431
275,611
201,810
234,520
218,535
221,663
185,823
197,653
141,486
175,725
197,648
182,961
94,485
206,552
214,437
231,701
281,818
205,395
213,756
85,502
182,599
98,800
262,926
166,457
198,665
213,677
217,662
229,537
88,499
281,1452
216,664
205,708
199,568
213,390
166,657
170,622
202,463
185,414
92,469
198,840
12091,141
182,834
214,618
185,480
104,463
277,455
198,636
213,791
135,849
97,756
185,417
215,638
129,551
193,685
94,527
200,598
214,844
130,541
198,652
217,416
277,582
106,541
214,750
164,570
201,616
97,649
218,615
184,382
211,635
150,811
217,421
180,522
213,679
185,713
196,469
229,928
193,582
212,595
213,604
132,658
205,421
279,503
197,594
201,763
149,615
11743,145
215,662
218,691
131,719
193,683
181,800
12279,159
217,715
135,631
12524,154
201,477
199,561
174,430
278,540
229,594
215,476
89,1003
198,785
198,638
177,431
169,668
215,676
199,770
216,544
200,603
214,500
229,1211
215,405
218,434
198,510
217,629
216,470
173,743
233,590
215,566
149,641
216,457
151,489
198,528
166,482
201,859
98,384
278,851
201,586
273,644
168,674
161,493
215,612
149,590
197,645
221,1008
149,575
92,223
216,546
151,489
87,649
87,659
202,609
12644,134
141,432
198,707
87,540
181,509
217,575
217,674
219,698
210,611
215,715
221,749
215,403
281,629
182,518
247,798
198,686
213,481
200,448
209,425
232,695
158,442
218,590
198,796
182,587
110,497
193,502
230,573
12085,146
218,648
214,486
194,822
199,522
201,541
221,544
143,599
277,396
209,534
167,689
218,626
12184,111
199,580
97,578
212,707
213,582
174,453
265,768
202,441
199,611
113,437
94,485
182,623
230,485
214,559
199,684
197,453
98,723
170,684
242,380
231,518
165,591
183,407
277,526
214,844
218,368
11743,131
198,402
218,485
269,554
199,577
212,796
201,503
184,653
165,609
214,459
221,618
277,479
216,922
95,907
210,566
166,638
12139,154
94,522
278,640
181,865
278,834
126,403
277,1095
213,769
218,631
166,695
234,823
202,783
213,627
213,571
182,578
278,582
163,481
209,775
201,624
215,592
197,643
185,498
195,483
199,554
93,557
210,483
205,421
183,543
198,660
169,472
205,464
131,438
106,532
279,692
167,584
181,451
105,850
201,652
130,643
197,685
217,460
166,469
181,660
205,649
231,457
201,534
202,604
200,737
183,685
214,576
201,642
217,555
215,606
198,612
282,765
215,593
179,718
11926,158
277,775
214,395
198,494
201,441
279,679
183,431
198,653
266,697
198,663
95,349
279,716
221,794
230,1203
167,605
217,751
105,779
186,735
197,611
177,559
229,618
197,569
163,752
211,441
220,588
98,484
87,697
215,783
214,687
214,643
167,645
276,635
102,566
214,617
274,600
217,636
215,704
202,877
170,706
215,517
201,610
148,705
220,547
168,501
215,616
217,476
169,505
201,666
199,489
164,537
214,445
205,556
101,697
221,759
215,677
199,866
215,483
197,565
190,477
88,697
149,601
213,554
285,888
201,536
94,561
218,548
278,438
231,690
121,445
278,735
209,817
277,652
151,542
213,717
213,613
222,623
12015,99
151,1114
182,559
215,609
181,448
201,686
280,569
199,779
182,639
215,452
129,435
217,484
196,409
97,449
201,669
217,618
214,776
199,465
209,494
185,467
202,758
97,738
209,886
278,453
233,736
129,539
199,888
221,707
214,551
128,395
253,771
221,418
213,421
221,599
118,598
198,530
199,426
232,725
214,313
11743,142
162,811
12245,132
214,498
201,798
92,623
196,764
250,613
198,408
182,799
196,543
167,469
201,711
113,412
151,724
134,579
86,454
199,451
216,716
158,627
200,462
216,446
101,564
149,734
182,475
216,625
201,501
197,514
232,761
195,612
216,468
198,538
165,515
214,672
277,537
277,676
277,683
200,476
228,1374
170,517
149,467
12644,131
215,711
218,808
152,407
218,609
198,439
177,566
172,734
166,339
172,606
93,744
217,557
149,439
198,479
231,625
206,519
12049,239
99,1015
196,600
12279,130
214,594
213,553
198,757
281,485
233,704
95,413
87,570
218,686
165,649
277,523
215,746
200,483
180,654
214,734
135,901
278,634
153,660
183,629
202,700
149,461
194,507
285,712
184,783
182,617
94,556
102,401
214,377
181,636
222,608
279,695
11636,169
217,581
182,623
201,592
182,542
213,661
229,712
219,789
205,996
276,583
279,696
214,400
176,580
196,407
185,427
213,634
197,628
200,407
164,657
197,630
217,632
218,917
200,403
198,510
198,476
112,606
201,763
99,460
94,695
197,571
214,631
193,430
97,684
217,321
217,528
205,726
92,551
221,419
279,628
197,596
214,434
187,766
197,384
197,845
199,490
213,612
199,765
12377,129
217,724
213,480
202,433
213,736
165,632
218,605
217,786
218,577
89,560
214,566
103,727
201,445
117,724
199,719
180,540
214,343
261,604
194,639
12644,134
215,520
145,438
169,597
154,674
198,613
199,556
154,666
197,654
12472,144
201,645
193,539
12418,177
199,526
170,433
12448,151
217,635
93,808
215,584
93,425
169,475
277,465
214,663
281,637
276,606
210,400
209,520
196,458
217,421
198,590
197,618
89,504
180,670
221,570
102,628
88,1014
221,663
215,609
218,716
12016,253
246,764
86,406
225,623
106,646
197,691
213,852
11904,223
149,663
213,416
151,420
194,584
277,712
169,514
230,607
12472,189
183,543
213,726
220,615
114,525
218,597
117,476
165,534
260,716
12377,107
201,453
285,546
181,727
279,509
233,440
95,733
205,557
94,831
276,583
221,594
217,547
153,587
169,641
229,661
128,664
168,642
215,463
118,526
215,583
198,405
98,814
277,730
146,458
11671,161
94,446
214,421
196,846
93,622
166,601
198,720
281,697
196,418
201,508
109,580
181,406
218,456
279,590
92,714
202,495
215,683
201,427
281,558
206,815
199,564
285,771
197,603
216,732
130,393
129,462
229,453
217,583
148,597
214,448
199,601
149,707
280,670
12524,150
97,868
209,1220
280,397
217,666
198,911
209,673
185,595
277,782
262,904
198,547
209,721
200,672
215,538
214,491
219,724
216,622
215,709
182,610
169,700
215,563
202,576
209,876
100,763
214,707
114,729
153,705
156,505
213,510
181,455
11815,156
213,631
11815,148
170,468
218,1025
217,367
214,550
279,599
212,643
167,658
217,592
177,480
215,866
183,724
201,733
93,566
213,602
242,539
99,327
182,710
173,465
185,493
205,525
213,447
147,652
175,602
277,848
242,483
133,536
167,371
147,599
230,658
221,720
12364,194
85,704
83,577
130,404
166,480
213,435
253,772
169,448
181,579
179,729
198,706
89,810
199,623
201,727
206,510
281,550
197,492
198,583
275,546
280,616
245,826
198,427
215,1349
286,719
194,576
11904,108
200,441
149,754
277,764
217,475
214,476
228,424
201,899
214,403
182,568
212,532
168,480
179,570
183,449
209,676
214,727
237,720
10748,100
202,415
120,1105
199,585
193,538
182,466
11671,152
214,631
201,628
175,460
217,776
276,627
215,709
92,727
214,376
182,407
199,705
171,598
175,521
206,643
166,627
214,512
102,633
279,702
199,554
201,542
120,730
182,593
213,672
217,675
197,413
169,375
168,492
98,1373
201,660
180,596
214,439
166,671
221,465
213,569
214,524
214,477
177,574
197,422
130,573
101,982
263,2586
215,632
12284,128
197,441
165,633
194,615
229,537
193,965
218,626
185,595
198,616
198,500
94,755
185,429
249,412
111,628
201,490
216,670
197,686
216,822
201,616
168,480
12524,143
214,601
198,815
151,638
201,747
228,650
201,787
196,836
218,364
216,404
198,744
101,369
12418,240
213,727
166,740
174,462
88,401
197,932
217,642
91,683
199,413
197,642
12524,153
214,659
280,714
184,585
182,532
282,405
106,869
219,514
213,718
110,613
198,527
197,458
215,628
276,877
182,672
230,1101
167,508
215,476
215,683
213,528
275,716
102,617
183,460
213,937
278,576
202,650
214,795
199,483
153,441
215,842
165,404
197,656
151,485
277,757
196,660
92,354
278,611
198,714
212,674
9859,201
166,599
217,369
199,641
202,877
280,603
166,747
166,422
162,661
180,987
216,2164
213,524
264,496
212,965
205,475
99,833
199,392
200,528
199,678
95,638
184,395
197,424
214,657
164,630
92,439
172,418
215,383
215,599
198,618
181,532
92,690
11926,169
142,604
182,405
189,810
278,752
217,569
202,383
150,377
212,793
201,546
169,651
138,619
215,905
215,512
118,329
182,665
230,746
215,701
278,620
216,670
214,673
206,643
145,439
199,640
214,568
169,694
99,543
195,483
85,833
149,820
214,802
182,508
199,689
161,527
197,684
217,656
166,802
197,693
103,912
221,615
215,681
213,553
278,803
171,590
214,753
230,761
278,702
199,448
200,560
151,632
217,493
215,726
215,655
212,547
102,507
90,630
213,453
213,449
95,609
213,673
217,831
201,720
233,514
198,640
87,718
12655,139
245,446
90,457
229,600
202,571
212,397
217,1129
152,599
125,807
198,674
170,501
169,689
134,472
215,570
213,347
214,715
193,692
212,703
211,569
198,424
183,736
152,736
214,457
198,557
230,775
228,598
249,467
88,627
282,635
213,541
230,655
200,610
165,759
103,1289
213,403
213,919
85,749
214,705
151,870
214,440
118,717
198,864
123,692
222,463
197,764
87,593
200,464
205,635
276,615
214,622
198,603
219,795
165,797
198,468
91,684
11642,230
214,768
182,537
216,756
199,820
279,825
230,802
107,528
200,376
218,816
166,476
174,550
198,916
217,650
169,453
212,1416
164,428
113,930
213,413
215,789
153,441
213,388
197,952
198,742
12091,183
87,780
278,659
151,412
247,688
197,839
279,791
197,574
277,602
232,712
273,749
217,602
214,430
183,616
194,378
197,529
206,427
285,754
182,453
201,592
196,418
93,654
199,412
196,649
199,582
231,433
278,495
213,754
166,419
219,562
199,487
215,497
277,691
266,1284
194,448
193,800
269,603
276,658
166,422
216,619
185,481
213,708
198,452
196,455
186,664
201,577
214,441
85,714
95,708
93,860
11871,129
201,428
174,381
226,606
182,759
86,1151
275,780
12644,130
217,828
156,655
197,702
165,491
222,865
166,498
166,526
213,721
197,393
246,578
84,668
174,631
113,615
229,604
152,494
92,861
104,823
280,661
181,463
169,774
198,589
244,525
133,610
166,590
230,488
217,448
198,555
153,995
214,520
214,539
101,584
95,640
225,734
201,529
163,576
145,908
104,487
285,759
216,942
277,669
212,959
104,546
96,427
193,731
183,777
212,393
280,622
12132,113
214,636
93,425
214,509
205,647
217,607
198,381
214,499
230,484
181,418
12364,148
217,473
199,575
199,478
198,790
197,603
215,810
97,1183
145,884
281,568
166,594
197,829
200,668
199,772
198,677
161,595
186,858
202,490
198,516
206,547
116,812
197,661
166,584
89,733
279,515
201,430
201,810
12184,122
249,477
209,575
184,638
185,549
273,513
183,478
231,506
213,510
180,502
280,603
285,495
102,1000
216,624
222,455
199,398
281,296
216,794
197,558
168,590
153,765
217,780
166,749
169,704
12085,113
197,621
197,851
198,521
215,490
167,628
101,587
212,468
86,1131
176,683
86,443
215,705
217,796
281,422
214,581
198,405
199,601
199,713
262,790
216,543
121,627
221,564
149,399
279,585
198,507
198,678
230,618
213,710
12407,154
213,679
98,711
200,669
217,688
108,684
222,618
89,363
206,455
222,790
179,555
216,600
85,1399
181,523
229,582
155,548
198,744
185,496
199,549
177,658
198,916
214,578
213,790
180,713
218,789
97,514
201,630
231,1725
193,502
12049,135
278,511
198,520
214,476
280,599
198,862
247,753
278,483
174,646
169,672
279,688
94,723
182,598
154,818
169,1098
198,453
206,402
260,567
146,686
197,617
173,640
231,1147
200,410
181,848
221,589
218,500
195,502
89,686
233,682
215,439
229,630
169,487
12407,154
197,602
220,538
103,917
189,735
217,535
213,978
121,888
199,476
199,636
165,630
165,580
144,511
198,563
169,737
276,569
214,639
213,653
11904,151
143,670
199,476
199,489
200,526
215,509
277,447
201,558
209,835
95,532
166,428
217,670
214,611
199,572
214,705
95,743
215,666
186,606
213,403
134,522
165,437
215,466
217,368
278,498
109,909
197,598
280,649
213,431
217,621
12184,218
277,630
215,628
165,862
282,348
196,554
216,647
201,570
202,385
197,591
116,973
213,711
168,468
177,479
199,495
213,540
218,511
213,488
199,713
277,456
99,454
205,509
157,894
196,676
150,651
231,476
214,1104
193,505
166,752
213,429
94,656
215,443
231,711
183,595
246,721
105,677
197,502
282,499
241,432
198,445
221,453
102,501
185,513
205,679
201,564
183,602
198,759
273,462
208,686
166,800
214,549
214,395
158,705
217,596
198,373
195,382
214,521
174,858
87,704
180,474
279,368
199,655
281,430
213,776
196,581
121,838
231,567
11671,152
196,411
200,543
95,624
217,689
12279,151
218,527
199,411
221,717
221,686
12016,119
217,728
209,887
182,491
229,522
198,381
218,584
277,1299
161,621
233,631
217,360
213,444
198,514
169,704
168,480
183,821
218,653
198,751
153,800
213,860
202,667
153,831
117,565
94,696
214,585
215,489
170,469
197,642
246,753
217,856
217,806
185,569
198,491
201,743
161,494
93,500
279,725
106,388
279,673
197,602
277,745
162,591
199,781
97,501
280,624
216,387
212,717
155,548
150,412
214,436
218,817
218,565
201,639
278,888
201,624
237,399
200,476
225,479
184,638
120,449
116,751
167,866
217,660
202,501
167,706
198,826
197,594
198,461
201,367
165,812
169,754
183,728
12571,135
218,690
121,345
214,601
12015,197
150,544
128,569
213,793
217,439
133,660
219,533
166,452
217,511
12139,144
103,541
218,819
181,527
182,383
210,908
221,575
200,501
216,762
182,619
230,465
103,619
193,692
215,715
96,793
186,501
275,543
186,549
183,446
197,747
151,784
92,559
280,673
198,352
169,484
231,496
197,667
214,404
218,542
197,649
116,723
117,547
216,665
245,731
278,538
197,633
182,697
170,396
213,391
199,660
120,911
198,518
197,871
196,832
95,794
164,735
185,394
209,732
212,492
182,626
199,578
111,1034
197,722
95,689
182,669
269,547
177,528
198,667
205,506
262,640
169,716
147,706
213,453
160,571
213,504
201,736
281,352
199,548
213,593
195,722
177,483
217,460
285,673
84,572
279,752
198,575
178,382
169,437
185,581
197,746
277,539
196,890
202,656
185,673
214,427
166,641
214,666
280,725
87,482
104,698
197,370
198,802
244,652
250,692
103,528
238,784
105,822
205,390
280,503
94,525
173,637
129,595
199,859
278,630
214,622
166,679
218,614
99,557
233,483
181,552
216,497
121,620
165,516
197,640
92,863
132,653
202,527
198,988
180,406
216,738
198,635
273,387
218,696
197,487
218,541
199,533
12448,177
148,440
246,545
201,401
12554,153
81,1278
213,454
213,499
167,702
150,731
243,763
166,707
220,596
216,707
218,588
196,803
166,649
216,743
213,830
154,876
262,504
197,467
197,389
200,522
218,721
213,574
200,649
264,542
277,459
214,637
173,608
12448,127
201,498
199,540
216,691
213,594
205,694
95,488
205,464
231,493
200,741
197,617
213,518
214,418
200,476
130,599
198,668
214,498
201,1041
215,621
182,407
142,790
214,659
105,393
196,752
186,667
88,445
185,383
206,654
165,677
199,502
210,684
177,562
206,627
266,565
147,742
11961,165
198,943
214,920
218,492
186,928
165,703
233,784
195,474
214,469
164,726
214,568
209,511
101,803
229,455
199,659
181,792
146,742
201,449
217,579
214,685
12364,177
215,705
217,476
198,583
198,705
212,552
198,605
213,827
149,795
273,808
197,692
197,653
144,840
214,432
198,865
213,457
213,653
171,623
281,466
164,473
214,904
182,552
198,685
167,446
215,555
213,721
197,660
214,401
193,477
198,606
201,870
277,369
183,461
97,655
98,729
198,464
11904,112
11671,120
215,569
145,674
202,433
92,385
198,449
198,467
117,997
198,502
94,779
189,445
142,433
217,620
201,460
180,1049
202,772
198,474
138,627
197,564
99,1050
205,536
185,456
102,1480
201,535
197,601
218,1005
214,677
197,588
217,685
280,437
214,430
279,709
204,385
183,461
185,578
169,737
217,463
218,554
202,686
173,464
217,571
278,403
12049,131
198,570
214,595
214,536
218,614
198,438
166,683
88,417
112,856
148,868
193,1070
170,434
230,518
103,888
183,367
197,692
113,613
231,606
170,386
94,625
278,648
218,783
167,599
12535,113
233,1530
95,590
212,421
102,858
246,408
201,819
216,764
183,567
205,422
229,718
217,630
199,657
214,559
166,582
278,494
214,446
173,577
198,374
215,421
202,419
277,528
216,729
277,584
196,453
213,613
193,566
265,577
176,1007
243,427
280,681
199,397
198,579
136,674
248,832
214,580
12211,119
166,587
182,428
199,451
213,482
222,554
217,373
213,620
103,473
233,514
213,736
202,461
218,691
95,777
214,620
150,375
134,634
214,657
161,739
198,591
87,494
200,703
185,660
186,716
157,430
117,732
170,999
181,704
200,510
197,677
126,491
221,685
166,438
234,644
145,378
263,399
122,467
215,531
209,642
217,627
201,451
217,793
151,875
214,547
238,745
183,413
214,759
200,690
181,483
201,642
217,725
196,523
94,626
197,393
217,679
209,518
202,699
186,568
198,726
12154,148
217,966
95,520
201,460
194,525
221,614
133,707
12085,228
98,392
197,631
129,597
174,443
198,491
198,715
166,667
197,629
213,444
214,411
219,431
201,516
216,576
170,654
101,941
91,540
216,406
217,646
245,426
135,929
215,575
198,990
216,682
277,402
214,599
198,519
102,533
159,670
196,890
12364,135
169,562
216,767
150,514
184,690
198,461
143,584
92,1157
182,756
166,361
169,773
186,526
166,551
201,676
182,505
278,674
186,696
183,526
214,1094
125,921
202,450
121,433
219,759
117,537
196,588
211,441
214,620
165,700
193,678
195,460
98,317
198,789
165,777
12211,113
198,500
196,490
161,829
216,706
177,438
253,894
222,752
198,572
216,692
92,881
92,690
217,675
198,813
106,950
166,856
162,499
165,534
170,576
168,441
262,754
217,408
281,397
167,834
130,391
202,795
276,569
198,469
205,480
213,917
277,457
280,699
214,836
12139,128
221,705
215,852
214,642
232,715
148,655
181,880
205,749
92,668
173,500
262,643
214,749
213,599
96,577
197,614
183,517
212,436
277,635
214,461
278,723
169,527
253,499
86,486
169,750
168,384
219,669
106,612
197,523
216,462
202,569
198,550
213,804
225,596
217,460
134,798
166,589
201,385
211,409
219,629
201,562
133,707
202,604
104,444
166,896
246,530
282,579
215,447
233,609
212,854
218,563
237,759
233,1027
201,761
94,589
216,501
198,447
185,534
168,590
209,464
167,741
218,442
189,484
169,638
197,789
278,640
93,764
245,724
213,385
217,797
199,818
278,564
164,552
225,983
277,753
221,540
214,382
261,810
229,660
170,662
179,518
168,394
173,389
212,740
166,580
280,569
245,487
201,755
280,478
197,561
215,518
277,553
277,434
199,417
211,638
281,713
94,640
141,597
214,536
202,1124
213,690
193,496
108,704
170,723
217,707
214,474
197,731
121,516
91,437
214,534
220,641
169,643
198,630
216,869
217,344
197,529
213,949
196,490
197,514
233,752
197,406
185,663
214,443
96,571
201,800
151,674
195,564
213,505
221,421
154,619
216,608
277,551
198,808
193,469
169,528
169,327
182,711
216,598
119,468
166,591
198,729
215,830
197,447
164,378
213,599
118,597
167,444
198,521
276,562
217,803
211,542
186,424
214,554
199,388
234,385
215,489
234,844
165,787
166,695
212,544
251,552
220,939
194,525
163,610
262,504
214,553
222,873
279,868
201,670
216,789
142,723
198,717
197,931
202,463
170,541
95,650
219,804
150,896
193,431
217,542
277,582
104,710
213,527
117,685
217,564
201,474
135,768
276,753
216,685
231,709
214,599
129,435
167,821
94,352
213,590
12448,177
12525,122
217,968
213,673
173,577
197,850
167,737
199,579
215,725
278,664
210,483
277,785
217,422
183,579
247,804
12154,130
218,459
169,797
215,410
181,771
201,323
12139,135
199,624
195,615
201,586
277,739
214,898
182,642
166,746
214,368
202,507
100,766
169,721
199,767
201,1053
213,572
11871,100
214,771
199,539
95,708
214,475
189,677
166,630
107,691
213,580
217,565
276,503
278,805
221,589
198,581
200,759
213,642
198,756
169,764
199,638
280,655
194,634
193,596
229,673
218,437
277,672
228,592
213,444
183,465
103,445
163,510
88,603
166,635
117,452
200,722
217,464
279,704
102,580
215,503
170,388
228,620
89,727
219,651
201,648
182,576
228,693
112,419
219,729
93,558
215,471
103,583
211,653
217,727
150,639
209,454
213,697
186,835
217,471
234,604
179,975
217,437
196,395
199,572
200,458
88,543
216,571
198,468
167,494
281,704
198,409
214,423
244,549
262,477
198,447
182,475
201,657
215,853
92,556
88,401
199,863
185,648
199,573
200,621
96,820
214,512
166,547
266,861
131,511
213,769
199,675
198,608
201,648
175,577
96,441
217,676
196,356
200,376
204,564
12049,158
194,548
93,688
143,602
214,397
182,459
282,700
214,894
197,544
214,645
103,1007
205,477
215,498
85,384
221,851
12139,174
278,677
217,495
102,442
214,617
255,350
213,733
200,528
165,469
265,654
217,657
277,606
211,536
278,640
278,573
196,547
197,349
165,332
279,524
211,716
12644,178
197,702
213,963
209,454
278,441
199,597
165,1122
222,651
197,586
222,465
277,752
169,422
201,746
131,540
97,690
213,398
277,897
217,466
218,444
201,428
213,693
231,542
198,450
278,432
201,702
168,477
199,496
218,735
185,394
197,723
216,716
190,679
214,722
214,428
281,1032
198,571
166,561
122,567
201,444
195,502
182,404
95,773
167,420
149,777
245,475
202,711
202,625
149,997
122,499
264,604
198,524
265,593
85,1065
286,965
12211,132
214,574
205,570
213,582
215,478
163,478
178,479
198,732
217,780
216,602
212,493
134,498
166,734
185,719
134,419
214,658
213,833
198,567
214,435
273,667
214,621
12139,130
95,349
218,696
210,850
185,632
139,600
221,593
249,661
201,634
181,657
201,779
278,512
220,653
12154,165
118,659
179,506
199,835
198,449
231,632
201,608
97,567
218,520
201,414
185,807
151,671
96,652
215,523
99,651
201,377
216,545
225,595
149,441
214,767
150,845
12418,138
280,669
166,706
213,616
201,360
94,662
172,570
201,743
185,393
212,628
199,432
165,757
215,509
95,637
246,698
281,425
215,667
150,642
219,732
229,602
183,657
135,732
166,403
214,665
218,565
12085,262
12091,228
214,703
285,746
218,624
165,445
213,808
94,765
100,728
217,450
213,409
217,393
97,768
95,575
199,977
198,502
213,653
195,596
91,653
282,479
181,703
277,855
201,571
102,558
197,729
115,538
206,608
197,667
198,329
117,629
206,506
198,903
279,800
195,513
198,707
214,541
206,522
278,538
186,783
95,607
198,615
220,773
183,644
197,875
167,719
155,604
217,603
276,600
183,610
230,560
117,720
94,597
222,801
218,725
215,620
186,481
215,708
216,452
12154,147
105,395
213,413
213,461
197,502
214,503
12132,145
121,601
184,653
181,801
238,619
214,487
217,667
219,787
217,798
209,736
246,541
167,463
281,956
182,639
214,742
213,573
217,410
167,569
214,646
213,354
213,616
182,455
213,696
182,648
221,708
212,949
111,628
165,609
218,573
214,820
166,679
12015,129
201,750
121,696
201,352
183,432
217,667
217,447
137,2224
99,721
12407,150
202,493
97,645
161,561
214,546
218,523
185,789
213,654
229,683
196,470
113,503
93,866
166,790
96,636
179,823
198,420
215,484
167,599
170,679
185,454
225,763
93,202
182,614
180,493
151,706
214,510
145,710
215,557
219,729
217,457
201,532
167,618
87,737
215,358
245,554
215,553
102,614
278,594
217,738
197,500
213,678
262,507
108,651
199,427
12418,119
181,458
130,626
218,729
154,751
280,719
215,534
273,575
150,493
197,449
215,387
246,1015
217,630
216,433
93,644
199,491
228,587
273,781
217,638
214,617
201,554
166,439
197,927
180,487
193,444
213,805
213,529
213,421
201,509
120,647
199,630
231,578
244,525
198,377
87,588
218,725
165,754
96,697
278,644
185,644
214,694
12285,126
214,450
214,354
221,670
97,622
182,676
276,621
212,476
93,822
172,570
197,444
198,558
202,668
220,572
253,737
198,574
212,750
174,699
217,779
184,646
245,515
148,363
183,672
209,745
282,501
215,719
105,592
282,407
199,459
199,642
231,471
181,637
199,629
286,800
145,572
112,637
213,603
186,669
169,735
153,552
201,518
214,545
199,395
93,659
198,470
214,694
199,730
12015,138
196,479
213,673
217,577
214,449
216,706
214,375
214,536
167,533
214,840
246,649
205,681
198,800
210,966
199,616
217,650
147,385
103,344
214,512
102,407
230,421
225,665
215,496
214,473
214,774
195,907
214,507
183,500
217,431
213,667
246,578
217,804
167,405
181,423
102,568
279,372
213,645
213,553
199,413
182,637
218,607
228,573
216,500
172,639
189,804
230,674
205,706
201,565
212,555
166,710
201,512
176,425
92,565
197,389
214,558
129,389
209,602
213,692
198,443
193,338
180,492
101,541
91,785
198,634
198,488
209,478
109,1232
249,769
181,658
212,442
218,639
198,610
199,833
202,627
277,541
183,571
198,718
218,575
202,757
181,546
201,704
87,661
281,444
281,677
170,433
275,808
212,786
95,732
182,577
185,677
246,492
182,587
198,393
198,881
213,387
278,582
199,467
215,433
182,806
199,549
186,1231
183,391
213,431
219,526
177,444
215,759
214,643
262,550
199,754
279,412
214,678
215,478
217,728
151,988
9859,201
198,813
280,816
216,510
213,662
218,535
181,418
197,521
214,520
216,938
92,581
246,759
216,652
219,667
181,558
12154,149
183,760
217,663
193,524
168,644
214,687
229,735
217,493
214,677
201,566
214,997
167,402
97,910
212,681
250,655
278,507
173,468
98,555
218,491
226,766
201,514
148,450
218,618
278,416
92,624
218,592
97,687
215,448
218,893
87,458
164,726
93,587
216,675
135,681
214,778
202,812
196,627
150,630
166,711
213,590
154,685
202,665
199,568
198,606
198,611
183,543
215,392
197,509
197,534
265,394
215,812
214,405
213,673
152,501
217,744
199,758
217,550
246,655
213,548
213,569
221,799
214,402
215,454
12448,177
129,591
193,620
225,771
274,675
201,430
212,449
95,437
214,452
164,896
199,605
169,594
213,579
215,809
214,414
266,637
197,532
201,411
241,599
196,640
206,591
183,687
210,431
262,477
218,512
232,527
198,462
198,419
212,626
262,705
279,575
198,515
167,706
200,414
211,548
166,529
273,488
282,535
210,609
167,740
183,835
202,599
278,864
277,526
214,497
213,602
212,484
95,563
184,549
149,579
96,654
218,440
134,451
198,421
277,661
205,713
214,446
202,928
173,416
180,618
212,515
201,566
202,479
247,613
230,341
171,660
197,459
213,463
197,625
232,672
177,796
201,551
132,1005
215,619
247,531
163,712
196,1106
222,438
278,529
121,431
102,415
113,539
90,647
213,747
214,544
213,781
217,709
214,1009
214,686
89,425
176,453
217,1157
198,515
234,612
166,502
104,462
181,387
183,510
161,739
90,314
212,527
248,718
197,1222
262,504
200,583
263,510
81,548
218,658
198,440
197,407
133,553
273,457
213,626
216,499
113,717
201,449
279,439
205,510
169,480
82,958
166,810
12283,122
87,695
222,617
198,398
209,496
175,528
201,736
276,635
213,579
221,542
186,478
166,581
202,758
214,640
248,712
12364,123
221,602
215,432
177,479
169,501
95,510
200,454
197,993
199,622
105,364
169,875
218,798
214,701
198,494
201,711
196,515
282,519
96,706
219,750
87,589
281,740
198,523
167,719
182,719
98,581
214,426
214,568
218,648
213,396
279,620
213,680
12364,129
280,838
83,577
109,372
214,653
133,464
215,560
278,549
230,488
168,422
225,596
205,586
260,716
149,367
169,602
201,356
217,507
175,521
12184,164
197,483
214,784
101,706
246,611
213,592
281,650
196,479
215,475
12644,150
199,725
198,662
217,568
167,610
110,567
216,556
181,441
165,401
274,435
173,564
186,667
214,650
182,559
167,661
165,514
201,687
228,620
94,485
229,783
202,402
246,509
246,655
201,522
196,400
209,488
197,426
112,738
196,895
209,448
278,771
260,444
285,495
93,605
214,863
210,572
228,757
193,546
94,804
219,510
200,626
197,484
217,754
189,814
120,687
213,940
230,705
216,728
216,761
214,836
199,791
217,805
197,622
281,395
12655,145
165,540
218,588
123,692
214,687
229,470
221,513
89,664
275,376
152,485
281,413
213,819
214,673
198,602
12448,229
222,499
198,906
221,608
117,705
145,472
218,635
213,501
217,604
278,680
167,483
181,599
145,770
213,498
181,604
201,639
89,529
181,499
212,555
180,392
214,640
206,465
102,1479
216,658
12524,146
278,778
285,980
217,904
205,542
221,498
216,778
218,808
214,502
201,460
265,654
161,634
168,534
230,576
216,477
150,892
212,746
210,515
216,507
232,564
197,455
182,705
198,727
186,669
197,760
196,601
183,456
12139,257
182,654
212,394
216,801
198,550
111,535
241,695
205,563
198,762
217,456
166,548
145,477
199,704
221,592
202,380
93,361
278,434
198,783
201,533
194,606
217,528
132,615
98,607
169,634
99,372
209,384
218,706
277,687
215,475
263,888
212,521
121,741
94,829
169,808
95,527
109,742
91,722
162,661
175,435
198,731
231,415
221,519
221,821
184,400
141,595
182,907
196,540
213,558
12015,175
11671,133
214,355
135,335
217,513
90,744
198,412
194,785
166,684
11961,142
278,584
185,702
213,586
170,469
162,538
183,698
171,692
213,717
89,517
186,483
232,767
167,546
199,479
282,535
217,475
199,697
180,853
199,398
217,392
218,821
217,490
167,558
214,576
262,724
262,443
198,614
161,660
167,618
81,382
93,229
213,524
214,663
167,630
147,516
118,616
213,905
181,833
201,642
234,421
199,667
222,370
246,589
198,542
218,616
199,520
182,397
202,423
260,788
153,1148
278,649
213,580
217,414
230,583
215,548
278,444
180,543
214,953
94,531
198,773
96,479
214,336
197,477
181,826
217,855
151,583
214,642
219,602
214,578
97,615
216,1067
221,544
12418,153
205,621
199,668
213,748
218,769
181,716
101,477
12407,147
218,1146
217,737
218,576
119,1140
244,606
217,614
215,507
217,579
97,336
199,866
213,671
215,381
217,810
145,777
185,723
201,542
181,911
102,742
214,558
180,527
166,474
214,611
201,515
281,562
165,661
198,782
217,744
218,678
215,487
279,529
133,594
214,437
215,658
199,651
131,375
217,722
92,935
12407,96
94,652
213,680
95,563
200,510
102,503
182,812
209,594
197,539
214,549
150,966
214,694
90,513
213,793
214,548
199,391
213,523
227,482
183,596
217,377
213,316
200,652
279,639
149,754
265,487
213,934
217,489
198,505
197,696
167,425
183,456
142,458
198,781
148,493
278,509
198,450
215,723
119,600
278,684
121,848
277,630
117,626
233,736
172,557
142,420
152,517
282,560
219,764
213,533
197,445
214,659
262,548
278,745
212,425
205,728
278,728
198,528
281,677
221,517
195,651
214,815
197,518
194,557
190,409
121,662
135,463
222,430
195,549
12407,169
218,572
182,576
198,387
245,618
87,459
269,469
101,617
198,447
170,736
198,451
280,433
201,644
215,439
217,488
111,570
282,794
276,684
221,577
178,385
174,609
193,681
221,660
213,884
168,471
92,952
129,672
182,496
199,534
214,827
212,494
213,656
145,472
172,459
217,641
184,598
200,778
197,663
218,884
197,678
201,649
12154,194
193,551
217,563
177,594
215,549
182,510
277,789
212,407
197,790
181,752
221,727
166,483
198,387
276,378
198,689
218,1016
130,810
214,642
221,525
214,518
133,598
209,554
181,760
218,421
151,569
130,736
247,760
180,645
196,620
174,594
122,701
12015,144
206,508
167,578
201,479
214,528
211,435
103,446
217,683
168,463
186,518
185,499
215,509
197,559
198,818
198,479
199,584
200,583
218,722
165,760
279,654
135,790
166,526
93,717
11904,153
185,673
277,582
212,550
218,676
190,614
277,1095
278,790
168,590
200,502
277,496
217,858
214,771
286,651
221,599
212,552
210,617
231,779
278,713
198,405
84,572
198,858
254,385
114,745
214,1426
201,493
214,656
219,562
182,352
92,713
195,494
11904,137
278,654
93,834
201,615
92,690
217,745
177,749
214,789
198,590
214,663
199,550
199,585
230,760
231,668
198,415
166,375
169,621
212,506
281,529
280,1444
213,774
131,674
163,527
97,627
209,464
148,577
225,572
97,528
213,582
262,666
96,581
246,585
119,703
172,426
213,771
221,794
217,631
117,732
217,630
282,529
211,583
245,629
98,531
186,508
181,594
214,664
132,490
230,645
168,860
202,759
11871,147
209,525
148,608
213,422
166,656
198,635
97,776
128,366
217,804
215,735
246,646
217,566
218,739
230,588
95,828
216,539
234,1216
277,486
196,605
213,791
198,587
198,922
94,554
214,689
197,529
246,472
12524,114
195,515
214,640
202,425
245,619
246,602
279,455
119,602
257,525
104,674
213,364
185,548
217,631
98,613
119,421
213,1110
161,779
12644,146
202,718
214,760
85,833
205,437
125,684
246,711
266,806
281,641
131,606
202,605
106,730
206,707
130,641
277,605
277,636
213,441
205,911
214,583
103,528
221,354
213,467
215,627
198,452
169,638
197,510
213,428
210,506
213,614
217,530
182,525
205,582
280,643
198,370
167,606
213,913
205,769
214,559
201,446
138,749
199,461
12407,109
105,893
183,698
154,640
277,789
193,423
201,470
111,950
198,446
211,558
167,719
171,502
218,587
193,440
198,733
200,584
202,593
228,505
152,527
202,664
201,741
214,573
198,684
202,564
89,579
169,619
198,508
201,671
182,577
171,503
197,690
198,364
277,528
197,678
260,583
279,555
134,498
146,621
177,769
12448,192
197,462
134,436
102,694
230,727
197,688
12154,109
87,590
214,563
149,538
217,726
217,545
210,609
219,429
225,866
198,569
95,340
198,474
182,454
95,982
209,746
12644,134
101,649
199,510
111,740
180,659
213,679
179,478
198,829
95,510
215,387
85,678
166,619
170,461
198,426
215,412
225,612
173,554
85,382
214,642
133,678
212,811
91,610
225,742
218,641
204,713
164,618
199,435
237,667
169,775
212,449
202,436
198,489
198,834
212,450
157,695
114,398
281,532
185,467
198,751
218,690
278,434
197,735
196,741
213,423
189,497
169,476
222,471
167,542
168,640
246,456
91,730
218,723
221,596
218,894
193,518
214,729
265,606
214,494
167,692
279,866
95,627
121,746
201,616
217,389
198,488
215,796
201,755
12364,123
198,543
264,798
276,738
166,681
12472,106
182,710
198,914
197,448
201,474
164,397
217,815
135,783
177,708
110,784
197,527
228,627
197,500
217,517
216,903
89,404
217,618
94,662
198,373
103,637
12407,129
12132,170
88,637
105,833
105,298
202,817
247,654
199,694
213,726
260,587
214,768
93,672
106,547
91,813
195,739
213,453
133,551
12139,150
182,638
165,438
130,751
201,542
91,814
198,846
273,682
234,868
280,673
219,796
137,793
84,408
278,684
273,598
216,748
170,626
197,486
278,720
109,580
166,688
206,470
213,830
230,601
279,815
162,893
198,550
217,464
167,639
206,483
133,644
245,469
217,661
218,412
200,529
279,918
202,662
169,612
215,749
103,398
197,554
200,747
213,465
121,592
218,813
212,465
214,774
246,510
277,526
196,521
193,576
245,786
169,624
217,683
167,517
216,588
220,762
153,552
202,431
214,373
197,609
225,712
169,641
161,651
218,442
108,651
230,475
212,591
200,464
222,627
215,473
230,368
201,650
97,448
201,712
282,496
185,727
119,619
138,439
215,628
278,722
213,347
148,553
197,488
198,436
201,648
217,472
199,434
11869,167
164,444
120,756
198,513
12284,147
215,480
199,470
276,944
217,605
143,520
200,553
165,545
209,738
221,461
218,679
166,734
215,621
217,573
196,603
247,379
279,614
139,544
217,518
205,509
122,508
210,343
12525,172
230,793
201,673
166,710
89,659
215,895
213,650
199,556
12455,147
198,445
241,652
230,793
217,772
165,474
215,891
273,836
198,584
209,757
216,543
135,608
281,735
214,663
214,709
97,751
217,966
199,629
276,546
212,851
202,607
161,684
185,795
95,640
198,534
215,441
150,855
280,495
151,544
118,620
211,746
150,723
201,391
232,619
278,799
12524,129
213,819
89,467
214,430
199,462
199,496
217,749
111,404
170,706
202,521
166,791
222,520
89,433
182,663
197,506
201,691
214,699
214,749
177,516
215,384
173,751
212,635
200,580
183,687
199,732
93,743
198,668
196,726
198,722
196,561
168,662
245,446
214,594
198,820
186,512
145,770
214,665
278,619
221,827
206,470
216,465
201,493
201,509
197,733
209,408
215,415
199,468
206,675
217,934
178,662
222,682
214,666
228,535
130,517
198,633
217,400
214,484
169,526
166,426
218,578
202,628
151,622
213,653
281,1102
99,702
199,535
197,451
109,743
165,495
182,656
197,619
221,674
282,435
225,635
215,632
213,559
286,754
214,795
98,644
233,688
221,716
278,675
182,479
232,637
96,538
167,549
198,549
215,1042
137,782
215,391
197,410
219,742
199,843
199,472
198,547
197,762
262,445
202,592
190,715
279,594
221,483
214,755
221,652
216,477
211,856
225,665
214,512
218,509
183,924
217,412
88,521
279,629
142,725
217,594
166,758
278,620
133,1092
214,803
93,558
218,470
197,507
198,674
218,702
214,645
212,484
214,406
215,803
197,674
12211,110
231,448
197,611
279,614
214,774
173,716
214,778
197,606
186,445
181,601
193,694
161,777
213,526
215,655
197,574
170,660
201,739
245,1028
230,767
181,607
105,940
174,381
218,511
211,617
134,532
246,896
217,647
226,511
150,520
216,562
168,552
93,733
89,516
182,490
193,618
97,382
217,685
209,756
100,387
281,732
262,633
201,493
93,534
213,485
198,862
279,682
99,625
217,605
166,521
182,649
182,638
215,425
190,411
222,735
11743,148
214,498
279,543
198,508
196,557
12175,120
212,654
168,455
12655,117
211,1075
209,366
12184,95
167,597
90,451
89,742
199,564
181,605
107,795
12377,131
245,721
165,810
214,470
285,798
202,965
201,533
214,718
94,675
254,663
277,790
176,659
212,626
165,400
178,764
106,939
278,451
181,694
193,525
218,597
246,720
214,520
218,435
119,703
214,935
182,487
196,508
217,489
197,814
12154,126
150,717
198,760
248,769
212,591
165,519
196,424
185,1349
89,535
96,544
199,631
134,451
214,386
196,959
277,612
186,626
194,721
12085,201
96,388
200,846
190,685
196,895
216,720
201,631
199,589
198,736
199,444
206,496
147,611
232,695
161,647
213,443
278,419
199,719
197,475
221,452
202,518
217,863
183,474
198,391
153,472
87,378
152,541
214,721
99,707
215,621
213,921
231,558
103,373
166,497
12139,108
212,1505
218,520
222,645
197,649
234,673
85,480
89,752
218,500
150,781
197,496
217,490
179,582
181,792
197,522
187,567
198,529
183,530
98,555
205,630
172,734
213,643
197,652
226,606
161,1398
202,477
12184,145
202,538
93,573
213,571
285,901
182,677
213,742
215,649
213,673
97,515
149,388
180,521
184,665
277,709
114,642
197,399
197,730
227,428
201,485
11926,152
180,457
212,746
214,607
165,499
175,538
280,657
214,670
213,614
182,539
169,596
214,539
180,555
198,500
90,846
216,660
198,728
91,670
202,477
276,861
199,630
169,682
183,500
201,632
110,435
105,608
285,622
214,574
200,408
281,769
186,513
175,654
280,567
214,313
166,611
198,648
86,561
214,565
95,741
198,492
152,918
216,579
12364,127
215,726
215,648
197,532
180,424
198,743
245,799
135,422
205,479
185,541
168,558
199,964
281,689
196,708
217,636
94,799
199,722
199,487
100,716
198,576
201,636
214,517
161,495
280,524
95,758
150,646
196,741
195,555
180,784
181,660
180,794
245,724
206,372
221,573
95,415
209,671
215,676
206,722
182,599
103,599
198,886
278,497
230,594
87,431
171,510
218,673
221,554
193,783
97,597
228,658
281,511
185,713
217,798
217,993
199,550
182,424
198,508
197,1024
175,662
214,558
100,590
206,604
165,697
143,479
131,889
211,700
148,549
89,557
197,588
278,712
278,427
199,446
95,679
198,652
215,410
213,622
186,586
219,495
196,547
173,459
199,546
217,372
137,713
215,732
198,772
183,457
198,541
11904,108
197,405
229,740
83,938
214,840
202,542
218,373
199,859
12157,101
158,756
197,461
149,527
197,493
221,476
214,636
94,660
202,842
212,697
12525,105
184,387
212,495
197,501
205,392
12085,141
116,576
221,445
135,681
217,518
233,520
273,485
198,470
166,620
168,407
197,598
217,679
120,498
181,619
242,534
182,450
225,550
276,944
211,791
154,755
200,687
11815,185
280,822
122,567
276,494
122,957
199,569
215,700
214,687
281,589
177,431
210,1039
12279,130
213,754
215,629
261,501
197,493
273,615
286,491
215,624
162,732
201,471
217,660
205,423
97,767
214,769
228,455
198,497
92,832
217,414
90,654
215,560
218,602
12377,182
113,641
109,432
279,550
209,524
198,826
117,452
212,1148
213,622
213,790
181,829
167,444
209,741
118,627
214,648
217,681
167,438
165,445
215,588
173,590
214,485
281,804
201,402
148,415
126,633
91,785
197,663
198,572
213,450
279,701
97,497
214,628
180,336
130,646
278,471
220,615
213,741
195,556
277,681
217,571
198,643
213,453
167,420
219,524
162,520
196,695
198,579
12139,118
197,467
198,745
217,438
201,928
249,477
217,521
166,634
88,507
171,695
201,795
196,610
278,710
198,705
182,414
276,733
197,630
226,439
221,614
278,938
155,841
201,745
199,602
136,412
246,840
201,652
152,754
170,433
280,848
198,419
246,746
197,790
182,758
213,429
218,732
278,419
197,470
97,677
121,440
211,894
182,770
279,627
214,688
202,480
198,783
86,592
220,852
221,958
216,448
263,821
202,608
214,537
102,491
221,526
165,495
218,577
228,888
134,620
128,565
282,681
263,528
198,881
149,747
197,558
221,703
93,402
12156,200
214,705
221,354
201,637
214,712
245,719
209,582
98,603
214,644
197,733
95,551
110,837
198,830
276,527
201,868
96,499
183,604
202,674
220,666
273,702
200,476
197,411
201,412
213,524
285,888
181,694
195,685
185,693
286,721
96,594
221,917
171,550
92,681
201,523
217,475
200,464
197,759
121,529
230,458
261,638
196,665
218,487
171,498
162,601
164,444
218,481
164,619
98,874
214,629
149,725
199,731
171,534
201,599
214,581
199,398
201,540
213,975
215,589
211,536
197,1151
105,940
217,771
93,520
213,647
197,455
214,620
214,468
222,819
215,555
278,640
199,835
221,644
174,627
247,680
197,349
121,763
282,667
170,736
169,754
282,798
217,570
201,760
218,498
12364,141
210,778
169,740
169,475
197,715
217,506
12154,175
218,739
213,706
214,671
209,503
278,529
201,959
201,733
198,385
219,431
193,797
214,530
213,474
233,573
214,1224
198,599
214,406
213,553
217,777
176,549
216,657
202,532
219,672
200,568
170,487
193,667
198,740
103,519
279,893
96,577
215,689
148,674
198,678
261,782
206,455
214,397
85,347
180,682
217,792
99,697
168,429
218,728
230,444
274,619
12154,169
169,536
218,657
196,616
168,420
215,419
278,874
215,567
216,407
134,719
233,1024
214,509
168,661
169,774
230,483
214,712
166,493
198,499
194,447
215,967
161,692
183,648
198,570
217,474
199,493
278,619
201,569
201,553
201,612
197,573
182,576
199,473
197,618
277,684
198,424
198,409
197,618
172,613
95,669
214,595
164,602
196,643
213,469
94,645
190,487
221,453
11961,129
95,756
178,508
201,658
213,481
199,794
215,484
197,690
221,818
221,657
169,730
277,612
231,746
214,723
198,524
198,598
233,432
217,687
205,770
213,518
94,728
201,783
146,750
94,606
222,627
147,538
214,620
231,812
172,497
197,676
112,516
262,1040
231,603
150,495
230,425
12377,142
193,699
210,756
201,728
165,703
214,561
11869,128
237,510
200,448
131,602
99,841
11642,227
153,634
222,525
201,833
185,639
214,820
217,746
183,596
184,448
226,691
246,585
214,560
247,543
217,275
197,505
147,478
218,375
89,682
198,623
12644,111
218,639
177,594
221,639
93,679
209,601
197,523
98,525
213,525
138,439
169,534
202,409
167,425
217,769
209,738
218,678
92,571
199,765
201,640
103,600
198,772
202,422
213,1073
225,490
217,713
167,638
217,503
213,594
217,703
97,726
218,615
198,880
230,588
216,433
217,483
281,619
265,504
221,567
196,409
278,708
168,642
227,662
212,753
250,613
219,530
221,1166
214,471
199,460
217,476
214,508
249,702
209,454
12472,167
222,790
201,741
217,550
220,761
182,492
104,448
99,649
12364,119
217,489
198,568
215,585
201,578
229,463
150,576
167,804
217,509
155,502
218,703
214,594
222,623
201,645
96,758
225,594
262,828
201,636
106,574
95,318
97,942
173,641
170,433
222,514
93,500
165,705
278,801
12139,136
216,793
216,373
125,757
151,502
85,498
166,685
94,342
12644,135
98,735
198,430
149,545
221,731
184,476
214,471
161,656
218,843
214,600
199,384
282,502
166,704
222,694
217,524
216,798
201,602
225,594
189,602
11904,170
217,626
166,729
182,451
116,668
205,708
222,525
211,681
215,534
97,333
95,747
221,861
197,638
215,629
176,590
165,524
134,490
217,454
150,664
279,769
214,644
153,975
281,647
181,723
196,498
199,400
218,692
216,499
218,404
162,371
90,896
166,679
130,630
213,416
182,701
199,524
108,498
96,641
214,583
104,812
217,679
178,523
197,516
169,428
196,634
216,433
121,776
198,408
197,435
213,495
206,658
166,414
217,556
217,579
169,388
214,851
198,661
238,586
149,969
213,679
181,581
118,664
157,500
104,462
220,818
169,596
199,481
198,679
175,660
198,591
163,703
279,668
210,382
217,486
166,425
214,552
181,541
184,708
221,454
202,394
105,993
214,773
215,656
282,731
213,608
281,826
196,407
246,653
137,450
211,681
277,564
279,387
214,665
182,668
197,584
218,558
149,827
199,576
121,1180
213,528
198,682
217,622
167,575
217,370
278,642
213,501
167,774
181,643
215,712
199,338
198,424
177,431
12156,112
280,694
273,721
197,930
11815,221
234,467
216,885
246,589
130,679
169,663
202,466
216,652
217,850
201,819
205,444
213,448
182,517
217,730
278,525
205,662
209,526
279,426
198,1085
198,455
210,575
107,897
217,788
193,853
181,647
262,953
11671,125
164,677
199,443
182,625
134,562
198,734
185,494
216,522
100,680
215,595
106,766
161,615
184,585
216,685
201,683
199,628
198,259
205,535
198,567
201,614
137,496
217,509
178,541
134,664
119,442
198,615
121,642
217,646
198,457
262,754
197,462
274,748
209,631
277,512
213,553
185,413
276,391
118,921
134,451
197,425
197,490
201,507
199,549
199,625
89,652
199,604
218,544
198,396
89,649
201,693
148,597
216,719
178,570
183,526
217,830
214,482
161,789
216,694
214,652
216,618
213,706
12554,120
214,539
93,538
278,575
12154,112
130,839
218,508
106,531
212,617
215,459
182,774
185,512
201,503
196,692
245,446
217,620
145,847
213,467
198,314
144,759
152,539
217,425
214,589
231,783
193,409
88,536
201,694
193,562
214,743
190,677
219,747
218,535
169,638
169,436
225,490
98,418
264,626
199,810
194,860
206,522
119,611
198,452
246,416
214,710
215,837
278,595
217,495
86,1010
209,582
279,697
198,709
89,990
100,491
231,441
149,535
153,783
234,754
94,446
200,633
217,658
197,511
175,641
193,411
202,430
226,733
274,388
212,837
273,601
197,711
213,736
280,526
234,612
218,848
213,705
161,451
196,468
166,856
177,599
173,458
106,579
197,629
246,534
210,647
90,896
198,686
103,1007
117,403
87,853
214,495
231,769
213,455
278,834
198,333
182,1127
193,445
231,650
214,487
95,575
212,397
199,466
165,686
11926,195
230,719
164,592
214,539
217,605
164,613
219,770
198,486
278,576
212,686
98,983
214,529
245,673
129,617
201,650
218,726
137,844
94,406
166,565
214,810
197,703
149,665
198,402
149,613
199,781
218,597
198,738
206,486
199,580
222,964
205,921
214,473
199,523
197,450
278,641
184,530
200,544
185,630
217,760
217,683
279,629
185,402
199,585
12524,150
220,798
182,664
265,631
199,395
181,571
193,425
182,561
218,586
199,578
166,446
134,590
213,532
214,463
286,725
177,607
12132,168
198,547
166,561
100,496
216,616
198,563
234,395
153,516
220,588
197,475
105,893
214,689
196,544
197,649
89,462
205,632
213,459
137,627
217,556
215,601
213,435
202,605
213,349
184,598
86,407
197,565
213,544
198,463
218,821
168,727
9859,108
213,605
198,472
281,803
217,422
180,869
278,341
91,668
206,383
181,1137
198,384
278,620
91,603
169,416
215,515
88,730
201,803
211,606
214,438
166,795
147,562
199,491
181,554
198,767
217,631
106,512
214,573
200,664
249,795
209,522
87,563
276,546
279,490
196,317
141,595
213,676
199,733
166,718
153,654
210,645
215,726
117,452
215,621
202,470
202,729
213,634
261,709
214,718
166,483
213,755
145,601
184,617
230,472
93,734
281,721
183,690
165,644
216,1021
202,641
221,588
217,863
214,575
199,731
199,388
83,442
234,655
168,685
174,462
214,575
278,389
199,487
202,363
218,869
201,819
167,481
217,434
230,772
138,1005
166,607
12139,122
124,518
199,443
220,743
205,489
87,590
263,483
198,462
205,498
12407,177
135,668
214,535
105,747
167,735
218,464
216,853
12019,161
213,697
198,620
93,506
279,632
209,567
198,671
157,545
91,696
205,391
286,594
193,611
182,426
215,491
164,592
215,552
198,694
12132,82
214,597
99,527
197,635
215,508
198,633
212,795
199,487
214,449
199,831
102,1156
205,427
201,462
97,467
214,653
182,568
212,714
275,851
216,590
216,692
277,524
141,616
215,796
170,575
93,594
280,473
281,766
217,549
201,613
214,880
110,587
195,739
184,743
196,535
198,726
165,696
12285,189
186,885
210,738
91,334
279,635
218,450
263,776
201,679
179,496
166,521
213,714
121,558
94,609
166,454
221,588
201,761
198,660
201,670
139,538
134,641
199,418
95,442
201,605
199,619
181,422
153,774
221,421
216,516
166,448
199,756
215,939
209,710
86,652
214,769
216,799
201,425
214,575
199,529
217,777
201,477
199,425
217,1039
231,773
278,443
147,488
165,624
217,936
225,589
182,475
197,451
212,554
199,547
99,880
206,694
119,442
199,484
198,569
216,701
215,554
229,404
12154,106
277,515
229,583
217,521
213,692
94,466
218,854
261,301
201,604
201,627
221,786
166,715
279,701
199,558
197,930
214,765
230,546
278,512
212,661
113,864
12154,202
193,782
177,601
183,644
215,407
214,388
262,806
217,424
244,847
198,689
229,396
109,854
205,382
175,682
94,431
99,687
215,486
214,716
182,692
152,706
212,524
200,561
199,625
133,755
199,544
101,527
198,396
198,432
12154,169
201,719
11871,139
217,621
200,607
215,866
199,731
151,424
117,516
201,491
285,523
183,607
117,519
104,679
209,430
278,617
167,442
231,581
214,414
226,563
190,409
189,576
177,672
222,471
153,853
168,392
98,866
91,540
197,365
184,567
165,514
121,911
167,627
197,658
218,578
201,417
162,539
201,591
96,290
194,420
102,457
221,470
221,566
214,439
278,961
280,516
216,494
134,570
213,584
231,557
165,583
182,812
169,535
197,491
167,632
88,713
214,687
277,574
282,412
222,1128
280,486
209,661
214,706
99,868
148,868
199,591
185,694
214,788
216,398
183,449
199,637
212,397
186,821
137,503
217,352
282,571
233,765
91,400
278,460
172,639
212,680
197,557
170,455
183,401
214,862
214,429
281,451
86,679
11671,168
280,495
157,894
229,1059
91,452
12217,98
198,603
222,504
197,580
137,670
217,336
181,473
198,708
150,555
136,386
197,493
198,387
278,453
193,584
215,796
218,497
265,829
167,462
199,563
199,833
199,566
182,806
215,735
11904,124
134,641
90,474
213,765
110,713
200,463
199,406
214,401
281,703
201,389
189,722
214,535
182,348
277,475
218,558
166,403
214,801
214,476
198,437
11871,130
214,572
200,547
186,747
94,653
214,852
98,592
273,589
215,692
201,560
221,700
246,448
93,666
146,750
217,725
186,867
184,646
198,553
221,645
199,450
215,625
201,409
97,615
216,644
226,688
95,540
263,706
146,685
247,419
215,353
222,543
180,680
164,794
12130,126
182,685
183,553
164,582
201,600
168,361
93,503
214,550
180,379
199,537
202,659
205,497
281,770
165,498
214,582
156,489
11869,182
94,525
197,432
12139,112
150,520
12418,153
217,634
222,664
105,530
197,647
199,441
195,507
99,545
205,947
194,815
214,949
179,430
87,580
215,616
217,367
198,491
216,719
95,754
198,484
195,438
222,643
185,454
161,1447
100,522
215,463
199,291
278,785
230,609
85,1319
231,769
214,507
200,448
114,550
213,690
165,565
198,386
213,1101
221,633
279,485
199,569
165,979
213,541
213,787
218,525
234,744
183,765
279,659
213,540
217,735
218,679
97,588
131,598
231,589
93,722
218,651
214,712
124,538
229,433
209,669
199,421
164,548
278,664
220,723
210,474
201,587
196,858
147,1093
12184,110
210,424
215,637
201,735
165,1040
193,443
148,465
282,699
183,682
214,420
214,656
225,500
211,566
101,584
215,580
134,870
182,693
198,770
168,671
214,692
213,639
216,732
280,435
198,374
166,497
180,768
214,662
203,387
194,486
215,497
185,681
201,679
102,701
221,500
218,595
217,610
209,436
99,653
96,719
198,831
11926,226
190,462
282,571
278,811
197,614
11642,147
167,804
199,368
169,514
209,887
12407,232
165,862
193,692
94,749
165,352
166,375
217,709
281,605
216,1229
103,438
135,912
198,479
199,513
281,902
175,456
199,535
214,993
106,725
278,778
277,572
197,512
197,574
182,628
199,695
198,598
200,728
154,507
122,681
212,619
217,713
217,725
219,741
221,547
12571,125
280,616
230,1007
277,637
167,622
151,563
280,485
229,529
214,705
217,631
215,575
215,770
161,511
222,543
285,603
201,597
199,736
218,750
206,629
130,592
281,567
214,475
198,749
201,457
88,602
11871,191
195,821
210,770
11926,152
119,628
200,708
215,1273
213,398
231,606
201,758
100,1165
201,356
93,381
201,502
218,508
225,426
101,882
100,755
135,577
213,580
168,565
199,344
197,576
198,452
98,521
218,768
128,590
214,778
172,544
216,1145
160,546
200,547
199,740
196,440
130,435
197,431
11671,116
213,542
103,504
281,607
246,692
98,484
198,577
217,539
278,708
200,572
201,669
169,764
201,614
195,671
185,400
169,586
217,316
178,553
231,843
199,566
214,397
12364,110
209,411
214,647
132,670
214,481
247,385
12499,107
173,786
230,700
218,491
230,385
165,557
216,684
216,560
93,639
116,558
199,605
196,737
276,760
129,428
170,562
86,458
230,556
133,1131
194,359
199,565
142,858
165,705
135,562
211,407
169,546
214,543
213,621
110,475
213,748
197,760
229,650
261,602
90,520
193,549
273,615
212,828
261,548
217,425
200,664
197,444
214,504
198,680
193,697
231,767
93,709
87,418
112,348
167,474
198,449
197,720
165,777
262,332
198,409
198,488
183,992
209,423
216,852
201,499
199,471
202,311
216,453
229,473
94,537
213,687
197,1096
209,434
173,662
221,687
178,603
86,642
216,524
218,684
211,511
215,569
215,541
165,729
151,663
118,387
199,603
12132,114
228,461
221,503
218,450
184,449
103,980
188,659
273,567
179,718
121,483
197,586
199,522
219,747
217,402
185,483
199,469
109,874
151,766
177,475
198,630
12525,118
165,411
269,591
150,445
277,954
201,500
216,517
215,427
194,519
189,517
181,762
186,514
180,456
222,650
281,623
214,842
133,901
219,889
278,425
161,649
205,512
214,539
114,725
214,469
197,557
217,838
218,469
201,706
12499,184
149,837
100,1140
262,504
94,480
134,857
87,593
213,477
214,470
182,795
214,627
110,380
89,495
199,497
213,459
201,558
200,596
214,707
278,519
213,584
216,671
197,567
169,604
285,779
165,682
167,490
214,495
232,612
202,642
215,598
214,444
202,625
216,613
166,484
214,590
221,599
219,913
217,561
172,507
214,722
229,562
167,404
198,487
134,553
212,821
201,534
215,677
278,664
12377,130
134,613
181,811
217,677
198,525
200,376
214,586
95,482
197,656
285,1077
202,538
200,479
214,523
214,756
103,432
209,759
92,589
182,392
219,655
136,394
190,423
201,389
217,772
165,488
246,578
214,607
98,477
183,576
261,846
195,549
201,542
216,386
12644,130
276,473
87,494
197,406
152,396
213,544
146,442
198,807
130,597
169,892
217,838
281,545
206,675
168,678
260,560
214,581
96,577
193,723
214,517
276,648
153,693
213,507
234,540
214,674
87,429
262,559
199,746
273,460
197,475
109,659
168,642
205,475
245,690
166,697
164,560
133,611
230,530
12211,130
133,667
169,619
186,824
172,519
166,640
213,705
198,676
119,669
91,433
201,917
217,453
146,737
262,537
102,1218
94,466
177,505
121,711
175,676
218,679
198,761
213,381
285,694
225,556
90,573
278,885
218,440
198,501
103,734
195,511
134,524
132,1246
149,648
281,494
199,648
221,360
230,765
165,655
213,644
230,748
166,459
89,560
215,442
169,946
201,835
165,643
198,754
216,486
106,388
212,502
249,607
213,626
215,593
215,889
12211,119
199,623
233,1530
206,617
197,773
197,658
199,489
221,679
196,708
217,550
94,679
201,577
218,451
168,682
217,564
198,746
169,494
217,533
111,561
278,700
202,581
101,691
198,622
197,631
166,741
193,688
217,583
215,655
280,792
277,455
230,851
205,604
214,1126
265,675
201,550
142,786
201,564
205,653
206,400
198,634
199,380
170,623
185,398
197,754
197,1020
278,879
81,425
215,735
199,783
197,586
96,570
117,801
169,632
199,429
186,617
199,765
96,745
100,741
209,631
214,665
198,475
212,789
174,672
214,538
279,353
214,612
97,685
246,722
198,460
215,450
197,733
216,471
217,491
96,555
183,464
218,702
243,639
147,633
217,644
164,812
213,582
165,787
168,463
154,552
199,398
202,625
217,656
197,510
221,856
218,526
205,575
214,378
230,760
250,536
277,451
197,567
94,526
135,1117
166,406
201,616
276,645
165,752
86,251
117,473
213,449
132,380
180,682
217,831
142,738
202,394
246,626
201,628
85,382
194,785
153,410
277,417
194,689
182,496
218,896
164,463
279,384
220,538
211,767
200,664
193,539
12554,141
166,549
133,715
92,471
97,448
100,470
282,507
122,420
199,844
221,956
277,630
199,577
12184,145
197,686
232,544
278,558
119,533
12364,142
198,769
217,832
183,503
200,916
166,611
214,729
279,736
217,661
218,430
216,582
169,394
96,638
197,507
183,705
231,558
135,849
202,624
198,398
280,534
198,613
201,784
129,817
182,491
181,422
231,748
197,542
201,771
182,643
145,610
214,398
167,666
276,716
94,664
212,661
105,902
181,790
264,394
199,859
280,512
198,595
280,568
201,498
213,589
214,725
237,557
221,652
217,929
196,539
150,552
200,659
213,506
213,432
205,663
172,762
201,504
217,650
166,578
199,470
103,528
197,504
201,394
218,583
153,628
217,697
149,638
253,522
169,457
99,538
199,637
213,853
214,605
161,779
205,659
266,659
89,671
175,628
212,588
199,565
185,570
193,592
221,473
145,477
218,581
182,423
221,977
183,521
217,926
199,524
205,607
91,765
94,488
217,677
261,658
228,876
101,679
112,574
94,647
198,373
212,658
91,670
164,535
197,459
212,748
215,621
278,558
98,800
150,682
217,931
222,817
214,735
198,640
213,481
121,836
198,644
217,555
201,665
195,455
181,368
119,469
101,885
214,507
12184,117
209,681
219,559
94,531
103,706
138,361
152,1005
215,585
260,644
217,389
142,604
213,537
278,512
197,864
176,697
214,699
213,391
216,690
217,460
278,673
279,704
230,761
278,656
279,474
218,527
107,747
245,604
99,438
12377,114
87,459
198,570
149,478
217,389
183,634
165,698
209,451
131,719
215,671
197,818
214,553
218,663
218,430
221,757
262,698
214,625
167,375
217,515
260,644
200,709
198,462
234,529
196,432
209,486
201,619
129,527
279,600
185,1059
161,615
201,432
200,551
217,630
221,463
202,675
209,486
201,737
91,454
280,838
189,660
131,617
199,777
278,759
148,471
215,880
214,712
215,673
149,613
170,675
199,904
89,674
218,701
106,388
214,719
119,600
145,665
286,953
198,419
209,431
139,600
195,540
277,765
193,512
196,533
161,629
198,759
98,722
199,408
133,541
233,373
183,658
199,468
200,649
166,645
94,709
183,543
213,486
213,440
182,509
98,710
198,469
214,793
212,434
229,630
200,438
276,569
205,424
213,534
221,584
201,628
150,663
214,518
200,651
213,1241
197,544
190,544
183,441
231,567
197,464
89,482
149,1108
231,557
213,775
169,442
198,591
221,959
281,838
280,698
101,1506
12211,148
218,893
194,490
198,829
217,604
154,617
97,626
166,565
167,638
196,692
165,506
286,560
94,597
201,493
150,685
164,557
163,433
198,466
217,367
102,455
124,576
166,830
170,522
238,758
168,578
230,490
169,583
216,630
230,630
198,644
218,581
201,697
217,460
172,462
214,676
148,714
93,866
201,912
12156,113
222,759
148,771
95,640
87,463
182,393
154,1035
173,435
98,603
215,590
165,533
206,655
198,792
102,1028
212,544
98,552
147,828
276,601
214,506
199,829
169,596
218,1095
197,581
221,709
217,754
211,607
237,902
213,516
186,542
279,612
250,659
198,633
281,544
180,570
277,430
106,588
196,452
278,523
84,622
183,561
169,875
217,543
146,1303
199,596
216,572
198,472
229,864
12091,141
278,414
201,701
136,552
221,732
165,862
181,621
217,460
170,480
200,426
198,470
246,700
189,476
177,449
225,734
244,847
217,576
87,570
169,445
214,449
209,808
149,405
200,727
106,656
230,708
218,396
200,485
94,521
280,425
214,518
215,437
181,574
134,786
165,697
162,447
121,476
217,672
128,565
229,647
259,402
218,538
201,793
197,733
285,484
182,625
178,687
200,503
199,711
230,593
217,738
85,582
214,494
215,497
181,610
217,682
94,1019
219,792
210,581
166,924
113,648
168,361
102,690
198,643
217,498
285,603
247,718
183,797
278,748
214,686
201,374
197,924
196,366
142,465
218,648
216,560
229,523
183,583
165,558
219,699
198,430
213,638
12418,137
91,670
219,445
149,753
198,515
200,569
195,526
12418,201
218,536
277,630
182,757
246,772
209,713
221,772
214,647
122,622
231,519
138,749
92,703
196,481
218,678
202,612
197,923
177,591
198,578
173,590
186,455
229,594
102,614
200,840
176,821
193,434
179,435
214,771
182,516
121,707
281,740
179,416
214,562
198,670
249,449
282,491
221,439
201,611
165,489
282,803
150,382
219,698
276,461
156,409
215,676
278,688
98,713
196,446
181,672
212,547
184,568
177,391
214,812
218,428
179,701
215,536
172,596
178,584
199,628
217,1071
88,381
212,440
169,783
165,892
198,410
97,538
12418,152
218,617
180,696
196,641
202,624
216,479
186,438
212,569
113,621
12211,143
11869,127
214,344
96,700
212,724
201,503
183,521
215,482
216,702
148,570
92,703
217,600
280,721
165,733
106,1315
231,458
199,461
214,655
214,570
217,872
118,671
213,736
12655,109
199,509
201,407
172,548
92,765
182,584
98,735
198,586
164,613
201,416
200,428
229,545
97,678
198,638
199,625
165,717
193,694
180,688
218,831
215,669
215,623
165,442
173,599
213,453
169,566
112,738
198,748
97,624
134,632
219,688
278,496
170,672
189,613
102,621
277,609
112,361
149,935
219,787
214,730
184,438
281,654
215,593
198,598
181,583
129,735
217,525
281,650
218,668
201,394
94,660
218,510
222,736
101,544
189,448
165,625
168,590
230,934
213,764
215,452
202,708
137,491
150,798
174,643
101,434
219,513
230,553
177,467
87,549
168,590
198,845
257,1066
219,620
219,470
215,476
201,591
232,619
234,780
201,684
198,371
171,564
196,651
149,612
94,568
194,764
265,580
93,733
197,690
278,451
198,771
278,679
205,473
217,772
197,399
103,564
281,650
186,604
218,504
182,556
166,544
189,660
214,709
148,531
220,798
198,605
215,359
222,551
99,841
202,439
218,480
182,668
245,655
137,459
218,551
217,844
230,620
134,436
170,492
133,691
220,538
148,622
180,751
229,602
217,422
218,702
216,504
182,509
234,400
199,361
89,551
214,674
221,489
183,829
198,860
202,574
202,596
182,377
217,772
213,614
214,502
196,521
158,748
214,398
102,214
217,536
199,618
222,616
213,485
103,529
165,433
197,483
217,744
198,478
100,728
202,601
181,801
214,544
151,541
213,652
12279,142
209,396
199,740
202,656
194,422
150,821
199,755
279,678
102,639
103,598
95,414
214,982
215,725
200,681
217,1288
121,567
165,510
154,467
215,594
210,623
217,417
193,542
105,610
198,687
278,657
199,529
221,430
99,588
197,652
219,652
202,552
114,642
215,833
169,794
153,964
279,720
217,431
279,452
218,647
261,725
150,872
213,506
201,447
233,382
130,462
193,1047
213,551
197,851
198,636
217,602
199,560
201,514
167,507
98,737
181,425
197,487
197,444
196,1141
196,832
213,581
278,555
214,725
230,518
222,499
216,679
197,586
195,587
200,643
182,771
121,758
280,541
88,615
213,477
214,790
156,547
164,610
12499,182
135,725
213,363
196,614
217,491
246,692
199,703
11871,136
198,635
275,727
166,492
194,785
217,466
281,505
197,924
142,801
221,716
169,523
193,1633
229,618
99,538
151,628
210,467
222,666
197,817
88,603
165,352
102,989
125,736
117,600
12644,144
196,554
169,316
154,1035
217,515
193,438
276,861
219,510
109,873
164,507
198,463
219,817
229,783
274,863
131,382
216,543
217,671
215,1229
199,685
117,808
129,558
213,337
133,593
168,382
219,874
213,635
197,735
281,1529
221,444
213,398
214,574
184,542
120,654
198,519
214,519
183,737
277,1180
215,615
278,830
225,527
215,573
215,866
215,447
213,833
205,551
212,432
201,728
230,626
96,697
92,551
166,448
107,556
95,505
214,903
278,700
214,570
86,652
133,533
161,707
209,558
217,746
197,597
165,612
107,674
122,392
172,558
212,732
102,713
221,598
153,831
186,861
216,883
201,640
165,495
153,598
97,674
212,751
93,733
218,435
213,510
169,483
222,443
249,649
201,551
212,622
199,685
99,754
281,774
279,573
90,896
178,466
91,394
205,629
85,806
105,208
233,637
281,510
250,667
106,357
92,406
197,692
86,494
246,633
278,567
150,537
199,516
218,726
89,515
213,718
92,637
200,672
130,463
198,611
93,709
279,681
197,681
88,760
95,802
277,581
247,495
202,678
215,540
233,405
183,656
213,721
126,464
201,689
12091,112
197,530
130,494
217,603
215,852
250,560
155,537
174,484
197,829
185,345
214,943
217,745
210,464
209,587
101,808
197,582
220,839
214,677
166,422
198,658
202,656
214,549
213,523
11904,139
113,812
189,599
169,554
260,587
198,502
215,679
11642,150
217,653
97,834
197,652
176,650
217,670
146,637
213,818
229,604
202,599
213,489
197,768
107,409
278,587
12139,140
101,972
128,468
200,599
171,579
183,376
186,749
248,483
165,776
282,507
106,493
209,480
193,492
197,447
153,613
222,727
205,466
166,397
197,505
214,434
201,569
281,502
205,541
217,805
101,384
12085,229
220,628
201,389
214,788
210,551
221,753
175,547
88,536
230,525
165,689
146,742
106,646
178,703
217,567
210,613
202,647
169,391
216,688
182,455
91,501
190,693
109,854
198,655
217,772
198,512
94,718
90,930
197,693
216,390
212,510
198,471
229,356
12139,134
214,592
195,719
120,870
189,698
250,505
281,608
278,792
94,784
200,666
166,673
136,749
96,697
205,533
233,683
278,734
201,435
157,894
215,653
219,770
218,672
165,788
141,630
12655,122
196,503
248,483
214,539
218,933
12163,160
99,686
103,500
281,624
11871,147
166,396
277,764
245,629
184,660
166,563
221,406
174,858
196,803
169,687
12016,89
213,436
197,442
171,648
225,595
217,614
200,559
216,666
166,542
214,692
261,644
172,777
198,686
217,638
198,460
214,761
213,462
218,613
201,755
206,387
217,599
201,868
196,446
182,532
214,869
180,625
218,603
214,687
170,879
198,580
214,640
214,551
286,749
214,578
114,543
214,708
214,504
198,725
202,799
281,705
220,591
246,591
213,1073
165,888
229,583
277,487
218,756
201,819
185,431
92,651
86,552
199,724
134,793
197,563
12644,144
133,755
279,384
12644,134
277,522
101,885
231,391
137,583
11636,140
198,357
213,542
149,951
166,568
184,528
198,638
199,765
198,546
214,452
214,679
198,535
229,685
218,487
112,861
265,559
209,675
216,668
97,431
217,606
216,537
86,580
172,521
198,573
166,693
12184,125
221,601
198,530
186,348
12184,194
185,548
12154,221
229,516
93,616
279,490
194,653
86,705
197,486
218,922
228,880
217,612
93,811
214,617
168,455
100,546
213,954
103,602
201,488
197,395
213,455
95,415
215,655
95,522
216,513
216,649
93,436
217,573
86,364
198,643
153,852
202,755
186,789
149,696
148,785
246,627
198,793
215,567
201,581
12184,145
219,698
217,431
198,560
105,447
201,590
94,530
262,559
172,645
86,487
195,706
219,871
221,690
86,576
211,704
164,493
221,454
214,425
94,729
182,749
260,716
145,472
164,602
198,409
197,467
278,571
201,776
198,742
199,755
214,454
146,541
102,1043
212,492
213,592
129,538
209,597
165,494
12163,132
230,691
199,477
231,774
277,691
198,510
193,522
182,655
198,468
217,740
153,691
165,682
221,610
273,715
89,560
146,823
212,334
182,407
93,774
165,590
214,411
212,618
214,610
101,690
101,839
215,439
278,475
129,447
133,496
133,555
199,507
100,850
221,813
213,890
173,744
213,751
199,657
281,430
96,449
215,717
168,709
180,453
182,410
232,614
182,539
214,883
205,564
214,770
213,554
81,566
99,712
199,669
154,552
198,436
113,666
217,449
214,538
137,553
205,664
177,775
101,777
215,443
217,634
181,390
228,592
202,711
117,619
221,578
218,656
215,719
212,882
217,684
184,753
195,533
201,390
280,584
198,618
199,802
214,927
215,707
213,600
85,872
277,581
278,441
218,467
217,589
202,388
137,487
276,606
196,454
183,813
214,530
197,528
201,843
217,672
216,733
11734,131
273,620
278,716
174,488
198,444
199,1084
199,632
193,625
171,561
197,655
282,619
150,514
94,652
141,521
169,719
258,620
198,523
161,600
221,676
185,780
93,735
230,603
87,859
214,450
183,889
218,633
180,463
214,443
217,443
201,476
95,554
198,564
209,515
97,707
213,503
170,623
198,463
118,770
201,642
97,637
197,603
182,555
167,522
215,629
87,589
199,1046
215,495
196,635
200,596
214,478
201,680
212,575
161,676
169,744
201,538
183,555
205,629
180,784
199,782
222,658
234,540
201,420
218,682
217,883
265,917
214,627
218,667
220,831
117,579
201,654
11926,218
102,513
277,554
214,643
198,455
229,618
169,627
179,642
165,673
218,464
91,707
11743,158
216,487
281,443
12211,130
199,943
199,507
193,731
213,674
212,614
225,452
205,437
199,438
118,765
151,668
151,543
167,601
217,584
149,588
213,764
205,846
206,510
201,775
197,614
285,641
95,708
168,391
278,555
183,507
225,740
197,686
169,351
198,949
212,689
12211,116
183,675
201,490
195,468
201,646
233,509
167,443
195,695
196,578
200,650
184,544
115,584
170,686
229,647
185,390
217,553
198,607
12085,151
199,502
278,456
166,595
181,364
94,223
214,541
213,684
215,647
193,551
99,846
134,613
215,383
278,425
166,457
170,661
167,674
185,668
199,859
201,938
107,657
154,567
220,812
11926,136
279,767
180,531
216,615
217,546
231,419
12418,129
177,496
105,859
230,719
137,633
166,503
214,617
164,444
94,445
200,771
214,533
213,748
215,608
214,428
214,1601
218,667
196,521
281,713
181,442
114,672
233,504
198,471
211,467
182,731
12154,147
217,678
201,733
215,668
106,435
212,435
248,344
214,441
230,654
87,362
202,629
217,698
166,675
130,446
218,896
195,617
184,661
202,385
12407,205
217,518
12655,159
177,690
198,797
214,759
86,576
213,614
164,613
96,662
169,508
12364,209
200,594
98,684
179,587
214,597
210,783
214,640
163,490
199,624
233,514
218,786
276,833
217,809
281,672
209,721
205,675
143,503
281,480
214,620
167,772
125,658
93,554
181,406
99,566
98,392
88,433
185,523
216,629
198,644
102,800
209,567
147,425
197,507
218,847
212,740
219,491
214,546
182,688
198,526
281,532
153,744
233,475
11642,153
276,534
231,515
229,474
165,806
213,473
214,596
96,560
215,409
184,761
12418,107
199,457
248,594
218,679
230,740
261,1202
148,429
214,524
262,579
214,600
214,408
149,545
165,817
206,496
167,428
217,867
97,593
170,435
175,594
108,750
153,752
169,490
282,733
214,848
225,454
12472,127
169,568
184,649
93,411
214,570
214,618
160,515
169,723
253,830
153,990
281,545
261,301
214,1277
133,435
216,756
219,357
214,677
198,521
113,586
229,779
230,573
286,706
225,794
199,458
214,723
217,639
149,435
198,620
200,443
215,575
197,456
215,467
250,814
197,827
217,604
197,499
11815,156
197,650
201,574
278,451
182,585
168,671
214,707
198,557
169,618
105,760
217,525
278,779
182,762
216,698
183,710
166,639
143,549
171,612
92,641
231,497
149,624
167,584
182,493
196,578
94,709
214,592
215,605
173,686
198,319
199,710
218,595
214,482
214,502
217,563
98,723
193,782
183,720
12139,156
95,723
102,362
213,454
217,815
185,445
175,536
199,546
213,999
104,1224
201,429
280,444
90,607
145,725
206,380
263,709
230,1203
218,865
169,604
157,586
172,923
167,654
230,625
197,629
173,754
218,655
198,384
165,608
200,429
182,401
216,822
184,562
277,739
182,448
215,603
285,719
11871,145
213,761
202,686
214,579
172,585
245,678
198,767
205,435
84,466
218,571
170,571
217,419
91,544
228,578
194,436
273,627
164,403
88,514
133,715
213,483
213,553
193,782
217,438
213,524
167,585
218,542
201,449
137,698
216,602
169,723
213,745
280,900
201,477
12085,172
109,384
260,456
11904,149
125,555
173,589
182,574
97,866
199,834
200,502
196,754
199,468
202,369
278,661
213,373
202,598
10747,182
201,554
280,613
102,824
221,850
196,652
217,443
281,835
96,638
87,704
200,580
110,739
185,489
201,602
143,681
182,428
230,436
276,649
199,752
201,530
198,588
205,381
86,650
198,924
215,726
94,804
11743,133
196,594
217,418
117,624
100,1022
193,723
201,614
171,426
100,746
165,579
221,424
184,610
118,821
217,503
221,701
166,786
182,373
116,576
198,603
212,622
248,759
245,889
214,894
218,542
213,425
165,556
215,651
166,1235
218,436
198,485
185,555
212,884
181,592
102,866
213,517
103,541
199,674
222,520
278,674
133,654
214,670
185,638
12154,145
182,723
11961,150
229,482
161,475
197,395
198,505
215,561
97,499
221,713
282,544
93,530
94,661
198,893
197,455
221,586
102,442
101,554
198,625
201,575
102,553
215,973
221,705
213,752
173,590
198,455
134,536
198,553
201,626
130,692
281,542
98,477
135,408
199,390
247,575
214,422
212,624
197,560
246,890
168,534
99,808
197,380
219,617
246,819
12407,118
209,414
91,694
130,496
197,693
177,642
114,646
214,682
193,488
217,531
213,621
278,419
105,785
96,490
249,853
279,594
94,453
277,539
215,484
197,642
281,479
173,557
215,656
197,832
198,676
278,558
201,374
209,644
197,377
94,383
213,415
166,564
216,670
217,570
185,585
196,863
209,395
214,746
101,467
166,468
165,544
92,561
226,525
213,575
278,687
205,639
106,442
89,462
226,1048
185,448
215,554
182,649
218,718
90,915
124,538
98,756
216,383
214,571
198,676
210,489
279,628
193,694
99,752
166,741
197,716
209,746
280,834
164,613
198,577
94,927
205,758
92,662
132,428
201,495
217,581
219,913
216,594
281,493
198,626
12091,148
101,755
152,639
100,540
213,2368
212,701
279,543
199,487
93,709
85,734
193,506
262,591
214,499
278,718
277,666
262,651
213,1155
278,470
278,532
221,685
205,809
94,1030
201,512
141,860
214,736
185,625
100,667
218,570
93,990
214,739
12644,211
190,399
201,501
233,908
196,416
165,645
279,639
167,600
227,713
200,673
91,538
213,414
278,1339
218,751
222,374
277,484
213,396
217,693
12154,208
196,446
173,565
213,902
137,494
142,647
196,543
278,630
198,661
285,460
197,447
213,498
149,510
186,516
216,539
198,594
199,495
198,569
182,494
201,492
198,741
173,637
217,681
213,435
213,493
184,726
87,464
201,541
185,429
213,486
218,722
151,797
266,695
201,515
218,522
198,470
97,770
197,542
209,492
198,493
228,475
186,597
88,481
201,449
11904,154
201,477
282,402
217,502
193,653
198,466
214,486
198,937
198,417
286,424
147,709
198,854
250,807
92,861
232,937
197,380
199,659
199,732
278,578
166,494
150,574
197,749
12644,221
276,919
214,768
217,491
212,1176
166,711
214,563
157,987
212,644
218,874
215,632
85,890
279,536
277,757
278,781
214,547
198,472
153,706
279,899
146,762
206,423
197,680
217,416
115,962
213,685
137,698
91,402
96,531
201,415
277,422
214,589
209,594
12644,187
12139,136
120,515
179,740
205,389
201,632
183,658
111,636
214,753
197,513
201,463
197,553
89,425
266,834
149,648
214,607
89,521
194,523
131,719
214,598
122,487
278,543
214,626
281,826
203,608
230,901
202,422
278,780
169,557
219,828
195,411
168,467
276,627
273,848
11869,148
206,703
174,749
213,610
111,561
279,670
193,591
217,644
181,734
125,545
231,536
182,602
97,771
167,517
274,719
166,691
201,661
185,418
218,636
182,494
196,433
148,386
149,577
274,470
216,462
165,614
278,584
218,751
117,581
229,657
213,800
12085,209
190,551
205,367
232,843
214,445
197,591
182,907
285,731
222,874
149,873
193,707
215,453
153,438
221,956
217,805
217,506
196,664
281,755
214,441
213,438
200,538
175,642
231,709
198,595
273,715
198,697
106,939
12217,152
153,825
198,396
213,517
219,561
196,615
193,653
233,709
281,778
199,328
230,729
213,768
215,379
217,660
198,663
164,896
197,508
184,624
281,816
169,540
145,439
279,806
216,526
169,687
279,568
199,613
167,774
185,785
262,643
198,718
246,897
118,859
200,505
133,596
199,640
221,525
218,515
164,590
214,509
217,464
218,604
246,708
166,667
175,552
169,773
201,474
216,583
12139,140
205,570
220,831
217,692
217,476
215,692
198,615
213,356
130,586
264,634
85,654
198,430
212,469
198,508
216,852
93,528
164,712
198,683
199,476
218,589
279,679
222,504
173,590
222,751
246,750
200,667
167,577
278,841
281,883
245,768
221,578
227,517
198,633
164,609
149,969
138,647
214,610
199,696
202,477
165,647
214,510
198,733
185,701
229,657
230,461
273,576
177,614
112,551
277,576
175,438
201,577
218,600
213,505
202,583
150,652
198,703
93,724
215,729
217,810
197,407
215,652
169,557
102,797
199,398
195,759
89,652
161,506
265,442
215,725
199,581
218,620
214,444
278,533
214,384
199,623
94,825
212,555
217,475
215,624
161,504
205,509
216,904
199,642
217,555
217,594
165,673
12285,144
11871,170
182,669
279,702
280,694
12154,171
213,461
81,566
181,602
198,763
197,458
88,580
281,643
102,840
92,322
202,870
183,387
169,908
278,558
216,556
185,425
214,513
233,716
134,522
183,584
129,538
213,833
214,524
12015,151
197,851
87,407
122,757
198,577
231,642
168,818
230,1140
215,568
12015,109
8970,140
199,390
89,843
218,572
97,466
276,409
279,605
199,448
202,445
182,489
88,643
278,518
201,800
197,409
164,666
277,572
97,627
199,662
221,394
169,422
198,699
12644,134
277,482
198,521
233,474
197,474
93,499
222,761
225,571
153,691
195,571
213,660
213,540
151,682
214,725
180,706
198,524
199,577
198,715
101,649
85,846
151,354
134,536
221,650
230,428
217,697
278,528
102,853
148,759
221,672
215,500
141,555
103,608
193,461
117,386
88,521
246,627
209,725
214,564
205,741
198,452
193,463
215,461
199,589
197,776
212,496
200,475
172,394
143,564
244,639
202,509
214,611
199,470
231,843
190,593
196,528
186,411
92,661
161,423
164,644
166,585
279,612
216,753
218,843
12278,127
157,385
218,496
12278,126
217,738
12085,146
213,503
117,564
167,846
230,458
201,356
199,444
117,771
198,601
196,838
178,710
188,650
196,988
201,403
218,1095
213,564
182,355
197,591
213,526
212,679
247,718
217,997
182,516
229,854
213,688
225,737
218,733
230,645
231,615
198,824
149,456
278,555
166,508
199,749
214,456
149,598
280,478
234,405
217,890
286,782
216,505
197,564
217,581
147,740
277,804
229,507
279,626
200,503
215,619
201,639
246,664
181,592
97,901
201,701
213,693
185,393
198,829
206,648
93,634
214,584
214,418
94,750
202,647
277,814
113,780
183,422
93,791
196,882
197,524
100,470
198,847
211,433
12535,113
164,418
198,440
217,807
173,543
205,341
167,935
211,648
201,708
114,547
276,726
99,668
94,656
100,943
213,804
107,436
199,896
86,705
198,703
187,683
185,503
249,847
94,314
286,496
213,770
213,652
214,466
91,638
116,842
198,624
101,786
111,480
212,1033
285,537
279,659
213,765
197,557
245,771
199,700
278,368
212,618
199,450
172,499
281,549
217,693
173,716
217,515
158,573
110,645
130,442
166,531
273,545
281,481
216,932
171,616
169,551
221,724
125,626
11815,130
11926,151
174,459
238,511
198,422
229,913
193,543
179,679
215,622
215,588
201,742
11961,108
277,903
220,766
278,581
201,779
278,377
258,485
193,546
198,554
218,532
216,719
222,865
215,417
170,739
221,771
198,628
205,327
201,490
279,485
215,379
87,463
206,436
185,709
214,498
193,681
175,529
197,506
210,496
202,454
218,342
214,607
213,686
277,769
201,544
99,846
209,530
213,395
117,642
11871,130
165,504
104,604
217,447
278,617
215,621
202,477
118,553
217,402
214,560
11815,119
118,643
199,414
183,453
188,490
147,488
177,484
182,438
193,423
218,442
213,383
237,902
216,639
102,429
205,614
215,471
277,405
217,415
174,604
200,876
213,966
151,643
198,435
217,579
193,703
214,605
183,377
196,709
215,509
101,618
94,342
201,521
281,532
278,571
166,1030
213,388
92,704
197,656
216,522
179,402
281,558
221,444
198,673
216,402
221,429
218,605
221,554
200,744
193,542
119,743
183,560
277,615
201,661
142,812
213,632
197,444
214,604
90,1042
195,786
215,540
269,441
105,695
263,446
216,938
201,411
278,821
12163,145
262,515
176,659
165,661
214,771
109,766
217,622
209,562
230,732
120,513
217,430
181,845
215,425
231,505
276,644
198,551
134,533
215,527
166,393
216,808
230,455
166,609
229,593
217,639
120,778
275,546
183,755
214,423
148,471
201,430
247,747
281,553
212,804
165,500
213,790
92,609
200,390
198,461
196,745
222,729
221,624
222,747
277,760
151,471
97,673
182,713
199,828
214,537
219,894
215,659
166,483
174,578
215,820
150,563
118,566
126,804
152,655
198,689
215,552
169,533
198,450
214,469
212,582
12139,146
106,939
212,603
214,698
214,815
277,687
198,732
129,619
214,404
164,731
195,634
277,431
181,552
195,792
151,594
214,700
162,771
205,510
215,710
183,516
12499,149
217,519
193,769
214,585
213,513
199,560
150,479
197,609
266,520
241,652
165,686
222,461
286,1056
219,491
169,521
214,510
11743,134
215,769
217,821
215,528
215,437
218,559
11636,159
205,392
196,490
12154,124
185,458
279,706
105,409
166,669
244,539
222,675
213,435
276,453
217,1008
101,579
11904,120
195,493
216,709
205,794
185,536
228,611
162,576
185,538
230,593
135,681
278,792
215,540
199,649
213,604
230,621
183,646
12448,170
215,476
186,461
201,575
182,427
221,759
214,644
273,576
162,447
12364,130
206,821
166,707
210,489
180,407
213,620
197,547
97,499
218,478
197,646
190,544
198,505
217,623
97,575
172,554
200,451
274,625
278,568
137,565
11815,185
201,444
182,468
212,449
243,878
209,587
215,523
165,590
201,919
217,824
286,782
184,492
194,533
205,521
217,554
177,613
196,635
278,565
279,618
278,793
217,667
214,435
213,623
151,325
281,539
278,649
198,479
170,688
197,773
172,519
201,588
279,587
200,728
277,397
217,673
279,600
217,528
214,827
279,396
194,460
117,386
215,855
199,838
201,467
148,664
246,734
199,345
199,751
193,465
87,674
221,651
198,637
162,769
198,737
214,382
201,461
214,1001
201,567
202,496
149,756
197,603
280,669
201,551
175,778
162,376
92,742
277,984
238,574
279,673
201,446
214,575
196,499
209,671
197,471
221,567
198,511
214,395
209,477
217,455
149,531
169,603
220,972
230,550
196,617
190,765
102,612
94,674
277,572
198,797
12139,140
197,542
212,427
217,484
277,588
201,523
215,544
149,468
278,540
142,540
217,638
199,684
228,757
183,378
164,630
197,747
201,402
196,676
105,687
150,647
213,503
12163,164
215,673
213,776
197,696
281,515
218,524
198,534
279,893
216,749
195,683
151,566
200,577
197,535
198,624
161,549
92,785
214,369
177,446
218,570
242,582
182,476
198,546
198,721
103,426
197,550
221,577
228,440
94,628
212,557
182,597
199,773
217,572
99,431
196,480
198,614
100,552
217,494
217,532
198,413
230,621
12139,240
222,529
215,896
12156,123
167,669
229,665
12163,133
184,558
230,764
215,760
213,460
216,668
218,528
214,710
197,733
116,640
213,647
169,678
173,498
214,750
114,672
214,586
225,927
215,559
216,428
278,657
200,597
217,622
232,617
179,714
198,752
101,1044
201,490
173,488
214,774
83,577
167,585
218,442
151,771
197,521
212,847
135,577
214,612
218,792
175,618
216,547
222,656
229,525
92,471
213,1025
218,700
246,666
276,435
217,634
198,656
105,668
212,381
167,502
264,613
218,369
89,1284
185,855
92,670
225,574
87,494
198,656
215,404
197,756
277,457
185,632
221,421
149,740
106,539
214,587
217,401
238,661
197,708
201,702
209,366
214,435
197,412
217,506
174,550
221,686
278,864
169,531
173,412
232,849
213,466
228,476
91,540
218,605
217,565
218,757
213,555
214,498
93,534
279,1383
212,611
197,696
185,616
143,567
199,678
193,629
202,479
95,724
152,418
199,429
226,525
215,530
278,986
212,573
99,447
130,402
167,613
183,586
214,436
98,814
133,510
201,600
135,475
222,964
179,568
214,697
169,719
269,518
198,461
189,703
221,554
221,745
12015,130
145,525
218,630
181,716
215,661
279,640
169,586
181,488
198,674
198,374
150,398
218,493
199,475
150,428
198,528
216,765
214,668
198,594
279,691
149,388
89,843
219,559
218,776
169,475
217,721
222,621
152,566
199,795
199,564
230,786
213,630
81,524
213,485
214,801
215,494
233,745
214,741
218,867
276,551
218,511
12644,150
277,715
11636,124
230,553
147,688
222,718
12655,116
197,747
281,769
199,369
169,875
274,722
196,656
199,848
181,405
222,470
265,688
199,514
197,879
199,798
281,625
173,644
182,770
135,597
277,804
216,607
217,393
213,853
214,489
279,572
172,529
196,900
12184,194
137,715
181,691
199,538
165,545
213,637
213,447
215,544
233,781
217,870
165,652
89,674
12217,181
86,581
12525,117
226,468
90,657
212,488
214,608
213,696
181,544
229,650
213,368
198,592
85,759
150,678
217,604
198,463
212,666
221,703
214,420
92,605
198,642
220,798
233,574
230,601
151,912
265,609
206,511
279,420
215,548
213,805
198,519
197,592
173,715
166,616
219,815
90,650
216,690
182,499
217,634
214,700
213,691
219,1261
198,474
157,952
151,665
85,793
278,742
96,592
217,430
132,620
215,618
198,475
182,408
198,605
221,476
198,483
218,711
280,813
217,475
216,459
198,569
196,883
169,704
87,584
201,428
184,765
190,521
221,462
149,777
214,1426
200,703
98,626
230,931
88,584
209,538
262,566
12211,120
230,368
217,541
152,516
200,524
215,629
9859,165
245,759
219,723
217,748
102,621
86,372
201,758
215,427
214,815
212,632
92,692
11743,134
198,594
261,702
101,840
214,626
150,805
259,716
214,695
246,666
278,449
12655,138
215,383
196,642
135,537
183,496
94,672
120,654
201,563
186,622
12524,157
153,728
232,937
153,428
12015,132
214,714
198,619
11926,158
222,435
150,798
222,678
261,740
181,662
216,620
86,536
181,571
200,476
213,659
168,652
183,479
214,483
279,739
215,473
185,781
198,508
11904,136
167,382
194,425
201,495
166,377
86,630
199,475
181,921
166,431
186,806
129,464
168,748
246,330
212,415
185,523
229,482
198,666
277,826
218,713
93,410
91,576
12154,143
186,511
122,493
216,552
213,580
215,532
85,511
201,646
199,548
198,706
117,821
197,749
183,503
198,507
180,881
217,560
89,551
276,621
201,545
214,482
221,421
211,569
148,636
128,778
168,777
216,477
93,805
216,689
211,662
149,767
181,601
215,812
221,603
120,687
281,677
177,653
212,688
201,800
218,491
101,860
214,619
103,598
195,474
217,665
181,859
198,578
12364,168
93,595
200,642
202,350
212,511
215,561
198,558
12156,112
81,382
186,687
218,787
201,529
202,434
98,647
214,884
211,561
214,578
213,554
165,435
213,1186
254,645
167,549
210,542
12278,167
279,839
213,885
164,596
214,733
221,665
215,430
98,659
234,754
214,569
165,646
182,467
92,509
214,402
161,567
277,594
199,834
213,766
167,537
196,441
209,669
185,601
277,487
197,483
209,464
221,470
104,547
281,540
167,517
182,612
214,746
198,579
12448,134
138,439
285,545
169,652
285,433
93,531
201,575
209,666
168,585
225,362
162,540
180,591
197,485
197,334
215,678
88,433
230,733
148,752
217,765
198,612
194,601
214,467
197,663
213,760
214,821
218,862
216,504
166,607
185,713
219,703
149,514
93,774
169,756
202,625
164,580
201,587
231,619
211,1132
199,648
101,675
198,633
166,739
130,530
101,435
246,692
153,634
279,639
214,783
185,505
198,651
214,625
182,731
182,506
276,413
260,717
246,597
93,850
198,632
12139,108
201,507
194,453
218,691
221,478
213,554
244,692
181,624
214,956
218,850
209,493
174,477
222,532
246,796
165,628
12525,167
202,422
215,610
246,451
11926,123
213,418
234,298
185,425
275,611
221,909
185,413
201,796
214,546
185,719
94,469
169,528
156,533
212,679
212,412
181,689
215,484
12644,183
202,631
197,411
209,865
180,778
278,452
217,636
125,745
12364,132
215,474
199,596
168,386
282,763
221,707
201,446
217,576
276,714
219,667
102,457
202,692
205,551
279,511
200,595
198,371
212,479
202,638
216,655
278,715
201,556
11961,117
198,539
217,417
197,575
216,558
197,449
213,551
214,481
198,397
198,524
92,478
217,568
199,565
279,453
221,360
215,602
220,623
261,750
214,450
205,746
198,668
216,409
201,778
201,819
217,377
205,435
222,720
165,523
215,828
212,755
140,500
215,655
166,426
118,616
205,680
198,673
218,687
228,513
154,861
218,404
280,683
134,465
119,686
216,573
161,484
228,476
186,622
265,550
209,908
233,647
198,725
91,618
278,812
212,468
116,731
98,604
213,528
215,755
212,547
11743,133
197,674
202,433
218,637
214,572
165,618
230,522
201,689
215,383
121,979
148,472
282,571
105,1096
198,493
183,561
194,519
12655,159
132,372
202,499
261,683
217,484
231,675
12364,136
117,766
92,478
213,575
150,824
217,551
102,1218
217,419
194,656
217,647
198,648
154,1035
281,435
170,626
99,429
169,651
217,308
211,578
198,452
91,522
149,574
183,817
281,460
179,509
217,530
12154,169
221,593
166,479
212,603
89,731
153,664
225,753
106,487
216,922
193,485
222,718
88,328
198,449
214,422
11743,142
12154,133
198,552
92,604
246,404
87,514
184,743
233,673
169,632
12015,169
118,729
132,461
221,637
214,820
214,740
246,910
220,766
212,645
282,551
12499,165
280,435
214,747
197,573
282,754
197,682
173,741
198,822
183,766
234,592
214,750
214,462
142,659
198,743
97,606
197,900
167,690
277,605
198,426
233,713
218,592
216,756
214,901
180,479
95,704
217,972
278,600
197,363
165,774
216,1030
214,509
197,503
215,629
87,594
197,560
136,438
217,683
167,602
12049,135
219,711
277,1015
171,679
177,903
212,552
278,394
225,524
213,574
150,646
215,624
205,556
198,706
214,484
214,407
189,421
150,485
277,465
230,300
217,1055
197,845
183,389
232,587
197,560
277,885
249,648
198,471
179,501
229,780
197,569
280,563
94,749
260,788
102,809
198,431
201,540
131,949
213,712
12154,137
12407,232
198,505
177,566
285,390
218,679
198,569
98,614
215,434
183,647
217,490
212,578
214,536
180,799
201,530
166,661
200,472
199,481
212,643
201,777
263,651
279,730
89,929
233,332
237,597
197,794
201,535
184,429
197,583
155,515
101,840
132,500
218,520
213,835
149,707
198,586
142,630
198,702
278,726
147,633
233,841
151,698
249,678
201,854
198,388
12377,153
172,533
198,579
190,707
197,702
217,763
217,719
214,530
215,616
167,582
199,511
12644,134
217,422
225,843
170,490
232,725
166,439
197,493
193,679
217,655
281,573
212,761
168,711
169,380
110,741
12279,131
94,596
214,448
213,686
111,484
189,799
246,608
201,728
175,662
197,554
87,386
11871,199
94,699
196,677
233,711
198,572
198,423
225,665
218,477
205,457
212,578
134,462
148,622
94,749
225,543
231,593
182,583
199,397
12655,120
212,658
220,862
213,475
197,532
197,390
265,581
218,919
215,326
214,686
217,463
91,710
93,614
95,544
278,656
214,378
218,1076
173,463
12139,135
201,415
198,540
213,385
199,627
161,549
198,734
107,1032
221,717
142,725
102,632
96,707
198,599
99,686
12139,125
182,738
218,676
181,399
197,632
281,582
222,578
198,673
85,344
277,687
93,780
230,523
238,881
215,642
216,436
97,564
213,575
237,674
181,597
183,569
90,712
214,596
180,625
213,587
277,471
172,620
181,466
182,638
149,510
213,547
213,596
169,748
11871,164
197,565
198,479
166,518
231,557
185,823
221,536
257,572
197,535
273,348
215,701
213,420
87,446
215,676
202,257
199,620
201,570
133,986
198,519
198,559
167,625
86,637
277,484
169,405
217,496
165,826
213,557
179,421
218,1095
169,542
198,659
96,781
12377,138
279,527
198,1070
201,397
194,615
86,473
215,660
97,738
230,864
197,664
205,747
151,643
280,586
218,355
168,457
216,711
172,554
197,434
217,426
222,549
189,798
221,599
202,651
97,671
197,476
215,708
209,783
198,479
217,942
172,597
94,842
209,472
167,769
199,456
209,531
250,728
198,590
213,905
177,700
281,663
214,640
218,507
197,559
282,725
213,393
197,800
201,616
194,634
214,618
182,639
265,758
176,554
212,469
277,567
215,551
214,628
109,656
179,683
183,571
218,379
104,676
213,745
165,689
141,595
102,879
169,794
185,561
214,535
182,907
205,442
214,632
122,390
107,729
232,612
173,590
280,884
201,521
217,548
12085,212
281,774
199,493
278,917
166,695
117,857
166,442
202,727
198,397
202,395
277,489
140,389
215,639
12154,130
185,460
92,570
199,746
213,513
172,733
238,574
218,678
222,548
216,743
198,717
166,371
216,778
250,551
194,777
11926,195
202,614
165,589
280,627
277,683
198,599
93,523
199,487
217,678
217,556
201,596
278,688
218,634
215,846
197,716
129,505
202,496
95,696
166,649
148,381
218,514
205,379
149,417
217,1172
169,674
166,451
178,574
231,403
199,673
278,616
221,626
93,613
281,453
213,1116
167,393
12364,237
12154,169
264,762
12154,202
201,720
273,669
234,592
231,975
213,637
97,738
12163,156
167,768
216,720
169,849
197,517
215,473
281,698
212,622
168,384
183,766
106,521
221,452
212,407
277,498
213,695
170,627
279,543
280,639
215,561
169,525
220,623
213,1426
12049,198
213,979
217,438
219,576
88,648
173,501
210,478
169,650
201,687
185,639
217,604
221,730
197,681
165,673
197,640
149,612
12553,120
215,502
216,805
166,670
12085,132
103,643
198,650
217,570
199,767
214,434
215,418
103,933
217,588
115,514
230,633
197,486
220,459
221,682
213,784
231,599
181,448
212,1281
198,731
214,460
197,413
141,363
94,692
218,506
217,433
213,479
216,814
227,428
225,612
166,828
217,804
213,841
216,378
197,614
213,672
215,537
217,448
197,371
215,455
181,600
205,711
117,997
213,751
217,377
214,588
260,716
197,570
182,646
220,387
214,447
193,485
285,759
231,488
185,456
215,517
181,594
198,421
193,610
171,478
167,533
218,603
226,589
220,512
222,685
213,542
90,701
197,393
155,552
279,604
282,475
279,528
129,714
197,630
93,709
185,520
198,667
182,644
201,470
229,492
182,701
217,624
190,533
83,575
169,707
94,739
166,718
146,753
167,500
213,604
199,560
213,655
196,455
180,550
199,441
231,615
201,431
178,553
199,674
150,662
94,889
181,530
221,677
197,515
212,757
105,492
286,803
120,424
278,601
102,669
199,512
232,549
201,709
170,691
214,427
199,584
198,402
213,762
216,589
213,724
198,695
167,438
214,496
270,884
201,680
175,737
212,539
221,544
215,621
277,611
217,438
278,428
130,541
180,540
278,543
225,561
221,444
85,382
12184,122
167,419
217,614
220,520
245,724
217,568
86,630
12278,132
217,751
215,511
93,665
215,459
200,786
119,443
214,795
182,517
86,830
246,562
180,623
212,436
214,1213
213,509
209,441
221,685
98,776
185,400
198,599
274,541
278,891
215,701
205,479
217,663
275,514
202,415
182,840
221,606
199,577
117,476
225,564
205,536
198,473
253,609
217,624
213,803
182,414
166,420
221,513
196,432
12644,155
169,708
234,780
232,564
213,429
193,511
197,359
193,878
212,618
12217,130
199,542
175,571
181,572
99,808
217,574
149,590
215,694
130,859
211,496
217,707
202,812
200,805
85,565
214,631
197,849
196,746
161,462
105,298
166,694
222,465
118,413
12472,124
273,749
209,565
215,439
233,637
280,751
221,420
167,428
210,490
196,417
212,763
183,469
217,532
194,762
197,843
12377,142
95,705
152,703
167,585
276,752
183,911
201,559
209,454
145,743
213,554
189,789
219,747
198,493
199,596
133,667
281,530
181,463
281,743
87,458
173,513
214,470
103,344
200,525
177,554
93,733
215,694
185,930
215,572
102,299
199,551
217,585
199,434
164,677
198,557
200,711
282,947
215,534
169,514
166,666
8970,140
214,563
220,570
135,1117
181,490
95,524
213,750
198,500
97,467
185,559
206,649
214,577
216,589
214,482
215,493
217,590
97,700
150,648
214,447
150,434
181,878
12644,172
182,681
262,505
197,502
164,391
199,615
258,475
262,378
222,497
249,649
213,816
214,741
249,645
132,705
196,1001
182,629
97,834
150,1677
103,636
217,722
197,475
221,667
93,690
201,573
12211,138
178,511
130,391
219,530
197,600
166,428
217,269
216,671
119,673
196,583
201,507
197,493
277,504
132,790
213,439
180,667
231,578
199,409
214,539
172,572
216,415
183,718
205,514
169,679
100,493
200,951
123,680
91,580
183,984
217,526
201,446
196,541
166,619
167,654
214,971
201,538
217,653
278,520
153,750
164,533
198,648
213,1283
165,680
133,472
199,484
198,689
197,342
183,786
245,791
185,641
199,480
93,727
165,473
218,968
197,544
214,613
97,690
221,750
277,629
197,395
119,442
212,708
151,444
245,637
198,476
137,618
151,820
241,589
198,794
214,566
119,656
86,412
165,536
210,431
181,757
277,965
263,469
221,1678
278,681
165,522
12278,116
233,564
214,437
282,383
209,525
280,516
279,709
277,743
214,418
217,763
137,506
164,592
202,716
99,660
104,448
115,695
122,569
282,360
201,522
215,528
198,610
185,799
214,617
197,499
138,585
166,610
202,665
109,953
165,869
197,744
264,634
217,838
209,582
250,532
214,429
212,544
217,699
214,648
212,740
222,400
148,612
12154,147
198,631
172,459
221,720
218,833
117,838
214,817
184,581
229,522
229,537
182,681
201,872
282,524
96,781
214,550
214,693
98,598
119,712
215,444
186,780
215,527
97,676
183,765
215,795
12091,177
168,642
200,510
12655,100
201,486
214,517
266,500
230,931
174,416
217,757
231,606
183,496
201,505
216,602
12163,116
214,539
165,491
212,801
214,755
215,701
215,609
198,576
209,544
246,809
12139,118
86,469
234,634
197,404
245,380
213,440
217,990
221,424
212,480
200,598
213,551
100,363
185,483
196,505
89,454
213,730
221,411
192,759
198,674
217,490
12016,114
108,801
217,527
205,643
167,671
277,409
198,432
98,797
151,750
198,440
202,882
165,563
177,689
151,552
214,445
217,321
98,700
232,695
209,585
12163,142
215,593
213,577
216,479
101,649
214,693
213,489
88,549
201,440
96,571
217,504
202,1019
182,506
221,938
199,507
194,365
197,643
213,532
99,702
197,558
166,609
198,457
110,576
196,584
198,401
276,627
212,641
214,475
133,720
221,708
199,552
198,384
205,618
215,590
263,722
213,607
105,942
213,578
200,649
225,689
102,457
262,441
199,450
213,394
196,562
198,540
214,430
218,436
175,906
214,608
202,521
282,1065
201,363
199,640
217,549
100,651
201,575
257,527
184,329
122,487
219,552
183,553
214,532
265,839
214,752
218,777
166,507
232,421
221,813
96,746
201,640
214,586
198,533
218,683
181,676
12553,160
238,675
215,583
144,561
166,525
186,432
201,620
166,407
216,655
134,517
168,646
215,519
216,619
202,425
201,564
225,965
148,735
217,725
165,654
217,735
278,819
197,967
217,431
280,683
230,697
87,458
229,630
216,676
196,599
198,572
209,497
184,568
229,641
105,603
218,550
11904,123
197,692
278,757
11926,124
285,575
198,609
212,543
213,418
229,521
202,605
183,527
181,518
205,462
200,618
279,678
201,509
199,434
231,524
201,901
198,728
213,429
11904,134
198,664
214,539
120,565
218,587
214,679
117,642
198,709
214,778
198,455
228,495
91,777
183,703
197,888
196,435
92,647
12139,178
120,778
199,608
173,574
231,608
185,686
214,569
183,503
218,523
129,389
198,715
184,606
198,658
12139,117
212,425
158,442
211,791
168,493
232,654
165,407
193,421
228,757
273,1497
166,469
218,491
117,564
262,926
182,806
198,381
222,694
197,534
175,906
182,644
169,756
202,868
277,455
174,416
246,576
94,545
197,580
214,607
169,418
215,582
200,1002
165,867
282,676
246,492
97,1374
214,576
221,664
12015,163
230,644
218,683
12015,130
190,495
169,742
193,817
218,442
209,878
185,532
219,804
134,433
201,984
181,568
260,757
222,368
130,654
215,434
221,525
213,468
172,655
276,582
198,455
161,640
219,575
219,1261
217,530
213,814
182,507
214,605
11671,172
197,642
213,471
277,461
213,499
164,707
128,432
197,371
214,634
129,620
280,625
91,587
276,680
215,1014
216,407
198,552
198,540
277,823
98,900
257,555
217,549
212,626
266,576
198,820
199,355
93,661
214,633
205,541
230,480
214,667
180,471
212,591
218,611
213,878
12285,138
166,701
193,862
181,602
214,549
277,566
260,562
197,500
147,502
199,532
190,608
277,524
197,537
215,541
217,813
214,518
12139,144
201,814
90,497
214,701
281,479
279,612
221,391
198,681
198,579
175,394
198,620
107,747
218,736
182,574
110,685
197,493
175,542
93,705
214,453
137,386
201,844
198,733
230,408
282,440
228,618
213,592
217,706
222,816
200,441
213,621
217,475
96,883
12655,113
214,733
145,667
201,495
275,565
228,848
170,433
170,606
121,711
217,610
201,439
182,717
194,454
277,533
218,818
200,490
129,666
12644,164
218,581
210,426
281,545
199,936
167,528
201,563
133,749
218,613
101,807
102,713
198,441
199,488
277,574
199,643
201,581
200,815
206,774
123,525
166,432
198,487
198,587
173,454
218,517
201,551
218,543
198,582
278,476
280,664
198,491
218,440
167,724
201,631
165,712
218,507
170,784
199,582
101,726
113,650
275,535
209,618
113,399
241,692
213,573
179,439
213,601
190,774
214,462
185,678
197,587
273,617
229,568
221,658
197,637
201,944
92,453
216,534
197,499
217,523
198,692
199,618
165,740
197,601
97,335
200,670
197,570
199,533
83,689
217,950
172,702
232,614
246,610
196,565
197,572
125,362
133,561
198,782
279,586
217,777
122,681
163,610
198,965
169,477
163,570
214,894
173,928
214,426
214,393
212,553
199,641
155,416
218,679
217,421
216,718
178,627
153,631
205,893
181,478
237,636
170,508
103,630
201,508
183,632
170,702
217,655
94,693
102,630
201,496
93,654
181,568
183,558
186,405
279,967
135,620
198,330
218,653
199,398
215,771
161,629
198,852
214,725
221,637
199,656
89,721
201,636
285,678
211,528
246,690
213,517
198,453
198,529
142,677
167,743
217,553
96,712
217,551
112,581
157,541
199,432
199,779
81,454
202,630
200,573
277,398
175,649
214,662
198,717
246,541
217,650
162,594
218,750
279,536
229,641
181,465
277,456
94,937
277,806
196,551
198,700
165,797
94,1128
164,669
186,455
202,527
125,545
200,414
85,474
198,588
214,479
93,520
182,641
213,613
201,655
280,437
218,541
101,698
199,644
12019,161
262,666
185,732
214,456
214,486
221,566
87,449
230,530
100,1029
199,492
128,551
212,603
8969,126
87,710
94,1105
102,555
216,747
216,387
286,414
285,405
194,552
88,660
12211,122
87,573
214,523
218,668
214,568
195,564
164,499
218,409
279,433
182,628
206,482
218,624
197,487
214,557
102,924
202,580
246,910
198,864
150,563
133,711
279,673
183,544
129,597
286,945
275,779
214,591
127,610
215,818
94,745
181,418
12581,138
199,375
12418,157
142,812
233,597
229,608
185,692
197,362
281,451
126,686
218,624
217,460
149,506
218,444
228,424
218,550
193,741
210,655
167,669
150,642
197,858
196,584
220,512
278,830
197,715
214,734
225,765
230,674
182,602
183,550
166,699
199,755
109,668
218,448
213,705
201,599
82,636
212,692
172,780
166,917
176,899
149,823
213,517
109,580
165,400
201,405
196,384
214,636
198,735
171,615
200,500
217,567
214,582
216,660
198,600
193,547
168,572
12364,123
131,631
199,530
278,394
278,590
169,327
166,515
101,584
181,606
168,517
92,656
214,430
214,519
198,737
222,473
165,752
202,809
199,471
214,543
166,514
217,827
193,539
167,498
198,715
94,635
200,709
217,610
93,616
212,634
217,562
217,455
150,711
228,631
214,586
12015,124
87,508
213,978
129,636
197,523
114,606
185,428
229,562
209,563
180,640
12644,194
86,621
94,701
206,580
164,702
212,616
185,592
135,388
142,365
262,443
218,586
198,748
219,915
198,475
196,432
217,434
199,751
147,611
100,841
197,614
280,564
278,415
153,734
12211,140
122,630
167,834
167,680
234,548
201,414
277,635
95,750
185,433
9858,160
247,433
279,418
214,1224
215,959
215,789
201,563
126,786
166,483
89,525
121,758
198,544
199,475
281,666
179,659
199,459
150,398
202,565
88,521
214,450
12211,171
93,931
95,623
164,774
135,681
214,467
214,835
90,408
214,536
173,604
279,509
216,404
217,955
166,587
198,426
281,759
216,541
216,885
254,744
214,649
165,641
156,582
92,444
220,860
277,576
168,455
278,733
219,629
218,589
185,600
229,416
197,423
197,718
215,855
87,888
214,418
170,657
282,445
117,793
214,648
161,742
216,752
279,554
214,441
198,937
201,415
12015,156
194,586
280,783
213,492
142,412
217,876
97,521
282,597
197,434
213,507
234,620
219,623
218,547
221,519
206,815
230,530
218,544
91,630
214,456
198,418
122,400
198,698
217,404
197,535
202,643
213,744
89,1284
281,759
149,632
149,873
95,658
164,704
201,411
212,786
198,415
278,655
278,601
173,624
278,569
149,624
12524,168
87,597
280,770
118,376
209,615
231,538
118,620
280,374
197,754
279,842
108,498
181,625
229,481
85,993
202,876
214,765
11671,164
216,622
213,453
214,849
96,623
197,497
217,404
198,595
165,504
219,652
217,422
277,415
201,850
221,745
230,542
221,394
171,513
87,1117
201,757
112,574
277,912
217,798
205,420
201,538
93,654
200,488
121,430
117,707
205,769
172,695
170,699
280,764
118,972
197,417
169,774
197,687
97,474
181,748
91,510
278,423
199,513
249,638
215,480
171,677
185,595
278,617
215,714
221,654
278,748
181,906
152,657
231,414
213,827
194,644
199,652
218,1118
217,518
198,774
212,883
280,397
193,723
89,551
199,568
185,727
276,789
166,509
215,525
175,586
182,504
141,462
219,482
213,413
91,755
226,633
144,785
186,553
199,406
102,647
185,531
167,439
118,719
211,703
221,744
260,747
189,513
199,769
214,587
231,493
280,385
198,531
214,669
167,533
278,729
11871,104
93,467
201,421
285,808
198,603
11904,143
93,604
229,665
183,680
170,535
198,515
179,642
231,540
168,384
198,631
238,503
12278,82
198,787
216,540
198,589
201,685
193,585
193,642
89,1003
202,500
221,571
198,562
216,457
213,564
282,869
104,463
273,663
97,556
197,509
184,696
150,611
199,444
12525,167
199,597
217,536
200,439
198,619
277,578
178,525
276,608
197,664
200,488
149,579
152,632
280,741
198,446
174,628
219,726
87,679
198,459
213,674
102,566
218,822
205,635
217,439
218,831
90,619
229,657
216,575
217,421
164,682
193,702
12217,98
182,488
215,576
273,699
211,778
12154,130
214,622
205,424
200,703
212,692
169,614
214,1143
89,633
12472,134
214,541
90,729
104,453
280,600
218,623
205,663
246,700
253,582
102,459
214,736
166,374
199,576
88,790
88,438
218,694
216,481
278,620
214,432
218,703
12644,199
92,527
153,793
214,467
278,906
114,517
168,643
161,516
185,647
280,554
197,624
213,683
202,797
221,803
201,581
262,813
150,603
198,760
214,556
193,469
198,628
214,608
190,659
218,591
189,660
215,709
88,514
12644,155
201,793
209,773
146,442
231,1673
166,644
214,720
217,692
205,581
98,838
217,498
218,616
199,569
217,420
102,726
231,403
185,800
94,431
214,698
106,1059
165,446
182,690
273,545
214,434
103,576
282,465
166,594
278,538
147,476
183,636
11815,138
93,658
218,1023
137,552
137,793
168,516
11815,159
120,789
199,586
180,543
166,631
190,423
214,482
201,492
174,730
149,777
217,632
278,686
169,815
118,610
198,621
197,1201
218,553
95,777
140,568
232,849
266,1241
105,471
163,856
12085,149
167,392
199,604
88,673
198,505
199,413
12418,213
205,758
278,562
166,464
197,509
217,663
195,741
199,628
89,692
199,729
213,645
278,568
149,612
92,769
215,544
177,611
201,624
213,606
200,715
93,990
165,701
11904,147
183,453
209,858
215,648
12377,126
205,389
247,888
213,456
200,604
215,474
221,354
225,819
262,713
214,567
202,494
229,618
278,465
245,570
280,563
185,595
120,477
210,738
216,731
198,541
93,692
199,631
212,735
164,614
279,802
216,589
186,461
81,560
249,594
278,664
202,853
106,574
219,540
198,454
175,645
209,464
218,509
198,601
246,698
198,679
218,744
221,842
217,687
174,558
214,589
210,713
211,558
173,751
219,718
103,442
198,463
201,619
197,622
102,1189
183,464
212,757
201,486
217,1001
279,651
161,549
162,658
219,511
135,598
195,1124
214,616
211,465
218,927
182,564
279,489
282,725
215,690
196,931
157,761
197,493
164,712
189,539
201,430
168,507
12139,102
214,511
278,523
214,664
92,876
141,363
211,570
148,524
244,771
200,376
217,540
185,390
165,356
198,789
196,606
281,763
214,489
197,783
218,559
102,446
146,685
148,687
183,487
150,376
12499,145
200,580
202,553
215,731
102,565
201,536
137,524
198,359
94,865
214,450
168,401
165,588
221,465
198,397
90,602
121,421
104,481
200,1211
196,820
168,415
182,795
280,825
122,691
166,709
282,443
152,701
201,580
212,558
201,574
201,844
181,603
217,600
201,552
165,818
217,570
274,390
214,514
169,634
215,739
216,411
216,428
212,909
193,740
226,653
12407,167
274,431
179,482
214,768
200,687
11734,131
201,575
96,499
193,518
214,537
193,490
127,405
214,478
218,586
281,547
193,722
118,730
202,658
182,410
197,752
198,848
215,427
98,624
217,648
281,633
244,652
215,458
198,631
218,657
198,702
221,629
278,1026
197,637
213,736
201,698
117,773
170,438
201,470
171,548
276,772
171,636
196,640
11904,127
97,594
166,644
263,1128
201,464
273,651
214,645
97,596
200,373
281,746
217,510
184,441
145,414
202,508
219,667
281,497
102,690
200,546
214,427
12644,144
201,519
286,414
133,469
177,522
163,502
214,766
282,773
212,624
172,692
214,645
180,706
285,563
221,844
185,817
215,746
198,491
149,641
244,692
170,581
197,702
166,590
212,750
101,802
214,479
92,494
169,601
196,549
105,558
180,379
166,459
149,1005
197,700
197,745
209,480
12154,219
185,451
181,758
213,512
197,359
218,557
12553,135
232,637
92,824
216,756
213,764
184,326
199,542
215,503
199,416
165,515
183,485
213,572
281,452
172,606
213,439
164,1048
149,641
277,475
213,483
266,827
12184,149
214,849
218,572
93,607
278,671
213,667
86,584
205,800
198,579
218,861
278,846
189,530
195,630
182,595
249,1883
165,608
216,664
275,856
214,461
149,947
197,461
181,579
278,535
193,577
180,479
196,540
214,796
12156,112
218,684
83,878
169,380
213,420
89,682
117,857
185,591
12644,109
154,876
167,591
199,468
149,772
157,753
206,691
273,576
277,813
199,517
216,830
196,433
193,596
102,647
282,973
222,692
214,601
218,618
199,979
233,609
213,531
146,587
198,567
214,484
12571,122
202,496
198,499
95,415
221,504
12377,121
197,705
169,405
185,568
174,626
12184,138
217,572
194,576
275,840
215,349
121,706
198,508
197,469
180,640
214,572
214,525
227,482
12139,146
167,724
286,437
196,635
213,858
213,518
278,709
217,1013
166,587
202,568
213,680
215,517
106,759
199,633
201,480
161,694
180,659
181,671
201,439
215,585
212,680
201,825
168,471
198,664
12364,139
172,656
185,838
218,397
201,767
201,662
137,780
199,544
282,677
11904,146
209,811
196,449
218,639
185,668
133,498
202,628
217,428
212,719
201,596
101,390
221,733
197,488
185,709
161,484
151,643
183,697
214,882
196,918
278,822
197,446
214,755
197,508
118,393
134,786
181,569
92,565
165,601
106,719
281,593
90,691
279,522
218,408
150,445
206,663
215,373
214,817
261,609
205,662
202,554
166,360
199,522
169,580
213,641
12525,125
218,527
12132,138
280,639
166,483
212,450
230,556
198,508
93,565
195,741
281,1023
214,628
218,612
231,541
278,476
198,502
280,474
151,638
182,796
217,721
214,536
197,397
11815,119
197,530
202,525
12139,143
202,723
281,413
199,576
218,643
198,743
11671,180
214,839
215,331
150,639
148,403
221,568
117,743
222,762
213,999
202,398
213,435
137,439
149,445
214,568
157,820
212,634
198,428
217,819
152,445
147,496
216,734
214,927
222,685
212,696
179,879
201,693
278,468
182,701
217,425
12015,148
210,443
122,818
102,362
104,884
167,905
217,646
213,620
167,590
230,608
199,721
213,662
179,907
150,355
197,530
234,548
214,840
194,673
213,441
182,834
214,706
206,536
213,768
205,389
162,538
213,719
180,487
201,566
212,623
197,751
148,576
169,696
213,575
12364,129
193,793
221,832
279,626
169,483
197,606
114,968
167,328
199,567
216,705
12085,172
185,404
201,901
217,503
211,436
214,760
230,442
279,701
92,691
119,600
218,632
151,882
110,452
213,482
166,814
229,952
193,608
12377,139
201,710
212,507
193,480
279,681
87,391
183,687
277,586
231,518
199,459
166,627
166,534
145,464
215,521
183,585
90,771
218,532
104,463
213,610
149,719
196,553
213,467
217,684
215,676
217,379
197,508
95,609
105,362
213,443
185,493
186,676
202,754
110,623
197,499
199,742
217,651
198,745
215,588
94,1297
194,426
181,442
222,401
213,470
201,600
171,665
86,868
215,434
249,698
185,400
215,500
220,764
202,732
276,724
162,599
182,699
222,503
11815,139
214,629
196,716
215,624
197,656
137,793
225,573
12217,136
217,410
214,785
218,523
205,563
201,426
182,616
165,470
232,746
166,618
11815,148
118,808
282,730
12418,153
11904,139
196,857
95,773
218,753
198,683
213,410
136,850
86,472
214,441
278,561
205,582
97,624
218,504
164,388
215,583
217,421
232,686
161,670
217,633
197,402
164,603
225,490
190,462
217,663
269,824
233,421
278,865
154,562
167,613
280,819
167,458
233,370
198,649
277,571
94,723
193,672
181,703
201,549
161,561
212,615
231,533
218,805
214,436
12217,129
176,630
198,972
173,652
181,716
102,485
217,689
199,416
278,640
213,443
197,579
218,376
172,624
200,506
169,650
213,498
217,474
201,447
90,465
221,700
198,540
281,602
218,497
201,711
200,643
199,560
217,936
165,725
214,594
201,703
237,621
213,634
217,660
182,442
167,778
230,451
94,668
209,797
121,1228
118,681
214,810
169,665
168,615
214,619
215,567
245,636
120,710
199,668
282,959
199,571
222,776
201,688
216,511
246,411
186,541
282,657
198,497
181,716
185,584
230,798
231,518
182,822
181,790
181,412
214,542
98,647
221,697
261,448
212,650
201,483
133,672
170,487
12644,141
180,412
198,896
165,615
152,558
92,785
263,968
214,766
197,475
217,518
214,597
216,826
197,595
279,770
197,698
217,449
214,399
279,698
216,570
221,883
199,879
214,523
217,534
215,349
126,388
196,1016
218,421
281,915
85,903
214,387
197,601
205,510
278,417
197,391
217,557
198,737
130,462
277,487
213,757
156,547
221,501
216,582
175,609
165,471
201,734
277,594
216,487
197,515
222,664
