rank,group_start,size,requested_tokens,padded_tokens,op,logical_bytes,median_ms,min_ms,max_ms
0,0,2,1,2,all_reduce,28672,0.05546453396479289,0.05532906850179036,0.05620266596476237
0,0,2,1,2,reduce_scatter,28672,0.05121599833170573,0.04752426544825236,0.051567999521891277
0,0,2,1,2,all_gather,28672,0.04599999984105428,0.04506133397420247,0.047567999362945555
0,0,2,1,2,all_to_all,28672,0.048726399739583336,0.04831253290176392,0.05127360026041667
0,0,2,1,2,rs_ag_pair,28672,0.08688213030497233,0.08494400183359782,0.09192426999409993
0,0,2,8,8,all_reduce,114688,0.0522432009379069,0.050876800219217935,0.052729598681132
0,0,2,8,8,reduce_scatter,114688,0.04579306840896606,0.04561493396759033,0.04746239980061849
0,0,2,8,8,all_gather,114688,0.04306559960047404,0.04239893356959025,0.04432106812795003
0,0,2,8,8,all_to_all,114688,0.05159999926884969,0.05060906807581584,0.05576639970143636
0,0,2,8,8,rs_ag_pair,114688,0.08945919672648112,0.0890069325764974,0.09164053599039713
0,0,2,128,128,all_reduce,1835008,0.05599146684010824,0.05436799923578898,0.2504576047261556
0,0,2,128,128,reduce_scatter,1835008,0.048761598269144696,0.046435201168060304,0.048956799507141116
0,0,2,128,128,all_gather,1835008,0.0452021320660909,0.04490240017573039,0.045491198698679604
0,0,2,128,128,all_to_all,1835008,0.052578131357828774,0.05183146794637044,0.052944000562032065
0,0,2,128,128,rs_ag_pair,1835008,0.09312746524810792,0.09249599774678548,0.09407893021901449
0,0,2,1024,1024,all_reduce,14680064,0.05369280179341634,0.05326186815897624,0.054017066955566406
0,0,2,1024,1024,reduce_scatter,14680064,0.04811199903488159,0.0473632017771403,0.04959893226623535
0,0,2,1024,1024,all_gather,14680064,0.04531306823094686,0.044327465693155925,0.045685335000356035
0,0,2,1024,1024,all_to_all,14680064,0.052265600363413496,0.051113601525624594,0.05436373154322306
0,0,2,1024,1024,rs_ag_pair,14680064,0.0982261339823405,0.09721813201904297,0.10072426795959473
0,0,2,8192,8192,all_reduce,117440512,0.24567893346150715,0.24566399256388347,0.24591892560323078
0,0,2,8192,8192,reduce_scatter,117440512,0.16366292635599772,0.163319460550944,0.16376427014668782
0,0,2,8192,8192,all_gather,117440512,0.15272746086120606,0.1526624043782552,0.1534293333689372
0,0,2,8192,8192,all_to_all,117440512,0.19579946200052897,0.1955850601196289,0.27817707061767577
0,0,2,8192,8192,rs_ag_pair,117440512,0.31714773178100586,0.31689494450887046,0.31755520502726237
0,0,2,16384,16384,all_reduce,234881024,0.4562879880269369,0.4539744059244792,0.4562922795613607
0,0,2,16384,16384,reduce_scatter,234881024,0.30157334009806314,0.30142399470011394,0.34485012690226235
0,0,2,16384,16384,all_gather,234881024,0.2827893257141113,0.2821845372517904,0.2828831990559896
0,0,2,16384,16384,all_to_all,234881024,0.362116273244222,0.3620501200358073,0.3628927866617839
0,0,2,16384,16384,rs_ag_pair,234881024,0.5820767720540364,0.5818047841389974,0.5825738906860352
0,0,4,1,4,all_reduce,57344,0.056084267298380536,0.055558399359385176,0.05647253195444743
0,0,4,1,4,reduce_scatter,57344,0.05142720143000285,0.05118720134099324,0.0536298672358195
0,0,4,1,4,all_gather,57344,0.05018666585286458,0.04989440043767293,0.05058986743291219
0,0,4,1,4,all_to_all,57344,0.060941867033640545,0.0586847980817159,0.06282026767730713
0,0,4,1,4,rs_ag_pair,57344,0.1059445301691691,0.10557866891225179,0.14465813636779784
0,0,4,8,8,all_reduce,114688,0.0587498664855957,0.05722026824951172,0.059827200571695965
0,0,4,8,8,reduce_scatter,114688,0.054876800378163657,0.05357973178227742,0.056331733862559
0,0,4,8,8,all_gather,114688,0.05162773529688517,0.051148800055185954,0.05196266571680705
0,0,4,8,8,all_to_all,114688,0.06041173140207926,0.058956801891326904,0.061424001057942705
0,0,4,8,8,rs_ag_pair,114688,0.10655573209126791,0.1062549352645874,0.10773653189341227
0,0,4,128,128,all_reduce,1835008,0.061928534507751466,0.06094293196996053,0.062067198753356936
0,0,4,128,128,reduce_scatter,1835008,0.05591893196105957,0.055057064692179365,0.056458667914072676
0,0,4,128,128,all_gather,1835008,0.0544704000155131,0.05368959903717041,0.16853973070780437
0,0,4,128,128,all_to_all,1835008,0.06227519909540812,0.061080535252889,0.06262933413187663
0,0,4,128,128,rs_ag_pair,1835008,0.11019840240478515,0.10882666905721029,0.11153066953023275
0,0,4,1024,1024,all_reduce,14680064,0.06176533301671346,0.06147733529408773,0.062284799416859944
0,0,4,1024,1024,reduce_scatter,14680064,0.056977065404256184,0.056772267818450926,0.05806826750437419
0,0,4,1024,1024,all_gather,14680064,0.05770453214645386,0.057685331503550215,0.05805226564407349
0,0,4,1024,1024,all_to_all,14680064,0.0620906670888265,0.06090240081151326,0.06276373465855917
0,0,4,1024,1024,rs_ag_pair,14680064,0.11554880142211914,0.11242240269978841,0.2594261328379313
0,0,4,8192,8192,all_reduce,117440512,0.3090144157409668,0.3084554672241211,0.30928640365600585
0,0,4,8192,8192,reduce_scatter,117440512,0.1808736006418864,0.18014826774597167,0.18170347213745117
0,0,4,8192,8192,all_gather,117440512,0.17704532941182455,0.17680959701538085,0.17754987080891926
0,0,4,8192,8192,all_to_all,117440512,0.19884373346964518,0.19754133224487305,0.19978666305541992
0,0,4,8192,8192,rs_ag_pair,117440512,0.35927572250366213,0.3589695930480957,0.35935786565144856
0,0,4,16384,16384,all_reduce,234881024,0.5949471791585287,0.5948703765869141,0.5953088124593099
0,0,4,16384,16384,reduce_scatter,234881024,0.342031987508138,0.34200960795084634,0.34222186406453453
0,0,4,16384,16384,all_gather,234881024,0.329802672068278,0.32904958724975586,0.3303551991780599
0,0,4,16384,16384,all_to_all,234881024,0.3685994784037272,0.36785494486490883,0.36970132191975913
0,0,4,16384,16384,rs_ag_pair,234881024,0.6748234430948893,0.6741781234741211,0.7159498850504558
0,0,8,1,8,all_reduce,114688,0.05981760025024414,0.057274667421976726,0.07640533447265625
0,0,8,1,8,reduce_scatter,114688,0.051514665285746254,0.05119253396987915,0.051991466681162515
0,0,8,1,8,all_gather,114688,0.04882880051930746,0.04861439863840739,0.05064533154169718
0,0,8,1,8,all_to_all,114688,0.07287360032399495,0.07109653155008952,0.07720746994018554
0,0,8,1,8,rs_ag_pair,114688,0.12449066638946533,0.12245226701100667,0.12450239658355713
0,0,8,8,8,all_reduce,114688,0.06772586504618326,0.06614613135655721,0.06847360134124755
0,0,8,8,8,reduce_scatter,114688,0.06452586650848388,0.060686933994293216,0.14802667299906414
0,0,8,8,8,all_gather,114688,0.05134079853693644,0.051277867952982586,0.1686570644378662
0,0,8,8,8,all_to_all,114688,0.0661407987276713,0.06553813219070434,0.06844586531321208
0,0,8,8,8,rs_ag_pair,114688,0.11106773217519124,0.11088319619496663,0.11115520000457764
0,0,8,128,128,all_reduce,1835008,0.06285653511683147,0.06268373330434164,0.06421440045038859
0,0,8,128,128,reduce_scatter,1835008,0.05804693301518758,0.05784960190455119,0.05839146773020427
0,0,8,128,128,all_gather,1835008,0.05561386744181315,0.055477333068847653,0.05625173250834147
0,0,8,128,128,all_to_all,1835008,0.07165119647979737,0.07030293146769205,0.07263893286387126
0,0,8,128,128,rs_ag_pair,1835008,0.12298773129781088,0.12123306592305501,0.12498559951782226
0,0,8,1024,1024,all_reduce,14680064,0.0940064032872518,0.09396053155263265,0.09406932989756266
0,0,8,1024,1024,reduce_scatter,14680064,0.05891413291295369,0.0581984003384908,0.05905919869740804
0,0,8,1024,1024,all_gather,14680064,0.05622506539026896,0.05583253304163615,0.056756265958150226
0,0,8,1024,1024,all_to_all,14680064,0.07062719662984213,0.07009600003560384,0.07104427019755045
0,0,8,1024,1024,rs_ag_pair,14680064,0.11946240266164145,0.11874240239461263,0.11976746718088786
0,0,8,8192,8192,all_reduce,117440512,0.36283305486043294,0.3616138776143392,0.4546058654785156
0,0,8,8192,8192,reduce_scatter,117440512,0.19040746688842775,0.19027093251546223,0.19078292846679687
0,0,8,8192,8192,all_gather,117440512,0.19235092798868816,0.1921013355255127,0.19259200096130372
0,0,8,8192,8192,all_to_all,117440512,0.2086666742960612,0.2086623986562093,0.20887893040974934
0,0,8,8192,8192,rs_ag_pair,117440512,0.3837567965189616,0.38358720143636066,0.42190399169921877
0,0,8,16384,16384,all_reduce,234881024,0.6355381647745768,0.6349685033162434,0.6361674626668294
0,0,8,16384,16384,reduce_scatter,234881024,0.3539711952209473,0.3532554626464844,0.3549973487854004
0,0,8,16384,16384,all_gather,234881024,0.35510508219401044,0.3548704147338867,0.35584853490193685
0,0,8,16384,16384,all_to_all,234881024,0.37859306335449217,0.3780789375305176,0.4280266761779785
0,0,8,16384,16384,rs_ag_pair,234881024,0.7109066645304362,0.7091978708902995,0.7111434936523438
0,0,16,1,16,all_reduce,229376,0.08210879961649577,0.060209067662556966,0.09840640226999918
0,0,16,1,16,reduce_scatter,229376,0.08390080134073893,0.0702122688293457,0.08558080196380616
0,0,16,1,16,all_gather,229376,0.06834026972452799,0.06422293186187744,0.07270932992299398
0,0,16,1,16,all_to_all,229376,0.09496959845225016,0.09462400277455647,0.10001599788665771
0,0,16,1,16,rs_ag_pair,229376,0.1335317293802897,0.13148693243662515,0.1355306625366211
0,0,16,8,16,all_reduce,229376,0.06934613386789958,0.06803733507792155,0.07107946872711182
0,0,16,8,16,reduce_scatter,229376,0.06418346563975016,0.06418026685714721,0.06900693575541178
0,0,16,8,16,all_gather,229376,0.06713173389434815,0.0629258672396342,0.07984853585561116
0,0,16,8,16,all_to_all,229376,0.09591573079427083,0.08931306997934978,0.0964202642440796
0,0,16,8,16,rs_ag_pair,229376,0.13063146273295084,0.1296895980834961,0.13712533315022787
0,0,16,128,128,all_reduce,1835008,0.3344767888387044,0.07312106291453044,0.4264298756917318
0,0,16,128,128,reduce_scatter,1835008,0.06267946561177572,0.06108373403549194,0.0662282665570577
0,0,16,128,128,all_gather,1835008,0.06901333332061768,0.06099946498870849,0.08541866938273111
0,0,16,128,128,all_to_all,1835008,0.0847861369450887,0.08377599716186523,0.08610880374908447
0,0,16,128,128,rs_ag_pair,1835008,0.1291434685389201,0.12860053380330402,0.1309600035349528
0,0,16,1024,1024,all_reduce,14680064,0.10586880048116049,0.10551573435465494,0.1059391975402832
0,0,16,1024,1024,reduce_scatter,14680064,0.06925439834594727,0.06749760309855143,0.07557653586069743
0,0,16,1024,1024,all_gather,14680064,0.0798688014348348,0.07974507013956705,0.2396970589955648
0,0,16,1024,1024,all_to_all,14680064,0.3308437347412109,0.09444586435953777,0.4226655960083008
0,0,16,1024,1024,rs_ag_pair,14680064,0.1504031976064046,0.14966506958007814,0.15082666079203289
0,0,16,8192,8192,all_reduce,117440512,0.4135829289754232,0.4121568044026693,0.4139295895894369
0,0,16,8192,8192,reduce_scatter,117440512,0.3164629300435384,0.3148757298787435,0.34673385620117186
0,0,16,8192,8192,all_gather,117440512,0.2101418654123942,0.20982826550801595,0.2103424072265625
0,0,16,8192,8192,all_to_all,117440512,0.2145429293314616,0.21440320014953612,0.21454933484395344
0,0,16,8192,8192,rs_ag_pair,117440512,0.4717898686726888,0.4707178751627604,0.6039136250813802
0,0,16,16384,16384,all_reduce,234881024,0.6989770889282226,0.6978080113728841,0.6997781117757161
0,0,16,16384,16384,reduce_scatter,234881024,0.36476052602132164,0.36454931894938153,0.36524372100830077
0,0,16,16384,16384,all_gather,234881024,0.36966400146484374,0.36954027811686196,0.3698879877726237
0,0,16,16384,16384,all_to_all,234881024,0.3862271944681803,0.3851360003153483,0.4084970792134603
0,0,16,16384,16384,rs_ag_pair,234881024,0.7348405202229817,0.7343594868977864,0.7976928075154622
1,0,2,1,2,all_reduce,28672,0.054832001527150474,0.05461333195368449,0.055070932706197104
1,0,2,1,2,reduce_scatter,28672,0.04950186808904012,0.046860798199971514,0.04978026549021403
1,0,2,1,2,all_gather,28672,0.04531306823094686,0.04445013205210368,0.04648319880167643
1,0,2,1,2,all_to_all,28672,0.04895146687825521,0.04729386568069458,0.05114666620890299
1,0,2,1,2,rs_ag_pair,28672,0.08713813622792561,0.0860362688700358,0.09208959738413493
1,0,2,8,8,all_reduce,114688,0.05117760101954142,0.05096640189488729,0.05128213167190552
1,0,2,8,8,reduce_scatter,114688,0.045604264736175536,0.04532159964243571,0.04666346708933512
1,0,2,8,8,all_gather,114688,0.04307093222935995,0.04248533248901367,0.04351253509521484
1,0,2,8,8,all_to_all,114688,0.050630398591359455,0.04938986698786418,0.05520639816919962
1,0,2,8,8,rs_ag_pair,114688,0.08940693537394205,0.0877941370010376,0.0898314634958903
1,0,2,128,128,all_reduce,1835008,0.05497173468271891,0.05414826472600301,0.25161493619283043
1,0,2,128,128,reduce_scatter,1835008,0.04843626817067464,0.04633386532465617,0.04924480120340983
1,0,2,128,128,all_gather,1835008,0.045881601174672444,0.04525546630223592,0.0469215989112854
1,0,2,128,128,all_to_all,1835008,0.05169386863708496,0.050920534133911136,0.05245759884516398
1,0,2,128,128,rs_ag_pair,1835008,0.0935861349105835,0.09174400170644124,0.09433066844940186
1,0,2,1024,1024,all_reduce,14680064,0.05365440050760905,0.05323946475982666,0.054025598367055255
1,0,2,1024,1024,reduce_scatter,14680064,0.04828159809112549,0.04759786526362101,0.04977706670761108
1,0,2,1024,1024,all_gather,14680064,0.045424000422159834,0.0444213350613912,0.0457152009010315
1,0,2,1024,1024,all_to_all,14680064,0.05260586738586426,0.05133440097173055,0.05467306772867839
1,0,2,1024,1024,rs_ag_pair,14680064,0.09850986798604329,0.09754133224487305,0.10090133349100748
1,0,2,8192,8192,all_reduce,117440512,0.24583892822265624,0.24562133153279622,0.24628267288208008
1,0,2,8192,8192,reduce_scatter,117440512,0.16392107009887696,0.16351787249247232,0.16396800676981607
1,0,2,8192,8192,all_gather,117440512,0.1527466615041097,0.15273812611897786,0.1534623940785726
1,0,2,8192,8192,all_to_all,117440512,0.19575467109680175,0.19550612767537434,0.27813227971394855
1,0,2,8192,8192,rs_ag_pair,117440512,0.31746241251627605,0.3169642766316732,0.31755412419637047
1,0,2,16384,16384,all_reduce,234881024,0.4563018798828125,0.4538293202718099,0.45632638931274416
1,0,2,16384,16384,reduce_scatter,234881024,0.30153280893961587,0.3013344128926595,0.3446048100789388
1,0,2,16384,16384,all_gather,234881024,0.282862917582194,0.282203737894694,0.28287359873453777
1,0,2,16384,16384,all_to_all,234881024,0.36228265762329104,0.3618933359781901,0.3627231915791829
1,0,2,16384,16384,rs_ag_pair,234881024,0.5817802429199219,0.5814666748046875,0.5826325098673503
1,0,4,1,4,all_reduce,57344,0.055956268310546876,0.055514665444691975,0.05656533241271973
1,0,4,1,4,reduce_scatter,57344,0.05140693187713623,0.05084480047225952,0.05361173152923584
1,0,4,1,4,all_gather,57344,0.05008000135421753,0.049831465880076094,0.05058559974034627
1,0,4,1,4,all_to_all,57344,0.0612277348836263,0.05866560141245524,0.06273599863052368
1,0,4,1,4,rs_ag_pair,57344,0.10585813522338867,0.10555413564046225,0.14407893816630046
1,0,4,8,8,all_reduce,114688,0.05822399854660034,0.057156264781951904,0.05958186785380046
1,0,4,8,8,reduce_scatter,114688,0.05480639934539795,0.054255998134613036,0.056142934163411456
1,0,4,8,8,all_gather,114688,0.05091520150502523,0.05082026720046997,0.05198613405227661
1,0,4,8,8,all_to_all,114688,0.0598901351292928,0.05891840060551961,0.06076800028483073
1,0,4,8,8,rs_ag_pair,114688,0.10651520093282064,0.10613973140716552,0.10768640041351318
1,0,4,128,128,all_reduce,1835008,0.061844265460968016,0.06094613472620646,0.06209280093510946
1,0,4,128,128,reduce_scatter,1835008,0.05600320100784302,0.05514773527781169,0.056458667914072676
1,0,4,128,128,all_gather,1835008,0.05418879985809326,0.05352853139241536,0.16780160268147787
1,0,4,128,128,all_to_all,1835008,0.06221119960149129,0.06028266747792562,0.06249493360519409
1,0,4,128,128,rs_ag_pair,1835008,0.11020586490631104,0.10886933008829752,0.1115552028020223
1,0,4,1024,1024,all_reduce,14680064,0.0618559996287028,0.06145919958750407,0.06229759852091472
1,0,4,1024,1024,reduce_scatter,14680064,0.056831999619801836,0.05673173268636068,0.058125865459442136
1,0,4,1024,1024,all_gather,14680064,0.057852800687154135,0.057681067784627275,0.058015998204549155
1,0,4,1024,1024,all_to_all,14680064,0.062270931402842206,0.0610485315322876,0.06291520198186239
1,0,4,1024,1024,rs_ag_pair,14680064,0.11566826502482096,0.11250346501668294,0.2594325383504232
1,0,4,8192,8192,all_reduce,117440512,0.3084896087646484,0.3084735870361328,0.3086517333984375
1,0,4,8192,8192,reduce_scatter,117440512,0.1807242711385091,0.18024427096048992,0.1816256046295166
1,0,4,8192,8192,all_gather,117440512,0.17709226608276368,0.17674026489257813,0.1775551954905192
1,0,4,8192,8192,all_to_all,117440512,0.1993226687113444,0.19770666758219402,0.19946239789326986
1,0,4,8192,8192,rs_ag_pair,117440512,0.3592597325642904,0.35913387934366864,0.35980587005615233
1,0,4,16384,16384,all_reduce,234881024,0.594868278503418,0.5947434743245442,0.5954314549763997
1,0,4,16384,16384,reduce_scatter,234881024,0.34161065419514974,0.3415658632914225,0.342138671875
1,0,4,16384,16384,all_gather,234881024,0.3296127955118815,0.32852160135904945,0.33048747380574545
1,0,4,16384,16384,all_to_all,234881024,0.369052791595459,0.36842772165934246,0.3695616086324056
1,0,4,16384,16384,rs_ag_pair,234881024,0.6742506663004557,0.6734656016031901,0.7167189280192058
1,0,8,1,8,all_reduce,114688,0.059800533453623454,0.057131731510162355,0.07647466659545898
1,0,8,1,8,reduce_scatter,114688,0.05164053440093994,0.051516799132029216,0.051950931549072266
1,0,8,1,8,all_gather,114688,0.04879786570866903,0.048769064744313556,0.050247466564178465
1,0,8,1,8,all_to_all,114688,0.07334933280944825,0.07114453315734863,0.07592746416727701
1,0,8,1,8,rs_ag_pair,114688,0.12444799741109212,0.12246293226877848,0.12451199690500896
1,0,8,8,8,all_reduce,114688,0.06773227055867513,0.06612906853357951,0.06840533415476481
1,0,8,8,8,reduce_scatter,114688,0.06448320150375367,0.06065066655476888,0.14275946617126464
1,0,8,8,8,all_gather,114688,0.05092373291651408,0.05002880096435547,0.16756800015767415
1,0,8,8,8,all_to_all,114688,0.06762986977895101,0.06622080008188884,0.06846826871236165
1,0,8,8,8,rs_ag_pair,114688,0.11001280148824057,0.10981866518656412,0.11007146835327149
1,0,8,128,128,all_reduce,1835008,0.06262400150299072,0.06207893292109171,0.06398933331171672
1,0,8,128,128,reduce_scatter,1835008,0.057131731510162355,0.05666666825612386,0.05790293216705322
1,0,8,128,128,all_gather,1835008,0.05543680191040039,0.05445226828257243,0.05581226746241252
1,0,8,128,128,all_to_all,1835008,0.07204586664835612,0.07046826680501302,0.07270613511403402
1,0,8,128,128,rs_ag_pair,1835008,0.12247359752655029,0.11985599994659424,0.12425813674926758
1,0,8,1024,1024,all_reduce,14680064,0.09347946643829345,0.09344639778137206,0.0935861349105835
1,0,8,1024,1024,reduce_scatter,14680064,0.05807786782582601,0.057513598601023355,0.05829333464304606
1,0,8,1024,1024,all_gather,14680064,0.055631999174753824,0.05544960101445516,0.05596906741460164
1,0,8,1024,1024,all_to_all,14680064,0.07048213481903076,0.0699402650197347,0.07100053628285725
1,0,8,1024,1024,rs_ag_pair,14680064,0.11924586296081544,0.11890133221944173,0.12033066749572754
1,0,8,8192,8192,all_reduce,117440512,0.362552547454834,0.3612565358479818,0.4544032096862793
1,0,8,8192,8192,reduce_scatter,117440512,0.1901429335276286,0.18997227350870768,0.19052693049112956
1,0,8,8192,8192,all_gather,117440512,0.19229866663614908,0.19201067288716633,0.1924949328104655
1,0,8,8192,8192,all_to_all,117440512,0.20834879875183104,0.20814186731974285,0.20853546460469563
1,0,8,8192,8192,rs_ag_pair,117440512,0.38343146642049153,0.3833610534667969,0.421617062886556
1,0,8,16384,16384,all_reduce,234881024,0.6351839701334635,0.6347424189249674,0.6359285354614258
1,0,8,16384,16384,reduce_scatter,234881024,0.3537472089131673,0.3529856046040853,0.35494934717814125
1,0,8,16384,16384,all_gather,234881024,0.3549077351888021,0.3545194625854492,0.35523732503255206
1,0,8,16384,16384,all_to_all,234881024,0.37843411763509116,0.37798080444335935,0.42781120936075845
1,0,8,16384,16384,rs_ag_pair,234881024,0.7109749476114909,0.7092149098714192,0.7110890706380208
1,0,16,1,16,all_reduce,229376,0.08190293312072754,0.06022719939549764,0.09830506642659505
1,0,16,1,16,reduce_scatter,229376,0.08384746710459391,0.07012266318003336,0.08546026547749837
1,0,16,1,16,all_gather,229376,0.06830720106760661,0.06419839859008789,0.07265066305796306
1,0,16,1,16,all_to_all,229376,0.09492479960123698,0.0933450698852539,0.10008533000946045
1,0,16,1,16,rs_ag_pair,229376,0.13346880276997883,0.131494402885437,0.13553919792175292
1,0,16,8,16,all_reduce,229376,0.06937386989593505,0.06807146867116293,0.07110400199890136
1,0,16,8,16,reduce_scatter,229376,0.06418026685714721,0.0641696015993754,0.0689621369043986
1,0,16,8,16,all_gather,229376,0.06708906491597494,0.06288106838862101,0.07981119950612386
1,0,16,8,16,all_to_all,229376,0.09593493143717448,0.08924480279286702,0.09636693000793457
1,0,16,8,16,rs_ag_pair,229376,0.1305461327234904,0.1296501318613688,0.13707733154296875
1,0,16,128,128,all_reduce,1835008,0.33457600275675453,0.07312853336334228,0.4263349215189616
1,0,16,128,128,reduce_scatter,1835008,0.0626581350962321,0.06107519865036011,0.06701866785685222
1,0,16,128,128,all_gather,1835008,0.06898667017618815,0.06094293196996053,0.0853877305984497
1,0,16,128,128,all_to_all,1835008,0.08481919765472412,0.08375893433888754,0.08618559837341308
1,0,16,128,128,rs_ag_pair,1835008,0.1291317303975423,0.1286805311838786,0.13089066346486408
1,0,16,1024,1024,all_reduce,14680064,0.1059327999750773,0.1054912010828654,0.1059338649113973
1,0,16,1024,1024,reduce_scatter,14680064,0.06915520032246908,0.06744106610616048,0.07562452952067057
1,0,16,1024,1024,all_gather,14680064,0.07981226444244385,0.07977813084920247,0.23959892590840656
1,0,16,1024,1024,all_to_all,14680064,0.33090025583902993,0.09443306922912598,0.4226922671000163
1,0,16,1024,1024,rs_ag_pair,14680064,0.15038612683614094,0.14977919260660807,0.15087787310282388
1,0,16,8192,8192,all_reduce,117440512,0.41364161173502606,0.412118403116862,0.4138741175333659
1,0,16,8192,8192,reduce_scatter,117440512,0.31590401331583656,0.3148607889811198,0.34670400619506836
1,0,16,8192,8192,all_gather,117440512,0.21242772738138835,0.20981225967407227,0.21243093808492025
1,0,16,8192,8192,all_to_all,117440512,0.21467307408650715,0.2142101287841797,0.21472320556640626
1,0,16,8192,8192,rs_ag_pair,117440512,0.4692149480183919,0.4680191993713379,0.6039402643839519
1,0,16,16384,16384,all_reduce,234881024,0.6990016301472982,0.6977194468180339,0.6997119903564453
1,0,16,16384,16384,reduce_scatter,234881024,0.36468159357706703,0.3644991874694824,0.36498772303263344
1,0,16,16384,16384,all_gather,234881024,0.3696586608886719,0.36950934727986656,0.3698250770568848
1,0,16,16384,16384,all_to_all,234881024,0.38606611887613934,0.38493547439575193,0.40841919581095376
1,0,16,16384,16384,rs_ag_pair,234881024,0.7348362604777018,0.7344554901123047,0.797654406229655
2,2,2,1,2,all_reduce,28672,0.061572265625,0.05695786476135254,0.0620746652285258
2,2,2,1,2,reduce_scatter,28672,0.05207253297170003,0.05008000135421753,0.05448319911956787
2,2,2,1,2,all_gather,28672,0.048867201805114745,0.047849599520365396,0.04948693513870239
2,2,2,1,2,all_to_all,28672,0.0514847993850708,0.050342400868733726,0.05498986641565959
2,2,2,1,2,rs_ag_pair,28672,0.09213653405507406,0.09196373621622721,0.0953717311223348
2,2,2,8,8,all_reduce,114688,0.05490560134251912,0.05409599939982097,0.05561813513437907
2,2,2,8,8,reduce_scatter,114688,0.049135998884836836,0.04882346789042155,0.04994986852010091
2,2,2,8,8,all_gather,114688,0.046854400634765626,0.0466869314511617,0.04769706726074219
2,2,2,8,8,all_to_all,114688,0.05449066559473673,0.05211733182271321,0.05771626631418864
2,2,2,8,8,rs_ag_pair,114688,0.09806079864501953,0.0969813346862793,0.09829653104146321
2,2,2,128,128,all_reduce,1835008,0.05815146764119466,0.05740480025609334,0.2984522819519043
2,2,2,128,128,reduce_scatter,1835008,0.051695998509724936,0.05067626635233561,0.051713065306345625
2,2,2,128,128,all_gather,1835008,0.04898666540781657,0.04855999946594238,0.05013866821924846
2,2,2,128,128,all_to_all,1835008,0.05476266543070475,0.052713600794474284,0.05493439833323161
2,2,2,128,128,rs_ag_pair,1835008,0.10124266942342122,0.10035520394643148,0.10174400011698405
2,2,2,1024,1024,all_reduce,14680064,0.0564085324605306,0.056274131933848066,0.05648639996846517
2,2,2,1024,1024,reduce_scatter,14680064,0.05067520141601563,0.04905279874801636,0.05252586603164673
2,2,2,1024,1024,all_gather,14680064,0.04762133359909058,0.046800001462300615,0.04789760112762451
2,2,2,1024,1024,all_to_all,14680064,0.05414719978968303,0.053955201307932535,0.05472000042597453
2,2,2,1024,1024,rs_ag_pair,14680064,0.11057813167572021,0.10331412951151529,0.3667061487833659
2,2,2,8192,8192,all_reduce,117440512,0.24663786888122557,0.24623039563496907,0.2469600041707357
2,2,2,8192,8192,reduce_scatter,117440512,0.16467307408650717,0.16429012616475422,0.1647775967915853
2,2,2,8192,8192,all_gather,117440512,0.1532522678375244,0.1531285285949707,0.15357653299967447
2,2,2,8192,8192,all_to_all,117440512,0.19522773424784343,0.19493974049886068,0.19617279370625815
2,2,2,8192,8192,rs_ag_pair,117440512,0.3181845347086589,0.3179871877034505,0.3183498700459798
2,2,2,16384,16384,all_reduce,234881024,0.45753599802652994,0.45748694737752277,0.4580810546875
2,2,2,16384,16384,reduce_scatter,234881024,0.2943370819091797,0.29431467056274413,0.2945066769917806
2,2,2,16384,16384,all_gather,234881024,0.282805347442627,0.2824981371561686,0.2830442746480306
2,2,2,16384,16384,all_to_all,234881024,0.3623861312866211,0.36020479202270506,0.3625215848286947
2,2,2,16384,16384,rs_ag_pair,234881024,0.5771861394246419,0.5760800043741862,0.5774208068847656
2,0,4,1,4,all_reduce,57344,0.05533759991327922,0.05512853463490804,0.05582826534907023
2,0,4,1,4,reduce_scatter,57344,0.0520853320757548,0.050776533285776776,0.05350079933802287
2,0,4,1,4,all_gather,57344,0.05032000144322713,0.04979413350423177,0.05057493448257446
2,0,4,1,4,all_to_all,57344,0.06195840040842692,0.05882560014724732,0.06298026641209921
2,0,4,1,4,rs_ag_pair,57344,0.10613866647084554,0.10586559772491455,0.1454528013865153
2,0,4,8,8,all_reduce,114688,0.059315200646718344,0.05734933217366536,0.05997653404871623
2,0,4,8,8,reduce_scatter,114688,0.055105066299438475,0.05498346487681071,0.05636266469955444
2,0,4,8,8,all_gather,114688,0.05151360034942627,0.051389865080515545,0.051788798967997235
2,0,4,8,8,all_to_all,114688,0.060616532961527504,0.059204268455505374,0.06151466766993205
2,0,4,8,8,rs_ag_pair,114688,0.10649173259735108,0.10575359662373861,0.10715626875559489
2,0,4,128,128,all_reduce,1835008,0.06213866472244263,0.06106239954630534,0.062412798404693604
2,0,4,128,128,reduce_scatter,1835008,0.05631893475850423,0.05526506503423055,0.056738134225209555
2,0,4,128,128,all_gather,1835008,0.05462506612141927,0.05385706822077433,0.16914347012837727
2,0,4,128,128,all_to_all,1835008,0.062411733468373615,0.06063679854075114,0.06283626556396485
2,0,4,128,128,rs_ag_pair,1835008,0.11048746903737386,0.10863359769185384,0.1109557310740153
2,0,4,1024,1024,all_reduce,14680064,0.06190079847971598,0.06156479914983114,0.06218666632970174
2,0,4,1024,1024,reduce_scatter,14680064,0.0568181316057841,0.056739199161529544,0.05820586681365967
2,0,4,1024,1024,all_gather,14680064,0.057761065165201825,0.05762666861216227,0.05800853172938029
2,0,4,1024,1024,all_to_all,14680064,0.061937065919240315,0.06107519865036011,0.06300373474756876
2,0,4,1024,1024,rs_ag_pair,14680064,0.11552746295928955,0.11230826377868652,0.25912747383117674
2,0,4,8192,8192,all_reduce,117440512,0.3086954752604167,0.30844907760620116,0.30892054239908856
2,0,4,8192,8192,reduce_scatter,117440512,0.18028693199157714,0.17982293764750162,0.1808010737101237
2,0,4,8192,8192,all_gather,117440512,0.177348264058431,0.1769770622253418,0.17737174034118652
2,0,4,8192,8192,all_to_all,117440512,0.19888319969177246,0.197379207611084,0.1997557322184245
2,0,4,8192,8192,rs_ag_pair,117440512,0.3590826670328776,0.358846918741862,0.3594005266825358
2,0,4,16384,16384,all_reduce,234881024,0.594818115234375,0.5946271896362305,0.5954271952311198
2,0,4,16384,16384,reduce_scatter,234881024,0.34161065419514974,0.3413567860921224,0.34200318654378253
2,0,4,16384,16384,all_gather,234881024,0.32955093383789064,0.32940905888875327,0.330020268758138
2,0,4,16384,16384,all_to_all,234881024,0.36874027252197267,0.3679775873819987,0.3694933255513509
2,0,4,16384,16384,rs_ag_pair,234881024,0.6744938532511393,0.6735136032104492,0.7154272079467774
2,0,8,1,8,all_reduce,114688,0.05717013279596964,0.05689386526743571,0.07637013594309489
2,0,8,1,8,reduce_scatter,114688,0.05213226477305095,0.05169066588083903,0.05220160086949666
2,0,8,1,8,all_gather,114688,0.049173335234324135,0.048230401674906415,0.050875735282897946
2,0,8,1,8,all_to_all,114688,0.07325653235117595,0.07107199827829996,0.0766271988550822
2,0,8,1,8,rs_ag_pair,114688,0.12437226772308349,0.1223690668741862,0.12445333003997802
2,0,8,8,8,all_reduce,114688,0.06767253081003825,0.06606826782226563,0.06841599941253662
2,0,8,8,8,reduce_scatter,114688,0.06453653176625569,0.060602664947509766,0.1479765256245931
2,0,8,8,8,all_gather,114688,0.051249066988627114,0.0511573314666748,0.16856212615966798
2,0,8,8,8,all_to_all,114688,0.06617173353830973,0.06614933411280315,0.06836053530375162
2,0,8,8,8,rs_ag_pair,114688,0.11103040377298991,0.11083839734395345,0.11117440064748128
2,0,8,128,128,all_reduce,1835008,0.06276053190231323,0.06267199913660686,0.06415040095647176
2,0,8,128,128,reduce_scatter,1835008,0.05798506736755371,0.0578165332476298,0.05839893420537313
2,0,8,128,128,all_gather,1835008,0.05560319821039836,0.05544213453928629,0.05607680082321167
2,0,8,128,128,all_to_all,1835008,0.07156586647033691,0.07034453550974527,0.07256853580474854
2,0,8,128,128,rs_ag_pair,1835008,0.12287466526031494,0.12119893232981364,0.12483627001444499
2,0,8,1024,1024,all_reduce,14680064,0.09397760232289633,0.09397119681040446,0.09405972957611083
2,0,8,1024,1024,reduce_scatter,14680064,0.05841919978459676,0.057732268174489336,0.058465067545572916
2,0,8,1024,1024,all_gather,14680064,0.055778133869171145,0.055745065212249756,0.05618880192438761
2,0,8,1024,1024,all_to_all,14680064,0.07057387034098307,0.0702069362004598,0.07118186950683594
2,0,8,1024,1024,rs_ag_pair,14680064,0.11953279972076417,0.1187338670094808,0.12024959723154703
2,0,8,8192,8192,all_reduce,117440512,0.36278613408406574,0.36157760620117185,0.4545983950297038
2,0,8,8192,8192,reduce_scatter,117440512,0.19045333862304686,0.19003413518269857,0.19069867134094237
2,0,8,8192,8192,all_gather,117440512,0.19243307113647462,0.19214506149291993,0.19252692858378093
2,0,8,8192,8192,all_to_all,117440512,0.20854934056599936,0.2083807945251465,0.20898240407307941
2,0,8,8192,8192,rs_ag_pair,117440512,0.38369919459025065,0.3836917241414388,0.4219327926635742
2,0,8,16384,16384,all_reduce,234881024,0.6355295817057292,0.6350197474161784,0.6362261454264323
2,0,8,16384,16384,reduce_scatter,234881024,0.35399147669474285,0.35360425313313804,0.35509119033813474
2,0,8,16384,16384,all_gather,234881024,0.35451412200927734,0.35429973602294923,0.3562122662862142
2,0,8,16384,16384,all_to_all,234881024,0.37834027608235676,0.37824853261311847,0.4280682563781738
2,0,8,16384,16384,rs_ag_pair,234881024,0.7112159729003906,0.7093247731526693,0.7119487762451172
2,0,16,1,16,all_reduce,229376,0.07896213531494141,0.058592001597086586,0.09833920001983643
2,0,16,1,16,reduce_scatter,229376,0.08433173497517904,0.07087999979654948,0.08532373110453288
2,0,16,1,16,all_gather,229376,0.06847360134124755,0.06423146724700927,0.07174399693806967
2,0,16,1,16,all_to_all,229376,0.09345706303914388,0.09199253718058269,0.09912746747334798
2,0,16,1,16,rs_ag_pair,229376,0.13324906826019287,0.13171306451161702,0.1337440013885498
2,0,16,8,16,all_reduce,229376,0.06918506622314453,0.0680298646291097,0.071234130859375
2,0,16,8,16,reduce_scatter,229376,0.06446293195088705,0.06403093338012696,0.06880426406860352
2,0,16,8,16,all_gather,229376,0.06714133421579997,0.0631498654683431,0.07915733655293783
2,0,16,8,16,all_to_all,229376,0.09588692982991537,0.08917653560638428,0.09741973082224528
2,0,16,8,16,rs_ag_pair,229376,0.13085546493530273,0.12984533309936525,0.13747199376424155
2,0,16,128,128,all_reduce,1835008,0.3362943967183431,0.07312533060709635,0.42607466379801434
2,0,16,128,128,reduce_scatter,1835008,0.06304213205973307,0.060745600859324136,0.06665600140889485
2,0,16,128,128,all_gather,1835008,0.06871039867401123,0.060491732756296795,0.08484053611755371
2,0,16,128,128,all_to_all,1835008,0.0847221295038859,0.08455680211385092,0.08619413375854493
2,0,16,128,128,rs_ag_pair,1835008,0.12904746532440187,0.12879040241241455,0.13065813382466634
2,0,16,1024,1024,all_reduce,14680064,0.10562880039215088,0.10530773003896078,0.10563093026479085
2,0,16,1024,1024,reduce_scatter,14680064,0.06893760363260905,0.06715306440989176,0.07530346711476645
2,0,16,1024,1024,all_gather,14680064,0.07951253255208333,0.07938026587168376,0.23925013542175294
2,0,16,1024,1024,all_to_all,14680064,0.33072748184204104,0.09462719758351644,0.42230612436930337
2,0,16,1024,1024,rs_ag_pair,14680064,0.15004800160725912,0.14920639991760254,0.1502677281697591
2,0,16,8192,8192,all_reduce,117440512,0.4131850560506185,0.41168746948242185,0.4134069442749023
2,0,16,8192,8192,reduce_scatter,117440512,0.3153429349263509,0.3106101353963216,0.34621438980102537
2,0,16,8192,8192,all_gather,117440512,0.20994240442911785,0.2091317335764567,0.2105610688527425
2,0,16,8192,8192,all_to_all,117440512,0.21401707331339517,0.21392319997151693,0.21408106486002604
2,0,16,8192,8192,rs_ag_pair,117440512,0.4664448102315267,0.46516265869140627,0.6021482467651367
2,0,16,16384,16384,all_reduce,234881024,0.6989269256591797,0.6975327809651692,0.6995402654012044
2,0,16,16384,16384,reduce_scatter,234881024,0.3642101287841797,0.3638282775878906,0.36473814646402997
2,0,16,16384,16384,all_gather,234881024,0.369270388285319,0.36893653869628906,0.36947838465372723
2,0,16,16384,16384,all_to_all,234881024,0.3856906572977702,0.38458986282348634,0.4081258773803711
2,0,16,16384,16384,rs_ag_pair,234881024,0.7347402572631836,0.734220822652181,0.7975872039794922
3,2,2,1,2,all_reduce,28672,0.06077866554260254,0.05849386850992839,0.06256213188171386
3,2,2,1,2,reduce_scatter,28672,0.05287786722183228,0.05079360008239746,0.05545813242594401
3,2,2,1,2,all_gather,28672,0.04952319860458374,0.048630400498708086,0.05032106637954712
3,2,2,1,2,all_to_all,28672,0.052434134483337405,0.04884693225224813,0.05485759973526001
3,2,2,1,2,rs_ag_pair,28672,0.09348053137461344,0.09105599721272786,0.09446187019348144
3,2,2,8,8,all_reduce,114688,0.05488213300704956,0.05450559854507446,0.05653973420461019
3,2,2,8,8,reduce_scatter,114688,0.050112001101175946,0.04906560182571411,0.050348798433939614
3,2,2,8,8,all_gather,114688,0.047576534748077395,0.04713919957478841,0.04822080135345459
3,2,2,8,8,all_to_all,114688,0.055215998490651445,0.05235840082168579,0.05879466533660889
3,2,2,8,8,rs_ag_pair,114688,0.09835413297017416,0.0973418633143107,0.09927786986033121
3,2,2,128,128,all_reduce,1835008,0.058644266923268636,0.056425599257151286,0.3008597373962402
3,2,2,128,128,reduce_scatter,1835008,0.0509984016418457,0.05055573383967082,0.05123306512832641
3,2,2,128,128,all_gather,1835008,0.0487061341603597,0.04814720153808594,0.04937386512756348
3,2,2,128,128,all_to_all,1835008,0.05436053276062012,0.05216746727625529,0.05507200161616008
3,2,2,128,128,rs_ag_pair,1835008,0.10063680013020833,0.09977493286132813,0.10087893009185792
3,2,2,1024,1024,all_reduce,14680064,0.056467199325561525,0.05626879930496216,0.05650346676508586
3,2,2,1024,1024,reduce_scatter,14680064,0.05071573257446289,0.0493066668510437,0.05318933327992757
3,2,2,1024,1024,all_gather,14680064,0.04775360027949015,0.047030401229858396,0.048069334030151366
3,2,2,1024,1024,all_to_all,14680064,0.054261334737141925,0.05400853157043457,0.05462613503138224
3,2,2,1024,1024,rs_ag_pair,14680064,0.11020906766255696,0.10359573364257812,0.3664362589518229
3,2,2,8192,8192,all_reduce,117440512,0.24670720100402832,0.24663573900858562,0.24690240224202473
3,2,2,8192,8192,reduce_scatter,117440512,0.16483626365661622,0.1642218589782715,0.164901336034139
3,2,2,8192,8192,all_gather,117440512,0.15282346407572428,0.15269440015157063,0.15314985911051432
3,2,2,8192,8192,all_to_all,117440512,0.19514986673990886,0.19497386614481607,0.19626026153564452
3,2,2,8192,8192,rs_ag_pair,117440512,0.3184447924296061,0.31831251780192055,0.31850239435831706
3,2,2,16384,16384,all_reduce,234881024,0.45745172500610354,0.45700480143229166,0.45748907725016275
3,2,2,16384,16384,reduce_scatter,234881024,0.29389546712239584,0.2938538551330566,0.29393173853556315
3,2,2,16384,16384,all_gather,234881024,0.28242985407511395,0.2821855862935384,0.28269866307576497
3,2,2,16384,16384,all_to_all,234881024,0.3624608039855957,0.36020692189534503,0.3625568072001139
3,2,2,16384,16384,rs_ag_pair,234881024,0.5769258499145508,0.5760746637980143,0.5771125157674154
3,0,4,1,4,all_reduce,57344,0.056228268146514895,0.055682134628295896,0.05679359833399455
3,0,4,1,4,reduce_scatter,57344,0.05139946540196737,0.050903467337290446,0.05387306610743205
3,0,4,1,4,all_gather,57344,0.049618132909138996,0.04935146570205688,0.050911998748779295
3,0,4,1,4,all_to_all,57344,0.0608949343363444,0.05817919969558716,0.061468799908955894
3,0,4,1,4,rs_ag_pair,57344,0.10559679667154948,0.10516266822814942,0.14448960622151694
3,0,4,8,8,all_reduce,114688,0.05802773237228394,0.05748053391774496,0.05936319828033447
3,0,4,8,8,reduce_scatter,114688,0.055035734176635744,0.05442879994710286,0.05536746581395467
3,0,4,8,8,all_gather,114688,0.05104320049285889,0.05093973477681478,0.05219626824061076
3,0,4,8,8,all_to_all,114688,0.059725864728291826,0.05953813393910726,0.061001598834991455
3,0,4,8,8,rs_ag_pair,114688,0.10679039955139161,0.10555413564046225,0.10805546442667643
3,0,4,128,128,all_reduce,1835008,0.061535998185475664,0.06056106487909953,0.06185493469238281
3,0,4,128,128,reduce_scatter,1835008,0.055403733253479005,0.054791466395060225,0.055938132603963214
3,0,4,128,128,all_gather,1835008,0.05489279826482137,0.05418453216552734,0.1685002644856771
3,0,4,128,128,all_to_all,1835008,0.062190934022267656,0.06024640003840129,0.06239999930063884
3,0,4,128,128,rs_ag_pair,1835008,0.11052160263061524,0.10907839934031169,0.11176106929779053
3,0,4,1024,1024,all_reduce,14680064,0.06179413398106893,0.06154773235321045,0.062181333700815834
3,0,4,1024,1024,reduce_scatter,14680064,0.05683733224868774,0.056694400310516355,0.05811200141906738
3,0,4,1024,1024,all_gather,14680064,0.0577461322148641,0.05767999887466431,0.058005332946777344
3,0,4,1024,1024,all_to_all,14680064,0.06197119951248169,0.06075199842453003,0.06288746595382691
3,0,4,1024,1024,rs_ag_pair,14680064,0.11555840174357096,0.11229546864827473,0.2593183994293213
3,0,4,8192,8192,all_reduce,117440512,0.30891520182291665,0.3084554672241211,0.30911998748779296
3,0,4,8192,8192,reduce_scatter,117440512,0.18018773396809895,0.17982826232910157,0.1809600035349528
3,0,4,8192,8192,all_gather,117440512,0.17682347297668458,0.17678186098734539,0.1771882692972819
3,0,4,8192,8192,all_to_all,117440512,0.1991370677947998,0.19769280751546223,0.19941439628601074
3,0,4,8192,8192,rs_ag_pair,117440512,0.358898131052653,0.3583957354227702,0.3592159907023112
3,0,4,16384,16384,all_reduce,234881024,0.594977060953776,0.5948650360107421,0.5953311920166016
3,0,4,16384,16384,reduce_scatter,234881024,0.34201494852701825,0.34185813268025717,0.3423616091410319
3,0,4,16384,16384,all_gather,234881024,0.3298442522684733,0.3291167894999186,0.33028586705525714
3,0,4,16384,16384,all_to_all,234881024,0.36901868184407555,0.3682474772135417,0.36955734888712566
3,0,4,16384,16384,rs_ag_pair,234881024,0.6748554865519206,0.6742090861002604,0.7160042444864909
3,0,8,1,8,all_reduce,114688,0.059588265419006345,0.05711573362350464,0.07648106416066487
3,0,8,1,8,reduce_scatter,114688,0.051327999432881674,0.051105066140492754,0.05191466808319092
3,0,8,1,8,all_gather,114688,0.048737064997355146,0.048330668608347574,0.050649599234263105
3,0,8,1,8,all_to_all,114688,0.07354239622751872,0.0713866631189982,0.07377066612243652
3,0,8,1,8,rs_ag_pair,114688,0.1246293306350708,0.12274666627248128,0.124781862894694
3,0,8,8,8,all_reduce,114688,0.06794559955596924,0.06644373337427775,0.06868159770965576
3,0,8,8,8,reduce_scatter,114688,0.06538346608479818,0.060855468114217125,0.14760319391886392
3,0,8,8,8,all_gather,114688,0.05180906852086385,0.05114133358001709,0.1677994728088379
3,0,8,8,8,all_to_all,114688,0.06602133512496948,0.06548266808191935,0.0679263989130656
3,0,8,8,8,rs_ag_pair,114688,0.11146667003631591,0.11092906792958578,0.11148053010304769
3,0,8,128,128,all_reduce,1835008,0.0633354663848877,0.06285866498947143,0.06417706807454428
3,0,8,128,128,reduce_scatter,1835008,0.05809813340504964,0.05796586672465007,0.05915520191192627
3,0,8,128,128,all_gather,1835008,0.05557546615600586,0.05488853454589844,0.05694933334986369
3,0,8,128,128,all_to_all,1835008,0.07132373650868734,0.06935253143310546,0.07178880373636881
3,0,8,128,128,rs_ag_pair,1835008,0.12301546732584635,0.12178239822387696,0.1250048001607259
3,0,8,1024,1024,all_reduce,14680064,0.09370773633321126,0.09356799920399984,0.09376959800720215
3,0,8,1024,1024,reduce_scatter,14680064,0.05818986495335897,0.05739519993464152,0.058235732714335124
3,0,8,1024,1024,all_gather,14680064,0.05561386744181315,0.0555402676264445,0.056057600180308025
3,0,8,1024,1024,all_to_all,14680064,0.07050879796346028,0.0700767993927002,0.07086719671885172
3,0,8,1024,1024,rs_ag_pair,14680064,0.11930133501688639,0.11859093507130941,0.11963307062784831
3,0,8,8192,8192,all_reduce,117440512,0.3625919977823893,0.3612906773885091,0.45343039830525717
3,0,8,8192,8192,reduce_scatter,117440512,0.1903018633524577,0.18997866312662762,0.19063040415445964
3,0,8,8192,8192,all_gather,117440512,0.19231573740641275,0.19208319981892905,0.19252907435099284
3,0,8,8192,8192,all_to_all,117440512,0.20848533312479656,0.20838613510131837,0.20857280095418293
3,0,8,8192,8192,rs_ag_pair,117440512,0.38360640207926433,0.38345492680867516,0.4218496004740397
3,0,8,16384,16384,all_reduce,234881024,0.6353066762288412,0.634814961751302,0.636027717590332
3,0,8,16384,16384,reduce_scatter,234881024,0.3538389205932617,0.35260054270426433,0.35479892094930016
3,0,8,16384,16384,all_gather,234881024,0.3541898727416992,0.3537472089131673,0.35602347056070965
3,0,8,16384,16384,all_to_all,234881024,0.3784309387207031,0.37773653666178386,0.42791147232055665
3,0,8,16384,16384,rs_ag_pair,234881024,0.7108085632324219,0.7086463928222656,0.7119370778401692
3,0,16,1,16,all_reduce,229376,0.08202133178710938,0.057861332098642984,0.09831146399180095
3,0,16,1,16,reduce_scatter,229376,0.0837557315826416,0.07014826933542888,0.08544106483459472
3,0,16,1,16,all_gather,229376,0.06823253631591797,0.0641813317934672,0.07265173594156901
3,0,16,1,16,all_to_all,229376,0.09494506518046061,0.09332373142242431,0.10012053648630778
3,0,16,1,16,rs_ag_pair,229376,0.13349119822184244,0.1315381368001302,0.13538452784220378
3,0,16,8,16,all_reduce,229376,0.06929386456807454,0.06804052988688152,0.07107199827829996
3,0,16,8,16,reduce_scatter,229376,0.06414613326390585,0.06412906646728515,0.06901760101318359
3,0,16,8,16,all_gather,229376,0.06714453697204589,0.0628554662068685,0.08072746594746907
3,0,16,8,16,all_to_all,229376,0.09586986700693766,0.0892959992090861,0.09637760321299235
3,0,16,8,16,rs_ag_pair,229376,0.1305792013804118,0.12966399987538654,0.13712426821390789
3,0,16,128,128,all_reduce,1835008,0.3343839963277181,0.07320319811503093,0.4263744036356608
3,0,16,128,128,reduce_scatter,1835008,0.06233280102411906,0.06103893518447876,0.06703146298726399
3,0,16,128,128,all_gather,1835008,0.06903253396352133,0.061103999614715576,0.08546133041381836
3,0,16,128,128,all_to_all,1835008,0.08474026521046957,0.08375360171000162,0.08608746528625488
3,0,16,128,128,rs_ag_pair,1835008,0.1291434685389201,0.1284447987874349,0.13086613019307455
3,0,16,1024,1024,all_reduce,14680064,0.1057919979095459,0.10546027024586996,0.10589120388031006
3,0,16,1024,1024,reduce_scatter,14680064,0.06917119820912679,0.06738666693369548,0.07553066412607828
3,0,16,1024,1024,all_gather,14680064,0.07978666623433431,0.07961493333180746,0.23957120577494304
3,0,16,1024,1024,all_to_all,14680064,0.33083200454711914,0.09443840185801188,0.42263040542602537
3,0,16,1024,1024,rs_ag_pair,14680064,0.15024213790893554,0.14966613451639812,0.15078399976094564
3,0,16,8192,8192,all_reduce,117440512,0.41360534032185875,0.4121461232503255,0.413809076944987
3,0,16,8192,8192,reduce_scatter,117440512,0.3157343864440918,0.31111574172973633,0.3462688128153483
3,0,16,8192,8192,all_gather,117440512,0.21034879684448243,0.20963199933369955,0.21094400087992352
3,0,16,8192,8192,all_to_all,117440512,0.2144330660502116,0.21422826449076335,0.2147487958272298
3,0,16,8192,8192,rs_ag_pair,117440512,0.4668810526529948,0.46573654810587567,0.6002784093221029
3,0,16,16384,16384,all_reduce,234881024,0.6989258448282878,0.6977386474609375,0.6996074676513672
3,0,16,16384,16384,reduce_scatter,234881024,0.3647295951843262,0.36453011830647786,0.3647466659545898
3,0,16,16384,16384,all_gather,234881024,0.3696757316589355,0.3693333307902018,0.36991252899169924
3,0,16,16384,16384,all_to_all,234881024,0.38600212732950845,0.3850474675496419,0.40867732365926107
3,0,16,16384,16384,rs_ag_pair,234881024,0.7349023818969727,0.7342506408691406,0.7977525075276692
4,4,2,1,2,all_reduce,28672,0.05804693301518758,0.05763733386993408,0.0841269334157308
4,4,2,1,2,reduce_scatter,28672,0.0513152003288269,0.05065279801686605,0.053594664732615156
4,4,2,1,2,all_gather,28672,0.04779200156529744,0.04733653465906779,0.04874133268992106
4,4,2,1,2,all_to_all,28672,0.05487039883931478,0.05480213165283203,0.06201066573460897
4,4,2,1,2,rs_ag_pair,28672,0.10237226486206055,0.10107626914978027,0.10346986452738444
4,4,2,8,8,all_reduce,114688,0.05877866744995117,0.05727039972941081,0.060046935081481935
4,4,2,8,8,reduce_scatter,114688,0.05265706777572632,0.052363733450571694,0.053041064739227296
4,4,2,8,8,all_gather,114688,0.048964265982309976,0.04891413450241089,0.049932801723480226
4,4,2,8,8,all_to_all,114688,0.0569269339243571,0.055644798278808597,0.06018879810969035
4,4,2,8,8,rs_ag_pair,114688,0.10006720225016276,0.0999071995417277,0.10476906299591064
4,4,2,128,128,all_reduce,1835008,0.05942933162053426,0.05916906595230102,0.06051413218180338
4,4,2,128,128,reduce_scatter,1835008,0.05333120028177897,0.053283198674519854,0.05506773392359416
4,4,2,128,128,all_gather,1835008,0.049990399678548174,0.04994773467381795,0.05005973180135091
4,4,2,128,128,all_to_all,1835008,0.05546026627222697,0.05536640087763468,0.05641706784566244
4,4,2,128,128,rs_ag_pair,1835008,0.10268266995747884,0.10160853068033854,0.10395306746164958
4,4,2,1024,1024,all_reduce,14680064,0.057121066252390544,0.05677760044733683,0.05782080094019572
4,4,2,1024,1024,reduce_scatter,14680064,0.05235733191172282,0.051661864916483564,0.053236265977223717
4,4,2,1024,1024,all_gather,14680064,0.05067626635233561,0.04980159997940063,0.053600001335144046
4,4,2,1024,1024,all_to_all,14680064,0.05676800012588501,0.05596373478571574,0.056850131352742514
4,4,2,1024,1024,rs_ag_pair,14680064,0.10881813367207845,0.10692693392435709,0.11168213685353597
4,4,2,8192,8192,all_reduce,117440512,0.24532052675882976,0.24498987197875977,0.2459104061126709
4,4,2,8192,8192,reduce_scatter,117440512,0.16458667119344075,0.1645568052927653,0.16467946370442707
4,4,2,8192,8192,all_gather,117440512,0.15322133700052898,0.15311253865559896,0.15352959632873536
4,4,2,8192,8192,all_to_all,117440512,0.19664746920267742,0.19583679835001627,0.1967349370320638
4,4,2,8192,8192,rs_ag_pair,117440512,0.31756693522135415,0.3169568061828613,0.3528106689453125
4,4,2,16384,16384,all_reduce,234881024,0.4582186698913574,0.4580032030741374,0.45822827021280926
4,4,2,16384,16384,reduce_scatter,234881024,0.2957002639770508,0.2955861409505208,0.3530240058898926
4,4,2,16384,16384,all_gather,234881024,0.2834656079610189,0.2832522710164388,0.2840693473815918
4,4,2,16384,16384,all_to_all,234881024,0.3630965232849121,0.3627509435017904,0.3642560005187988
4,4,2,16384,16384,rs_ag_pair,234881024,0.5783327738444011,0.5778197606404623,0.5790304183959961
4,4,4,1,4,all_reduce,57344,0.057028265794118245,0.056627198060353594,0.05707626740137736
4,4,4,1,4,reduce_scatter,57344,0.05235733191172282,0.05177706480026245,0.05248426596323649
4,4,4,1,4,all_gather,57344,0.048613333702087404,0.04836159944534302,0.04907946586608887
4,4,4,1,4,all_to_all,57344,0.05693653424580892,0.05613653262456258,0.056977065404256184
4,4,4,1,4,rs_ag_pair,57344,0.10511466662089029,0.1025813341140747,0.16678293546040854
4,4,4,8,8,all_reduce,114688,0.057844265302022295,0.05718186696370443,0.05807360013326009
4,4,4,8,8,reduce_scatter,114688,0.05398720105489095,0.05322453180948893,0.054305068651835126
4,4,4,8,8,all_gather,114688,0.050350932280222575,0.05008000135421753,0.05114453236262004
4,4,4,8,8,all_to_all,114688,0.05943040053049723,0.05889813502629598,0.05992533365885417
4,4,4,8,8,rs_ag_pair,114688,0.10526613394419353,0.1052458683649699,0.10592319965362548
4,4,4,128,128,all_reduce,1835008,0.059204268455505374,0.05910079876581828,0.05995946725209554
4,4,4,128,128,reduce_scatter,1835008,0.05515306790669759,0.05488853454589844,0.05655146837234497
4,4,4,128,128,all_gather,1835008,0.05356266498565674,0.05330346822738648,0.053667199611663816
4,4,4,128,128,all_to_all,1835008,0.06037439902623495,0.060250667730967204,0.2314293384552002
4,4,4,128,128,rs_ag_pair,1835008,0.10966080029805501,0.10930559635162354,0.11002559661865234
4,4,4,1024,1024,all_reduce,14680064,0.06098560094833374,0.06067413489023844,0.062140798568725585
4,4,4,1024,1024,reduce_scatter,14680064,0.05641920169194539,0.05559146801630656,0.05760320027669271
4,4,4,1024,1024,all_gather,14680064,0.05734826723734538,0.05728533267974854,0.05744959910710653
4,4,4,1024,1024,all_to_all,14680064,0.06154773235321045,0.061172266801198326,0.062002134323120114
4,4,4,1024,1024,rs_ag_pair,14680064,0.1118677298227946,0.11170773506164551,0.11314880053202311
4,4,4,8192,8192,all_reduce,117440512,0.30892585118611654,0.30850559870402017,0.47663040161132814
4,4,4,8192,8192,reduce_scatter,117440512,0.18039894104003906,0.18019839922587078,0.1809567928314209
4,4,4,8192,8192,all_gather,117440512,0.17710933685302735,0.17699519793192545,0.17723520596822104
4,4,4,8192,8192,all_to_all,117440512,0.20576319694519044,0.19876160621643066,0.20629013379414876
4,4,4,8192,8192,rs_ag_pair,117440512,0.3584405263264974,0.3582570711771647,0.35849386850992837
4,4,4,16384,16384,all_reduce,234881024,0.5912245432535808,0.5908885320027669,0.6514517466227213
4,4,4,16384,16384,reduce_scatter,234881024,0.34126507441202797,0.34018561045328777,0.34134934743245443
4,4,4,16384,16384,all_gather,234881024,0.3304949442545573,0.330354118347168,0.3306026776631673
4,4,4,16384,16384,all_to_all,234881024,0.36949440638224285,0.36931626001993817,0.4066410700480143
4,4,4,16384,16384,rs_ag_pair,234881024,0.6724288304646809,0.6723242441813151,0.6724906921386719
4,0,8,1,8,all_reduce,114688,0.060210132598876955,0.05702613194783528,0.07631573677062989
4,0,8,1,8,reduce_scatter,114688,0.05113386710484823,0.051029332478841144,0.051839999357859295
4,0,8,1,8,all_gather,114688,0.048877867062886556,0.04819306532541911,0.050171732902526855
4,0,8,1,8,all_to_all,114688,0.07327679793039958,0.0710752010345459,0.07723840077718098
4,0,8,1,8,rs_ag_pair,114688,0.12416640122731527,0.1223637342453003,0.12444799741109212
4,0,8,8,8,all_reduce,114688,0.06763520240783691,0.06614720026652018,0.06835626761118571
4,0,8,8,8,reduce_scatter,114688,0.0644159992535909,0.060532267888387045,0.14808425903320313
4,0,8,8,8,all_gather,114688,0.05130666494369507,0.051173333326975504,0.16838293075561522
4,0,8,8,8,all_to_all,114688,0.06607893308003744,0.06607679923375448,0.0682645320892334
4,0,8,8,8,rs_ag_pair,114688,0.11097706953684489,0.11077546278635661,0.1111082633336385
4,0,8,128,128,all_reduce,1835008,0.06276586850484213,0.06259520053863525,0.06417280038197835
4,0,8,128,128,reduce_scatter,1835008,0.057945601145426434,0.05781439940134684,0.058327468236287434
4,0,8,128,128,all_gather,1835008,0.055563731988271074,0.05541866620381673,0.05616960128148397
4,0,8,128,128,all_to_all,1835008,0.07153279781341552,0.07033493518829345,0.07254292964935302
4,0,8,128,128,rs_ag_pair,1835008,0.1228874683380127,0.12119572957356771,0.12444586753845215
4,0,8,1024,1024,all_reduce,14680064,0.09384426275889078,0.09379733403523763,0.09405333201090495
4,0,8,1024,1024,reduce_scatter,14680064,0.05878506501515706,0.0580351988474528,0.05885333220163981
4,0,8,1024,1024,all_gather,14680064,0.05614720185597737,0.05579520066579183,0.05656533241271973
4,0,8,1024,1024,all_to_all,14680064,0.07057173252105713,0.07011840343475342,0.07106986840566
4,0,8,1024,1024,rs_ag_pair,14680064,0.11945707003275553,0.11842239697774251,0.11969386736551921
4,0,8,8192,8192,all_reduce,117440512,0.36274665196736655,0.3615573247273763,0.45455681482950844
4,0,8,8192,8192,reduce_scatter,117440512,0.1903615951538086,0.19014827410380045,0.19077547391255698
4,0,8,8192,8192,all_gather,117440512,0.19223999977111816,0.1919253349304199,0.19264532725016276
4,0,8,8192,8192,all_to_all,117440512,0.20847360293070474,0.20827199618021647,0.2088138739267985
4,0,8,8192,8192,rs_ag_pair,117440512,0.38373546600341796,0.38357760111490885,0.4219296137491862
4,0,8,16384,16384,all_reduce,234881024,0.6356362660725912,0.6349952061971028,0.6362261454264323
4,0,8,16384,16384,reduce_scatter,234881024,0.3536970774332682,0.35240745544433594,0.3550463994344076
4,0,8,16384,16384,all_gather,234881024,0.3543306668599447,0.35404265721639,0.3562997182210286
4,0,8,16384,16384,all_to_all,234881024,0.37857494354248045,0.37817281087239585,0.4278890609741211
4,0,8,16384,16384,rs_ag_pair,234881024,0.7110922495524089,0.7085599899291992,0.7122688293457031
4,0,16,1,16,all_reduce,229376,0.08195626735687256,0.060323198636372886,0.09838613669077555
4,0,16,1,16,reduce_scatter,229376,0.08380266825358072,0.07029439608256022,0.08563946882883708
4,0,16,1,16,all_gather,229376,0.06832106908162434,0.06469226678212484,0.07264426549275717
4,0,16,1,16,all_to_all,229376,0.0948853333791097,0.09328746795654297,0.10004053115844727
4,0,16,1,16,rs_ag_pair,229376,0.13349973360697429,0.13114240169525146,0.13527679443359375
4,0,16,8,16,all_reduce,229376,0.06929066975911459,0.06800320148468017,0.07106133302052815
4,0,16,8,16,reduce_scatter,229376,0.06419626474380494,0.06378560066223145,0.06902399857838949
4,0,16,8,16,all_gather,229376,0.06706026395161947,0.06285760005315146,0.07977706591288249
4,0,16,8,16,all_to_all,229376,0.09591999848683676,0.08919253349304199,0.09636693000793457
4,0,16,8,16,rs_ag_pair,229376,0.13052053451538087,0.12966079711914064,0.13708160718282064
4,0,16,128,128,all_reduce,1835008,0.3343690554300944,0.07301013469696045,0.42639039357503256
4,0,16,128,128,reduce_scatter,1835008,0.062363731861114505,0.06113813320795695,0.06698026657104492
4,0,16,128,128,all_gather,1835008,0.06904640197753906,0.06107413371404012,0.08542719682057699
4,0,16,128,128,all_to_all,1835008,0.08474240303039551,0.08371946811676026,0.08609600067138672
4,0,16,128,128,rs_ag_pair,1835008,0.12917866706848144,0.12846293449401855,0.1308842658996582
4,0,16,1024,1024,all_reduce,14680064,0.10566079616546631,0.10530347029368083,0.10583786964416504
4,0,16,1024,1024,reduce_scatter,14680064,0.06914560000101726,0.0674015998840332,0.07553813457489014
4,0,16,1024,1024,all_gather,14680064,0.07970666885375977,0.07965439955393473,0.23961706161499025
4,0,16,1024,1024,all_to_all,14680064,0.3307605425516764,0.09433066844940186,0.42254826227823894
4,0,16,1024,1024,rs_ag_pair,14680064,0.15005866686503092,0.14961172739664713,0.15082133611043294
4,0,16,8192,8192,all_reduce,117440512,0.41366294225056965,0.41216745376586916,0.4138346672058105
4,0,16,8192,8192,reduce_scatter,117440512,0.31590293248494467,0.31123838424682615,0.3466282526652018
4,0,16,8192,8192,all_gather,117440512,0.21042240460713704,0.20969492594401043,0.21085119247436523
4,0,16,8192,8192,all_to_all,117440512,0.21454826990763345,0.2144565264383952,0.2146933396657308
4,0,16,8192,8192,rs_ag_pair,117440512,0.4669343948364258,0.46580692927042644,0.5992885589599609
4,0,16,16384,16384,all_reduce,234881024,0.6990037282307943,0.6977343877156575,0.6996810913085938
4,0,16,16384,16384,reduce_scatter,234881024,0.36476907730102537,0.3644159952799479,0.36481494903564454
4,0,16,16384,16384,all_gather,234881024,0.3698250770568848,0.3694250742594401,0.3699893315633138
4,0,16,16384,16384,all_to_all,234881024,0.38607680002848305,0.3848053296407064,0.4087914784749349
4,0,16,16384,16384,rs_ag_pair,234881024,0.7348597208658855,0.7343530654907227,0.7977269490559896
5,4,2,1,2,all_reduce,28672,0.05691946744918823,0.056780799229939775,0.058156800270080564
5,4,2,1,2,reduce_scatter,28672,0.05057386557261149,0.049710933367411295,0.05174613396326701
5,4,2,1,2,all_gather,28672,0.0473034660021464,0.04705493450164795,0.04781759977340698
5,4,2,1,2,all_to_all,28672,0.054694398244222,0.05385813315709432,0.061417599519093834
5,4,2,1,2,rs_ag_pair,28672,0.10221760272979737,0.10211199919382731,0.1025162696838379
5,4,2,8,8,all_reduce,114688,0.05769386688868205,0.0571999986966451,0.05894399881362915
5,4,2,8,8,reduce_scatter,114688,0.05132053295771281,0.05131200154622396,0.052304001649220784
5,4,2,8,8,all_gather,114688,0.04879039923350016,0.047908266385396324,0.049353599548339844
5,4,2,8,8,all_to_all,114688,0.05615146557490031,0.05463466644287109,0.05927679936091105
5,4,2,8,8,rs_ag_pair,114688,0.0996298631032308,0.09897279739379883,0.10383679866790771
5,4,2,128,128,all_reduce,1835008,0.05857280095418294,0.05855466524759929,0.059862399101257326
5,4,2,128,128,reduce_scatter,1835008,0.05261546770731608,0.05231893459955851,0.05333226521809896
5,4,2,128,128,all_gather,1835008,0.049159467220306396,0.04904319842656454,0.049235200881958006
5,4,2,128,128,all_to_all,1835008,0.054825599988301596,0.05456426541010539,0.05568639834721883
5,4,2,128,128,rs_ag_pair,1835008,0.10224640369415283,0.10088640054066976,0.10319999853769939
5,4,2,1024,1024,all_reduce,14680064,0.057147733370463055,0.05677760044733683,0.05782186587651571
5,4,2,1024,1024,reduce_scatter,14680064,0.052221866448720296,0.051520001888275144,0.0530784010887146
5,4,2,1024,1024,all_gather,14680064,0.050552535057067874,0.04959466854731242,0.05389226675033569
5,4,2,1024,1024,all_to_all,14680064,0.05668373505274455,0.05605013370513916,0.05671466588973999
5,4,2,1024,1024,rs_ag_pair,14680064,0.10784640312194824,0.10672852993011475,0.1113813320795695
5,4,2,8192,8192,all_reduce,117440512,0.24576212565104166,0.24374186197916667,0.24589227040608724
5,4,2,8192,8192,reduce_scatter,117440512,0.1641962687174479,0.1641738732655843,0.16465919812520344
5,4,2,8192,8192,all_gather,117440512,0.15261012713114422,0.1522549311319987,0.1529205322265625
5,4,2,8192,8192,all_to_all,117440512,0.1966261386871338,0.19585919380187988,0.19676586786905925
5,4,2,8192,8192,rs_ag_pair,117440512,0.31716693242390953,0.3165482521057129,0.35238507588704426
5,4,2,16384,16384,all_reduce,234881024,0.4582912127176921,0.4579648017883301,0.45831146240234377
5,4,2,16384,16384,reduce_scatter,234881024,0.29585173924763997,0.2956117312113444,0.3532095909118652
5,4,2,16384,16384,all_gather,234881024,0.28315305709838867,0.2828821182250977,0.2835285186767578
5,4,2,16384,16384,all_to_all,234881024,0.3630602518717448,0.36259946823120115,0.364136536916097
5,4,2,16384,16384,rs_ag_pair,234881024,0.5783648173014323,0.5778229395548503,0.5784351984659831
5,4,4,1,4,all_reduce,57344,0.05625919898351033,0.05607039928436279,0.05641813278198242
5,4,4,1,4,reduce_scatter,57344,0.0518175999323527,0.05137386719385783,0.05184319814046224
5,4,4,1,4,all_gather,57344,0.047736533482869464,0.04748479922612508,0.04883306821187337
5,4,4,1,4,all_to_all,57344,0.05626773436864217,0.05551360050837199,0.056813867886861165
5,4,4,1,4,rs_ag_pair,57344,0.10484480063120524,0.10219093163808186,0.1659071922302246
5,4,4,8,8,all_reduce,114688,0.05703786611557007,0.056541868050893146,0.05714346567789714
5,4,4,8,8,reduce_scatter,114688,0.053220268090566,0.05250346660614014,0.05387093226114909
5,4,4,8,8,all_gather,114688,0.049558401107788086,0.049325867493947344,0.05060266653696696
5,4,4,8,8,all_to_all,114688,0.05908586581548055,0.05784533421198527,0.059198931852976484
5,4,4,8,8,rs_ag_pair,114688,0.10505066712697347,0.10492053031921386,0.10559893449147542
5,4,4,128,128,all_reduce,1835008,0.05869439840316772,0.058652798334757485,0.05927040179570516
5,4,4,128,128,reduce_scatter,1835008,0.054322131474812824,0.05420906543731689,0.056084267298380536
5,4,4,128,128,all_gather,1835008,0.05274133284886678,0.05246080160140991,0.05312853256861369
5,4,4,128,128,all_to_all,1835008,0.059834667046864826,0.059197866916656496,0.231549866994222
5,4,4,128,128,rs_ag_pair,1835008,0.10927253564198812,0.10899413426717122,0.10935680071512859
5,4,4,1024,1024,all_reduce,14680064,0.060933331648508705,0.06075199842453003,0.06216640075047811
5,4,4,1024,1024,reduce_scatter,14680064,0.05640639861424764,0.05555733442306519,0.05777920087178548
5,4,4,1024,1024,all_gather,14680064,0.0574346661567688,0.05739519993464152,0.05752533276875814
5,4,4,1024,1024,all_to_all,14680064,0.06126613219579061,0.061000533898671466,0.061705601215362546
5,4,4,1024,1024,rs_ag_pair,14680064,0.11183573404947916,0.11167466640472412,0.11300586859385173
5,4,4,8192,8192,all_reduce,117440512,0.30888853073120115,0.3084821383158366,0.4765877405802409
5,4,4,8192,8192,reduce_scatter,117440512,0.18051519393920898,0.18021012941996256,0.18069012959798178
5,4,4,8192,8192,all_gather,117440512,0.17731626828511557,0.1772501309712728,0.17736533482869465
5,4,4,8192,8192,all_to_all,117440512,0.20597227414449057,0.19905600547790528,0.20610772768656413
5,4,4,8192,8192,rs_ag_pair,117440512,0.35834134419759117,0.35826346079508464,0.3585536003112793
5,4,4,16384,16384,all_reduce,234881024,0.5911082585652669,0.5908416112263998,0.6513770421346029
5,4,4,16384,16384,reduce_scatter,234881024,0.34117120107014975,0.33982613881429036,0.341370677947998
5,4,4,16384,16384,all_gather,234881024,0.3302890777587891,0.33013121287027997,0.33057918548583987
5,4,4,16384,16384,all_to_all,234881024,0.3692789395650228,0.3692255973815918,0.40698881149291993
5,4,4,16384,16384,rs_ag_pair,234881024,0.6723616282145183,0.6723061243693034,0.67237548828125
5,0,8,1,8,all_reduce,114688,0.06027413209279378,0.05703786611557007,0.07623253663380941
5,0,8,1,8,reduce_scatter,114688,0.050893867015838624,0.050877865155537924,0.051750401655832924
5,0,8,1,8,all_gather,114688,0.049236265818277995,0.04814720153808594,0.05033173163731893
5,0,8,1,8,all_to_all,114688,0.07331946690877279,0.07112747033437093,0.07731946309407552
5,0,8,1,8,rs_ag_pair,114688,0.12418453693389893,0.12243413130442302,0.12450239658355713
5,0,8,8,8,all_reduce,114688,0.06773653030395507,0.06614720026652018,0.06834239959716797
5,0,8,8,8,reduce_scatter,114688,0.06448320150375367,0.06057706673940023,0.14801920255025228
5,0,8,8,8,all_gather,114688,0.05118506749471029,0.05091626644134521,0.16852693557739257
5,0,8,8,8,all_to_all,114688,0.0661621332168579,0.06607893308003744,0.06833600203196208
5,0,8,8,8,rs_ag_pair,114688,0.11105493704477946,0.11085120042165121,0.11124266783396403
5,0,8,128,128,all_reduce,1835008,0.06276586850484213,0.06263573169708252,0.06423893372217813
5,0,8,128,128,reduce_scatter,1835008,0.057921067873636885,0.057835733890533446,0.058362666765848795
5,0,8,128,128,all_gather,1835008,0.05562880039215088,0.055401599407196044,0.056195199489593506
5,0,8,128,128,all_to_all,1835008,0.07152640024820964,0.07034560044606526,0.07264746824900309
5,0,8,128,128,rs_ag_pair,1835008,0.12294613520304362,0.12127146720886231,0.12454400062561036
5,0,8,1024,1024,all_reduce,14680064,0.09389653205871581,0.09388480186462403,0.0941269318262736
5,0,8,1024,1024,reduce_scatter,14680064,0.05892053445180257,0.05813653469085693,0.05899626811345418
5,0,8,1024,1024,all_gather,14680064,0.05620479981104533,0.05580053329467773,0.05665066639582316
5,0,8,1024,1024,all_to_all,14680064,0.07063039938608805,0.07021973133087159,0.07110826969146729
5,0,8,1024,1024,rs_ag_pair,14680064,0.11943253676096598,0.1183679978052775,0.1196618636449178
5,0,8,8192,8192,all_reduce,117440512,0.36279147466023765,0.36157865524291993,0.4547391891479492
5,0,8,8192,8192,reduce_scatter,117440512,0.19026026725769044,0.1902143955230713,0.190720001856486
5,0,8,8192,8192,all_gather,117440512,0.19227306048075357,0.19196693102518717,0.1926570733388265
5,0,8,8192,8192,all_to_all,117440512,0.20859306653340656,0.20830079714457195,0.2088373343149821
5,0,8,8192,8192,rs_ag_pair,117440512,0.38374506632486977,0.3836053212483724,0.42193705240885415
5,0,8,16384,16384,all_reduce,234881024,0.635592524210612,0.6349685033162434,0.6361824035644531
5,0,8,16384,16384,reduce_scatter,234881024,0.35359252293904625,0.35255041122436526,0.3549824078877767
5,0,8,16384,16384,all_gather,234881024,0.35433705647786456,0.35430933634440104,0.35638933181762694
5,0,8,16384,16384,all_to_all,234881024,0.37875305811564125,0.3781056086222331,0.42834240595499673
5,0,8,16384,16384,rs_ag_pair,234881024,0.7110570907592774,0.7083733240763347,0.7121994654337566
5,0,16,1,16,all_reduce,229376,0.07464319864908854,0.06002133289972941,0.09838293393452963
5,0,16,1,16,reduce_scatter,229376,0.08385706742604573,0.07025813261667888,0.08556479612986247
5,0,16,1,16,all_gather,229376,0.06835199991861979,0.06459733247756957,0.07267839908599853
5,0,16,1,16,all_to_all,229376,0.09619519710540772,0.09311253229777018,0.09915946324666342
5,0,16,1,16,rs_ag_pair,229376,0.13299093246459961,0.13094293276468913,0.1358506679534912
5,0,16,8,16,all_reduce,229376,0.06906666755676269,0.06784106890360514,0.07089493274688721
5,0,16,8,16,reduce_scatter,229376,0.06391679843266805,0.06345813274383545,0.06880426406860352
5,0,16,8,16,all_gather,229376,0.06691733201344809,0.06269226471583049,0.07963626384735108
5,0,16,8,16,all_to_all,229376,0.09567573070526122,0.08897173404693604,0.09614400068918864
5,0,16,8,16,rs_ag_pair,229376,0.13031360308329265,0.12951573530832927,0.13685545921325684
5,0,16,128,128,all_reduce,1835008,0.33415679931640624,0.07283519903818766,0.4218101183573405
5,0,16,128,128,reduce_scatter,1835008,0.0616373340288798,0.06115946769714355,0.06656426588694254
5,0,16,128,128,all_gather,1835008,0.06819946765899658,0.06076586643854777,0.08614292939503988
5,0,16,128,128,all_to_all,1835008,0.08444693088531494,0.08253226280212403,0.08562560081481933
5,0,16,128,128,rs_ag_pair,1835008,0.12821866671244303,0.12775999704996746,0.12909653186798095
5,0,16,1024,1024,all_reduce,14680064,0.10537066459655761,0.10508159796396892,0.10541866620381674
5,0,16,1024,1024,reduce_scatter,14680064,0.0688383976618449,0.06703466574350993,0.07524159749348959
5,0,16,1024,1024,all_gather,14680064,0.0794432004292806,0.07942293485005697,0.23887252807617188
5,0,16,1024,1024,all_to_all,14680064,0.3304896036783854,0.09398933251698811,0.4223583857218424
5,0,16,1024,1024,rs_ag_pair,14680064,0.149563725789388,0.14923520088195802,0.15048425992329914
5,0,16,8192,8192,all_reduce,117440512,0.4131967862447103,0.41135358810424805,0.41364374160766604
5,0,16,8192,8192,reduce_scatter,117440512,0.3149354616800944,0.3108319918314616,0.3461440086364746
5,0,16,8192,8192,all_gather,117440512,0.2097856044769287,0.20923627217610677,0.21009066899617512
5,0,16,8192,8192,all_to_all,117440512,0.21413440704345704,0.21391466458638508,0.21441173553466797
5,0,16,8192,8192,rs_ag_pair,117440512,0.4666858673095703,0.46547412872314453,0.5987477620442708
5,0,16,16384,16384,all_reduce,234881024,0.6986037572224935,0.697320556640625,0.6993631998697917
5,0,16,16384,16384,reduce_scatter,234881024,0.3644192059834798,0.3639850616455078,0.3645141283671061
5,0,16,16384,16384,all_gather,234881024,0.3695295969645182,0.36902081171671547,0.36960639953613283
5,0,16,16384,16384,all_to_all,234881024,0.3857653299967448,0.3848479906717936,0.40789546966552737
5,0,16,16384,16384,rs_ag_pair,234881024,0.7345141092936198,0.733901850382487,0.7973759969075521
6,6,2,1,2,all_reduce,28672,0.05708906650543213,0.056873599688212075,0.07219306627909343
6,6,2,1,2,reduce_scatter,28672,0.0504746675491333,0.04958933194478353,0.05394026835759481
6,6,2,1,2,all_gather,28672,0.04644800027211507,0.044649600982666016,0.046751999855041505
6,6,2,1,2,all_to_all,28672,0.05302293300628662,0.05216426849365234,0.058262399832407635
6,6,2,1,2,rs_ag_pair,28672,0.09449280103047689,0.09360853036244711,0.09468159675598145
6,6,2,8,8,all_reduce,114688,0.05656319856643677,0.055648001035054524,0.056756265958150226
6,6,2,8,8,reduce_scatter,114688,0.05087253252665202,0.04845973253250122,0.05101226568222046
6,6,2,8,8,all_gather,114688,0.04610666831334432,0.045407998561859134,0.046572800477345785
6,6,2,8,8,all_to_all,114688,0.052002131938934326,0.05095146497090657,0.05646933317184448
6,6,2,8,8,rs_ag_pair,114688,0.09671893119812011,0.09238826433817546,0.09677440325419108
6,6,2,128,128,all_reduce,1835008,0.056577066580454506,0.05622400045394897,0.05683733224868774
6,6,2,128,128,reduce_scatter,1835008,0.05136320193608602,0.050584534804026283,0.24429759979248047
6,6,2,128,128,all_gather,1835008,0.04726399978001913,0.046811731656392415,0.04801493485768636
6,6,2,128,128,all_to_all,1835008,0.052287999788920084,0.05219093163808187,0.05299946864446004
6,6,2,128,128,rs_ag_pair,1835008,0.0945909341176351,0.0940714677174886,0.09598720073699951
6,6,2,1024,1024,all_reduce,14680064,0.053949864705403645,0.05393706560134888,0.05488640069961548
6,6,2,1024,1024,reduce_scatter,14680064,0.04827839930852254,0.04803413152694702,0.0489738663037618
6,6,2,1024,1024,all_gather,14680064,0.04667199850082397,0.0460426648457845,0.0488597313563029
6,6,2,1024,1024,all_to_all,14680064,0.05248213211695353,0.05074666738510132,0.05284266471862793
6,6,2,1024,1024,rs_ag_pair,14680064,0.09707840283711751,0.0965493361155192,0.09748053550720215
6,6,2,8192,8192,all_reduce,117440512,0.24716800053914387,0.24471893310546874,0.24727892875671387
6,6,2,8192,8192,reduce_scatter,117440512,0.16451199849446616,0.16431360244750975,0.16454292933146158
6,6,2,8192,8192,all_gather,117440512,0.15342079798380534,0.15308586756388345,0.15345919926961263
6,6,2,8192,8192,all_to_all,117440512,0.1953386624654134,0.19506667455037435,0.19549759229024252
6,6,2,8192,8192,rs_ag_pair,117440512,0.3170591990152995,0.31666558583577475,0.31794773737589516
6,6,2,16384,16384,all_reduce,234881024,0.4573237419128418,0.45618772506713867,0.4575957298278809
6,6,2,16384,16384,reduce_scatter,234881024,0.294976011912028,0.294871457417806,0.2953386624654134
6,6,2,16384,16384,all_gather,234881024,0.28320960998535155,0.2831626574198405,0.2833087921142578
6,6,2,16384,16384,all_to_all,234881024,0.361627737681071,0.36083733240763344,0.36191040674845376
6,6,2,16384,16384,rs_ag_pair,234881024,0.5785247802734375,0.5785141626993815,0.5881621042887369
6,4,4,1,4,all_reduce,57344,0.05675093332926432,0.05644160111745199,0.05692160129547119
6,4,4,1,4,reduce_scatter,57344,0.052143998940785724,0.05151893297831218,0.052325332164764406
6,4,4,1,4,all_gather,57344,0.04845973253250122,0.0478656013806661,0.04891200065612793
6,4,4,1,4,all_to_all,57344,0.05721066792805989,0.05520960092544556,0.057761065165201825
6,4,4,1,4,rs_ag_pair,57344,0.10494720141092936,0.102237868309021,0.16537493069966633
6,4,4,8,8,all_reduce,114688,0.05704319874445597,0.05655786593755086,0.05725546677907308
6,4,4,8,8,reduce_scatter,114688,0.053776001930236815,0.05270826816558838,0.053845334053039554
6,4,4,8,8,all_gather,114688,0.050112001101175946,0.04950400193532308,0.05095466772715251
6,4,4,8,8,all_to_all,114688,0.058414932092030844,0.05838506619135539,0.059554131825764973
6,4,4,8,8,rs_ag_pair,114688,0.10503679911295573,0.1050154685974121,0.10569067001342773
6,4,4,128,128,all_reduce,1835008,0.058939735094706215,0.058883198102315265,0.059487998485565186
6,4,4,128,128,reduce_scatter,1835008,0.05498986641565959,0.05454826752344767,0.056328535079956055
6,4,4,128,128,all_gather,1835008,0.053021868069966636,0.05270826816558838,0.05333226521809896
6,4,4,128,128,all_to_all,1835008,0.059911465644836424,0.05946240027745565,0.23177919387817383
6,4,4,128,128,rs_ag_pair,1835008,0.1093600034713745,0.10914560159047444,0.10963946978251139
6,4,4,1024,1024,all_reduce,14680064,0.06110613346099854,0.06080319881439209,0.062181333700815834
6,4,4,1024,1024,reduce_scatter,14680064,0.056620800495147706,0.05565439860026042,0.05773760080337524
6,4,4,1024,1024,all_gather,14680064,0.05743999878565471,0.057323733965555825,0.05765013297398885
6,4,4,1024,1024,all_to_all,14680064,0.06129279931386312,0.06095146735509237,0.061671467622121175
6,4,4,1024,1024,rs_ag_pair,14680064,0.11202560265858968,0.11167893409729004,0.11305387020111084
6,4,4,8192,8192,all_reduce,117440512,0.30895360310872394,0.3086901346842448,0.4765055974324544
6,4,4,8192,8192,reduce_scatter,117440512,0.18064106305440267,0.18041067123413085,0.1808853308359782
6,4,4,8192,8192,all_gather,117440512,0.17745173772176107,0.17671786944071452,0.17762239774068198
6,4,4,8192,8192,all_to_all,117440512,0.2058453400929769,0.19862400690714518,0.20636266072591145
6,4,4,8192,8192,rs_ag_pair,117440512,0.358898131052653,0.3586645444234212,0.3589226722717285
6,4,4,16384,16384,all_reduce,234881024,0.5904618581136067,0.5904309590657552,0.6499477386474609
6,4,4,16384,16384,reduce_scatter,234881024,0.34018561045328777,0.3400469462076823,0.34028053283691406
6,4,4,16384,16384,all_gather,234881024,0.3298325220743815,0.3296202659606934,0.32992960611979166
6,4,4,16384,16384,all_to_all,234881024,0.36969067255655924,0.3694400151570638,0.4067424138387044
6,4,4,16384,16384,rs_ag_pair,234881024,0.6718655904134114,0.6716896057128906,0.6721397399902344
6,0,8,1,8,all_reduce,114688,0.06026773452758789,0.05722239812215169,0.07663359642028808
6,0,8,1,8,reduce_scatter,114688,0.05185920000076294,0.05104320049285889,0.05192533334096273
6,0,8,1,8,all_gather,114688,0.04952213366826375,0.04894293149312337,0.0503381331761678
6,0,8,1,8,all_to_all,114688,0.07328746318817139,0.07123520374298095,0.07733759880065919
6,0,8,1,8,rs_ag_pair,114688,0.12423360347747803,0.12247359752655029,0.12454826831817627
6,0,8,8,8,all_reduce,114688,0.06778026421864827,0.0661845326423645,0.06844693024953206
6,0,8,8,8,reduce_scatter,114688,0.06453653176625569,0.060644265015920004,0.14882133801778158
6,0,8,8,8,all_gather,114688,0.05134613513946533,0.05124586820602417,0.1684768040974935
6,0,8,8,8,all_to_all,114688,0.06622506777445475,0.06617066860198975,0.06841386953989664
6,0,8,8,8,rs_ag_pair,114688,0.11108907063802083,0.11092800299326579,0.11122559706370036
6,0,8,128,128,all_reduce,1835008,0.0628063996632894,0.06279893318812052,0.06420906782150268
6,0,8,128,128,reduce_scatter,1835008,0.05797119935353597,0.0578816016515096,0.05838079849878947
6,0,8,128,128,all_gather,1835008,0.055733335018157956,0.055555200576782225,0.05628480116526286
6,0,8,128,128,all_to_all,1835008,0.07157973448435466,0.07047466437021892,0.07263786792755127
6,0,8,128,128,rs_ag_pair,1835008,0.12295146783192952,0.12131946881612142,0.12462186813354492
6,0,8,1024,1024,all_reduce,14680064,0.09391573270161947,0.0938368002573649,0.09406932989756266
6,0,8,1024,1024,reduce_scatter,14680064,0.05896639823913574,0.05820906559626261,0.058975998560587564
6,0,8,1024,1024,all_gather,14680064,0.056222931543986006,0.055864532788594566,0.056678398450215654
6,0,8,1024,1024,all_to_all,14680064,0.07069013118743897,0.07019093036651611,0.0711733341217041
6,0,8,1024,1024,rs_ag_pair,14680064,0.11953706741333008,0.11850879987080892,0.11978879769643148
6,0,8,8192,8192,all_reduce,117440512,0.36281067530314126,0.3617002805074056,0.45477654139200846
6,0,8,8192,8192,reduce_scatter,117440512,0.19028053283691407,0.19023253122965494,0.19095999399820965
6,0,8,8192,8192,all_gather,117440512,0.19219199816385904,0.191975466410319,0.19273279507954916
6,0,8,8192,8192,all_to_all,117440512,0.20870186487833658,0.20862080256144205,0.20874239603678385
6,0,8,8192,8192,rs_ag_pair,117440512,0.38381547927856446,0.3837279955546061,0.4219562530517578
6,0,8,16384,16384,all_reduce,234881024,0.6357056299845377,0.6351135889689128,0.6363125483194987
6,0,8,16384,16384,reduce_scatter,234881024,0.35365972518920896,0.3532117207845052,0.3550271987915039
6,0,8,16384,16384,all_gather,234881024,0.35483519236246747,0.35482667287190756,0.3557248115539551
6,0,8,16384,16384,all_to_all,234881024,0.3785226821899414,0.3781034787495931,0.42801812489827473
6,0,8,16384,16384,rs_ag_pair,234881024,0.710483169555664,0.7082762400309245,0.7113248189290364
6,0,16,1,16,all_reduce,229376,0.08205440044403076,0.060319999853769936,0.09838399887084961
6,0,16,1,16,reduce_scatter,229376,0.08386240005493165,0.07030933698018392,0.08558506965637207
6,0,16,1,16,all_gather,229376,0.06840213139851888,0.06471680005391439,0.072762664159139
6,0,16,1,16,all_to_all,229376,0.09500266710917155,0.09337706565856933,0.10006933212280274
6,0,16,1,16,rs_ag_pair,229376,0.1335264046986898,0.13106773694356283,0.13541332880655924
6,0,16,8,16,all_reduce,229376,0.06942613124847412,0.06811947027842204,0.07101013660430908
6,0,16,8,16,reduce_scatter,229376,0.0641813317934672,0.06378986835479736,0.06904533704121908
6,0,16,8,16,all_gather,229376,0.06717013518015544,0.06294826666514079,0.07986773649851481
6,0,16,8,16,all_to_all,229376,0.09591893355051677,0.08920213381449381,0.09648106892903646
6,0,16,8,16,rs_ag_pair,229376,0.13064640363057453,0.1297216018040975,0.13722559611002605
6,0,16,128,128,all_reduce,1835008,0.33449920018513996,0.07311039765675863,0.42635307312011717
6,0,16,128,128,reduce_scatter,1835008,0.06250666777292888,0.06117120186487834,0.06700586477915446
6,0,16,128,128,all_gather,1835008,0.06926826635996501,0.06111679871877034,0.08535146713256836
6,0,16,128,128,all_to_all,1835008,0.0847605307896932,0.08365973631540934,0.08610239823659262
6,0,16,128,128,rs_ag_pair,1835008,0.1293994665145874,0.12874879837036132,0.13085652987162272
6,0,16,1024,1024,all_reduce,14680064,0.10581333637237549,0.10536746978759766,0.10590399901072184
6,0,16,1024,1024,reduce_scatter,14680064,0.06916266282399496,0.06743146578470866,0.07564906279246013
6,0,16,1024,1024,all_gather,14680064,0.07981332937876383,0.07967999776204428,0.23961493174235027
6,0,16,1024,1024,all_to_all,14680064,0.33121172587076825,0.09440000057220459,0.4228330612182617
6,0,16,1024,1024,rs_ag_pair,14680064,0.1500234603881836,0.14967360496520996,0.15089279810587566
6,0,16,8192,8192,all_reduce,117440512,0.4136810620625814,0.4121312141418457,0.413861338297526
6,0,16,8192,8192,reduce_scatter,117440512,0.31530132293701174,0.3112575848897298,0.34280640284220376
6,0,16,8192,8192,all_gather,117440512,0.2102143923441569,0.2096981366475423,0.2105141321818034
6,0,16,8192,8192,all_to_all,117440512,0.21437439918518067,0.2143722693125407,0.21459627151489258
6,0,16,8192,8192,rs_ag_pair,117440512,0.46700267791748046,0.4658666610717773,0.5991594950358073
6,0,16,16384,16384,all_reduce,234881024,0.6989973068237305,0.697812271118164,0.6998111724853515
6,0,16,16384,16384,reduce_scatter,234881024,0.36471147537231446,0.36440747578938804,0.36508480707804364
6,0,16,16384,16384,all_gather,234881024,0.3697941462198893,0.36950400670369465,0.36982720692952475
6,0,16,16384,16384,all_to_all,234881024,0.38620586395263673,0.3847050666809082,0.40848960876464846
6,0,16,16384,16384,rs_ag_pair,234881024,0.7349898656209309,0.7344575881958008,0.797605323791504
7,6,2,1,2,all_reduce,28672,0.05658986568450928,0.055487998326619464,0.07204586664835612
7,6,2,1,2,reduce_scatter,28672,0.049805867671966556,0.04908373355865479,0.05375146468480428
7,6,2,1,2,all_gather,28672,0.044829865296681724,0.04430720011393229,0.04634559949239095
7,6,2,1,2,all_to_all,28672,0.05177066723505656,0.05152106682459513,0.057785598436991374
7,6,2,1,2,rs_ag_pair,28672,0.09400746822357178,0.09353813330332438,0.09452053705851236
7,6,2,8,8,all_reduce,114688,0.05556266705195109,0.05506879885991414,0.05648959875106811
7,6,2,8,8,reduce_scatter,114688,0.050529066721598306,0.04834880034128825,0.05066239833831787
7,6,2,8,8,all_gather,114688,0.04535253445307414,0.04491093158721924,0.045653335253397626
7,6,2,8,8,all_to_all,114688,0.05152106682459513,0.05075306495030721,0.05628053347269694
7,6,2,8,8,rs_ag_pair,114688,0.09639253616333007,0.09220053354899088,0.09673173427581787
7,6,2,128,128,all_reduce,1835008,0.0564245343208313,0.05584853490193685,0.056669867038726805
7,6,2,128,128,reduce_scatter,1835008,0.05094079971313477,0.050374400615692136,0.24530240694681804
7,6,2,128,128,all_gather,1835008,0.04692373275756836,0.04673279921213786,0.047918931643168135
7,6,2,128,128,all_to_all,1835008,0.05209173361460368,0.051974399884541826,0.05282133420308431
7,6,2,128,128,rs_ag_pair,1835008,0.09438400268554688,0.09381120204925537,0.09582186539967855
7,6,2,1024,1024,all_reduce,14680064,0.05390079816182455,0.053865599632263186,0.05486506621042887
7,6,2,1024,1024,reduce_scatter,14680064,0.048225065072377525,0.04791253407796224,0.04899093310038249
7,6,2,1024,1024,all_gather,14680064,0.04631359974543254,0.045902931690216066,0.048675199349721275
7,6,2,1024,1024,all_to_all,14680064,0.05249919891357422,0.05066773494084676,0.052721067269643145
7,6,2,1024,1024,rs_ag_pair,14680064,0.09684159755706787,0.09645439783732096,0.09744319915771485
7,6,2,8192,8192,all_reduce,117440512,0.24651306470235188,0.2447498639424642,0.24725972811381022
7,6,2,8192,8192,reduce_scatter,117440512,0.1643722693125407,0.16431573232014973,0.16458667119344075
7,6,2,8192,8192,all_gather,117440512,0.15276692708333334,0.15248959859212238,0.15333760579427083
7,6,2,8192,8192,all_to_all,117440512,0.19543147087097168,0.195195738474528,0.19560853640238443
7,6,2,8192,8192,rs_ag_pair,117440512,0.3169941266377767,0.31663039525349934,0.3170271873474121
7,6,2,16384,16384,all_reduce,234881024,0.4571711858113607,0.45637760162353513,0.45757973988850914
7,6,2,16384,16384,reduce_scatter,234881024,0.29500160217285154,0.29488000869750974,0.2953952153523763
7,6,2,16384,16384,all_gather,234881024,0.2828981399536133,0.2826677322387695,0.2829322814941406
7,6,2,16384,16384,all_to_all,234881024,0.36181761423746744,0.36083733240763344,0.3618399937947591
7,6,2,16384,16384,rs_ag_pair,234881024,0.5786165237426758,0.5784810384114584,0.5889312108357747
7,4,4,1,4,all_reduce,57344,0.05644799868265788,0.056263466676076256,0.05678613185882568
7,4,4,1,4,reduce_scatter,57344,0.052060798803965254,0.051506133874257405,0.052110934257507326
7,4,4,1,4,all_gather,57344,0.04807680050532023,0.048000001907348634,0.048606932163238525
7,4,4,1,4,all_to_all,57344,0.0569162646929423,0.05592000087102254,0.05731199979782105
7,4,4,1,4,rs_ag_pair,57344,0.1049557367960612,0.10221227010091145,0.16601066589355468
7,4,4,8,8,all_reduce,114688,0.05694506565729777,0.05680426756540934,0.057518935203552245
7,4,4,8,8,reduce_scatter,114688,0.05375680128733317,0.05335679848988851,0.05407040119171143
7,4,4,8,8,all_gather,114688,0.049981868267059325,0.04979840119679769,0.05098133484522502
7,4,4,8,8,all_to_all,114688,0.05916586716969808,0.0587168018023173,0.059734400113423666
7,4,4,8,8,rs_ag_pair,114688,0.10508159796396892,0.10499306519826253,0.10563519795735678
7,4,4,128,128,all_reduce,1835008,0.059086934725443525,0.05878293514251709,0.05966506799062093
7,4,4,128,128,reduce_scatter,1835008,0.05501333475112915,0.05457599957784017,0.05625813404719035
7,4,4,128,128,all_gather,1835008,0.05303999980290731,0.0529258648554484,0.05341440041859945
7,4,4,128,128,all_to_all,1835008,0.05989760160446167,0.059528533617655435,0.2328202724456787
7,4,4,128,128,rs_ag_pair,1835008,0.10934613545735677,0.10903466542561849,0.10963199933369955
7,4,4,1024,1024,all_reduce,14680064,0.06125013430913289,0.06095360120137532,0.062243199348449706
7,4,4,1024,1024,reduce_scatter,14680064,0.056629331906636556,0.055692799886067706,0.05778239965438843
7,4,4,1024,1024,all_gather,14680064,0.057418668270111085,0.05731840133666992,0.05757439931233724
7,4,4,1024,1024,all_to_all,14680064,0.06145813465118408,0.06105706691741943,0.06184106667836507
7,4,4,1024,1024,rs_ag_pair,14680064,0.11193280220031739,0.11183786392211914,0.11311573187510172
7,4,4,8192,8192,all_reduce,117440512,0.3089610735575358,0.3087530771891276,0.4765045483907064
7,4,4,8192,8192,reduce_scatter,117440512,0.18080533345540364,0.18068586985270182,0.18133440017700195
7,4,4,8192,8192,all_gather,117440512,0.17736105918884276,0.17700160344441732,0.17754453023274738
7,4,4,8192,8192,all_to_all,117440512,0.20608852704366049,0.1993066628774007,0.2065557320912679
7,4,4,8192,8192,rs_ag_pair,117440512,0.35868587493896487,0.3586314519246419,0.35890347162882485
7,4,4,16384,16384,all_reduce,234881024,0.5903999964396159,0.5903210957845052,0.6500928243001302
7,4,4,16384,16384,reduce_scatter,234881024,0.34040212631225586,0.34036585489908855,0.3405365308125814
7,4,4,16384,16384,all_gather,234881024,0.3296149253845215,0.3295530637105306,0.32973333994547527
7,4,4,16384,16384,all_to_all,234881024,0.36934293111165367,0.36930131912231445,0.4067616144816081
7,4,4,16384,16384,rs_ag_pair,234881024,0.6719743728637695,0.671730105082194,0.6725226720174153
7,0,8,1,8,all_reduce,114688,0.06030720074971517,0.05718719959259033,0.07645119825998942
7,0,8,1,8,reduce_scatter,114688,0.051567999521891277,0.05120533307393392,0.05201493501663208
7,0,8,1,8,all_gather,114688,0.048595201969146726,0.0485482652982076,0.050708266099294026
7,0,8,1,8,all_to_all,114688,0.07345173358917237,0.07124160130818685,0.07737493515014648
7,0,8,1,8,rs_ag_pair,114688,0.12429440021514893,0.12250239849090576,0.12461973031361898
7,0,8,8,8,all_reduce,114688,0.06781973044077555,0.06616746584574382,0.06851519743601481
7,0,8,8,8,reduce_scatter,114688,0.0645578662554423,0.060669867197672527,0.14805760383605956
7,0,8,8,8,all_gather,114688,0.05143466790517171,0.0512608011563619,0.169706662495931
7,0,8,8,8,all_to_all,114688,0.06624319950739542,0.06618560155232747,0.0683893362681071
7,0,8,8,8,rs_ag_pair,114688,0.1110975980758667,0.11088000138600668,0.11119786898295085
7,0,8,128,128,all_reduce,1835008,0.06287999947865804,0.06272213459014893,0.06423679987589519
7,0,8,128,128,reduce_scatter,1835008,0.05797866582870483,0.057886934280395506,0.0584768017133077
7,0,8,128,128,all_gather,1835008,0.055623467763264975,0.055539198716481525,0.05621013243993123
7,0,8,128,128,all_to_all,1835008,0.07164586385091146,0.07037546634674072,0.07266879876454671
7,0,8,128,128,rs_ag_pair,1835008,0.12295573552449544,0.12135466734568277,0.12459093729654948
7,0,8,1024,1024,all_reduce,14680064,0.09393386840820313,0.09346346855163574,0.0941642681757609
7,0,8,1024,1024,reduce_scatter,14680064,0.05903253157933553,0.05819626649220785,0.05903466542561849
7,0,8,1024,1024,all_gather,14680064,0.05626453161239624,0.05589439868927002,0.0567413330078125
7,0,8,1024,1024,all_to_all,14680064,0.07066346804300944,0.07039360205332439,0.07119999726613363
7,0,8,1024,1024,rs_ag_pair,14680064,0.1195146640141805,0.11850986480712891,0.11970880031585693
7,0,8,8192,8192,all_reduce,117440512,0.362882137298584,0.36162134806315105,0.45477867126464844
7,0,8,8192,8192,reduce_scatter,117440512,0.1902997334798177,0.19029332796732584,0.19099626541137696
7,0,8,8192,8192,all_gather,117440512,0.19217599232991536,0.19201919237772624,0.19266667366027831
7,0,8,8192,8192,all_to_all,117440512,0.2086016019185384,0.20842026074727377,0.20896107355753582
7,0,8,8192,8192,rs_ag_pair,117440512,0.3838143984476725,0.3835274696350098,0.42197014490763346
7,0,8,16384,16384,all_reduce,234881024,0.635649045308431,0.6351104100545247,0.6363690694173177
7,0,8,16384,16384,reduce_scatter,234881024,0.35393279393514,0.35343360900878906,0.35536746978759765
7,0,8,16384,16384,all_gather,234881024,0.35528427759806314,0.3549642562866211,0.355733331044515
7,0,8,16384,16384,all_to_all,234881024,0.37893972396850584,0.37814931869506835,0.42833385467529295
7,0,8,16384,16384,rs_ag_pair,234881024,0.7106453577677408,0.7087776184082031,0.7108586629231771
7,0,16,1,16,all_reduce,229376,0.08199466864267985,0.060313598314921064,0.09849066734313965
7,0,16,1,16,reduce_scatter,229376,0.08399466673533122,0.07035306294759115,0.08564266363779703
7,0,16,1,16,all_gather,229376,0.06835199991861979,0.06473600069681804,0.07271253267923991
7,0,16,1,16,all_to_all,229376,0.09496320088704427,0.09340159893035889,0.10010773340861003
7,0,16,1,16,rs_ag_pair,229376,0.13354345957438152,0.1311306635538737,0.13542720476786296
7,0,16,8,16,all_reduce,229376,0.06941333611806234,0.06812586784362792,0.07103573481241862
7,0,16,8,16,reduce_scatter,229376,0.06421226660410563,0.06392853260040283,0.06905492941538492
7,0,16,8,16,all_gather,229376,0.06717332998911539,0.06298986673355103,0.07980373700459799
7,0,16,8,16,all_to_all,229376,0.09591680367787679,0.08926400343577066,0.09641599655151367
7,0,16,8,16,rs_ag_pair,229376,0.13059840202331544,0.1296895980834961,0.13722346623738607
7,0,16,128,128,all_reduce,1835008,0.334447987874349,0.07314879894256592,0.42636585235595703
7,0,16,128,128,reduce_scatter,1835008,0.06249386469523112,0.06111679871877034,0.06693867047627768
7,0,16,128,128,all_gather,1835008,0.0692255973815918,0.06097813447316488,0.08534826437632242
7,0,16,128,128,all_to_all,1835008,0.08478399912516275,0.08378986517588298,0.08613973458607992
7,0,16,128,128,rs_ag_pair,1835008,0.1293503999710083,0.1287178675333659,0.13091519673665364
7,0,16,1024,1024,all_reduce,14680064,0.10582933425903321,0.1054848035176595,0.10593492984771728
7,0,16,1024,1024,reduce_scatter,14680064,0.06922773520151775,0.06742933591206869,0.0756287972132365
7,0,16,1024,1024,all_gather,14680064,0.07989546457926432,0.07974186738332113,0.23953386942545574
7,0,16,1024,1024,all_to_all,14680064,0.3309098561604818,0.09447466532389323,0.42329705556233727
7,0,16,1024,1024,rs_ag_pair,14680064,0.15004800160725912,0.14974080721537272,0.15078934033711752
7,0,16,8192,8192,all_reduce,117440512,0.4136938730875651,0.412226136525472,0.41397012074788414
7,0,16,8192,8192,reduce_scatter,117440512,0.31537494659423826,0.31124693552652993,0.3398325284322103
7,0,16,8192,8192,all_gather,117440512,0.21039679845174153,0.20998080571492514,0.21210452715555828
7,0,16,8192,8192,all_to_all,117440512,0.2147018591562907,0.21441920598347983,0.2147050698598226
7,0,16,8192,8192,rs_ag_pair,117440512,0.46694720586140953,0.4657823880513509,0.5991690953572592
7,0,16,16384,16384,all_reduce,234881024,0.6989994684855143,0.6977813084920247,0.6996351877848307
7,0,16,16384,16384,reduce_scatter,234881024,0.36493012110392253,0.36442880630493163,0.36507838567097983
7,0,16,16384,16384,all_gather,234881024,0.36981013615926106,0.36960426966349286,0.3699541409810384
7,0,16,16384,16384,all_to_all,234881024,0.386026668548584,0.3848181406656901,0.4084543863932292
7,0,16,16384,16384,rs_ag_pair,234881024,0.7349322636922201,0.7346464157104492,0.7977514902750651
8,8,2,1,2,all_reduce,28672,0.06977813243865967,0.06884586811065674,0.07060480117797852
8,8,2,1,2,reduce_scatter,28672,0.06073919932047526,0.06064853270848592,0.06419413487116496
8,8,2,1,2,all_gather,28672,0.06410773197809855,0.05884373188018799,0.1687317371368408
8,8,2,1,2,all_to_all,28672,0.06222613255182902,0.05911253293355306,0.06562133232752482
8,8,2,1,2,rs_ag_pair,28672,0.10704426765441895,0.104639999071757,0.10948266983032226
8,8,2,8,8,all_reduce,114688,0.06098026831944783,0.05994986693064372,0.06344213485717773
8,8,2,8,8,reduce_scatter,114688,0.053480533758799235,0.05333546797434489,0.05368106762568156
8,8,2,8,8,all_gather,114688,0.049624534447987874,0.04904746611913045,0.05066453218460083
8,8,2,8,8,all_to_all,114688,0.059661865234375,0.0581440011660258,0.06545706590016682
8,8,2,8,8,rs_ag_pair,114688,0.10916266441345215,0.10843733151753744,0.11127359867095947
8,8,2,128,128,all_reduce,1835008,0.07372586727142334,0.07138240337371826,0.07392640113830566
8,8,2,128,128,reduce_scatter,1835008,0.061283198992411296,0.0520799994468689,0.06456319888432821
8,8,2,128,128,all_gather,1835008,0.04840746720631917,0.047712000211079915,0.0510101318359375
8,8,2,128,128,all_to_all,1835008,0.0521994670232137,0.052186667919158936,0.07772586345672608
8,8,2,128,128,rs_ag_pair,1835008,0.1358282725016276,0.13282240231831868,0.1369109312693278
8,8,2,1024,1024,all_reduce,14680064,0.06982613404591878,0.06848320166269938,0.07083733081817627
8,8,2,1024,1024,reduce_scatter,14680064,0.06307520071665446,0.06237866481145223,0.06379626592000326
8,8,2,1024,1024,all_gather,14680064,0.05934613148371379,0.0591754674911499,0.060959998766581217
8,8,2,1024,1024,all_to_all,14680064,0.06731946468353271,0.06623040040334066,0.0680789311726888
8,8,2,1024,1024,rs_ag_pair,14680064,0.13141866525014242,0.13089280128479003,0.1323242664337158
8,8,2,8192,8192,all_reduce,117440512,0.24604800542195637,0.2458346684773763,0.6294474919637044
8,8,2,8192,8192,reduce_scatter,117440512,0.16464319229125976,0.16438719431559246,0.16477972666422527
8,8,2,8192,8192,all_gather,117440512,0.1534656047821045,0.15340479214986166,0.15360213915506998
8,8,2,8192,8192,all_to_all,117440512,0.19655787150065104,0.19650986989339192,0.19685866038004557
8,8,2,8192,8192,rs_ag_pair,117440512,0.3175711949666341,0.3167914708455404,0.31759360631306965
8,8,2,16384,16384,all_reduce,234881024,0.45864105224609375,0.4585930824279785,0.4586816151936849
8,8,2,16384,16384,reduce_scatter,234881024,0.30155518849690754,0.3014922777811686,0.3015754699707031
8,8,2,16384,16384,all_gather,234881024,0.28308906555175783,0.28287038803100584,0.31080748240152994
8,8,2,16384,16384,all_to_all,234881024,0.3614752133687337,0.36103680928548176,0.3631210645039876
8,8,2,16384,16384,rs_ag_pair,234881024,0.5824864069620769,0.5819434483846029,0.5828426361083985
8,8,4,1,4,all_reduce,57344,0.06415679852167765,0.06274453401565552,0.07299946943918864
8,8,4,1,4,reduce_scatter,57344,0.058280531565348306,0.05677653153737386,0.06035199960072835
8,8,4,1,4,all_gather,57344,0.0550816019376119,0.05437653462092082,0.06423679987589519
8,8,4,1,4,all_to_all,57344,0.06284586588541667,0.061245866616566974,0.07257280349731446
8,8,4,1,4,rs_ag_pair,57344,0.1274890661239624,0.10835733413696289,0.12793813546498617
8,8,4,8,8,all_reduce,114688,0.06684906482696533,0.06545706590016682,0.18658132553100587
8,8,4,8,8,reduce_scatter,114688,0.06495146751403809,0.06465280055999756,0.06554666757583619
8,8,4,8,8,all_gather,114688,0.0633568008740743,0.06287039915720621,0.06553386847178141
8,8,4,8,8,all_to_all,114688,0.07457386652628581,0.07251839637756348,0.0755616029103597
8,8,4,8,8,rs_ag_pair,114688,0.1344586690266927,0.13378559748331706,0.1350506623586019
8,8,4,128,128,all_reduce,1835008,0.07794453303019205,0.07778346538543701,0.07840533256530761
8,8,4,128,128,reduce_scatter,1835008,0.06971306800842285,0.06944533189137776,0.06984852949778239
8,8,4,128,128,all_gather,1835008,0.06879253387451172,0.0676479975382487,0.07061226367950439
8,8,4,128,128,all_to_all,1835008,0.07639359633127848,0.061834665139516194,0.07877973715464275
8,8,4,128,128,rs_ag_pair,1835008,0.12182826995849609,0.12107626597086589,0.12631680170694987
8,8,4,1024,1024,all_reduce,14680064,0.06422293186187744,0.06411093473434448,0.06523840030034384
8,8,4,1024,1024,reduce_scatter,14680064,0.06036266485850016,0.059758933385213216,0.06054826577504476
8,8,4,1024,1024,all_gather,14680064,0.05881919860839844,0.058169599374135336,0.059035734335581465
8,8,4,1024,1024,all_to_all,14680064,0.06796800295511882,0.06709973017374675,0.06839786370595297
8,8,4,1024,1024,rs_ag_pair,14680064,0.13143786589304607,0.12876479625701903,0.13501760164896648
8,8,4,8192,8192,all_reduce,117440512,0.30944318771362306,0.30940799713134765,0.3105920155843099
8,8,4,8192,8192,reduce_scatter,117440512,0.18122560183207195,0.18052053451538086,0.18130666414896648
8,8,4,8192,8192,all_gather,117440512,0.17675520579020182,0.1767199993133545,0.1772223949432373
8,8,4,8192,8192,all_to_all,117440512,0.19781440099080402,0.19744745890299478,0.19860480626424154
8,8,4,8192,8192,rs_ag_pair,117440512,0.35998932520548504,0.35948801040649414,0.4312565485636393
8,8,4,16384,16384,all_reduce,234881024,0.5914101282755534,0.5913290659586589,0.5914527893066406
8,8,4,16384,16384,reduce_scatter,234881024,0.34091625213623045,0.3404608090718587,0.341651185353597
8,8,4,16384,16384,all_gather,234881024,0.33016427357991535,0.32993920644124347,0.3305887858072917
8,8,4,16384,16384,all_to_all,234881024,0.3685269355773926,0.368394660949707,0.3694368044535319
8,8,4,16384,16384,rs_ag_pair,234881024,0.6727221171061198,0.6711594899495442,0.6734314600626627
8,8,8,1,8,all_reduce,114688,0.10023679733276367,0.09785599708557129,0.10331199963887533
8,8,8,1,8,reduce_scatter,114688,0.08015360037485758,0.07917439937591553,0.08081706364949544
8,8,8,1,8,all_gather,114688,0.051836800575256345,0.051083731651306155,0.15534507433573405
8,8,8,1,8,all_to_all,114688,0.09707199732462565,0.07111039956410727,0.099181866645813
8,8,8,1,8,rs_ag_pair,114688,0.11975359916687012,0.1143893321355184,0.13074560165405275
8,8,8,8,8,all_reduce,114688,0.06522773504257202,0.06310826539993286,0.06604799826939901
8,8,8,8,8,reduce_scatter,114688,0.05993173519770304,0.05959253311157227,0.06000213225682576
8,8,8,8,8,all_gather,114688,0.058310401439666745,0.057825068632761635,0.05834773381551107
8,8,8,8,8,all_to_all,114688,0.06631040175755819,0.06577599843343099,0.13596266110738117
8,8,8,8,8,rs_ag_pair,114688,0.10750186443328857,0.10704960028330485,0.11109653313954672
8,8,8,128,128,all_reduce,1835008,0.07092373371124268,0.06896106402079265,0.07159573237101237
8,8,8,128,128,reduce_scatter,1835008,0.06499520142873129,0.06422933340072631,0.06578453381856282
8,8,8,128,128,all_gather,1835008,0.06289600133895874,0.05892906586329142,0.06339519818623861
8,8,8,128,128,all_to_all,1835008,0.07474346955617268,0.07303253014882406,0.07488640149434407
8,8,8,128,128,rs_ag_pair,1835008,0.14030933380126953,0.13879040082295735,0.14074026743570964
8,8,8,1024,1024,all_reduce,14680064,0.0939253330230713,0.09335253238677979,0.09430507024129232
8,8,8,1024,1024,reduce_scatter,14680064,0.0652789314587911,0.06108800172805786,0.0745365301767985
8,8,8,1024,1024,all_gather,14680064,0.060279464721679686,0.05998826821645101,0.06070186694463094
8,8,8,1024,1024,all_to_all,14680064,0.07834773063659668,0.07635413010915121,0.0786357323328654
8,8,8,1024,1024,rs_ag_pair,14680064,0.14071787198384603,0.13279786904652913,0.14101012547810873
8,8,8,8192,8192,all_reduce,117440512,0.362116273244222,0.3619082768758138,0.6106911977132161
8,8,8,8192,8192,reduce_scatter,117440512,0.1899999936421712,0.18985706965128582,0.19016853968302408
8,8,8,8192,8192,all_gather,117440512,0.1922709306081136,0.19183360735575358,0.19252799352010092
8,8,8,8192,8192,all_to_all,117440512,0.20898987452189127,0.20884693463643392,0.20902934074401855
8,8,8,8192,8192,rs_ag_pair,117440512,0.38416961034138997,0.3838399887084961,0.469706662495931
8,8,8,16384,16384,all_reduce,234881024,0.6357077280680339,0.6354378382364909,0.6365909576416016
8,8,8,16384,16384,reduce_scatter,234881024,0.3538389205932617,0.3532149314880371,0.3634762763977051
8,8,8,16384,16384,all_gather,234881024,0.3549471855163574,0.35489279429117837,0.35605974197387696
8,8,8,16384,16384,all_to_all,234881024,0.37834345499674477,0.37799145380655924,0.38891518910725914
8,8,8,16384,16384,rs_ag_pair,234881024,0.7094709396362304,0.707364273071289,0.7112831751505534
8,0,16,1,16,all_reduce,229376,0.08202666441599528,0.05779626766840617,0.09844693342844645
8,0,16,1,16,reduce_scatter,229376,0.08361600240071615,0.06998293399810791,0.08546666304270427
8,0,16,1,16,all_gather,229376,0.06813013553619385,0.06435733238855998,0.06930027008056641
8,0,16,1,16,all_to_all,229376,0.09447786808013917,0.09337173302968343,0.09786026477813721
8,0,16,1,16,rs_ag_pair,229376,0.1335594654083252,0.1315008004506429,0.13537813822428385
8,0,16,8,16,all_reduce,229376,0.06929386456807454,0.06794346968332926,0.07104746500651042
8,0,16,8,16,reduce_scatter,229376,0.06416106621424357,0.06405760049819946,0.06890986760457357
8,0,16,8,16,all_gather,229376,0.06708799997965495,0.06296319961547851,0.07968533039093018
8,0,16,8,16,all_to_all,229376,0.09591146310170491,0.08913599650065104,0.09628586769104004
8,0,16,8,16,rs_ag_pair,229376,0.1306399981180827,0.1296351989110311,0.13709972699483236
8,0,16,128,128,all_reduce,1835008,0.3343541463216146,0.07306986649831136,0.42842346827189126
8,0,16,128,128,reduce_scatter,1835008,0.06256959835688274,0.061043198903401694,0.0667242685953776
8,0,16,128,128,all_gather,1835008,0.06919146378835042,0.06100266774495443,0.08529280026753744
8,0,16,128,128,all_to_all,1835008,0.08475306828816732,0.08376959959665935,0.08609066804250082
8,0,16,128,128,rs_ag_pair,1835008,0.12916266918182373,0.12871999740600587,0.13087680339813232
8,0,16,1024,1024,all_reduce,14680064,0.10581333637237549,0.10545492966969808,0.10592640240987142
8,0,16,1024,1024,reduce_scatter,14680064,0.06916800340016684,0.06738239924112956,0.07558293342590332
8,0,16,1024,1024,all_gather,14680064,0.07980693181355794,0.07973972956339519,0.23960960706075032
8,0,16,1024,1024,all_to_all,14680064,0.33078400293986004,0.09419733683268229,0.42271785736083983
8,0,16,1024,1024,rs_ag_pair,14680064,0.15023999214172362,0.14949866930643718,0.15024852752685547
8,0,16,8192,8192,all_reduce,117440512,0.41345707575480145,0.4120917320251465,0.4135850588480631
8,0,16,8192,8192,reduce_scatter,117440512,0.31409387588500975,0.31110506057739257,0.3395637194315592
8,0,16,8192,8192,all_gather,117440512,0.20995200475056966,0.2091935952504476,0.21168959935506185
8,0,16,8192,8192,all_to_all,117440512,0.21405973434448242,0.21380693117777508,0.21430187225341796
8,0,16,8192,8192,rs_ag_pair,117440512,0.4666751861572266,0.46554772059122723,0.5989002863566081
8,0,16,16384,16384,all_reduce,234881024,0.6987285614013672,0.6974016189575195,0.6994719823201497
8,0,16,16384,16384,reduce_scatter,234881024,0.36446294784545896,0.36401599248250327,0.36494719187418617
8,0,16,16384,16384,all_gather,234881024,0.3694805463155111,0.36913172403971356,0.36955305735270183
8,0,16,16384,16384,all_to_all,234881024,0.3857653299967448,0.38451948165893557,0.40826346079508463
8,0,16,16384,16384,rs_ag_pair,234881024,0.7348789215087891,0.7345727920532227,0.7971424102783203
9,8,2,1,2,all_reduce,28672,0.06957333087921143,0.06905173460642497,0.06995519797007242
9,8,2,1,2,reduce_scatter,28672,0.06091626485188802,0.06088320016860962,0.0644159992535909
9,8,2,1,2,all_gather,28672,0.06171626647313436,0.05903146664301554,0.1636917273203532
9,8,2,1,2,all_to_all,28672,0.059542401631673174,0.056201601028442384,0.06175359884897868
9,8,2,1,2,rs_ag_pair,28672,0.10707626342773438,0.10442559719085694,0.10858666896820068
9,8,2,8,8,all_reduce,114688,0.06107946634292603,0.06043306589126587,0.06322773297627766
9,8,2,8,8,reduce_scatter,114688,0.05504106680552165,0.054075733820597334,0.05504213174184163
9,8,2,8,8,all_gather,114688,0.051134932041168216,0.049081599712371825,0.051479466756184894
9,8,2,8,8,all_to_all,114688,0.06044906775156657,0.058040531476338704,0.06600746711095175
9,8,2,8,8,rs_ag_pair,114688,0.10910507043202718,0.10861866474151612,0.11124266783396403
9,8,2,128,128,all_reduce,1835008,0.07357652982076009,0.0711733341217041,0.07755093574523926
9,8,2,128,128,reduce_scatter,1835008,0.06057706673940023,0.052970667680104576,0.061307732264200845
9,8,2,128,128,all_gather,1835008,0.049889067808787026,0.0469162662823995,0.05205546617507935
9,8,2,128,128,all_to_all,1835008,0.05292906761169434,0.05291839838027954,0.07922133604685465
9,8,2,128,128,rs_ag_pair,1835008,0.13317973613739015,0.1321066697438558,0.13678080240885418
9,8,2,1024,1024,all_reduce,14680064,0.07057173252105713,0.06814613342285156,0.07127040227254232
9,8,2,1024,1024,reduce_scatter,14680064,0.06307520071665446,0.06279893318812052,0.06404693524042765
9,8,2,1024,1024,all_gather,14680064,0.05956480105717977,0.05935680071512858,0.059630934397379556
9,8,2,1024,1024,all_to_all,14680064,0.06757653554280599,0.06633066733678182,0.06857706705729166
9,8,2,1024,1024,rs_ag_pair,14680064,0.13196907043457032,0.13110613028208415,0.13266346454620362
9,8,2,8192,8192,all_reduce,117440512,0.24590187072753905,0.24579520225524903,0.6295541127522787
9,8,2,8192,8192,reduce_scatter,117440512,0.16449920336405435,0.16375253995259603,0.1645077387491862
9,8,2,8192,8192,all_gather,117440512,0.15374293327331542,0.1533130645751953,0.1537493387858073
9,8,2,8192,8192,all_to_all,117440512,0.1959210713704427,0.1956160068511963,0.1961909294128418
9,8,2,8192,8192,rs_ag_pair,117440512,0.317959467569987,0.31733439763387045,0.31820478439331057
9,8,2,16384,16384,all_reduce,234881024,0.45858561197916664,0.4585002581278483,0.4585920015970866
9,8,2,16384,16384,reduce_scatter,234881024,0.30159041086832683,0.3015413284301758,0.30165332158406577
9,8,2,16384,16384,all_gather,234881024,0.2831007957458496,0.2828234672546387,0.3103103955586751
9,8,2,16384,16384,all_to_all,234881024,0.3614048004150391,0.36109228134155275,0.36332372029622395
9,8,2,16384,16384,rs_ag_pair,234881024,0.5836191813151042,0.5829888025919596,0.5836341222127278
9,8,4,1,4,all_reduce,57344,0.06282666524251303,0.06272213459014893,0.07640746434529623
9,8,4,1,4,reduce_scatter,57344,0.05684373378753662,0.05668373505274455,0.0586847980817159
9,8,4,1,4,all_gather,57344,0.05503466526667277,0.05429120063781738,0.05946453412373861
9,8,4,1,4,all_to_all,57344,0.06221226851145426,0.06144213279088338,0.0759669303894043
9,8,4,1,4,rs_ag_pair,57344,0.12622826894124348,0.10981973012288411,0.12721813519795735
9,8,4,8,8,all_reduce,114688,0.06650026639302571,0.0651530663172404,0.18636587460835774
9,8,4,8,8,reduce_scatter,114688,0.06487253506978354,0.06408213376998902,0.0653600017229716
9,8,4,8,8,all_gather,114688,0.062130133310953774,0.06201706727345784,0.0639840006828308
9,8,4,8,8,all_to_all,114688,0.07320000330607096,0.07230186462402344,0.07498772939046223
9,8,4,8,8,rs_ag_pair,114688,0.1335829257965088,0.13294719854990641,0.13499414126078288
9,8,4,128,128,all_reduce,1835008,0.07745707035064697,0.07718186378479004,0.07781759897867839
9,8,4,128,128,reduce_scatter,1835008,0.06844053268432618,0.06816319624582927,0.06911893685658772
9,8,4,128,128,all_gather,1835008,0.06808106899261475,0.0668725331624349,0.06973333358764648
9,8,4,128,128,all_to_all,1835008,0.07539839744567871,0.05954879919687907,0.0775818665822347
9,8,4,128,128,rs_ag_pair,1835008,0.12177813053131104,0.12105279763539632,0.12630399862925212
9,8,4,1024,1024,all_reduce,14680064,0.06416426499684652,0.06404053370157878,0.06517653465270996
9,8,4,1024,1024,reduce_scatter,14680064,0.060184534390767416,0.05979093313217163,0.060499199231465656
9,8,4,1024,1024,all_gather,14680064,0.05876906712849935,0.05820906559626261,0.058958931763966875
9,8,4,1024,1024,all_to_all,14680064,0.06801066398620606,0.06707839965820313,0.06831999619801839
9,8,4,1024,1024,rs_ag_pair,14680064,0.13139626979827881,0.12885013421376545,0.13502826690673828
9,8,4,8192,8192,all_reduce,117440512,0.3094069480895996,0.30926507314046225,0.31057494481404624
9,8,4,8192,8192,reduce_scatter,117440512,0.18144747416178386,0.1812181313832601,0.18155733744303384
9,8,4,8192,8192,all_gather,117440512,0.17704745928446453,0.1770410696665446,0.17730453809102376
9,8,4,8192,8192,all_to_all,117440512,0.1979189395904541,0.19760640462239584,0.19833706219991049
9,8,4,8192,8192,rs_ag_pair,117440512,0.36000747680664064,0.3599093437194824,0.4309290568033854
9,8,4,16384,16384,all_reduce,234881024,0.591320546468099,0.5912544250488281,0.591371726989746
9,8,4,16384,16384,reduce_scatter,234881024,0.34137706756591796,0.34038187662760416,0.34180161158243816
9,8,4,16384,16384,all_gather,234881024,0.3299242655436198,0.3299093246459961,0.3301738739013672
9,8,4,16384,16384,all_to_all,234881024,0.3689205487569173,0.3688138643900553,0.3689226786295573
9,8,4,16384,16384,rs_ag_pair,234881024,0.6726101557413737,0.6711669286092122,0.673189353942871
9,8,8,1,8,all_reduce,114688,0.10023039976755778,0.09792853196461995,0.10330560207366943
9,8,8,1,8,reduce_scatter,114688,0.08022507031758626,0.07930239836374918,0.08087039788564046
9,8,8,1,8,all_gather,114688,0.05151893297831218,0.05104639927546183,0.15874026616414388
9,8,8,1,8,all_to_all,114688,0.09708053270975749,0.07006826400756835,0.10093546708424886
9,8,8,1,8,rs_ag_pair,114688,0.11982080141703287,0.11441493034362793,0.13074986934661864
9,8,8,8,8,all_reduce,114688,0.06485120058059693,0.0620682676633199,0.06590293248494467
9,8,8,8,8,reduce_scatter,114688,0.058883198102315265,0.058633601665496825,0.059250132242838545
9,8,8,8,8,all_gather,114688,0.05719146728515625,0.05709120035171509,0.05815466642379761
9,8,8,8,8,all_to_all,114688,0.06628266572952271,0.0658240000406901,0.1359135945638021
9,8,8,8,8,rs_ag_pair,114688,0.10753066539764404,0.10697493553161622,0.1110474665959676
9,8,8,128,128,all_reduce,1835008,0.07098026275634765,0.06894400119781494,0.07162880102793376
9,8,8,128,128,reduce_scatter,1835008,0.06510613361994426,0.06431893507639568,0.0657920002937317
9,8,8,128,128,all_gather,1835008,0.06288746595382691,0.05903786818186442,0.06344319979349772
9,8,8,128,128,all_to_all,1835008,0.07479146321614584,0.07302186489105225,0.07489279905954997
9,8,8,128,128,rs_ag_pair,1835008,0.13905067443847657,0.1385152022043864,0.13928319613138834
9,8,8,1024,1024,all_reduce,14680064,0.09397013187408447,0.09341866970062256,0.09416960080464681
9,8,8,1024,1024,reduce_scatter,14680064,0.06544533173243204,0.061134934425354004,0.07236373424530029
9,8,8,1024,1024,all_gather,14680064,0.060234665870666504,0.0601365327835083,0.06094613472620646
9,8,8,1024,1024,all_to_all,14680064,0.07859626611073812,0.0766154686609904,0.07877866427103679
9,8,8,1024,1024,rs_ag_pair,14680064,0.1412607987721761,0.1335349400838216,0.14141333897908528
9,8,8,8192,8192,all_reduce,117440512,0.36216214497884114,0.3619317372639974,0.610485331217448
9,8,8,8192,8192,reduce_scatter,117440512,0.19005866050720216,0.18996586799621581,0.19020694096883137
9,8,8,8192,8192,all_gather,117440512,0.19256426493326823,0.19203306833902994,0.19302186965942383
9,8,8,8192,8192,all_to_all,117440512,0.20921066602071126,0.20911359786987305,0.20961173375447592
9,8,8,8192,8192,rs_ag_pair,117440512,0.3842485427856445,0.38411200841267906,0.4699605305989583
9,8,8,16384,16384,all_reduce,234881024,0.6358271916707356,0.6356138865152995,0.6366581598917643
9,8,8,16384,16384,reduce_scatter,234881024,0.353987185160319,0.35316588083902994,0.36387093861897785
9,8,8,16384,16384,all_gather,234881024,0.35492159525553385,0.35475308100382485,0.35593493779500324
9,8,8,16384,16384,all_to_all,234881024,0.3783477465311686,0.3780735969543457,0.38908907572428386
9,8,8,16384,16384,rs_ag_pair,234881024,0.7090346654256184,0.7071850458780925,0.7108928044637044
9,0,16,1,16,all_reduce,229376,0.08203199704488119,0.059542401631673174,0.09836800098419189
9,0,16,1,16,reduce_scatter,229376,0.08390080134073893,0.06986026763916016,0.08551466464996338
9,0,16,1,16,all_gather,229376,0.0682528018951416,0.06464960177739461,0.0722335974375407
9,0,16,1,16,all_to_all,229376,0.09416213035583496,0.09333226680755616,0.09867200056711832
9,0,16,1,16,rs_ag_pair,229376,0.13326613108317056,0.1313258647918701,0.13470826148986817
9,0,16,8,16,all_reduce,229376,0.06909120082855225,0.06775680383046469,0.07086293697357178
9,0,16,8,16,reduce_scatter,229376,0.06404159863789877,0.06402026812235515,0.0688490629196167
9,0,16,8,16,all_gather,229376,0.06686933040618896,0.06268586715062459,0.07960960070292154
9,0,16,8,16,all_to_all,229376,0.0954634666442871,0.08900372982025147,0.09553706645965576
9,0,16,8,16,rs_ag_pair,229376,0.1304970661799113,0.12948373158772786,0.13701012929280598
9,0,16,128,128,all_reduce,1835008,0.33418347040812174,0.07269972960154215,0.426146125793457
9,0,16,128,128,reduce_scatter,1835008,0.061844265460968016,0.060822399457295735,0.06604586839675904
9,0,16,128,128,all_gather,1835008,0.0689632018407186,0.06078186829884847,0.08515520095825195
9,0,16,128,128,all_to_all,1835008,0.08553386529286702,0.0842688004175822,0.08576107025146484
9,0,16,128,128,rs_ag_pair,1835008,0.12900373140970867,0.12852266629536946,0.13064746856689452
9,0,16,1024,1024,all_reduce,14680064,0.10563626289367675,0.10523626804351807,0.10572266578674316
9,0,16,1024,1024,reduce_scatter,14680064,0.06890239715576171,0.06723732948303222,0.07540160020192464
9,0,16,1024,1024,all_gather,14680064,0.07961920102437338,0.0795093297958374,0.2393237272898356
9,0,16,1024,1024,all_to_all,14680064,0.33074668248494465,0.09419519901275634,0.42325334548950194
9,0,16,1024,1024,rs_ag_pair,14680064,0.1499903996785482,0.14934293429056802,0.15007146199544272
9,0,16,8192,8192,all_reduce,117440512,0.41342185338338217,0.4118591944376628,0.41348374684651695
9,0,16,8192,8192,reduce_scatter,117440512,0.3149888038635254,0.31076908111572266,0.33931201299031577
9,0,16,8192,8192,all_gather,117440512,0.2091658592224121,0.2090720017751058,0.20999786059061687
9,0,16,8192,8192,all_to_all,117440512,0.2142826716105143,0.21399572690327961,0.21458773612976073
9,0,16,8192,8192,rs_ag_pair,117440512,0.4667925198872884,0.4656010627746582,0.5988330841064453
9,0,16,16384,16384,all_reduce,234881024,0.6988490422566732,0.6975050608317057,0.6996639887491862
9,0,16,16384,16384,reduce_scatter,234881024,0.36471678415934244,0.36418453852335614,0.3650752067565918
9,0,16,16384,16384,all_gather,234881024,0.3696960131327311,0.3694517453511556,0.369706662495931
9,0,16,16384,16384,all_to_all,234881024,0.38612372080485025,0.38477226893107097,0.40830720265706383
9,0,16,16384,16384,rs_ag_pair,234881024,0.7349717458089192,0.7346581141153972,0.7973525365193684
10,10,2,1,2,all_reduce,28672,0.06119999885559082,0.06057066520055135,0.061774933338165285
10,10,2,1,2,reduce_scatter,28672,0.05483520030975342,0.05285013516743978,0.05671893358230591
10,10,2,1,2,all_gather,28672,0.054031999905904134,0.05216106573740641,0.060556801160176595
10,10,2,1,2,all_to_all,28672,0.07266240119934082,0.053415465354919436,0.08468373616536458
10,10,2,1,2,rs_ag_pair,28672,0.11340373357137044,0.11243733565012613,0.11340586344401042
10,10,2,8,8,all_reduce,114688,0.06610453526178996,0.06528853178024292,0.06622933149337769
10,10,2,8,8,reduce_scatter,114688,0.059452799956003825,0.058837334314982094,0.06165119806925456
10,10,2,8,8,all_gather,114688,0.05740480025609334,0.05659093459447225,0.05758826732635498
10,10,2,8,8,all_to_all,114688,0.06719573338826497,0.0651968002319336,0.06948479811350504
10,10,2,8,8,rs_ag_pair,114688,0.12218666871388753,0.12084373633066813,0.12228906949361165
10,10,2,128,128,all_reduce,1835008,0.07265386581420899,0.07250346342722574,0.07455680370330811
10,10,2,128,128,reduce_scatter,1835008,0.06198293368021647,0.05467413266499837,0.06712853113810222
10,10,2,128,128,all_gather,1835008,0.05243200063705444,0.051897601286570234,0.05319466590881348
10,10,2,128,128,all_to_all,1835008,0.05761813322703044,0.05691200097401937,0.06669653256734212
10,10,2,128,128,rs_ag_pair,1835008,0.13244160016377768,0.12865280310312907,0.13545494079589843
10,10,2,1024,1024,all_reduce,14680064,0.07061546643575033,0.07053013642628987,0.07146133581797282
10,10,2,1024,1024,reduce_scatter,14680064,0.0636351982752482,0.06164586544036865,0.06461866696675618
10,10,2,1024,1024,all_gather,14680064,0.06074986855189005,0.05987199942270915,0.06085226535797119
10,10,2,1024,1024,all_to_all,14680064,0.06784106890360514,0.06641066471735636,0.0691701332728068
10,10,2,1024,1024,rs_ag_pair,14680064,0.12673280239105225,0.12647360165913898,0.12913066546122234
10,10,2,8192,8192,all_reduce,117440512,0.24690133730570477,0.24645013809204103,0.4883413314819336
10,10,2,8192,8192,reduce_scatter,117440512,0.16461547215779623,0.16451199849446616,0.1648149331410726
10,10,2,8192,8192,all_gather,117440512,0.15346345901489258,0.1531562646230062,0.15658453305562336
10,10,2,8192,8192,all_to_all,117440512,0.19611946741739908,0.19604907035827637,0.19625387191772461
10,10,2,8192,8192,rs_ag_pair,117440512,0.3175829251607259,0.3172202746073405,0.3924544016520182
10,10,2,16384,16384,all_reduce,234881024,0.45679359436035155,0.4566282590230306,0.45705493291219074
10,10,2,16384,16384,reduce_scatter,234881024,0.2954570770263672,0.29542614618937174,0.2957461357116699
10,10,2,16384,16384,all_gather,234881024,0.28286078770955403,0.28225173950195315,0.2830474535624186
10,10,2,16384,16384,all_to_all,234881024,0.3616938591003418,0.3607904116312663,0.3621877352396647
10,10,2,16384,16384,rs_ag_pair,234881024,0.5784554799397786,0.5780181248982748,0.5791327794392903
10,8,4,1,4,all_reduce,57344,0.06413760185241699,0.0627616008122762,0.07305493354797363
10,8,4,1,4,reduce_scatter,57344,0.058311466375986734,0.05680319865544637,0.06035626729329427
10,8,4,1,4,all_gather,57344,0.05507413148880005,0.05505919853846232,0.06086080074310303
10,8,4,1,4,all_to_all,57344,0.06281919876734415,0.06124693155288696,0.07172479629516601
10,8,4,1,4,rs_ag_pair,57344,0.1256064017613729,0.10927253564198812,0.13200426896413167
10,8,4,8,8,all_reduce,114688,0.06675199667612712,0.06548480192820232,0.1866869290669759
10,8,4,8,8,reduce_scatter,114688,0.06555306514104207,0.06506133476893107,0.06586453517278036
10,8,4,8,8,all_gather,114688,0.06192746559778849,0.06156693299611409,0.06250986655553183
10,8,4,8,8,all_to_all,114688,0.0729919989903768,0.07264533042907714,0.07343893051147461
10,8,4,8,8,rs_ag_pair,114688,0.13204480012257894,0.13127679824829103,0.13512852986653645
10,8,4,128,128,all_reduce,1835008,0.07660373051961263,0.07613973617553711,0.07661973635355632
10,8,4,128,128,reduce_scatter,1835008,0.06767040093739828,0.0671018679936727,0.06833066940307617
10,8,4,128,128,all_gather,1835008,0.06673173109690349,0.06572800079981486,0.06816426912943523
10,8,4,128,128,all_to_all,1835008,0.07563626766204834,0.06237226724624634,0.07771733601888021
10,8,4,128,128,rs_ag_pair,1835008,0.12169493039449056,0.12093013127644857,0.1262485345204671
10,8,4,1024,1024,all_reduce,14680064,0.06403199831644694,0.0640064001083374,0.06512639919916789
10,8,4,1024,1024,reduce_scatter,14680064,0.06023146708806356,0.05979199806849162,0.06045866807301839
10,8,4,1024,1024,all_gather,14680064,0.05869866609573364,0.05815253257751465,0.05897173484166463
10,8,4,1024,1024,all_to_all,14680064,0.06791893641153972,0.06710399786631266,0.06832746664683025
10,8,4,1024,1024,rs_ag_pair,14680064,0.13092586994171143,0.13027626673380535,0.13453973134358724
10,8,4,8192,8192,all_reduce,117440512,0.30950826009114585,0.30869439442952473,0.3101365407307943
10,8,4,8192,8192,reduce_scatter,117440512,0.18161919911702473,0.18102506001790364,0.18164480527242025
10,8,4,8192,8192,all_gather,117440512,0.1771615982055664,0.17701226870218914,0.1772234598795573
10,8,4,8192,8192,all_to_all,117440512,0.19809707005818686,0.1976586659749349,0.19856640497843425
10,8,4,8192,8192,rs_ag_pair,117440512,0.3596128145853678,0.35936320622762047,0.4306474685668945
10,8,4,16384,16384,all_reduce,234881024,0.5908042907714843,0.5907594680786132,0.5908810933430989
10,8,4,16384,16384,reduce_scatter,234881024,0.3411285400390625,0.34042132695515953,0.3418954531351725
10,8,4,16384,16384,all_gather,234881024,0.32963307698567706,0.3292096138000488,0.32980054219563804
10,8,4,16384,16384,all_to_all,234881024,0.36843732198079426,0.3683733304341634,0.36850881576538086
10,8,4,16384,16384,rs_ag_pair,234881024,0.6729130427042643,0.6706591924031575,0.6736682891845703
10,8,8,1,8,all_reduce,114688,0.09930240313212077,0.09791680177052815,0.10266559918721517
10,8,8,1,8,reduce_scatter,114688,0.08040533065795899,0.07899413108825684,0.0809343973795573
10,8,8,1,8,all_gather,114688,0.05162453254063924,0.051020801067352295,0.15405333836873372
10,8,8,1,8,all_to_all,114688,0.09709440072377523,0.0709706703821818,0.10216000080108642
10,8,8,1,8,rs_ag_pair,114688,0.11975786685943604,0.11439253489176432,0.1306933323542277
10,8,8,8,8,all_reduce,114688,0.06596159934997559,0.06440320014953613,0.06673386891682943
10,8,8,8,8,reduce_scatter,114688,0.060702931880950925,0.0600106676419576,0.06087040106455485
10,8,8,8,8,all_gather,114688,0.05927679936091105,0.058211199442545575,0.0593173344930013
10,8,8,8,8,all_to_all,114688,0.0663424015045166,0.06588266690572103,0.13614080746968588
10,8,8,8,8,rs_ag_pair,114688,0.10755733648935954,0.10697066783905029,0.11109013557434082
10,8,8,128,128,all_reduce,1835008,0.07090773582458496,0.06908693313598632,0.07156053384145102
10,8,8,128,128,reduce_scatter,1835008,0.06508053143819173,0.06429866552352906,0.06581226587295533
10,8,8,128,128,all_gather,1835008,0.06292479832967122,0.05894720156987508,0.06344853242238363
10,8,8,128,128,all_to_all,1835008,0.07476800282796224,0.07302186489105225,0.07485013008117676
10,8,8,128,128,rs_ag_pair,1835008,0.14028266270955403,0.1388597329457601,0.1406570593516032
10,8,8,1024,1024,all_reduce,14680064,0.09401600360870362,0.09337706565856933,0.09438079992930094
10,8,8,1024,1024,reduce_scatter,14680064,0.06537493467330932,0.06107519865036011,0.07511786619822185
10,8,8,1024,1024,all_gather,14680064,0.060744531949361164,0.06003626585006714,0.060745600859324136
10,8,8,1024,1024,all_to_all,14680064,0.07836480140686035,0.07633492946624756,0.0785802682240804
10,8,8,1024,1024,rs_ag_pair,14680064,0.14105920791625975,0.13331733544667562,0.14114240010579426
10,8,8,8192,8192,all_reduce,117440512,0.36245972315470376,0.36231145858764646,0.6112522761027018
10,8,8,8192,8192,reduce_scatter,117440512,0.19007573127746583,0.18991252581278484,0.19016745885213215
10,8,8,8192,8192,all_gather,117440512,0.19258774121602376,0.1921109358469645,0.19304854075113934
10,8,8,8192,8192,all_to_all,117440512,0.20934613545735678,0.20890026092529296,0.20964159965515136
10,8,8,8192,8192,rs_ag_pair,117440512,0.38420159022013345,0.3841952006022135,0.4700234731038411
10,8,8,16384,16384,all_reduce,234881024,0.6357610702514649,0.6355530420939127,0.6365994771321615
10,8,8,16384,16384,reduce_scatter,234881024,0.35402774810791016,0.35250879923502604,0.36357332865397135
10,8,8,16384,16384,all_gather,234881024,0.35490026473999026,0.3544565200805664,0.3560469309488932
10,8,8,16384,16384,all_to_all,234881024,0.3784778594970703,0.37839892705281575,0.38873173395792643
10,8,8,16384,16384,rs_ag_pair,234881024,0.7096490859985352,0.7075263977050781,0.7111103693644206
10,0,16,1,16,all_reduce,229376,0.08202559947967529,0.05936213334401449,0.09845653374989828
10,0,16,1,16,reduce_scatter,229376,0.08388799826304118,0.06998506387074789,0.08548479874928792
10,0,16,1,16,all_gather,229376,0.06836693286895752,0.06471680005391439,0.07236586411794027
10,0,16,1,16,all_to_all,229376,0.09424320062001547,0.09323200384775797,0.0992789347966512
10,0,16,1,16,rs_ag_pair,229376,0.13293333053588868,0.13077119986216226,0.13451093037923176
10,0,16,8,16,all_reduce,229376,0.06889493465423584,0.06770559946695963,0.07067093054453531
10,0,16,8,16,reduce_scatter,229376,0.06354986826578776,0.06339626709620158,0.068777600924174
10,0,16,8,16,all_gather,229376,0.06682240168253581,0.06220586697260539,0.07952106793721517
10,0,16,8,16,all_to_all,229376,0.09473600387573242,0.08893333276112875,0.09493013223012288
10,0,16,8,16,rs_ag_pair,229376,0.1295519987742106,0.12942933241526286,0.13614293734232585
10,0,16,128,128,all_reduce,1835008,0.33444372812906903,0.0729962666829427,0.4263594627380371
10,0,16,128,128,reduce_scatter,1835008,0.06279466549555461,0.061093334356943765,0.066648534933726
10,0,16,128,128,all_gather,1835008,0.06676586469014485,0.06162773370742798,0.08482879797617594
10,0,16,128,128,all_to_all,1835008,0.0835647980372111,0.08306559721628824,0.08494719664255777
10,0,16,128,128,rs_ag_pair,1835008,0.12949759960174562,0.1279317299524943,0.13057066599527994
10,0,16,1024,1024,all_reduce,14680064,0.1055519978205363,0.1051253318786621,0.10559999942779541
10,0,16,1024,1024,reduce_scatter,14680064,0.06893119812011719,0.06713813145955404,0.07535786628723144
10,0,16,1024,1024,all_gather,14680064,0.0795413335164388,0.07936106522878011,0.23935039838155112
10,0,16,1024,1024,all_to_all,14680064,0.3304671923319499,0.09416213035583496,0.4221695899963379
10,0,16,1024,1024,rs_ag_pair,14680064,0.1499903996785482,0.14921813011169432,0.1500597318013509
10,0,16,8192,8192,all_reduce,117440512,0.41327253977457684,0.4117930730183919,0.4133962631225586
10,0,16,8192,8192,reduce_scatter,117440512,0.31498559315999347,0.31102294921875,0.3393749237060547
10,0,16,8192,8192,all_gather,117440512,0.20868693987528483,0.2079530715942383,0.20939946174621582
10,0,16,8192,8192,all_to_all,117440512,0.2139904022216797,0.21384533246358237,0.21418773333231608
10,0,16,8192,8192,rs_ag_pair,117440512,0.4665439923604329,0.4652597427368164,0.5985685348510742
10,0,16,16384,16384,all_reduce,234881024,0.6985962549845378,0.6972799936930338,0.699238395690918
10,0,16,16384,16384,reduce_scatter,234881024,0.36447572708129883,0.3637141227722168,0.3648650805155436
10,0,16,16384,16384,all_gather,234881024,0.369267209370931,0.3690026601155599,0.3693066596984863
10,0,16,16384,16384,all_to_all,234881024,0.38576107025146483,0.3845834732055664,0.4079872131347656
10,0,16,16384,16384,rs_ag_pair,234881024,0.734990946451823,0.7346645355224609,0.7968533198038737
11,10,2,1,2,all_reduce,28672,0.061162666479746504,0.060901331901550296,0.06148053407669067
11,10,2,1,2,reduce_scatter,28672,0.05402986605962117,0.052835198243459065,0.05611093441645305
11,10,2,1,2,all_gather,28672,0.053532799084981285,0.05122559865315755,0.0590282678604126
11,10,2,1,2,all_to_all,28672,0.07442453702290854,0.0539573351542155,0.08145386377970378
11,10,2,1,2,rs_ag_pair,28672,0.11255466938018799,0.11225600242614746,0.11326293150583903
11,10,2,8,8,all_reduce,114688,0.0638314684232076,0.06376106739044189,0.065174400806427
11,10,2,8,8,reduce_scatter,114688,0.05792320171991984,0.057180798053741454,0.05917973518371582
11,10,2,8,8,all_gather,114688,0.05584426720937093,0.0554751992225647,0.056414933999379475
11,10,2,8,8,all_to_all,114688,0.0653002659479777,0.06235626538594564,0.06756266752878824
11,10,2,8,8,rs_ag_pair,114688,0.12024213473002116,0.11949333349863688,0.1205141305923462
11,10,2,128,128,all_reduce,1835008,0.07318399747212728,0.0728554646174113,0.07484906514485677
11,10,2,128,128,reduce_scatter,1835008,0.06191360155741374,0.053719464937845865,0.06811839739481608
11,10,2,128,128,all_gather,1835008,0.05137706597646077,0.05103360017140706,0.052093867460886636
11,10,2,128,128,all_to_all,1835008,0.05676586627960205,0.05610773166020711,0.06874879995981852
11,10,2,128,128,rs_ag_pair,1835008,0.1324448029200236,0.12871146996816,0.13587093353271484
11,10,2,1024,1024,all_reduce,14680064,0.07105920314788819,0.07066773573557536,0.07153706550598145
11,10,2,1024,1024,reduce_scatter,14680064,0.06361279884974162,0.061929599444071455,0.06476906538009644
11,10,2,1024,1024,all_gather,14680064,0.06081706682840983,0.05998613437016805,0.061093334356943765
11,10,2,1024,1024,all_to_all,14680064,0.06822186311086019,0.06660906473795573,0.06962666511535645
11,10,2,1024,1024,rs_ag_pair,14680064,0.1271946668624878,0.12655359903971355,0.12918612957000733
11,10,2,8192,8192,all_reduce,117440512,0.24706986745198567,0.24682879447937012,0.48936640421549477
11,10,2,8192,8192,reduce_scatter,117440512,0.16464640299479166,0.16441386540730793,0.16480959256490071
11,10,2,8192,8192,all_gather,117440512,0.15458134015401204,0.15361173947652182,0.15887999534606934
11,10,2,8192,8192,all_to_all,117440512,0.19548800786336262,0.19546772638956705,0.19571305910746256
11,10,2,8192,8192,rs_ag_pair,117440512,0.31913493474324545,0.31750186284383136,0.39363733927408856
11,10,2,16384,16384,all_reduce,234881024,0.4570890744527181,0.4570666631062826,0.4572234789530436
11,10,2,16384,16384,reduce_scatter,234881024,0.2962752024332682,0.2960981369018555,0.2964874585469564
11,10,2,16384,16384,all_gather,234881024,0.2831424077351888,0.28286399841308596,0.28347838719685875
11,10,2,16384,16384,all_to_all,234881024,0.3620714823404948,0.36087894439697266,0.3623989423116048
11,10,2,16384,16384,rs_ag_pair,234881024,0.5792842864990234,0.5783103942871094,0.5794122695922852
11,8,4,1,4,all_reduce,57344,0.06372373501459758,0.0628063996632894,0.07291200160980224
11,8,4,1,4,reduce_scatter,57344,0.05875946680704753,0.05677440166473389,0.06078506708145141
11,8,4,1,4,all_gather,57344,0.05566720167795817,0.05463146766026815,0.05993493398030599
11,8,4,1,4,all_to_all,57344,0.06284159819285075,0.06134613355000814,0.07243733406066895
11,8,4,1,4,rs_ag_pair,57344,0.12709120114644368,0.1090826670328776,0.12789119879404703
11,8,4,8,8,all_reduce,114688,0.0666752020517985,0.06514986753463745,0.18638292948404947
11,8,4,8,8,reduce_scatter,114688,0.06497600078582763,0.06238186756769816,0.065557332833608
11,8,4,8,8,all_gather,114688,0.06232639948527018,0.062277332941691084,0.06424959897994995
11,8,4,8,8,all_to_all,114688,0.07347306410471598,0.07260266939798991,0.07531946500142415
11,8,4,8,8,rs_ag_pair,114688,0.13378346761067708,0.13311573664347331,0.13508159319559734
11,8,4,128,128,all_reduce,1835008,0.07771413326263428,0.0773365338643392,0.07799039681752523
11,8,4,128,128,reduce_scatter,1835008,0.06848106384277344,0.06819626490275064,0.06919466654459636
11,8,4,128,128,all_gather,1835008,0.06805333296457926,0.06691413720448812,0.06978346506754557
11,8,4,128,128,all_to_all,1835008,0.07557546297709147,0.06158080101013184,0.077729066212972
11,8,4,128,128,rs_ag_pair,1835008,0.12211093107859293,0.12114880084991456,0.12474773724873861
11,8,4,1024,1024,all_reduce,14680064,0.06433066527048746,0.06391466856002807,0.06499520142873129
11,8,4,1024,1024,reduce_scatter,14680064,0.06005226771036784,0.05976639986038208,0.06034666697184245
11,8,4,1024,1024,all_gather,14680064,0.05855466524759929,0.0579584002494812,0.058875731627146405
11,8,4,1024,1024,all_to_all,14680064,0.06808746655782064,0.06725760300954182,0.06909440358479818
11,8,4,1024,1024,rs_ag_pair,14680064,0.13122453689575195,0.12862719694773356,0.13476266860961914
11,8,4,8192,8192,all_reduce,117440512,0.3093023935953776,0.30842453638712564,0.3103018760681152
11,8,4,8192,8192,reduce_scatter,117440512,0.1815392017364502,0.18063252766927082,0.1815765380859375
11,8,4,8192,8192,all_gather,117440512,0.17707093556722006,0.17701973915100097,0.1772607962290446
11,8,4,8192,8192,all_to_all,117440512,0.1982986609141032,0.19791253407796225,0.19851519266764323
11,8,4,8192,8192,rs_ag_pair,117440512,0.36006294886271156,0.3600394566853841,0.4317813237508138
11,8,4,16384,16384,all_reduce,234881024,0.5913866678873698,0.5913141250610352,0.5913888295491536
11,8,4,16384,16384,reduce_scatter,234881024,0.3409088134765625,0.3395711898803711,0.34168532689412434
11,8,4,16384,16384,all_gather,234881024,0.32997973759969074,0.32967252731323243,0.3302303949991862
11,8,4,16384,16384,all_to_all,234881024,0.36874345143636067,0.36868588129679364,0.36889066696166994
11,8,4,16384,16384,rs_ag_pair,234881024,0.6728469212849935,0.6705376307169596,0.673361078898112
11,8,8,1,8,all_reduce,114688,0.10011839866638184,0.09784533182779948,0.10326826572418213
11,8,8,1,8,reduce_scatter,114688,0.08012373447418213,0.07921493053436279,0.08082559903462729
11,8,8,1,8,all_gather,114688,0.05201386610666911,0.05125439961751302,0.15541866620381672
11,8,8,1,8,all_to_all,114688,0.09630186557769775,0.06970026493072509,0.09842133522033691
11,8,8,1,8,rs_ag_pair,114688,0.1178335984547933,0.11424853006998698,0.13332373301188152
11,8,8,8,8,all_reduce,114688,0.0646506667137146,0.06370240052541097,0.06541973352432251
11,8,8,8,8,reduce_scatter,114688,0.058788267771402995,0.058658134937286374,0.05889813502629598
11,8,8,8,8,all_gather,114688,0.05820266803105672,0.05717333157857259,0.058413867155710855
11,8,8,8,8,all_to_all,114688,0.06635306676228842,0.06569600105285645,0.1377013365427653
11,8,8,8,8,rs_ag_pair,114688,0.10756800174713135,0.10705706278483072,0.11104106903076172
11,8,8,128,128,all_reduce,1835008,0.07095893224080403,0.06904640197753906,0.07149120171864827
11,8,8,128,128,reduce_scatter,1835008,0.06495146751403809,0.06467839876810709,0.06578666766484578
11,8,8,128,128,all_gather,1835008,0.06286293268203735,0.059504000345865886,0.06365653276443481
11,8,8,128,128,all_to_all,1835008,0.07488213380177816,0.07329706350962321,0.0749621311823527
11,8,8,128,128,rs_ag_pair,1835008,0.14082880020141603,0.13788159688313803,0.14088212649027507
11,8,8,1024,1024,all_reduce,14680064,0.09402560393015544,0.09340799649556478,0.09410133361816406
11,8,8,1024,1024,reduce_scatter,14680064,0.06533546845118204,0.061077332496643065,0.07501653035481771
11,8,8,1024,1024,all_gather,14680064,0.06072746515274048,0.060088535149892174,0.06078933477401734
11,8,8,1024,1024,all_to_all,14680064,0.07847680250803629,0.07636266549428304,0.07884053389231364
11,8,8,1024,1024,rs_ag_pair,14680064,0.14104639689127604,0.13330559730529784,0.14110827445983887
11,8,8,8192,8192,all_reduce,117440512,0.3624373435974121,0.36223573684692384,0.6114325205485026
11,8,8,8192,8192,reduce_scatter,117440512,0.19003945986429852,0.18992427190144856,0.19014612833658853
11,8,8,8192,8192,all_gather,117440512,0.1926026662190755,0.19215146700541177,0.19295679728190104
11,8,8,8192,8192,all_to_all,117440512,0.20939946174621582,0.2092426617940267,0.2094037373860677
11,8,8,8192,8192,rs_ag_pair,117440512,0.3842207908630371,0.38415679931640623,0.46996479034423827
11,8,8,16384,16384,all_reduce,234881024,0.6358303705851237,0.6355040232340495,0.6366442362467448
11,8,8,16384,16384,reduce_scatter,234881024,0.35403839747111004,0.3519477208455404,0.36425921122233074
11,8,8,16384,16384,all_gather,234881024,0.3543231964111328,0.35412158966064455,0.35543572107950844
11,8,8,16384,16384,all_to_all,234881024,0.3786613464355469,0.3779648145039876,0.3891221364339193
11,8,8,16384,16384,rs_ag_pair,234881024,0.7101792017618815,0.7074410756429036,0.710969607035319
11,0,16,1,16,all_reduce,229376,0.0820362647374471,0.05952639977137248,0.09832213719685873
11,0,16,1,16,reduce_scatter,229376,0.08391040166219076,0.06990079879760742,0.08553919792175294
11,0,16,1,16,all_gather,229376,0.06831680138905843,0.06465493440628052,0.07239573001861573
11,0,16,1,16,all_to_all,229376,0.09407253265380859,0.09323840141296387,0.09682453473409017
11,0,16,1,16,rs_ag_pair,229376,0.13322239716847736,0.1313418706258138,0.13456853230794272
11,0,16,8,16,all_reduce,229376,0.06911040147145589,0.06781546274820964,0.07085013389587402
11,0,16,8,16,reduce_scatter,229376,0.06516266663869222,0.06394773324330648,0.06885440349578857
11,0,16,8,16,all_gather,229376,0.06703680356343587,0.0628597338994344,0.07960639794667562
11,0,16,8,16,all_to_all,229376,0.09577600161234538,0.08917120297749838,0.09630719820658366
11,0,16,8,16,rs_ag_pair,229376,0.13056320349375408,0.12930239836374918,0.13706026077270508
11,0,16,128,128,all_reduce,1835008,0.33436158498128254,0.07300159931182862,0.4263392130533854
11,0,16,128,128,reduce_scatter,1835008,0.06269973516464233,0.06104640165964762,0.06664533217748006
11,0,16,128,128,all_gather,1835008,0.06892053286234538,0.060795732339223224,0.08531520366668702
11,0,16,128,128,all_to_all,1835008,0.08466453552246093,0.08363306522369385,0.08603306611378987
11,0,16,128,128,rs_ag_pair,1835008,0.12890986601511636,0.12862826983133951,0.13083626429239908
11,0,16,1024,1024,all_reduce,14680064,0.10578347047170003,0.10537813504536947,0.1058517297108968
11,0,16,1024,1024,reduce_scatter,14680064,0.06886613368988037,0.06713493665059407,0.07365012963612874
11,0,16,1024,1024,all_gather,14680064,0.07940159638722738,0.07938559850056966,0.23952213923136392
11,0,16,1024,1024,all_to_all,14680064,0.3305834770202637,0.09418346881866455,0.4218101183573405
11,0,16,1024,1024,rs_ag_pair,14680064,0.15010347366333007,0.14930666287740071,0.15012586911519368
11,0,16,8192,8192,all_reduce,117440512,0.4133717219034831,0.4117930730183919,0.4133930524190267
11,0,16,8192,8192,reduce_scatter,117440512,0.3149205207824707,0.3106933275858561,0.34312639236450193
11,0,16,8192,8192,all_gather,117440512,0.2086634635925293,0.2076650619506836,0.20945067405700685
11,0,16,8192,8192,all_to_all,117440512,0.2139285405476888,0.21391146977742512,0.21396053632100423
11,0,16,8192,8192,rs_ag_pair,117440512,0.4664437294006348,0.46554772059122723,0.5987775802612305
11,0,16,16384,16384,all_reduce,234881024,0.6986239751180013,0.697375996907552,0.6992650349934896
11,0,16,16384,16384,reduce_scatter,234881024,0.3645045280456543,0.36386238733927406,0.3648117383321126
11,0,16,16384,16384,all_gather,234881024,0.36924479802449545,0.3690474510192871,0.3695082664489746
11,0,16,16384,16384,all_to_all,234881024,0.38562774658203125,0.3844725290934245,0.4080074628194173
11,0,16,16384,16384,rs_ag_pair,234881024,0.7349194844563802,0.7346111933390299,0.797221310933431
12,12,2,1,2,all_reduce,28672,0.05838506619135539,0.05766079823176066,0.059409066041310625
12,12,2,1,2,reduce_scatter,28672,0.051815466086069746,0.050095999240875246,0.05379733244578044
12,12,2,1,2,all_gather,28672,0.049882666269938154,0.04942506551742554,0.050147199630737306
12,12,2,1,2,all_to_all,28672,0.0530346671740214,0.051660799980163576,0.053350400924682614
12,12,2,1,2,rs_ag_pair,28672,0.09576533635457357,0.09422826766967773,0.09595306714375813
12,12,2,8,8,all_reduce,114688,0.05671786864598592,0.055410134792327884,0.05706666707992554
12,12,2,8,8,reduce_scatter,114688,0.04904213349024455,0.04843306541442871,0.04983466863632202
12,12,2,8,8,all_gather,114688,0.04811199903488159,0.047864532470703124,0.04836159944534302
12,12,2,8,8,all_to_all,114688,0.05354346831639608,0.05325440168380737,0.06019519964853923
12,12,2,8,8,rs_ag_pair,114688,0.09677653312683106,0.09633386929829915,0.09731626510620117
12,12,2,128,128,all_reduce,1835008,0.05804160038630168,0.05800000031789144,0.05913386742273966
12,12,2,128,128,reduce_scatter,1835008,0.051193598906199136,0.048053332169850665,0.052517334620157875
12,12,2,128,128,all_gather,1835008,0.04776853322982788,0.047465598583221434,0.04812373320261638
12,12,2,128,128,all_to_all,1835008,0.05270080169041951,0.05192746718724569,0.05372373263041178
12,12,2,128,128,rs_ag_pair,1835008,0.0971839984258016,0.096234663327535,0.09801279703776042
12,12,2,1024,1024,all_reduce,14680064,0.05426026582717895,0.054237866401672365,0.05826666752497355
12,12,2,1024,1024,reduce_scatter,14680064,0.04893440008163452,0.047693868478139244,0.049209598700205484
12,12,2,1024,1024,all_gather,14680064,0.0489247997601827,0.048792533079783124,0.049075198173522946
12,12,2,1024,1024,all_to_all,14680064,0.0549727996190389,0.05473706722259521,0.05539626677831014
12,12,2,1024,1024,rs_ag_pair,14680064,0.10217386881510417,0.10204479694366456,0.10312533378601074
12,12,2,8192,8192,all_reduce,117440512,0.2463648001352946,0.24624533653259278,0.24676586786905924
12,12,2,8192,8192,reduce_scatter,117440512,0.1647157351175944,0.16470826466878255,0.16474240620930988
12,12,2,8192,8192,all_gather,117440512,0.1528202692667643,0.1526975949605306,0.1531221389770508
12,12,2,8192,8192,all_to_all,117440512,0.19552532831827799,0.19552106857299806,0.1956768035888672
12,12,2,8192,8192,rs_ag_pair,117440512,0.31793918609619143,0.31785494486490884,0.3181674639383952
12,12,2,16384,16384,all_reduce,234881024,0.45386133193969724,0.4533130645751953,0.4540106773376465
12,12,2,16384,16384,reduce_scatter,234881024,0.3017354647318522,0.301586119333903,0.30191466013590496
12,12,2,16384,16384,all_gather,234881024,0.2832789421081543,0.28291412989298503,0.2832874615987142
12,12,2,16384,16384,all_to_all,234881024,0.3623989423116048,0.36232000986735025,0.36300586064656576
12,12,2,16384,16384,rs_ag_pair,234881024,0.5833717346191406,0.5829055786132813,0.6284042358398437
12,12,4,1,4,all_reduce,57344,0.15012586911519368,0.06192213296890259,0.22951679229736327
12,12,4,1,4,reduce_scatter,57344,0.11215893427530925,0.10269866784413656,0.1279146671295166
12,12,4,1,4,all_gather,57344,0.08275626500447592,0.05393600066502889,0.23047359784444174
12,12,4,1,4,all_to_all,57344,0.06288853486378988,0.061399467786153156,0.064410666624705
12,12,4,1,4,rs_ag_pair,57344,0.11010773181915283,0.10977706909179688,0.11275200049082439
12,12,4,8,8,all_reduce,114688,0.06010986566543579,0.059478398164113364,0.0604853351910909
12,12,4,8,8,reduce_scatter,114688,0.05583893458048503,0.05494826634724935,0.1777450720469157
12,12,4,8,8,all_gather,114688,0.05462613503138224,0.05438079833984375,0.16596585909525555
12,12,4,8,8,all_to_all,114688,0.0631605346997579,0.06270186503728231,0.06449813445409139
12,12,4,8,8,rs_ag_pair,114688,0.1136074701944987,0.11297919750213622,0.11413119633992513
12,12,4,128,128,all_reduce,1835008,0.06323306560516358,0.06283093293507894,0.06530880133310954
12,12,4,128,128,reduce_scatter,1835008,0.05770346721013387,0.05579520066579183,0.05956159830093384
12,12,4,128,128,all_gather,1835008,0.056993067264556885,0.05643519957860311,0.057633066177368165
12,12,4,128,128,all_to_all,1835008,0.06672960122426351,0.06545386711756389,0.06780479749043783
12,12,4,128,128,rs_ag_pair,1835008,0.11919466654459636,0.11770346959431967,0.2670218785603841
12,12,4,1024,1024,all_reduce,14680064,0.06451199849446615,0.06311466693878173,0.06478399833043416
12,12,4,1024,1024,reduce_scatter,14680064,0.06002879937489827,0.05794026851654053,0.06005119880040487
12,12,4,1024,1024,all_gather,14680064,0.05915093421936035,0.058745598793029784,0.05948479970296224
12,12,4,1024,1024,all_to_all,14680064,0.0663434664408366,0.06423146724700927,0.06652906735738119
12,12,4,1024,1024,rs_ag_pair,14680064,0.12019733587900798,0.11978560288747152,0.12145067056020101
12,12,4,8192,8192,all_reduce,117440512,0.30884265899658203,0.3084085464477539,0.3861546516418457
12,12,4,8192,8192,reduce_scatter,117440512,0.18082133928934732,0.17902080217997232,0.1811573346455892
12,12,4,8192,8192,all_gather,117440512,0.17577066421508789,0.1756949265797933,0.17610774040222169
12,12,4,8192,8192,all_to_all,117440512,0.19894827206929525,0.19890774091084798,0.1994954744974772
12,12,4,8192,8192,rs_ag_pair,117440512,0.3580544153849284,0.3578037261962891,0.35999040603637694
12,12,4,16384,16384,all_reduce,234881024,0.5945066452026367,0.5932234446207683,0.5947680155436198
12,12,4,16384,16384,reduce_scatter,234881024,0.3412085215250651,0.34040425618489584,0.3418858528137207
12,12,4,16384,16384,all_gather,234881024,0.3298997243245443,0.32987626393636066,0.33030398686726886
12,12,4,16384,16384,all_to_all,234881024,0.36808319091796876,0.36764694849650065,0.36899201075236004
12,12,4,16384,16384,rs_ag_pair,234881024,0.672761599222819,0.6719615936279297,0.7124895731608073
12,8,8,1,8,all_reduce,114688,0.10014826456705729,0.0978495995203654,0.10283733208974202
12,8,8,1,8,reduce_scatter,114688,0.080131196975708,0.07922986348470053,0.08085439999898275
12,8,8,1,8,all_gather,114688,0.05173973242441813,0.05100800196329753,0.15544533729553223
12,8,8,1,8,all_to_all,114688,0.09705386956532797,0.07117973168691,0.1015882651011149
12,8,8,1,8,rs_ag_pair,114688,0.1206069310506185,0.11432639757792155,0.1307530641555786
12,8,8,8,8,all_reduce,114688,0.0652725338935852,0.06385600169499715,0.06610346635182698
12,8,8,8,8,reduce_scatter,114688,0.06011306842168172,0.05978026787439982,0.06016960144042969
12,8,8,8,8,all_gather,114688,0.058465067545572916,0.05796480178833008,0.058500266075134276
12,8,8,8,8,all_to_all,114688,0.06631999810536703,0.06589333216349284,0.13610347112019858
12,8,8,8,8,rs_ag_pair,114688,0.10749759674072265,0.10695786476135254,0.11105600198109945
12,8,8,128,128,all_reduce,1835008,0.07093013127644857,0.06940800348917643,0.07155946890513103
12,8,8,128,128,reduce_scatter,1835008,0.06504426797231039,0.06424320141474406,0.06580586830774943
12,8,8,128,128,all_gather,1835008,0.06290880044301352,0.05893119970957438,0.06345813274383545
12,8,8,128,128,all_to_all,1835008,0.07473066647847494,0.0730463981628418,0.07483627001444498
12,8,8,128,128,rs_ag_pair,1835008,0.1402901331583659,0.13881920178731283,0.14067413012186686
12,8,8,1024,1024,all_reduce,14680064,0.0939786672592163,0.09333439668019612,0.09442453384399414
12,8,8,1024,1024,reduce_scatter,14680064,0.06528426806131998,0.061050665378570554,0.0750378688176473
12,8,8,1024,1024,all_gather,14680064,0.06076159874598185,0.06003626585006714,0.060813868045806886
12,8,8,1024,1024,all_to_all,14680064,0.07836053371429444,0.07634666760762533,0.07853439648946127
12,8,8,1024,1024,rs_ag_pair,14680064,0.1410528024037679,0.1333471934000651,0.14113279978434246
12,8,8,8192,8192,all_reduce,117440512,0.36240533192952473,0.3621664047241211,0.6110848108927409
12,8,8,8192,8192,reduce_scatter,117440512,0.18998079299926757,0.18968639373779297,0.19016639391581217
12,8,8,8192,8192,all_gather,117440512,0.19248000780741373,0.1921120007832845,0.1929632027943929
12,8,8,8192,8192,all_to_all,117440512,0.20918720563252766,0.20905173619588216,0.20949333508809406
12,8,8,8192,8192,rs_ag_pair,117440512,0.38418238957722983,0.38406718571980797,0.47001921335856117
12,8,8,16384,16384,all_reduce,234881024,0.635812250773112,0.6354666392008463,0.6365727742513021
12,8,8,16384,16384,reduce_scatter,234881024,0.3536458651224772,0.351692803700765,0.36402667363484703
12,8,8,16384,16384,all_gather,234881024,0.35397332509358725,0.3537280082702637,0.35506772994995117
12,8,8,16384,16384,all_to_all,234881024,0.3780255953470866,0.37796907424926757,0.3888074556986491
12,8,8,16384,16384,rs_ag_pair,234881024,0.710586675008138,0.7072394688924154,0.7110975901285808
12,0,16,1,16,all_reduce,229376,0.0819701353708903,0.05997333526611328,0.09832533200581868
12,0,16,1,16,reduce_scatter,229376,0.08386666774749756,0.0702794631322225,0.08556693394978841
12,0,16,1,16,all_gather,229376,0.06827627023061117,0.06466346581776937,0.07268799940745035
12,0,16,1,16,all_to_all,229376,0.09497493108113607,0.0885482629140218,0.09569706916809081
12,0,16,1,16,rs_ag_pair,229376,0.13138666947682698,0.12853653430938722,0.13340800603230793
12,0,16,8,16,all_reduce,229376,0.06928853193918864,0.06802773475646973,0.0709994633992513
12,0,16,8,16,reduce_scatter,229376,0.06412266492843628,0.06406186819076538,0.06900373299916586
12,0,16,8,16,all_gather,229376,0.0670581340789795,0.0628544012705485,0.07976213296254477
12,0,16,8,16,all_to_all,229376,0.09578773180643717,0.08912106355031331,0.09629866282145182
12,0,16,8,16,rs_ag_pair,229376,0.13056320349375408,0.12966720263163248,0.137118927637736
12,0,16,128,128,all_reduce,1835008,0.3343093236287435,0.07309760252634684,0.4262826601664225
12,0,16,128,128,reduce_scatter,1835008,0.06272853215535482,0.06105813185373942,0.06660266717274983
12,0,16,128,128,all_gather,1835008,0.06889920234680176,0.060729598999023436,0.08521493275960286
12,0,16,128,128,all_to_all,1835008,0.08442347049713135,0.08369173208872477,0.08600746790568034
12,0,16,128,128,rs_ag_pair,1835008,0.12899733384450277,0.12861440181732178,0.13083733717600504
12,0,16,1024,1024,all_reduce,14680064,0.10574613412221273,0.105293869972229,0.10581333637237549
12,0,16,1024,1024,reduce_scatter,14680064,0.06905386447906495,0.06737813154856363,0.07546026706695556
12,0,16,1024,1024,all_gather,14680064,0.07970773379007975,0.07965546449025472,0.2393770694732666
12,0,16,1024,1024,all_to_all,14680064,0.33077866236368814,0.09433279832204183,0.4224960009256999
12,0,16,1024,1024,rs_ag_pair,14680064,0.15019413630167644,0.14960853258768717,0.15074453353881836
12,0,16,8192,8192,all_reduce,117440512,0.41356051762898766,0.41202561060587567,0.4137642542521159
12,0,16,8192,8192,reduce_scatter,117440512,0.3152970631917318,0.31072425842285156,0.3466400146484375
12,0,16,8192,8192,all_gather,117440512,0.20891626675923666,0.20775893529256184,0.20972800254821777
12,0,16,8192,8192,all_to_all,117440512,0.21446293195088703,0.21439040501912435,0.21450559298197427
12,0,16,8192,8192,rs_ag_pair,117440512,0.46870400110880533,0.4680490811665853,0.6018016179402669
12,0,16,16384,16384,all_reduce,234881024,0.6988117218017578,0.6975157419840495,0.6996096293131511
12,0,16,16384,16384,reduce_scatter,234881024,0.36474987665812175,0.3641418774922689,0.36543572743733727
12,0,16,16384,16384,all_gather,234881024,0.36966292063395184,0.369379202524821,0.36981013615926106
12,0,16,16384,16384,all_to_all,234881024,0.38650134404500325,0.3846954663594564,0.40842132568359374
12,0,16,16384,16384,rs_ag_pair,234881024,0.7349418640136719,0.7341642379760742,0.7975797017415365
13,12,2,1,2,all_reduce,28672,0.05877013206481933,0.05807040135065714,0.0590175986289978
13,12,2,1,2,reduce_scatter,28672,0.05107626517613729,0.049158398310343424,0.05295679966608683
13,12,2,1,2,all_gather,28672,0.049788800875345866,0.04947520097096761,0.05008213520050049
13,12,2,1,2,all_to_all,28672,0.05302400191624959,0.052604798475901285,0.05435200134913127
13,12,2,1,2,rs_ag_pair,28672,0.09473493099212646,0.09365013440450033,0.0968618631362915
13,12,2,8,8,all_reduce,114688,0.05627520084381103,0.055956268310546876,0.0584117333094279
13,12,2,8,8,reduce_scatter,114688,0.04835093418757121,0.04782720009485881,0.0488319993019104
13,12,2,8,8,all_gather,114688,0.047220265865325926,0.04713066816329956,0.04831999937693278
13,12,2,8,8,all_to_all,114688,0.05418879985809326,0.05407146612803141,0.05931093295415243
13,12,2,8,8,rs_ag_pair,114688,0.09600000381469727,0.09591039816538492,0.09703146616617839
13,12,2,128,128,all_reduce,1835008,0.05817066828409831,0.0573909322420756,0.05996053218841553
13,12,2,128,128,reduce_scatter,1835008,0.05043733517328898,0.04999680121739705,0.05235519806543986
13,12,2,128,128,all_gather,1835008,0.04729386568069458,0.04685013294219971,0.04797226587931315
13,12,2,128,128,all_to_all,1835008,0.05316693385442098,0.052111999193827314,0.05432639916737874
13,12,2,128,128,rs_ag_pair,1835008,0.09760213692982991,0.09666666984558106,0.09836053053538005
13,12,2,1024,1024,all_reduce,14680064,0.054331731796264646,0.05423253377278646,0.05829333464304606
13,12,2,1024,1024,reduce_scatter,14680064,0.049098666508992514,0.04828266700108846,0.04932373364766439
13,12,2,1024,1024,all_gather,14680064,0.0491104006767273,0.04893546501795451,0.04919360081354777
13,12,2,1024,1024,all_to_all,14680064,0.055242665608723956,0.054883201917012535,0.055692799886067706
13,12,2,1024,1024,rs_ag_pair,14680064,0.10243306954701742,0.10233706633249919,0.10325439771016438
13,12,2,8192,8192,all_reduce,117440512,0.24656426111857097,0.24625813166300456,0.24674879709879557
13,12,2,8192,8192,reduce_scatter,117440512,0.1644053300221761,0.16438719431559246,0.16468052864074706
13,12,2,8192,8192,all_gather,117440512,0.1522688070933024,0.15216320355733234,0.15263360341389973
13,12,2,8192,8192,all_to_all,117440512,0.19558080037434897,0.19544639587402343,0.19572906494140624
13,12,2,8192,8192,rs_ag_pair,117440512,0.3173717180887858,0.31729920705159503,0.31783679326375325
13,12,2,16384,16384,all_reduce,234881024,0.4540821393330892,0.45385920206705727,0.454311466217041
13,12,2,16384,16384,reduce_scatter,234881024,0.301859188079834,0.3017866770426432,0.3018933296203613
13,12,2,16384,16384,all_gather,234881024,0.2828960100809733,0.2828864097595215,0.28295892079671225
13,12,2,16384,16384,all_to_all,234881024,0.36235628128051756,0.3622975985209147,0.36299734115600585
13,12,2,16384,16384,rs_ag_pair,234881024,0.5835381189982096,0.5831754684448243,0.628605842590332
13,12,4,1,4,all_reduce,57344,0.1487402598063151,0.06224213441212972,0.23033599853515624
13,12,4,1,4,reduce_scatter,57344,0.1134335994720459,0.1015893300374349,0.1279530684153239
13,12,4,1,4,all_gather,57344,0.0827999989191691,0.053283198674519854,0.2619402726491292
13,12,4,1,4,all_to_all,57344,0.06366826693216959,0.06258560021718343,0.06504426797231039
13,12,4,1,4,rs_ag_pair,57344,0.11040320396423339,0.11020692984263102,0.11298773288726807
13,12,4,8,8,all_reduce,114688,0.06062186559041341,0.05994986693064372,0.061220268408457436
13,12,4,8,8,reduce_scatter,114688,0.056193065643310544,0.05526186625162761,0.17843947410583497
13,12,4,8,8,all_gather,114688,0.05525866746902466,0.05477333466211955,0.16452587445576985
13,12,4,8,8,all_to_all,114688,0.06348373492558797,0.0633130669593811,0.06481599807739258
13,12,4,8,8,rs_ag_pair,114688,0.11378133296966553,0.11312320232391357,0.11417493025461832
13,12,4,128,128,all_reduce,1835008,0.06338026523590087,0.06303679943084717,0.06542400121688843
13,12,4,128,128,reduce_scatter,1835008,0.05785919825236003,0.055854932467142744,0.059825066725413004
13,12,4,128,128,all_gather,1835008,0.05740586519241333,0.05649919907251994,0.05771413246790568
13,12,4,128,128,all_to_all,1835008,0.06702079772949218,0.06569066842397055,0.06814293066660564
13,12,4,128,128,rs_ag_pair,1835008,0.11938026746114096,0.11924800078074137,0.2661119937896729
13,12,4,1024,1024,all_reduce,14680064,0.0644159992535909,0.06294399897257487,0.06468693415323894
13,12,4,1024,1024,reduce_scatter,14680064,0.05973759889602661,0.05785173177719116,0.05985813140869141
13,12,4,1024,1024,all_gather,14680064,0.059053866068522136,0.058457601070404056,0.05936533212661743
13,12,4,1024,1024,all_to_all,14680064,0.0664896011352539,0.06453866561253865,0.06692799727121988
13,12,4,1024,1024,rs_ag_pair,14680064,0.12021333376566569,0.11962666511535644,0.12129813035329183
13,12,4,8192,8192,all_reduce,117440512,0.30842132568359376,0.307914670308431,0.3859775861104329
13,12,4,8192,8192,reduce_scatter,117440512,0.18013760248819988,0.17801173528035483,0.18036586443583172
13,12,4,8192,8192,all_gather,117440512,0.1754111925760905,0.1748309294382731,0.17541333834330242
13,12,4,8192,8192,all_to_all,117440512,0.19881173769632976,0.19875200589497885,0.19923094113667805
13,12,4,8192,8192,rs_ag_pair,117440512,0.3574421246846517,0.3573674519856771,0.3597440083821615
13,12,4,16384,16384,all_reduce,234881024,0.5944447835286458,0.5929173151652019,0.594921620686849
13,12,4,16384,16384,reduce_scatter,234881024,0.34097919464111326,0.34030933380126954,0.34101333618164065
13,12,4,16384,16384,all_gather,234881024,0.32988373438517254,0.32973012924194334,0.33018881479899087
13,12,4,16384,16384,all_to_all,234881024,0.3680309295654297,0.36740268071492516,0.36879787445068357
13,12,4,16384,16384,rs_ag_pair,234881024,0.6724416097005208,0.6713130950927735,0.7122453053792318
13,8,8,1,8,all_reduce,114688,0.1007807970046997,0.09783679644266764,0.10314453442891439
13,8,8,1,8,reduce_scatter,114688,0.08003733158111573,0.0791221300760905,0.08078933556874593
13,8,8,1,8,all_gather,114688,0.051764265696207686,0.05064320166905721,0.15533119837443035
13,8,8,1,8,all_to_all,114688,0.09703786373138427,0.07009493509928386,0.10160533587137859
13,8,8,1,8,rs_ag_pair,114688,0.1198474645614624,0.11436479886372884,0.13075520197550455
13,8,8,8,8,all_reduce,114688,0.06528426806131998,0.06387199958165486,0.06608746846516927
13,8,8,8,8,reduce_scatter,114688,0.06000213225682576,0.05980586608250936,0.06014506816864014
13,8,8,8,8,all_gather,114688,0.05844800074895223,0.057905066013336184,0.058524799346923825
13,8,8,8,8,all_to_all,114688,0.06629013220469157,0.0657525340716044,0.1358293374379476
13,8,8,8,8,rs_ag_pair,114688,0.10754666328430176,0.1070133368174235,0.11102399826049805
13,8,8,128,128,all_reduce,1835008,0.07089707056681314,0.0694165309270223,0.07158933480580648
13,8,8,128,128,reduce_scatter,1835008,0.06498239835103353,0.06420906782150268,0.0658410668373108
13,8,8,128,128,all_gather,1835008,0.06281386613845825,0.05898240009943644,0.0634549339612325
13,8,8,128,128,all_to_all,1835008,0.07479146321614584,0.07295146783192953,0.07483092943827312
13,8,8,128,128,rs_ag_pair,1835008,0.1402506669362386,0.13878293037414552,0.14065066973368326
13,8,8,1024,1024,all_reduce,14680064,0.09398720264434815,0.09342400232950847,0.09439466794331869
13,8,8,1024,1024,reduce_scatter,14680064,0.06531946659088135,0.06108906666437785,0.07516160011291503
13,8,8,1024,1024,all_gather,14680064,0.060770134131113686,0.06003413200378418,0.06079146862030029
13,8,8,1024,1024,all_to_all,14680064,0.07835840384165446,0.07632213433583578,0.07862506707509359
13,8,8,1024,1024,rs_ag_pair,14680064,0.14103892644246419,0.13324480056762694,0.1410869280497233
13,8,8,8192,8192,all_reduce,117440512,0.36248000462849933,0.36222826639811195,0.6112074534098307
13,8,8,8192,8192,reduce_scatter,117440512,0.18985385894775392,0.1897450606028239,0.1901375929514567
13,8,8,8192,8192,all_gather,117440512,0.19246187210083007,0.19195839564005535,0.19296959241231282
13,8,8,8192,8192,all_to_all,117440512,0.2093162695566813,0.2090709368387858,0.20956907272338868
13,8,8,8192,8192,rs_ag_pair,117440512,0.3841845194498698,0.38410666783650715,0.46991999944051105
13,8,8,16384,16384,all_reduce,234881024,0.6358346939086914,0.6353962580362956,0.6365034739176433
13,8,8,16384,16384,reduce_scatter,234881024,0.353330135345459,0.3522218704223633,0.36349760691324867
13,8,8,16384,16384,all_gather,234881024,0.3543039957682292,0.35413331985473634,0.355187193552653
13,8,8,16384,16384,all_to_all,234881024,0.3784010569254557,0.378163210550944,0.38862826029459635
13,8,8,16384,16384,rs_ag_pair,234881024,0.7106197357177735,0.7072970708211263,0.7110048294067383
13,0,16,1,16,all_reduce,229376,0.08197973569234213,0.05971200068791707,0.09832426706949869
13,0,16,1,16,reduce_scatter,229376,0.08376213709513346,0.0702560027440389,0.08552213509877522
13,0,16,1,16,all_gather,229376,0.06821973323822021,0.06467946767807006,0.07264213562011719
13,0,16,1,16,all_to_all,229376,0.09489173094431559,0.09281706809997559,0.09924053351084391
13,0,16,1,16,rs_ag_pair,229376,0.1334272066752116,0.13137173652648926,0.13531840642293294
13,0,16,8,16,all_reduce,229376,0.06932480335235595,0.06802133719126384,0.07105279763539632
13,0,16,8,16,reduce_scatter,229376,0.06411199967066447,0.06405866543451945,0.0689301331837972
13,0,16,8,16,all_gather,229376,0.06703786849975586,0.06288853486378988,0.07978879610697429
13,0,16,8,16,all_to_all,229376,0.09580372969309489,0.08912959893544516,0.0963754653930664
13,0,16,8,16,rs_ag_pair,229376,0.13050560156504312,0.1296074628829956,0.1371221383412679
13,0,16,128,128,all_reduce,1835008,0.3343647956848145,0.07315733432769775,0.4262751897176107
13,0,16,128,128,reduce_scatter,1835008,0.0627125342686971,0.0610368013381958,0.06662079890569052
13,0,16,128,128,all_gather,1835008,0.06890453497568766,0.060846932729085285,0.08528853257497152
13,0,16,128,128,all_to_all,1835008,0.08440746466318766,0.08364373048146566,0.08604053656260173
13,0,16,128,128,rs_ag_pair,1835008,0.12902506987253826,0.12862506707509358,0.13085866769154866
13,0,16,1024,1024,all_reduce,14680064,0.10565866629282633,0.10535253683725992,0.10577387015024821
13,0,16,1024,1024,reduce_scatter,14680064,0.06906452973683676,0.06737173398335775,0.07552853425343832
13,0,16,1024,1024,all_gather,14680064,0.07966399987538655,0.07954773108164469,0.2394261360168457
13,0,16,1024,1024,all_to_all,14680064,0.3306794802347819,0.09430507024129232,0.4225141207377116
13,0,16,1024,1024,rs_ag_pair,14680064,0.15028479894002278,0.14958613713582355,0.15067307154337564
13,0,16,8192,8192,all_reduce,117440512,0.4135573387145996,0.41203200022379555,0.4137226740519206
13,0,16,8192,8192,reduce_scatter,117440512,0.3152576128641764,0.3104159990946452,0.3466346740722656
13,0,16,8192,8192,all_gather,117440512,0.20891413688659669,0.20771199862162273,0.20971306165059408
13,0,16,8192,8192,all_to_all,117440512,0.21432320276896158,0.21426453590393066,0.21462292671203614
13,0,16,8192,8192,rs_ag_pair,117440512,0.4706645329793294,0.47050345738728844,0.6036149342854817
13,0,16,16384,16384,all_reduce,234881024,0.6988704045613606,0.697486941019694,0.6995925267537435
13,0,16,16384,16384,reduce_scatter,234881024,0.36469545364379885,0.36416638692220055,0.3655925432840983
13,0,16,16384,16384,all_gather,234881024,0.3696970621744792,0.36938241322835286,0.3697749455769857
13,0,16,16384,16384,all_to_all,234881024,0.3858730634053548,0.38477547963460285,0.40832640329996744
13,0,16,16384,16384,rs_ag_pair,234881024,0.7349002838134766,0.7341610590616862,0.7975914637247722
14,14,2,1,2,all_reduce,28672,0.05567359924316406,0.05538026491800944,0.056329600016276044
14,14,2,1,2,reduce_scatter,28672,0.0499722679456075,0.049192531903584795,0.05286293427149455
14,14,2,1,2,all_gather,28672,0.047943464914957684,0.047220265865325926,0.048146132628122965
14,14,2,1,2,all_to_all,28672,0.054554665088653566,0.053594664732615156,0.05862293243408203
14,14,2,1,2,rs_ag_pair,28672,0.09447253545125325,0.09366933504740398,0.0966655969619751
14,14,2,8,8,all_reduce,114688,0.055717333157857256,0.054901333649953206,0.05652800003687541
14,14,2,8,8,reduce_scatter,114688,0.04986879825592041,0.049507200717926025,0.05018026828765869
14,14,2,8,8,all_gather,114688,0.04807680050532023,0.04747733275095622,0.04820160071055094
14,14,2,8,8,all_to_all,114688,0.05409706830978393,0.05385706822077433,0.05899093151092529
14,14,2,8,8,rs_ag_pair,114688,0.09840746720631917,0.09723520278930664,0.09956160386403402
14,14,2,128,128,all_reduce,1835008,0.05577386617660522,0.05532906850179036,0.05666666825612386
14,14,2,128,128,reduce_scatter,1835008,0.04777919848759969,0.04745920101801555,0.05315413475036621
14,14,2,128,128,all_gather,1835008,0.048330668608347574,0.047914667924245195,0.0484501322110494
14,14,2,128,128,all_to_all,1835008,0.05226453145345052,0.05210986534754435,0.05271679957707723
14,14,2,128,128,rs_ag_pair,1835008,0.09671040376027425,0.0960319995880127,0.09695573647816975
14,14,2,1024,1024,all_reduce,14680064,0.053670398394266766,0.05347946484883626,0.05829973220825195
14,14,2,1024,1024,reduce_scatter,14680064,0.050760531425476076,0.05001173416773478,0.05091626644134521
14,14,2,1024,1024,all_gather,14680064,0.04896853367487589,0.048613333702087404,0.049457065264383954
14,14,2,1024,1024,all_to_all,14680064,0.05548906723658244,0.05543786684672038,0.055634133021036786
14,14,2,1024,1024,rs_ag_pair,14680064,0.10450666745503744,0.10319039821624756,0.1045525312423706
14,14,2,8192,8192,all_reduce,117440512,0.2462890625,0.24593599637349448,0.24675946235656737
14,14,2,8192,8192,reduce_scatter,117440512,0.16425387064615884,0.16395732561747234,0.16445120175679526
14,14,2,8192,8192,all_gather,117440512,0.1534239927927653,0.1529802640279134,0.1535914738972982
14,14,2,8192,8192,all_to_all,117440512,0.19598399798075358,0.1957248051961263,0.19639253616333008
14,14,2,8192,8192,rs_ag_pair,117440512,0.3163541475931803,0.31621974309285483,0.36475200653076173
14,14,2,16384,16384,all_reduce,234881024,0.45554774602254233,0.45535360972086586,0.4561621348063151
14,14,2,16384,16384,reduce_scatter,234881024,0.30155200958251954,0.3012426694234212,0.3458090782165527
14,14,2,16384,16384,all_gather,234881024,0.2827232042948405,0.2825632095336914,0.28294827143351237
14,14,2,16384,16384,all_to_all,234881024,0.3617290814717611,0.36172691980997723,0.362177054087321
14,14,2,16384,16384,rs_ag_pair,234881024,0.5821205139160156,0.5819295883178711,0.5821791966756185
14,12,4,1,4,all_reduce,57344,0.14898239771525065,0.061860267321268717,0.2285098711649577
14,12,4,1,4,reduce_scatter,57344,0.11217386722564697,0.10373439788818359,0.12742719650268555
14,12,4,1,4,all_gather,57344,0.0822773297627767,0.053600001335144046,0.2307253360748291
14,12,4,1,4,all_to_all,57344,0.06306453148523966,0.061468799908955894,0.06346346537272135
14,12,4,1,4,rs_ag_pair,57344,0.11012159983317057,0.10984319845835368,0.11277120113372803
14,12,4,8,8,all_reduce,114688,0.06020586490631104,0.059521067142486575,0.06035840113957723
14,12,4,8,8,reduce_scatter,114688,0.05582506656646728,0.05503466526667277,0.17771946589152018
14,12,4,8,8,all_gather,114688,0.05496319929758708,0.05438400109608968,0.16365760167439777
14,12,4,8,8,all_to_all,114688,0.06317013502120972,0.06274880170822143,0.06461120049158732
14,12,4,8,8,rs_ag_pair,114688,0.11362880071004232,0.11298666795094808,0.11411306858062745
14,12,4,128,128,all_reduce,1835008,0.06327786842981974,0.06283413171768189,0.06528213421503702
14,12,4,128,128,reduce_scatter,1835008,0.05775680144627889,0.05572160085042318,0.05954773426055908
14,12,4,128,128,all_gather,1835008,0.05703786611557007,0.05642773310343425,0.05762879848480225
14,12,4,128,128,all_to_all,1835008,0.06659093300501505,0.0654421329498291,0.0678335984547933
14,12,4,128,128,rs_ag_pair,1835008,0.11926080385843912,0.1181493361790975,0.2683349291483561
14,12,4,1024,1024,all_reduce,14680064,0.06460586786270142,0.06314773162206014,0.06487253506978354
14,12,4,1024,1024,reduce_scatter,14680064,0.0599018653233846,0.057937065760294594,0.06013013521830241
14,12,4,1024,1024,all_gather,14680064,0.05907200177510579,0.058685866991678874,0.05946453412373861
14,12,4,1024,1024,all_to_all,14680064,0.06641066471735636,0.06419839859008789,0.06660906473795573
14,12,4,1024,1024,rs_ag_pair,14680064,0.12020373344421387,0.11974186897277832,0.12140159606933594
14,12,4,8192,8192,all_reduce,117440512,0.3082602818806966,0.30792214075724283,0.3860885302225749
14,12,4,8192,8192,reduce_scatter,117440512,0.18002986907958984,0.17886826197306316,0.18064640363057455
14,12,4,8192,8192,all_gather,117440512,0.17558186848958332,0.1755349318186442,0.1759775956471761
14,12,4,8192,8192,all_to_all,117440512,0.19926719665527343,0.1988874594370524,0.19937493006388346
14,12,4,8192,8192,rs_ag_pair,117440512,0.3579999923706055,0.35779733657836915,0.3597440083821615
14,12,4,16384,16384,all_reduce,234881024,0.5945034662882487,0.593015480041504,0.5952074686686198
14,12,4,16384,16384,reduce_scatter,234881024,0.3401066780090332,0.3399146715799967,0.3408373196919759
14,12,4,16384,16384,all_gather,234881024,0.33003199895222984,0.32984641393025715,0.3302538553873698
14,12,4,16384,16384,all_to_all,234881024,0.36808319091796876,0.3676032066345215,0.3689034779866536
14,12,4,16384,16384,rs_ag_pair,234881024,0.6723967870076497,0.6714485168457032,0.711192512512207
14,8,8,1,8,all_reduce,114688,0.10017386277516684,0.09787519772847493,0.10316800276438395
14,8,8,1,8,reduce_scatter,114688,0.08016746838887533,0.07920533021291097,0.08090666929880778
14,8,8,1,8,all_gather,114688,0.05178666512171427,0.05105066696802775,0.1554858684539795
14,8,8,1,8,all_to_all,114688,0.09821013609568278,0.07013653119405111,0.1015402634938558
14,8,8,1,8,rs_ag_pair,114688,0.11984639962514242,0.11427946885426839,0.1307914654413859
14,8,8,8,8,all_reduce,114688,0.06534080108006796,0.06383680105209351,0.066102401415507
14,8,8,8,8,reduce_scatter,114688,0.060073598225911455,0.05973866780598958,0.06012266476949056
14,8,8,8,8,all_gather,114688,0.05846293369928996,0.05796053409576416,0.05853226582209269
14,8,8,8,8,all_to_all,114688,0.06627519925435384,0.06581120093663534,0.13603199323018392
14,8,8,8,8,rs_ag_pair,114688,0.10756693681081136,0.10702186425526937,0.11095893383026123
14,8,8,128,128,all_reduce,1835008,0.07092906634012858,0.06943466663360595,0.07163413365681966
14,8,8,128,128,reduce_scatter,1835008,0.06505813201268514,0.06425066788991292,0.06584746837615967
14,8,8,128,128,all_gather,1835008,0.0628661314646403,0.058974933624267575,0.06349333524703979
14,8,8,128,128,all_to_all,1835008,0.0748138666152954,0.07301119963328044,0.07486293315887452
14,8,8,128,128,rs_ag_pair,1835008,0.14029439290364584,0.13884480794270834,0.1407296021779378
14,8,8,1024,1024,all_reduce,14680064,0.09399573008219402,0.09341866970062256,0.09434773127237955
14,8,8,1024,1024,reduce_scatter,14680064,0.06529173453648886,0.06106346845626831,0.07512746651967367
14,8,8,1024,1024,all_gather,14680064,0.06072320143381755,0.06002879937489827,0.06086719830830892
14,8,8,1024,1024,all_to_all,14680064,0.07832427024841308,0.0762997309366862,0.07861653168996176
14,8,8,1024,1024,rs_ag_pair,14680064,0.14107839266459146,0.13330986499786376,0.1411296049753825
14,8,8,8192,8192,all_reduce,117440512,0.36248534520467124,0.3621578534444173,0.6110698699951171
14,8,8,8192,8192,reduce_scatter,117440512,0.18992533683776855,0.18975680669148762,0.19023680686950684
14,8,8,8192,8192,all_gather,117440512,0.19244799613952637,0.19209173520406086,0.1929098606109619
14,8,8,8192,8192,all_to_all,117440512,0.20928746859232586,0.20895573298136394,0.20971946716308593
14,8,8,8192,8192,rs_ag_pair,117440512,0.3841098785400391,0.3839424133300781,0.4700544039408366
14,8,8,16384,16384,all_reduce,234881024,0.6357664108276367,0.6354623794555664,0.6365407943725586
14,8,8,16384,16384,reduce_scatter,234881024,0.35342613855997723,0.35251200993855797,0.36282132466634115
14,8,8,16384,16384,all_gather,234881024,0.3547413190205892,0.354150390625,0.35508159001668294
14,8,8,16384,16384,all_to_all,234881024,0.3784213383992513,0.3782496134440104,0.38874454498291017
14,8,8,16384,16384,rs_ag_pair,234881024,0.7106623967488607,0.7071946461995443,0.7111253102620443
14,0,16,1,16,all_reduce,229376,0.08199146588643393,0.05984959999720255,0.09833813508351644
14,0,16,1,16,reduce_scatter,229376,0.08388160069783529,0.07026346524556477,0.08559466997782389
14,0,16,1,16,all_gather,229376,0.06828479766845703,0.06468053261439005,0.07267200152079265
14,0,16,1,16,all_to_all,229376,0.09485867023468017,0.09282666842142741,0.09941653410593669
14,0,16,1,16,rs_ag_pair,229376,0.13344319661458334,0.13141866525014242,0.13533973693847656
14,0,16,8,16,all_reduce,229376,0.06930879751841228,0.06803092956542969,0.07094186941782633
14,0,16,8,16,reduce_scatter,229376,0.06410880088806152,0.06402560075124104,0.06894293626149496
14,0,16,8,16,all_gather,229376,0.06704533100128174,0.06283093293507894,0.07979839642842611
14,0,16,8,16,all_to_all,229376,0.09577600161234538,0.08909227053324381,0.09633599917093913
14,0,16,8,16,rs_ag_pair,229376,0.13051199913024902,0.12965973218282065,0.13708906173706054
14,0,16,128,128,all_reduce,1835008,0.3343253453572591,0.07306666374206543,0.4262165387471517
14,0,16,128,128,reduce_scatter,1835008,0.06266026496887207,0.06103359858194987,0.06664106845855713
14,0,16,128,128,all_gather,1835008,0.06894826889038086,0.06090559959411621,0.08529813289642334
14,0,16,128,128,all_to_all,1835008,0.08429120381673177,0.08368426958719889,0.08604160149892172
14,0,16,128,128,rs_ag_pair,1835008,0.1291157325108846,0.12858239809672037,0.13079253037770588
14,0,16,1024,1024,all_reduce,14680064,0.10569600264231364,0.10530666510264079,0.10581546624501546
14,0,16,1024,1024,reduce_scatter,14680064,0.06903039614359538,0.06734293301900228,0.07552106380462646
14,0,16,1024,1024,all_gather,14680064,0.07973013718922933,0.07968213558197021,0.23941653569539387
14,0,16,1024,1024,all_to_all,14680064,0.3306634585062663,0.09430507024129232,0.4225503921508789
14,0,16,1024,1024,rs_ag_pair,14680064,0.15023360252380372,0.14961387316385905,0.15074772834777833
14,0,16,8192,8192,all_reduce,117440512,0.4134645462036133,0.4119946797688802,0.41369279225667316
14,0,16,8192,8192,reduce_scatter,117440512,0.31515305836995444,0.3135989189147949,0.3465770721435547
14,0,16,8192,8192,all_gather,117440512,0.2086176077524821,0.20760213534037272,0.20970452626546224
14,0,16,8192,8192,all_to_all,117440512,0.2143455982208252,0.21433706283569337,0.214627202351888
14,0,16,8192,8192,rs_ag_pair,117440512,0.4716320037841797,0.47050345738728844,0.6036959966023763
14,0,16,16384,16384,all_reduce,234881024,0.698793601989746,0.6974698384602864,0.6995562871297201
14,0,16,16384,16384,reduce_scatter,234881024,0.36455678939819336,0.36426239013671874,0.36543998718261717
14,0,16,16384,16384,all_gather,234881024,0.3696384112040202,0.3693056106567383,0.3696384112040202
14,0,16,16384,16384,all_to_all,234881024,0.3862410545349121,0.3848618825276693,0.40824108123779296
14,0,16,16384,16384,rs_ag_pair,234881024,0.7347871780395507,0.7341536204020183,0.7976117451985677
15,14,2,1,2,all_reduce,28672,0.05455040136973063,0.05447466770807902,0.05605013370513916
15,14,2,1,2,reduce_scatter,28672,0.04899626572926839,0.04801599979400635,0.05193066596984863
15,14,2,1,2,all_gather,28672,0.046529066562652585,0.046375465393066403,0.04746666749318441
15,14,2,1,2,all_to_all,28672,0.05302400191624959,0.05252159833908081,0.05788266658782959
15,14,2,1,2,rs_ag_pair,28672,0.09386133352915446,0.09338346322377523,0.09625600179036459
15,14,2,8,8,all_reduce,114688,0.05494933525721232,0.05432639916737874,0.0568117340405782
15,14,2,8,8,reduce_scatter,114688,0.04896853367487589,0.048953600724538165,0.04953386783599854
15,14,2,8,8,all_gather,114688,0.04738239844640096,0.04620053370793661,0.04789973497390747
15,14,2,8,8,all_to_all,114688,0.05349013408025106,0.05333226521809896,0.058243199189503984
15,14,2,8,8,rs_ag_pair,114688,0.09728960196177165,0.09698879718780518,0.09929172992706299
15,14,2,128,128,all_reduce,1835008,0.05630720059076945,0.05562133391698201,0.057478400071461995
15,14,2,128,128,reduce_scatter,1835008,0.04919466574986776,0.048145067691802976,0.053456000487009686
15,14,2,128,128,all_gather,1835008,0.04900693496068319,0.048682665824890135,0.04927039941151937
15,14,2,128,128,all_to_all,1835008,0.052664534250895186,0.05264319976170858,0.052697598934173584
15,14,2,128,128,rs_ag_pair,1835008,0.09729493459065755,0.09517119725545248,0.09760959943135579
15,14,2,1024,1024,all_reduce,14680064,0.053594664732615156,0.053402666250864664,0.058305064837137856
15,14,2,1024,1024,reduce_scatter,14680064,0.05046186844507853,0.049566932519276935,0.05086719989776611
15,14,2,1024,1024,all_gather,14680064,0.04882453282674153,0.04879039923350016,0.04927359819412232
15,14,2,1024,1024,all_to_all,14680064,0.05536426703135173,0.055129599571228025,0.05571306546529134
15,14,2,1024,1024,rs_ag_pair,14680064,0.10418773492177327,0.10298666954040528,0.10431040128072103
15,14,2,8192,8192,all_reduce,117440512,0.24651199976603191,0.24631999333699545,0.24676373799641926
15,14,2,8192,8192,reduce_scatter,117440512,0.16427733103434244,0.16410239537556967,0.1644543965657552
15,14,2,8192,8192,all_gather,117440512,0.15373867352803547,0.15339627265930175,0.1537717342376709
15,14,2,8192,8192,all_to_all,117440512,0.19592426617940267,0.19570132891337078,0.19644907315572102
15,14,2,8192,8192,rs_ag_pair,117440512,0.3169290542602539,0.3166506767272949,0.3650837262471517
15,14,2,16384,16384,all_reduce,234881024,0.4558143933614095,0.4553023974100749,0.4563680013020833
15,14,2,16384,16384,reduce_scatter,234881024,0.30156052907307945,0.30106239318847655,0.345576540629069
15,14,2,16384,16384,all_gather,234881024,0.2829397201538086,0.2827061335245768,0.2832373301188151
15,14,2,16384,16384,all_to_all,234881024,0.3617919921875,0.3615872065226237,0.3621386528015137
15,14,2,16384,16384,rs_ag_pair,234881024,0.5820330937703451,0.5818719863891602,0.5821845372517903
15,12,4,1,4,all_reduce,57344,0.14828160603841145,0.06182506481806437,0.22849067052205405
15,12,4,1,4,reduce_scatter,57344,0.11325759887695312,0.10264746348063152,0.12915093104044598
15,12,4,1,4,all_gather,57344,0.08388373057047525,0.053573334217071535,0.2310357411702474
15,12,4,1,4,all_to_all,57344,0.06319679816563924,0.060573867956797284,0.06402026812235515
15,12,4,1,4,rs_ag_pair,57344,0.11013973553975423,0.10981333255767822,0.11280426979064942
15,12,4,8,8,all_reduce,114688,0.059501866499582924,0.05945813258488973,0.060467199484507246
15,12,4,8,8,reduce_scatter,114688,0.05575786828994751,0.055004799365997316,0.17761173248291015
15,12,4,8,8,all_gather,114688,0.05473173459370931,0.054322131474812824,0.16470719973246256
15,12,4,8,8,all_to_all,114688,0.06313173373540243,0.0627840002377828,0.06457066535949707
15,12,4,8,8,rs_ag_pair,114688,0.11355199813842773,0.11300480365753174,0.11410240332285564
15,12,4,128,128,all_reduce,1835008,0.06328853368759155,0.06284693479537964,0.06532053152720134
15,12,4,128,128,reduce_scatter,1835008,0.05781546831130981,0.055751466751098634,0.0595360000928243
15,12,4,128,128,all_gather,1835008,0.056993067264556885,0.05638399918874105,0.057554133733113605
15,12,4,128,128,all_to_all,1835008,0.06670719782511393,0.06518293221791585,0.06772480010986329
15,12,4,128,128,rs_ag_pair,1835008,0.11920426686604818,0.11819413503011068,0.26706132888793943
15,12,4,1024,1024,all_reduce,14680064,0.06450560092926025,0.06308693488438924,0.06477546691894531
15,12,4,1024,1024,reduce_scatter,14680064,0.06001813411712646,0.05794026851654053,0.060117332140604655
15,12,4,1024,1024,all_gather,14680064,0.05911360184351603,0.05868373314539591,0.059359999497731526
15,12,4,1024,1024,all_to_all,14680064,0.06641066471735636,0.06424853404362997,0.06659520069758097
15,12,4,1024,1024,rs_ag_pair,14680064,0.12018559773763021,0.11969280242919922,0.12144746780395507
15,12,4,8192,8192,all_reduce,117440512,0.30829013188680016,0.30792105992635094,0.38609174092610676
15,12,4,8192,8192,reduce_scatter,117440512,0.18059412638346353,0.17931733131408692,0.1807370662689209
15,12,4,8192,8192,all_gather,117440512,0.1760149319966634,0.1752895991007487,0.17663572629292806
15,12,4,8192,8192,all_to_all,117440512,0.19895572662353517,0.19893333117167156,0.1996448040008545
15,12,4,8192,8192,rs_ag_pair,117440512,0.35807679494222006,0.3577034632364909,0.35987946192423503
15,12,4,16384,16384,all_reduce,234881024,0.5944341023763021,0.593128522237142,0.5944576263427734
15,12,4,16384,16384,reduce_scatter,234881024,0.3403733253479004,0.3401557286580404,0.34110933939615884
15,12,4,16384,16384,all_gather,234881024,0.3300906817118327,0.33002986907958987,0.3302709261576335
15,12,4,16384,16384,all_to_all,234881024,0.36802879969278973,0.3677173296610514,0.3685749371846517
15,12,4,16384,16384,rs_ag_pair,234881024,0.6724202473958333,0.671829350789388,0.7113279978434245
15,8,8,1,8,all_reduce,114688,0.10021759668986002,0.09792746702829996,0.10345813433329264
15,8,8,1,8,reduce_scatter,114688,0.08015999794006348,0.07927467028299967,0.08090240160624186
15,8,8,1,8,all_gather,114688,0.05179093281428019,0.05102826754252116,0.15544533729553223
15,8,8,1,8,all_to_all,114688,0.09547839959462484,0.06970026493072509,0.09695786635080973
15,8,8,1,8,rs_ag_pair,114688,0.1196671962738037,0.11421120166778564,0.129911470413208
15,8,8,8,8,all_reduce,114688,0.06523626645406087,0.06364906628926595,0.06577173471450806
15,8,8,8,8,reduce_scatter,114688,0.0598090648651123,0.05960959990819295,0.05988266468048096
15,8,8,8,8,all_gather,114688,0.0574837327003479,0.05709973176320394,0.05820373296737671
15,8,8,8,8,all_to_all,114688,0.06625386476516723,0.06571413278579712,0.13090453147888184
15,8,8,8,8,rs_ag_pair,114688,0.10751573244730632,0.10683519840240478,0.11098879973093669
15,8,8,128,128,all_reduce,1835008,0.0706496000289917,0.06920426686604818,0.07139306863149007
15,8,8,128,128,reduce_scatter,1835008,0.06478399833043416,0.06396799882253011,0.06549226840337118
15,8,8,128,128,all_gather,1835008,0.06263039906819662,0.0581279993057251,0.06304746468861898
15,8,8,128,128,all_to_all,1835008,0.07441706657409668,0.07183146476745605,0.07453866799672444
15,8,8,128,128,rs_ag_pair,1835008,0.14005653063456217,0.13853866259257,0.14052480061848957
15,8,8,1024,1024,all_reduce,14680064,0.09371626377105713,0.09312853018442789,0.09394026597340902
15,8,8,1024,1024,reduce_scatter,14680064,0.06501333316167196,0.060855468114217125,0.07435306708017984
15,8,8,1024,1024,all_gather,14680064,0.0599178671836853,0.05973120133082072,0.06054399808247884
15,8,8,1024,1024,all_to_all,14680064,0.07819626331329346,0.07606933116912842,0.0783018668492635
15,8,8,1024,1024,rs_ag_pair,14680064,0.1407903989156087,0.1325013319651286,0.14084693590799968
15,8,8,8192,8192,all_reduce,117440512,0.3622399965922038,0.3619946797688802,0.610969607035319
15,8,8,8192,8192,reduce_scatter,117440512,0.18967466354370116,0.1895626703898112,0.19005759557088217
15,8,8,8192,8192,all_gather,117440512,0.1923199971516927,0.19175999959309895,0.19280319213867186
15,8,8,8192,8192,all_to_all,117440512,0.20876906712849935,0.2087242603302002,0.20944852828979493
15,8,8,8192,8192,rs_ag_pair,117440512,0.3839434623718262,0.38372586568196615,0.46910934448242186
15,8,8,16384,16384,all_reduce,234881024,0.635595703125,0.6352266947428385,0.6363733291625977
15,8,8,16384,16384,reduce_scatter,234881024,0.35346240997314454,0.352344544728597,0.36262613932291665
15,8,8,16384,16384,all_gather,234881024,0.3544245402018229,0.3540874799092611,0.3551466623942057
15,8,8,16384,16384,all_to_all,234881024,0.3780768076578776,0.3778154691060384,0.38857173919677734
15,8,8,16384,16384,rs_ag_pair,234881024,0.7099541346232097,0.7070496241251628,0.7108885447184244
15,0,16,1,16,all_reduce,229376,0.08185493151346843,0.05933013359705607,0.09816213448842366
15,0,16,1,16,reduce_scatter,229376,0.0836575984954834,0.07005333105723063,0.08542293707529704
15,0,16,1,16,all_gather,229376,0.06620479822158813,0.06455466747283936,0.07244906425476075
15,0,16,1,16,all_to_all,229376,0.09484480222066244,0.09288533528645833,0.09960853258768718
15,0,16,1,16,rs_ag_pair,229376,0.1334335962931315,0.1313653310139974,0.13530346552530925
15,0,16,8,16,all_reduce,229376,0.06931733290354411,0.06806933085123698,0.07096959749857584
15,0,16,8,16,reduce_scatter,229376,0.06416000127792358,0.06408426761627198,0.06899200280507406
15,0,16,8,16,all_gather,229376,0.06704746882120768,0.06280959844589233,0.07980586687723795
15,0,16,8,16,all_to_all,229376,0.09582933584849039,0.08910293579101562,0.09633493423461914
15,0,16,8,16,rs_ag_pair,229376,0.13052586714426676,0.1296511967976888,0.1370730717976888
15,0,16,128,128,all_reduce,1835008,0.3343253453572591,0.07305599848429362,0.42626132965087893
15,0,16,128,128,reduce_scatter,1835008,0.06269546747207641,0.06105813185373942,0.06665493249893188
15,0,16,128,128,all_gather,1835008,0.06899519761403401,0.06087040106455485,0.08528213500976563
15,0,16,128,128,all_to_all,1835008,0.0842688004175822,0.08369386990865071,0.08602133591969809
15,0,16,128,128,rs_ag_pair,1835008,0.12904000282287598,0.12863893508911134,0.13084373474121094
15,0,16,1024,1024,all_reduce,14680064,0.10564160346984863,0.10530880292256674,0.10581759611765544
15,0,16,1024,1024,reduce_scatter,14680064,0.06904746691385905,0.06736000378926595,0.07553813457489014
15,0,16,1024,1024,all_gather,14680064,0.07973972956339519,0.07960106531778971,0.23945172627766928
15,0,16,1024,1024,all_to_all,14680064,0.3306730588277181,0.09437546730041504,0.3349045435587565
15,0,16,1024,1024,rs_ag_pair,14680064,0.1501973311106364,0.1495541254679362,0.15077652931213378
15,0,16,8192,8192,all_reduce,117440512,0.41350294748942057,0.4120170593261719,0.4137802759806315
15,0,16,8192,8192,reduce_scatter,117440512,0.3164778709411621,0.31476160685221355,0.3459583918253581
15,0,16,8192,8192,all_gather,117440512,0.2083807945251465,0.2075775941212972,0.20952213605244954
15,0,16,8192,8192,all_to_all,117440512,0.21433706283569337,0.2142837365468343,0.21452266375223797
15,0,16,8192,8192,rs_ag_pair,117440512,0.4716224034627279,0.4705354690551758,0.6035776138305664
15,0,16,16384,16384,all_reduce,234881024,0.6988224029541016,0.6975093205769857,0.6996746699015299
15,0,16,16384,16384,reduce_scatter,234881024,0.36458988189697267,0.36430613199869794,0.3652576128641764
15,0,16,16384,16384,all_gather,234881024,0.36957759857177735,0.3693418820699056,0.3697120030721029
15,0,16,16384,16384,all_to_all,234881024,0.38561280568440753,0.3847882588704427,0.4083157221476237
15,0,16,16384,16384,rs_ag_pair,234881024,0.7347573598225912,0.7341589609781901,0.7976725260416667
