rank,tp,cp,dp,queries,cached_tokens,local_attention_ms,attention_with_merge_ms,correctness_max_abs,expanded_kv_bytes,local_attention_flops
0,16,1,1,1,32768,0.34806079864501954,0.34758079051971436,0.0019712448120117188,125829120,125829120
0,16,1,1,128,32768,0.34701440334320066,0.3473151922225952,0.0019712448120117188,125829120,16106127360
0,16,1,1,1024,32768,0.46731200218200686,0.46737279891967776,0.0019712448120117188,125829120,128849018880
0,16,1,1,8192,32768,0.9238656044006348,0.9211232185363769,0.0019712448120117188,125829120,1030792151040
0,16,1,1,1,131072,1.3546784400939942,1.3542655944824218,0.0019712448120117188,503316480,503316480
0,16,1,1,128,131072,1.3652223587036132,1.354368019104004,0.0019712448120117188,503316480,64424509440
0,16,1,1,1024,131072,1.8127616882324218,1.8125951766967774,0.0019712448120117188,503316480,515396075520
0,16,1,1,8192,131072,3.563670349121094,3.5788063049316405,0.0019712448120117188,503316480,4123168604160
0,16,1,1,1,1048576,10.721897888183594,10.721984100341796,0.0019712448120117188,4026531840,4026531840
0,16,1,1,128,1048576,10.72318115234375,10.721836853027344,0.0019712448120117188,4026531840,515396075520
0,16,1,1,1024,1048576,14.352978515625,14.351376342773438,0.0019712448120117188,4026531840,4123168604160
0,16,1,1,8192,1048576,28.26142272949219,28.353414916992186,0.0019712448120117188,4026531840,32985348833280
0,8,2,1,1,32768,0.18082239627838134,0.4389823913574219,0.0035523176193237305,125829120,125829120
0,8,2,1,128,32768,0.18139840364456178,0.45662717819213866,0.0035523176193237305,125829120,16106127360
0,8,2,1,1024,32768,0.24305920600891112,0.4581632137298584,0.0035523176193237305,125829120,128849018880
0,8,2,1,8192,32768,0.7089312076568604,1.0017215728759765,0.0035523176193237305,125829120,1030792151040
0,8,2,1,1,131072,0.689734411239624,0.7530720233917236,0.0035523176193237305,503316480,503316480
0,8,2,1,128,131072,0.6895328044891358,0.7643360137939453,0.0035523176193237305,503316480,64424509440
0,8,2,1,1024,131072,0.9183008193969726,1.0395551681518556,0.0035523176193237305,503316480,515396075520
0,8,2,1,8192,131072,2.7197376251220704,3.096118354797363,0.0035523176193237305,503316480,4123168604160
0,8,2,1,1,1048576,5.404470443725586,5.489862442016602,0.0035523176193237305,4026531840,4026531840
0,8,2,1,128,1048576,5.402892684936523,5.500960159301758,0.0035523176193237305,4026531840,515396075520
0,8,2,1,1024,1048576,7.230268859863282,7.35052490234375,0.0035523176193237305,4026531840,4123168604160
0,8,2,1,8192,1048576,23.640281677246094,23.90101776123047,0.0035523176193237305,4026531840,32985348833280
0,4,4,1,1,32768,0.10138560533523559,0.7270592212677002,0.001576155424118042,125829120,125829120
0,4,4,1,128,32768,0.10064959526062012,0.7113855838775635,0.001576155424118042,125829120,16106127360
0,4,4,1,1024,32768,0.13429440259933473,0.6190432071685791,0.001576155424118042,125829120,128849018880
0,4,4,1,8192,32768,0.7014848232269287,1.2781056404113769,0.001576155424118042,125829120,1030792151040
0,4,4,1,1,131072,0.3561919927597046,0.4947487831115723,0.001576155424118042,503316480,503316480
0,4,4,1,128,131072,0.3566240072250366,0.7200448036193847,0.001576155424118042,503316480,64424509440
0,4,4,1,1024,131072,0.48157439231872556,0.7227071762084961,0.001576155424118042,503316480,515396075520
0,4,4,1,8192,131072,2.7434623718261717,3.5089630126953124,0.001576155424118042,503316480,4123168604160
0,4,4,1,1,1048576,2.7340768814086913,2.818780708312988,0.001576155424118042,4026531840,4026531840
0,4,4,1,128,1048576,2.735699272155762,2.8413888931274416,0.001576155424118042,4026531840,515396075520
0,4,4,1,1024,1048576,3.721628952026367,3.9170623779296876,0.001576155424118042,4026531840,4123168604160
0,4,4,1,8192,1048576,23.662016296386717,25.8235107421875,0.001576155424118042,4026531840,32985348833280
0,2,8,1,1,32768,0.08057600259780884,0.6548960208892822,0.0008339136838912964,125829120,125829120
0,2,8,1,128,32768,0.08204799890518188,0.7115520000457763,0.0008339136838912964,125829120,16106127360
0,2,8,1,1024,32768,0.16451200246810913,0.6978752136230468,0.0008339136838912964,125829120,128849018880
0,2,8,1,8192,32768,0.6564000129699707,1.8039392471313476,0.0008339136838912964,125829120,1030792151040
0,2,8,1,1,131072,0.18883199691772462,0.5047967910766602,0.0008339136838912964,503316480,503316480
0,2,8,1,128,131072,0.1906623959541321,0.724886417388916,0.0008339136838912964,503316480,64424509440
0,2,8,1,1024,131072,0.5096415996551513,0.7909247875213623,0.0008339136838912964,503316480,515396075520
0,2,8,1,8192,131072,2.561369514465332,3.961318588256836,0.0008339136838912964,503316480,4123168604160
0,2,8,1,1,1048576,1.4125791549682618,1.5184991836547852,0.0008339136838912964,4026531840,4026531840
0,2,8,1,128,1048576,1.4026911735534668,1.5610367774963378,0.0008339136838912964,4026531840,515396075520
0,2,8,1,1024,1048576,3.8506240844726562,4.13741455078125,0.0008339136838912964,4026531840,4123168604160
0,2,8,1,8192,1048576,22.804972839355468,25.23780517578125,0.0008339136838912964,4026531840,32985348833280
0,1,16,1,1,32768,0.08130559921264649,0.6805471897125244,0.0008585304021835327,125829120,125829120
0,1,16,1,128,32768,0.0800383985042572,0.717299222946167,0.0008585304021835327,125829120,16106127360
0,1,16,1,1024,32768,0.12077759504318238,0.6461056232452392,0.0008585304021835327,125829120,128849018880
0,1,16,1,8192,32768,0.699564790725708,2.9346431732177733,0.0008585304021835327,125829120,1030792151040
0,1,16,1,1,131072,0.10798079967498779,0.6040639877319336,0.0008585304021835327,503316480,503316480
0,1,16,1,128,131072,0.10948480367660522,0.7172544002532959,0.0008585304021835327,503316480,64424509440
0,1,16,1,1024,131072,0.39429121017456054,0.8627552032470703,0.0008585304021835327,503316480,515396075520
0,1,16,1,8192,131072,2.467462348937988,5.229638290405274,0.0008585304021835327,503316480,4123168604160
0,1,16,1,1,1048576,0.7701663970947266,0.9232255935668945,0.0008585304021835327,4026531840,4026531840
0,1,16,1,128,1048576,0.7427008152008057,0.962275218963623,0.0008585304021835327,4026531840,515396075520
0,1,16,1,1024,1048576,2.950390434265137,3.698649597167969,0.0008585304021835327,4026531840,4123168604160
0,1,16,1,8192,1048576,22.449647521972658,26.529818725585937,0.0008585304021835327,4026531840,32985348833280
0,4,1,4,1,32768,0.4380959987640381,0.4375584125518799,0.002366364002227783,503316480,503316480
0,4,1,4,128,32768,0.42463998794555663,0.40227518081665037,0.002366364002227783,503316480,64424509440
0,4,1,4,1024,32768,0.4822239875793457,0.480620813369751,0.002366364002227783,503316480,515396075520
0,4,1,4,8192,32768,2.7580896377563477,2.8412256240844727,0.002366364002227783,503316480,4123168604160
0,4,1,4,1,131072,1.4805952072143556,1.3745311737060546,0.002366364002227783,2013265920,2013265920
0,4,1,4,128,131072,1.3775648117065429,1.3757696151733398,0.002366364002227783,2013265920,257698037760
0,4,1,4,1024,131072,1.864352035522461,1.8711519241333008,0.002366364002227783,2013265920,2061584302080
0,4,1,4,8192,131072,11.698783874511719,11.531561279296875,0.002366364002227783,2013265920,16492674416640
0,4,1,4,1,1048576,10.897740936279297,10.895916748046876,0.002366364002227783,16106127360,16106127360
0,4,1,4,128,1048576,10.897462463378906,10.897510528564453,0.002366364002227783,16106127360,2061584302080
0,4,1,4,1024,1048576,14.931996154785157,14.985906982421875,0.002366364002227783,16106127360,16492674416640
0,4,1,4,8192,1048576,99.21593627929687,97.9947998046875,0.002366364002227783,16106127360,131941395333120
0,8,1,2,1,32768,0.3524640083312988,0.3523040056228638,0.0019608736038208008,251658240,251658240
0,8,1,2,128,32768,0.3527071952819824,0.35326399803161623,0.0019608736038208008,251658240,32212254720
0,8,1,2,1024,32768,0.46919999122619627,0.46888318061828616,0.0019608736038208008,251658240,257698037760
0,8,1,2,8192,32768,1.380300807952881,1.388377571105957,0.0019608736038208008,251658240,2061584302080
0,8,1,2,1,131072,1.3612607955932616,1.3618240356445312,0.0019608736038208008,1006632960,1006632960
0,8,1,2,128,131072,1.3623071670532227,1.362825584411621,0.0019608736038208008,1006632960,128849018880
0,8,1,2,1024,131072,1.82073917388916,1.818841552734375,0.0019608736038208008,1006632960,1030792151040
0,8,1,2,8192,131072,5.646284866333008,5.793548965454102,0.0019608736038208008,1006632960,8246337208320
0,8,1,2,1,1048576,10.795008087158203,10.796656036376953,0.0019608736038208008,8053063680,8053063680
0,8,1,2,128,1048576,10.794300842285157,10.79439697265625,0.0019608736038208008,8053063680,1030792151040
0,8,1,2,1024,1048576,14.446726989746093,14.441389465332032,0.0019608736038208008,8053063680,8246337208320
0,8,1,2,8192,1048576,47.692138671875,49.20201416015625,0.0019608736038208008,8053063680,65970697666560
0,4,2,2,1,32768,0.18662400245666505,0.424345588684082,0.003609955310821533,251658240,251658240
0,4,2,2,128,32768,0.18659839630126954,0.4353759765625,0.003609955310821533,251658240,32212254720
0,4,2,2,1024,32768,0.2511359930038452,0.4331967830657959,0.003609955310821533,251658240,257698037760
0,4,2,2,8192,32768,1.380793571472168,1.9091840744018556,0.003609955310821533,251658240,2061584302080
0,4,2,2,1,131072,0.6980031967163086,0.7699520111083984,0.003609955310821533,1006632960,1006632960
0,4,2,2,128,131072,0.6977727890014649,0.7874688148498535,0.003609955310821533,1006632960,128849018880
0,4,2,2,1024,131072,0.9422016143798828,1.081158447265625,0.003609955310821533,1006632960,1030792151040
0,4,2,2,8192,131072,5.671823883056641,6.427232360839843,0.003609955310821533,1006632960,8246337208320
0,4,2,2,1,1048576,5.4590911865234375,5.541212844848633,0.003609955310821533,8053063680,8053063680
0,4,2,2,128,1048576,5.458550262451172,5.554028701782227,0.003609955310821533,8053063680,1030792151040
0,4,2,2,1024,1048576,7.437168121337891,7.65893783569336,0.003609955310821533,8053063680,8246337208320
0,4,2,2,8192,1048576,49.058102416992185,49.441226196289065,0.003609955310821533,8053063680,65970697666560
0,2,4,2,1,32768,0.10273920297622681,0.6391263961791992,0.001435011625289917,251658240,251658240
0,2,4,2,128,32768,0.10418879985809326,0.6599423885345459,0.001435011625289917,251658240,32212254720
0,2,4,2,1024,32768,0.2661855936050415,0.6694399833679199,0.001435011625289917,251658240,257698037760
0,2,4,2,8192,32768,1.2640864372253418,2.383340835571289,0.001435011625289917,251658240,2061584302080
0,2,4,2,1,131072,0.3643455982208252,0.6353151798248291,0.001435011625289917,1006632960,1006632960
0,2,4,2,128,131072,0.36376960277557374,0.661737585067749,0.001435011625289917,1006632960,128849018880
0,2,4,2,1024,131072,0.9812095642089844,1.220259189605713,0.001435011625289917,1006632960,1030792151040
0,2,4,2,8192,131072,5.208931350708008,6.809974670410156,0.001435011625289917,1006632960,8246337208320
0,2,4,2,1,1048576,2.912908744812012,2.8803455352783205,0.001435011625289917,8053063680,8053063680
0,2,4,2,128,1048576,2.7902048110961912,2.9159040451049805,0.001435011625289917,8053063680,1030792151040
0,2,4,2,1024,1048576,7.748588562011719,8.033554840087891,0.001435011625289917,8053063680,8246337208320
0,2,4,2,8192,1048576,47.60679321289062,48.715277099609374,0.001435011625289917,8053063680,65970697666560
1,16,1,1,1,32768,0.3477567911148071,0.3477952003479004,0.0019208788871765137,125829120,125829120
1,16,1,1,128,32768,0.3480959892272949,0.34710400104522704,0.0019208788871765137,125829120,16106127360
1,16,1,1,1024,32768,0.46875839233398436,0.46763200759887696,0.0019208788871765137,125829120,128849018880
1,16,1,1,8192,32768,0.9148927688598633,0.9121696472167968,0.0019208788871765137,125829120,1030792151040
1,16,1,1,1,131072,1.3593503952026367,1.3600543975830077,0.0019208788871765137,503316480,503316480
1,16,1,1,128,131072,1.3602656364440917,1.3604415893554687,0.0019208788871765137,503316480,64424509440
1,16,1,1,1024,131072,1.8199743270874023,1.8188352584838867,0.0019208788871765137,503316480,515396075520
1,16,1,1,8192,131072,3.535059356689453,3.5314273834228516,0.0019208788871765137,503316480,4123168604160
1,16,1,1,1,1048576,10.765030670166016,10.76302719116211,0.0019208788871765137,4026531840,4026531840
1,16,1,1,128,1048576,10.768396759033203,10.76727066040039,0.0019208788871765137,4026531840,515396075520
1,16,1,1,1024,1048576,14.414569091796874,14.419148254394532,0.0019208788871765137,4026531840,4123168604160
1,16,1,1,8192,1048576,28.318118286132812,28.385800170898438,0.0019208788871765137,4026531840,32985348833280
1,8,2,1,1,32768,0.1843999981880188,0.4364287853240967,0.0035523176193237305,125829120,125829120
1,8,2,1,128,32768,0.18505280017852782,0.4548031806945801,0.0035523176193237305,125829120,16106127360
1,8,2,1,1024,32768,0.2436000108718872,0.45807681083679197,0.0035523176193237305,125829120,128849018880
1,8,2,1,8192,32768,0.6992288112640381,1.0017760276794434,0.0035523176193237305,125829120,1030792151040
1,8,2,1,1,131072,0.6931807994842529,0.7532032012939454,0.0035523176193237305,503316480,503316480
1,8,2,1,128,131072,0.6924992084503174,0.7642176151275635,0.0035523176193237305,503316480,64424509440
1,8,2,1,1024,131072,0.9200351715087891,1.0398783683776855,0.0035523176193237305,503316480,515396075520
1,8,2,1,8192,131072,2.6785184860229494,3.0959775924682615,0.0035523176193237305,503316480,4123168604160
1,8,2,1,1,1048576,5.422051239013672,5.490211105346679,0.0035523176193237305,4026531840,4026531840
1,8,2,1,128,1048576,5.429331207275391,5.501004791259765,0.0035523176193237305,4026531840,515396075520
1,8,2,1,1024,1048576,7.231606292724609,7.351200103759766,0.0035523176193237305,4026531840,4123168604160
1,8,2,1,8192,1048576,23.18154296875,23.901171875,0.0035523176193237305,4026531840,32985348833280
1,4,4,1,1,32768,0.10060800313949585,0.727235221862793,0.001576155424118042,125829120,125829120
1,4,4,1,128,32768,0.10093120336532593,0.7116191864013672,0.001576155424118042,125829120,16106127360
1,4,4,1,1024,32768,0.13500800132751464,0.6188543796539306,0.001576155424118042,125829120,128849018880
1,4,4,1,8192,32768,0.6903744220733643,1.2782303810119628,0.001576155424118042,125829120,1030792151040
1,4,4,1,1,131072,0.35690879821777344,0.49497280120849607,0.001576155424118042,503316480,503316480
1,4,4,1,128,131072,0.358351993560791,0.7204800128936768,0.001576155424118042,503316480,64424509440
1,4,4,1,1024,131072,0.48258237838745116,0.723145580291748,0.001576155424118042,503316480,515396075520
1,4,4,1,8192,131072,2.7235391616821287,3.5077919006347655,0.001576155424118042,503316480,4123168604160
1,4,4,1,1,1048576,2.793779182434082,2.8188383102416994,0.001576155424118042,4026531840,4026531840
1,4,4,1,128,1048576,2.7441152572631835,2.8417247772216796,0.001576155424118042,4026531840,515396075520
1,4,4,1,1024,1048576,3.7343006134033203,3.917593765258789,0.001576155424118042,4026531840,4123168604160
1,4,4,1,8192,1048576,23.694175720214844,25.823040771484376,0.001576155424118042,4026531840,32985348833280
1,2,8,1,1,32768,0.07864959836006165,0.6549407958984375,0.0008339136838912964,125829120,125829120
1,2,8,1,128,32768,0.0804319977760315,0.7117184162139892,0.0008339136838912964,125829120,16106127360
1,2,8,1,1024,32768,0.14172159433364867,0.6978464126586914,0.0008339136838912964,125829120,128849018880
1,2,8,1,8192,32768,0.6528192043304444,1.8043167114257812,0.0008339136838912964,125829120,1030792151040
1,2,8,1,1,131072,0.1900480031967163,0.5049407958984375,0.0008339136838912964,503316480,503316480
1,2,8,1,128,131072,0.19056960344314575,0.725164794921875,0.0008339136838912964,503316480,64424509440
1,2,8,1,1024,131072,0.5028160095214844,0.7912831783294678,0.0008339136838912964,503316480,515396075520
1,2,8,1,8192,131072,2.5395904541015626,3.960076904296875,0.0008339136838912964,503316480,4123168604160
1,2,8,1,1,1048576,1.457737636566162,1.5186880111694336,0.0008339136838912964,4026531840,4026531840
1,2,8,1,128,1048576,1.407801628112793,1.5613087654113769,0.0008339136838912964,4026531840,515396075520
1,2,8,1,1024,1048576,3.8333599090576174,4.137295913696289,0.0008339136838912964,4026531840,4123168604160
1,2,8,1,8192,1048576,22.540138244628906,25.23819580078125,0.0008339136838912964,4026531840,32985348833280
1,1,16,1,1,32768,0.077702397108078,0.6810431957244873,0.0008585304021835327,125829120,125829120
1,1,16,1,128,32768,0.0755295991897583,0.7178143978118896,0.0008585304021835327,125829120,16106127360
1,1,16,1,1024,32768,0.11944639682769775,0.646124792098999,0.0008585304021835327,125829120,128849018880
1,1,16,1,8192,32768,0.6920639991760253,2.9356639862060545,0.0008585304021835327,125829120,1030792151040
1,1,16,1,1,131072,0.10813440084457397,0.60415678024292,0.0008585304021835327,503316480,503316480
1,1,16,1,128,131072,0.10914239883422852,0.7174880027770996,0.0008585304021835327,503316480,64424509440
1,1,16,1,1024,131072,0.38990719318389894,0.8625823974609375,0.0008585304021835327,503316480,515396075520
1,1,16,1,8192,131072,2.439660835266113,5.2291614532470705,0.0008585304021835327,503316480,4123168604160
1,1,16,1,1,1048576,0.7497727870941162,0.9231936454772949,0.0008585304021835327,4026531840,4026531840
1,1,16,1,128,1048576,0.7451104164123535,0.9625760078430176,0.0008585304021835327,4026531840,515396075520
1,1,16,1,1024,1048576,2.9270816802978517,3.6982017517089845,0.0008585304021835327,4026531840,4123168604160
1,1,16,1,8192,1048576,22.27747497558594,26.53070068359375,0.0008585304021835327,4026531840,32985348833280
1,4,1,4,1,32768,0.4037504196166992,0.3936800003051758,0.003408074378967285,503316480,503316480
1,4,1,4,128,32768,0.40319361686706545,0.4039487838745117,0.003408074378967285,503316480,64424509440
1,4,1,4,1024,32768,0.5202879905700684,0.48253440856933594,0.003408074378967285,503316480,515396075520
1,4,1,4,8192,32768,2.7241439819335938,2.8790016174316406,0.003408074378967285,503316480,4123168604160
1,4,1,4,1,131072,1.55863037109375,1.3833791732788085,0.003408074378967285,2013265920,2013265920
1,4,1,4,128,131072,1.3823264122009278,1.3820927619934082,0.003408074378967285,2013265920,257698037760
1,4,1,4,1024,131072,1.8689279556274414,1.8812736511230468,0.003408074378967285,2013265920,2061584302080
1,4,1,4,8192,131072,11.706578826904297,11.642009735107422,0.003408074378967285,2013265920,16492674416640
1,4,1,4,1,1048576,10.944547271728515,10.934121704101562,0.003408074378967285,16106127360,16106127360
1,4,1,4,128,1048576,10.931721496582032,10.93196792602539,0.003408074378967285,16106127360,2061584302080
1,4,1,4,1024,1048576,14.985757446289062,15.016908264160156,0.003408074378967285,16106127360,16492674416640
1,4,1,4,8192,1048576,98.24356079101562,98.26074829101563,0.003408074378967285,16106127360,131941395333120
1,8,1,2,1,32768,0.3540544033050537,0.35406720638275146,0.002366364002227783,251658240,251658240
1,8,1,2,128,32768,0.3546175956726074,0.3549247980117798,0.002366364002227783,251658240,32212254720
1,8,1,2,1024,32768,0.46936640739440916,0.4692671775817871,0.002366364002227783,251658240,257698037760
1,8,1,2,8192,32768,1.3622912406921386,1.3653696060180665,0.002366364002227783,251658240,2061584302080
1,8,1,2,1,131072,1.374988842010498,1.4526975631713868,0.002366364002227783,1006632960,1006632960
1,8,1,2,128,131072,1.371180820465088,1.3707072257995605,0.002366364002227783,1006632960,128849018880
1,8,1,2,1024,131072,1.8212287902832032,1.8202720642089845,0.002366364002227783,1006632960,1030792151040
1,8,1,2,8192,131072,5.51607666015625,5.64898567199707,0.002366364002227783,1006632960,8246337208320
1,8,1,2,1,1048576,10.85374755859375,10.856671905517578,0.002366364002227783,8053063680,8053063680
1,8,1,2,128,1048576,10.842150115966797,10.843682861328125,0.002366364002227783,8053063680,1030792151040
1,8,1,2,1024,1048576,14.4571044921875,14.454518127441407,0.002366364002227783,8053063680,8246337208320
1,8,1,2,8192,1048576,46.76307373046875,47.094488525390624,0.002366364002227783,8053063680,65970697666560
1,4,2,2,1,32768,0.18652479648590087,0.4202112197875977,0.003609955310821533,251658240,251658240
1,4,2,2,128,32768,0.18632960319519043,0.43374080657958985,0.003609955310821533,251658240,32212254720
1,4,2,2,1024,32768,0.2506112098693848,0.4328639984130859,0.003609955310821533,251658240,257698037760
1,4,2,2,8192,32768,1.369644832611084,1.9093984603881835,0.003609955310821533,251658240,2061584302080
1,4,2,2,1,131072,0.7149055957794189,0.7670495986938477,0.003609955310821533,1006632960,1006632960
1,4,2,2,128,131072,0.7119904041290284,0.7878943920135498,0.003609955310821533,1006632960,128849018880
1,4,2,2,1024,131072,0.9436927795410156,1.081385612487793,0.003609955310821533,1006632960,1030792151040
1,4,2,2,8192,131072,5.648096084594727,6.424416351318359,0.003609955310821533,1006632960,8246337208320
1,4,2,2,1,1048576,5.4779102325439455,5.541331100463867,0.003609955310821533,8053063680,8053063680
1,4,2,2,128,1048576,5.480886459350586,5.554089736938477,0.003609955310821533,8053063680,1030792151040
1,4,2,2,1024,1048576,7.460157012939453,7.659024047851562,0.003609955310821533,8053063680,8246337208320
1,4,2,2,8192,1048576,49.38052978515625,49.4455078125,0.003609955310821533,8053063680,65970697666560
1,2,4,2,1,32768,0.10304960012435913,0.6393248081207276,0.001435011625289917,251658240,251658240
1,2,4,2,128,32768,0.10382399559020997,0.6599584102630616,0.001435011625289917,251658240,32212254720
1,2,4,2,1024,32768,0.2617759943008423,0.6697023868560791,0.001435011625289917,251658240,257698037760
1,2,4,2,8192,32768,1.24432315826416,2.38287353515625,0.001435011625289917,251658240,2061584302080
1,2,4,2,1,131072,0.37086079120635984,0.6355040073394775,0.001435011625289917,1006632960,1006632960
1,2,4,2,128,131072,0.37412800788879397,0.6617184162139893,0.001435011625289917,1006632960,128849018880
1,2,4,2,1024,131072,0.9813376426696777,1.2204319953918457,0.001435011625289917,1006632960,1030792151040
1,2,4,2,8192,131072,5.3669696807861325,6.806508636474609,0.001435011625289917,1006632960,8246337208320
1,2,4,2,1,1048576,2.786835289001465,2.8804447174072267,0.001435011625289917,8053063680,8053063680
1,2,4,2,128,1048576,2.7987552642822267,2.916265678405762,0.001435011625289917,8053063680,1030792151040
1,2,4,2,1024,1048576,7.66937255859375,8.034130859375,0.001435011625289917,8053063680,8246337208320
1,2,4,2,8192,1048576,47.01203918457031,48.72090454101563,0.001435011625289917,8053063680,65970697666560
2,16,1,1,1,32768,0.35002880096435546,0.3489504098892212,0.0021422505378723145,125829120,125829120
2,16,1,1,128,32768,0.3486079931259155,0.3492192029953003,0.0021422505378723145,125829120,16106127360
2,16,1,1,1024,32768,0.471449613571167,0.4690847873687744,0.0021422505378723145,125829120,128849018880
2,16,1,1,8192,32768,0.9148384094238281,0.914252758026123,0.0021422505378723145,125829120,1030792151040
2,16,1,1,1,131072,1.3635552406311036,1.3653311729431152,0.0021422505378723145,503316480,503316480
2,16,1,1,128,131072,1.357801628112793,1.3580191612243653,0.0021422505378723145,503316480,64424509440
2,16,1,1,1024,131072,1.8164480209350586,1.816204833984375,0.0021422505378723145,503316480,515396075520
2,16,1,1,8192,131072,3.529510498046875,3.5128223419189455,0.0021422505378723145,503316480,4123168604160
2,16,1,1,1,1048576,10.732816314697265,10.728278350830077,0.0021422505378723145,4026531840,4026531840
2,16,1,1,128,1048576,10.726396942138672,10.726870727539062,0.0021422505378723145,4026531840,515396075520
2,16,1,1,1024,1048576,14.348377990722657,14.350096130371094,0.0021422505378723145,4026531840,4123168604160
2,16,1,1,8192,1048576,28.343228149414063,28.714544677734374,0.0021422505378723145,4026531840,32985348833280
2,8,2,1,1,32768,0.1849503993988037,0.7533440113067627,0.002017885446548462,125829120,125829120
2,8,2,1,128,32768,0.18503999710083008,0.680620813369751,0.002017885446548462,125829120,16106127360
2,8,2,1,1024,32768,0.24977920055389405,0.6727551937103271,0.002017885446548462,125829120,128849018880
2,8,2,1,8192,32768,0.7089632034301758,1.0043328285217286,0.002017885446548462,125829120,1030792151040
2,8,2,1,1,131072,0.693452787399292,0.7562655925750732,0.002017885446548462,503316480,503316480
2,8,2,1,128,131072,0.6938623905181884,0.8984543800354003,0.002017885446548462,503316480,64424509440
2,8,2,1,1024,131072,0.9247167587280274,1.0451519966125489,0.002017885446548462,503316480,515396075520
2,8,2,1,8192,131072,2.7183231353759765,3.173971176147461,0.002017885446548462,503316480,4123168604160
2,8,2,1,1,1048576,5.431488037109375,5.470723342895508,0.002017885446548462,4026531840,4026531840
2,8,2,1,128,1048576,5.412070465087891,5.479312133789063,0.002017885446548462,4026531840,515396075520
2,8,2,1,1024,1048576,7.239814758300781,7.373222351074219,0.002017885446548462,4026531840,4123168604160
2,8,2,1,8192,1048576,23.898098754882813,25.20491180419922,0.002017885446548462,4026531840,32985348833280
2,4,4,1,1,32768,0.10124479532241822,0.7202239990234375,0.001576155424118042,125829120,125829120
2,4,4,1,128,32768,0.12799359560012818,0.7110400199890137,0.001576155424118042,125829120,16106127360
2,4,4,1,1024,32768,0.13996479511260987,0.6224095821380615,0.001576155424118042,125829120,128849018880
2,4,4,1,8192,32768,0.6930367946624756,1.2782400131225586,0.001576155424118042,125829120,1030792151040
2,4,4,1,1,131072,0.3569279909133911,0.49547200202941893,0.001576155424118042,503316480,503316480
2,4,4,1,128,131072,0.36527678966522215,0.7213888168334961,0.001576155424118042,503316480,64424509440
2,4,4,1,1024,131072,0.4869247913360596,0.7210303783416748,0.001576155424118042,503316480,515396075520
2,4,4,1,8192,131072,2.729747200012207,3.5040447235107424,0.001576155424118042,503316480,4123168604160
2,4,4,1,1,1048576,2.810963249206543,2.818383979797363,0.001576155424118042,4026531840,4026531840
2,4,4,1,128,1048576,2.7465631484985353,2.8399072647094727,0.001576155424118042,4026531840,515396075520
2,4,4,1,1024,1048576,3.7193695068359376,3.916748809814453,0.001576155424118042,4026531840,4123168604160
2,4,4,1,8192,1048576,23.957798767089844,25.823410034179688,0.001576155424118042,4026531840,32985348833280
2,2,8,1,1,32768,0.08949440121650695,0.6548255920410156,0.0008339136838912964,125829120,125829120
2,2,8,1,128,32768,0.12045120000839234,0.7101024150848388,0.0008339136838912964,125829120,16106127360
2,2,8,1,1024,32768,0.15026559829711914,0.6958879947662353,0.0008339136838912964,125829120,128849018880
2,2,8,1,8192,32768,0.6516960144042969,1.803446388244629,0.0008339136838912964,125829120,1030792151040
2,2,8,1,1,131072,0.19079359769821166,0.5054240226745605,0.0008339136838912964,503316480,503316480
2,2,8,1,128,131072,0.19127039909362792,0.7356832027435303,0.0008339136838912964,503316480,64424509440
2,2,8,1,1024,131072,0.5101503849029541,0.7906879901885986,0.0008339136838912964,503316480,515396075520
2,2,8,1,8192,131072,2.522307205200195,3.9589183807373045,0.0008339136838912964,503316480,4123168604160
2,2,8,1,1,1048576,1.4190719604492188,1.5165151596069335,0.0008339136838912964,4026531840,4026531840
2,2,8,1,128,1048576,1.4113696098327637,1.5589535713195801,0.0008339136838912964,4026531840,515396075520
2,2,8,1,1024,1048576,3.843241500854492,4.135651016235352,0.0008339136838912964,4026531840,4123168604160
2,2,8,1,8192,1048576,23.00824890136719,25.238972473144532,0.0008339136838912964,4026531840,32985348833280
2,1,16,1,1,32768,0.08351359963417053,0.6804959774017334,0.0008585304021835327,125829120,125829120
2,1,16,1,128,32768,0.15845760107040405,0.7188831806182862,0.0008585304021835327,125829120,16106127360
2,1,16,1,1024,32768,0.12880320549011232,0.6459360122680664,0.0008585304021835327,125829120,128849018880
2,1,16,1,8192,32768,0.6972959995269775,2.9353376388549806,0.0008585304021835327,125829120,1030792151040
2,1,16,1,1,131072,0.10909440517425537,0.6039519786834717,0.0008585304021835327,503316480,503316480
2,1,16,1,128,131072,0.1244096040725708,0.711023998260498,0.0008585304021835327,503316480,64424509440
2,1,16,1,1024,131072,0.39607360363006594,0.8621184349060058,0.0008585304021835327,503316480,515396075520
2,1,16,1,8192,131072,2.4412736892700195,5.2267711639404295,0.0008585304021835327,503316480,4123168604160
2,1,16,1,1,1048576,0.7533120155334473,0.9206912040710449,0.0008585304021835327,4026531840,4026531840
2,1,16,1,128,1048576,0.752780818939209,0.9597887992858887,0.0008585304021835327,4026531840,515396075520
2,1,16,1,1024,1048576,2.9381120681762694,3.698223876953125,0.0008585304021835327,4026531840,4123168604160
2,1,16,1,8192,1048576,22.652969360351562,26.52454528808594,0.0008585304021835327,4026531840,32985348833280
2,4,1,4,1,32768,0.37427520751953125,0.3639679908752441,0.002623140811920166,503316480,503316480
2,4,1,4,128,32768,0.36370561122894285,0.3640352010726929,0.002623140811920166,503316480,64424509440
2,4,1,4,1024,32768,0.488262414932251,0.4891071796417236,0.002623140811920166,503316480,515396075520
2,4,1,4,8192,32768,2.7420543670654296,2.9072608947753906,0.002623140811920166,503316480,4123168604160
2,4,1,4,1,131072,1.5462944030761718,1.6482847213745118,0.002623140811920166,2013265920,2013265920
2,4,1,4,128,131072,1.3872608184814452,1.3885760307312012,0.002623140811920166,2013265920,257698037760
2,4,1,4,1024,131072,1.8748767852783204,1.8830432891845703,0.002623140811920166,2013265920,2061584302080
2,4,1,4,8192,131072,11.8378173828125,11.61005096435547,0.002623140811920166,2013265920,16492674416640
2,4,1,4,1,1048576,10.937737274169923,10.922684478759766,0.002623140811920166,16106127360,16106127360
2,4,1,4,128,1048576,10.918793487548829,10.92236785888672,0.002623140811920166,16106127360,2061584302080
2,4,1,4,1024,1048576,15.0297607421875,15.095567321777343,0.002623140811920166,16106127360,16492674416640
2,4,1,4,8192,1048576,98.905517578125,99.11326293945312,0.002623140811920166,16106127360,131941395333120
2,8,1,2,1,32768,0.3597536087036133,0.359606409072876,0.002129495143890381,251658240,251658240
2,8,1,2,128,32768,0.36006081104278564,0.36017279624938964,0.002129495143890381,251658240,32212254720
2,8,1,2,1024,32768,0.4764319896697998,0.47580480575561523,0.002129495143890381,251658240,257698037760
2,8,1,2,8192,32768,1.377734375,1.3884672164916991,0.002129495143890381,251658240,2061584302080
2,8,1,2,1,131072,1.40982084274292,1.3676480293273925,0.002129495143890381,1006632960,1006632960
2,8,1,2,128,131072,1.3698176383972167,1.3695008277893066,0.002129495143890381,1006632960,128849018880
2,8,1,2,1024,131072,1.8237503051757813,1.828505516052246,0.002129495143890381,1006632960,1030792151040
2,8,1,2,8192,131072,5.423238372802734,5.814521789550781,0.002129495143890381,1006632960,8246337208320
2,8,1,2,1,1048576,10.837657928466797,10.841782379150391,0.002129495143890381,8053063680,8053063680
2,8,1,2,128,1048576,10.814742279052734,10.801113891601563,0.002129495143890381,8053063680,1030792151040
2,8,1,2,1024,1048576,14.469046020507813,14.466227722167968,0.002129495143890381,8053063680,8246337208320
2,8,1,2,8192,1048576,48.65658264160156,48.68513488769531,0.002129495143890381,8053063680,65970697666560
2,4,2,2,1,32768,0.1911072015762329,0.6270143985748291,0.0020030438899993896,251658240,251658240
2,4,2,2,128,32768,0.19293760061264037,0.6562335968017579,0.0020030438899993896,251658240,32212254720
2,4,2,2,1024,32768,0.25547840595245364,0.511027193069458,0.0020030438899993896,251658240,257698037760
2,4,2,2,8192,32768,1.376467227935791,1.9131839752197266,0.0020030438899993896,251658240,2061584302080
2,4,2,2,1,131072,0.7159552097320556,0.7781568050384522,0.0020030438899993896,1006632960,1006632960
2,4,2,2,128,131072,0.7008416175842285,0.7799935817718506,0.0020030438899993896,1006632960,128849018880
2,4,2,2,1024,131072,0.947539234161377,1.0900383949279786,0.0020030438899993896,1006632960,1030792151040
2,4,2,2,8192,131072,5.512172698974609,6.371561431884766,0.0020030438899993896,1006632960,8246337208320
2,4,2,2,1,1048576,5.474777603149414,5.544851303100586,0.0020030438899993896,8053063680,8053063680
2,4,2,2,128,1048576,5.484963226318359,5.560732650756836,0.0020030438899993896,8053063680,1030792151040
2,4,2,2,1024,1048576,7.487996673583984,7.668940734863281,0.0020030438899993896,8053063680,8246337208320
2,4,2,2,8192,1048576,49.82667541503906,50.78269958496094,0.0020030438899993896,8053063680,65970697666560
2,2,4,2,1,32768,0.12042239904403687,0.6392640113830567,0.001435011625289917,251658240,251658240
2,2,4,2,128,32768,0.11588799953460693,0.6581888198852539,0.001435011625289917,251658240,32212254720
2,2,4,2,1024,32768,0.2656064033508301,0.6685823917388916,0.001435011625289917,251658240,257698037760
2,2,4,2,8192,32768,1.2513952255249023,2.381670379638672,0.001435011625289917,251658240,2061584302080
2,2,4,2,1,131072,0.36732800006866456,0.6342944145202637,0.001435011625289917,1006632960,1006632960
2,2,4,2,128,131072,0.3727360010147095,0.6582592010498047,0.001435011625289917,1006632960,128849018880
2,2,4,2,1024,131072,0.9820128440856933,1.2195327758789063,0.001435011625289917,1006632960,1030792151040
2,2,4,2,8192,131072,5.293580627441406,6.803440093994141,0.001435011625289917,1006632960,8246337208320
2,2,4,2,1,1048576,2.8010591506958007,2.878486442565918,0.001435011625289917,8053063680,8053063680
2,2,4,2,128,1048576,2.8033599853515625,2.9142879486083983,0.001435011625289917,8053063680,1030792151040
2,2,4,2,1024,1048576,7.695315551757813,8.033324432373046,0.001435011625289917,8053063680,8246337208320
2,2,4,2,8192,1048576,48.07954711914063,48.708154296875,0.001435011625289917,8053063680,65970697666560
3,16,1,1,1,32768,0.3486079931259155,0.347273588180542,0.0021064281463623047,125829120,125829120
3,16,1,1,128,32768,0.3477440118789673,0.3472640037536621,0.0021064281463623047,125829120,16106127360
3,16,1,1,1024,32768,0.4680287837982178,0.46632962226867675,0.0021064281463623047,125829120,128849018880
3,16,1,1,8192,32768,0.9134016036987305,0.9151424407958985,0.0021064281463623047,125829120,1030792151040
3,16,1,1,1,131072,1.3796832084655761,1.3534463882446288,0.0021064281463623047,503316480,503316480
3,16,1,1,128,131072,1.354588794708252,1.3540448188781737,0.0021064281463623047,503316480,64424509440
3,16,1,1,1024,131072,1.81080322265625,1.8105632781982421,0.0021064281463623047,503316480,515396075520
3,16,1,1,8192,131072,3.5796417236328124,3.5574272155761717,0.0021064281463623047,503316480,4123168604160
3,16,1,1,1,1048576,10.724233245849609,10.720976257324219,0.0021064281463623047,4026531840,4026531840
3,16,1,1,128,1048576,10.721536254882812,10.720336151123046,0.0021064281463623047,4026531840,515396075520
3,16,1,1,1024,1048576,14.332832336425781,14.324710083007812,0.0021064281463623047,4026531840,4123168604160
3,16,1,1,8192,1048576,28.33796081542969,28.435458374023437,0.0021064281463623047,4026531840,32985348833280
3,8,2,1,1,32768,0.18232640027999877,0.7502912044525146,0.002017885446548462,125829120,125829120
3,8,2,1,128,32768,0.18151040077209474,0.6797088146209717,0.002017885446548462,125829120,16106127360
3,8,2,1,1024,32768,0.2448415994644165,0.6726367950439454,0.002017885446548462,125829120,128849018880
3,8,2,1,8192,32768,0.7095744132995605,1.0056639671325684,0.002017885446548462,125829120,1030792151040
3,8,2,1,1,131072,0.691868782043457,0.7577760219573975,0.002017885446548462,503316480,503316480
3,8,2,1,128,131072,0.6916224002838135,0.8994527816772461,0.002017885446548462,503316480,64424509440
3,8,2,1,1024,131072,0.9220447540283203,1.0465951919555665,0.002017885446548462,503316480,515396075520
3,8,2,1,8192,131072,2.7290624618530273,3.176905632019043,0.002017885446548462,503316480,4123168604160
3,8,2,1,1,1048576,5.463996887207031,5.472768020629883,0.002017885446548462,4026531840,4026531840
3,8,2,1,128,1048576,5.4040382385253904,5.480176162719727,0.002017885446548462,4026531840,515396075520
3,8,2,1,1024,1048576,7.251702117919922,7.3754112243652346,0.002017885446548462,4026531840,4123168604160
3,8,2,1,8192,1048576,23.448576354980467,25.20721893310547,0.002017885446548462,4026531840,32985348833280
3,4,4,1,1,32768,0.10077439546585083,0.7271327972412109,0.001576155424118042,125829120,125829120
3,4,4,1,128,32768,0.10093439817428589,0.7112927913665772,0.001576155424118042,125829120,16106127360
3,4,4,1,1024,32768,0.13528000116348265,0.6188447952270508,0.001576155424118042,125829120,128849018880
3,4,4,1,8192,32768,0.703439998626709,1.2777215957641601,0.001576155424118042,125829120,1030792151040
3,4,4,1,1,131072,0.3589024066925049,0.49477758407592776,0.001576155424118042,503316480,503316480
3,4,4,1,128,131072,0.35783679485321046,0.7202079772949219,0.001576155424118042,503316480,64424509440
3,4,4,1,1024,131072,0.48152961730957033,0.7225344181060791,0.001576155424118042,503316480,515396075520
3,4,4,1,8192,131072,2.753526306152344,3.506905746459961,0.001576155424118042,503316480,4123168604160
3,4,4,1,1,1048576,2.7596256256103517,2.818668746948242,0.001576155424118042,4026531840,4026531840
3,4,4,1,128,1048576,2.7443264007568358,2.8414560317993165,0.001576155424118042,4026531840,515396075520
3,4,4,1,1024,1048576,3.727862548828125,3.917270278930664,0.001576155424118042,4026531840,4123168604160
3,4,4,1,8192,1048576,24.056040954589843,25.82353820800781,0.001576155424118042,4026531840,32985348833280
3,2,8,1,1,32768,0.07965120077133178,0.6550367832183838,0.0008339136838912964,125829120,125829120
3,2,8,1,128,32768,0.07971199750900268,0.7116799831390381,0.0008339136838912964,125829120,16106127360
3,2,8,1,1024,32768,0.1407520055770874,0.6981184005737304,0.0008339136838912964,125829120,128849018880
3,2,8,1,8192,32768,0.6631135940551758,1.8035776138305664,0.0008339136838912964,125829120,1030792151040
3,2,8,1,1,131072,0.1893280029296875,0.5046879768371582,0.0008339136838912964,503316480,503316480
3,2,8,1,128,131072,0.1907647967338562,0.7249216079711914,0.0008339136838912964,503316480,64424509440
3,2,8,1,1024,131072,0.5101503849029541,0.7911136150360107,0.0008339136838912964,503316480,515396075520
3,2,8,1,8192,131072,2.593708801269531,3.9599681854248048,0.0008339136838912964,503316480,4123168604160
3,2,8,1,1,1048576,1.403551959991455,1.518393611907959,0.0008339136838912964,4026531840,4026531840
3,2,8,1,128,1048576,1.4064224243164063,1.5612159729003907,0.0008339136838912964,4026531840,515396075520
3,2,8,1,1024,1048576,3.860454559326172,4.137123107910156,0.0008339136838912964,4026531840,4123168604160
3,2,8,1,8192,1048576,23.109577941894532,25.24073028564453,0.0008339136838912964,4026531840,32985348833280
3,1,16,1,1,32768,0.07319679856300354,0.6809696197509766,0.0008585304021835327,125829120,125829120
3,1,16,1,128,32768,0.07980480194091796,0.7177184104919434,0.0008585304021835327,125829120,16106127360
3,1,16,1,1024,32768,0.1193503975868225,0.6463840007781982,0.0008585304021835327,125829120,128849018880
3,1,16,1,8192,32768,0.7007904052734375,2.9354623794555663,0.0008585304021835327,125829120,1030792151040
3,1,16,1,1,131072,0.10825920104980469,0.6038656234741211,0.0008585304021835327,503316480,503316480
3,1,16,1,128,131072,0.11000959873199463,0.717248010635376,0.0008585304021835327,503316480,64424509440
3,1,16,1,1024,131072,0.39784319400787355,0.8629023551940918,0.0008585304021835327,503316480,515396075520
3,1,16,1,8192,131072,2.463564872741699,5.229785537719726,0.0008585304021835327,503316480,4123168604160
3,1,16,1,1,1048576,0.7664447784423828,0.9232992172241211,0.0008585304021835327,4026531840,4026531840
3,1,16,1,128,1048576,0.7455584049224854,0.9621184349060059,0.0008585304021835327,4026531840,515396075520
3,1,16,1,1024,1048576,3.010793685913086,3.6984737396240233,0.0008585304021835327,4026531840,4123168604160
3,1,16,1,8192,1048576,22.724758911132813,26.526416015625,0.0008585304021835327,4026531840,32985348833280
3,4,1,4,1,32768,0.35602879524230957,0.35624959468841555,0.0025256872177124023,503316480,503316480
3,4,1,4,128,32768,0.35719358921051025,0.3580575942993164,0.0025256872177124023,503316480,64424509440
3,4,1,4,1024,32768,0.48321919441223143,0.48245439529418943,0.0025256872177124023,503316480,515396075520
3,4,1,4,8192,32768,2.7639392852783202,2.8447647094726562,0.0025256872177124023,503316480,4123168604160
3,4,1,4,1,131072,1.5610655784606933,1.3949567794799804,0.0025256872177124023,2013265920,2013265920
3,4,1,4,128,131072,1.3825535774230957,1.3830495834350587,0.0025256872177124023,2013265920,257698037760
3,4,1,4,1024,131072,1.8699487686157226,1.8730239868164062,0.0025256872177124023,2013265920,2061584302080
3,4,1,4,8192,131072,11.77100830078125,11.84747543334961,0.0025256872177124023,2013265920,16492674416640
3,4,1,4,1,1048576,10.939926147460938,10.932428741455078,0.0025256872177124023,16106127360,16106127360
3,4,1,4,128,1048576,10.932879638671874,10.932803344726562,0.0025256872177124023,16106127360,2061584302080
3,4,1,4,1024,1048576,15.015023803710937,15.049375915527344,0.0025256872177124023,16106127360,16492674416640
3,4,1,4,8192,1048576,99.73309936523438,100.18331909179688,0.0025256872177124023,16106127360,131941395333120
3,8,1,2,1,32768,0.3541663885116577,0.3535295963287354,0.0021387338638305664,251658240,251658240
3,8,1,2,128,32768,0.3538559913635254,0.3551071882247925,0.0021387338638305664,251658240,32212254720
3,8,1,2,1024,32768,0.4709536075592041,0.4702176094055176,0.0021387338638305664,251658240,257698037760
3,8,1,2,8192,32768,1.3818304061889648,1.383420753479004,0.0021387338638305664,251658240,2061584302080
3,8,1,2,1,131072,1.366915225982666,1.3700096130371093,0.0021387338638305664,1006632960,1006632960
3,8,1,2,128,131072,1.3701567649841309,1.3679264068603516,0.0021387338638305664,1006632960,128849018880
3,8,1,2,1024,131072,1.825164794921875,1.8243135452270507,0.0021387338638305664,1006632960,1030792151040
3,8,1,2,8192,131072,5.540828704833984,5.844287872314453,0.0021387338638305664,1006632960,8246337208320
3,8,1,2,1,1048576,10.848729705810547,10.829328155517578,0.0021387338638305664,8053063680,8053063680
3,8,1,2,128,1048576,10.829821014404297,10.795500946044921,0.0021387338638305664,8053063680,1030792151040
3,8,1,2,1024,1048576,14.484921264648438,14.479910278320313,0.0021387338638305664,8053063680,8246337208320
3,8,1,2,8192,1048576,48.080386352539065,48.9012451171875,0.0021387338638305664,8053063680,65970697666560
3,4,2,2,1,32768,0.18743679523468018,0.6324128150939942,0.0020030438899993896,251658240,251658240
3,4,2,2,128,32768,0.18664640188217163,0.655017614364624,0.0020030438899993896,251658240,32212254720
3,4,2,2,1024,32768,0.25119040012359617,0.5176383972167968,0.0020030438899993896,251658240,257698037760
3,4,2,2,8192,32768,1.3828703880310058,1.915558433532715,0.0020030438899993896,251658240,2061584302080
3,4,2,2,1,131072,0.7174752235412598,0.7800608158111573,0.0020030438899993896,1006632960,1006632960
3,4,2,2,128,131072,0.6953248023986817,0.7808256149291992,0.0020030438899993896,1006632960,128849018880
3,4,2,2,1024,131072,0.9445631980895997,1.089625644683838,0.0020030438899993896,1006632960,1030792151040
3,4,2,2,8192,131072,5.526473617553711,6.371920013427735,0.0020030438899993896,1006632960,8246337208320
3,4,2,2,1,1048576,5.47470703125,5.54496955871582,0.0020030438899993896,8053063680,8053063680
3,4,2,2,128,1048576,5.480051040649414,5.563043212890625,0.0020030438899993896,8053063680,1030792151040
3,4,2,2,1024,1048576,7.474384307861328,7.669219207763672,0.0020030438899993896,8053063680,8246337208320
3,4,2,2,8192,1048576,51.50848388671875,50.7969482421875,0.0020030438899993896,8053063680,65970697666560
3,2,4,2,1,32768,0.10243200063705445,0.6392608165740967,0.001435011625289917,251658240,251658240
3,2,4,2,128,32768,0.1032256007194519,0.6597887992858886,0.001435011625289917,251658240,32212254720
3,2,4,2,1024,32768,0.2618688106536865,0.6697375774383545,0.001435011625289917,251658240,257698037760
3,2,4,2,8192,32768,1.2599040031433106,2.3839839935302733,0.001435011625289917,251658240,2061584302080
3,2,4,2,1,131072,0.36222400665283205,0.6355807781219482,0.001435011625289917,1006632960,1006632960
3,2,4,2,128,131072,0.36386239528656006,0.6616672039031982,0.001435011625289917,1006632960,128849018880
3,2,4,2,1024,131072,0.9833663940429688,1.220620822906494,0.001435011625289917,1006632960,1030792151040
3,2,4,2,8192,131072,5.225904083251953,6.8076927185058596,0.001435011625289917,1006632960,8246337208320
3,2,4,2,1,1048576,3.0946752548217775,2.880278396606445,0.001435011625289917,8053063680,8053063680
3,2,4,2,128,1048576,2.802243232727051,2.9160831451416014,0.001435011625289917,8053063680,1030792151040
3,2,4,2,1024,1048576,7.7918846130371096,8.033961486816406,0.001435011625289917,8053063680,8246337208320
3,2,4,2,8192,1048576,48.1527099609375,48.709939575195314,0.001435011625289917,8053063680,65970697666560
4,16,1,1,1,32768,0.351036810874939,0.3499520063400269,0.002508819103240967,125829120,125829120
4,16,1,1,128,32768,0.3503999948501587,0.3507359981536865,0.002508819103240967,125829120,16106127360
4,16,1,1,1024,32768,0.4694784164428711,0.4688704013824463,0.002508819103240967,125829120,128849018880
4,16,1,1,8192,32768,0.9250207901000976,0.9204383850097656,0.002508819103240967,125829120,1030792151040
4,16,1,1,1,131072,1.3544544219970702,1.3531840324401856,0.002508819103240967,503316480,503316480
4,16,1,1,128,131072,1.3555999755859376,1.3593024253845214,0.002508819103240967,503316480,64424509440
4,16,1,1,1024,131072,1.8147232055664062,1.81396484375,0.002508819103240967,503316480,515396075520
4,16,1,1,8192,131072,3.5352672576904296,3.538723373413086,0.002508819103240967,503316480,4123168604160
4,16,1,1,1,1048576,10.720694732666015,10.727993774414063,0.002508819103240967,4026531840,4026531840
4,16,1,1,128,1048576,10.726080322265625,10.728438568115234,0.002508819103240967,4026531840,515396075520
4,16,1,1,1024,1048576,14.353485107421875,14.350758361816407,0.002508819103240967,4026531840,4123168604160
4,16,1,1,8192,1048576,27.9893310546875,27.992547607421876,0.002508819103240967,4026531840,32985348833280
4,8,2,1,1,32768,0.1854848027229309,0.7048223972320556,0.002126842737197876,125829120,125829120
4,8,2,1,128,32768,0.18505280017852782,0.6551648139953613,0.002126842737197876,125829120,16106127360
4,8,2,1,1024,32768,0.2480288028717041,0.6505983829498291,0.002126842737197876,125829120,128849018880
4,8,2,1,8192,32768,0.7099552154541016,1.0038175582885742,0.002126842737197876,125829120,1030792151040
4,8,2,1,1,131072,0.6906911849975585,0.7571072101593017,0.002126842737197876,503316480,503316480
4,8,2,1,128,131072,0.6948031902313232,0.8443519592285156,0.002126842737197876,503316480,64424509440
4,8,2,1,1024,131072,0.9232928276062011,1.0429216384887696,0.002126842737197876,503316480,515396075520
4,8,2,1,8192,131072,2.718636894226074,3.099420738220215,0.002126842737197876,503316480,4123168604160
4,8,2,1,1,1048576,5.403721618652344,5.485276794433593,0.002126842737197876,4026531840,4026531840
4,8,2,1,128,1048576,5.410857772827148,5.500688171386718,0.002126842737197876,4026531840,515396075520
4,8,2,1,1024,1048576,7.232323455810547,7.364816284179687,0.002126842737197876,4026531840,4123168604160
4,8,2,1,8192,1048576,23.255191040039062,23.741343688964843,0.002126842737197876,4026531840,32985348833280
4,4,4,1,1,32768,0.1291872024536133,0.6521344184875488,0.0019434988498687744,125829120,125829120
4,4,4,1,128,32768,0.13345279693603515,0.6593696117401123,0.0019434988498687744,125829120,16106127360
4,4,4,1,1024,32768,0.14078400135040284,0.6239520072937011,0.0019434988498687744,125829120,128849018880
4,4,4,1,8192,32768,0.7053631782531739,1.2770591735839845,0.0019434988498687744,125829120,1030792151040
4,4,4,1,1,131072,0.3569344043731689,0.46072001457214357,0.0019434988498687744,503316480,503316480
4,4,4,1,128,131072,0.3625375986099243,0.656278419494629,0.0019434988498687744,503316480,64424509440
4,4,4,1,1024,131072,0.4865856170654297,0.6737664222717286,0.0019434988498687744,503316480,515396075520
4,4,4,1,8192,131072,2.7366207122802733,3.5044414520263674,0.0019434988498687744,503316480,4123168604160
4,4,4,1,1,1048576,2.733251190185547,2.8275615692138674,0.0019434988498687744,4026531840,4026531840
4,4,4,1,128,1048576,2.7432672500610353,2.851683235168457,0.0019434988498687744,4026531840,515396075520
4,4,4,1,1024,1048576,3.7139232635498045,3.8797855377197266,0.0019434988498687744,4026531840,4123168604160
4,4,4,1,8192,1048576,23.640316772460938,25.237718200683595,0.0019434988498687744,4026531840,32985348833280
4,2,8,1,1,32768,0.12620480060577394,0.6564608097076416,0.0008339136838912964,125829120,125829120
4,2,8,1,128,32768,0.12759360074996948,0.7093183994293213,0.0008339136838912964,125829120,16106127360
4,2,8,1,1024,32768,0.15117440223693848,0.6960864067077637,0.0008339136838912964,125829120,128849018880
4,2,8,1,8192,32768,0.6653215885162354,1.802956771850586,0.0008339136838912964,125829120,1030792151040
4,2,8,1,1,131072,0.19079359769821166,0.5047391891479492,0.0008339136838912964,503316480,503316480
4,2,8,1,128,131072,0.19736000299453735,0.7138463973999023,0.0008339136838912964,503316480,64424509440
4,2,8,1,1024,131072,0.5082335948944092,0.7886752128601074,0.0008339136838912964,503316480,515396075520
4,2,8,1,8192,131072,2.5438207626342773,3.961423873901367,0.0008339136838912964,503316480,4123168604160
4,2,8,1,1,1048576,1.4315360069274903,1.5186367988586427,0.0008339136838912964,4026531840,4026531840
4,2,8,1,128,1048576,1.4030624389648438,1.5612544059753417,0.0008339136838912964,4026531840,515396075520
4,2,8,1,1024,1048576,3.8371742248535154,4.1335807800292965,0.0008339136838912964,4026531840,4123168604160
4,2,8,1,8192,1048576,21.956544494628908,25.23981475830078,0.0008339136838912964,4026531840,32985348833280
4,1,16,1,1,32768,0.1292896032333374,0.6805856227874756,0.0008585304021835327,125829120,125829120
4,1,16,1,128,32768,0.12362560033798217,0.7153408050537109,0.0008585304021835327,125829120,16106127360
4,1,16,1,1024,32768,0.1341856002807617,0.6456096172332764,0.0008585304021835327,125829120,128849018880
4,1,16,1,8192,32768,0.6990303993225098,2.935036849975586,0.0008585304021835327,125829120,1030792151040
4,1,16,1,1,131072,0.10796799659729003,0.603542423248291,0.0008585304021835327,503316480,503316480
4,1,16,1,128,131072,0.13313920497894288,0.7156447887420654,0.0008585304021835327,503316480,64424509440
4,1,16,1,1024,131072,0.39645440578460694,0.8604640007019043,0.0008585304021835327,503316480,515396075520
4,1,16,1,8192,131072,2.462006378173828,5.2283073425292965,0.0008585304021835327,503316480,4123168604160
4,1,16,1,1,1048576,0.7497151851654053,0.9208895683288574,0.0008585304021835327,4026531840,4026531840
4,1,16,1,128,1048576,0.7501535892486573,0.9595232009887695,0.0008585304021835327,4026531840,515396075520
4,1,16,1,1024,1048576,2.9533567428588867,3.6986366271972657,0.0008585304021835327,4026531840,4123168604160
4,1,16,1,8192,1048576,21.840127563476564,26.52784423828125,0.0008585304021835327,4026531840,32985348833280
4,4,1,4,1,32768,0.3996416091918945,0.40216641426086425,0.0024170279502868652,503316480,503316480
4,4,1,4,128,32768,0.40458879470825193,0.40622401237487793,0.0024170279502868652,503316480,64424509440
4,4,1,4,1024,32768,0.48560638427734376,0.48827519416809084,0.0024170279502868652,503316480,515396075520
4,4,1,4,8192,32768,2.7739871978759765,2.8621856689453127,0.0024170279502868652,503316480,4123168604160
4,4,1,4,1,131072,1.5093055725097657,1.396998405456543,0.0024170279502868652,2013265920,2013265920
4,4,1,4,128,131072,1.3768511772155763,1.3783103942871093,0.0024170279502868652,2013265920,257698037760
4,4,1,4,1024,131072,1.872198486328125,1.8679584503173827,0.0024170279502868652,2013265920,2061584302080
4,4,1,4,8192,131072,11.527948760986328,11.496495819091797,0.0024170279502868652,2013265920,16492674416640
4,4,1,4,1,1048576,10.906707000732421,10.906646728515625,0.0024170279502868652,16106127360,16106127360
4,4,1,4,128,1048576,10.909209442138671,10.91012191772461,0.0024170279502868652,16106127360,2061584302080
4,4,1,4,1024,1048576,14.869810485839844,14.910102844238281,0.0024170279502868652,16106127360,16492674416640
4,4,1,4,8192,1048576,96.4362548828125,95.13356323242188,0.0024170279502868652,16106127360,131941395333120
4,8,1,2,1,32768,0.35777599811553956,0.35671679973602294,0.0020143985748291016,251658240,251658240
4,8,1,2,128,32768,0.35848639011383054,0.3592767953872681,0.0020143985748291016,251658240,32212254720
4,8,1,2,1024,32768,0.4734816074371338,0.47424001693725587,0.0020143985748291016,251658240,257698037760
4,8,1,2,8192,32768,1.3861472129821777,1.390214443206787,0.0020143985748291016,251658240,2061584302080
4,8,1,2,1,131072,1.362831974029541,1.4345727920532227,0.0020143985748291016,1006632960,1006632960
4,8,1,2,128,131072,1.3712736129760743,1.370195198059082,0.0020143985748291016,1006632960,128849018880
4,8,1,2,1024,131072,1.8248384475708008,1.8246368408203124,0.0020143985748291016,1006632960,1030792151040
4,8,1,2,8192,131072,5.589827346801758,5.728019332885742,0.0020143985748291016,1006632960,8246337208320
4,8,1,2,1,1048576,10.807532501220702,10.808448028564452,0.0020143985748291016,8053063680,8053063680
4,8,1,2,128,1048576,10.81233901977539,10.806690979003907,0.0020143985748291016,8053063680,1030792151040
4,8,1,2,1024,1048576,14.439958190917968,14.448326110839844,0.0020143985748291016,8053063680,8246337208320
4,8,1,2,8192,1048576,47.522238159179686,48.84714050292969,0.0020143985748291016,8053063680,65970697666560
4,4,2,2,1,32768,0.1908735990524292,0.5365695953369141,0.0021071434020996094,251658240,251658240
4,4,2,2,128,32768,0.18935359716415406,0.5910848140716553,0.0021071434020996094,251658240,32212254720
4,4,2,2,1024,32768,0.2521503925323486,0.5663360118865967,0.0021071434020996094,251658240,257698037760
4,4,2,2,8192,32768,1.3816224098205567,1.9212831497192382,0.0021071434020996094,251658240,2061584302080
4,4,2,2,1,131072,0.7011903762817383,0.7636544227600097,0.0021071434020996094,1006632960,1006632960
4,4,2,2,128,131072,0.7010303974151612,0.7800928115844726,0.0021071434020996094,1006632960,128849018880
4,4,2,2,1024,131072,0.9449919700622559,1.0843551635742188,0.0021071434020996094,1006632960,1030792151040
4,4,2,2,8192,131072,5.68230094909668,6.355344009399414,0.0021071434020996094,1006632960,8246337208320
4,4,2,2,1,1048576,5.459331130981445,5.546115112304688,0.0021071434020996094,8053063680,8053063680
4,4,2,2,128,1048576,5.467011260986328,5.56187858581543,0.0021071434020996094,8053063680,1030792151040
4,4,2,2,1024,1048576,7.4502403259277346,7.6026145935058596,0.0021071434020996094,8053063680,8246337208320
4,4,2,2,8192,1048576,49.226925659179685,48.81334228515625,0.0021071434020996094,8053063680,65970697666560
4,2,4,2,1,32768,0.12031040191650391,0.5845248222351074,0.0014279484748840332,251658240,251658240
4,2,4,2,128,32768,0.11201280355453491,0.5967455863952636,0.0014279484748840332,251658240,32212254720
4,2,4,2,1024,32768,0.26646080017089846,0.6759007930755615,0.0014279484748840332,251658240,257698037760
4,2,4,2,8192,32768,1.2537664413452148,2.3801599502563477,0.0014279484748840332,251658240,2061584302080
4,2,4,2,1,131072,0.36192638874053956,0.572764778137207,0.0014279484748840332,1006632960,1006632960
4,2,4,2,128,131072,0.3682559967041016,0.6047935962677002,0.0014279484748840332,1006632960,128849018880
4,2,4,2,1024,131072,0.9836544036865235,1.217193603515625,0.0014279484748840332,1006632960,1030792151040
4,2,4,2,8192,131072,5.284995269775391,6.584780883789063,0.0014279484748840332,1006632960,8246337208320
4,2,4,2,1,1048576,2.792969512939453,2.8832992553710937,0.0014279484748840332,8053063680,8053063680
4,2,4,2,128,1048576,2.7959327697753906,2.9134016036987305,0.0014279484748840332,8053063680,1030792151040
4,2,4,2,1024,1048576,7.711251068115234,7.956288146972656,0.0014279484748840332,8053063680,8246337208320
4,2,4,2,8192,1048576,46.21575012207031,47.287313842773436,0.0014279484748840332,8053063680,65970697666560
5,16,1,1,1,32768,0.34640960693359374,0.34612159729003905,0.0025429129600524902,125829120,125829120
5,16,1,1,128,32768,0.3464832067489624,0.34604480266571047,0.0025429129600524902,125829120,16106127360
5,16,1,1,1024,32768,0.46697278022766114,0.46520318984985354,0.0025429129600524902,125829120,128849018880
5,16,1,1,8192,32768,0.9045536041259765,0.9050368309020996,0.0025429129600524902,125829120,1030792151040
5,16,1,1,1,131072,1.3535008430480957,1.3526528358459473,0.0025429129600524902,503316480,503316480
5,16,1,1,128,131072,1.3545824050903321,1.354758358001709,0.0025429129600524902,503316480,64424509440
5,16,1,1,1024,131072,1.8061216354370118,1.8058944702148438,0.0025429129600524902,503316480,515396075520
5,16,1,1,8192,131072,3.512451171875,3.525084686279297,0.0025429129600524902,503316480,4123168604160
5,16,1,1,1,1048576,10.721644592285156,10.720921325683594,0.0025429129600524902,4026531840,4026531840
5,16,1,1,128,1048576,10.721778869628906,10.72284164428711,0.0025429129600524902,4026531840,515396075520
5,16,1,1,1024,1048576,14.307962036132812,14.314691162109375,0.0025429129600524902,4026531840,4123168604160
5,16,1,1,8192,1048576,28.138858032226562,28.41191711425781,0.0025429129600524902,4026531840,32985348833280
5,8,2,1,1,32768,0.18513920307159423,0.7051199913024903,0.002126842737197876,125829120,125829120
5,8,2,1,128,32768,0.18534400463104247,0.6548511981964111,0.002126842737197876,125829120,16106127360
5,8,2,1,1024,32768,0.2441920042037964,0.6517920017242431,0.002126842737197876,125829120,128849018880
5,8,2,1,8192,32768,0.6980512142181396,1.0057184219360351,0.002126842737197876,125829120,1030792151040
5,8,2,1,1,131072,0.6921631813049316,0.7592832088470459,0.002126842737197876,503316480,503316480
5,8,2,1,128,131072,0.6928319931030273,0.8460288047790527,0.002126842737197876,503316480,64424509440
5,8,2,1,1024,131072,0.9196736335754394,1.0452832221984862,0.002126842737197876,503316480,515396075520
5,8,2,1,8192,131072,2.70281925201416,3.102012825012207,0.002126842737197876,503316480,4123168604160
5,8,2,1,1,1048576,5.418700790405273,5.487209701538086,0.002126842737197876,4026531840,4026531840
5,8,2,1,128,1048576,5.42314567565918,5.503004837036133,0.002126842737197876,4026531840,515396075520
5,8,2,1,1024,1048576,7.2387840270996096,7.367174530029297,0.002126842737197876,4026531840,4123168604160
5,8,2,1,8192,1048576,23.67900848388672,23.74537353515625,0.002126842737197876,4026531840,32985348833280
5,4,4,1,1,32768,0.1010208010673523,0.654198408126831,0.0019434988498687744,125829120,125829120
5,4,4,1,128,32768,0.1011199951171875,0.661900806427002,0.0019434988498687744,125829120,16106127360
5,4,4,1,1024,32768,0.13497600555419922,0.620527982711792,0.0019434988498687744,125829120,128849018880
5,4,4,1,8192,32768,0.6921343803405762,1.278979206085205,0.0019434988498687744,125829120,1030792151040
5,4,4,1,1,131072,0.35792639255523684,0.4608928203582764,0.0019434988498687744,503316480,503316480
5,4,4,1,128,131072,0.35802559852600097,0.6596191883087158,0.0019434988498687744,503316480,64424509440
5,4,4,1,1024,131072,0.48132801055908203,0.6755360126495361,0.0019434988498687744,503316480,515396075520
5,4,4,1,8192,131072,2.7125024795532227,3.5044769287109374,0.0019434988498687744,503316480,4123168604160
5,4,4,1,1,1048576,2.767068862915039,2.8279199600219727,0.0019434988498687744,4026531840,4026531840
5,4,4,1,128,1048576,2.746502494812012,2.8541215896606444,0.0019434988498687744,4026531840,515396075520
5,4,4,1,1024,1048576,3.7251296997070313,3.8820480346679687,0.0019434988498687744,4026531840,4123168604160
5,4,4,1,8192,1048576,23.25702362060547,25.240499877929686,0.0019434988498687744,4026531840,32985348833280
5,2,8,1,1,32768,0.07724159955978394,0.6548064231872559,0.0008339136838912964,125829120,125829120
5,2,8,1,128,32768,0.07810559868812561,0.7119679927825928,0.0008339136838912964,125829120,16106127360
5,2,8,1,1024,32768,0.14205440282821655,0.6977952003479004,0.0008339136838912964,125829120,128849018880
5,2,8,1,8192,32768,0.6508895874023437,1.8039104461669921,0.0008339136838912964,125829120,1030792151040
5,2,8,1,1,131072,0.19047679901123046,0.5049503803253174,0.0008339136838912964,503316480,503316480
5,2,8,1,128,131072,0.1901855945587158,0.7251776218414306,0.0008339136838912964,503316480,64424509440
5,2,8,1,1024,131072,0.49933438301086425,0.7914720058441163,0.0008339136838912964,503316480,515396075520
5,2,8,1,8192,131072,2.52392635345459,3.96099853515625,0.0008339136838912964,503316480,4123168604160
5,2,8,1,1,1048576,1.432688045501709,1.518832015991211,0.0008339136838912964,4026531840,4026531840
5,2,8,1,128,1048576,1.406169605255127,1.561257553100586,0.0008339136838912964,4026531840,515396075520
5,2,8,1,1024,1048576,3.832729721069336,4.137279891967774,0.0008339136838912964,4026531840,4123168604160
5,2,8,1,8192,1048576,22.544281005859375,25.241001892089844,0.0008339136838912964,4026531840,32985348833280
5,1,16,1,1,32768,0.07678080201148987,0.681004810333252,0.0008585304021835327,125829120,125829120
5,1,16,1,128,32768,0.07455679774284363,0.7177055835723877,0.0008585304021835327,125829120,16106127360
5,1,16,1,1024,32768,0.12127360105514526,0.6460896015167237,0.0008585304021835327,125829120,128849018880
5,1,16,1,8192,32768,0.6934847831726074,2.935750389099121,0.0008585304021835327,125829120,1030792151040
5,1,16,1,1,131072,0.10776959657669068,0.604150390625,0.0008585304021835327,503316480,503316480
5,1,16,1,128,131072,0.10941439867019653,0.7173727989196778,0.0008585304021835327,503316480,64424509440
5,1,16,1,1024,131072,0.38861119747161865,0.862668800354004,0.0008585304021835327,503316480,515396075520
5,1,16,1,8192,131072,2.4380767822265623,5.226035308837891,0.0008585304021835327,503316480,4123168604160
5,1,16,1,1,1048576,0.7534912109375,0.923033618927002,0.0008585304021835327,4026531840,4026531840
5,1,16,1,128,1048576,0.7451648235321044,0.9626560211181641,0.0008585304021835327,4026531840,515396075520
5,1,16,1,1024,1048576,2.9297311782836912,3.6988895416259764,0.0008585304021835327,4026531840,4123168604160
5,1,16,1,8192,1048576,22.244172668457033,26.533230590820313,0.0008585304021835327,4026531840,32985348833280
5,4,1,4,1,32768,0.45023679733276367,0.4451263904571533,0.0022412538528442383,503316480,503316480
5,4,1,4,128,32768,0.41227197647094727,0.3575263977050781,0.0022412538528442383,503316480,64424509440
5,4,1,4,1024,32768,0.48148159980773925,0.4820352077484131,0.0022412538528442383,503316480,515396075520
5,4,1,4,8192,32768,2.747475242614746,2.801644706726074,0.0022412538528442383,503316480,4123168604160
5,4,1,4,1,131072,1.4889216423034668,1.399888038635254,0.0022412538528442383,2013265920,2013265920
5,4,1,4,128,131072,1.382361602783203,1.3815168380737304,0.0022412538528442383,2013265920,257698037760
5,4,1,4,1024,131072,1.8741472244262696,1.8763967514038087,0.0022412538528442383,2013265920,2061584302080
5,4,1,4,8192,131072,11.530809783935547,11.636265563964844,0.0022412538528442383,2013265920,16492674416640
5,4,1,4,1,1048576,10.946076965332031,10.946028900146484,0.0022412538528442383,16106127360,16106127360
5,4,1,4,128,1048576,10.945072174072266,10.94493408203125,0.0022412538528442383,16106127360,2061584302080
5,4,1,4,1024,1048576,14.999098205566407,14.996627807617188,0.0022412538528442383,16106127360,16492674416640
5,4,1,4,8192,1048576,100.6447509765625,100.38450927734375,0.0022412538528442383,16106127360,131941395333120
5,8,1,2,1,32768,0.35477120876312257,0.3542239904403687,0.0021275877952575684,251658240,251658240
5,8,1,2,128,32768,0.3544159889221191,0.3543071985244751,0.0021275877952575684,251658240,32212254720
5,8,1,2,1024,32768,0.46985278129577634,0.4694496154785156,0.0021275877952575684,251658240,257698037760
5,8,1,2,8192,32768,1.3687583923339843,1.3784895896911622,0.0021275877952575684,251658240,2061584302080
5,8,1,2,1,131072,1.3636832237243652,1.3736384391784668,0.0021275877952575684,1006632960,1006632960
5,8,1,2,128,131072,1.3681440353393555,1.3681920051574707,0.0021275877952575684,1006632960,128849018880
5,8,1,2,1024,131072,1.8228288650512696,1.822012710571289,0.0021275877952575684,1006632960,1030792151040
5,8,1,2,8192,131072,5.423676681518555,5.7468830108642575,0.0021275877952575684,1006632960,8246337208320
5,8,1,2,1,1048576,10.83287353515625,10.831244659423827,0.0021275877952575684,8053063680,8053063680
5,8,1,2,128,1048576,10.83172836303711,10.835158538818359,0.0021275877952575684,8053063680,1030792151040
5,8,1,2,1024,1048576,14.4666748046875,14.465657043457032,0.0021275877952575684,8053063680,8246337208320
5,8,1,2,8192,1048576,47.35111083984375,47.53310546875,0.0021275877952575684,8053063680,65970697666560
5,4,2,2,1,32768,0.18663040399551392,0.5369855880737304,0.0021071434020996094,251658240,251658240
5,4,2,2,128,32768,0.18643200397491455,0.5884191989898682,0.0021071434020996094,251658240,32212254720
5,4,2,2,1024,32768,0.25045759677886964,0.5652031898498535,0.0021071434020996094,251658240,257698037760
5,4,2,2,8192,32768,1.3694751739501954,1.9248512268066407,0.0021071434020996094,251658240,2061584302080
5,4,2,2,1,131072,0.6990496158599854,0.7657120227813721,0.0021071434020996094,1006632960,1006632960
5,4,2,2,128,131072,0.698908805847168,0.7817759990692139,0.0021071434020996094,1006632960,128849018880
5,4,2,2,1024,131072,0.9448160171508789,1.0859583854675292,0.0021071434020996094,1006632960,1030792151040
5,4,2,2,8192,131072,5.521433639526367,6.355766296386719,0.0021071434020996094,1006632960,8246337208320
5,4,2,2,1,1048576,5.478508758544922,5.549356842041016,0.0021071434020996094,8053063680,8053063680
5,4,2,2,128,1048576,5.480633544921875,5.563974380493164,0.0021071434020996094,8053063680,1030792151040
5,4,2,2,1024,1048576,7.465446472167969,7.605436706542969,0.0021071434020996094,8053063680,8246337208320
5,4,2,2,8192,1048576,49.787017822265625,48.82066955566406,0.0021071434020996094,8053063680,65970697666560
5,2,4,2,1,32768,0.10398720502853394,0.5842912197113037,0.0014279484748840332,251658240,251658240
5,2,4,2,128,32768,0.10444799661636353,0.5971327781677246,0.0014279484748840332,251658240,32212254720
5,2,4,2,1024,32768,0.26244800090789794,0.6801152229309082,0.0014279484748840332,251658240,257698037760
5,2,4,2,8192,32768,1.2442336082458496,2.388688087463379,0.0014279484748840332,251658240,2061584302080
5,2,4,2,1,131072,0.36253440380096436,0.5753215789794922,0.0014279484748840332,1006632960,1006632960
5,2,4,2,128,131072,0.36539199352264407,0.602620792388916,0.0014279484748840332,1006632960,128849018880
5,2,4,2,1024,131072,0.9765631675720214,1.218073558807373,0.0014279484748840332,1006632960,1030792151040
5,2,4,2,8192,131072,5.434479904174805,6.586236572265625,0.0014279484748840332,1006632960,8246337208320
5,2,4,2,1,1048576,2.7898784637451173,2.8862815856933595,0.0014279484748840332,8053063680,8053063680
5,2,4,2,128,1048576,2.798099136352539,2.915510368347168,0.0014279484748840332,8053063680,1030792151040
5,2,4,2,1024,1048576,7.673779296875,7.957341003417969,0.0014279484748840332,8053063680,8246337208320
5,2,4,2,8192,1048576,46.849359130859376,47.287164306640626,0.0014279484748840332,8053063680,65970697666560
6,16,1,1,1,32768,0.34963839054107665,0.34901440143585205,0.002138793468475342,125829120,125829120
6,16,1,1,128,32768,0.34879040718078613,0.34811201095581057,0.002138793468475342,125829120,16106127360
6,16,1,1,1024,32768,0.4677279949188232,0.46548800468444823,0.002138793468475342,125829120,128849018880
6,16,1,1,8192,32768,0.8989760398864746,0.9004960060119629,0.002138793468475342,125829120,1030792151040
6,16,1,1,1,131072,1.3602144241333007,1.3607935905456543,0.002138793468475342,503316480,503316480
6,16,1,1,128,131072,1.3606271743774414,1.360745620727539,0.002138793468475342,503316480,64424509440
6,16,1,1,1024,131072,1.8169824600219726,1.8169727325439453,0.002138793468475342,503316480,515396075520
6,16,1,1,8192,131072,3.497110366821289,3.4968448638916017,0.002138793468475342,503316480,4123168604160
6,16,1,1,1,1048576,10.76629409790039,10.764828491210938,0.002138793468475342,4026531840,4026531840
6,16,1,1,128,1048576,10.76531524658203,10.76572494506836,0.002138793468475342,4026531840,515396075520
6,16,1,1,1024,1048576,14.380073547363281,14.376473999023437,0.002138793468475342,4026531840,4123168604160
6,16,1,1,8192,1048576,28.2011962890625,28.231527709960936,0.002138793468475342,4026531840,32985348833280
6,8,2,1,1,32768,0.1852671980857849,0.40942721366882323,0.0033725500106811523,125829120,125829120
6,8,2,1,128,32768,0.18510719537734985,0.41979198455810546,0.0033725500106811523,125829120,16106127360
6,8,2,1,1024,32768,0.24337921142578126,0.4196608066558838,0.0033725500106811523,125829120,128849018880
6,8,2,1,8192,32768,0.6957248210906982,0.9983679771423339,0.0033725500106811523,125829120,1030792151040
6,8,2,1,1,131072,0.6914656162261963,0.754960012435913,0.0033725500106811523,503316480,503316480
6,8,2,1,128,131072,0.6920735836029053,0.7674496173858643,0.0033725500106811523,503316480,64424509440
6,8,2,1,1024,131072,0.9166080474853515,1.0439200401306152,0.0033725500106811523,503316480,515396075520
6,8,2,1,8192,131072,2.6582015991210937,3.052828788757324,0.0033725500106811523,503316480,4123168604160
6,8,2,1,1,1048576,5.421900939941406,5.510902404785156,0.0033725500106811523,4026531840,4026531840
6,8,2,1,128,1048576,5.417091369628906,5.528022384643554,0.0033725500106811523,4026531840,515396075520
6,8,2,1,1024,1048576,7.2171775817871096,7.3771484375,0.0033725500106811523,4026531840,4123168604160
6,8,2,1,8192,1048576,22.74156799316406,23.16541442871094,0.0033725500106811523,4026531840,32985348833280
6,4,4,1,1,32768,0.10040639638900757,0.6545248031616211,0.0019434988498687744,125829120,125829120
6,4,4,1,128,32768,0.10021760463714599,0.6619647979736328,0.0019434988498687744,125829120,16106127360
6,4,4,1,1024,32768,0.1351904034614563,0.6207168102264404,0.0019434988498687744,125829120,128849018880
6,4,4,1,8192,32768,0.6787680149078369,1.2793984413146973,0.0019434988498687744,125829120,1030792151040
6,4,4,1,1,131072,0.35732159614562986,0.4611807823181152,0.0019434988498687744,503316480,503316480
6,4,4,1,128,131072,0.35671679973602294,0.6597184181213379,0.0019434988498687744,503316480,64424509440
6,4,4,1,1024,131072,0.4798367977142334,0.6753471851348877,0.0019434988498687744,503316480,515396075520
6,4,4,1,8192,131072,2.7072128295898437,3.505023956298828,0.0019434988498687744,503316480,4123168604160
6,4,4,1,1,1048576,2.7522239685058594,2.8279136657714843,0.0019434988498687744,4026531840,4026531840
6,4,4,1,128,1048576,2.740217590332031,2.853683280944824,0.0019434988498687744,4026531840,515396075520
6,4,4,1,1024,1048576,3.7108222961425783,3.8820510864257813,0.0019434988498687744,4026531840,4123168604160
6,4,4,1,8192,1048576,22.955052185058594,25.241842651367186,0.0019434988498687744,4026531840,32985348833280
6,2,8,1,1,32768,0.07487679719924926,0.6549344062805176,0.0008339136838912964,125829120,125829120
6,2,8,1,128,32768,0.07503039836883545,0.7119616031646728,0.0008339136838912964,125829120,16106127360
6,2,8,1,1024,32768,0.14327679872512816,0.6974847793579102,0.0008339136838912964,125829120,128849018880
6,2,8,1,8192,32768,0.6458464145660401,1.8037311553955078,0.0008339136838912964,125829120,1030792151040
6,2,8,1,1,131072,0.19078079462051392,0.5048416137695313,0.0008339136838912964,503316480,503316480
6,2,8,1,128,131072,0.19082560539245605,0.725116777420044,0.0008339136838912964,503316480,64424509440
6,2,8,1,1024,131072,0.49950399398803713,0.791318416595459,0.0008339136838912964,503316480,515396075520
6,2,8,1,8192,131072,2.5536672592163088,3.960297775268555,0.0008339136838912964,503316480,4123168604160
6,2,8,1,1,1048576,1.4024543762207031,1.5189023971557618,0.0008339136838912964,4026531840,4026531840
6,2,8,1,128,1048576,1.404576015472412,1.5610207557678222,0.0008339136838912964,4026531840,515396075520
6,2,8,1,1024,1048576,3.8092575073242188,4.137088012695313,0.0008339136838912964,4026531840,4123168604160
6,2,8,1,8192,1048576,21.952825927734374,25.2402587890625,0.0008339136838912964,4026531840,32985348833280
6,1,16,1,1,32768,0.0722432017326355,0.6808896064758301,0.0008585304021835327,125829120,125829120
6,1,16,1,128,32768,0.0730239987373352,0.7176191806793213,0.0008585304021835327,125829120,16106127360
6,1,16,1,1024,32768,0.11978559494018555,0.6465856075286865,0.0008585304021835327,125829120,128849018880
6,1,16,1,8192,32768,0.6900959968566894,2.9356224060058596,0.0008585304021835327,125829120,1030792151040
6,1,16,1,1,131072,0.10776640176773071,0.604256010055542,0.0008585304021835327,503316480,503316480
6,1,16,1,128,131072,0.10876799821853637,0.7172736167907715,0.0008585304021835327,503316480,64424509440
6,1,16,1,1024,131072,0.3879967927932739,0.8630463600158691,0.0008585304021835327,503316480,515396075520
6,1,16,1,8192,131072,2.4197439193725585,5.2291614532470705,0.0008585304021835327,503316480,4123168604160
6,1,16,1,1,1048576,0.7420063972473144,0.9232159614562988,0.0008585304021835327,4026531840,4026531840
6,1,16,1,128,1048576,0.743232011795044,0.9621664047241211,0.0008585304021835327,4026531840,515396075520
6,1,16,1,1024,1048576,2.9531839370727537,3.6982303619384767,0.0008585304021835327,4026531840,4123168604160
6,1,16,1,8192,1048576,21.7148193359375,26.532659912109374,0.0008585304021835327,4026531840,32985348833280
6,4,1,4,1,32768,0.3794368028640747,0.37328639030456545,0.0022753477096557617,503316480,503316480
6,4,1,4,128,32768,0.3562335968017578,0.3565023899078369,0.0022753477096557617,503316480,64424509440
6,4,1,4,1024,32768,0.479750394821167,0.48171200752258303,0.0022753477096557617,503316480,515396075520
6,4,1,4,8192,32768,2.7190080642700196,2.7714271545410156,0.0022753477096557617,503316480,4123168604160
6,4,1,4,1,131072,1.4621408462524415,1.4109343528747558,0.0022753477096557617,2013265920,2013265920
6,4,1,4,128,131072,1.3795743942260743,1.3793536186218263,0.0022753477096557617,2013265920,257698037760
6,4,1,4,1024,131072,1.8674943923950196,1.8655839920043946,0.0022753477096557617,2013265920,2061584302080
6,4,1,4,8192,131072,11.326121520996093,11.308220672607423,0.0022753477096557617,2013265920,16492674416640
6,4,1,4,1,1048576,10.919081878662109,10.916754913330077,0.0022753477096557617,16106127360,16106127360
6,4,1,4,128,1048576,10.909372711181641,10.909075164794922,0.0022753477096557617,16106127360,2061584302080
6,4,1,4,1024,1048576,14.819625854492188,14.855763244628907,0.0022753477096557617,16106127360,16492674416640
6,4,1,4,8192,1048576,98.18041381835937,97.30203857421876,0.0022753477096557617,16106127360,131941395333120
6,8,1,2,1,32768,0.35396480560302734,0.3535423994064331,0.002308666706085205,251658240,251658240
6,8,1,2,128,32768,0.3546367883682251,0.3539616107940674,0.002308666706085205,251658240,32212254720
6,8,1,2,1024,32768,0.4696352005004883,0.4696063995361328,0.002308666706085205,251658240,257698037760
6,8,1,2,8192,32768,1.3516223907470704,1.3634783744812011,0.002308666706085205,251658240,2061584302080
6,8,1,2,1,131072,1.401807975769043,1.3785792350769044,0.002308666706085205,1006632960,1006632960
6,8,1,2,128,131072,1.3680128097534179,1.369206428527832,0.002308666706085205,1006632960,128849018880
6,8,1,2,1024,131072,1.8184383392333985,1.8189888000488281,0.002308666706085205,1006632960,1030792151040
6,8,1,2,8192,131072,5.350940704345703,5.501046371459961,0.002308666706085205,1006632960,8246337208320
6,8,1,2,1,1048576,10.841519927978515,10.83755874633789,0.002308666706085205,8053063680,8053063680
6,8,1,2,128,1048576,10.819535827636718,10.820748901367187,0.002308666706085205,8053063680,1030792151040
6,8,1,2,1024,1048576,14.435498046875,14.427827453613281,0.002308666706085205,8053063680,8246337208320
6,8,1,2,8192,1048576,46.70850524902344,46.38743896484375,0.002308666706085205,8053063680,65970697666560
6,4,2,2,1,32768,0.18622080087661744,0.4005568027496338,0.002676725387573242,251658240,251658240
6,4,2,2,128,32768,0.185699200630188,0.41743040084838867,0.002676725387573242,251658240,32212254720
6,4,2,2,1024,32768,0.25093441009521483,0.4235424041748047,0.002676725387573242,251658240,257698037760
6,4,2,2,8192,32768,1.3647680282592773,1.8906368255615233,0.002676725387573242,251658240,2061584302080
6,4,2,2,1,131072,0.7079487800598144,0.7718431949615479,0.002676725387573242,1006632960,1006632960
6,4,2,2,128,131072,0.6970687866210937,0.7805759906768799,0.002676725387573242,1006632960,128849018880
6,4,2,2,1024,131072,0.9424256324768067,1.088758373260498,0.002676725387573242,1006632960,1030792151040
6,4,2,2,8192,131072,5.416556930541992,6.191939163208008,0.002676725387573242,1006632960,8246337208320
6,4,2,2,1,1048576,5.464748764038086,5.563337707519532,0.002676725387573242,8053063680,8053063680
6,4,2,2,128,1048576,5.467171096801758,5.5805919647216795,0.002676725387573242,8053063680,1030792151040
6,4,2,2,1024,1048576,7.4303741455078125,7.560678100585937,0.002676725387573242,8053063680,8246337208320
6,4,2,2,8192,1048576,48.091485595703126,47.422341918945314,0.002676725387573242,8053063680,65970697666560
6,2,4,2,1,32768,0.10388799905776977,0.5844223976135254,0.0014279484748840332,251658240,251658240
6,2,4,2,128,32768,0.10377919673919678,0.5971487998962403,0.0014279484748840332,251658240,32212254720
6,2,4,2,1024,32768,0.26185920238494875,0.6799903869628906,0.0014279484748840332,251658240,257698037760
6,2,4,2,8192,32768,1.2301343917846679,2.390934371948242,0.0014279484748840332,251658240,2061584302080
6,2,4,2,1,131072,0.37550721168518064,0.5750624179840088,0.0014279484748840332,1006632960,1006632960
6,2,4,2,128,131072,0.3646399974822998,0.6023136138916015,0.0014279484748840332,1006632960,128849018880
6,2,4,2,1024,131072,0.9715968132019043,1.2178303718566894,0.0014279484748840332,1006632960,1030792151040
6,2,4,2,8192,131072,5.120483016967773,6.583695983886718,0.0014279484748840332,1006632960,8246337208320
6,2,4,2,1,1048576,2.789263916015625,2.885945510864258,0.0014279484748840332,8053063680,8053063680
6,2,4,2,128,1048576,2.7955135345458983,2.915385627746582,0.0014279484748840332,8053063680,1030792151040
6,2,4,2,1024,1048576,7.605721282958984,7.957347106933594,0.0014279484748840332,8053063680,8246337208320
6,2,4,2,8192,1048576,45.737631225585936,47.28577880859375,0.0014279484748840332,8053063680,65970697666560
7,16,1,1,1,32768,0.34816319942474366,0.3476320028305054,0.0019268393516540527,125829120,125829120
7,16,1,1,128,32768,0.34852800369262693,0.3486207962036133,0.0019268393516540527,125829120,16106127360
7,16,1,1,1024,32768,0.46703038215637205,0.46477761268615725,0.0019268393516540527,125829120,128849018880
7,16,1,1,8192,32768,0.9033791542053222,0.9065024375915527,0.0019268393516540527,125829120,1030792151040
7,16,1,1,1,131072,1.3690560340881348,1.4095104217529297,0.0019268393516540527,503316480,503316480
7,16,1,1,128,131072,1.3603424072265624,1.3595168113708496,0.0019268393516540527,503316480,64424509440
7,16,1,1,1024,131072,1.811452865600586,1.8124319076538087,0.0019268393516540527,503316480,515396075520
7,16,1,1,8192,131072,3.5273502349853514,3.5015201568603516,0.0019268393516540527,503316480,4123168604160
7,16,1,1,1,1048576,10.747602844238282,10.746505737304688,0.0019268393516540527,4026531840,4026531840
7,16,1,1,128,1048576,10.753721618652344,10.75401611328125,0.0019268393516540527,4026531840,515396075520
7,16,1,1,1024,1048576,14.376719665527343,14.374092102050781,0.0019268393516540527,4026531840,4123168604160
7,16,1,1,8192,1048576,28.584658813476562,28.531939697265624,0.0019268393516540527,4026531840,32985348833280
7,8,2,1,1,32768,0.18265600204467775,0.4035007953643799,0.0033725500106811523,125829120,125829120
7,8,2,1,128,32768,0.18250880241394044,0.4155263900756836,0.0033725500106811523,125829120,16106127360
7,8,2,1,1024,32768,0.24423680305480958,0.42011518478393556,0.0033725500106811523,125829120,128849018880
7,8,2,1,8192,32768,0.703113603591919,0.9986656188964844,0.0033725500106811523,125829120,1030792151040
7,8,2,1,1,131072,0.6941792011260987,0.755347204208374,0.0033725500106811523,503316480,503316480
7,8,2,1,128,131072,0.6958303928375245,0.7673056125640869,0.0033725500106811523,503316480,64424509440
7,8,2,1,1024,131072,0.9229408264160156,1.043977642059326,0.0033725500106811523,503316480,515396075520
7,8,2,1,8192,131072,2.6886911392211914,3.0524415969848633,0.0033725500106811523,503316480,4123168604160
7,8,2,1,1,1048576,5.440771102905273,5.510809707641601,0.0033725500106811523,4026531840,4026531840
7,8,2,1,128,1048576,5.4568031311035154,5.528070449829102,0.0033725500106811523,4026531840,515396075520
7,8,2,1,1024,1048576,7.258156585693359,7.378774261474609,0.0033725500106811523,4026531840,4123168604160
7,8,2,1,8192,1048576,22.783680725097657,23.16453399658203,0.0033725500106811523,4026531840,32985348833280
7,4,4,1,1,32768,0.10113279819488526,0.6544159889221192,0.0019434988498687744,125829120,125829120
7,4,4,1,128,32768,0.1010975956916809,0.6619679927825928,0.0019434988498687744,125829120,16106127360
7,4,4,1,1024,32768,0.13574719429016113,0.6206495761871338,0.0019434988498687744,125829120,128849018880
7,4,4,1,8192,32768,0.6854879856109619,1.2796735763549805,0.0019434988498687744,125829120,1030792151040
7,4,4,1,1,131072,0.3584896087646484,0.4609087944030762,0.0019434988498687744,503316480,503316480
7,4,4,1,128,131072,0.3591936111450195,0.6598783969879151,0.0019434988498687744,503316480,64424509440
7,4,4,1,1024,131072,0.482803201675415,0.6753791809082031,0.0019434988498687744,503316480,515396075520
7,4,4,1,8192,131072,2.7095264434814452,3.506083297729492,0.0019434988498687744,503316480,4123168604160
7,4,4,1,1,1048576,2.7553632736206053,2.8279327392578124,0.0019434988498687744,4026531840,4026531840
7,4,4,1,128,1048576,2.757196807861328,2.854096031188965,0.0019434988498687744,4026531840,515396075520
7,4,4,1,1024,1048576,3.7325214385986327,3.8824222564697264,0.0019434988498687744,4026531840,4123168604160
7,4,4,1,8192,1048576,23.089939880371094,25.24241943359375,0.0019434988498687744,4026531840,32985348833280
7,2,8,1,1,32768,0.07819520235061646,0.6550816059112549,0.0008339136838912964,125829120,125829120
7,2,8,1,128,32768,0.07549120187759399,0.7117631912231446,0.0008339136838912964,125829120,16106127360
7,2,8,1,1024,32768,0.1431615948677063,0.6972256183624268,0.0008339136838912964,125829120,128849018880
7,2,8,1,8192,32768,0.6499487876892089,1.80383358001709,0.0008339136838912964,125829120,1030792151040
7,2,8,1,1,131072,0.1910431981086731,0.5047999858856201,0.0008339136838912964,503316480,503316480
7,2,8,1,128,131072,0.191375994682312,0.7252416133880615,0.0008339136838912964,503316480,64424509440
7,2,8,1,1024,131072,0.506924819946289,0.791107177734375,0.0008339136838912964,503316480,515396075520
7,2,8,1,8192,131072,2.4987295150756834,3.96080322265625,0.0008339136838912964,503316480,4123168604160
7,2,8,1,1,1048576,1.4197759628295898,1.51876802444458,0.0008339136838912964,4026531840,4026531840
7,2,8,1,128,1048576,1.4100704193115234,1.5613216400146483,0.0008339136838912964,4026531840,515396075520
7,2,8,1,1024,1048576,3.8181121826171873,4.137788772583008,0.0008339136838912964,4026531840,4123168604160
7,2,8,1,8192,1048576,22.088908386230468,25.239955139160156,0.0008339136838912964,4026531840,32985348833280
7,1,16,1,1,32768,0.07544639706611633,0.6811327934265137,0.0008585304021835327,125829120,125829120
7,1,16,1,128,32768,0.07667199969291687,0.7176383972167969,0.0008585304021835327,125829120,16106127360
7,1,16,1,1024,32768,0.12230720520019531,0.6465087890625,0.0008585304021835327,125829120,128849018880
7,1,16,1,8192,32768,0.6949984073638916,2.935343933105469,0.0008585304021835327,125829120,1030792151040
7,1,16,1,1,131072,0.10806399583816528,0.6043231964111329,0.0008585304021835327,503316480,503316480
7,1,16,1,128,131072,0.11001919507980347,0.7177536010742187,0.0008585304021835327,503316480,64424509440
7,1,16,1,1024,131072,0.39642560482025146,0.862883186340332,0.0008585304021835327,503316480,515396075520
7,1,16,1,8192,131072,2.4238176345825195,5.229289627075195,0.0008585304021835327,503316480,4123168604160
7,1,16,1,1,1048576,0.7454847812652587,0.9233311653137207,0.0008585304021835327,4026531840,4026531840
7,1,16,1,128,1048576,0.7466752052307128,0.962224006652832,0.0008585304021835327,4026531840,515396075520
7,1,16,1,1024,1048576,2.9161760330200197,3.698006439208984,0.0008585304021835327,4026531840,4123168604160
7,1,16,1,8192,1048576,21.523837280273437,26.532144165039064,0.0008585304021835327,4026531840,32985348833280
7,4,1,4,1,32768,0.3966207981109619,0.3951328039169312,0.0024666786193847656,503316480,503316480
7,4,1,4,128,32768,0.3954528093338013,0.4143680095672607,0.0024666786193847656,503316480,64424509440
7,4,1,4,1024,32768,0.5426239967346191,0.5127007961273193,0.0024666786193847656,503316480,515396075520
7,4,1,4,8192,32768,2.7072895050048826,2.8198335647583006,0.0024666786193847656,503316480,4123168604160
7,4,1,4,1,131072,1.4730848312377929,1.3759679794311523,0.0024666786193847656,2013265920,2013265920
7,4,1,4,128,131072,1.3883551597595214,1.3883232116699218,0.0024666786193847656,2013265920,257698037760
7,4,1,4,1024,131072,1.8745952606201173,1.8809343338012696,0.0024666786193847656,2013265920,2061584302080
7,4,1,4,8192,131072,11.389440155029297,11.210912322998047,0.0024666786193847656,2013265920,16492674416640
7,4,1,4,1,1048576,10.985676574707032,10.97479705810547,0.0024666786193847656,16106127360,16106127360
7,4,1,4,128,1048576,10.978902435302734,10.979503631591797,0.0024666786193847656,16106127360,2061584302080
7,4,1,4,1024,1048576,14.8115234375,14.802359008789063,0.0024666786193847656,16106127360,16492674416640
7,4,1,4,8192,1048576,95.96170043945312,95.7525634765625,0.0024666786193847656,16106127360,131941395333120
7,8,1,2,1,32768,0.35526399612426757,0.35523200035095215,0.0037479400634765625,251658240,251658240
7,8,1,2,128,32768,0.35672318935394287,0.35537919998168943,0.0037479400634765625,251658240,32212254720
7,8,1,2,1024,32768,0.4711904048919678,0.47087998390197755,0.0037479400634765625,251658240,257698037760
7,8,1,2,8192,32768,1.3703264236450194,1.3754688262939454,0.0037479400634765625,251658240,2061584302080
7,8,1,2,1,131072,1.4372896194458007,1.3947680473327637,0.0037479400634765625,1006632960,1006632960
7,8,1,2,128,131072,1.3773183822631836,1.3772831916809083,0.0037479400634765625,1006632960,128849018880
7,8,1,2,1024,131072,1.8302656173706056,1.8290559768676757,0.0037479400634765625,1006632960,1030792151040
7,8,1,2,8192,131072,5.489827346801758,5.666652679443359,0.0037479400634765625,1006632960,8246337208320
7,8,1,2,1,1048576,10.90219497680664,10.885513305664062,0.0037479400634765625,8053063680,8053063680
7,8,1,2,128,1048576,10.898851013183593,10.894818878173828,0.0037479400634765625,8053063680,1030792151040
7,8,1,2,1024,1048576,14.512165832519532,14.505973815917969,0.0037479400634765625,8053063680,8246337208320
7,8,1,2,8192,1048576,46.889523315429685,46.74098205566406,0.0037479400634765625,8053063680,65970697666560
7,4,2,2,1,32768,0.18689279556274413,0.39774720668792723,0.002676725387573242,251658240,251658240
7,4,2,2,128,32768,0.18732800483703613,0.4160160064697266,0.002676725387573242,251658240,32212254720
7,4,2,2,1024,32768,0.2506432056427002,0.42308478355407714,0.002676725387573242,251658240,257698037760
7,4,2,2,8192,32768,1.3617728233337403,1.8898176193237304,0.002676725387573242,251658240,2061584302080
7,4,2,2,1,131072,0.701632022857666,0.772214412689209,0.002676725387573242,1006632960,1006632960
7,4,2,2,128,131072,0.7038400173187256,0.7803904056549072,0.002676725387573242,1006632960,128849018880
7,4,2,2,1024,131072,0.9459103584289551,1.089033603668213,0.002676725387573242,1006632960,1030792151040
7,4,2,2,8192,131072,5.521724700927734,6.190895843505859,0.002676725387573242,1006632960,8246337208320
7,4,2,2,1,1048576,5.5023456573486325,5.563459014892578,0.002676725387573242,8053063680,8053063680
7,4,2,2,128,1048576,5.503062438964844,5.580358505249023,0.002676725387573242,8053063680,1030792151040
7,4,2,2,1024,1048576,7.4433341979980465,7.560655975341797,0.002676725387573242,8053063680,8246337208320
7,4,2,2,8192,1048576,48.16124267578125,47.4247802734375,0.002676725387573242,8053063680,65970697666560
7,2,4,2,1,32768,0.10535680055618286,0.5844351768493652,0.0014279484748840332,251658240,251658240
7,2,4,2,128,32768,0.10433599948883057,0.5970176219940185,0.0014279484748840332,251658240,32212254720
7,2,4,2,1024,32768,0.26500160694122316,0.679641580581665,0.0014279484748840332,251658240,257698037760
7,2,4,2,8192,32768,1.2355039596557618,2.3886720657348635,0.0014279484748840332,251658240,2061584302080
7,2,4,2,1,131072,0.3640160083770752,0.5752927780151367,0.0014279484748840332,1006632960,1006632960
7,2,4,2,128,131072,0.3643775939941406,0.602291202545166,0.0014279484748840332,1006632960,128849018880
7,2,4,2,1024,131072,0.9784064292907715,1.2180512428283692,0.0014279484748840332,1006632960,1030792151040
7,2,4,2,8192,131072,5.118499374389648,6.5845085144042965,0.0014279484748840332,1006632960,8246337208320
7,2,4,2,1,1048576,2.796371269226074,2.885763168334961,0.0014279484748840332,8053063680,8053063680
7,2,4,2,128,1048576,2.8060096740722655,2.9152639389038084,0.0014279484748840332,8053063680,1030792151040
7,2,4,2,1024,1048576,7.621977233886719,7.957161712646484,0.0014279484748840332,8053063680,8246337208320
7,2,4,2,8192,1048576,45.64842224121094,47.29241943359375,0.0014279484748840332,8053063680,65970697666560
8,16,1,1,1,32768,0.349564790725708,0.3484352111816406,0.0021317601203918457,125829120,125829120
8,16,1,1,128,32768,0.348035192489624,0.34860479831695557,0.0021317601203918457,125829120,16106127360
8,16,1,1,1024,32768,0.4688096046447754,0.4675487995147705,0.0021317601203918457,125829120,128849018880
8,16,1,1,8192,32768,0.9218048095703125,0.9220224380493164,0.0021317601203918457,125829120,1030792151040
8,16,1,1,1,131072,1.3557151794433593,1.3571200370788574,0.0021317601203918457,503316480,503316480
8,16,1,1,128,131072,1.3575967788696288,1.3577792167663574,0.0021317601203918457,503316480,64424509440
8,16,1,1,1024,131072,1.8183616638183593,1.817033576965332,0.0021317601203918457,503316480,515396075520
8,16,1,1,8192,131072,3.570297622680664,3.5614078521728514,0.0021317601203918457,503316480,4123168604160
8,16,1,1,1,1048576,10.723628997802734,10.723625946044923,0.0021317601203918457,4026531840,4026531840
8,16,1,1,128,1048576,10.724781036376953,10.724169921875,0.0021317601203918457,4026531840,515396075520
8,16,1,1,1024,1048576,14.355810546875,14.357469177246093,0.0021317601203918457,4026531840,4123168604160
8,16,1,1,8192,1048576,28.255035400390625,28.310198974609374,0.0021317601203918457,4026531840,32985348833280
8,8,2,1,1,32768,0.1858240008354187,0.48419837951660155,0.0019307434558868408,125829120,125829120
8,8,2,1,128,32768,0.1852671980857849,0.5020415782928467,0.0019307434558868408,125829120,16106127360
8,8,2,1,1024,32768,0.2464672088623047,0.5599135875701904,0.0019307434558868408,125829120,128849018880
8,8,2,1,8192,32768,0.7012991905212402,0.9965023994445801,0.0019307434558868408,125829120,1030792151040
8,8,2,1,1,131072,0.6894591808319092,0.7542655944824219,0.0019307434558868408,503316480,503316480
8,8,2,1,128,131072,0.6923999786376953,0.7631360054016113,0.0019307434558868408,503316480,64424509440
8,8,2,1,1024,131072,0.9177056312561035,1.11080322265625,0.0019307434558868408,503316480,515396075520
8,8,2,1,8192,131072,2.7280160903930666,3.10861759185791,0.0019307434558868408,503316480,4123168604160
8,8,2,1,1,1048576,5.412089538574219,5.481564712524414,0.0019307434558868408,4026531840,4026531840
8,8,2,1,128,1048576,5.413727951049805,5.492972946166992,0.0019307434558868408,4026531840,515396075520
8,8,2,1,1024,1048576,7.222086334228516,7.350179290771484,0.0019307434558868408,4026531840,4123168604160
8,8,2,1,8192,1048576,22.86942138671875,23.968482971191406,0.0019307434558868408,4026531840,32985348833280
8,4,4,1,1,32768,0.105404794216156,0.5625120162963867,0.0013146698474884033,125829120,125829120
8,4,4,1,128,32768,0.10845439434051514,0.5560895919799804,0.0013146698474884033,125829120,16106127360
8,4,4,1,1024,32768,0.13717119693756102,0.5499519824981689,0.0013146698474884033,125829120,128849018880
8,4,4,1,8192,32768,0.6967008113861084,1.296729564666748,0.0013146698474884033,125829120,1030792151040
8,4,4,1,1,131072,0.3574687957763672,0.5545216083526612,0.0013146698474884033,503316480,503316480
8,4,4,1,128,131072,0.35980799198150637,0.5886943817138672,0.0013146698474884033,503316480,64424509440
8,4,4,1,1024,131072,0.4853055953979492,0.6452767848968506,0.0013146698474884033,503316480,515396075520
8,4,4,1,8192,131072,2.778387260437012,3.4925472259521486,0.0013146698474884033,503316480,4123168604160
8,4,4,1,1,1048576,2.7401920318603517,2.8233728408813477,0.0013146698474884033,4026531840,4026531840
8,4,4,1,128,1048576,2.7432607650756835,2.835331153869629,0.0013146698474884033,4026531840,515396075520
8,4,4,1,1024,1048576,3.718038558959961,3.898681640625,0.0013146698474884033,4026531840,4123168604160
8,4,4,1,8192,1048576,23.213475036621094,25.841146850585936,0.0013146698474884033,4026531840,32985348833280
8,2,8,1,1,32768,0.07407680153846741,0.487824010848999,0.0014489591121673584,125829120,125829120
8,2,8,1,128,32768,0.07767999768257142,0.6023039817810059,0.0014489591121673584,125829120,16106127360
8,2,8,1,1024,32768,0.14476799964904785,0.6053120136260987,0.0014489591121673584,125829120,128849018880
8,2,8,1,8192,32768,0.657862377166748,1.8055711746215821,0.0014489591121673584,125829120,1030792151040
8,2,8,1,1,131072,0.19478399753570558,0.7617663860321044,0.0014489591121673584,503316480,503316480
8,2,8,1,128,131072,0.19384000301361085,0.564467191696167,0.0014489591121673584,503316480,64424509440
8,2,8,1,1024,131072,0.5074207782745361,0.7856160163879394,0.0014489591121673584,503316480,515396075520
8,2,8,1,8192,131072,2.612771224975586,3.9507198333740234,0.0014489591121673584,503316480,4123168604160
8,2,8,1,1,1048576,1.4034144401550293,1.5273951530456542,0.0014489591121673584,4026531840,4026531840
8,2,8,1,128,1048576,1.4078144073486327,1.559772777557373,0.0014489591121673584,4026531840,515396075520
8,2,8,1,1024,1048576,3.871692657470703,4.144569778442383,0.0014489591121673584,4026531840,4123168604160
8,2,8,1,8192,1048576,22.344671630859374,25.428591918945312,0.0014489591121673584,4026531840,32985348833280
8,1,16,1,1,32768,0.07563520073890687,0.6789087772369384,0.0008585304021835327,125829120,125829120
8,1,16,1,128,32768,0.09807040095329285,0.7161632061004639,0.0008585304021835327,125829120,16106127360
8,1,16,1,1024,32768,0.12382719516754151,0.6450655937194825,0.0008585304021835327,125829120,128849018880
8,1,16,1,8192,32768,0.7014624118804932,2.9352127075195313,0.0008585304021835327,125829120,1030792151040
8,1,16,1,1,131072,0.10824960470199585,0.6021823883056641,0.0008585304021835327,503316480,503316480
8,1,16,1,128,131072,0.11169600486755371,0.7157824039459229,0.0008585304021835327,503316480,64424509440
8,1,16,1,1024,131072,0.39358398914337156,0.8624863624572754,0.0008585304021835327,503316480,515396075520
8,1,16,1,8192,131072,2.4787296295166015,5.224780654907226,0.0008585304021835327,503316480,4123168604160
8,1,16,1,1,1048576,0.7419936180114746,0.9231455802917481,0.0008585304021835327,4026531840,4026531840
8,1,16,1,128,1048576,0.7443071842193604,0.9622143745422364,0.0008585304021835327,4026531840,515396075520
8,1,16,1,1024,1048576,2.9629024505615233,3.6977375030517576,0.0008585304021835327,4026531840,4123168604160
8,1,16,1,8192,1048576,21.932943725585936,26.526971435546876,0.0008585304021835327,4026531840,32985348833280
8,4,1,4,1,32768,0.4225471973419189,0.41930561065673827,0.0020828843116760254,503316480,503316480
8,4,1,4,128,32768,0.3913183927536011,0.38940479755401614,0.0020828843116760254,503316480,64424509440
8,4,1,4,1024,32768,0.484876823425293,0.4810495853424072,0.0020828843116760254,503316480,515396075520
8,4,1,4,8192,32768,2.7776512145996093,2.863216018676758,0.0020828843116760254,503316480,4123168604160
8,4,1,4,1,131072,1.4583200454711913,1.3798208236694336,0.0020828843116760254,2013265920,2013265920
8,4,1,4,128,131072,1.382476806640625,1.381824016571045,0.0020828843116760254,2013265920,257698037760
8,4,1,4,1024,131072,1.8671520233154297,1.8670783996582032,0.0020828843116760254,2013265920,2061584302080
8,4,1,4,8192,131072,11.557807922363281,11.579106903076172,0.0020828843116760254,2013265920,16492674416640
8,4,1,4,1,1048576,10.904528045654297,10.962928009033202,0.0020828843116760254,16106127360,16106127360
8,4,1,4,128,1048576,10.909471893310547,10.912873840332031,0.0020828843116760254,16106127360,2061584302080
8,4,1,4,1024,1048576,14.91593017578125,14.928326416015626,0.0020828843116760254,16106127360,16492674416640
8,4,1,4,8192,1048576,96.63731689453125,96.31847534179687,0.0020828843116760254,16106127360,131941395333120
8,8,1,2,1,32768,0.3547775983810425,0.35427520275115965,0.0022320151329040527,251658240,251658240
8,8,1,2,128,32768,0.35518081188201905,0.35605440139770506,0.0022320151329040527,251658240,32212254720
8,8,1,2,1024,32768,0.4709792137145996,0.4706143856048584,0.0022320151329040527,251658240,257698037760
8,8,1,2,8192,32768,1.3705599784851075,1.3839872360229493,0.0022320151329040527,251658240,2061584302080
8,8,1,2,1,131072,1.3839615821838378,1.365171241760254,0.0022320151329040527,1006632960,1006632960
8,8,1,2,128,131072,1.366758441925049,1.3695679664611817,0.0022320151329040527,1006632960,128849018880
8,8,1,2,1024,131072,1.819603157043457,1.8176671981811523,0.0022320151329040527,1006632960,1030792151040
8,8,1,2,8192,131072,5.5191902160644535,5.723833465576172,0.0022320151329040527,1006632960,8246337208320
8,8,1,2,1,1048576,10.806015777587891,10.808425903320312,0.0022320151329040527,8053063680,8053063680
8,8,1,2,128,1048576,10.808396911621093,10.809552001953126,0.0022320151329040527,8053063680,1030792151040
8,8,1,2,1024,1048576,14.422213745117187,14.425740051269532,0.0022320151329040527,8053063680,8246337208320
8,8,1,2,8192,1048576,47.254721069335936,47.150933837890626,0.0022320151329040527,8053063680,65970697666560
8,4,2,2,1,32768,0.1895807981491089,0.5309088230133057,0.002655029296875,251658240,251658240
8,4,2,2,128,32768,0.18925759792327881,0.5403776168823242,0.002655029296875,251658240,32212254720
8,4,2,2,1024,32768,0.2535840034484863,0.5608416080474854,0.002655029296875,251658240,257698037760
8,4,2,2,8192,32768,1.3913567543029786,1.9358720779418945,0.002655029296875,251658240,2061584302080
8,4,2,2,1,131072,0.7224607944488526,0.7879551887512207,0.002655029296875,1006632960,1006632960
8,4,2,2,128,131072,0.7005887985229492,0.7791264057159424,0.002655029296875,1006632960,128849018880
8,4,2,2,1024,131072,0.9448512077331543,1.0797951698303223,0.002655029296875,1006632960,1030792151040
8,4,2,2,8192,131072,5.653408050537109,6.428153228759766,0.002655029296875,1006632960,8246337208320
8,4,2,2,1,1048576,5.457721710205078,5.528547286987305,0.002655029296875,8053063680,8053063680
8,4,2,2,128,1048576,5.46607666015625,5.547452926635742,0.002655029296875,8053063680,1030792151040
8,4,2,2,1024,1048576,7.461801910400391,7.595222473144531,0.002655029296875,8053063680,8246337208320
8,4,2,2,8192,1048576,48.08204650878906,49.499490356445314,0.002655029296875,8053063680,65970697666560
8,2,4,2,1,32768,0.10912959575653076,0.5511392116546631,0.0015749633312225342,251658240,251658240
8,2,4,2,128,32768,0.10840959548950195,0.5760032176971436,0.0015749633312225342,251658240,32212254720
8,2,4,2,1024,32768,0.26660799980163574,0.5340991973876953,0.0015749633312225342,251658240,257698037760
8,2,4,2,8192,32768,1.2677727699279786,2.4170816421508787,0.0015749633312225342,251658240,2061584302080
8,2,4,2,1,131072,0.38036479949951174,0.5547296047210694,0.0015749633312225342,1006632960,1006632960
8,2,4,2,128,131072,0.3672895908355713,0.5696959972381592,0.0015749633312225342,1006632960,128849018880
8,2,4,2,1024,131072,0.9866944313049316,1.220297622680664,0.0015749633312225342,1006632960,1030792151040
8,2,4,2,8192,131072,5.274150466918945,6.831046295166016,0.0015749633312225342,1006632960,8246337208320
8,2,4,2,1,1048576,2.79388484954834,2.8716608047485352,0.0015749633312225342,8053063680,8053063680
8,2,4,2,128,1048576,2.797923278808594,2.9047775268554688,0.0015749633312225342,8053063680,1030792151040
8,2,4,2,1024,1048576,7.763238525390625,8.073648071289062,0.0015749633312225342,8053063680,8246337208320
8,2,4,2,8192,1048576,46.17685546875,50.39347534179687,0.0015749633312225342,8053063680,65970697666560
9,16,1,1,1,32768,0.34810240268707277,0.34781761169433595,0.001986205577850342,125829120,125829120
9,16,1,1,128,32768,0.3481663942337036,0.34736320972442625,0.001986205577850342,125829120,16106127360
9,16,1,1,1024,32768,0.46828160285949705,0.4667808055877686,0.001986205577850342,125829120,128849018880
9,16,1,1,8192,32768,0.9213151931762695,0.9152959823608399,0.001986205577850342,125829120,1030792151040
9,16,1,1,1,131072,1.3541152000427246,1.35349760055542,0.001986205577850342,503316480,503316480
9,16,1,1,128,131072,1.3547295570373534,1.3529024124145508,0.001986205577850342,503316480,64424509440
9,16,1,1,1024,131072,1.816124725341797,1.8166912078857422,0.001986205577850342,503316480,515396075520
9,16,1,1,8192,131072,3.5434337615966798,3.591571044921875,0.001986205577850342,503316480,4123168604160
9,16,1,1,1,1048576,10.721343994140625,10.721702575683594,0.001986205577850342,4026531840,4026531840
9,16,1,1,128,1048576,10.721475219726562,10.722454071044922,0.001986205577850342,4026531840,515396075520
9,16,1,1,1024,1048576,14.3930908203125,14.392044067382812,0.001986205577850342,4026531840,4123168604160
9,16,1,1,8192,1048576,28.50604248046875,28.354641723632813,0.001986205577850342,4026531840,32985348833280
9,8,2,1,1,32768,0.18487679958343506,0.4766592025756836,0.0019307434558868408,125829120,125829120
9,8,2,1,128,32768,0.18441280126571655,0.4984288215637207,0.0019307434558868408,125829120,16106127360
9,8,2,1,1024,32768,0.2444927930831909,0.5744063854217529,0.0019307434558868408,125829120,128849018880
9,8,2,1,8192,32768,0.7028480052947998,0.9971199989318847,0.0019307434558868408,125829120,1030792151040
9,8,2,1,1,131072,0.6899775981903076,0.7559008121490478,0.0019307434558868408,503316480,503316480
9,8,2,1,128,131072,0.6902976036071777,0.7637824058532715,0.0019307434558868408,503316480,64424509440
9,8,2,1,1024,131072,0.9188608169555664,1.1124320030212402,0.0019307434558868408,503316480,515396075520
9,8,2,1,8192,131072,2.712201690673828,3.1087104797363283,0.0019307434558868408,503316480,4123168604160
9,8,2,1,1,1048576,5.414313507080078,5.482876968383789,0.0019307434558868408,4026531840,4026531840
9,8,2,1,128,1048576,5.417574310302735,5.494063949584961,0.0019307434558868408,4026531840,515396075520
9,8,2,1,1024,1048576,7.225507354736328,7.352031707763672,0.0019307434558868408,4026531840,4123168604160
9,8,2,1,8192,1048576,22.897506713867188,23.968765258789062,0.0019307434558868408,4026531840,32985348833280
9,4,4,1,1,32768,0.10005120038986207,0.5660352230072021,0.0013146698474884033,125829120,125829120
9,4,4,1,128,32768,0.10077439546585083,0.5543680191040039,0.0013146698474884033,125829120,16106127360
9,4,4,1,1024,32768,0.1351647973060608,0.5511871814727783,0.0013146698474884033,125829120,128849018880
9,4,4,1,8192,32768,0.6956831932067871,1.2960895538330077,0.0013146698474884033,125829120,1030792151040
9,4,4,1,1,131072,0.35664958953857423,0.5528607845306397,0.0013146698474884033,503316480,503316480
9,4,4,1,128,131072,0.3571743965148926,0.5920383930206299,0.0013146698474884033,503316480,64424509440
9,4,4,1,1024,131072,0.48070402145385743,0.6466911792755127,0.0013146698474884033,503316480,515396075520
9,4,4,1,8192,131072,2.759760093688965,3.495471954345703,0.0013146698474884033,503316480,4123168604160
9,4,4,1,1,1048576,2.947999954223633,2.825129508972168,0.0013146698474884033,4026531840,4026531840
9,4,4,1,128,1048576,2.7415103912353516,2.8367103576660155,0.0013146698474884033,4026531840,515396075520
9,4,4,1,1024,1048576,3.7228702545166015,3.900201416015625,0.0013146698474884033,4026531840,4123168604160
9,4,4,1,8192,1048576,23.354354858398438,25.843539428710937,0.0013146698474884033,4026531840,32985348833280
9,2,8,1,1,32768,0.07247040271759034,0.4898335933685303,0.0014489591121673584,125829120,125829120
9,2,8,1,128,32768,0.07765439748764039,0.6022496223449707,0.0014489591121673584,125829120,16106127360
9,2,8,1,1024,32768,0.14243199825286865,0.6078752040863037,0.0014489591121673584,125829120,128849018880
9,2,8,1,8192,32768,0.6552800178527832,1.8058656692504882,0.0014489591121673584,125829120,1030792151040
9,2,8,1,1,131072,0.1902176022529602,0.7712128162384033,0.0014489591121673584,503316480,503316480
9,2,8,1,128,131072,0.19086400270462037,0.5618912220001221,0.0014489591121673584,503316480,64424509440
9,2,8,1,1024,131072,0.5021471977233887,0.7863264083862305,0.0014489591121673584,503316480,515396075520
9,2,8,1,8192,131072,2.5697439193725584,3.951987075805664,0.0014489591121673584,503316480,4123168604160
9,2,8,1,1,1048576,1.4607135772705078,1.5273280143737793,0.0014489591121673584,4026531840,4026531840
9,2,8,1,128,1048576,1.404207992553711,1.560326385498047,0.0014489591121673584,4026531840,515396075520
9,2,8,1,1024,1048576,3.854512023925781,4.1449119567871096,0.0014489591121673584,4026531840,4123168604160
9,2,8,1,8192,1048576,22.62175750732422,25.429664611816406,0.0014489591121673584,4026531840,32985348833280
9,1,16,1,1,32768,0.07219840288162231,0.6807616233825684,0.0008585304021835327,125829120,125829120
9,1,16,1,128,32768,0.07612800002098083,0.7174367904663086,0.0008585304021835327,125829120,16106127360
9,1,16,1,1024,32768,0.11991679668426514,0.6462944030761719,0.0008585304021835327,125829120,128849018880
9,1,16,1,8192,32768,0.6981760025024414,2.935152053833008,0.0008585304021835327,125829120,1030792151040
9,1,16,1,1,131072,0.10770560503005981,0.6042592048645019,0.0008585304021835327,503316480,503316480
9,1,16,1,128,131072,0.10983040332794189,0.7174943923950196,0.0008585304021835327,503316480,64424509440
9,1,16,1,1024,131072,0.39413440227508545,0.8622655868530273,0.0008585304021835327,503316480,515396075520
9,1,16,1,8192,131072,2.4710176467895506,5.225814437866211,0.0008585304021835327,503316480,4123168604160
9,1,16,1,1,1048576,0.7414752006530761,0.9232095718383789,0.0008585304021835327,4026531840,4026531840
9,1,16,1,128,1048576,0.7440447807312012,0.9625056266784668,0.0008585304021835327,4026531840,515396075520
9,1,16,1,1024,1048576,2.9658655166625976,3.6984542846679687,0.0008585304021835327,4026531840,4123168604160
9,1,16,1,8192,1048576,22.333616638183592,26.530258178710938,0.0008585304021835327,4026531840,32985348833280
9,4,1,4,1,32768,0.356112003326416,0.3561408042907715,0.0026946067810058594,503316480,503316480
9,4,1,4,128,32768,0.3564543962478638,0.3561055898666382,0.0026946067810058594,503316480,64424509440
9,4,1,4,1024,32768,0.48140478134155273,0.4808671951293945,0.0026946067810058594,503316480,515396075520
9,4,1,4,8192,32768,2.7907840728759767,2.9270944595336914,0.0026946067810058594,503316480,4123168604160
9,4,1,4,1,131072,1.437667179107666,1.4206496238708497,0.0026946067810058594,2013265920,2013265920
9,4,1,4,128,131072,1.3784992218017578,1.377996826171875,0.0026946067810058594,2013265920,257698037760
9,4,1,4,1024,131072,1.8631711959838868,1.874928092956543,0.0026946067810058594,2013265920,2061584302080
9,4,1,4,8192,131072,11.561837005615235,11.726630401611327,0.0026946067810058594,2013265920,16492674416640
9,4,1,4,1,1048576,10.909081268310548,10.909414672851563,0.0026946067810058594,16106127360,16106127360
9,4,1,4,128,1048576,10.9119873046875,10.912640380859376,0.0026946067810058594,16106127360,2061584302080
9,4,1,4,1024,1048576,14.907002258300782,15.010882568359374,0.0026946067810058594,16106127360,16492674416640
9,4,1,4,8192,1048576,100.21182250976562,99.09398803710937,0.0026946067810058594,16106127360,131941395333120
9,8,1,2,1,32768,0.3533472061157227,0.35426878929138184,0.0021501779556274414,251658240,251658240
9,8,1,2,128,32768,0.35399680137634276,0.35352320671081544,0.0021501779556274414,251658240,32212254720
9,8,1,2,1024,32768,0.4687744140625,0.46869759559631347,0.0021501779556274414,251658240,257698037760
9,8,1,2,8192,32768,1.3720064163208008,1.3793631553649903,0.0021501779556274414,251658240,2061584302080
9,8,1,2,1,131072,1.493017578125,1.4730208396911622,0.0021501779556274414,1006632960,1006632960
9,8,1,2,128,131072,1.3658464431762696,1.3655712127685546,0.0021501779556274414,1006632960,128849018880
9,8,1,2,1024,131072,1.818390464782715,1.818182373046875,0.0021501779556274414,1006632960,1030792151040
9,8,1,2,8192,131072,5.5100959777832035,5.736700820922851,0.0021501779556274414,1006632960,8246337208320
9,8,1,2,1,1048576,10.81448974609375,10.812777709960937,0.0021501779556274414,8053063680,8053063680
9,8,1,2,128,1048576,10.81563491821289,10.814707183837891,0.0021501779556274414,8053063680,1030792151040
9,8,1,2,1024,1048576,14.44117431640625,14.439132690429688,0.0021501779556274414,8053063680,8246337208320
9,8,1,2,8192,1048576,47.049276733398436,47.551394653320315,0.0021501779556274414,8053063680,65970697666560
9,4,2,2,1,32768,0.18578879833221434,0.5318431854248047,0.002655029296875,251658240,251658240
9,4,2,2,128,32768,0.18717440366744995,0.5403744220733643,0.002655029296875,251658240,32212254720
9,4,2,2,1024,32768,0.24937279224395753,0.5658592224121094,0.002655029296875,251658240,257698037760
9,4,2,2,8192,32768,1.3873727798461915,1.9357376098632812,0.002655029296875,251658240,2061584302080
9,4,2,2,1,131072,0.7075488090515136,0.7906239986419678,0.002655029296875,1006632960,1006632960
9,4,2,2,128,131072,0.6981215953826905,0.7808608055114746,0.002655029296875,1006632960,128849018880
9,4,2,2,1024,131072,0.9423392295837403,1.0809760093688965,0.002655029296875,1006632960,1030792151040
9,4,2,2,8192,131072,5.7051841735839846,6.4296318054199215,0.002655029296875,1006632960,8246337208320
9,4,2,2,1,1048576,5.485190582275391,5.529321670532227,0.002655029296875,8053063680,8053063680
9,4,2,2,128,1048576,5.467308807373047,5.548796844482422,0.002655029296875,8053063680,1030792151040
9,4,2,2,1024,1048576,7.4236610412597654,7.595343780517578,0.002655029296875,8053063680,8246337208320
9,4,2,2,8192,1048576,48.606317138671876,49.5034423828125,0.002655029296875,8053063680,65970697666560
9,2,4,2,1,32768,0.10290559530258178,0.5510687828063965,0.0015749633312225342,251658240,251658240
9,2,4,2,128,32768,0.10306880474090577,0.5766335964202881,0.0015749633312225342,251658240,32212254720
9,2,4,2,1024,32768,0.26188480854034424,0.5347583770751954,0.0015749633312225342,251658240,257698037760
9,2,4,2,8192,32768,1.2642592430114745,2.4179296493530273,0.0015749633312225342,251658240,2061584302080
9,2,4,2,1,131072,0.3725055932998657,0.5555456161499024,0.0015749633312225342,1006632960,1006632960
9,2,4,2,128,131072,0.36326720714569094,0.5702688217163085,0.0015749633312225342,1006632960,128849018880
9,2,4,2,1024,131072,0.9821344375610351,1.2213695526123047,0.0015749633312225342,1006632960,1030792151040
9,2,4,2,8192,131072,5.368598556518554,6.829532623291016,0.0015749633312225342,1006632960,8246337208320
9,2,4,2,1,1048576,2.8920415878295898,2.8729856491088865,0.0015749633312225342,8053063680,8053063680
9,2,4,2,128,1048576,2.7957664489746095,2.9060224533081054,0.0015749633312225342,8053063680,1030792151040
9,2,4,2,1024,1048576,7.7633506774902346,8.074332427978515,0.0015749633312225342,8053063680,8246337208320
9,2,4,2,8192,1048576,46.96461791992188,50.395562744140626,0.0015749633312225342,8053063680,65970697666560
10,16,1,1,1,32768,0.34856319427490234,0.3476320028305054,0.0021538734436035156,125829120,125829120
10,16,1,1,128,32768,0.34738879203796386,0.3471807956695557,0.0021538734436035156,125829120,16106127360
10,16,1,1,1024,32768,0.4670464038848877,0.46535358428955076,0.0021538734436035156,125829120,128849018880
10,16,1,1,8192,32768,0.8998656272888184,0.9001440048217774,0.0021538734436035156,125829120,1030792151040
10,16,1,1,1,131072,1.3535519599914552,1.3531935691833497,0.0021538734436035156,503316480,503316480
10,16,1,1,128,131072,1.353545570373535,1.3530624389648438,0.0021538734436035156,503316480,64424509440
10,16,1,1,1024,131072,1.8093439102172852,1.8080768585205078,0.0021538734436035156,503316480,515396075520
10,16,1,1,8192,131072,3.4829025268554688,3.496316909790039,0.0021538734436035156,503316480,4123168604160
10,16,1,1,1,1048576,10.718911743164062,10.718828582763672,0.0021538734436035156,4026531840,4026531840
10,16,1,1,128,1048576,10.7214111328125,10.71852798461914,0.0021538734436035156,4026531840,515396075520
10,16,1,1,1024,1048576,14.318287658691407,14.316310119628906,0.0021538734436035156,4026531840,4123168604160
10,16,1,1,8192,1048576,28.377651977539063,28.438397216796876,0.0021538734436035156,4026531840,32985348833280
10,8,2,1,1,32768,0.18249280452728273,0.5131680011749268,0.0036438703536987305,125829120,125829120
10,8,2,1,128,32768,0.1819264054298401,0.5288191795349121,0.0036438703536987305,125829120,16106127360
10,8,2,1,1024,32768,0.2434175968170166,0.5249887943267822,0.0036438703536987305,125829120,128849018880
10,8,2,1,8192,32768,0.7005504131317138,1.0026047706604004,0.0036438703536987305,125829120,1030792151040
10,8,2,1,1,131072,0.689955186843872,0.7528992176055909,0.0036438703536987305,503316480,503316480
10,8,2,1,128,131072,0.6896512031555175,0.764512014389038,0.0036438703536987305,503316480,64424509440
10,8,2,1,1024,131072,0.9180352210998535,1.0385631561279296,0.0036438703536987305,503316480,515396075520
10,8,2,1,8192,131072,2.6963743209838866,3.177891159057617,0.0036438703536987305,503316480,4123168604160
10,8,2,1,1,1048576,5.431548690795898,5.468950271606445,0.0036438703536987305,4026531840,4026531840
10,8,2,1,128,1048576,5.405964660644531,5.480527877807617,0.0036438703536987305,4026531840,515396075520
10,8,2,1,1024,1048576,7.219286346435547,7.341327667236328,0.0036438703536987305,4026531840,4123168604160
10,8,2,1,8192,1048576,23.41123809814453,28.708108520507814,0.0036438703536987305,4026531840,32985348833280
10,4,4,1,1,32768,0.09984319806098937,0.5659679889678955,0.0013146698474884033,125829120,125829120
10,4,4,1,128,32768,0.1004639983177185,0.5548672199249267,0.0013146698474884033,125829120,16106127360
10,4,4,1,1024,32768,0.13376959562301635,0.5512127876281738,0.0013146698474884033,125829120,128849018880
10,4,4,1,8192,32768,0.6864031791687012,1.2969087600708007,0.0013146698474884033,125829120,1030792151040
10,4,4,1,1,131072,0.35589759349822997,0.5530399799346923,0.0013146698474884033,503316480,503316480
10,4,4,1,128,131072,0.35618879795074465,0.5920639991760254,0.0013146698474884033,503316480,64424509440
10,4,4,1,1024,131072,0.4792799949645996,0.6466239929199219,0.0013146698474884033,503316480,515396075520
10,4,4,1,8192,131072,2.7286624908447266,3.4947841644287108,0.0013146698474884033,503316480,4123168604160
10,4,4,1,1,1048576,2.7390432357788086,2.8253152847290037,0.0013146698474884033,4026531840,4026531840
10,4,4,1,128,1048576,2.734889602661133,2.837017631530762,0.0013146698474884033,4026531840,515396075520
10,4,4,1,1024,1048576,3.7117919921875,3.9002975463867187,0.0013146698474884033,4026531840,4123168604160
10,4,4,1,8192,1048576,23.391162109375,25.846389770507812,0.0013146698474884033,4026531840,32985348833280
10,2,8,1,1,32768,0.07499520182609558,0.4899104118347168,0.0014489591121673584,125829120,125829120
10,2,8,1,128,32768,0.08174399733543396,0.6026944160461426,0.0014489591121673584,125829120,16106127360
10,2,8,1,1024,32768,0.17612160444259645,0.6082784175872803,0.0014489591121673584,125829120,128849018880
10,2,8,1,8192,32768,0.6495327949523926,1.8059616088867188,0.0014489591121673584,125829120,1030792151040
10,2,8,1,1,131072,0.18910080194473267,0.7715136051177979,0.0014489591121673584,503316480,503316480
10,2,8,1,128,131072,0.18994239568710328,0.5621695995330811,0.0014489591121673584,503316480,64424509440
10,2,8,1,1024,131072,0.49867839813232423,0.7863935947418212,0.0014489591121673584,503316480,515396075520
10,2,8,1,8192,131072,2.5580255508422853,3.953408050537109,0.0014489591121673584,503316480,4123168604160
10,2,8,1,1,1048576,1.4005727767944336,1.527843189239502,0.0014489591121673584,4026531840,4026531840
10,2,8,1,128,1048576,1.4023584365844726,1.5607839584350587,0.0014489591121673584,4026531840,515396075520
10,2,8,1,1024,1048576,3.816022491455078,4.145561599731446,0.0014489591121673584,4026531840,4123168604160
10,2,8,1,8192,1048576,22.366067504882814,25.430706787109376,0.0014489591121673584,4026531840,32985348833280
10,1,16,1,1,32768,0.07377600073814392,0.6810175895690918,0.0008585304021835327,125829120,125829120
10,1,16,1,128,32768,0.07237759828567505,0.7176544189453125,0.0008585304021835327,125829120,16106127360
10,1,16,1,1024,32768,0.14058879613876343,0.6463712215423584,0.0008585304021835327,125829120,128849018880
10,1,16,1,8192,32768,0.7963679790496826,2.9356416702270507,0.0008585304021835327,125829120,1030792151040
10,1,16,1,1,131072,0.10706559419631959,0.6045055866241456,0.0008585304021835327,503316480,503316480
10,1,16,1,128,131072,0.10880000591278076,0.7176928043365478,0.0008585304021835327,503316480,64424509440
10,1,16,1,1024,131072,0.39163520336151125,0.8628800392150879,0.0008585304021835327,503316480,515396075520
10,1,16,1,8192,131072,2.4697664260864256,5.230467224121094,0.0008585304021835327,503316480,4123168604160
10,1,16,1,1,1048576,0.7751584053039551,0.9233920097351074,0.0008585304021835327,4026531840,4026531840
10,1,16,1,128,1048576,0.7412415981292725,0.9626527786254883,0.0008585304021835327,4026531840,515396075520
10,1,16,1,1024,1048576,2.9194496154785154,3.6984256744384765,0.0008585304021835327,4026531840,4123168604160
10,1,16,1,8192,1048576,22.006166076660158,26.53248291015625,0.0008585304021835327,4026531840,32985348833280
10,4,1,4,1,32768,0.46138558387756345,0.46016640663146974,0.0022430419921875,503316480,503316480
10,4,1,4,128,32768,0.39843199253082273,0.35582718849182127,0.0022430419921875,503316480,64424509440
10,4,1,4,1024,32768,0.4807392120361328,0.48027839660644533,0.0022430419921875,503316480,515396075520
10,4,1,4,8192,32768,2.729523277282715,2.862681579589844,0.0022430419921875,503316480,4123168604160
10,4,1,4,1,131072,1.4958623886108398,1.3748415946960448,0.0022430419921875,2013265920,2013265920
10,4,1,4,128,131072,1.3762399673461914,1.3761119842529297,0.0022430419921875,2013265920,257698037760
10,4,1,4,1024,131072,1.8611200332641602,1.876367950439453,0.0022430419921875,2013265920,2061584302080
10,4,1,4,8192,131072,11.539532470703126,11.472844696044922,0.0022430419921875,2013265920,16492674416640
10,4,1,4,1,1048576,10.890879821777343,10.89024658203125,0.0022430419921875,16106127360,16106127360
10,4,1,4,128,1048576,10.894854736328124,10.894627380371094,0.0022430419921875,16106127360,2061584302080
10,4,1,4,1024,1048576,14.92271728515625,14.953266906738282,0.0022430419921875,16106127360,16492674416640
10,4,1,4,8192,1048576,97.05916137695313,97.93744506835938,0.0022430419921875,16106127360,131941395333120
10,8,1,2,1,32768,0.35300478935241697,0.35285439491271975,0.0024949312210083008,251658240,251658240
10,8,1,2,128,32768,0.35295040607452394,0.35323519706726075,0.0024949312210083008,251658240,32212254720
10,8,1,2,1024,32768,0.4680191993713379,0.46800961494445803,0.0024949312210083008,251658240,257698037760
10,8,1,2,8192,32768,1.3733375549316407,1.377798366546631,0.0024949312210083008,251658240,2061584302080
10,8,1,2,1,131072,1.413871955871582,1.3672575950622559,0.0024949312210083008,1006632960,1006632960
10,8,1,2,128,131072,1.362377643585205,1.3642656326293945,0.0024949312210083008,1006632960,128849018880
10,8,1,2,1024,131072,1.8171775817871094,1.8178335189819337,0.0024949312210083008,1006632960,1030792151040
10,8,1,2,8192,131072,5.557241439819336,5.718307113647461,0.0024949312210083008,1006632960,8246337208320
10,8,1,2,1,1048576,10.798332977294923,10.79803237915039,0.0024949312210083008,8053063680,8053063680
10,8,1,2,128,1048576,10.802047729492188,10.801197052001953,0.0024949312210083008,8053063680,1030792151040
10,8,1,2,1024,1048576,14.430021667480469,14.424214172363282,0.0024949312210083008,8053063680,8246337208320
10,8,1,2,8192,1048576,48.65198974609375,48.81556091308594,0.0024949312210083008,8053063680,65970697666560
10,4,2,2,1,32768,0.18536640405654908,0.5149695873260498,0.004208624362945557,251658240,251658240
10,4,2,2,128,32768,0.18612799644470215,0.5425759792327881,0.004208624362945557,251658240,32212254720
10,4,2,2,1024,32768,0.24853758811950682,0.5124544143676758,0.004208624362945557,251658240,257698037760
10,4,2,2,8192,32768,1.3672224044799806,1.958380889892578,0.004208624362945557,251658240,2061584302080
10,4,2,2,1,131072,0.7128960132598877,0.7861248016357422,0.004208624362945557,1006632960,1006632960
10,4,2,2,128,131072,0.6965888023376465,0.7772575855255127,0.004208624362945557,1006632960,128849018880
10,4,2,2,1024,131072,0.939891242980957,1.0940192222595215,0.004208624362945557,1006632960,1030792151040
10,4,2,2,8192,131072,5.635113525390625,6.440425872802734,0.004208624362945557,1006632960,8246337208320
10,4,2,2,1,1048576,5.453519821166992,5.528364944458008,0.004208624362945557,8053063680,8053063680
10,4,2,2,128,1048576,5.459811019897461,5.551180648803711,0.004208624362945557,8053063680,1030792151040
10,4,2,2,1024,1048576,7.415993499755859,7.743202972412109,0.004208624362945557,8053063680,8246337208320
10,4,2,2,8192,1048576,48.437310791015626,51.72159423828125,0.004208624362945557,8053063680,65970697666560
10,2,4,2,1,32768,0.1028223991394043,0.5512256145477294,0.0015749633312225342,251658240,251658240
10,2,4,2,128,32768,0.10306240320205688,0.5767968177795411,0.0015749633312225342,251658240,32212254720
10,2,4,2,1024,32768,0.2626591920852661,0.5357664108276368,0.0015749633312225342,251658240,257698037760
10,2,4,2,8192,32768,1.2455552101135254,2.419900894165039,0.0015749633312225342,251658240,2061584302080
10,2,4,2,1,131072,0.3756448030471802,0.555731201171875,0.0015749633312225342,1006632960,1006632960
10,2,4,2,128,131072,0.3628096103668213,0.5703648090362549,0.0015749633312225342,1006632960,128849018880
10,2,4,2,1024,131072,0.9742207527160645,1.221622371673584,0.0015749633312225342,1006632960,1030792151040
10,2,4,2,8192,131072,5.2703392028808596,6.828713226318359,0.0015749633312225342,1006632960,8246337208320
10,2,4,2,1,1048576,2.788425636291504,2.8729759216308595,0.0015749633312225342,8053063680,8053063680
10,2,4,2,128,1048576,2.7926048278808593,2.9064064025878906,0.0015749633312225342,8053063680,1030792151040
10,2,4,2,1024,1048576,7.6593505859375,8.075055694580078,0.0015749633312225342,8053063680,8246337208320
10,2,4,2,8192,1048576,47.332940673828126,50.400003051757814,0.0015749633312225342,8053063680,65970697666560
11,16,1,1,1,32768,0.3478656053543091,0.3480959892272949,0.002980828285217285,125829120,125829120
11,16,1,1,128,32768,0.3476927995681763,0.34746561050415037,0.002980828285217285,125829120,16106127360
11,16,1,1,1024,32768,0.46800961494445803,0.4666751861572266,0.002980828285217285,125829120,128849018880
11,16,1,1,8192,32768,0.9210304260253906,0.9216799736022949,0.002980828285217285,125829120,1030792151040
11,16,1,1,1,131072,1.3549535751342774,1.35447998046875,0.002980828285217285,503316480,503316480
11,16,1,1,128,131072,1.3572511672973633,1.3571359634399414,0.002980828285217285,503316480,64424509440
11,16,1,1,1024,131072,1.8125375747680663,1.8102367401123047,0.002980828285217285,503316480,515396075520
11,16,1,1,8192,131072,3.572751998901367,3.613740921020508,0.002980828285217285,503316480,4123168604160
11,16,1,1,1,1048576,10.747177886962891,10.721676635742188,0.002980828285217285,4026531840,4026531840
11,16,1,1,128,1048576,10.722988891601563,10.724022674560548,0.002980828285217285,4026531840,515396075520
11,16,1,1,1024,1048576,14.312211608886718,14.312947082519532,0.002980828285217285,4026531840,4123168604160
11,16,1,1,8192,1048576,28.40177001953125,34.35841674804688,0.002980828285217285,4026531840,32985348833280
11,8,2,1,1,32768,0.21559998989105225,0.5117311954498291,0.0036438703536987305,125829120,125829120
11,8,2,1,128,32768,0.19071359634399415,0.5248576164245605,0.0036438703536987305,125829120,16106127360
11,8,2,1,1024,32768,0.2500960111618042,0.5264480113983154,0.0036438703536987305,125829120,128849018880
11,8,2,1,8192,32768,0.7069536209106445,1.0024415969848632,0.0036438703536987305,125829120,1030792151040
11,8,2,1,1,131072,0.692310380935669,0.752563190460205,0.0036438703536987305,503316480,503316480
11,8,2,1,128,131072,0.691977596282959,0.7635551929473877,0.0036438703536987305,503316480,64424509440
11,8,2,1,1024,131072,0.9164544105529785,1.0384415626525878,0.0036438703536987305,503316480,515396075520
11,8,2,1,8192,131072,2.711919975280762,3.178726387023926,0.0036438703536987305,503316480,4123168604160
11,8,2,1,1,1048576,5.403673553466797,5.46888313293457,0.0036438703536987305,4026531840,4026531840
11,8,2,1,128,1048576,5.402931213378906,5.4794975280761715,0.0036438703536987305,4026531840,515396075520
11,8,2,1,1024,1048576,7.204838562011719,7.340541076660156,0.0036438703536987305,4026531840,4123168604160
11,8,2,1,8192,1048576,26.087158203125,28.711773681640626,0.0036438703536987305,4026531840,32985348833280
11,4,4,1,1,32768,0.22237439155578614,0.5636288166046143,0.0013146698474884033,125829120,125829120
11,4,4,1,128,32768,0.17114239931106567,0.5543903827667236,0.0013146698474884033,125829120,16106127360
11,4,4,1,1024,32768,0.1403839945793152,0.5485119819641113,0.0013146698474884033,125829120,128849018880
11,4,4,1,8192,32768,0.7183680057525634,1.2963135719299317,0.0013146698474884033,125829120,1030792151040
11,4,4,1,1,131072,0.36931838989257815,0.5525504112243652,0.0013146698474884033,503316480,503316480
11,4,4,1,128,131072,0.36011519432067873,0.5967391967773438,0.0013146698474884033,503316480,64424509440
11,4,4,1,1024,131072,0.4936672210693359,0.6445600032806397,0.0013146698474884033,503316480,515396075520
11,4,4,1,8192,131072,2.7741952896118165,3.4950241088867187,0.0013146698474884033,503316480,4123168604160
11,4,4,1,1,1048576,2.7558752059936524,2.8249088287353517,0.0013146698474884033,4026531840,4026531840
11,4,4,1,128,1048576,2.743155288696289,2.835273551940918,0.0013146698474884033,4026531840,515396075520
11,4,4,1,1024,1048576,3.7411617279052733,3.8984737396240234,0.0013146698474884033,4026531840,4123168604160
11,4,4,1,8192,1048576,23.780902099609374,25.843173217773437,0.0013146698474884033,4026531840,32985348833280
11,2,8,1,1,32768,0.08412479758262634,0.482147216796875,0.0014489591121673584,125829120,125829120
11,2,8,1,128,32768,0.08390079736709595,0.6020512104034423,0.0014489591121673584,125829120,16106127360
11,2,8,1,1024,32768,0.14582719802856445,0.6059648036956787,0.0014489591121673584,125829120,128849018880
11,2,8,1,8192,32768,0.6583903789520263,1.8054975509643554,0.0014489591121673584,125829120,1030792151040
11,2,8,1,1,131072,0.18952640295028686,0.7711359977722168,0.0014489591121673584,503316480,503316480
11,2,8,1,128,131072,0.19098559617996216,0.5618879795074463,0.0014489591121673584,503316480,64424509440
11,2,8,1,1024,131072,0.505456018447876,0.7856800079345703,0.0014489591121673584,503316480,515396075520
11,2,8,1,8192,131072,2.581257629394531,3.949494552612305,0.0014489591121673584,503316480,4123168604160
11,2,8,1,1,1048576,1.402076816558838,1.5272031784057618,0.0014489591121673584,4026531840,4026531840
11,2,8,1,128,1048576,1.404963207244873,1.5602208137512208,0.0014489591121673584,4026531840,515396075520
11,2,8,1,1024,1048576,3.8750911712646485,4.145004653930664,0.0014489591121673584,4026531840,4123168604160
11,2,8,1,8192,1048576,23.397071838378906,25.42828826904297,0.0014489591121673584,4026531840,32985348833280
11,1,16,1,1,32768,0.08094080090522766,0.6808320045471191,0.0008585304021835327,125829120,125829120
11,1,16,1,128,32768,0.08381119966506959,0.7174208164215088,0.0008585304021835327,125829120,16106127360
11,1,16,1,1024,32768,0.1208799958229065,0.6461599826812744,0.0008585304021835327,125829120,128849018880
11,1,16,1,8192,32768,0.6982975959777832,2.935264015197754,0.0008585304021835327,125829120,1030792151040
11,1,16,1,1,131072,0.10776640176773071,0.6146431922912597,0.0008585304021835327,503316480,503316480
11,1,16,1,128,131072,0.11341439485549927,0.7162335872650146,0.0008585304021835327,503316480,64424509440
11,1,16,1,1024,131072,0.3997247934341431,0.8618559837341309,0.0008585304021835327,503316480,515396075520
11,1,16,1,8192,131072,2.492064094543457,5.226003265380859,0.0008585304021835327,503316480,4123168604160
11,1,16,1,1,1048576,0.7440671920776367,0.9231776237487793,0.0008585304021835327,4026531840,4026531840
11,1,16,1,128,1048576,0.7447648048400879,0.9621248245239258,0.0008585304021835327,4026531840,515396075520
11,1,16,1,1024,1048576,3.007859230041504,3.6974143981933594,0.0008585304021835327,4026531840,4123168604160
11,1,16,1,8192,1048576,22.942140197753908,26.532330322265626,0.0008585304021835327,4026531840,32985348833280
11,4,1,4,1,32768,0.4865312099456787,0.48258562088012696,0.0027649998664855957,503316480,503316480
11,4,1,4,128,32768,0.36146240234375,0.36044480800628664,0.0027649998664855957,503316480,64424509440
11,4,1,4,1024,32768,0.4818560123443604,0.4824416160583496,0.0027649998664855957,503316480,515396075520
11,4,1,4,8192,32768,2.7854719161987305,2.9135200500488283,0.0027649998664855957,503316480,4123168604160
11,4,1,4,1,131072,1.6022207260131835,1.608915138244629,0.0027649998664855957,2013265920,2013265920
11,4,1,4,128,131072,1.383779239654541,1.383561611175537,0.0027649998664855957,2013265920,257698037760
11,4,1,4,1024,131072,1.8711904525756835,1.880531120300293,0.0027649998664855957,2013265920,2061584302080
11,4,1,4,8192,131072,11.784361267089844,12.239657592773437,0.0027649998664855957,2013265920,16492674416640
11,4,1,4,1,1048576,10.917469024658203,10.917062377929687,0.0027649998664855957,16106127360,16106127360
11,4,1,4,128,1048576,10.919232177734376,10.925039672851563,0.0027649998664855957,16106127360,2061584302080
11,4,1,4,1024,1048576,15.258326721191406,15.269715881347656,0.0027649998664855957,16106127360,16492674416640
11,4,1,4,8192,1048576,100.13361206054688,103.88990478515625,0.0027649998664855957,16106127360,131941395333120
11,8,1,2,1,32768,0.431763219833374,0.491926383972168,0.0021625757217407227,251658240,251658240
11,8,1,2,128,32768,0.5059648036956788,0.5093984127044677,0.0021625757217407227,251658240,32212254720
11,8,1,2,1024,32768,0.497379207611084,0.4845407962799072,0.0021625757217407227,251658240,257698037760
11,8,1,2,8192,32768,1.3970911979675293,1.4108511924743652,0.0021625757217407227,251658240,2061584302080
11,8,1,2,1,131072,1.4637120246887207,1.378483200073242,0.0021625757217407227,1006632960,1006632960
11,8,1,2,128,131072,1.3718015670776367,1.3730496406555175,0.0021625757217407227,1006632960,128849018880
11,8,1,2,1024,131072,1.833078384399414,1.8223936080932617,0.0021625757217407227,1006632960,1030792151040
11,8,1,2,8192,131072,5.873833465576172,5.898108673095703,0.0021625757217407227,1006632960,8246337208320
11,8,1,2,1,1048576,10.900927734375,10.813046264648438,0.0021625757217407227,8053063680,8053063680
11,8,1,2,128,1048576,10.814835357666016,10.81717758178711,0.0021625757217407227,8053063680,1030792151040
11,8,1,2,1024,1048576,14.456895446777343,14.447929382324219,0.0021625757217407227,8053063680,8246337208320
11,8,1,2,8192,1048576,48.631036376953126,62.96910400390625,0.0021625757217407227,8053063680,65970697666560
11,4,2,2,1,32768,0.27797119617462157,0.5160352230072022,0.004208624362945557,251658240,251658240
11,4,2,2,128,32768,0.2246783971786499,0.5436863899230957,0.004208624362945557,251658240,32212254720
11,4,2,2,1024,32768,0.3048255920410156,0.4984127998352051,0.004208624362945557,251658240,257698037760
11,4,2,2,8192,32768,1.4069567680358888,1.9550399780273438,0.004208624362945557,251658240,2061584302080
11,4,2,2,1,131072,0.7246528148651123,0.7854623794555664,0.004208624362945557,1006632960,1006632960
11,4,2,2,128,131072,0.7030240058898926,0.7763391971588135,0.004208624362945557,1006632960,128849018880
11,4,2,2,1024,131072,0.9498080253601074,1.093344020843506,0.004208624362945557,1006632960,1030792151040
11,4,2,2,8192,131072,5.724636840820312,6.43834228515625,0.004208624362945557,1006632960,8246337208320
11,4,2,2,1,1048576,5.46995849609375,5.52782096862793,0.004208624362945557,8053063680,8053063680
11,4,2,2,128,1048576,5.47215690612793,5.549468612670898,0.004208624362945557,8053063680,1030792151040
11,4,2,2,1024,1048576,7.591519927978515,7.738384246826172,0.004208624362945557,8053063680,8246337208320
11,4,2,2,8192,1048576,51.61011962890625,51.707159423828124,0.004208624362945557,8053063680,65970697666560
11,2,4,2,1,32768,0.14345920085906982,0.5492032051086426,0.0015749633312225342,251658240,251658240
11,2,4,2,128,32768,0.14246079921722413,0.5772160053253174,0.0015749633312225342,251658240,32212254720
11,2,4,2,1024,32768,0.28771519660949707,0.5334784030914307,0.0015749633312225342,251658240,257698037760
11,2,4,2,8192,32768,1.3518239974975585,2.416752052307129,0.0015749633312225342,251658240,2061584302080
11,2,4,2,1,131072,0.3668064117431641,0.5473440170288086,0.0015749633312225342,1006632960,1006632960
11,2,4,2,128,131072,0.36765758991241454,0.569542407989502,0.0015749633312225342,1006632960,128849018880
11,2,4,2,1024,131072,0.9895487785339355,1.219865608215332,0.0015749633312225342,1006632960,1030792151040
11,2,4,2,8192,131072,5.539161682128906,6.830569458007813,0.0015749633312225342,1006632960,8246337208320
11,2,4,2,1,1048576,2.9538591384887694,2.871977615356445,0.0015749633312225342,8053063680,8053063680
11,2,4,2,128,1048576,2.802022361755371,2.905036735534668,0.0015749633312225342,8053063680,1030792151040
11,2,4,2,1024,1048576,7.785187530517578,8.073145294189453,0.0015749633312225342,8053063680,8246337208320
11,2,4,2,8192,1048576,49.478085327148435,50.39308471679688,0.0015749633312225342,8053063680,65970697666560
12,16,1,1,1,32768,0.34825921058654785,0.3472192049026489,0.0016126632690429688,125829120,125829120
12,16,1,1,128,32768,0.34810240268707277,0.348089599609375,0.0016126632690429688,125829120,16106127360
12,16,1,1,1024,32768,0.4701183795928955,0.4685311794281006,0.0016126632690429688,125829120,128849018880
12,16,1,1,8192,32768,0.9141311645507812,0.9117919921875,0.0016126632690429688,125829120,1030792151040
12,16,1,1,1,131072,1.3563488006591797,1.3553376197814941,0.0016126632690429688,503316480,503316480
12,16,1,1,128,131072,1.3576416015625,1.3571423530578612,0.0016126632690429688,503316480,64424509440
12,16,1,1,1024,131072,1.8178911209106445,1.8181503295898438,0.0016126632690429688,503316480,515396075520
12,16,1,1,8192,131072,3.5326560974121093,3.5177120208740233,0.0016126632690429688,503316480,4123168604160
12,16,1,1,1,1048576,10.7310302734375,10.73056640625,0.0016126632690429688,4026531840,4026531840
12,16,1,1,128,1048576,10.740755462646485,10.739891052246094,0.0016126632690429688,4026531840,515396075520
12,16,1,1,1024,1048576,14.396493530273437,14.39189453125,0.0016126632690429688,4026531840,4123168604160
12,16,1,1,8192,1048576,27.932427978515626,27.881912231445312,0.0016126632690429688,4026531840,32985348833280
12,8,2,1,1,32768,0.18958719968795776,0.5089151859283447,0.0019367039203643799,125829120,125829120
12,8,2,1,128,32768,0.18750079870223998,0.5509952068328857,0.0019367039203643799,125829120,16106127360
12,8,2,1,1024,32768,0.2452768087387085,0.5905727863311767,0.0019367039203643799,125829120,128849018880
12,8,2,1,8192,32768,0.7002912044525147,1.0024191856384277,0.0019367039203643799,125829120,1030792151040
12,8,2,1,1,131072,0.691648006439209,0.7541344165802002,0.0019367039203643799,503316480,503316480
12,8,2,1,128,131072,0.6950240135192871,0.76561598777771,0.0019367039203643799,503316480,64424509440
12,8,2,1,1024,131072,0.923465633392334,1.0436800003051758,0.0019367039203643799,503316480,515396075520
12,8,2,1,8192,131072,2.6811967849731446,3.0708736419677733,0.0019367039203643799,503316480,4123168604160
12,8,2,1,1,1048576,5.4134784698486325,5.496092987060547,0.0019367039203643799,4026531840,4026531840
12,8,2,1,128,1048576,5.425657653808594,5.4970848083496096,0.0019367039203643799,4026531840,515396075520
12,8,2,1,1024,1048576,7.241798400878906,7.363491058349609,0.0019367039203643799,4026531840,4123168604160
12,8,2,1,8192,1048576,22.136703491210938,23.059388732910158,0.0019367039203643799,4026531840,32985348833280
12,4,4,1,1,32768,0.10063999891281128,0.5964096069335938,0.0013860464096069336,125829120,125829120
12,4,4,1,128,32768,0.10404479503631592,0.5940063953399658,0.0013860464096069336,125829120,16106127360
12,4,4,1,1024,32768,0.13929599523544312,0.5902239799499511,0.0013860464096069336,125829120,128849018880
12,4,4,1,8192,32768,0.691155195236206,1.2812064170837403,0.0013860464096069336,125829120,1030792151040
12,4,4,1,1,131072,0.36205759048461916,0.5463520050048828,0.0013860464096069336,503316480,503316480
12,4,4,1,128,131072,0.361081600189209,0.5883999824523926,0.0013860464096069336,503316480,64424509440
12,4,4,1,1024,131072,0.4856575965881348,0.6423999786376953,0.0013860464096069336,503316480,515396075520
12,4,4,1,8192,131072,2.721321678161621,3.4334815979003905,0.0013860464096069336,503316480,4123168604160
12,4,4,1,1,1048576,2.7654848098754883,2.8224159240722657,0.0013860464096069336,4026531840,4026531840
12,4,4,1,128,1048576,2.7481184005737305,2.8476383209228517,0.0013860464096069336,4026531840,515396075520
12,4,4,1,1024,1048576,3.731798553466797,3.9106624603271483,0.0013860464096069336,4026531840,4123168604160
12,4,4,1,8192,1048576,22.537933349609375,25.541783142089844,0.0013860464096069336,4026531840,32985348833280
12,2,8,1,1,32768,0.07549440264701843,0.488646411895752,0.0014489591121673584,125829120,125829120
12,2,8,1,128,32768,0.07120640277862549,0.6014560222625732,0.0014489591121673584,125829120,16106127360
12,2,8,1,1024,32768,0.14483840465545655,0.6067008018493653,0.0014489591121673584,125829120,128849018880
12,2,8,1,8192,32768,0.6553855895996094,1.8043584823608398,0.0014489591121673584,125829120,1030792151040
12,2,8,1,1,131072,0.1898527979850769,0.7711616039276123,0.0014489591121673584,503316480,503316480
12,2,8,1,128,131072,0.19307199716567994,0.561084794998169,0.0014489591121673584,503316480,64424509440
12,2,8,1,1024,131072,0.5053919792175293,0.7850751876831055,0.0014489591121673584,503316480,515396075520
12,2,8,1,8192,131072,2.5121023178100588,3.9511489868164062,0.0014489591121673584,503316480,4123168604160
12,2,8,1,1,1048576,1.4073087692260742,1.5273983955383301,0.0014489591121673584,4026531840,4026531840
12,2,8,1,128,1048576,1.4130592346191406,1.558944034576416,0.0014489591121673584,4026531840,515396075520
12,2,8,1,1024,1048576,3.8287841796875,4.143404769897461,0.0014489591121673584,4026531840,4123168604160
12,2,8,1,8192,1048576,21.59400634765625,25.425759887695314,0.0014489591121673584,4026531840,32985348833280
12,1,16,1,1,32768,0.08719040155410766,0.6797984123229981,0.0008585304021835327,125829120,125829120
12,1,16,1,128,32768,0.08991360068321227,0.7158880233764648,0.0008585304021835327,125829120,16106127360
12,1,16,1,1024,32768,0.12408640384674072,0.6447679996490479,0.0008585304021835327,125829120,128849018880
12,1,16,1,8192,32768,0.697753620147705,2.9334943771362303,0.0008585304021835327,125829120,1030792151040
12,1,16,1,1,131072,0.1139456033706665,0.6026624202728271,0.0008585304021835327,503316480,503316480
12,1,16,1,128,131072,0.11550400257110596,0.7163584232330322,0.0008585304021835327,503316480,64424509440
12,1,16,1,1024,131072,0.39185280799865724,0.8623552322387695,0.0008585304021835327,503316480,515396075520
12,1,16,1,8192,131072,2.428963279724121,5.228220748901367,0.0008585304021835327,503316480,4123168604160
12,1,16,1,1,1048576,0.7439616203308106,0.9233823776245117,0.0008585304021835327,4026531840,4026531840
12,1,16,1,128,1048576,0.744700813293457,0.9622367858886719,0.0008585304021835327,4026531840,515396075520
12,1,16,1,1024,1048576,2.9360544204711916,3.6967838287353514,0.0008585304021835327,4026531840,4123168604160
12,1,16,1,8192,1048576,21.222671508789062,26.529736328125,0.0008585304021835327,4026531840,32985348833280
12,4,1,4,1,32768,0.3632800102233887,0.3616960048675537,0.0022798776626586914,503316480,503316480
12,4,1,4,128,32768,0.36155200004577637,0.36201279163360595,0.0022798776626586914,503316480,64424509440
12,4,1,4,1024,32768,0.4866687774658203,0.48621439933776855,0.0022798776626586914,503316480,515396075520
12,4,1,4,8192,32768,2.7379295349121096,2.794611167907715,0.0022798776626586914,503316480,4123168604160
12,4,1,4,1,131072,1.4903679847717286,1.4381248474121093,0.0022798776626586914,2013265920,2013265920
12,4,1,4,128,131072,1.3878656387329102,1.3869312286376954,0.0022798776626586914,2013265920,257698037760
12,4,1,4,1024,131072,1.8749055862426758,1.8797151565551757,0.0022798776626586914,2013265920,2061584302080
12,4,1,4,8192,131072,11.157785797119141,11.252870178222656,0.0022798776626586914,2013265920,16492674416640
12,4,1,4,1,1048576,10.944857788085937,10.937811279296875,0.0022798776626586914,16106127360,16106127360
12,4,1,4,128,1048576,10.943590545654297,10.975888061523438,0.0022798776626586914,16106127360,2061584302080
12,4,1,4,1024,1048576,14.816867065429687,14.825509643554687,0.0022798776626586914,16106127360,16492674416640
12,4,1,4,8192,1048576,95.60650024414062,95.38187255859376,0.0022798776626586914,16106127360,131941395333120
12,8,1,2,1,32768,0.35496320724487307,0.3546432018280029,0.002148866653442383,251658240,251658240
12,8,1,2,128,32768,0.35646400451660154,0.3562432050704956,0.002148866653442383,251658240,32212254720
12,8,1,2,1024,32768,0.47152318954467776,0.4708703994750977,0.002148866653442383,251658240,257698037760
12,8,1,2,8192,32768,1.3655455589294434,1.3920255661010743,0.002148866653442383,251658240,2061584302080
12,8,1,2,1,131072,1.4154560089111328,1.4202783584594727,0.002148866653442383,1006632960,1006632960
12,8,1,2,128,131072,1.3787775993347169,1.3766176223754882,0.002148866653442383,1006632960,128849018880
12,8,1,2,1024,131072,1.8300287246704101,1.8275615692138671,0.002148866653442383,1006632960,1030792151040
12,8,1,2,8192,131072,5.364128112792969,5.50211181640625,0.002148866653442383,1006632960,8246337208320
12,8,1,2,1,1048576,10.849932861328124,10.846694183349609,0.002148866653442383,8053063680,8053063680
12,8,1,2,128,1048576,10.84512939453125,10.830796813964843,0.002148866653442383,8053063680,1030792151040
12,8,1,2,1024,1048576,14.461196899414062,14.440908813476563,0.002148866653442383,8053063680,8246337208320
12,8,1,2,8192,1048576,44.59513854980469,45.29554748535156,0.002148866653442383,8053063680,65970697666560
12,4,2,2,1,32768,0.19140479564666749,0.5781951904296875,0.0021386444568634033,251658240,251658240
12,4,2,2,128,32768,0.19119999408721924,0.5529376029968261,0.0021386444568634033,251658240,32212254720
12,4,2,2,1024,32768,0.25484800338745117,0.5897664070129395,0.0021386444568634033,251658240,257698037760
12,4,2,2,8192,32768,1.3714112281799316,1.9062271118164062,0.0021386444568634033,251658240,2061584302080
12,4,2,2,1,131072,0.7091199874877929,0.7737823963165283,0.0021386444568634033,1006632960,1006632960
12,4,2,2,128,131072,0.7025728225708008,0.7835552215576171,0.0021386444568634033,1006632960,128849018880
12,4,2,2,1024,131072,0.9483072280883789,1.094940757751465,0.0021386444568634033,1006632960,1030792151040
12,4,2,2,8192,131072,5.558665466308594,6.199331283569336,0.0021386444568634033,1006632960,8246337208320
12,4,2,2,1,1048576,5.479523086547852,5.5492095947265625,0.0021386444568634033,8053063680,8053063680
12,4,2,2,128,1048576,5.488486480712891,5.566447830200195,0.0021386444568634033,8053063680,1030792151040
12,4,2,2,1024,1048576,7.449452972412109,7.5655357360839846,0.0021386444568634033,8053063680,8246337208320
12,4,2,2,8192,1048576,46.52377624511719,47.309234619140625,0.0021386444568634033,8053063680,65970697666560
12,2,4,2,1,32768,0.11725759506225586,0.63821439743042,0.0015176832675933838,251658240,251658240
12,2,4,2,128,32768,0.11798720359802246,0.6661056041717529,0.0015176832675933838,251658240,32212254720
12,2,4,2,1024,32768,0.27041599750518797,0.6311744213104248,0.0015176832675933838,251658240,257698037760
12,2,4,2,8192,32768,1.2489343643188477,2.448246383666992,0.0015176832675933838,251658240,2061584302080
12,2,4,2,1,131072,0.3632735967636108,0.650771188735962,0.0015176832675933838,1006632960,1006632960
12,2,4,2,128,131072,0.36907200813293456,0.7445504188537597,0.0015176832675933838,1006632960,128849018880
12,2,4,2,1024,131072,0.9815903663635254,1.2138496398925782,0.0015176832675933838,1006632960,1030792151040
12,2,4,2,8192,131072,5.128579330444336,6.804726409912109,0.0015176832675933838,1006632960,8246337208320
12,2,4,2,1,1048576,2.819820785522461,2.8821151733398436,0.0015176832675933838,8053063680,8053063680
12,2,4,2,128,1048576,2.8064800262451173,2.9343551635742187,0.0015176832675933838,8053063680,1030792151040
12,2,4,2,1024,1048576,7.647644805908203,7.917485046386719,0.0015176832675933838,8053063680,8246337208320
12,2,4,2,8192,1048576,44.566226196289065,47.73506164550781,0.0015176832675933838,8053063680,65970697666560
13,16,1,1,1,32768,0.3492192029953003,0.3490272045135498,0.002055048942565918,125829120,125829120
13,16,1,1,128,32768,0.3486848115921021,0.3489408016204834,0.002055048942565918,125829120,16106127360
13,16,1,1,1024,32768,0.4763008117675781,0.4743040084838867,0.002055048942565918,125829120,128849018880
13,16,1,1,8192,32768,0.9087679862976075,0.9059103965759278,0.002055048942565918,125829120,1030792151040
13,16,1,1,1,131072,1.3584863662719726,1.3582271575927733,0.002055048942565918,503316480,503316480
13,16,1,1,128,131072,1.3598176002502442,1.358176040649414,0.002055048942565918,503316480,64424509440
13,16,1,1,1024,131072,1.8175008773803711,1.8144575119018556,0.002055048942565918,503316480,515396075520
13,16,1,1,8192,131072,3.5139934539794924,3.522780990600586,0.002055048942565918,503316480,4123168604160
13,16,1,1,1,1048576,10.755510711669922,10.755315399169922,0.002055048942565918,4026531840,4026531840
13,16,1,1,128,1048576,10.75927963256836,10.758140563964844,0.002055048942565918,4026531840,515396075520
13,16,1,1,1024,1048576,14.380461120605469,14.381388854980468,0.002055048942565918,4026531840,4123168604160
13,16,1,1,8192,1048576,28.170159912109376,28.277947998046876,0.002055048942565918,4026531840,32985348833280
13,8,2,1,1,32768,0.18360639810562135,0.5092351913452149,0.0019367039203643799,125829120,125829120
13,8,2,1,128,32768,0.18402880430221558,0.5646336078643799,0.0019367039203643799,125829120,16106127360
13,8,2,1,1024,32768,0.2455904006958008,0.5934944152832031,0.0019367039203643799,125829120,128849018880
13,8,2,1,8192,32768,0.7022111892700196,1.0046208381652832,0.0019367039203643799,125829120,1030792151040
13,8,2,1,1,131072,0.6911968231201172,0.7545472145080566,0.0019367039203643799,503316480,503316480
13,8,2,1,128,131072,0.6917088031768799,0.766707181930542,0.0019367039203643799,503316480,64424509440
13,8,2,1,1024,131072,0.9216832160949707,1.0447168350219727,0.0019367039203643799,503316480,515396075520
13,8,2,1,8192,131072,2.7047456741333007,3.0722463607788084,0.0019367039203643799,503316480,4123168604160
13,8,2,1,1,1048576,5.41978874206543,5.505507278442383,0.0019367039203643799,4026531840,4026531840
13,8,2,1,128,1048576,5.425551986694336,5.4975135803222654,0.0019367039203643799,4026531840,515396075520
13,8,2,1,1024,1048576,7.236083221435547,7.364972686767578,0.0019367039203643799,4026531840,4123168604160
13,8,2,1,8192,1048576,22.846246337890626,23.060733032226562,0.0019367039203643799,4026531840,32985348833280
13,4,4,1,1,32768,0.10132800340652466,0.6173120021820069,0.0013860464096069336,125829120,125829120
13,4,4,1,128,32768,0.10186560153961181,0.5947648048400879,0.0013860464096069336,125829120,16106127360
13,4,4,1,1024,32768,0.13731839656829833,0.5922431945800781,0.0013860464096069336,125829120,128849018880
13,4,4,1,8192,32768,0.6851647853851318,1.2827872276306151,0.0013860464096069336,125829120,1030792151040
13,4,4,1,1,131072,0.3577631950378418,0.5499423980712891,0.0013860464096069336,503316480,503316480
13,4,4,1,128,131072,0.3567712068557739,0.5867936134338378,0.0013860464096069336,503316480,64424509440
13,4,4,1,1024,131072,0.48090238571166993,0.643123197555542,0.0013860464096069336,503316480,515396075520
13,4,4,1,8192,131072,2.7270431518554688,3.43326416015625,0.0013860464096069336,503316480,4123168604160
13,4,4,1,1,1048576,2.7404895782470704,2.822643280029297,0.0013860464096069336,4026531840,4026531840
13,4,4,1,128,1048576,2.745475196838379,2.8484575271606447,0.0013860464096069336,4026531840,515396075520
13,4,4,1,1024,1048576,3.7305057525634764,3.911711883544922,0.0013860464096069336,4026531840,4123168604160
13,4,4,1,8192,1048576,22.656204223632812,25.546153259277343,0.0013860464096069336,4026531840,32985348833280
13,2,8,1,1,32768,0.07987840175628662,0.48859200477600095,0.0014489591121673584,125829120,125829120
13,2,8,1,128,32768,0.07548159956932068,0.6015232086181641,0.0014489591121673584,125829120,16106127360
13,2,8,1,1024,32768,0.14298559427261354,0.6080351829528808,0.0014489591121673584,125829120,128849018880
13,2,8,1,8192,32768,0.6493663787841797,1.8053695678710937,0.0014489591121673584,125829120,1030792151040
13,2,8,1,1,131072,0.18932160139083862,0.7708672046661377,0.0014489591121673584,503316480,503316480
13,2,8,1,128,131072,0.1894719958305359,0.5616672039031982,0.0014489591121673584,503316480,64424509440
13,2,8,1,1024,131072,0.5018911838531495,0.7861695766448975,0.0014489591121673584,503316480,515396075520
13,2,8,1,8192,131072,2.5259552001953125,3.9521217346191406,0.0014489591121673584,503316480,4123168604160
13,2,8,1,1,1048576,1.4111071586608888,1.5273823738098145,0.0014489591121673584,4026531840,4026531840
13,2,8,1,128,1048576,1.4042143821716309,1.560416030883789,0.0014489591121673584,4026531840,515396075520
13,2,8,1,1024,1048576,3.826508712768555,4.144473648071289,0.0014489591121673584,4026531840,4123168604160
13,2,8,1,8192,1048576,22.073245239257812,25.427206420898436,0.0014489591121673584,4026531840,32985348833280
13,1,16,1,1,32768,0.09160959720611572,0.6801439762115479,0.0008585304021835327,125829120,125829120
13,1,16,1,128,32768,0.09185600280761719,0.7165823936462402,0.0008585304021835327,125829120,16106127360
13,1,16,1,1024,32768,0.12048319578170777,0.6458687782287598,0.0008585304021835327,125829120,128849018880
13,1,16,1,8192,32768,0.6932864189147949,2.9353151321411133,0.0008585304021835327,125829120,1030792151040
13,1,16,1,1,131072,0.10895040035247802,0.6039648056030273,0.0008585304021835327,503316480,503316480
13,1,16,1,128,131072,0.10928640365600586,0.7173024177551269,0.0008585304021835327,503316480,64424509440
13,1,16,1,1024,131072,0.3891263961791992,0.8625023841857911,0.0008585304021835327,503316480,515396075520
13,1,16,1,8192,131072,2.441472053527832,5.226409530639648,0.0008585304021835327,503316480,4123168604160
13,1,16,1,1,1048576,0.7426400184631348,0.9232224464416504,0.0008585304021835327,4026531840,4026531840
13,1,16,1,128,1048576,0.7437056064605713,0.9621855735778808,0.0008585304021835327,4026531840,515396075520
13,1,16,1,1024,1048576,2.9305919647216796,3.6970401763916017,0.0008585304021835327,4026531840,4123168604160
13,1,16,1,8192,1048576,21.611241149902344,26.53028259277344,0.0008585304021835327,4026531840,32985348833280
13,4,1,4,1,32768,0.3813055992126465,0.37977919578552244,0.002183079719543457,503316480,503316480
13,4,1,4,128,32768,0.38052480220794677,0.38036479949951174,0.002183079719543457,503316480,64424509440
13,4,1,4,1024,32768,0.4816736221313477,0.48142399787902834,0.002183079719543457,503316480,515396075520
13,4,1,4,8192,32768,2.731548881530762,2.8309759140014648,0.002183079719543457,503316480,4123168604160
13,4,1,4,1,131072,1.532367992401123,1.3985247611999512,0.002183079719543457,2013265920,2013265920
13,4,1,4,128,131072,1.3810336112976074,1.382329559326172,0.002183079719543457,2013265920,257698037760
13,4,1,4,1024,131072,1.8689247131347657,1.8670015335083008,0.002183079719543457,2013265920,2061584302080
13,4,1,4,8192,131072,11.47845458984375,11.298780822753907,0.002183079719543457,2013265920,16492674416640
13,4,1,4,1,1048576,10.93985595703125,10.927638244628906,0.002183079719543457,16106127360,16106127360
13,4,1,4,128,1048576,10.928636932373047,10.929119873046876,0.002183079719543457,16106127360,2061584302080
13,4,1,4,1024,1048576,14.840518188476562,14.887884521484375,0.002183079719543457,16106127360,16492674416640
13,4,1,4,8192,1048576,97.535888671875,96.17064819335937,0.002183079719543457,16106127360,131941395333120
13,8,1,2,1,32768,0.359500789642334,0.357696008682251,0.004235386848449707,251658240,251658240
13,8,1,2,128,32768,0.3571808099746704,0.35818240642547605,0.004235386848449707,251658240,32212254720
13,8,1,2,1024,32768,0.4761663913726807,0.47541441917419436,0.004235386848449707,251658240,257698037760
13,8,1,2,8192,32768,1.371235179901123,1.369657611846924,0.004235386848449707,251658240,2061584302080
13,8,1,2,1,131072,1.419382381439209,1.4212096214294434,0.004235386848449707,1006632960,1006632960
13,8,1,2,128,131072,1.3640576362609864,1.36430082321167,0.004235386848449707,1006632960,128849018880
13,8,1,2,1024,131072,1.825676727294922,1.8261823654174805,0.004235386848449707,1006632960,1030792151040
13,8,1,2,8192,131072,5.434384155273437,5.681919860839844,0.004235386848449707,1006632960,8246337208320
13,8,1,2,1,1048576,10.802035522460937,10.808534240722656,0.004235386848449707,8053063680,8053063680
13,8,1,2,128,1048576,10.835443115234375,10.839046478271484,0.004235386848449707,8053063680,1030792151040
13,8,1,2,1024,1048576,14.471353149414062,14.469952392578126,0.004235386848449707,8053063680,8246337208320
13,8,1,2,8192,1048576,47.2113525390625,47.015106201171875,0.004235386848449707,8053063680,65970697666560
13,4,2,2,1,32768,0.18706239461898805,0.5780576229095459,0.0021386444568634033,251658240,251658240
13,4,2,2,128,32768,0.1872383952140808,0.5510176181793213,0.0021386444568634033,251658240,32212254720
13,4,2,2,1024,32768,0.24999680519104003,0.5920095920562745,0.0021386444568634033,251658240,257698037760
13,4,2,2,8192,32768,1.3668319702148437,1.906559944152832,0.0021386444568634033,251658240,2061584302080
13,4,2,2,1,131072,0.6987711906433105,0.7764480113983154,0.0021386444568634033,1006632960,1006632960
13,4,2,2,128,131072,0.7004543781280518,0.784822416305542,0.0021386444568634033,1006632960,128849018880
13,4,2,2,1024,131072,0.9426495552062988,1.0956416130065918,0.0021386444568634033,1006632960,1030792151040
13,4,2,2,8192,131072,5.615699386596679,6.199868774414062,0.0021386444568634033,1006632960,8246337208320
13,4,2,2,1,1048576,5.479459381103515,5.551785659790039,0.0021386444568634033,8053063680,8053063680
13,4,2,2,128,1048576,5.478768157958984,5.567136001586914,0.0021386444568634033,8053063680,1030792151040
13,4,2,2,1024,1048576,7.4288482666015625,7.5663299560546875,0.0021386444568634033,8053063680,8246337208320
13,4,2,2,8192,1048576,48.40796813964844,47.3220947265625,0.0021386444568634033,8053063680,65970697666560
13,2,4,2,1,32768,0.10291520357131959,0.6371712207794189,0.0015176832675933838,251658240,251658240
13,2,4,2,128,32768,0.10332159996032715,0.6668352127075196,0.0015176832675933838,251658240,32212254720
13,2,4,2,1024,32768,0.2641247987747192,0.6326303958892823,0.0015176832675933838,251658240,257698037760
13,2,4,2,8192,32768,1.2423551559448243,2.4498720169067383,0.0015176832675933838,251658240,2061584302080
13,2,4,2,1,131072,0.3633824110031128,0.6613152027130127,0.0015176832675933838,1006632960,1006632960
13,2,4,2,128,131072,0.3634079933166504,0.7457024097442627,0.0015176832675933838,1006632960,128849018880
13,2,4,2,1024,131072,0.97608642578125,1.2147295951843262,0.0015176832675933838,1006632960,1030792151040
13,2,4,2,8192,131072,5.234195327758789,6.80829086303711,0.0015176832675933838,1006632960,8246337208320
13,2,4,2,1,1048576,2.795091247558594,2.8833215713500975,0.0015176832675933838,8053063680,8053063680
13,2,4,2,128,1048576,2.7972127914428713,2.9359392166137694,0.0015176832675933838,8053063680,1030792151040
13,2,4,2,1024,1048576,7.665740966796875,7.918841552734375,0.0015176832675933838,8053063680,8246337208320
13,2,4,2,8192,1048576,45.93271484375,47.741433715820314,0.0015176832675933838,8053063680,65970697666560
14,16,1,1,1,32768,0.3492255926132202,0.3480288028717041,0.0023443102836608887,125829120,125829120
14,16,1,1,128,32768,0.34881279468536375,0.3470016002655029,0.0023443102836608887,125829120,16106127360
14,16,1,1,1024,32768,0.4683487892150879,0.46698880195617676,0.0023443102836608887,125829120,128849018880
14,16,1,1,8192,32768,0.9152064323425293,0.9161855697631835,0.0023443102836608887,125829120,1030792151040
14,16,1,1,1,131072,1.355404758453369,1.3556960105895997,0.0023443102836608887,503316480,503316480
14,16,1,1,128,131072,1.3568384170532226,1.3565759658813477,0.0023443102836608887,503316480,64424509440
14,16,1,1,1024,131072,1.8151103973388671,1.8144256591796875,0.0023443102836608887,503316480,515396075520
14,16,1,1,8192,131072,3.5754302978515624,3.5486270904541017,0.0023443102836608887,503316480,4123168604160
14,16,1,1,1,1048576,10.734278106689453,10.730780792236327,0.0023443102836608887,4026531840,4026531840
14,16,1,1,128,1048576,10.739107513427735,10.738435363769531,0.0023443102836608887,4026531840,515396075520
14,16,1,1,1024,1048576,14.381321716308594,14.381202697753906,0.0023443102836608887,4026531840,4123168604160
14,16,1,1,8192,1048576,28.534329223632813,28.445266723632812,0.0023443102836608887,4026531840,32985348833280
14,8,2,1,1,32768,0.19008640050888062,0.5901472091674804,0.0022080540657043457,125829120,125829120
14,8,2,1,128,32768,0.18851840496063232,0.609884786605835,0.0022080540657043457,125829120,16106127360
14,8,2,1,1024,32768,0.24672000408172606,0.6076799869537354,0.0022080540657043457,125829120,128849018880
14,8,2,1,8192,32768,0.706982421875,0.993830394744873,0.0022080540657043457,125829120,1030792151040
14,8,2,1,1,131072,0.6909664154052735,0.7633567810058594,0.0022080540657043457,503316480,503316480
14,8,2,1,128,131072,0.6967040061950683,0.7650176048278808,0.0022080540657043457,503316480,64424509440
14,8,2,1,1024,131072,0.9263296127319336,1.0443072319030762,0.0022080540657043457,503316480,515396075520
14,8,2,1,8192,131072,2.719785690307617,3.122435188293457,0.0022080540657043457,503316480,4123168604160
14,8,2,1,1,1048576,5.421990585327149,5.492438507080078,0.0022080540657043457,4026531840,4026531840
14,8,2,1,128,1048576,5.422684860229492,5.510739135742187,0.0022080540657043457,4026531840,515396075520
14,8,2,1,1024,1048576,7.250093078613281,7.373283386230469,0.0022080540657043457,4026531840,4123168604160
14,8,2,1,8192,1048576,22.910009765625,23.81724853515625,0.0022080540657043457,4026531840,32985348833280
14,4,4,1,1,32768,0.11751359701156616,0.6158304214477539,0.0013860464096069336,125829120,125829120
14,4,4,1,128,32768,0.11035200357437133,0.5845536231994629,0.0013860464096069336,125829120,16106127360
14,4,4,1,1024,32768,0.14090880155563354,0.5845088005065918,0.0013860464096069336,125829120,128849018880
14,4,4,1,8192,32768,0.6922976016998291,1.2821887969970702,0.0013860464096069336,125829120,1030792151040
14,4,4,1,1,131072,0.3567296028137207,0.5499936103820801,0.0013860464096069336,503316480,503316480
14,4,4,1,128,131072,0.35929598808288576,0.5868671894073486,0.0013860464096069336,503316480,64424509440
14,4,4,1,1024,131072,0.4823008060455322,0.6438432216644288,0.0013860464096069336,503316480,515396075520
14,4,4,1,8192,131072,2.7469568252563477,3.433145523071289,0.0013860464096069336,503316480,4123168604160
14,4,4,1,1,1048576,2.8232351303100587,2.8228479385375977,0.0013860464096069336,4026531840,4026531840
14,4,4,1,128,1048576,2.7486495971679688,2.848252868652344,0.0013860464096069336,4026531840,515396075520
14,4,4,1,1024,1048576,3.7274974822998046,3.9111297607421873,0.0013860464096069336,4026531840,4123168604160
14,4,4,1,8192,1048576,23.200653076171875,25.545449829101564,0.0013860464096069336,4026531840,32985348833280
14,2,8,1,1,32768,0.07463679909706115,0.4848927974700928,0.0014489591121673584,125829120,125829120
14,2,8,1,128,32768,0.07902399897575378,0.6011136054992676,0.0014489591121673584,125829120,16106127360
14,2,8,1,1024,32768,0.14283519983291626,0.6077119827270507,0.0014489591121673584,125829120,128849018880
14,2,8,1,8192,32768,0.6547167778015137,1.8055103302001954,0.0014489591121673584,125829120,1030792151040
14,2,8,1,1,131072,0.18931519985198975,0.7756896018981934,0.0014489591121673584,503316480,503316480
14,2,8,1,128,131072,0.18939839601516723,0.561904001235962,0.0014489591121673584,503316480,64424509440
14,2,8,1,1024,131072,0.5122176170349121,0.7855264186859131,0.0014489591121673584,503316480,515396075520
14,2,8,1,8192,131072,2.545542335510254,3.950835037231445,0.0014489591121673584,503316480,4123168604160
14,2,8,1,1,1048576,1.4075648307800293,1.5274784088134765,0.0014489591121673584,4026531840,4026531840
14,2,8,1,128,1048576,1.4080448150634766,1.5603936195373536,0.0014489591121673584,4026531840,515396075520
14,2,8,1,1024,1048576,3.8443359375,4.144563293457031,0.0014489591121673584,4026531840,4123168604160
14,2,8,1,8192,1048576,22.48748779296875,25.428749084472656,0.0014489591121673584,4026531840,32985348833280
14,1,16,1,1,32768,0.09380480051040649,0.6793183803558349,0.0008585304021835327,125829120,125829120
14,1,16,1,128,32768,0.09253119826316833,0.7155776023864746,0.0008585304021835327,125829120,16106127360
14,1,16,1,1024,32768,0.12255359888076782,0.644812822341919,0.0008585304021835327,125829120,128849018880
14,1,16,1,8192,32768,0.6961215972900391,2.9350048065185548,0.0008585304021835327,125829120,1030792151040
14,1,16,1,1,131072,0.10880320072174073,0.6039711952209472,0.0008585304021835327,503316480,503316480
14,1,16,1,128,131072,0.10899840593338013,0.7174687862396241,0.0008585304021835327,503316480,64424509440
14,1,16,1,1024,131072,0.39519999027252195,0.862713623046875,0.0008585304021835327,503316480,515396075520
14,1,16,1,8192,131072,2.4544704437255858,5.2253376007080075,0.0008585304021835327,503316480,4123168604160
14,1,16,1,1,1048576,0.7447936058044433,0.9232031822204589,0.0008585304021835327,4026531840,4026531840
14,1,16,1,128,1048576,0.7446944236755371,0.9624064445495606,0.0008585304021835327,4026531840,515396075520
14,1,16,1,1024,1048576,2.93985595703125,3.6965824127197267,0.0008585304021835327,4026531840,4123168604160
14,1,16,1,8192,1048576,22.141036987304688,26.531256103515624,0.0008585304021835327,4026531840,32985348833280
14,4,1,4,1,32768,0.42995200157165525,0.3577280044555664,0.0033338069915771484,503316480,503316480
14,4,1,4,128,32768,0.35739519596099856,0.3581120014190674,0.0033338069915771484,503316480,64424509440
14,4,1,4,1024,32768,0.4826687812805176,0.4821919918060303,0.0033338069915771484,503316480,515396075520
14,4,1,4,8192,32768,2.773459243774414,2.8849824905395507,0.0033338069915771484,503316480,4123168604160
14,4,1,4,1,131072,1.4973024368286132,1.3786272048950194,0.0033338069915771484,2013265920,2013265920
14,4,1,4,128,131072,1.382316780090332,1.3840191841125489,0.0033338069915771484,2013265920,257698037760
14,4,1,4,1024,131072,1.8713375091552735,1.8722688674926757,0.0033338069915771484,2013265920,2061584302080
14,4,1,4,8192,131072,11.590873718261719,11.518927764892577,0.0033338069915771484,2013265920,16492674416640
14,4,1,4,1,1048576,10.947273254394531,10.945458984375,0.0033338069915771484,16106127360,16106127360
14,4,1,4,128,1048576,10.9446044921875,10.948544311523438,0.0033338069915771484,16106127360,2061584302080
14,4,1,4,1024,1048576,14.968269348144531,14.96551055908203,0.0033338069915771484,16106127360,16492674416640
14,4,1,4,8192,1048576,99.72045288085937,100.12166137695313,0.0033338069915771484,16106127360,131941395333120
14,8,1,2,1,32768,0.35520319938659667,0.3563488006591797,0.0019292831420898438,251658240,251658240
14,8,1,2,128,32768,0.35567359924316405,0.3552160024642944,0.0019292831420898438,251658240,32212254720
14,8,1,2,1024,32768,0.47160959243774414,0.4712416172027588,0.0019292831420898438,251658240,257698037760
14,8,1,2,8192,32768,1.3679776191711426,1.3761055946350098,0.0019292831420898438,251658240,2061584302080
14,8,1,2,1,131072,1.4342975616455078,1.4272128105163575,0.0019292831420898438,1006632960,1006632960
14,8,1,2,128,131072,1.3734848022460937,1.375100803375244,0.0019292831420898438,1006632960,128849018880
14,8,1,2,1024,131072,1.830179214477539,1.8280895233154297,0.0019292831420898438,1006632960,1030792151040
14,8,1,2,8192,131072,5.593382263183594,5.6967041015625,0.0019292831420898438,1006632960,8246337208320
14,8,1,2,1,1048576,10.847071838378906,10.838706970214844,0.0019292831420898438,8053063680,8053063680
14,8,1,2,128,1048576,10.840169525146484,10.836483001708984,0.0019292831420898438,8053063680,1030792151040
14,8,1,2,1024,1048576,14.488198852539062,14.484649658203125,0.0019292831420898438,8053063680,8246337208320
14,8,1,2,8192,1048576,47.061163330078124,48.91839599609375,0.0019292831420898438,8053063680,65970697666560
14,4,2,2,1,32768,0.18875520229339598,0.4986015796661377,0.0022193193435668945,251658240,251658240
14,4,2,2,128,32768,0.18923840522766114,0.5228288173675537,0.0022193193435668945,251658240,32212254720
14,4,2,2,1024,32768,0.25211200714111326,0.5598239898681641,0.0022193193435668945,251658240,257698037760
14,4,2,2,8192,32768,1.3802656173706054,1.9013631820678711,0.0022193193435668945,251658240,2061584302080
14,4,2,2,1,131072,0.6995168209075928,0.7889056205749512,0.0022193193435668945,1006632960,1006632960
14,4,2,2,128,131072,0.7033088207244873,0.779040002822876,0.0022193193435668945,1006632960,128849018880
14,4,2,2,1024,131072,0.9471776008605957,1.0820704460144044,0.0022193193435668945,1006632960,1030792151040
14,4,2,2,8192,131072,5.636236953735351,6.390230560302735,0.0022193193435668945,1006632960,8246337208320
14,4,2,2,1,1048576,5.50549430847168,5.558860778808594,0.0022193193435668945,8053063680,8053063680
14,4,2,2,128,1048576,5.486489486694336,5.561206436157226,0.0022193193435668945,8053063680,1030792151040
14,4,2,2,1024,1048576,7.454905700683594,7.644873809814453,0.0022193193435668945,8053063680,8246337208320
14,4,2,2,8192,1048576,48.28834228515625,49.667361450195315,0.0022193193435668945,8053063680,65970697666560
14,2,4,2,1,32768,0.10550080537796021,0.6369887828826905,0.0015176832675933838,251658240,251658240
14,2,4,2,128,32768,0.11077760457992554,0.6666336059570312,0.0015176832675933838,251658240,32212254720
14,2,4,2,1024,32768,0.26736319065093994,0.6334271907806397,0.0015176832675933838,251658240,257698037760
14,2,4,2,8192,32768,1.2503328323364258,2.4497631072998045,0.0015176832675933838,251658240,2061584302080
14,2,4,2,1,131072,0.36943359375,0.6598368167877198,0.0015176832675933838,1006632960,1006632960
14,2,4,2,128,131072,0.3676000118255615,0.7446080207824707,0.0015176832675933838,1006632960,128849018880
14,2,4,2,1024,131072,0.9819552421569824,1.2146880149841308,0.0015176832675933838,1006632960,1030792151040
14,2,4,2,8192,131072,5.419366455078125,6.8063713073730465,0.0015176832675933838,1006632960,8246337208320
14,2,4,2,1,1048576,2.840313529968262,2.883571243286133,0.0015176832675933838,8053063680,8053063680
14,2,4,2,128,1048576,2.802195167541504,2.923094367980957,0.0015176832675933838,8053063680,1030792151040
14,2,4,2,1024,1048576,7.698210906982422,7.918246459960938,0.0015176832675933838,8053063680,8246337208320
14,2,4,2,8192,1048576,46.916265869140624,47.739013671875,0.0015176832675933838,8053063680,65970697666560
15,16,1,1,1,32768,0.35192959308624266,0.349401593208313,0.001998007297515869,125829120,125829120
15,16,1,1,128,32768,0.34925758838653564,0.3494175910949707,0.001998007297515869,125829120,16106127360
15,16,1,1,1024,32768,0.4706431865692139,0.4686880111694336,0.001998007297515869,125829120,128849018880
15,16,1,1,8192,32768,0.9231167793273926,0.9214816093444824,0.001998007297515869,125829120,1030792151040
15,16,1,1,1,131072,1.3648032188415526,1.3662752151489257,0.001998007297515869,503316480,503316480
15,16,1,1,128,131072,1.3656288146972657,1.365561580657959,0.001998007297515869,503316480,64424509440
15,16,1,1,1024,131072,1.8212671279907227,1.823049545288086,0.001998007297515869,503316480,515396075520
15,16,1,1,8192,131072,3.5814273834228514,3.564675140380859,0.001998007297515869,503316480,4123168604160
15,16,1,1,1,1048576,10.806050872802734,10.807833862304687,0.001998007297515869,4026531840,4026531840
15,16,1,1,128,1048576,10.799052429199218,10.798451232910157,0.001998007297515869,4026531840,515396075520
15,16,1,1,1024,1048576,14.419789123535157,14.417494201660157,0.001998007297515869,4026531840,4123168604160
15,16,1,1,8192,1048576,28.580889892578124,28.27216491699219,0.001998007297515869,4026531840,32985348833280
15,8,2,1,1,32768,0.1857632040977478,0.6174464225769043,0.0022080540657043457,125829120,125829120
15,8,2,1,128,32768,0.19083839654922485,0.6103456020355225,0.0022080540657043457,125829120,16106127360
15,8,2,1,1024,32768,0.24741439819335936,0.6092063903808593,0.0022080540657043457,125829120,128849018880
15,8,2,1,8192,32768,0.6996448040008545,0.9941311836242676,0.0022080540657043457,125829120,1030792151040
15,8,2,1,1,131072,0.693071985244751,0.7669631958007812,0.0022080540657043457,503316480,503316480
15,8,2,1,128,131072,0.6938208103179931,0.7663008213043213,0.0022080540657043457,503316480,64424509440
15,8,2,1,1024,131072,0.9193183898925781,1.0455488204956054,0.0022080540657043457,503316480,515396075520
15,8,2,1,8192,131072,2.6928640365600587,3.123027229309082,0.0022080540657043457,503316480,4123168604160
15,8,2,1,1,1048576,5.427391815185547,5.493049621582031,0.0022080540657043457,4026531840,4026531840
15,8,2,1,128,1048576,5.426729583740235,5.5077472686767575,0.0022080540657043457,4026531840,515396075520
15,8,2,1,1024,1048576,7.220146942138672,7.372246551513672,0.0022080540657043457,4026531840,4123168604160
15,8,2,1,8192,1048576,23.210342407226562,23.81944580078125,0.0022080540657043457,4026531840,32985348833280
15,4,4,1,1,32768,0.10065920352935791,0.6255583763122559,0.0013860464096069336,125829120,125829120
15,4,4,1,128,32768,0.10921920537948608,0.5946144104003906,0.0013860464096069336,125829120,16106127360
15,4,4,1,1024,32768,0.13984639644622804,0.5899168014526367,0.0013860464096069336,125829120,128849018880
15,4,4,1,8192,32768,0.695462417602539,1.2829312324523925,0.0013860464096069336,125829120,1030792151040
15,4,4,1,1,131072,0.35697600841522215,0.5498176097869873,0.0013860464096069336,503316480,503316480
15,4,4,1,128,131072,0.35710721015930175,0.586959981918335,0.0013860464096069336,503316480,64424509440
15,4,4,1,1024,131072,0.4818848133087158,0.643126392364502,0.0013860464096069336,503316480,515396075520
15,4,4,1,8192,131072,2.7324287414550783,3.434329605102539,0.0013860464096069336,503316480,4123168604160
15,4,4,1,1,1048576,2.7459552764892576,2.822915267944336,0.0013860464096069336,4026531840,4026531840
15,4,4,1,128,1048576,2.74517765045166,2.8454496383666994,0.0013860464096069336,4026531840,515396075520
15,4,4,1,1024,1048576,3.732748794555664,3.910598373413086,0.0013860464096069336,4026531840,4123168604160
15,4,4,1,8192,1048576,23.946067810058594,25.541098022460936,0.0013860464096069336,4026531840,32985348833280
15,2,8,1,1,32768,0.07981119751930237,0.5046112060546875,0.0014489591121673584,125829120,125829120
15,2,8,1,128,32768,0.10140800476074219,0.6027040004730224,0.0014489591121673584,125829120,16106127360
15,2,8,1,1024,32768,0.15523200035095214,0.6064864158630371,0.0014489591121673584,125829120,128849018880
15,2,8,1,8192,32768,0.6535136222839355,1.8058656692504882,0.0014489591121673584,125829120,1030792151040
15,2,8,1,1,131072,0.18982399702072145,0.7713888168334961,0.0014489591121673584,503316480,503316480
15,2,8,1,128,131072,0.18968960046768188,0.5617504119873047,0.0014489591121673584,503316480,64424509440
15,2,8,1,1024,131072,0.5000288009643554,0.7855967998504638,0.0014489591121673584,503316480,515396075520
15,2,8,1,8192,131072,2.5418111801147463,3.9530078887939455,0.0014489591121673584,503316480,4123168604160
15,2,8,1,1,1048576,1.470860767364502,1.5277119636535645,0.0014489591121673584,4026531840,4026531840
15,2,8,1,128,1048576,1.4053471565246582,1.5604960441589355,0.0014489591121673584,4026531840,515396075520
15,2,8,1,1024,1048576,3.8377662658691407,4.143580627441406,0.0014489591121673584,4026531840,4123168604160
15,2,8,1,8192,1048576,22.788467407226562,25.423458862304688,0.0014489591121673584,4026531840,32985348833280
15,1,16,1,1,32768,0.10557440519332886,0.6794367790222168,0.0008585304021835327,125829120,125829120
15,1,16,1,128,32768,0.0997439980506897,0.7163296222686768,0.0008585304021835327,125829120,16106127360
15,1,16,1,1024,32768,0.12562880516052247,0.6451648235321045,0.0008585304021835327,125829120,128849018880
15,1,16,1,8192,32768,0.6945856094360352,2.932444763183594,0.0008585304021835327,125829120,1030792151040
15,1,16,1,1,131072,0.11302080154418945,0.6001984119415283,0.0008585304021835327,503316480,503316480
15,1,16,1,128,131072,0.11682239770889283,0.7160352230072021,0.0008585304021835327,503316480,64424509440
15,1,16,1,1024,131072,0.3977407932281494,0.8607359886169433,0.0008585304021835327,503316480,515396075520
15,1,16,1,8192,131072,2.441417694091797,5.22883186340332,0.0008585304021835327,503316480,4123168604160
15,1,16,1,1,1048576,0.7682528018951416,0.9215519905090332,0.0008585304021835327,4026531840,4026531840
15,1,16,1,128,1048576,0.75,0.9606816291809082,0.0008585304021835327,4026531840,515396075520
15,1,16,1,1024,1048576,2.983087921142578,3.6978206634521484,0.0008585304021835327,4026531840,4123168604160
15,1,16,1,8192,1048576,22.576173400878908,26.531106567382814,0.0008585304021835327,4026531840,32985348833280
15,4,1,4,1,32768,0.4780416011810303,0.41363840103149413,0.002199709415435791,503316480,503316480
15,4,1,4,128,32768,0.3621311902999878,0.36170880794525145,0.002199709415435791,503316480,64424509440
15,4,1,4,1024,32768,0.4853407859802246,0.4855936050415039,0.002199709415435791,503316480,515396075520
15,4,1,4,8192,32768,2.7539648056030273,2.801888084411621,0.002199709415435791,503316480,4123168604160
15,4,1,4,1,131072,1.6519039154052735,1.3911744117736817,0.002199709415435791,2013265920,2013265920
15,4,1,4,128,131072,1.3850624084472656,1.3856767654418944,0.002199709415435791,2013265920,257698037760
15,4,1,4,1024,131072,1.8701055526733399,1.8830080032348633,0.002199709415435791,2013265920,2061584302080
15,4,1,4,8192,131072,11.981692504882812,11.660630035400391,0.002199709415435791,2013265920,16492674416640
15,4,1,4,1,1048576,10.936198425292968,10.936914825439453,0.002199709415435791,16106127360,16106127360
15,4,1,4,128,1048576,10.931455993652344,10.930429077148437,0.002199709415435791,16106127360,2061584302080
15,4,1,4,1024,1048576,14.974205017089844,15.074220275878906,0.002199709415435791,16106127360,16492674416640
15,4,1,4,8192,1048576,100.765576171875,99.5702392578125,0.002199709415435791,16106127360,131941395333120
15,8,1,2,1,32768,0.35595519542694093,0.3559295892715454,0.002253890037536621,251658240,251658240
15,8,1,2,128,32768,0.3578144073486328,0.3563391923904419,0.002253890037536621,251658240,32212254720
15,8,1,2,1024,32768,0.47097601890563967,0.469484806060791,0.002253890037536621,251658240,257698037760
15,8,1,2,8192,32768,1.3621472358703612,1.3716671943664551,0.002253890037536621,251658240,2061584302080
15,8,1,2,1,131072,1.3698016166687013,1.3920415878295898,0.002253890037536621,1006632960,1006632960
15,8,1,2,128,131072,1.370569610595703,1.3729663848876954,0.002253890037536621,1006632960,128849018880
15,8,1,2,1024,131072,1.8224607467651368,1.822140884399414,0.002253890037536621,1006632960,1030792151040
15,8,1,2,8192,131072,5.392652893066407,5.7304542541503904,0.002253890037536621,1006632960,8246337208320
15,8,1,2,1,1048576,10.845369720458985,10.846588897705079,0.002253890037536621,8053063680,8053063680
15,8,1,2,128,1048576,10.842700958251953,10.841120147705078,0.002253890037536621,8053063680,1030792151040
15,8,1,2,1024,1048576,14.449801635742187,14.451254272460938,0.002253890037536621,8053063680,8246337208320
15,8,1,2,8192,1048576,47.5310302734375,48.72603759765625,0.002253890037536621,8053063680,65970697666560
15,4,2,2,1,32768,0.18682559728622436,0.4987008094787598,0.0022193193435668945,251658240,251658240
15,4,2,2,128,32768,0.18772159814834594,0.5214111804962158,0.0022193193435668945,251658240,32212254720
15,4,2,2,1024,32768,0.25074241161346433,0.5631231784820556,0.0022193193435668945,251658240,257698037760
15,4,2,2,8192,32768,1.3713631629943848,1.9019296646118165,0.0022193193435668945,251658240,2061584302080
15,4,2,2,1,131072,0.7157311916351319,0.7890944004058837,0.0022193193435668945,1006632960,1006632960
15,4,2,2,128,131072,0.6952735900878906,0.780128002166748,0.0022193193435668945,1006632960,128849018880
15,4,2,2,1024,131072,0.9432031631469726,1.0829504013061524,0.0022193193435668945,1006632960,1030792151040
15,4,2,2,8192,131072,5.622278213500977,6.391171264648437,0.0022193193435668945,1006632960,8246337208320
15,4,2,2,1,1048576,5.475078582763672,5.561520004272461,0.0022193193435668945,8053063680,8053063680
15,4,2,2,128,1048576,5.478684616088867,5.561801528930664,0.0022193193435668945,8053063680,1030792151040
15,4,2,2,1024,1048576,7.486697387695313,7.655251312255859,0.0022193193435668945,8053063680,8246337208320
15,4,2,2,8192,1048576,49.025332641601565,49.66739501953125,0.0022193193435668945,8053063680,65970697666560
15,2,4,2,1,32768,0.10222079753875732,0.6371776103973389,0.0015176832675933838,251658240,251658240
15,2,4,2,128,32768,0.10362880229949951,0.6669919967651368,0.0015176832675933838,251658240,32212254720
15,2,4,2,1024,32768,0.26232640743255614,0.6323328018188477,0.0015176832675933838,251658240,257698037760
15,2,4,2,8192,32768,1.2423904418945313,2.4486015319824217,0.0015176832675933838,251658240,2061584302080
15,2,4,2,1,131072,0.36544640064239503,0.661356782913208,0.0015176832675933838,1006632960,1006632960
15,2,4,2,128,131072,0.36323840618133546,0.7456416130065918,0.0015176832675933838,1006632960,128849018880
15,2,4,2,1024,131072,0.9765407562255859,1.2151424407958984,0.0015176832675933838,1006632960,1030792151040
15,2,4,2,8192,131072,5.424777603149414,6.8056480407714846,0.0015176832675933838,1006632960,8246337208320
15,2,4,2,1,1048576,2.796339225769043,2.883523178100586,0.0015176832675933838,8053063680,8053063680
15,2,4,2,128,1048576,2.7976640701293944,2.9336448669433595,0.0015176832675933838,8053063680,1030792151040
15,2,4,2,1024,1048576,7.690614318847656,7.918364715576172,0.0015176832675933838,8053063680,8246337208320
15,2,4,2,8192,1048576,47.978536987304686,47.737701416015625,0.0015176832675933838,8053063680,65970697666560
