rank,group_start,size,requested_tokens,padded_tokens,op,logical_bytes,median_ms,min_ms,max_ms
0,0,2,1,2,all_reduce,28672,0.014165332913398743,0.014122666915257771,0.014213732878367106
0,0,2,1,2,reduce_scatter,28672,0.012870666384696961,0.012859066327412924,0.012923199931780498
0,0,2,1,2,all_gather,28672,0.01297173301378886,0.012965866923332214,0.012996932864189148
0,0,2,1,2,all_to_all,28672,0.014036666353543599,0.013989733656247456,0.014047333598136902
0,0,2,1,2,rs_ag_pair,28672,0.03372466564178467,0.03362799882888794,0.0337828000386556
0,0,2,8,8,all_reduce,114688,0.014386266469955444,0.014362800121307372,0.014396799604098003
0,0,2,8,8,reduce_scatter,114688,0.0128711998462677,0.012844533721605936,0.012871866424878439
0,0,2,8,8,all_gather,114688,0.012930267055829366,0.01288706660270691,0.012936533490816752
0,0,2,8,8,all_to_all,114688,0.014379466573397318,0.014327866832415263,0.01449946661790212
0,0,2,8,8,rs_ag_pair,114688,0.03328546682993571,0.03321013251940409,0.03371239900588989
0,0,2,128,128,all_reduce,1835008,0.02114560008049011,0.02111653288205465,0.021164266268412273
0,0,2,128,128,reduce_scatter,1835008,0.016498000423113505,0.016479999820391337,0.016499466697374978
0,0,2,128,128,all_gather,1835008,0.017694665988286336,0.01769333283106486,0.017774534225463868
0,0,2,128,128,all_to_all,1835008,0.021092132727305094,0.020980934302012127,0.021188133955001832
0,0,2,128,128,rs_ag_pair,1835008,0.04172186851501465,0.04167999823888143,0.041762665907541914
0,0,2,1024,1024,all_reduce,14680064,0.05249573389689128,0.05249506632486979,0.05254079898198446
0,0,2,1024,1024,reduce_scatter,14680064,0.037462933858235674,0.03742839892705282,0.037537864844004315
0,0,2,1024,1024,all_gather,14680064,0.03807959953943888,0.038022398948669434,0.03814213275909424
0,0,2,1024,1024,all_to_all,14680064,0.03867760101954142,0.03839079936345418,0.045721598466237384
0,0,2,1024,1024,rs_ag_pair,14680064,0.08355000019073486,0.08348840077718099,0.08380186557769775
0,0,2,8192,8192,all_reduce,117440512,0.24745866457621257,0.2473859945933024,0.24752813975016277
0,0,2,8192,8192,reduce_scatter,117440512,0.16489787101745607,0.16481693585713705,0.16513932545979818
0,0,2,8192,8192,all_gather,117440512,0.153902800877889,0.15382173856099446,0.15390507380167642
0,0,2,8192,8192,all_to_all,117440512,0.19657400449117024,0.19642772674560546,0.19664373397827148
0,0,2,8192,8192,rs_ag_pair,117440512,0.32714961369832357,0.327127742767334,0.327183469136556
0,0,2,16384,16384,all_reduce,234881024,0.45440972646077477,0.4543707847595215,0.45468934377034503
0,0,2,16384,16384,reduce_scatter,234881024,0.3024370511372884,0.30238320032755533,0.30249306360880535
0,0,2,16384,16384,all_gather,234881024,0.28378973007202146,0.28367532094319664,0.2837967872619629
0,0,2,16384,16384,all_to_all,234881024,0.36226587295532225,0.3619112014770508,0.3623067855834961
0,0,2,16384,16384,rs_ag_pair,234881024,0.594602394104004,0.5944865544637045,0.5947052001953125
0,0,4,1,4,all_reduce,57344,0.0209932009379069,0.020981599887212116,0.02101106643676758
0,0,4,1,4,reduce_scatter,57344,0.016285333037376403,0.01628426710764567,0.016301733255386353
0,0,4,1,4,all_gather,57344,0.01646346648534139,0.016442666451136272,0.016481332977612815
0,0,4,1,4,all_to_all,57344,0.015115599830945332,0.015106133619944255,0.015154000123341877
0,0,4,1,4,rs_ag_pair,57344,0.04080453316370646,0.04073826471964518,0.040945200125376384
0,0,4,8,8,all_reduce,114688,0.01999760071436564,0.01999079982439677,0.020036266247431437
0,0,4,8,8,reduce_scatter,114688,0.01622773309548696,0.016220800081888833,0.01624773343404134
0,0,4,8,8,all_gather,114688,0.016189866264661155,0.01616253356138865,0.016212667028109234
0,0,4,8,8,all_to_all,114688,0.015451866388320922,0.01542960007985433,0.015480132897694905
0,0,4,8,8,rs_ag_pair,114688,0.04015160004297892,0.04010706742604574,0.04015239874521891
0,0,4,128,128,all_reduce,1835008,0.026293333371480307,0.02629200021425883,0.02632520000139872
0,0,4,128,128,reduce_scatter,1835008,0.020056533813476562,0.019983599583307903,0.02005866765975952
0,0,4,128,128,all_gather,1835008,0.02100480000178019,0.020952399571736655,0.02102666695912679
0,0,4,128,128,all_to_all,1835008,0.022890667120615642,0.022874399026234945,0.02291533350944519
0,0,4,128,128,rs_ag_pair,1835008,0.048487865924835206,0.04838080008824666,0.0485371987024943
0,0,4,1024,1024,all_reduce,14680064,0.061557865142822264,0.06153479814529419,0.06155906518300374
0,0,4,1024,1024,reduce_scatter,14680064,0.05671746730804443,0.056609865029652914,0.05686533451080322
0,0,4,1024,1024,all_gather,14680064,0.05938239892323812,0.05932613213857015,0.05943119923273722
0,0,4,1024,1024,all_to_all,14680064,0.04504559834798177,0.04498293399810791,0.045045868555704756
0,0,4,1024,1024,rs_ag_pair,14680064,0.12508440017700195,0.12486933072408041,0.1250858704249064
0,0,4,8192,8192,all_reduce,117440512,0.30966478983561196,0.3095227877298991,0.3096799850463867
0,0,4,8192,8192,reduce_scatter,117440512,0.18204479217529296,0.18201546669006347,0.182232666015625
0,0,4,8192,8192,all_gather,117440512,0.17917213439941407,0.17903812726338705,0.17924693425496419
0,0,4,8192,8192,all_to_all,117440512,0.19916226069132487,0.1990710735321045,0.1991637388865153
0,0,4,8192,8192,rs_ag_pair,117440512,0.3711663881937663,0.37111107508341473,0.3714988072713216
0,0,4,16384,16384,all_reduce,234881024,0.596539306640625,0.5965301513671875,0.5975585301717122
0,0,4,16384,16384,reduce_scatter,234881024,0.34274654388427733,0.3424982706705729,0.34275039037068683
0,0,4,16384,16384,all_gather,234881024,0.33148972193400067,0.33147894541422523,0.3317501386006673
0,0,4,16384,16384,all_to_all,234881024,0.3689963976542155,0.36871506373087565,0.36941359837849935
0,0,4,16384,16384,rs_ag_pair,234881024,0.6846725463867187,0.6845797220865886,0.6859272003173829
0,0,8,1,8,all_reduce,114688,0.032858665784200033,0.032816400130589805,0.032874667644500734
0,0,8,1,8,reduce_scatter,114688,0.02228106657663981,0.022280800342559814,0.022299732764561972
0,0,8,1,8,all_gather,114688,0.022588932514190675,0.022554665803909302,0.022604000568389893
0,0,8,1,8,all_to_all,114688,0.01571173369884491,0.01567093332608541,0.015715866287549337
0,0,8,1,8,rs_ag_pair,114688,0.053868265946706136,0.053787600994110105,0.05394479831059774
0,0,8,8,8,all_reduce,114688,0.032934133211771646,0.03288159966468811,0.032954933245976765
0,0,8,8,8,reduce_scatter,114688,0.022302132844924927,0.02228226661682129,0.022321067253748574
0,0,8,8,8,all_gather,114688,0.022582934300104777,0.02256173292795817,0.02260133425394694
0,0,8,8,8,all_to_all,114688,0.01579973300298055,0.015779200196266174,0.015820800264676412
0,0,8,8,8,rs_ag_pair,114688,0.05383693377176921,0.053780134518941244,0.05385693311691284
0,0,8,128,128,all_reduce,1835008,0.03515439828236898,0.03507906595865885,0.03517546653747559
0,0,8,128,128,reduce_scatter,1835008,0.023587199052174886,0.023576533794403075,0.023597067594528197
0,0,8,128,128,all_gather,1835008,0.02416879932085673,0.024130400021870932,0.02416906754175822
0,0,8,128,128,all_to_all,1835008,0.023346932729085286,0.023304933309555055,0.023407065868377687
0,0,8,128,128,rs_ag_pair,1835008,0.05687520106633504,0.05681999921798706,0.05738706588745117
0,0,8,1024,1024,all_reduce,14680064,0.0949937343597412,0.09489506880442301,0.09501307010650635
0,0,8,1024,1024,reduce_scatter,14680064,0.051154534022013344,0.05114453236262004,0.05123493274052938
0,0,8,1024,1024,all_gather,14680064,0.04710493485132853,0.04709853331247966,0.04710533221562704
0,0,8,1024,1024,all_to_all,14680064,0.04849479993184407,0.04848146835962931,0.048514799276987715
0,0,8,1024,1024,rs_ag_pair,14680064,0.10671586990356445,0.10670239925384521,0.10680359999338786
0,0,8,8192,8192,all_reduce,117440512,0.3636481285095215,0.36354281107584635,0.36369492212931315
0,0,8,8192,8192,reduce_scatter,117440512,0.18968772888183594,0.1895788033803304,0.1897417386372884
0,0,8,8192,8192,all_gather,117440512,0.19218106269836427,0.19217507044474283,0.19219120343526205
0,0,8,8192,8192,all_to_all,117440512,0.20903199513753254,0.20896506309509277,0.20908385912577312
0,0,8,8192,8192,rs_ag_pair,117440512,0.39416611989339195,0.39398187001546225,0.3942131996154785
0,0,8,16384,16384,all_reduce,234881024,0.6374674479166667,0.6373618443806967,0.6374770482381185
0,0,8,16384,16384,reduce_scatter,234881024,0.353658135732015,0.35329612096150714,0.3538026809692383
0,0,8,16384,16384,all_gather,234881024,0.35621360143025715,0.3561959902445475,0.35621760686238607
0,0,8,16384,16384,all_to_all,234881024,0.37837212880452475,0.3782699902852376,0.37842226028442383
0,0,8,16384,16384,rs_ag_pair,234881024,0.7189617156982422,0.7186988194783529,0.7193889617919922
0,0,16,1,16,all_reduce,229376,0.0460862676302592,0.04603466590245565,0.04608946641286214
0,0,16,1,16,reduce_scatter,229376,0.03423080046971639,0.03422973155975342,0.034264798959096274
0,0,16,1,16,all_gather,229376,0.03439093430836995,0.03433306614557902,0.03439133167266846
0,0,16,1,16,all_to_all,229376,0.016275067130724588,0.01620746652285258,0.017589733997980753
0,0,16,1,16,rs_ag_pair,229376,0.07790280183156331,0.07780093351999919,0.0779161294301351
0,0,16,8,16,all_reduce,229376,0.045695332686106364,0.045553334554036456,0.04577440023422241
0,0,16,8,16,reduce_scatter,229376,0.0345848004023234,0.03454613288243612,0.0347546656926473
0,0,16,8,16,all_gather,229376,0.034388001759847006,0.03433359861373901,0.03439493179321289
0,0,16,8,16,all_to_all,229376,0.01621679961681366,0.016201866666475932,0.016249066591262816
0,0,16,8,16,rs_ag_pair,229376,0.07776573499043783,0.07773933410644532,0.07780293623606364
0,0,16,128,128,all_reduce,1835008,0.04993973175684611,0.049934132893880205,0.04994626839955648
0,0,16,128,128,reduce_scatter,1835008,0.03351346651713053,0.03348960081736247,0.03355199893315633
0,0,16,128,128,all_gather,1835008,0.03374333381652832,0.03370986779530843,0.03404893477757772
0,0,16,128,128,all_to_all,1835008,0.02347373366355896,0.02345893383026123,0.023529066642125448
0,0,16,128,128,rs_ag_pair,1835008,0.07607159614562989,0.0758843978246053,0.07614640394846599
0,0,16,1024,1024,all_reduce,14680064,0.10680987040201823,0.10672732988993326,0.10684399604797364
0,0,16,1024,1024,reduce_scatter,14680064,0.06798786322275797,0.06797773043314616,0.06804959774017334
0,0,16,1024,1024,all_gather,14680064,0.08080253601074219,0.08068666458129883,0.08081920146942138
0,0,16,1024,1024,all_to_all,14680064,0.05001000165939331,0.04999986489613851,0.05004413525263469
0,0,16,1024,1024,rs_ag_pair,14680064,0.16158226331075032,0.1615297317504883,0.16158960660298666
0,0,16,8192,8192,all_reduce,117440512,0.41417318979899087,0.4139597256978353,0.41420427958170575
0,0,16,8192,8192,reduce_scatter,117440512,0.26377545992533363,0.26339720090230306,0.26383013725280763
0,0,16,8192,8192,all_gather,117440512,0.21032066345214845,0.2102735996246338,0.21093360582987467
0,0,16,8192,8192,all_to_all,117440512,0.21445493698120116,0.21443959871927898,0.2145066738128662
0,0,16,8192,8192,rs_ag_pair,117440512,0.4762689272562663,0.47603012720743815,0.47779305775960285
0,0,16,16384,16384,all_reduce,234881024,0.7066635767618815,0.7058826446533203,0.71016050974528
0,0,16,16384,16384,reduce_scatter,234881024,0.36472721099853517,0.36437733968098956,0.3651433308919271
0,0,16,16384,16384,all_gather,234881024,0.36990025838216145,0.3698294639587402,0.36992826461791994
0,0,16,16384,16384,all_to_all,234881024,0.38471972147623695,0.38462467193603517,0.384934933980306
0,0,16,16384,16384,rs_ag_pair,234881024,0.7463361104329427,0.7460097630818685,0.7465445200602213
1,0,2,1,2,all_reduce,28672,0.014159866174062093,0.014135733246803284,0.014220133423805237
1,0,2,1,2,reduce_scatter,28672,0.012866399685541789,0.01285800039768219,0.012917733192443848
1,0,2,1,2,all_gather,28672,0.01297706663608551,0.012976800402005514,0.013001199563344319
1,0,2,1,2,all_to_all,28672,0.014053066571553549,0.01400266687075297,0.014064400394757589
1,0,2,1,2,rs_ag_pair,28672,0.03373586734135946,0.0336465318997701,0.03379520177841187
1,0,2,8,8,all_reduce,114688,0.014405066768328348,0.014383999506632487,0.014406266808509826
1,0,2,8,8,reduce_scatter,114688,0.012882000207901001,0.01285800039768219,0.012883866826693216
1,0,2,8,8,all_gather,114688,0.012942799925804138,0.012901600201924641,0.012956133484840393
1,0,2,8,8,all_to_all,114688,0.014393333594004314,0.014343466361363728,0.014500799775123595
1,0,2,8,8,rs_ag_pair,114688,0.03329640030860901,0.033225999275843306,0.03373080094655355
1,0,2,128,128,all_reduce,1835008,0.021135600407918294,0.021119600534439086,0.021171067158381143
1,0,2,128,128,reduce_scatter,1835008,0.01651373306910197,0.016511733333269756,0.016518800457318624
1,0,2,128,128,all_gather,1835008,0.01771786610285441,0.017705599466959637,0.017808133363723756
1,0,2,128,128,all_to_all,1835008,0.021113999684651694,0.020980133612950643,0.02121986746788025
1,0,2,128,128,rs_ag_pair,1835008,0.04170893430709839,0.04169720013936361,0.0417792002360026
1,0,2,1024,1024,all_reduce,14680064,0.05250146786371867,0.052500001589457196,0.052557067076365156
1,0,2,1024,1024,reduce_scatter,14680064,0.03747066656748454,0.03744186560312907,0.03755746682484944
1,0,2,1024,1024,all_gather,14680064,0.038095335165659584,0.03803173303604126,0.038155468304951985
1,0,2,1024,1024,all_to_all,14680064,0.03869933287302653,0.0383734663327535,0.04575613339742025
1,0,2,1024,1024,rs_ag_pair,14680064,0.08355920314788819,0.0835050662358602,0.08382706642150879
1,0,2,8192,8192,all_reduce,117440512,0.2474770704905192,0.24733506838480632,0.24754533767700196
1,0,2,8192,8192,reduce_scatter,117440512,0.16497294108072916,0.16482973098754883,0.16517945925394695
1,0,2,8192,8192,all_gather,117440512,0.15391133626302084,0.15383267402648926,0.15391252835591634
1,0,2,8192,8192,all_to_all,117440512,0.1965789318084717,0.19644120534261067,0.1966482639312744
1,0,2,8192,8192,rs_ag_pair,117440512,0.32713747024536133,0.3271214803059896,0.327208137512207
1,0,2,16384,16384,all_reduce,234881024,0.4544186592102051,0.45436534881591795,0.45469640096028646
1,0,2,16384,16384,reduce_scatter,234881024,0.3024801254272461,0.30239171981811525,0.30252599716186523
1,0,2,16384,16384,all_gather,234881024,0.2837901433308919,0.28368587493896485,0.28380546569824217
1,0,2,16384,16384,all_to_all,234881024,0.3623180071512858,0.3619474728902181,0.36232039133707683
1,0,2,16384,16384,rs_ag_pair,234881024,0.5946382522583008,0.5945338567097982,0.5947320302327473
1,0,4,1,4,all_reduce,57344,0.021030932664871216,0.021029333273569744,0.02103839914004008
1,0,4,1,4,reduce_scatter,57344,0.016314133008321127,0.016308133800824482,0.016315866510073343
1,0,4,1,4,all_gather,57344,0.01649133364359538,0.016478932897249856,0.016505199670791625
1,0,4,1,4,all_to_all,57344,0.01514146625995636,0.015137333671251934,0.015177067120869954
1,0,4,1,4,rs_ag_pair,57344,0.04082906643549601,0.04076160192489624,0.04097413221995036
1,0,4,8,8,all_reduce,114688,0.02002320090929667,0.020017866293589273,0.02006946603457133
1,0,4,8,8,reduce_scatter,114688,0.016260266304016113,0.016248666246732078,0.016290266315142313
1,0,4,8,8,all_gather,114688,0.016221867005030314,0.016194533308347067,0.016242000460624694
1,0,4,8,8,all_to_all,114688,0.015482399861017864,0.015453733007113139,0.015558666984240214
1,0,4,8,8,rs_ag_pair,114688,0.04016706546147664,0.04013653198877971,0.04019733270009359
1,0,4,128,128,all_reduce,1835008,0.026328267653783162,0.02632039984067281,0.026370267073313396
1,0,4,128,128,reduce_scatter,1835008,0.020083200931549073,0.020058133204778037,0.020085599025090536
1,0,4,128,128,all_gather,1835008,0.021036799748738608,0.020957332849502564,0.02106119990348816
1,0,4,128,128,all_to_all,1835008,0.022918667395909628,0.022906132539113364,0.022946532567342123
1,0,4,128,128,rs_ag_pair,1835008,0.048515065511067705,0.04842586517333984,0.0485701322555542
1,0,4,1024,1024,all_reduce,14680064,0.061570401986440024,0.061564000447591145,0.061586932341257734
1,0,4,1024,1024,reduce_scatter,14680064,0.05674733320871989,0.056637068589528404,0.056893734137217204
1,0,4,1024,1024,all_gather,14680064,0.059423065185546874,0.05934026638666789,0.059461601575215656
1,0,4,1024,1024,all_to_all,14680064,0.04507466554641724,0.04501226743062337,0.045099067687988284
1,0,4,1024,1024,rs_ag_pair,14680064,0.12510693073272705,0.1249131997426351,0.12513906955718995
1,0,4,8192,8192,all_reduce,117440512,0.30971479415893555,0.3095631917317708,0.309718386332194
1,0,4,8192,8192,reduce_scatter,117440512,0.18211399714152018,0.18206787109375,0.18230120340983072
1,0,4,8192,8192,all_gather,117440512,0.17919492721557617,0.1791770617167155,0.17928172747294108
1,0,4,8192,8192,all_to_all,117440512,0.1991593360900879,0.19911386171976725,0.19916226069132487
1,0,4,8192,8192,rs_ag_pair,117440512,0.3711774508158366,0.37116479873657227,0.37154226303100585
1,0,4,16384,16384,all_reduce,234881024,0.5966032028198243,0.5965930938720703,0.5975856145222982
1,0,4,16384,16384,reduce_scatter,234881024,0.34275372823079425,0.34253867467244464,0.3427541414896647
1,0,4,16384,16384,all_gather,234881024,0.33153053919474285,0.331522528330485,0.33169307708740237
1,0,4,16384,16384,all_to_all,234881024,0.36907666524251304,0.3687790552775065,0.3694642702738444
1,0,4,16384,16384,rs_ag_pair,234881024,0.6847691853841146,0.6846291859944661,0.6858617146809896
1,0,8,1,8,all_reduce,114688,0.03288173278172811,0.03284146587053935,0.032902665932973224
1,0,8,1,8,reduce_scatter,114688,0.02231946587562561,0.02230853239695231,0.02232439915339152
1,0,8,1,8,all_gather,114688,0.022632666428883872,0.02262373367945353,0.022670932610829673
1,0,8,1,8,all_to_all,114688,0.015737332900365195,0.015683333079020183,0.015753066539764403
1,0,8,1,8,rs_ag_pair,114688,0.05379773378372192,0.053797201315561934,0.05386879841486613
1,0,8,8,8,all_reduce,114688,0.03296359976132711,0.032939332723617556,0.03300159970919291
1,0,8,8,8,reduce_scatter,114688,0.022338134050369263,0.022322932879130047,0.02235213319460551
1,0,8,8,8,all_gather,114688,0.022638799746831258,0.02260626753171285,0.02264066735903422
1,0,8,8,8,all_to_all,114688,0.015782933433850607,0.01575866639614105,0.015839599569638572
1,0,8,8,8,rs_ag_pair,114688,0.053838932514190675,0.05379706621170044,0.05388720035552978
1,0,8,128,128,all_reduce,1835008,0.03516960144042969,0.03510186672210693,0.035202399889628096
1,0,8,128,128,reduce_scatter,1835008,0.023611066738764445,0.02360653281211853,0.023614933093388874
1,0,8,128,128,all_gather,1835008,0.02417906721433004,0.024131200710932412,0.02417959968249003
1,0,8,128,128,all_to_all,1835008,0.02337119976679484,0.02332693338394165,0.02343453367551168
1,0,8,128,128,rs_ag_pair,1835008,0.0569001317024231,0.056834399700164795,0.057401601473490396
1,0,8,1024,1024,all_reduce,14680064,0.09499466419219971,0.09489839871724447,0.09502200285593669
1,0,8,1024,1024,reduce_scatter,14680064,0.051173198223114016,0.05116120179494222,0.05120546817779541
1,0,8,1024,1024,all_gather,14680064,0.047125065326690675,0.04712453285853068,0.047152666250864665
1,0,8,1024,1024,all_to_all,14680064,0.048520533243815105,0.04849079847335815,0.04852613210678101
1,0,8,1024,1024,rs_ag_pair,14680064,0.1067242701848348,0.10671133200327555,0.10681413014729818
1,0,8,8192,8192,all_reduce,117440512,0.36364491780598956,0.3635454813639323,0.36370452245076496
1,0,8,8192,8192,reduce_scatter,117440512,0.18968666394551595,0.18958999315897623,0.1897526741027832
1,0,8,8192,8192,all_gather,117440512,0.1922049363454183,0.19217853546142577,0.19220587412516277
1,0,8,8192,8192,all_to_all,117440512,0.2090401331583659,0.20900853474934897,0.209114933013916
1,0,8,8192,8192,rs_ag_pair,117440512,0.3941674550374349,0.39410413106282555,0.3942209243774414
1,0,8,16384,16384,all_reduce,234881024,0.6374603907267252,0.6373690923055013,0.6374862670898438
1,0,8,16384,16384,reduce_scatter,234881024,0.3533758799235026,0.3528027852376302,0.3545372009277344
1,0,8,16384,16384,all_gather,234881024,0.3561957359313965,0.35619001388549804,0.35625025431315105
1,0,8,16384,16384,all_to_all,234881024,0.3784390767415365,0.3782986640930176,0.378493595123291
1,0,8,16384,16384,rs_ag_pair,234881024,0.7189782460530599,0.7187754948933919,0.7192237218221028
1,0,16,1,16,all_reduce,229376,0.04609853426615397,0.04607426722844442,0.0461082657178243
1,0,16,1,16,reduce_scatter,229376,0.034250132242838544,0.03423639933268229,0.03429493506749471
1,0,16,1,16,all_gather,229376,0.03442226648330689,0.03435933192571004,0.03443466822306315
1,0,16,1,16,all_to_all,229376,0.016264800230662027,0.01620306670665741,0.017232000827789307
1,0,16,1,16,rs_ag_pair,229376,0.07790586948394776,0.07782506942749023,0.07790586948394776
1,0,16,8,16,all_reduce,229376,0.045692265033721924,0.045552666982014975,0.045762264728546144
1,0,16,8,16,reduce_scatter,229376,0.034577067693074545,0.03454666535059611,0.03474760055541992
1,0,16,8,16,all_gather,229376,0.034359065691630046,0.03432266712188721,0.034390000502268474
1,0,16,8,16,all_to_all,229376,0.01620293358961741,0.01619986693064372,0.016229599714279175
1,0,16,8,16,rs_ag_pair,229376,0.0777511994043986,0.07774386405944825,0.07780066331227621
1,0,16,128,128,all_reduce,1835008,0.04994080066680908,0.04992893139521281,0.04995866616566976
1,0,16,128,128,reduce_scatter,1835008,0.033520400524139404,0.033482531706492104,0.03355226516723633
1,0,16,128,128,all_gather,1835008,0.03374386628468831,0.03370893398920695,0.034049467245737715
1,0,16,128,128,all_to_all,1835008,0.023485199610392252,0.023460266987482707,0.023526134093602498
1,0,16,128,128,rs_ag_pair,1835008,0.07610773245493571,0.07589173316955566,0.07613906860351563
1,0,16,1024,1024,all_reduce,14680064,0.1065278689066569,0.10650320053100586,0.10684386889139812
1,0,16,1024,1024,reduce_scatter,14680064,0.06773813565572102,0.06771559715270996,0.06774933338165283
1,0,16,1024,1024,all_gather,14680064,0.08077840010325114,0.0806552012761434,0.08082786401112875
1,0,16,1024,1024,all_to_all,14680064,0.04996920029322306,0.04996533393859863,0.05001866817474365
1,0,16,1024,1024,rs_ag_pair,14680064,0.16151679356892903,0.16151026089986165,0.16154185930887857
1,0,16,8192,8192,all_reduce,117440512,0.41416600545247395,0.41392119725545246,0.41417827606201174
1,0,16,8192,8192,reduce_scatter,117440512,0.2637688000996908,0.26340200106302897,0.26387200355529783
1,0,16,8192,8192,all_gather,117440512,0.21027545928955077,0.21024200121561687,0.21088120142618816
1,0,16,8192,8192,all_to_all,117440512,0.2144451936086019,0.2144320011138916,0.21448933283487956
1,0,16,8192,8192,rs_ag_pair,117440512,0.4762818654378255,0.4760385195414225,0.47780386606852215
1,0,16,16384,16384,all_reduce,234881024,0.7066874821980794,0.7058578491210937,0.7101278940836588
1,0,16,16384,16384,reduce_scatter,234881024,0.36471465428670247,0.3643477439880371,0.3651121457417806
1,0,16,16384,16384,all_gather,234881024,0.36988852818806967,0.3698363939921061,0.3699249267578125
1,0,16,16384,16384,all_to_all,234881024,0.3847395896911621,0.3846557299296061,0.38492708206176757
1,0,16,16384,16384,rs_ag_pair,234881024,0.746342658996582,0.7460208257039388,0.7465213139851888
2,2,2,1,2,all_reduce,28672,0.015160266558329265,0.01512933373451233,0.01517413357893626
2,2,2,1,2,reduce_scatter,28672,0.01343453327814738,0.013425333301226298,0.013437466820081075
2,2,2,1,2,all_gather,28672,0.013718799750010172,0.01368559996287028,0.0137254665295283
2,2,2,1,2,all_to_all,28672,0.014475733041763306,0.014447333415349324,0.014526800314585368
2,2,2,1,2,rs_ag_pair,28672,0.03540560007095337,0.03533800045649211,0.03544413248697917
2,2,2,8,8,all_reduce,114688,0.015149466196695964,0.015138266483942668,0.01519480049610138
2,2,2,8,8,reduce_scatter,114688,0.013482399781545003,0.01345466673374176,0.013535599907239277
2,2,2,8,8,all_gather,114688,0.013469733794530233,0.013411733508110046,0.013503199815750122
2,2,2,8,8,all_to_all,114688,0.015035999814669292,0.014967466394106546,0.015069466829299927
2,2,2,8,8,rs_ag_pair,114688,0.03549840052922567,0.035497466723124184,0.03552026748657226
2,2,2,128,128,all_reduce,1835008,0.021344133218129478,0.021303067604700725,0.021380533774693806
2,2,2,128,128,reduce_scatter,1835008,0.017398265997568767,0.017383732398351035,0.017429866393407187
2,2,2,128,128,all_gather,1835008,0.018615732590357464,0.018600799640019736,0.018674665689468385
2,2,2,128,128,all_to_all,1835008,0.02157920002937317,0.021522132555643718,0.021591333548227946
2,2,2,128,128,rs_ag_pair,1835008,0.04478093385696411,0.04471026659011841,0.0448030670483907
2,2,2,1024,1024,all_reduce,14680064,0.05453533331553141,0.05448413292566935,0.054703466097513836
2,2,2,1024,1024,reduce_scatter,14680064,0.03843280076980591,0.03842560052871704,0.03851199944814046
2,2,2,1024,1024,all_gather,14680064,0.038719733556111656,0.03860520124435425,0.03875666856765747
2,2,2,1024,1024,all_to_all,14680064,0.039001599947611494,0.0388539989789327,0.042878933747609455
2,2,2,1024,1024,rs_ag_pair,14680064,0.0860908031463623,0.08603653113047281,0.0860922654469808
2,2,2,8192,8192,all_reduce,117440512,0.24937933286031086,0.24935065905253093,0.24944853782653809
2,2,2,8192,8192,reduce_scatter,117440512,0.16561293601989746,0.16559613545735677,0.16563733418782553
2,2,2,8192,8192,all_gather,117440512,0.1544201374053955,0.154255739847819,0.15461586316426595
2,2,2,8192,8192,all_to_all,117440512,0.19719826380411784,0.1966126600901286,0.19737812678019206
2,2,2,8192,8192,rs_ag_pair,117440512,0.32891467412312825,0.3288829485575358,0.32898387908935545
2,2,2,16384,16384,all_reduce,234881024,0.45859626134236653,0.45856494903564454,0.4588362693786621
2,2,2,16384,16384,reduce_scatter,234881024,0.29528093338012695,0.2952478726704915,0.29533427556355796
2,2,2,16384,16384,all_gather,234881024,0.2839172045389811,0.2839028040568034,0.28393866221110026
2,2,2,16384,16384,all_to_all,234881024,0.36394386291503905,0.3637534777323405,0.3640124003092448
2,2,2,16384,16384,rs_ag_pair,234881024,0.5899069468180339,0.5899058659871419,0.5901503880818685
2,0,4,1,4,all_reduce,57344,0.020980666081110638,0.02094506621360779,0.02098413308461507
2,0,4,1,4,reduce_scatter,57344,0.01625159978866577,0.016249466935793558,0.016255199909210205
2,0,4,1,4,all_gather,57344,0.016436933477719625,0.016414133707682292,0.016437066594759624
2,0,4,1,4,all_to_all,57344,0.015115599830945332,0.015089466174443563,0.015122399727503458
2,0,4,1,4,rs_ag_pair,57344,0.040792667865753175,0.0407317320505778,0.0409276008605957
2,0,4,8,8,all_reduce,114688,0.019991334279378256,0.019983200232187907,0.020014800628026328
2,0,4,8,8,reduce_scatter,114688,0.016205867131551106,0.016201866666475932,0.01623960038026174
2,0,4,8,8,all_gather,114688,0.016185733675956725,0.016169733802477517,0.016212266683578492
2,0,4,8,8,all_to_all,114688,0.015422933300336202,0.015418000022570292,0.015482667088508605
2,0,4,8,8,rs_ag_pair,114688,0.04013426701227824,0.04009866714477539,0.04014439980189006
2,0,4,128,128,all_reduce,1835008,0.026289200782775878,0.02628026604652405,0.02633306582768758
2,0,4,128,128,reduce_scatter,1835008,0.020045999685923258,0.020029733578364056,0.020052667458852133
2,0,4,128,128,all_gather,1835008,0.02100480000178019,0.020935465892155964,0.021019866069157917
2,0,4,128,128,all_to_all,1835008,0.02287826736768087,0.022868265708287556,0.02289093335469564
2,0,4,128,128,rs_ag_pair,1835008,0.04846786657969157,0.048382266362508135,0.04851773182551066
2,0,4,1024,1024,all_reduce,14680064,0.06154559850692749,0.06150733232498169,0.06154746611913045
2,0,4,1024,1024,reduce_scatter,14680064,0.05668173233668009,0.05656986633936564,0.056835333506266274
2,0,4,1024,1024,all_gather,14680064,0.0593669335047404,0.059293735027313235,0.05942639907201131
2,0,4,1024,1024,all_to_all,14680064,0.04502919912338257,0.04494239886601766,0.045038398106892905
2,0,4,1024,1024,rs_ag_pair,14680064,0.12505853176116943,0.1248522679011027,0.1250661293665568
2,0,4,8192,8192,all_reduce,117440512,0.309660530090332,0.3095255851745605,0.3096713383992513
2,0,4,8192,8192,reduce_scatter,117440512,0.18205307324727377,0.18196120262145996,0.1821883996327718
2,0,4,8192,8192,all_gather,117440512,0.17917906443277995,0.17911906242370607,0.17921652793884277
2,0,4,8192,8192,all_to_all,117440512,0.19908827145894367,0.19905813535054526,0.19915146827697755
2,0,4,8192,8192,rs_ag_pair,117440512,0.37114292780558267,0.37106733322143554,0.3714660008748372
2,0,4,16384,16384,all_reduce,234881024,0.5965606689453125,0.5965238571166992,0.5972609202067057
2,0,4,16384,16384,reduce_scatter,234881024,0.34263906478881834,0.3424121220906576,0.34266160329182943
2,0,4,16384,16384,all_gather,234881024,0.3314590771993001,0.33144505818684894,0.3316558519999186
2,0,4,16384,16384,all_to_all,234881024,0.36897878646850585,0.3686777432759603,0.3693731943766276
2,0,4,16384,16384,rs_ag_pair,234881024,0.6847010930379231,0.6845712025960287,0.6857821146647135
2,0,8,1,8,all_reduce,114688,0.03284213344256083,0.03281720081965129,0.03284546732902527
2,0,8,1,8,reduce_scatter,114688,0.022259600957234702,0.022245333592096964,0.022274933258692422
2,0,8,1,8,all_gather,114688,0.022576399644215903,0.02256760001182556,0.022594134012858074
2,0,8,1,8,all_to_all,114688,0.015712133049964903,0.01565893292427063,0.015747599800427756
2,0,8,1,8,rs_ag_pair,114688,0.05387653509775798,0.05377226670583089,0.05395346482594808
2,0,8,8,8,all_reduce,114688,0.03296746611595154,0.032937866449356076,0.03302639921506246
2,0,8,8,8,reduce_scatter,114688,0.022352667649586995,0.02233053247133891,0.022366666793823244
2,0,8,8,8,all_gather,114688,0.022615466515223184,0.0225817342599233,0.02264786760012309
2,0,8,8,8,all_to_all,114688,0.015813066562016805,0.015809200207392373,0.015825733542442322
2,0,8,8,8,rs_ag_pair,114688,0.053840267658233645,0.05380773146947225,0.05385333299636841
2,0,8,128,128,all_reduce,1835008,0.03517359892527262,0.03510093291600545,0.03519506851832072
2,0,8,128,128,reduce_scatter,1835008,0.023595066865285237,0.023590133587519328,0.023612000544865928
2,0,8,128,128,all_gather,1835008,0.024179200331370037,0.024131999413172404,0.024187866846720377
2,0,8,128,128,all_to_all,1835008,0.023429065942764282,0.023317466179529827,0.023432000478108724
2,0,8,128,128,rs_ag_pair,1835008,0.0568338672320048,0.056813867886861165,0.05740040143330892
2,0,8,1024,1024,all_reduce,14680064,0.09498000144958496,0.09487919807434082,0.09499013423919678
2,0,8,1024,1024,reduce_scatter,14680064,0.0511574665705363,0.05114653507868449,0.05122199853261312
2,0,8,1024,1024,all_gather,14680064,0.04712080160776774,0.04711320002873739,0.04716720183690389
2,0,8,1024,1024,all_to_all,14680064,0.04850866794586182,0.04848639965057373,0.04851359923680623
2,0,8,1024,1024,rs_ag_pair,14680064,0.1067620038986206,0.10669746398925781,0.10680507024129232
2,0,8,8192,8192,all_reduce,117440512,0.3636331876118978,0.3635669390360514,0.36369892756144206
2,0,8,8192,8192,reduce_scatter,117440512,0.18965946833292643,0.1895633379618327,0.18973867098490396
2,0,8,8192,8192,all_gather,117440512,0.19216747283935548,0.1921544075012207,0.1921826680501302
2,0,8,8192,8192,all_to_all,117440512,0.20890533129374186,0.20884693463643392,0.2089684009552002
2,0,8,8192,8192,rs_ag_pair,117440512,0.3939557393391927,0.39390732447306315,0.39405425389607746
2,0,8,16384,16384,all_reduce,234881024,0.6372249603271485,0.6371357599894206,0.6372694651285807
2,0,8,16384,16384,reduce_scatter,234881024,0.353933588663737,0.3532555898030599,0.35435241063435874
2,0,8,16384,16384,all_gather,234881024,0.3560435930887858,0.35603694915771483,0.35608933766682943
2,0,8,16384,16384,all_to_all,234881024,0.3782626787821452,0.3781576156616211,0.3782866795857747
2,0,8,16384,16384,rs_ag_pair,234881024,0.7188168207804362,0.718630027770996,0.7190708160400391
2,0,16,1,16,all_reduce,229376,0.04610519806543986,0.046038933595021564,0.04611359834671021
2,0,16,1,16,reduce_scatter,229376,0.034228932857513425,0.03422360022862752,0.03424719969431559
2,0,16,1,16,all_gather,229376,0.03440893491109212,0.034361732006072995,0.03442639907201131
2,0,16,1,16,all_to_all,229376,0.01626319984594981,0.01619213322798411,0.017600399255752564
2,0,16,1,16,rs_ag_pair,229376,0.0778934637705485,0.07780866622924805,0.07789586385091146
2,0,16,8,16,all_reduce,229376,0.04567493200302124,0.04554119904836019,0.045774932702382407
2,0,16,8,16,reduce_scatter,229376,0.03455453316370646,0.034474666913350424,0.03456360101699829
2,0,16,8,16,all_gather,229376,0.03435920079549153,0.03432026704152425,0.03439133167266846
2,0,16,8,16,all_to_all,229376,0.016198266545931497,0.01618453363577525,0.01622266670068105
2,0,16,8,16,rs_ag_pair,229376,0.07775920232137044,0.07772986888885498,0.07778626283009847
2,0,16,128,128,all_reduce,1835008,0.049930667877197264,0.04991999864578247,0.04994279940923055
2,0,16,128,128,reduce_scatter,1835008,0.03349066575368245,0.03345973491668701,0.03353773355484009
2,0,16,128,128,all_gather,1835008,0.033718268076578774,0.03369733492533366,0.034035468101501466
2,0,16,128,128,all_to_all,1835008,0.02345973253250122,0.023454399903615315,0.02350013256072998
2,0,16,128,128,rs_ag_pair,1835008,0.07580426534016928,0.07579680283864339,0.07585626443227132
2,0,16,1024,1024,all_reduce,14680064,0.10670719941457113,0.10659386316935221,0.10678613185882568
2,0,16,1024,1024,reduce_scatter,14680064,0.06798199812571208,0.06797866821289063,0.06802319685618083
2,0,16,1024,1024,all_gather,14680064,0.08080320358276367,0.08064813613891601,0.08080746332804362
2,0,16,1024,1024,all_to_all,14680064,0.04998253186543782,0.04997320175170898,0.05001920064290365
2,0,16,1024,1024,rs_ag_pair,14680064,0.16158146858215333,0.16152413686116537,0.16158347129821776
2,0,16,8192,8192,all_reduce,117440512,0.41416187286376954,0.4139622688293457,0.4141716003417969
2,0,16,8192,8192,reduce_scatter,117440512,0.26378067334493,0.2633818626403809,0.26386280059814454
2,0,16,8192,8192,all_gather,117440512,0.21030599276224773,0.21027092933654784,0.21092507044474285
2,0,16,8192,8192,all_to_all,117440512,0.2144597371419271,0.2142801284790039,0.2144628047943115
2,0,16,8192,8192,rs_ag_pair,117440512,0.47612053553263345,0.4758850733439128,0.47765251795450847
2,0,16,16384,16384,all_reduce,234881024,0.7065046946207683,0.7056973139444987,0.7099218368530273
2,0,16,16384,16384,reduce_scatter,234881024,0.36442025502522785,0.3641471862792969,0.36448758443196616
2,0,16,16384,16384,all_gather,234881024,0.36965986887613933,0.36962560017903645,0.3697296142578125
2,0,16,16384,16384,all_to_all,234881024,0.3845820109049479,0.3845013300577799,0.38472681045532225
2,0,16,16384,16384,rs_ag_pair,234881024,0.7460786819458007,0.7458618799845378,0.7464036305745443
3,2,2,1,2,all_reduce,28672,0.015162932872772216,0.0151310662428538,0.015162932872772216
3,2,2,1,2,reduce_scatter,28672,0.013437733054161072,0.013436266779899597,0.013439333438873291
3,2,2,1,2,all_gather,28672,0.013720267017682393,0.01369266708691915,0.013728800415992736
3,2,2,1,2,all_to_all,28672,0.014471866687138875,0.014463466405868531,0.014476000269254049
3,2,2,1,2,rs_ag_pair,28672,0.03537813425064087,0.03533800045649211,0.03544986645380656
3,2,2,8,8,all_reduce,114688,0.015151466925938923,0.015123333533604939,0.015184666713078816
3,2,2,8,8,reduce_scatter,114688,0.013483333587646484,0.013458266854286194,0.013533733288447062
3,2,2,8,8,all_gather,114688,0.013484399517377217,0.013411866625150044,0.01351640025774638
3,2,2,8,8,all_to_all,114688,0.015046266714731853,0.014976800481478373,0.015061866243680317
3,2,2,8,8,rs_ag_pair,114688,0.035504666964213054,0.03549986680348714,0.03552199999491374
3,2,2,128,128,all_reduce,1835008,0.021343066294987997,0.021317466100056966,0.021375600496927896
3,2,2,128,128,reduce_scatter,1835008,0.017388800779978435,0.01737040082613627,0.017422932386398315
3,2,2,128,128,all_gather,1835008,0.018608800570170083,0.018588533004124958,0.018662933508555093
3,2,2,128,128,all_to_all,1835008,0.021588265895843506,0.021530399719874065,0.021593467394510905
3,2,2,128,128,rs_ag_pair,1835008,0.04478586514790853,0.044706666469573976,0.04480146567026774
3,2,2,1024,1024,all_reduce,14680064,0.05454320112864176,0.05448533296585083,0.05468533436457316
3,2,2,1024,1024,reduce_scatter,14680064,0.03843079805374146,0.038422799110412596,0.03851120074590047
3,2,2,1024,1024,all_gather,14680064,0.038714933395385745,0.03860106468200684,0.03875519831975301
3,2,2,1024,1024,all_to_all,14680064,0.03902080059051514,0.0388861338297526,0.042927865187327066
3,2,2,1024,1024,rs_ag_pair,14680064,0.08609826564788818,0.08604439894358316,0.08611893653869629
3,2,2,8192,8192,all_reduce,117440512,0.24934813181559246,0.2493233362833659,0.24938613573710125
3,2,2,8192,8192,reduce_scatter,117440512,0.16553467114766438,0.16550013224283855,0.1655405362447103
3,2,2,8192,8192,all_gather,117440512,0.1543985366821289,0.15421412785847982,0.15449172655741375
3,2,2,8192,8192,all_to_all,117440512,0.19717334111531576,0.19660239219665526,0.19738465944925945
3,2,2,8192,8192,rs_ag_pair,117440512,0.32881733576456706,0.3287610689798991,0.32891092300415037
3,2,2,16384,16384,all_reduce,234881024,0.45853068033854166,0.45851945877075195,0.45886707305908203
3,2,2,16384,16384,reduce_scatter,234881024,0.29525454839070636,0.2952308019002279,0.29532159169514977
3,2,2,16384,16384,all_gather,234881024,0.2839178721110026,0.2838987986246745,0.2839206695556641
3,2,2,16384,16384,all_to_all,234881024,0.3639522552490234,0.36376959482828775,0.3639966646830241
3,2,2,16384,16384,rs_ag_pair,234881024,0.589954694112142,0.5899433135986328,0.5901723861694336
3,0,4,1,4,all_reduce,57344,0.021024932463963825,0.02101400097211202,0.021025067567825316
3,0,4,1,4,reduce_scatter,57344,0.016308133800824482,0.016304933031400046,0.0163100004196167
3,0,4,1,4,all_gather,57344,0.016490399837493896,0.016478133201599122,0.016503733396530152
3,0,4,1,4,all_to_all,57344,0.015142533183097839,0.01513599952061971,0.015172933538754782
3,0,4,1,4,rs_ag_pair,57344,0.04082680145899455,0.04075906674067179,0.04096999963124593
3,0,4,8,8,all_reduce,114688,0.020037599404652915,0.020010799169540405,0.0200657327969869
3,0,4,8,8,reduce_scatter,114688,0.01625226636727651,0.016247066855430602,0.01627786656220754
3,0,4,8,8,all_gather,114688,0.01620253324508667,0.016183066368103027,0.016240933537483217
3,0,4,8,8,all_to_all,114688,0.015465466181437175,0.015446533759435018,0.015547200043996175
3,0,4,8,8,rs_ag_pair,114688,0.040168134371439616,0.04013386567433675,0.040190267562866214
3,0,4,128,128,all_reduce,1835008,0.02631880044937134,0.026316134134928386,0.026357465982437135
3,0,4,128,128,reduce_scatter,1835008,0.020073199272155763,0.02006066640218099,0.02008906602859497
3,0,4,128,128,all_gather,1835008,0.02103453278541565,0.020965200662612916,0.021050000190734865
3,0,4,128,128,all_to_all,1835008,0.022914399703343708,0.02288680076599121,0.022937067349751792
3,0,4,128,128,rs_ag_pair,1835008,0.048508266607920326,0.0484057346979777,0.04856119950612386
3,0,4,1024,1024,all_reduce,14680064,0.061575599511464435,0.061550267537434894,0.06158813238143921
3,0,4,1024,1024,reduce_scatter,14680064,0.05672853390375773,0.05661146640777588,0.056883867581685385
3,0,4,1024,1024,all_gather,14680064,0.05939799944559733,0.059340532620747885,0.05943893194198609
3,0,4,1024,1024,all_to_all,14680064,0.04500773350397746,0.04499533176422119,0.04509559869766235
3,0,4,1024,1024,rs_ag_pair,14680064,0.12510133584340413,0.12490013440450033,0.12511346340179444
3,0,4,8192,8192,all_reduce,117440512,0.3096925417582194,0.30954666137695314,0.3096954663594564
3,0,4,8192,8192,reduce_scatter,117440512,0.18210132916768393,0.18198092778523764,0.182232666015625
3,0,4,8192,8192,all_gather,117440512,0.1792199929555257,0.17921613057454427,0.17926586469014485
3,0,4,8192,8192,all_to_all,117440512,0.19915092786153157,0.19908827145894367,0.1991762638092041
3,0,4,8192,8192,rs_ag_pair,117440512,0.37118120193481446,0.37112452189127604,0.37150452931722006
3,0,4,16384,16384,all_reduce,234881024,0.5965855916341146,0.5965791702270508,0.5975858688354492
3,0,4,16384,16384,reduce_scatter,234881024,0.342771053314209,0.34252586364746096,0.3428142547607422
3,0,4,16384,16384,all_gather,234881024,0.3315249443054199,0.3315027872721354,0.3317870775858561
3,0,4,16384,16384,all_to_all,234881024,0.36904067993164064,0.36876227060953776,0.3694726626078288
3,0,4,16384,16384,rs_ag_pair,234881024,0.6847053527832031,0.6846099853515625,0.6859845479329427
3,0,8,1,8,all_reduce,114688,0.0328874667485555,0.03284013271331787,0.03291013240814209
3,0,8,1,8,reduce_scatter,114688,0.02231173316637675,0.022302399079004925,0.022321200370788573
3,0,8,1,8,all_gather,114688,0.022628132502237955,0.022623066107432047,0.022672667105992635
3,0,8,1,8,all_to_all,114688,0.015741599599520366,0.015647332866986594,0.015750666459401447
3,0,8,1,8,rs_ag_pair,114688,0.05388346513112386,0.0538101315498352,0.05395146608352661
3,0,8,8,8,all_reduce,114688,0.03298546671867371,0.03295746644337972,0.03301213383674621
3,0,8,8,8,reduce_scatter,114688,0.022363867362340292,0.022351733843485513,0.02237746715545654
3,0,8,8,8,all_gather,114688,0.022660134236017863,0.02262773315111796,0.022663066784540813
3,0,8,8,8,all_to_all,114688,0.01583079993724823,0.01582533319791158,0.01585093339284261
3,0,8,8,8,rs_ag_pair,114688,0.0538645346959432,0.05383386611938477,0.05387413501739502
3,0,8,128,128,all_reduce,1835008,0.035186266899108885,0.03512093226114909,0.03522026538848877
3,0,8,128,128,reduce_scatter,1835008,0.023628666003545126,0.02361173431078593,0.02363426685333252
3,0,8,128,128,all_gather,1835008,0.024194000164667766,0.024088799953460693,0.02420919934908549
3,0,8,128,128,all_to_all,1835008,0.023436933755874634,0.02335466742515564,0.023453332980473838
3,0,8,128,128,rs_ag_pair,1835008,0.0569264014561971,0.05686386823654175,0.05741533438364665
3,0,8,1024,1024,all_reduce,14680064,0.09496266841888427,0.09486453533172608,0.09497839609781901
3,0,8,1024,1024,reduce_scatter,14680064,0.05117040077845256,0.05111826658248901,0.0512062668800354
3,0,8,1024,1024,all_gather,14680064,0.04713639815648397,0.04713240067164103,0.04719146490097046
3,0,8,1024,1024,all_to_all,14680064,0.04853399991989136,0.048513734340667726,0.04854186773300171
3,0,8,1024,1024,rs_ag_pair,14680064,0.10677800178527833,0.10673133532206218,0.10679639975229899
3,0,8,8192,8192,all_reduce,117440512,0.36366840998331706,0.36355454126993814,0.3637353261311849
3,0,8,8192,8192,reduce_scatter,117440512,0.18970932960510253,0.18959986368815104,0.18978346188863118
3,0,8,8192,8192,all_gather,117440512,0.19222359657287597,0.19219387372334798,0.1922324021657308
3,0,8,8192,8192,all_to_all,117440512,0.20907173156738282,0.20901999473571778,0.20913373629252116
3,0,8,8192,8192,rs_ag_pair,117440512,0.3941995938618978,0.3941221237182617,0.39424559275309246
3,0,8,16384,16384,all_reduce,234881024,0.6374846776326497,0.6374117533365885,0.6375210444132487
3,0,8,16384,16384,reduce_scatter,234881024,0.3539753278096517,0.35345118840535483,0.35455039342244465
3,0,8,16384,16384,all_gather,234881024,0.3562609354654948,0.3562138557434082,0.35628185272216795
3,0,8,16384,16384,all_to_all,234881024,0.3784369468688965,0.37835305531819663,0.37848052978515623
3,0,8,16384,16384,rs_ag_pair,234881024,0.7189737319946289,0.7188061396280925,0.7193030675252279
3,0,16,1,16,all_reduce,229376,0.04608226617177327,0.04601759910583496,0.046085198720296226
3,0,16,1,16,reduce_scatter,229376,0.034267199039459226,0.03425920009613037,0.03429479996363322
3,0,16,1,16,all_gather,229376,0.034440267086029056,0.03438733418782552,0.03445733388264974
3,0,16,1,16,all_to_all,229376,0.016252533594767252,0.01618280013402303,0.017562266190846762
3,0,16,1,16,rs_ag_pair,229376,0.0778710683186849,0.07781746387481689,0.07789119879404703
3,0,16,8,16,all_reduce,229376,0.0456822673479716,0.0455462654431661,0.045755465825398765
3,0,16,8,16,reduce_scatter,229376,0.03456386725107829,0.03454066514968872,0.03471239805221558
3,0,16,8,16,all_gather,229376,0.03436186710993449,0.03431546688079834,0.03437573512395223
3,0,16,8,16,all_to_all,229376,0.016191333532333374,0.016174532969792686,0.016233600179354348
3,0,16,8,16,rs_ag_pair,229376,0.07774693171183268,0.07771999835968017,0.0777785301208496
3,0,16,128,128,all_reduce,1835008,0.04992413520812988,0.049922664960225425,0.04994800090789795
3,0,16,128,128,reduce_scatter,1835008,0.033495199680328366,0.033465866247812906,0.03353399833043416
3,0,16,128,128,all_gather,1835008,0.03373413483301799,0.033705735206604005,0.034043331940968834
3,0,16,128,128,all_to_all,1835008,0.023457199335098267,0.023456132411956786,0.023516800006230673
3,0,16,128,128,rs_ag_pair,1835008,0.07610092957814535,0.075872802734375,0.07612693309783936
3,0,16,1024,1024,all_reduce,14680064,0.10681373278299967,0.10670373439788819,0.10682746569315592
3,0,16,1024,1024,reduce_scatter,14680064,0.06800133387247721,0.06798093318939209,0.06803466478983561
3,0,16,1024,1024,all_gather,14680064,0.0807862679163615,0.08063560326894124,0.08082546393076578
3,0,16,1024,1024,all_to_all,14680064,0.04997413158416748,0.04997146526972453,0.05002373456954956
3,0,16,1024,1024,rs_ag_pair,14680064,0.1615117390950521,0.1615015983581543,0.1615316073099772
3,0,16,8192,8192,all_reduce,117440512,0.41415465672810875,0.41392974853515624,0.41416358947753906
3,0,16,8192,8192,reduce_scatter,117440512,0.2637612024943034,0.26336466471354164,0.26386906305948893
3,0,16,8192,8192,all_gather,117440512,0.2105735937754313,0.21002146402994792,0.21064559618631998
3,0,16,8192,8192,all_to_all,117440512,0.21441240310668946,0.21438573201497396,0.21446332931518555
3,0,16,8192,8192,rs_ag_pair,117440512,0.4762556076049805,0.4759635925292969,0.4777682622273763
3,0,16,16384,16384,all_reduce,234881024,0.7066582361857097,0.7058525085449219,0.710116958618164
3,0,16,16384,16384,reduce_scatter,234881024,0.3646967887878418,0.36433931986490886,0.36509825388590494
3,0,16,16384,16384,all_gather,234881024,0.36987412770589195,0.36980466842651366,0.369924259185791
3,0,16,16384,16384,all_to_all,234881024,0.38466653823852537,0.3846252123514811,0.3848722775777181
3,0,16,16384,16384,rs_ag_pair,234881024,0.7462818781534831,0.7459636052449544,0.7464962641398112
4,4,2,1,2,all_reduce,28672,0.01517400046189626,0.015143199761708578,0.015189866224924723
4,4,2,1,2,reduce_scatter,28672,0.013736400008201598,0.0134334663550059,0.013804133733113606
4,4,2,1,2,all_gather,28672,0.01377666691939036,0.01376146674156189,0.013786933819452922
4,4,2,1,2,all_to_all,28672,0.014651866753896077,0.014453867077827453,0.014714800318082174
4,4,2,1,2,rs_ag_pair,28672,0.03579639991124471,0.035769331455230716,0.03587386608123779
4,4,2,8,8,all_reduce,114688,0.015144667029380799,0.01512226661046346,0.015193999807039896
4,4,2,8,8,reduce_scatter,114688,0.013657333453496297,0.013641599814097087,0.013783466815948487
4,4,2,8,8,all_gather,114688,0.01365893284479777,0.013631332914034526,0.013683199882507324
4,4,2,8,8,all_to_all,114688,0.015149999658266704,0.015147200226783753,0.015179199973742168
4,4,2,8,8,rs_ag_pair,114688,0.035725200176239015,0.035504666964213054,0.03573319911956787
4,4,2,128,128,all_reduce,1835008,0.021191600958506265,0.02117946743965149,0.021212400992711385
4,4,2,128,128,reduce_scatter,1835008,0.01732599933942159,0.017302133639653525,0.017379466692606607
4,4,2,128,128,all_gather,1835008,0.018659200270970663,0.01864733298619588,0.018671866257985434
4,4,2,128,128,all_to_all,1835008,0.02079520026842753,0.020782800515492757,0.020820534229278563
4,4,2,128,128,rs_ag_pair,1835008,0.0440775990486145,0.04406919876734416,0.04415386517842611
4,4,2,1024,1024,all_reduce,14680064,0.05317506790161133,0.05311306715011597,0.05319186846415202
4,4,2,1024,1024,reduce_scatter,14680064,0.03805466492970785,0.03805186748504639,0.038162267208099364
4,4,2,1024,1024,all_gather,14680064,0.03868920008341471,0.03863840103149414,0.03871626853942871
4,4,2,1024,1024,all_to_all,14680064,0.04636400143305461,0.04558586676915487,0.046418265501658125
4,4,2,1024,1024,rs_ag_pair,14680064,0.08611213366190593,0.08599267005920411,0.08619613647460937
4,4,2,8192,8192,all_reduce,117440512,0.24762600262959797,0.2474770704905192,0.24769867261250814
4,4,2,8192,8192,reduce_scatter,117440512,0.16560319264729817,0.16550280253092448,0.16564359664916992
4,4,2,8192,8192,all_gather,117440512,0.15507094065348306,0.15499986012776693,0.1550912062327067
4,4,2,8192,8192,all_to_all,117440512,0.19739853541056315,0.19735426902770997,0.19778679211934408
4,4,2,8192,8192,rs_ag_pair,117440512,0.32959121068318686,0.32944132486979166,0.329641850789388
4,4,2,16384,16384,all_reduce,234881024,0.4573882738749186,0.457311471303304,0.4574351946512858
4,4,2,16384,16384,reduce_scatter,234881024,0.2975097338358561,0.2974973360697428,0.2976036071777344
4,4,2,16384,16384,all_gather,234881024,0.28519439697265625,0.28517465591430663,0.28522733052571614
4,4,2,16384,16384,all_to_all,234881024,0.3641577402750651,0.3640981356302897,0.3642785390218099
4,4,2,16384,16384,rs_ag_pair,234881024,0.5935945510864258,0.5934293111165364,0.593638547261556
4,4,4,1,4,all_reduce,57344,0.02124946713447571,0.021238933006922405,0.0212882657845815
4,4,4,1,4,reduce_scatter,57344,0.016551599899927775,0.016520532965660095,0.016562533378601075
4,4,4,1,4,all_gather,57344,0.01672213276227315,0.016720134019851684,0.016773333152135212
4,4,4,1,4,all_to_all,57344,0.015279199679692585,0.015251599748929342,0.015306533376375834
4,4,4,1,4,rs_ag_pair,57344,0.04196586608886719,0.04195760091145833,0.04206146796544393
4,4,4,8,8,all_reduce,114688,0.020393200715382895,0.020350666840871175,0.02043453256289164
4,4,4,8,8,reduce_scatter,114688,0.01650279959042867,0.01646506687005361,0.01652906636397044
4,4,4,8,8,all_gather,114688,0.016419600447018942,0.01640773316224416,0.016476933161417642
4,4,4,8,8,all_to_all,114688,0.015538666645685833,0.015517066915829976,0.015545866886774699
4,4,4,8,8,rs_ag_pair,114688,0.04130880037943522,0.041230265299479166,0.041312400499979654
4,4,4,128,128,all_reduce,1835008,0.026834134260813394,0.026816533009211222,0.0268396000067393
4,4,4,128,128,reduce_scatter,1835008,0.020061866442362467,0.02003600001335144,0.020096532503763833
4,4,4,128,128,all_gather,1835008,0.021059866746266684,0.02105600039164225,0.02113119959831238
4,4,4,128,128,all_to_all,1835008,0.02295959989229838,0.022946532567342123,0.022985066970189413
4,4,4,128,128,rs_ag_pair,1835008,0.04911839962005615,0.048954268296559654,0.049132800102233885
4,4,4,1024,1024,all_reduce,14680064,0.06159799893697103,0.06158159971237183,0.06161226828893026
4,4,4,1024,1024,reduce_scatter,14680064,0.05673946539560954,0.05670533180236816,0.05694040060043335
4,4,4,1024,1024,all_gather,14680064,0.05937946637471517,0.059278666973114014,0.05938599904378255
4,4,4,1024,1024,all_to_all,14680064,0.045002532005310056,0.04496853351593018,0.045043734709421794
4,4,4,1024,1024,rs_ag_pair,14680064,0.1251852035522461,0.12505746682484944,0.1253099997838338
4,4,4,8192,8192,all_reduce,117440512,0.31117547353108727,0.3110494613647461,0.3113716125488281
4,4,4,8192,8192,reduce_scatter,117440512,0.18287359873453776,0.18276546796162924,0.1829089323679606
4,4,4,8192,8192,all_gather,117440512,0.17933425903320313,0.1792470614115397,0.17947893142700194
4,4,4,8192,8192,all_to_all,117440512,0.199616003036499,0.19957332611083983,0.19979000091552734
4,4,4,8192,8192,rs_ag_pair,117440512,0.37308533986409503,0.37256746292114257,0.37324854532877605
4,4,4,16384,16384,all_reduce,234881024,0.5935335795084635,0.5934467951456706,0.5937974929809571
4,4,4,16384,16384,reduce_scatter,234881024,0.34244120915730797,0.3420751889546712,0.34247798919677735
4,4,4,16384,16384,all_gather,234881024,0.33284759521484375,0.33248799641927085,0.33319133122762046
4,4,4,16384,16384,all_to_all,234881024,0.36937761306762695,0.36934054692586266,0.36989145278930663
4,4,4,16384,16384,rs_ag_pair,234881024,0.6858237584431967,0.6857290903727213,0.6859581629435222
4,0,8,1,8,all_reduce,114688,0.032895199457804364,0.03284826676050822,0.03290320038795471
4,0,8,1,8,reduce_scatter,114688,0.022316133975982665,0.022288399934768676,0.02232253352801005
4,0,8,1,8,all_gather,114688,0.022620133558909097,0.02261706590652466,0.022672667105992635
4,0,8,1,8,all_to_all,114688,0.01572813292344411,0.01568399965763092,0.015758267045021056
4,0,8,1,8,rs_ag_pair,114688,0.05388733148574829,0.05379439989725749,0.054012266794840495
4,0,8,8,8,all_reduce,114688,0.03298533360163371,0.03294999996821086,0.03303773403167724
4,0,8,8,8,reduce_scatter,114688,0.02236293355623881,0.02233546574910482,0.022375200192133585
4,0,8,8,8,all_gather,114688,0.022653067111968996,0.022611467043558757,0.022653865814208984
4,0,8,8,8,all_to_all,114688,0.015822000304857888,0.015801200270652772,0.015829066435496014
4,0,8,8,8,rs_ag_pair,114688,0.053850531578063965,0.0538152019182841,0.05388000011444092
4,0,8,128,128,all_reduce,1835008,0.03518720070521037,0.03511759837468465,0.03520586490631104
4,0,8,128,128,reduce_scatter,1835008,0.023618000745773315,0.023604132731755576,0.02362546722094218
4,0,8,128,128,all_gather,1835008,0.024186933040618898,0.024146133661270143,0.02419040004412333
4,0,8,128,128,all_to_all,1835008,0.023383599519729615,0.02333293358484904,0.02344119946161906
4,0,8,128,128,rs_ag_pair,1835008,0.05690226554870605,0.05683319965998332,0.05740480025609334
4,0,8,1024,1024,all_reduce,14680064,0.09502120018005371,0.09491213162740071,0.09503719806671143
4,0,8,1024,1024,reduce_scatter,14680064,0.05122520128885905,0.05119706789652507,0.051282934347788495
4,0,8,1024,1024,all_gather,14680064,0.04717506567637126,0.047158400217692055,0.047213733196258545
4,0,8,1024,1024,all_to_all,14680064,0.048517465591430664,0.04851226806640625,0.04853399991989136
4,0,8,1024,1024,rs_ag_pair,14680064,0.1067900021870931,0.10675666332244874,0.10685520172119141
4,0,8,8192,8192,all_reduce,117440512,0.3636670748392741,0.36359599431355794,0.3637418746948242
4,0,8,8192,8192,reduce_scatter,117440512,0.1897168000539144,0.18965214093526203,0.18978066444396974
4,0,8,8192,8192,all_gather,117440512,0.19224613507588703,0.19222453435262044,0.1922590732574463
4,0,8,8192,8192,all_to_all,117440512,0.2090893268585205,0.2090134620666504,0.20911626815795897
4,0,8,8192,8192,rs_ag_pair,117440512,0.39419771830240885,0.3941502571105957,0.39427773157755536
4,0,8,16384,16384,all_reduce,234881024,0.637472407023112,0.6374246597290039,0.6375001271565756
4,0,8,16384,16384,reduce_scatter,234881024,0.3539087931315104,0.3533624013264974,0.3546112060546875
4,0,8,16384,16384,all_gather,234881024,0.356250794728597,0.3561962763468424,0.35628786087036135
4,0,8,16384,16384,all_to_all,234881024,0.37848825454711915,0.3783938725789388,0.37849880854288737
4,0,8,16384,16384,rs_ag_pair,234881024,0.7189934412638347,0.718777592976888,0.719379170735677
4,0,16,1,16,all_reduce,229376,0.04610986709594726,0.04608279863993327,0.046124533812205
4,0,16,1,16,reduce_scatter,229376,0.034270532925923664,0.034264667828877764,0.03433119853337606
4,0,16,1,16,all_gather,229376,0.03444853226343791,0.03439053297042847,0.034451067447662354
4,0,16,1,16,all_to_all,229376,0.016279199719429018,0.016220266620318096,0.01651253302892049
4,0,16,1,16,rs_ag_pair,229376,0.07790026664733887,0.07783839702606202,0.0779043992360433
4,0,16,8,16,all_reduce,229376,0.04571333328882853,0.04557466506958008,0.04580320119857788
4,0,16,8,16,reduce_scatter,229376,0.03460146586100261,0.034582531452178954,0.034759732087453206
4,0,16,8,16,all_gather,229376,0.03437906503677368,0.034340266386667886,0.03441066741943359
4,0,16,8,16,all_to_all,229376,0.016214799880981446,0.016194799542427064,0.016245599587758383
4,0,16,8,16,rs_ag_pair,229376,0.07777160008748372,0.07776280244191487,0.07781213124593099
4,0,16,128,128,all_reduce,1835008,0.04996039867401123,0.049942266941070554,0.0499673326810201
4,0,16,128,128,reduce_scatter,1835008,0.03352786699930827,0.033493467171986896,0.03355573415756226
4,0,16,128,128,all_gather,1835008,0.03374973138173421,0.033737464745839434,0.03405853509902954
4,0,16,128,128,all_to_all,1835008,0.023486266533533733,0.023468534151713055,0.023550800482432046
4,0,16,128,128,rs_ag_pair,1835008,0.07612640062967936,0.07589293320973714,0.07615973154703776
4,0,16,1024,1024,all_reduce,14680064,0.10682026545206706,0.10673866271972657,0.10685746669769287
4,0,16,1024,1024,reduce_scatter,14680064,0.06801386674245198,0.0680020014444987,0.06806120077768961
4,0,16,1024,1024,all_gather,14680064,0.08082919915517171,0.0806929349899292,0.08084867000579835
4,0,16,1024,1024,all_to_all,14680064,0.05002813339233399,0.05000919898351033,0.050057601928710935
4,0,16,1024,1024,rs_ag_pair,14680064,0.1615886688232422,0.1615612030029297,0.16159613927205405
4,0,16,8192,8192,all_reduce,117440512,0.4141730626424154,0.41404679616292317,0.4142230669657389
4,0,16,8192,8192,reduce_scatter,117440512,0.2638242721557617,0.26342239379882815,0.2643182595570882
4,0,16,8192,8192,all_gather,117440512,0.2102783997853597,0.20975054105122884,0.21091933250427247
4,0,16,8192,8192,all_to_all,117440512,0.2144705295562744,0.21445733706156414,0.21448106765747071
4,0,16,8192,8192,rs_ag_pair,117440512,0.4762974739074707,0.4760289192199707,0.47783921559651693
4,0,16,16384,16384,all_reduce,234881024,0.7066818873087565,0.7058881123860677,0.7101601282755534
4,0,16,16384,16384,reduce_scatter,234881024,0.3647212028503418,0.3643237431844076,0.36511386235555016
4,0,16,16384,16384,all_gather,234881024,0.369866943359375,0.36983652114868165,0.3699212074279785
4,0,16,16384,16384,all_to_all,234881024,0.3846825281778971,0.3846729278564453,0.3849190711975098
4,0,16,16384,16384,rs_ag_pair,234881024,0.7463321050008138,0.7460383733113607,0.7465744018554688
5,4,2,1,2,all_reduce,28672,0.015174667040506998,0.015141333142916361,0.015219866236050924
5,4,2,1,2,reduce_scatter,28672,0.013743467132250468,0.013432133197784423,0.01381280024846395
5,4,2,1,2,all_gather,28672,0.013783066471417745,0.0137664000193278,0.013793466488520305
5,4,2,1,2,all_to_all,28672,0.014641599853833516,0.014461599787076314,0.014728800455729166
5,4,2,1,2,rs_ag_pair,28672,0.03579906622568766,0.03578373193740845,0.03587746620178223
5,4,2,8,8,all_reduce,114688,0.0151528000831604,0.01512666642665863,0.015187333027521769
5,4,2,8,8,reduce_scatter,114688,0.013685866196950277,0.013631600141525268,0.01378066639105479
5,4,2,8,8,all_gather,114688,0.01365986665089925,0.013634000221888225,0.013673999905586242
5,4,2,8,8,all_to_all,114688,0.015151066581408183,0.015148133039474487,0.015187066793441773
5,4,2,8,8,rs_ag_pair,114688,0.035723467667897545,0.03549840052922567,0.035736799240112305
5,4,2,128,128,all_reduce,1835008,0.0212009330590566,0.021193466583887734,0.02122079928716024
5,4,2,128,128,reduce_scatter,1835008,0.01733386715253194,0.017307466268539427,0.017371066411336265
5,4,2,128,128,all_gather,1835008,0.018662667274475096,0.018649067481358847,0.01866439978281657
5,4,2,128,128,all_to_all,1835008,0.020817466576894126,0.02079826593399048,0.02083146572113037
5,4,2,128,128,rs_ag_pair,1835008,0.044082268079121904,0.044071733951568604,0.04414546489715576
5,4,2,1024,1024,all_reduce,14680064,0.05315946737925212,0.05310253302256266,0.05318640073140462
5,4,2,1024,1024,reduce_scatter,14680064,0.03805986642837524,0.038046665986378986,0.03815226554870606
5,4,2,1024,1024,all_gather,14680064,0.038692001501719156,0.038639068603515625,0.03871999979019165
5,4,2,1024,1024,all_to_all,14680064,0.046354798475901286,0.04563813209533692,0.04642560084660848
5,4,2,1024,1024,rs_ag_pair,14680064,0.08610786596934,0.08598999977111817,0.08619506359100342
5,4,2,8192,8192,all_reduce,117440512,0.24763372739156086,0.24748120307922364,0.24769172668457032
5,4,2,8192,8192,reduce_scatter,117440512,0.16560813585917156,0.1654926617940267,0.16561652819315592
5,4,2,8192,8192,all_gather,117440512,0.15507292747497559,0.15499919255574543,0.15510160128275555
5,4,2,8192,8192,all_to_all,117440512,0.19740346272786458,0.19736199378967284,0.197815465927124
5,4,2,8192,8192,rs_ag_pair,117440512,0.32958307266235354,0.32945054372151694,0.3296479860941569
5,4,2,16384,16384,all_reduce,234881024,0.4573934555053711,0.457315190633138,0.4574405352274577
5,4,2,16384,16384,reduce_scatter,234881024,0.29751879374186196,0.29750121434529625,0.29760653177897134
5,4,2,16384,16384,all_gather,234881024,0.2851815859476725,0.28517001469930015,0.28523267110188805
5,4,2,16384,16384,all_to_all,234881024,0.3641567866007487,0.36410452524820963,0.36427199045817055
5,4,2,16384,16384,rs_ag_pair,234881024,0.5935874938964844,0.5934130350748698,0.5936474482218425
5,4,4,1,4,all_reduce,57344,0.021249600251515708,0.02124639948209127,0.02129279971122742
5,4,4,1,4,reduce_scatter,57344,0.016555733482042947,0.01651973327000936,0.016563066840171815
5,4,4,1,4,all_gather,57344,0.016727999846140543,0.016720932722091675,0.016754400730133057
5,4,4,1,4,all_to_all,57344,0.015278266867001851,0.015238266189893086,0.015304666757583619
5,4,4,1,4,rs_ag_pair,57344,0.04195479949315389,0.041948934396107994,0.042065731684366864
5,4,4,8,8,all_reduce,114688,0.02039733330408732,0.020350400606791177,0.020430399974187215
5,4,4,8,8,reduce_scatter,114688,0.01650386651357015,0.016465866565704347,0.01653319994608561
5,4,4,8,8,all_gather,114688,0.016426666577657064,0.016409732898076377,0.016471466422080992
5,4,4,8,8,all_to_all,114688,0.015541332960128783,0.015523200233777365,0.015558666984240214
5,4,4,8,8,rs_ag_pair,114688,0.04131333430608113,0.04123186667760213,0.041328799724578855
5,4,4,128,128,all_reduce,1835008,0.02684226632118225,0.026820266246795656,0.026842532555262248
5,4,4,128,128,reduce_scatter,1835008,0.020069599151611328,0.02004520098368327,0.020094666878382364
5,4,4,128,128,all_gather,1835008,0.02105453411738078,0.021050800879796345,0.021072266499201457
5,4,4,128,128,all_to_all,1835008,0.022956534226735433,0.022949467102686565,0.022980666160583495
5,4,4,128,128,rs_ag_pair,1835008,0.04912826617558797,0.048970667521158855,0.04912946621576945
5,4,4,1024,1024,all_reduce,14680064,0.06160546541213989,0.061587198575337725,0.06161946853001912
5,4,4,1024,1024,reduce_scatter,14680064,0.05673453410466512,0.05667440096537272,0.05694706837336223
5,4,4,1024,1024,all_gather,14680064,0.05938266515731812,0.05929306745529175,0.05939426819483439
5,4,4,1024,1024,all_to_all,14680064,0.04499866565068563,0.044971466064453125,0.04503453175226847
5,4,4,1024,1024,rs_ag_pair,14680064,0.1252031962076823,0.125054931640625,0.1253218650817871
5,4,4,8192,8192,all_reduce,117440512,0.31111532847086587,0.3110405286153158,0.31136706670125325
5,4,4,8192,8192,reduce_scatter,117440512,0.1828663984934489,0.18269933064778646,0.1829257329305013
5,4,4,8192,8192,all_gather,117440512,0.17933346430460612,0.17925813992818196,0.17949825922648113
5,4,4,8192,8192,all_to_all,117440512,0.1996237277984619,0.19955892562866212,0.1997609297434489
5,4,4,8192,8192,rs_ag_pair,117440512,0.373087215423584,0.37258758544921877,0.37326399485270184
5,4,4,16384,16384,all_reduce,234881024,0.5935458501180013,0.5934454600016276,0.5937840143839518
5,4,4,16384,16384,reduce_scatter,234881024,0.3424187978108724,0.3421033223470052,0.34254239400227865
5,4,4,16384,16384,all_gather,234881024,0.33257773717244465,0.33249905904134114,0.3326880137125651
5,4,4,16384,16384,all_to_all,234881024,0.36953347524007163,0.3691477457682292,0.3725881258646647
5,4,4,16384,16384,rs_ag_pair,234881024,0.6856007893880208,0.6854934692382812,0.6856115976969401
5,0,8,1,8,all_reduce,114688,0.03286880056063334,0.03283533255259196,0.03287000060081482
5,0,8,1,8,reduce_scatter,114688,0.022266133626302084,0.022247199217478433,0.022282934188842772
5,0,8,1,8,all_gather,114688,0.022575199604034424,0.02254800001780192,0.022610400120417276
5,0,8,1,8,all_to_all,114688,0.015682400266329447,0.01565826634565989,0.015703066190083822
5,0,8,1,8,rs_ag_pair,114688,0.05384546518325806,0.05375173489252726,0.05398173332214355
5,0,8,8,8,all_reduce,114688,0.03294039964675903,0.03290026585261027,0.03298706610997518
5,0,8,8,8,reduce_scatter,114688,0.022317999601364137,0.022294400135676067,0.02233546574910482
5,0,8,8,8,all_gather,114688,0.02259640097618103,0.02256973385810852,0.02260026733080546
5,0,8,8,8,all_to_all,114688,0.015782533089319865,0.01576813360055288,0.01578760047753652
5,0,8,8,8,rs_ag_pair,114688,0.0537992000579834,0.05375586748123169,0.05383119980494181
5,0,8,128,128,all_reduce,1835008,0.035108399391174314,0.03507906595865885,0.0351583997408549
5,0,8,128,128,reduce_scatter,1835008,0.02356733282407125,0.023562934001286825,0.023574799299240112
5,0,8,128,128,all_gather,1835008,0.024131067593892417,0.024104666709899903,0.02414893309275309
5,0,8,128,128,all_to_all,1835008,0.02333666682243347,0.023285732666651408,0.023379466931025186
5,0,8,128,128,rs_ag_pair,1835008,0.05684186617533366,0.05680053234100342,0.05685280164082845
5,0,8,1024,1024,all_reduce,14680064,0.09495173295338949,0.09487653573354085,0.09499293168385824
5,0,8,1024,1024,reduce_scatter,14680064,0.05112933317820231,0.051113601525624594,0.05113519827524821
5,0,8,1024,1024,all_gather,14680064,0.0471180001894633,0.047099733352661134,0.04717173178990682
5,0,8,1024,1024,all_to_all,14680064,0.04844106833140056,0.048439868291219074,0.04847960074742635
5,0,8,1024,1024,rs_ag_pair,14680064,0.10673399766286214,0.10669519901275634,0.1067519982655843
5,0,8,8192,8192,all_reduce,117440512,0.3636186599731445,0.36353947321573893,0.36369028091430666
5,0,8,8192,8192,reduce_scatter,117440512,0.18967639605204265,0.18959760665893555,0.18972679773966472
5,0,8,8192,8192,all_gather,117440512,0.19218759536743163,0.1921463966369629,0.19218974113464354
5,0,8,8192,8192,all_to_all,117440512,0.20901400248209637,0.20900680224100748,0.20909825960795084
5,0,8,8192,8192,rs_ag_pair,117440512,0.39415012995402016,0.3940533320109049,0.3942083994547526
5,0,8,16384,16384,all_reduce,234881024,0.6374284108479817,0.6373450597127278,0.6374355951944987
5,0,8,16384,16384,reduce_scatter,234881024,0.35378945668538414,0.3532400131225586,0.35465240478515625
5,0,8,16384,16384,all_gather,234881024,0.3562024116516113,0.3561555862426758,0.3562178611755371
5,0,8,16384,16384,all_to_all,234881024,0.3783918698628744,0.37832988103230797,0.3784599939982096
5,0,8,16384,16384,rs_ag_pair,234881024,0.718940798441569,0.7186719894409179,0.7194045384724935
5,0,16,1,16,all_reduce,229376,0.04608293374379476,0.04605653285980225,0.04609959920247396
5,0,16,1,16,reduce_scatter,229376,0.03420013189315796,0.03419053157170614,0.03425413370132446
5,0,16,1,16,all_gather,229376,0.03434146642684936,0.03434040149052938,0.03438733418782552
5,0,16,1,16,all_to_all,229376,0.01623253325621287,0.01616266667842865,0.017520266771316528
5,0,16,1,16,rs_ag_pair,229376,0.07784053484598795,0.07779266834259033,0.07785653273264567
5,0,16,8,16,all_reduce,229376,0.04564533233642578,0.04548946619033813,0.045722933610280354
5,0,16,8,16,reduce_scatter,229376,0.03453520139058431,0.034513866901397704,0.0347053329149882
5,0,16,8,16,all_gather,229376,0.03433266480763753,0.03428626855214437,0.0343500018119812
5,0,16,8,16,all_to_all,229376,0.016165066758791605,0.016164933641751606,0.01618773341178894
5,0,16,8,16,rs_ag_pair,229376,0.07773799896240234,0.0777129332224528,0.07774999936421713
5,0,16,128,128,all_reduce,1835008,0.04987119833628337,0.04986706574757894,0.04989519913991292
5,0,16,128,128,reduce_scatter,1835008,0.033461467425028486,0.03341786861419678,0.033499332269032796
5,0,16,128,128,all_gather,1835008,0.03368893464406331,0.033661067485809326,0.03401266733805339
5,0,16,128,128,all_to_all,1835008,0.023432133595148723,0.023395599921544392,0.02348066568374634
5,0,16,128,128,rs_ag_pair,1835008,0.07607133388519287,0.07583346366882324,0.07609826723734538
5,0,16,1024,1024,all_reduce,14680064,0.10676133632659912,0.10665653546651205,0.1067799965540568
5,0,16,1024,1024,reduce_scatter,14680064,0.06795012950897217,0.067930801709493,0.06799173355102539
5,0,16,1024,1024,all_gather,14680064,0.0807698647181193,0.08062773545583089,0.08078052997589111
5,0,16,1024,1024,all_to_all,14680064,0.04995893239974976,0.04994159936904907,0.04998226563135783
5,0,16,1024,1024,rs_ag_pair,14680064,0.1615399996439616,0.16148546536763508,0.1615502675374349
5,0,16,8192,8192,all_reduce,117440512,0.41415427525838217,0.4139927864074707,0.41417118708292644
5,0,16,8192,8192,reduce_scatter,117440512,0.26374999682108563,0.2633724053700765,0.26467466354370117
5,0,16,8192,8192,all_gather,117440512,0.21031586329142252,0.20968066851298015,0.21085920333862304
5,0,16,8192,8192,all_to_all,117440512,0.2144378662109375,0.21441426277160644,0.2144652048746745
5,0,16,8192,8192,rs_ag_pair,117440512,0.4762713432312012,0.47596572240193685,0.47801173528035484
5,0,16,16384,16384,all_reduce,234881024,0.7066362380981446,0.705838139851888,0.7100978851318359
5,0,16,16384,16384,reduce_scatter,234881024,0.36470200220743815,0.3642863909403483,0.36509265899658205
5,0,16,16384,16384,all_gather,234881024,0.36982386906941733,0.3697809219360352,0.36988614400227865
5,0,16,16384,16384,all_to_all,234881024,0.38467067082722983,0.38461453119913735,0.3848779996236165
5,0,16,16384,16384,rs_ag_pair,234881024,0.7463313420613606,0.7460196177164714,0.7465564092000325
6,6,2,1,2,all_reduce,28672,0.01540333330631256,0.015403200189272563,0.015430933237075806
6,6,2,1,2,reduce_scatter,28672,0.013602266709009806,0.013595466812451681,0.013657866915067037
6,6,2,1,2,all_gather,28672,0.013875200351079305,0.013860533634821573,0.013893999656041463
6,6,2,1,2,all_to_all,28672,0.014916933576265971,0.014887733260790507,0.014921067158381145
6,6,2,1,2,rs_ag_pair,28672,0.0358243981997172,0.03581853310267131,0.0358953317006429
6,6,2,8,8,all_reduce,114688,0.015338133772214253,0.015326666831970214,0.015365733702977499
6,6,2,8,8,reduce_scatter,114688,0.013527733087539674,0.013511866331100464,0.013539066910743714
6,6,2,8,8,all_gather,114688,0.013744266827901204,0.013739066322644551,0.013794666528701783
6,6,2,8,8,all_to_all,114688,0.015243732929229736,0.015231333176294963,0.015290666619936626
6,6,2,8,8,rs_ag_pair,114688,0.03589693307876587,0.03574853340784709,0.03592506647109985
6,6,2,128,128,all_reduce,1835008,0.02138520081837972,0.0213701327641805,0.021435066064198812
6,6,2,128,128,reduce_scatter,1835008,0.01755946675936381,0.01755560040473938,0.01756146748860677
6,6,2,128,128,all_gather,1835008,0.01862279971440633,0.01859653393427531,0.01865959962209066
6,6,2,128,128,all_to_all,1835008,0.02177306612332662,0.02160759965578715,0.02181546688079834
6,6,2,128,128,rs_ag_pair,1835008,0.04463173151016235,0.04455159902572632,0.044662932554880776
6,6,2,1024,1024,all_reduce,14680064,0.05327133337656657,0.05320320129394531,0.05332719882329305
6,6,2,1024,1024,reduce_scatter,14680064,0.03820199966430664,0.03810960054397583,0.03822773297627767
6,6,2,1024,1024,all_gather,14680064,0.038689998785654704,0.03866159915924072,0.038738401730855306
6,6,2,1024,1024,all_to_all,14680064,0.045775198936462404,0.038843198617299395,0.04596333503723145
6,6,2,1024,1024,rs_ag_pair,14680064,0.08573266665140787,0.08568346500396729,0.08575800259908041
6,6,2,8192,8192,all_reduce,117440512,0.24871253967285156,0.24865600268046062,0.24872026443481446
6,6,2,8192,8192,reduce_scatter,117440512,0.16539106369018555,0.1653770605723063,0.16541360219319662
6,6,2,8192,8192,all_gather,117440512,0.15465466181437174,0.15452720324198405,0.15475613276163738
6,6,2,8192,8192,all_to_all,117440512,0.19674720764160156,0.19674026171366374,0.19688186645507813
6,6,2,8192,8192,rs_ag_pair,117440512,0.32991466522216795,0.32982107798258464,0.32994066874186195
6,6,2,16384,16384,all_reduce,234881024,0.4589726765950521,0.4588032086690267,0.459007199605306
6,6,2,16384,16384,reduce_scatter,234881024,0.2969766616821289,0.2969621340433756,0.29700241088867185
6,6,2,16384,16384,all_gather,234881024,0.2841638565063477,0.2841094652811686,0.28416961034139
6,6,2,16384,16384,all_to_all,234881024,0.36261733373006183,0.36250187555948893,0.3626824061075846
6,6,2,16384,16384,rs_ag_pair,234881024,0.5907418568929036,0.5906965255737304,0.5908333460489908
6,4,4,1,4,all_reduce,57344,0.021234399080276488,0.021233866612116497,0.02127679983774821
6,4,4,1,4,reduce_scatter,57344,0.016557733217875164,0.016519999504089354,0.016559732953707378
6,4,4,1,4,all_gather,57344,0.0167194664478302,0.016714932521184285,0.016767332951227825
6,4,4,1,4,all_to_all,57344,0.015266533692677815,0.015244799852371215,0.015308266878128052
6,4,4,1,4,rs_ag_pair,57344,0.04196999867757161,0.04196279843648275,0.04205546776453654
6,4,4,8,8,all_reduce,114688,0.02038653294245402,0.020340534051259358,0.020423599084218345
6,4,4,8,8,reduce_scatter,114688,0.016488933563232423,0.0164600004752477,0.016519866387049355
6,4,4,8,8,all_gather,114688,0.016406133770942688,0.01640226642290751,0.01647533377011617
6,4,4,8,8,all_to_all,114688,0.015534933408101399,0.015526266892751057,0.015553200244903564
6,4,4,8,8,rs_ag_pair,114688,0.04130066633224487,0.04121679862340291,0.041314534346262616
6,4,4,128,128,all_reduce,1835008,0.026829334100087483,0.026817599932352703,0.02684906721115112
6,4,4,128,128,reduce_scatter,1835008,0.020057600736618043,0.020032533009847007,0.02009693384170532
6,4,4,128,128,all_gather,1835008,0.021056934197743734,0.021050000190734865,0.02111519972483317
6,4,4,128,128,all_to_all,1835008,0.022938533624013265,0.02293786605199178,0.022975200414657594
6,4,4,128,128,rs_ag_pair,1835008,0.0490938663482666,0.048953731854756675,0.04912306865056356
6,4,4,1024,1024,all_reduce,14680064,0.06157453457514445,0.061567465464274086,0.0615775982538859
6,4,4,1024,1024,reduce_scatter,14680064,0.05673186779022217,0.05667733351389567,0.056944398085276286
6,4,4,1024,1024,all_gather,14680064,0.05938053528467814,0.05926320155461629,0.059381067752838135
6,4,4,1024,1024,all_to_all,14680064,0.04500879844029745,0.04497186740239461,0.045027732849121094
6,4,4,1024,1024,rs_ag_pair,14680064,0.12518786589304606,0.12504573663075766,0.1253005345662435
6,4,4,8192,8192,all_reduce,117440512,0.31107025146484374,0.31105171839396156,0.3113588015238444
6,4,4,8192,8192,reduce_scatter,117440512,0.1829245408376058,0.18271973927815754,0.1829265276590983
6,4,4,8192,8192,all_gather,117440512,0.17933360735575357,0.17925306955973308,0.17946987152099608
6,4,4,8192,8192,all_to_all,117440512,0.19960667292277018,0.19955827395121256,0.1997806708017985
6,4,4,8192,8192,rs_ag_pair,117440512,0.3730574607849121,0.3725933392842611,0.3732599894205729
6,4,4,16384,16384,all_reduce,234881024,0.5935263951619466,0.59328187306722,0.5940053304036458
6,4,4,16384,16384,reduce_scatter,234881024,0.3424178759256999,0.34203853607177737,0.3425222714742025
6,4,4,16384,16384,all_gather,234881024,0.33275585174560546,0.33270146052042643,0.3329516092936198
6,4,4,16384,16384,all_to_all,234881024,0.3699215888977051,0.3693332036336263,0.3727842648824056
6,4,4,16384,16384,rs_ag_pair,234881024,0.6857705434163411,0.6856613159179688,0.6857826868693034
6,0,8,1,8,all_reduce,114688,0.032891066869099934,0.032843599716822304,0.03289639949798584
6,0,8,1,8,reduce_scatter,114688,0.022307199239730836,0.02228506604830424,0.02233546574910482
6,0,8,1,8,all_gather,114688,0.022629332542419434,0.022627866268157958,0.02264960010846456
6,0,8,1,8,all_to_all,114688,0.015710933009783427,0.015676533182462055,0.01571346620718638
6,0,8,1,8,rs_ag_pair,114688,0.053890001773834226,0.05376026630401611,0.054011468092600504
6,0,8,8,8,all_reduce,114688,0.03296346664428711,0.0329473336537679,0.03302373290061951
6,0,8,8,8,reduce_scatter,114688,0.02235680023829142,0.022323334217071535,0.022358665863672893
6,0,8,8,8,all_gather,114688,0.022638932863871256,0.022609599431355796,0.02264333367347717
6,0,8,8,8,all_to_all,114688,0.01581213374932607,0.0158050666252772,0.015831733743349712
6,0,8,8,8,rs_ag_pair,114688,0.05385333299636841,0.053806400299072264,0.053857600688934325
6,0,8,128,128,all_reduce,1835008,0.035150798161824544,0.035100265343983965,0.03518373171488444
6,0,8,128,128,reduce_scatter,1835008,0.023611332972844443,0.023606133460998536,0.023615066210428873
6,0,8,128,128,all_gather,1835008,0.02418066660563151,0.02414533297220866,0.02418186664581299
6,0,8,128,128,all_to_all,1835008,0.023377867539723714,0.02333306670188904,0.023429733514785767
6,0,8,128,128,rs_ag_pair,1835008,0.05690546830495199,0.05683159828186035,0.057407065232594805
6,0,8,1024,1024,all_reduce,14680064,0.09501159985860189,0.09491133689880371,0.09504093329111735
6,0,8,1024,1024,reduce_scatter,14680064,0.05117533206939697,0.051172268390655515,0.05125306844711304
6,0,8,1024,1024,all_gather,14680064,0.04713519811630249,0.047117865085601805,0.04716879924138387
6,0,8,1024,1024,all_to_all,14680064,0.048497601350148516,0.048496933778127034,0.048516531785329185
6,0,8,1024,1024,rs_ag_pair,14680064,0.10674239794413248,0.10672492980957031,0.10683066844940185
6,0,8,8192,8192,all_reduce,117440512,0.3636625289916992,0.36356919606526694,0.36372267405192055
6,0,8,8192,8192,reduce_scatter,117440512,0.18972360293070475,0.1896446704864502,0.18977559407552083
6,0,8,8192,8192,all_gather,117440512,0.19221439361572265,0.19220439592997232,0.19223012924194335
6,0,8,8192,8192,all_to_all,117440512,0.20905772844950357,0.2089954694112142,0.20913546880086262
6,0,8,8192,8192,rs_ag_pair,117440512,0.39418427149454754,0.3941361427307129,0.39423878987630206
6,0,8,16384,16384,all_reduce,234881024,0.6374718983968098,0.637412961324056,0.6374845504760742
6,0,8,16384,16384,reduce_scatter,234881024,0.3537755966186523,0.35318946838378906,0.3547178586324056
6,0,8,16384,16384,all_gather,234881024,0.3562122662862142,0.3561848004659017,0.35621280670166017
6,0,8,16384,16384,all_to_all,234881024,0.3784806569417318,0.37836494445800783,0.3784809430440267
6,0,8,16384,16384,rs_ag_pair,234881024,0.7189364115397135,0.7186847686767578,0.7195236206054687
6,0,16,1,16,all_reduce,229376,0.04608413378397624,0.04604933261871338,0.04608933528264363
6,0,16,1,16,reduce_scatter,229376,0.0342413345972697,0.03420146703720093,0.034277466932932536
6,0,16,1,16,all_gather,229376,0.034396533171335855,0.0343505342801412,0.0344110647837321
6,0,16,1,16,all_to_all,229376,0.016259066263834634,0.01619853377342224,0.016741466522216798
6,0,16,1,16,rs_ag_pair,229376,0.07786760330200196,0.07783599694569905,0.0779043992360433
6,0,16,8,16,all_reduce,229376,0.045682001113891604,0.045537332693735756,0.04577813148498535
6,0,16,8,16,reduce_scatter,229376,0.0345963994661967,0.034552268187205,0.0347382664680481
6,0,16,8,16,all_gather,229376,0.034359065691630046,0.03432293335596721,0.034372933705647785
6,0,16,8,16,all_to_all,229376,0.016195866465568542,0.0161873330672582,0.016224799553553264
6,0,16,8,16,rs_ag_pair,229376,0.07776146729787191,0.07773613135019938,0.07777360280354818
6,0,16,128,128,all_reduce,1835008,0.04990933338801066,0.04989346663157145,0.04992813269297282
6,0,16,128,128,reduce_scatter,1835008,0.03349093198776245,0.03345479965209961,0.033540932337443034
6,0,16,128,128,all_gather,1835008,0.03372666835784912,0.03370466629664103,0.03403120040893555
6,0,16,128,128,all_to_all,1835008,0.02345853249231974,0.023441600799560546,0.023506933450698854
6,0,16,128,128,rs_ag_pair,1835008,0.07612120310465495,0.07587520281473796,0.07613733609517416
6,0,16,1024,1024,all_reduce,14680064,0.10679907004038493,0.1066986640294393,0.10682546297709147
6,0,16,1024,1024,reduce_scatter,14680064,0.06798426310221355,0.06797613302866617,0.0680349349975586
6,0,16,1024,1024,all_gather,14680064,0.08080466588338216,0.08067200183868409,0.08081266880035401
6,0,16,1024,1024,all_to_all,14680064,0.04997933308283488,0.04996920029322306,0.050034133593241374
6,0,16,1024,1024,rs_ag_pair,14680064,0.16158000628153482,0.16154346466064454,0.16158906618754068
6,0,16,8192,8192,all_reduce,117440512,0.4141743977864583,0.41400985717773436,0.4141997337341309
6,0,16,8192,8192,reduce_scatter,117440512,0.26383426984151204,0.2634394645690918,0.26467906634012855
6,0,16,8192,8192,all_gather,117440512,0.21030999819437662,0.2097335974375407,0.21088253657023112
6,0,16,8192,8192,all_to_all,117440512,0.21445120175679525,0.21444719632466633,0.21445773442586263
6,0,16,8192,8192,rs_ag_pair,117440512,0.4762771924336751,0.47613665262858074,0.47838134765625
6,0,16,16384,16384,all_reduce,234881024,0.706683095296224,0.7058997472127279,0.7101704279581705
6,0,16,16384,16384,reduce_scatter,234881024,0.36472638448079425,0.3643357276916504,0.3651117324829102
6,0,16,16384,16384,all_gather,234881024,0.36987374623616537,0.3698330561319987,0.3699288050333659
6,0,16,16384,16384,all_to_all,234881024,0.3847609202067057,0.38468545277913413,0.3848658561706543
6,0,16,16384,16384,rs_ag_pair,234881024,0.7463712056477865,0.7460571924845377,0.7466261545817058
7,6,2,1,2,all_reduce,28672,0.01540493369102478,0.01539746622244517,0.015415733059247335
7,6,2,1,2,reduce_scatter,28672,0.013606133063634236,0.013592933615048727,0.013665866851806641
7,6,2,1,2,all_gather,28672,0.013860399524370829,0.013860133290290833,0.01389786700407664
7,6,2,1,2,all_to_all,28672,0.014911333719889322,0.014896532893180848,0.014926266670227051
7,6,2,1,2,rs_ag_pair,28672,0.0358298659324646,0.035810800393422444,0.035911866029103595
7,6,2,8,8,all_reduce,114688,0.01535266637802124,0.015334933002789815,0.015383467078208923
7,6,2,8,8,reduce_scatter,114688,0.01352946658929189,0.013516799608866373,0.013531866669654845
7,6,2,8,8,all_gather,114688,0.013745066523551942,0.013742400209108989,0.013793866833051045
7,6,2,8,8,all_to_all,114688,0.015249199668566386,0.015240800380706788,0.015299866596857706
7,6,2,8,8,rs_ag_pair,114688,0.035901999473571776,0.03574639956156413,0.03592600027720134
7,6,2,128,128,all_reduce,1835008,0.02138786713282267,0.02138386567433675,0.021439733107884724
7,6,2,128,128,reduce_scatter,1835008,0.017564133803049723,0.01755333344141642,0.017565333843231203
7,6,2,128,128,all_gather,1835008,0.018625599145889283,0.0186081329981486,0.01866933306058248
7,6,2,128,128,all_to_all,1835008,0.021783999601999917,0.021603065729141235,0.021825732787450154
7,6,2,128,128,rs_ag_pair,1835008,0.04463680187861125,0.044570668538411455,0.044663600126902264
7,6,2,1024,1024,all_reduce,14680064,0.05328199863433838,0.05320386489232381,0.053338801860809325
7,6,2,1024,1024,reduce_scatter,14680064,0.03820826609929403,0.03811573187510173,0.03823866844177246
7,6,2,1024,1024,all_gather,14680064,0.03869359890619914,0.03866586685180664,0.03874719937642415
7,6,2,1024,1024,all_to_all,14680064,0.04579986731211345,0.03884853521982829,0.04602173169453939
7,6,2,1024,1024,rs_ag_pair,14680064,0.0857413371404012,0.08568973541259765,0.08577253023783366
7,6,2,8192,8192,all_reduce,117440512,0.24870400428771972,0.24869492848714192,0.24871853192647297
7,6,2,8192,8192,reduce_scatter,117440512,0.16539239883422852,0.16538306872049968,0.16541600227355957
7,6,2,8192,8192,all_gather,117440512,0.15467732747395832,0.1545427958170573,0.15476133028666178
7,6,2,8192,8192,all_to_all,117440512,0.19677012761433918,0.1967628002166748,0.1968978722890218
7,6,2,8192,8192,rs_ag_pair,117440512,0.32990907033284506,0.3298178672790527,0.32993892033894856
7,6,2,16384,16384,all_reduce,234881024,0.45895493825276695,0.45880985260009766,0.4590144157409668
7,6,2,16384,16384,reduce_scatter,234881024,0.29700838724772133,0.29700345993041993,0.2970173199971517
7,6,2,16384,16384,all_gather,234881024,0.2841795921325684,0.2841462771097819,0.28420680363972983
7,6,2,16384,16384,all_to_all,234881024,0.3626349449157715,0.3625116030375163,0.3627002716064453
7,6,2,16384,16384,rs_ag_pair,234881024,0.5907830556233724,0.5907564163208008,0.5909119923909505
7,4,4,1,4,all_reduce,57344,0.021258266766866048,0.02124826709429423,0.021304666996002197
7,4,4,1,4,reduce_scatter,57344,0.016568133234977724,0.016543466846148172,0.016572266817092896
7,4,4,1,4,all_gather,57344,0.016736133893330892,0.016722933451334635,0.016784665981928508
7,4,4,1,4,all_to_all,57344,0.015283733606338501,0.015242666999499003,0.015312000115712484
7,4,4,1,4,rs_ag_pair,57344,0.04197160005569458,0.04193986654281616,0.042072800795237224
7,4,4,8,8,all_reduce,114688,0.0204090674718221,0.0203657329082489,0.020439199606577554
7,4,4,8,8,reduce_scatter,114688,0.016516932845115663,0.0164901336034139,0.01654840012391408
7,4,4,8,8,all_gather,114688,0.01641813317934672,0.01641493340333303,0.01648373305797577
7,4,4,8,8,all_to_all,114688,0.015548266967137655,0.015543199578921,0.015559732913970947
7,4,4,8,8,rs_ag_pair,114688,0.041315468152364095,0.04124293327331543,0.04133880138397217
7,4,4,128,128,all_reduce,1835008,0.02685319979985555,0.026842133204142252,0.026854666074117024
7,4,4,128,128,reduce_scatter,1835008,0.020074800650278727,0.02005773385365804,0.0201255997021993
7,4,4,128,128,all_gather,1835008,0.02106893261273702,0.02106506625811259,0.02112893263498942
7,4,4,128,128,all_to_all,1835008,0.02296173373858134,0.0229585329691569,0.02299386660257975
7,4,4,128,128,rs_ag_pair,1835008,0.049128798643747966,0.04896320104598999,0.04913653135299682
7,4,4,1024,1024,all_reduce,14680064,0.061594800154368086,0.06157906850179037,0.06160586675008138
7,4,4,1024,1024,reduce_scatter,14680064,0.056744933128356934,0.056685598691304524,0.056940531730651854
7,4,4,1024,1024,all_gather,14680064,0.05937986771265666,0.059284532070159913,0.05939293305079142
7,4,4,1024,1024,all_to_all,14680064,0.0450109322865804,0.04497613509496053,0.04504666725794474
7,4,4,1024,1024,rs_ag_pair,14680064,0.1252015988032023,0.125054136912028,0.1253379980723063
7,4,4,8192,8192,all_reduce,117440512,0.3111453374226888,0.311109733581543,0.3113891919453939
7,4,4,8192,8192,reduce_scatter,117440512,0.18293253580729166,0.18279639879862467,0.1829485257466634
7,4,4,8192,8192,all_gather,117440512,0.1793454647064209,0.17927145957946777,0.1794914722442627
7,4,4,8192,8192,all_to_all,117440512,0.19960427284240723,0.19957040150960287,0.19982760747273762
7,4,4,8192,8192,rs_ag_pair,117440512,0.3730973243713379,0.3725879987080892,0.37325747807820636
7,4,4,16384,16384,all_reduce,234881024,0.5935481389363607,0.5934406916300455,0.5938729604085287
7,4,4,16384,16384,reduce_scatter,234881024,0.3424438794453939,0.34207639694213865,0.34251906077067057
7,4,4,16384,16384,all_gather,234881024,0.33278385798136395,0.33228387832641604,0.3329767862955729
7,4,4,16384,16384,all_to_all,234881024,0.36989027659098306,0.3694082578023275,0.3727858543395996
7,4,4,16384,16384,rs_ag_pair,234881024,0.6858062744140625,0.6856726964314779,0.6858066558837891
7,0,8,1,8,all_reduce,114688,0.03290999929110209,0.03284786740938823,0.03291173378626506
7,0,8,1,8,reduce_scatter,114688,0.02232159972190857,0.022311200698216755,0.0223362664381663
7,0,8,1,8,all_gather,114688,0.022634534041086833,0.022634265820185344,0.02267333269119263
7,0,8,1,8,all_to_all,114688,0.015738800168037415,0.015689200162887572,0.015779733657836914
7,0,8,1,8,rs_ag_pair,114688,0.05389813184738159,0.05380880037943522,0.054025598367055255
7,0,8,8,8,all_reduce,114688,0.03299360076586406,0.03297080000241597,0.033045333623886106
7,0,8,8,8,reduce_scatter,114688,0.022372933228810628,0.02235186696052551,0.022398000955581664
7,0,8,8,8,all_gather,114688,0.022664799292882284,0.022641867399215698,0.022675599654515585
7,0,8,8,8,all_to_all,114688,0.01584066649278005,0.015818666418393454,0.01584559977054596
7,0,8,8,8,rs_ag_pair,114688,0.05387359857559204,0.05382093191146851,0.05389480193456014
7,0,8,128,128,all_reduce,1835008,0.03518746693929036,0.03512413501739502,0.0352130651473999
7,0,8,128,128,reduce_scatter,1835008,0.02363226612408956,0.02362533410390218,0.023633333047231038
7,0,8,128,128,all_gather,1835008,0.02420039971669515,0.024171467622121176,0.02420426607131958
7,0,8,128,128,all_to_all,1835008,0.023403600851694743,0.02334466576576233,0.023467467228571574
7,0,8,128,128,rs_ag_pair,1835008,0.05692026615142822,0.05685693422953288,0.05742839972178141
7,0,8,1024,1024,all_reduce,14680064,0.09502666791280111,0.09492706457773845,0.09506413141886393
7,0,8,1024,1024,reduce_scatter,14680064,0.05118546485900879,0.05118546485900879,0.05126719872156779
7,0,8,1024,1024,all_gather,14680064,0.04715706507364909,0.047147866090138754,0.04719333251317342
7,0,8,1024,1024,all_to_all,14680064,0.04852693478266398,0.04851866563161214,0.04853986501693726
7,0,8,1024,1024,rs_ag_pair,14680064,0.10676933129628499,0.10674373308817546,0.10684080123901367
7,0,8,8192,8192,all_reduce,117440512,0.3636639912923177,0.3636052131652832,0.36375999450683594
7,0,8,8192,8192,reduce_scatter,117440512,0.18974800109863282,0.1896565278371175,0.18978907267252604
7,0,8,8192,8192,all_gather,117440512,0.19224093755086263,0.1922272046407064,0.19224972724914552
7,0,8,8192,8192,all_to_all,117440512,0.20908546447753906,0.20901974042256674,0.2091547966003418
7,0,8,8192,8192,rs_ag_pair,117440512,0.3942234675089518,0.3941465377807617,0.3942653338114421
7,0,8,16384,16384,all_reduce,234881024,0.6374873479207357,0.6374174753824869,0.6375425338745118
7,0,8,16384,16384,reduce_scatter,234881024,0.35381240844726564,0.35329227447509765,0.35464226404825844
7,0,8,16384,16384,all_gather,234881024,0.35627358754475913,0.3562388102213542,0.35627759297688805
7,0,8,16384,16384,all_to_all,234881024,0.3784910519917806,0.3783962567647298,0.37849200566609703
7,0,8,16384,16384,rs_ag_pair,234881024,0.7189042409261067,0.7187599817911784,0.7194953282674154
7,0,16,1,16,all_reduce,229376,0.046133331457773846,0.04609533150990804,0.04613800048828125
7,0,16,1,16,reduce_scatter,229376,0.0342741330464681,0.034269599119822185,0.034332001209259035
7,0,16,1,16,all_gather,229376,0.03444973230361938,0.03441786766052246,0.034465599060058597
7,0,16,1,16,all_to_all,229376,0.01621826688448588,0.016139599680900573,0.01629586617151896
7,0,16,1,16,rs_ag_pair,229376,0.0778978665669759,0.07784466743469239,0.07792306741078694
7,0,16,8,16,all_reduce,229376,0.045706931749979654,0.04557666778564453,0.04579626719156901
7,0,16,8,16,reduce_scatter,229376,0.03461573521296183,0.03458853165308635,0.034770667552948
7,0,16,8,16,all_gather,229376,0.03439319928487142,0.03434720039367676,0.03440693219502767
7,0,16,8,16,all_to_all,229376,0.016221466660499572,0.0162090669075648,0.016253733634948732
7,0,16,8,16,rs_ag_pair,229376,0.07778333028157552,0.07776652971903483,0.0778165340423584
7,0,16,128,128,all_reduce,1835008,0.04995213349660237,0.049951601028442386,0.0499728004137675
7,0,16,128,128,reduce_scatter,1835008,0.03352493445078532,0.0335046648979187,0.033572534720102944
7,0,16,128,128,all_gather,1835008,0.03376040061314901,0.03374880154927572,0.03406639893849691
7,0,16,128,128,all_to_all,1835008,0.02349133292833964,0.02347559928894043,0.023543065786361693
7,0,16,128,128,rs_ag_pair,1835008,0.07613999843597412,0.07591573397318523,0.07617159684499104
7,0,16,1024,1024,all_reduce,14680064,0.10682626565297444,0.1067408005396525,0.10686986446380616
7,0,16,1024,1024,reduce_scatter,14680064,0.06801479657491048,0.06800986925760905,0.06807013352711995
7,0,16,1024,1024,all_gather,14680064,0.08083600203196208,0.08069612979888915,0.0808463970820109
7,0,16,1024,1024,all_to_all,14680064,0.0500163992245992,0.0500110665957133,0.05005893309911092
7,0,16,1024,1024,rs_ag_pair,14680064,0.1615891933441162,0.1615598678588867,0.16160613695780437
7,0,16,8192,8192,all_reduce,117440512,0.4142118771870931,0.4140570640563965,0.4142261187235514
7,0,16,8192,8192,reduce_scatter,117440512,0.2642621358235677,0.2639329274495443,0.2643218676249186
7,0,16,8192,8192,all_gather,117440512,0.21035159428914388,0.20976492563883464,0.21092534065246582
7,0,16,8192,8192,all_to_all,117440512,0.2145018736521403,0.21448373794555664,0.21452919642130533
7,0,16,8192,8192,rs_ag_pair,117440512,0.47651081085205077,0.4764298756917318,0.47811241149902345
7,0,16,16384,16384,all_reduce,234881024,0.7067130406697592,0.7059066772460938,0.7101757049560546
7,0,16,16384,16384,reduce_scatter,234881024,0.36471907297770184,0.3643326759338379,0.3651401201883952
7,0,16,16384,16384,all_gather,234881024,0.369894536336263,0.36983585357666016,0.36993347803751625
7,0,16,16384,16384,all_to_all,234881024,0.3847474733988444,0.38468586603800453,0.38493572870890297
7,0,16,16384,16384,rs_ag_pair,234881024,0.7463675816853841,0.7460580190022786,0.746616808573405
8,8,2,1,2,all_reduce,28672,0.015214133262634277,0.015203199783960978,0.015221466620763143
8,8,2,1,2,reduce_scatter,28672,0.013332266608874004,0.013305600484212239,0.013336267073949177
8,8,2,1,2,all_gather,28672,0.013585467139879863,0.013535199562708537,0.013611066341400146
8,8,2,1,2,all_to_all,28672,0.014858667055765789,0.014781866470972698,0.014869067072868346
8,8,2,1,2,rs_ag_pair,28672,0.03591346740722656,0.03588946660359701,0.03592026631037394
8,8,2,8,8,all_reduce,114688,0.015185866753260295,0.015170266230901083,0.015205599864323934
8,8,2,8,8,reduce_scatter,114688,0.013674267133076986,0.013627866903940836,0.01369933287302653
8,8,2,8,8,all_gather,114688,0.013774933417638142,0.013696400324503581,0.013822133342425028
8,8,2,8,8,all_to_all,114688,0.015211733182271321,0.015155466397603352,0.015271600087483723
8,8,2,8,8,rs_ag_pair,114688,0.03574106693267822,0.035672934850056966,0.03580253521601359
8,8,2,128,128,all_reduce,1835008,0.02122466762860616,0.02120666702588399,0.021249600251515708
8,8,2,128,128,reduce_scatter,1835008,0.017438000440597533,0.01738706628481547,0.01743826667467753
8,8,2,128,128,all_gather,1835008,0.018689199288686117,0.01868786613146464,0.01881293257077535
8,8,2,128,128,all_to_all,1835008,0.02136039932568868,0.02134400010108948,0.021565866470336915
8,8,2,128,128,rs_ag_pair,1835008,0.044051067034403486,0.04403146505355835,0.0440886656443278
8,8,2,1024,1024,all_reduce,14680064,0.05321520169576009,0.05314466555913289,0.053242933750152585
8,8,2,1024,1024,reduce_scatter,14680064,0.03773719867070516,0.03771146535873413,0.037854532400767006
8,8,2,1024,1024,all_gather,14680064,0.03844906489054362,0.038435733318328856,0.038538531462351484
8,8,2,1024,1024,all_to_all,14680064,0.04688026507695516,0.04685933192571004,0.0469490647315979
8,8,2,1024,1024,rs_ag_pair,14680064,0.08547320365905761,0.08541839917500814,0.08553906281789143
8,8,2,8192,8192,all_reduce,117440512,0.24720959663391112,0.2471772034962972,0.24722827275594075
8,8,2,8192,8192,reduce_scatter,117440512,0.16578067143758138,0.16566452980041504,0.16578653653462727
8,8,2,8192,8192,all_gather,117440512,0.15432839393615722,0.1542626698811849,0.15443293253580728
8,8,2,8192,8192,all_to_all,117440512,0.19765159289042156,0.19761199951171876,0.19769253730773925
8,8,2,8192,8192,rs_ag_pair,117440512,0.3291990598042806,0.3290964126586914,0.3292329470316569
8,8,2,16384,16384,all_reduce,234881024,0.45887454350789386,0.4587805430094401,0.45904372533162435
8,8,2,16384,16384,reduce_scatter,234881024,0.30300172170003253,0.3029785474141439,0.30312519073486327
8,8,2,16384,16384,all_gather,234881024,0.28345826466878254,0.28335920969645184,0.2834792137145996
8,8,2,16384,16384,all_to_all,234881024,0.3640178680419922,0.36390240987141925,0.3641875902811686
8,8,2,16384,16384,rs_ag_pair,234881024,0.5956288019816081,0.5955233256022135,0.5956509272257487
8,8,4,1,4,all_reduce,57344,0.021158132950464884,0.0211136003335317,0.02117626667022705
8,8,4,1,4,reduce_scatter,57344,0.016440932949384052,0.016402133305867515,0.01644973357518514
8,8,4,1,4,all_gather,57344,0.016653066873550414,0.016635466615358988,0.01665333310763041
8,8,4,1,4,all_to_all,57344,0.01532373329003652,0.015239999691645304,0.017442532380421958
8,8,4,1,4,rs_ag_pair,57344,0.04159786701202393,0.041592268149058025,0.041598800818125406
8,8,4,8,8,all_reduce,114688,0.02038666605949402,0.02035106619199117,0.02059266765912374
8,8,4,8,8,reduce_scatter,114688,0.01644386649131775,0.016435466210047402,0.016503066817919413
8,8,4,8,8,all_gather,114688,0.016367600361506144,0.01633506715297699,0.016390400131543477
8,8,4,8,8,all_to_all,114688,0.015520000457763672,0.015478533506393433,0.015561333298683167
8,8,4,8,8,rs_ag_pair,114688,0.04089906613032023,0.0408951997756958,0.040943864981333414
8,8,4,128,128,all_reduce,1835008,0.026898133754730224,0.026875066757202148,0.02691146731376648
8,8,4,128,128,reduce_scatter,1835008,0.02008533279101054,0.020010666052500407,0.020102532704671223
8,8,4,128,128,all_gather,1835008,0.02107879916826884,0.021062533060709637,0.02109573284784953
8,8,4,128,128,all_to_all,1835008,0.02300866643587748,0.02298146684964498,0.023048800230026246
8,8,4,128,128,rs_ag_pair,1835008,0.04895213445027669,0.048895732561747236,0.048966534932454425
8,8,4,1024,1024,all_reduce,14680064,0.06155866781870524,0.06153279940287272,0.06157919963200887
8,8,4,1024,1024,reduce_scatter,14680064,0.05719013214111328,0.05718413194020589,0.05719319979349772
8,8,4,1024,1024,all_gather,14680064,0.059434000651041666,0.05941506624221802,0.05951919953028361
8,8,4,1024,1024,all_to_all,14680064,0.044388135274251304,0.04436306556065877,0.04440079927444458
8,8,4,1024,1024,rs_ag_pair,14680064,0.12548226515452068,0.12520426909128826,0.1255413293838501
8,8,4,8192,8192,all_reduce,117440512,0.3107096036275228,0.31054693857828775,0.31083040237426757
8,8,4,8192,8192,reduce_scatter,117440512,0.18294827143351236,0.18188947041829426,0.18302052815755207
8,8,4,8192,8192,all_gather,117440512,0.17890599568684895,0.17840466499328614,0.17903374036153158
8,8,4,8192,8192,all_to_all,117440512,0.1995151996612549,0.19935879707336426,0.19953066507975262
8,8,4,8192,8192,rs_ag_pair,117440512,0.37176987330118816,0.3715587933858236,0.3717954635620117
8,8,4,16384,16384,all_reduce,234881024,0.5917262395222982,0.5916285196940104,0.5917879740397135
8,8,4,16384,16384,reduce_scatter,234881024,0.3423905372619629,0.3423679987589518,0.3425601323445638
8,8,4,16384,16384,all_gather,234881024,0.3318386713663737,0.33143841425577797,0.3321432113647461
8,8,4,16384,16384,all_to_all,234881024,0.3689870516459147,0.3687346776326497,0.3691494623819987
8,8,4,16384,16384,rs_ag_pair,234881024,0.6863906860351563,0.6849233627319335,0.6976102828979492
8,8,8,1,8,all_reduce,114688,0.03288346727689107,0.03286439975102742,0.032940266529719035
8,8,8,1,8,reduce_scatter,114688,0.02233413259188334,0.022316133975982665,0.022363466024398804
8,8,8,1,8,all_gather,114688,0.02256159981091817,0.02253733277320862,0.02256613373756409
8,8,8,1,8,all_to_all,114688,0.015564800302187601,0.015542667110761006,0.015576533476511637
8,8,8,1,8,rs_ag_pair,114688,0.05340760151545207,0.053398935000101726,0.053426933288574216
8,8,8,8,8,all_reduce,114688,0.032902799050013226,0.03286679983139038,0.03362173239390055
8,8,8,8,8,reduce_scatter,114688,0.02232266664505005,0.022320399681727093,0.02238960067431132
8,8,8,8,8,all_gather,114688,0.022445333003997803,0.022444933652877808,0.02246039907137553
8,8,8,8,8,all_to_all,114688,0.015603599945704143,0.015566933155059814,0.015636266271273295
8,8,8,8,8,rs_ag_pair,114688,0.05336666504542033,0.05335613489151001,0.053394933541615806
8,8,8,128,128,all_reduce,1835008,0.03501146634419759,0.03499866724014282,0.03503599961598714
8,8,8,128,128,reduce_scatter,1835008,0.023547999064127603,0.02350160082181295,0.023550132910410564
8,8,8,128,128,all_gather,1835008,0.02398866613705953,0.023988399902979532,0.023996132612228393
8,8,8,128,128,all_to_all,1835008,0.023182666301727294,0.023170665899912516,0.02320573329925537
8,8,8,128,128,rs_ag_pair,1835008,0.05650586684544881,0.05645986795425415,0.05652199983596802
8,8,8,1024,1024,all_reduce,14680064,0.09511240323384602,0.09505039850870768,0.09512560367584229
8,8,8,1024,1024,reduce_scatter,14680064,0.05109693209330241,0.051080934206644696,0.05117520093917847
8,8,8,1024,1024,all_gather,14680064,0.04714639981587728,0.047123201688130695,0.04726200103759766
8,8,8,1024,1024,all_to_all,14680064,0.048631068070729574,0.04862906535466512,0.04864026705423991
8,8,8,1024,1024,rs_ag_pair,14680064,0.10733706951141357,0.10730653603871664,0.10741293430328369
8,8,8,8192,8192,all_reduce,117440512,0.36389347712198894,0.3638124148050944,0.3639293352762858
8,8,8,8192,8192,reduce_scatter,117440512,0.18923560778299967,0.18919053077697753,0.1892361323038737
8,8,8,8192,8192,all_gather,117440512,0.19172453880310059,0.1916414737701416,0.19178226788838704
8,8,8,8192,8192,all_to_all,117440512,0.20949412981669108,0.20949145952860515,0.2095534642537435
8,8,8,8192,8192,rs_ag_pair,117440512,0.3942326545715332,0.39390811920166013,0.40321547190348306
8,8,8,16384,16384,all_reduce,234881024,0.6381610870361328,0.6378836313883464,0.6394202550252278
8,8,8,16384,16384,reduce_scatter,234881024,0.3521066665649414,0.3516726811726888,0.35336732864379883
8,8,8,16384,16384,all_gather,234881024,0.35400187174479164,0.3537619908650716,0.3540302594502767
8,8,8,16384,16384,all_to_all,234881024,0.3788049379984538,0.3788038571675619,0.37966492970784504
8,8,8,16384,16384,rs_ag_pair,234881024,0.7161477406819662,0.715533701578776,0.7162670771280925
8,0,16,1,16,all_reduce,229376,0.04607266585032145,0.046024000644683837,0.04607813358306885
8,0,16,1,16,reduce_scatter,229376,0.03424586852391561,0.03423186540603638,0.034284265836079915
8,0,16,1,16,all_gather,229376,0.034431334336598715,0.03437053362528483,0.03443439801534017
8,0,16,1,16,all_to_all,229376,0.016220133503278097,0.01620413362979889,0.01757053335507711
8,0,16,1,16,rs_ag_pair,229376,0.07790586948394776,0.07780666351318359,0.07791026433308919
8,0,16,8,16,all_reduce,229376,0.045701467990875246,0.045558532079060875,0.045787465572357175
8,0,16,8,16,reduce_scatter,229376,0.034599868456522624,0.034567201137542726,0.03474346796671549
8,0,16,8,16,all_gather,229376,0.03437213500340779,0.034313599268595375,0.03439679940541585
8,0,16,8,16,all_to_all,229376,0.016196800271670024,0.016193866729736328,0.01625213325023651
8,0,16,8,16,rs_ag_pair,229376,0.07775279680887857,0.07774373690287271,0.07780253092447917
8,0,16,128,128,all_reduce,1835008,0.04994293451309204,0.049913732210795085,0.049945334593454994
8,0,16,128,128,reduce_scatter,1835008,0.03350760142008464,0.03348679939905803,0.033555201689402264
8,0,16,128,128,all_gather,1835008,0.03374226490656535,0.033722134431203206,0.03400799830754598
8,0,16,128,128,all_to_all,1835008,0.02346946597099304,0.023467065890630086,0.023507066567738853
8,0,16,128,128,rs_ag_pair,1835008,0.07612373034159342,0.0758944034576416,0.07613519827524821
8,0,16,1024,1024,all_reduce,14680064,0.10679492950439454,0.10671013196309408,0.10683533350626627
8,0,16,1024,1024,reduce_scatter,14680064,0.06799053351084391,0.06798306306203207,0.06804947058359782
8,0,16,1024,1024,all_gather,14680064,0.08082199891408284,0.0806654691696167,0.08082333405812582
8,0,16,1024,1024,all_to_all,14680064,0.05000400145848592,0.05000213384628296,0.05003439982732137
8,0,16,1024,1024,rs_ag_pair,14680064,0.161571470896403,0.16153853734334309,0.16157946586608887
8,0,16,8192,8192,all_reduce,117440512,0.41419026056925456,0.414030933380127,0.41422640482584633
8,0,16,8192,8192,reduce_scatter,117440512,0.2642885367075602,0.26385439236958824,0.26467533111572267
8,0,16,8192,8192,all_gather,117440512,0.21035106976826987,0.20976667404174804,0.21091267267862956
8,0,16,8192,8192,all_to_all,117440512,0.21448547045389812,0.21447280248006184,0.21449119249979656
8,0,16,8192,8192,rs_ag_pair,117440512,0.4767521222432454,0.4766161282857259,0.4777956008911133
8,0,16,16384,16384,all_reduce,234881024,0.7066961288452148,0.7058926900227864,0.7101773579915365
8,0,16,16384,16384,reduce_scatter,234881024,0.3646997451782227,0.36434094111124676,0.3651243845621745
8,0,16,16384,16384,all_gather,234881024,0.3698747952779134,0.3698025385538737,0.3699194590250651
8,0,16,16384,16384,all_to_all,234881024,0.3847042719523112,0.3846707979838053,0.38492746353149415
8,0,16,16384,16384,rs_ag_pair,234881024,0.7463777542114258,0.7460602442423503,0.7466105143229167
9,8,2,1,2,all_reduce,28672,0.015213200449943542,0.015203332901000977,0.015248533089955647
9,8,2,1,2,reduce_scatter,28672,0.01333013375600179,0.013308266798655191,0.013334932923316955
9,8,2,1,2,all_gather,28672,0.013590266307195028,0.013534266750017803,0.013615600268046061
9,8,2,1,2,all_to_all,28672,0.014859199523925781,0.014780400196711223,0.014863866567611694
9,8,2,1,2,rs_ag_pair,28672,0.03592026631037394,0.03587960004806519,0.03592466513315837
9,8,2,8,8,all_reduce,114688,0.015189599990844727,0.015160399675369262,0.015205333630243937
9,8,2,8,8,reduce_scatter,114688,0.013663466771443684,0.01362999975681305,0.013698133826255798
9,8,2,8,8,all_gather,114688,0.01378106673558553,0.013706399997075399,0.013817333181699117
9,8,2,8,8,all_to_all,114688,0.015206000208854676,0.015157066782315572,0.015276133020718893
9,8,2,8,8,rs_ag_pair,114688,0.03574213186899821,0.035669068495432533,0.03580173254013062
9,8,2,128,128,all_reduce,1835008,0.02123240033785502,0.021214133501052855,0.021256933609644573
9,8,2,128,128,reduce_scatter,1835008,0.01740986704826355,0.01739026705423991,0.017439732948939007
9,8,2,128,128,all_gather,1835008,0.01868399977684021,0.01867626706759135,0.01880199909210205
9,8,2,128,128,all_to_all,1835008,0.021356133619944255,0.021342666943868,0.021549866596857706
9,8,2,128,128,rs_ag_pair,1835008,0.044046533107757566,0.04402173360188802,0.04407360156377157
9,8,2,1024,1024,all_reduce,14680064,0.05320760011672974,0.053135466575622556,0.05324386755625407
9,8,2,1024,1024,reduce_scatter,14680064,0.03772906859715779,0.03770106633504232,0.03784573475519816
9,8,2,1024,1024,all_gather,14680064,0.038457600275675456,0.03842893441518148,0.03854586680730184
9,8,2,1024,1024,all_to_all,14680064,0.046883066495259605,0.04686893224716186,0.04694600105285644
9,8,2,1024,1024,rs_ag_pair,14680064,0.08545933564503988,0.08543319702148437,0.08553280035654703
9,8,2,8192,8192,all_reduce,117440512,0.24720053672790526,0.24716919263203938,0.24720479647318522
9,8,2,8192,8192,reduce_scatter,117440512,0.16562867164611816,0.16561892827351887,0.1657423973083496
9,8,2,8192,8192,all_gather,117440512,0.15431946118672688,0.15423879623413086,0.1543951988220215
9,8,2,8192,8192,all_to_all,117440512,0.19763280550638834,0.1975828011830648,0.19766880671183268
9,8,2,8192,8192,rs_ag_pair,117440512,0.32913118998209634,0.32906599044799806,0.32916507720947263
9,8,2,16384,16384,all_reduce,234881024,0.458869202931722,0.45877211888631186,0.4590253194173177
9,8,2,16384,16384,reduce_scatter,234881024,0.30298452377319335,0.30295918782552084,0.30307826995849607
9,8,2,16384,16384,all_gather,234881024,0.28334665298461914,0.283271853129069,0.28339481353759766
9,8,2,16384,16384,all_to_all,234881024,0.3639997482299805,0.3638964017232259,0.3641733487447103
9,8,2,16384,16384,rs_ag_pair,234881024,0.5956069310506185,0.5954997380574544,0.5956157048543295
9,8,4,1,4,all_reduce,57344,0.021152132749557497,0.021121732393900552,0.021173999706904093
9,8,4,1,4,reduce_scatter,57344,0.016441466410954793,0.016435333093007407,0.017281333605448406
9,8,4,1,4,all_gather,57344,0.016639467080434164,0.01663653353850047,0.016640533010164896
9,8,4,1,4,all_to_all,57344,0.015251333514849344,0.015218399961789449,0.01742146611213684
9,8,4,1,4,rs_ag_pair,57344,0.04158066511154175,0.04157400131225586,0.04158093531926473
9,8,4,8,8,all_reduce,114688,0.020370399951934813,0.02033720016479492,0.020585733652114867
9,8,4,8,8,reduce_scatter,114688,0.016427600383758546,0.016416666905085246,0.016464666525522868
9,8,4,8,8,all_gather,114688,0.016351333260536192,0.016320266326268516,0.016360400120417277
9,8,4,8,8,all_to_all,114688,0.015509600440661112,0.015454799930254618,0.01551813284556071
9,8,4,8,8,rs_ag_pair,114688,0.040890268484751385,0.04087946812311808,0.040924131870269775
9,8,4,128,128,all_reduce,1835008,0.02688466707865397,0.026868400971094768,0.02689560055732727
9,8,4,128,128,reduce_scatter,1835008,0.020067334175109863,0.020006400346755982,0.020090667406717937
9,8,4,128,128,all_gather,1835008,0.02106506625811259,0.021036267280578613,0.021075600385665895
9,8,4,128,128,all_to_all,1835008,0.023007599512736003,0.022977066040039063,0.023032800356547038
9,8,4,128,128,rs_ag_pair,1835008,0.04893093506495158,0.048880934715270996,0.04897773265838623
9,8,4,1024,1024,all_reduce,14680064,0.061498800913492836,0.061493333180745444,0.06152253150939942
9,8,4,1024,1024,reduce_scatter,14680064,0.05716866652170817,0.05715719858805338,0.05718226830164592
9,8,4,1024,1024,all_gather,14680064,0.059430134296417234,0.05938266515731812,0.05951639811197917
9,8,4,1024,1024,all_to_all,14680064,0.044377998510996504,0.04434946775436401,0.04438120126724243
9,8,4,1024,1024,rs_ag_pair,14680064,0.1254364013671875,0.1251528024673462,0.1254918654759725
9,8,4,8192,8192,all_reduce,117440512,0.3106916109720866,0.31054932276407876,0.31082693735758465
9,8,4,8192,8192,reduce_scatter,117440512,0.18295040130615234,0.1818936030069987,0.1830209255218506
9,8,4,8192,8192,all_gather,117440512,0.17890173594156902,0.17837626139322918,0.1790265401204427
9,8,4,8192,8192,all_to_all,117440512,0.19950346946716307,0.19937346776326498,0.19951066970825196
9,8,4,8192,8192,rs_ag_pair,117440512,0.371750545501709,0.3715602556864421,0.3717830657958984
9,8,4,16384,16384,all_reduce,234881024,0.5916685104370117,0.5915643692016601,0.5917618433634441
9,8,4,16384,16384,reduce_scatter,234881024,0.3423487981160482,0.34232667287190754,0.3425014813741048
9,8,4,16384,16384,all_gather,234881024,0.3318409283955892,0.3317249298095703,0.3320899963378906
9,8,4,16384,16384,all_to_all,234881024,0.3689354578653971,0.3687280019124349,0.36912320454915365
9,8,4,16384,16384,rs_ag_pair,234881024,0.6864162445068359,0.684884516398112,0.69779478708903
9,8,8,1,8,all_reduce,114688,0.03285213311513265,0.03284333348274231,0.03290639917055766
9,8,8,1,8,reduce_scatter,114688,0.02229906717936198,0.02227413256963094,0.02231853405634562
9,8,8,1,8,all_gather,114688,0.02254226605097453,0.022527066866556804,0.022543066740036012
9,8,8,1,8,all_to_all,114688,0.01552506685256958,0.01550386647383372,0.01553106705347697
9,8,8,1,8,rs_ag_pair,114688,0.053381200631459555,0.05338093439737956,0.053392799695332845
9,8,8,8,8,all_reduce,114688,0.03287146687507629,0.03284786740938823,0.033597731590271
9,8,8,8,8,reduce_scatter,114688,0.022307066122690837,0.022293200095494587,0.02235920031865438
9,8,8,8,8,all_gather,114688,0.022416667143503825,0.022410267591476442,0.02242679993311564
9,8,8,8,8,all_to_all,114688,0.015590399503707886,0.015539466341336568,0.015610133608182272
9,8,8,8,8,rs_ag_pair,114688,0.053334001700083414,0.05333373149236043,0.0533680001894633
9,8,8,128,128,all_reduce,1835008,0.03502440055211385,0.03498226801554362,0.035063334306081134
9,8,8,128,128,reduce_scatter,1835008,0.023524266481399537,0.02345400055249532,0.023529465993245444
9,8,8,128,128,all_gather,1835008,0.02397226691246033,0.023964667320251466,0.023974533875783285
9,8,8,128,128,all_to_all,1835008,0.023153465986251832,0.02314079999923706,0.023162933190663655
9,8,8,128,128,rs_ag_pair,1835008,0.05647173325220744,0.05642546812693278,0.056471868356068926
9,8,8,1024,1024,all_reduce,14680064,0.09507880210876465,0.0950385332107544,0.09508453210194906
9,8,8,1024,1024,reduce_scatter,14680064,0.05106559991836548,0.05105813344319662,0.05113666852315267
9,8,8,1024,1024,all_gather,14680064,0.047103468577067056,0.047101068496704104,0.049426666895548504
9,8,8,1024,1024,all_to_all,14680064,0.04862200021743775,0.04861346483230591,0.048633468151092527
9,8,8,1024,1024,rs_ag_pair,14680064,0.10733319918314616,0.10732693672180176,0.10762320359547933
9,8,8,8192,8192,all_reduce,117440512,0.36393426259358724,0.3637973467508952,0.36394599278767903
9,8,8,8192,8192,reduce_scatter,117440512,0.189246400197347,0.18921173413594564,0.18925746281941733
9,8,8,8192,8192,all_gather,117440512,0.19173612594604492,0.19166520436604817,0.1917886734008789
9,8,8,8192,8192,all_to_all,117440512,0.2095307985941569,0.2095149358113607,0.20960013071695963
9,8,8,8192,8192,rs_ag_pair,117440512,0.39423360824584963,0.39388840993245444,0.4032505353291829
9,8,8,16384,16384,all_reduce,234881024,0.6381425221761068,0.6378815968831381,0.6394129435221354
9,8,8,16384,16384,reduce_scatter,234881024,0.35209681193033854,0.35166800816853844,0.35344772338867186
9,8,8,16384,16384,all_gather,234881024,0.35401067733764646,0.3537549336751302,0.35402987798055013
9,8,8,16384,16384,all_to_all,234881024,0.37880306243896483,0.3787839889526367,0.3796270688374837
9,8,8,16384,16384,rs_ag_pair,234881024,0.7161935806274414,0.7156152089436849,0.7162465413411458
9,0,16,1,16,all_reduce,229376,0.046106266975402835,0.046054399013519286,0.046116133530934654
9,0,16,1,16,reduce_scatter,229376,0.0342574675877889,0.034245999654134114,0.03429280122121175
9,0,16,1,16,all_gather,229376,0.03444053332010905,0.03438239892323812,0.034443334738413496
9,0,16,1,16,all_to_all,229376,0.016244799892107645,0.016208799680074056,0.017587600151697795
9,0,16,1,16,rs_ag_pair,229376,0.0779089371363322,0.077837602297465,0.07791360219319661
9,0,16,8,16,all_reduce,229376,0.0456986665725708,0.0455512007077535,0.045791868368784586
9,0,16,8,16,reduce_scatter,229376,0.034606401125590006,0.034575335184733075,0.034749066829681395
9,0,16,8,16,all_gather,229376,0.034371598561604814,0.03434000015258789,0.03441346486409505
9,0,16,8,16,all_to_all,229376,0.016213466723759968,0.016207733750343324,0.016250666975975037
9,0,16,8,16,rs_ag_pair,229376,0.07777733008066813,0.07775999704996744,0.0778119961420695
9,0,16,128,128,all_reduce,1835008,0.04994879961013794,0.04990253448486328,0.04995386600494385
9,0,16,128,128,reduce_scatter,1835008,0.033517734209696455,0.03349080085754395,0.0335477352142334
9,0,16,128,128,all_gather,1835008,0.03374559879302978,0.033730268478393555,0.03395306666692098
9,0,16,128,128,all_to_all,1835008,0.023407200972239178,0.02340106765429179,0.02340773344039917
9,0,16,128,128,rs_ag_pair,1835008,0.0760867993036906,0.07585439682006836,0.07611680030822754
9,0,16,1024,1024,all_reduce,14680064,0.10681520303090414,0.10671733220418295,0.10683973630269368
9,0,16,1024,1024,reduce_scatter,14680064,0.06798546314239502,0.06798253059387208,0.0680519978205363
9,0,16,1024,1024,all_gather,14680064,0.08082040150960286,0.08068813482920328,0.08083706696828206
9,0,16,1024,1024,all_to_all,14680064,0.05001013278961182,0.05000760157903036,0.0500216007232666
9,0,16,1024,1024,rs_ag_pair,14680064,0.16156667073567707,0.16154227256774903,0.1615869363149007
9,0,16,8192,8192,all_reduce,117440512,0.41416680018107094,0.41401920318603513,0.4142126719156901
9,0,16,8192,8192,reduce_scatter,117440512,0.2642556031545003,0.26385000546773274,0.26461960474650065
9,0,16,8192,8192,all_gather,117440512,0.21036052703857422,0.20976133346557618,0.21089293162027994
9,0,16,8192,8192,all_to_all,117440512,0.21447854042053222,0.2144536018371582,0.2144806702931722
9,0,16,8192,8192,rs_ag_pair,117440512,0.47686678568522134,0.47659826278686523,0.4777938524881999
9,0,16,16384,16384,all_reduce,234881024,0.7066450754801432,0.7057226816813151,0.7066922505696615
9,0,16,16384,16384,reduce_scatter,234881024,0.3646450678507487,0.36425720850626625,0.3650682767232259
9,0,16,16384,16384,all_gather,234881024,0.3698284149169922,0.3697406768798828,0.3698558807373047
9,0,16,16384,16384,all_to_all,234881024,0.3846856117248535,0.38465665181477865,0.38489627838134766
9,0,16,16384,16384,rs_ag_pair,234881024,0.7463043848673503,0.745962651570638,0.7465529123942057
10,10,2,1,2,all_reduce,28672,0.01431986689567566,0.014312932888666788,0.014359866579373678
10,10,2,1,2,reduce_scatter,28672,0.012808932860692342,0.01278066635131836,0.01283093293507894
10,10,2,1,2,all_gather,28672,0.01313853363196055,0.0131330668926239,0.013693867127100627
10,10,2,1,2,all_to_all,28672,0.014140400290489196,0.014076000452041626,0.014218133687973023
10,10,2,1,2,rs_ag_pair,28672,0.033966533342997235,0.033905065059661864,0.03398919900258382
10,10,2,8,8,all_reduce,114688,0.014837732911109925,0.014817866683006286,0.014854933818181355
10,10,2,8,8,reduce_scatter,114688,0.012951067090034485,0.012926666935284933,0.012966666618982952
10,10,2,8,8,all_gather,114688,0.012998666365941365,0.012997600436210632,0.012999999523162841
10,10,2,8,8,all_to_all,114688,0.014492000142733255,0.014450132846832275,0.01449413299560547
10,10,2,8,8,rs_ag_pair,114688,0.03338906764984131,0.033343064785003665,0.03344213167826335
10,10,2,128,128,all_reduce,1835008,0.021079200506210326,0.021026267608006795,0.02108666698137919
10,10,2,128,128,reduce_scatter,1835008,0.01648413340250651,0.016449999809265137,0.016493866840998333
10,10,2,128,128,all_gather,1835008,0.01773866613705953,0.017720800638198853,0.01774266759554545
10,10,2,128,128,all_to_all,1835008,0.021456400553385418,0.021176666021347046,0.021536799271901448
10,10,2,128,128,rs_ag_pair,1835008,0.0418562650680542,0.04180413484573364,0.04188186724980672
10,10,2,1024,1024,all_reduce,14680064,0.05270533164342244,0.05269986788431803,0.052738531430562334
10,10,2,1024,1024,reduce_scatter,14680064,0.037857866287231444,0.03782626787821452,0.037912801901499434
10,10,2,1024,1024,all_gather,14680064,0.038053067525227864,0.03799933195114136,0.03806560039520264
10,10,2,1024,1024,all_to_all,14680064,0.04103306531906128,0.03848053216934204,0.04358746608098348
10,10,2,1024,1024,rs_ag_pair,14680064,0.08409533500671387,0.08406000137329102,0.08414599895477295
10,10,2,8192,8192,all_reduce,117440512,0.24782066345214843,0.24735546112060547,0.24796147346496583
10,10,2,8192,8192,reduce_scatter,117440512,0.16552666028340657,0.165502134958903,0.16555293401082358
10,10,2,8192,8192,all_gather,117440512,0.1539342721303304,0.1538549264272054,0.15399227142333985
10,10,2,8192,8192,all_to_all,117440512,0.19650999704996744,0.19639867146809895,0.19652546246846517
10,10,2,8192,8192,rs_ag_pair,117440512,0.3288737297058105,0.3285669326782227,0.32922665278116864
10,10,2,16384,16384,all_reduce,234881024,0.4584558804829915,0.4583974520365397,0.4585086822509766
10,10,2,16384,16384,reduce_scatter,234881024,0.29647080103556317,0.2964161237080892,0.2965622584025065
10,10,2,16384,16384,all_gather,234881024,0.2837860107421875,0.2837206522623698,0.28384386698404945
10,10,2,16384,16384,all_to_all,234881024,0.3627095858256022,0.36267000834147134,0.3629280090332031
10,10,2,16384,16384,rs_ag_pair,234881024,0.5896884282430013,0.5896810531616211,0.5898582458496093
10,8,4,1,4,all_reduce,57344,0.021173600355784097,0.0211136003335317,0.02119999925295512
10,8,4,1,4,reduce_scatter,57344,0.016457466284434,0.016450666387875876,0.01730653246243795
10,8,4,1,4,all_gather,57344,0.016669466098149618,0.01664919952551524,0.01667520006497701
10,8,4,1,4,all_to_all,57344,0.01531986693541209,0.015237067143122356,0.017442133029301962
10,8,4,1,4,rs_ag_pair,57344,0.04159826834996541,0.0415829340616862,0.04160133202870687
10,8,4,8,8,all_reduce,114688,0.020390532414118447,0.020363465944925944,0.02059119939804077
10,8,4,8,8,reduce_scatter,114688,0.016448400417963662,0.01642960011959076,0.016490933299064637
10,8,4,8,8,all_gather,114688,0.016372133294741312,0.016340532898902894,0.016394933064778645
10,8,4,8,8,all_to_all,114688,0.01553053359190623,0.015483066439628601,0.015557733178138734
10,8,4,8,8,rs_ag_pair,114688,0.040912401676177976,0.040912131468454994,0.040943201382954916
10,8,4,128,128,all_reduce,1835008,0.02690133253733317,0.026886266469955445,0.026919599374135336
10,8,4,128,128,reduce_scatter,1835008,0.02009013295173645,0.02001319924990336,0.020094400644302367
10,8,4,128,128,all_gather,1835008,0.021085333824157716,0.021060667435328164,0.021110133330027262
10,8,4,128,128,all_to_all,1835008,0.02302160064379374,0.02298706571261088,0.02305453419685364
10,8,4,128,128,rs_ag_pair,1835008,0.048961865901947024,0.0488865335782369,0.04897866646448771
10,8,4,1024,1024,all_reduce,14680064,0.06154679854710897,0.061521732807159425,0.06156733433405558
10,8,4,1024,1024,reduce_scatter,14680064,0.057190934816996254,0.057187867164611814,0.057190934816996254
10,8,4,1024,1024,all_gather,14680064,0.05946386655171712,0.05941786766052246,0.059529598553975424
10,8,4,1024,1024,all_to_all,14680064,0.04439626534779866,0.04437546730041504,0.04441293478012085
10,8,4,1024,1024,rs_ag_pair,14680064,0.1254805326461792,0.12518613338470458,0.12553093433380128
10,8,4,8192,8192,all_reduce,117440512,0.31071545282999674,0.3105825424194336,0.310863463083903
10,8,4,8192,8192,reduce_scatter,117440512,0.18298212687174478,0.18193333943684895,0.1830388069152832
10,8,4,8192,8192,all_gather,117440512,0.17891252835591634,0.17839627265930175,0.17909146944681803
10,8,4,8192,8192,all_to_all,117440512,0.19951133728027343,0.19935533205668132,0.19954867362976075
10,8,4,8192,8192,rs_ag_pair,117440512,0.37178678512573243,0.371561590830485,0.3717946688334147
10,8,4,16384,16384,all_reduce,234881024,0.5917427698771159,0.5916034698486328,0.5917958577473958
10,8,4,16384,16384,reduce_scatter,234881024,0.34226627349853517,0.3422625223795573,0.34251171747843423
10,8,4,16384,16384,all_gather,234881024,0.33191000620524086,0.331852658589681,0.33214826583862306
10,8,4,16384,16384,all_to_all,234881024,0.3689782778422038,0.36877320607503256,0.36916227340698243
10,8,4,16384,16384,rs_ag_pair,234881024,0.6863444010416667,0.6848854700724284,0.6978873570760091
10,8,8,1,8,all_reduce,114688,0.03288480043411255,0.03287573258082072,0.03296879927317301
10,8,8,1,8,reduce_scatter,114688,0.022334800163904826,0.022325332959493002,0.02236573298772176
10,8,8,1,8,all_gather,114688,0.02256760001182556,0.02254693309466044,0.022581332921981813
10,8,8,1,8,all_to_all,114688,0.015558266639709472,0.015554133057594299,0.015570933620134989
10,8,8,1,8,rs_ag_pair,114688,0.05341279904047648,0.05340533256530762,0.053431065877278645
10,8,8,8,8,all_reduce,114688,0.03290999929110209,0.032866134246190386,0.033624664942423506
10,8,8,8,8,reduce_scatter,114688,0.022331466277440388,0.02232133348782857,0.022393866380055746
10,8,8,8,8,all_gather,114688,0.022452133893966674,0.022451066970825197,0.02245546579360962
10,8,8,8,8,all_to_all,114688,0.015620266397794088,0.01555519998073578,0.01564533313115438
10,8,8,8,8,rs_ag_pair,114688,0.05337520043055217,0.053357601165771484,0.05340133508046468
10,8,8,128,128,all_reduce,1835008,0.03503506580988566,0.03500560124715169,0.03508853514989217
10,8,8,128,128,reduce_scatter,1835008,0.023537200689315797,0.023502665758132934,0.023558000723520916
10,8,8,128,128,all_gather,1835008,0.023999200264612833,0.02399253249168396,0.02400253415107727
10,8,8,128,128,all_to_all,1835008,0.023187466462453208,0.023165865739186605,0.02320786714553833
10,8,8,128,128,rs_ag_pair,1835008,0.05651199817657471,0.056461731592814125,0.05652386744817098
10,8,8,1024,1024,all_reduce,14680064,0.09510520299275717,0.09506653149922689,0.0951302687327067
10,8,8,1024,1024,reduce_scatter,14680064,0.051095199584960935,0.051090800762176515,0.05116373300552368
10,8,8,1024,1024,all_gather,14680064,0.047146932284037275,0.047134534517923994,0.04944906632105509
10,8,8,1024,1024,all_to_all,14680064,0.04866066773732503,0.048630134264628096,0.04866466522216797
10,8,8,1024,1024,rs_ag_pair,14680064,0.10738293329874675,0.10735853513081868,0.10766546726226807
10,8,8,8192,8192,all_reduce,117440512,0.36398159662882484,0.36383399963378904,0.36399040222167967
10,8,8,8192,8192,reduce_scatter,117440512,0.1892749309539795,0.1892624060312907,0.18930266698201498
10,8,8,8192,8192,all_gather,117440512,0.19178412755330404,0.1916953404744466,0.19180399576822918
10,8,8,8192,8192,all_to_all,117440512,0.2095813274383545,0.20955506960550943,0.20963053703308104
10,8,8,8192,8192,rs_ag_pair,117440512,0.39425961176554364,0.3939337412516276,0.40330146153767904
10,8,8,16384,16384,all_reduce,234881024,0.6381563822428385,0.6378964106241862,0.639436149597168
10,8,8,16384,16384,reduce_scatter,234881024,0.35206851959228513,0.3517832120259603,0.35353387196858727
10,8,8,16384,16384,all_gather,234881024,0.3540334701538086,0.35378745396931965,0.35406745274861656
10,8,8,16384,16384,all_to_all,234881024,0.37884718577067056,0.37880627314249676,0.37971347173055015
10,8,8,16384,16384,rs_ag_pair,234881024,0.7162502924601237,0.715741221110026,0.716268793741862
10,0,16,1,16,all_reduce,229376,0.046120266119639076,0.046083335081736246,0.04612880150477092
10,0,16,1,16,reduce_scatter,229376,0.034272666772206625,0.034256935119628906,0.03432066837946574
10,0,16,1,16,all_gather,229376,0.03444279829661052,0.0343941330909729,0.034459332625071205
10,0,16,1,16,all_to_all,229376,0.01629866659641266,0.016229333480199178,0.01763146718343099
10,0,16,1,16,rs_ag_pair,229376,0.07792893250783285,0.07785000006357828,0.07793227036794027
10,0,16,8,16,all_reduce,229376,0.045718932151794435,0.045572133858998616,0.04580959876378377
10,0,16,8,16,reduce_scatter,229376,0.03462573289871216,0.034581867853800456,0.03476893504460653
10,0,16,8,16,all_gather,229376,0.03439600070317586,0.034345734119415286,0.034411199887593585
10,0,16,8,16,all_to_all,229376,0.016227466861406963,0.016223200162251792,0.016265466809272766
10,0,16,8,16,rs_ag_pair,229376,0.07777893543243408,0.07777067025502522,0.07781679630279541
10,0,16,128,128,all_reduce,1835008,0.04996440013249715,0.04993773301442464,0.04997640053431193
10,0,16,128,128,reduce_scatter,1835008,0.03354106744130452,0.03350706497828166,0.03356066544850667
10,0,16,128,128,all_gather,1835008,0.03373599847157796,0.033724534511566165,0.03376106818517049
10,0,16,128,128,all_to_all,1835008,0.02346946597099304,0.02345319986343384,0.023523465792338053
10,0,16,128,128,rs_ag_pair,1835008,0.07613093058268229,0.07589906851450602,0.07615533669789633
10,0,16,1024,1024,all_reduce,14680064,0.10681453545888266,0.10672640005747477,0.10684973398844401
10,0,16,1024,1024,reduce_scatter,14680064,0.06799413363138834,0.06798266569773356,0.06805466810862223
10,0,16,1024,1024,all_gather,14680064,0.08081599871317545,0.08068493207295736,0.08082146644592285
10,0,16,1024,1024,all_to_all,14680064,0.05000199874242147,0.049999332427978514,0.050037999947865806
10,0,16,1024,1024,rs_ag_pair,14680064,0.16157612800598145,0.16154932975769043,0.16158560117085774
10,0,16,8192,8192,all_reduce,117440512,0.4141781489054362,0.41402788162231446,0.41422080993652344
10,0,16,8192,8192,reduce_scatter,117440512,0.2641934712727865,0.26385480562845864,0.2642584005991618
10,0,16,8192,8192,all_gather,117440512,0.21037079493204752,0.21000347137451172,0.2109048048655192
10,0,16,8192,8192,all_to_all,117440512,0.21448413530985513,0.2144741376241048,0.21448747316996256
10,0,16,8192,8192,rs_ag_pair,117440512,0.47687012354532876,0.47663148244222003,0.477811590830485
10,0,16,16384,16384,all_reduce,234881024,0.706689198811849,0.7058792114257812,0.7101516087849935
10,0,16,16384,16384,reduce_scatter,234881024,0.36472466786702473,0.3643350601196289,0.365117867787679
10,0,16,16384,16384,all_gather,234881024,0.3698754628499349,0.3698044141133626,0.3699336051940918
10,0,16,16384,16384,all_to_all,234881024,0.38474467595418294,0.38469705581665037,0.38490225474039713
10,0,16,16384,16384,rs_ag_pair,234881024,0.7463614781697591,0.7460182825724284,0.7465970357259114
11,10,2,1,2,all_reduce,28672,0.014329066872596741,0.014309199651082356,0.01434986690680186
11,10,2,1,2,reduce_scatter,28672,0.012813867131868998,0.012781999508539836,0.012833600242932638
11,10,2,1,2,all_gather,28672,0.013142266869544983,0.01312719980875651,0.013693867127100627
11,10,2,1,2,all_to_all,28672,0.014081199963887533,0.014029332995414734,0.014081333080927532
11,10,2,1,2,rs_ag_pair,28672,0.033959734439849856,0.03389679988225301,0.033978132406870525
11,10,2,8,8,all_reduce,114688,0.014831200242042542,0.014814399679501851,0.014857467015584309
11,10,2,8,8,reduce_scatter,114688,0.012947199741999309,0.012923999627431234,0.012967999776204426
11,10,2,8,8,all_gather,114688,0.012999066710472107,0.012994800011316936,0.013002799948056538
11,10,2,8,8,all_to_all,114688,0.014492666721343994,0.014453066388765971,0.014495866497357686
11,10,2,8,8,rs_ag_pair,114688,0.03338546752929687,0.03334146738052368,0.03343026638031006
11,10,2,128,128,all_reduce,1835008,0.021077599128087363,0.021029333273569744,0.021090000867843628
11,10,2,128,128,reduce_scatter,1835008,0.016481066743532818,0.01645359992980957,0.01648386617501577
11,10,2,128,128,all_gather,1835008,0.017739999294281005,0.01771893302599589,0.017746265729268393
11,10,2,128,128,all_to_all,1835008,0.021448532740275066,0.021180933713912962,0.02152093251546224
11,10,2,128,128,rs_ag_pair,1835008,0.041862666606903076,0.04178813298543294,0.04187573194503784
11,10,2,1024,1024,all_reduce,14680064,0.0527018666267395,0.05269053379694621,0.052732400099436444
11,10,2,1024,1024,reduce_scatter,14680064,0.037859201431274414,0.03783133427302043,0.03791533311208089
11,10,2,1024,1024,all_gather,14680064,0.038060665130615234,0.03799053430557251,0.03806613286336263
11,10,2,1024,1024,all_to_all,14680064,0.040965334574381514,0.03849253257115682,0.043613866964975996
11,10,2,1024,1024,rs_ag_pair,14680064,0.08409466743469238,0.08405400117238362,0.08415079911549886
11,10,2,8192,8192,all_reduce,117440512,0.2478282610575358,0.24734999338785807,0.24795440038045247
11,10,2,8192,8192,reduce_scatter,117440512,0.16552720069885254,0.16551079750061035,0.1655277411142985
11,10,2,8192,8192,all_gather,117440512,0.15393586158752443,0.15379172960917156,0.1539859930674235
11,10,2,8192,8192,all_to_all,117440512,0.1965073267618815,0.1963914712270101,0.1965218702952067
11,10,2,8192,8192,rs_ag_pair,117440512,0.3288404146830241,0.3284746805826823,0.3292140007019043
11,10,2,16384,16384,all_reduce,234881024,0.4584469477335612,0.4583933194478353,0.458513069152832
11,10,2,16384,16384,reduce_scatter,234881024,0.29646892547607423,0.2964209238688151,0.29657427469889325
11,10,2,16384,16384,all_gather,234881024,0.2837990760803223,0.28366918563842775,0.28383827209472656
11,10,2,16384,16384,all_to_all,234881024,0.3627016067504883,0.36268094380696614,0.3629338582356771
11,10,2,16384,16384,rs_ag_pair,234881024,0.5896617253621419,0.5896465301513671,0.5898761113484701
11,8,4,1,4,all_reduce,57344,0.02114586631457011,0.021112666527430216,0.0211733341217041
11,8,4,1,4,reduce_scatter,57344,0.01644373337427775,0.016443333029747008,0.01729666590690613
11,8,4,1,4,all_gather,57344,0.016653733452161153,0.016631733377774557,0.016661733388900757
11,8,4,1,4,all_to_all,57344,0.015254666407903036,0.015225467085838319,0.015559200445810955
11,8,4,1,4,rs_ag_pair,57344,0.04158173402150472,0.04158120155334473,0.041594131787618
11,8,4,8,8,all_reduce,114688,0.020350533723831176,0.020303332805633546,0.02038039962450663
11,8,4,8,8,reduce_scatter,114688,0.016437466939290366,0.016421332955360413,0.01648413340250651
11,8,4,8,8,all_gather,114688,0.016365866859753928,0.016332933306694032,0.01638480027516683
11,8,4,8,8,all_to_all,114688,0.015508400400479634,0.015453867117563884,0.015547200043996175
11,8,4,8,8,rs_ag_pair,114688,0.04090893268585205,0.04090480009714762,0.040944135189056395
11,8,4,128,128,all_reduce,1835008,0.02689253290494283,0.026868800322214764,0.026904000838597616
11,8,4,128,128,reduce_scatter,1835008,0.020081067085266115,0.02001039981842041,0.020087466637293497
11,8,4,128,128,all_gather,1835008,0.021068666378657022,0.021051732699076335,0.021104532480239867
11,8,4,128,128,all_to_all,1835008,0.023001333077748615,0.022978933652242024,0.02304826577504476
11,8,4,128,128,rs_ag_pair,1835008,0.04894226789474487,0.04888173341751099,0.04897520144780477
11,8,4,1024,1024,all_reduce,14680064,0.06152546803156535,0.06150893370310465,0.06156466801961263
11,8,4,1024,1024,reduce_scatter,14680064,0.0571891983350118,0.057178799311319986,0.05719360113143921
11,8,4,1024,1024,all_gather,14680064,0.059443465868632,0.0594054659207662,0.05952346722284953
11,8,4,1024,1024,all_to_all,14680064,0.04438706636428833,0.04436200062433879,0.044389867782592775
11,8,4,1024,1024,rs_ag_pair,14680064,0.12547120253245037,0.1251691977183024,0.12551653385162354
11,8,4,8192,8192,all_reduce,117440512,0.3107130686442057,0.3105581283569336,0.31085373560587565
11,8,4,8192,8192,reduce_scatter,117440512,0.18296546936035157,0.18192159334818522,0.1830349286397298
11,8,4,8192,8192,all_gather,117440512,0.17891306877136232,0.17841134071350098,0.1790514628092448
11,8,4,8192,8192,all_to_all,117440512,0.19949599901835124,0.19934239387512206,0.19953173001607258
11,8,4,8192,8192,rs_ag_pair,117440512,0.37176666259765623,0.3715479850769043,0.37178227106730144
11,8,4,16384,16384,all_reduce,234881024,0.5917271931966146,0.5916146596272787,0.5917619705200196
11,8,4,16384,16384,reduce_scatter,234881024,0.3423487981160482,0.34232107798258465,0.342526117960612
11,8,4,16384,16384,all_gather,234881024,0.33184932072957357,0.3317946751912435,0.3318544069925944
11,8,4,16384,16384,all_to_all,234881024,0.3689289410909017,0.3687702814737956,0.3691480000813802
11,8,4,16384,16384,rs_ag_pair,234881024,0.6864491780598958,0.6848974863688151,0.6977451960245769
11,8,8,1,8,all_reduce,114688,0.03289200067520141,0.03288106719652812,0.032969999313354495
11,8,8,1,8,reduce_scatter,114688,0.022341599067052204,0.022320399681727093,0.02236479918162028
11,8,8,1,8,all_gather,114688,0.02256986697514852,0.02254586617151896,0.022582000494003295
11,8,8,1,8,all_to_all,114688,0.015566666920979818,0.015557733178138734,0.01557426651318868
11,8,8,1,8,rs_ag_pair,114688,0.053419065475463864,0.05340799887975057,0.05343159834543864
11,8,8,8,8,all_reduce,114688,0.03290040095647176,0.032861334085464475,0.033624664942423506
11,8,8,8,8,reduce_scatter,114688,0.022338666518529258,0.022322267293930054,0.02238960067431132
11,8,8,8,8,all_gather,114688,0.02245946725209554,0.022443866729736327,0.022459999720255534
11,8,8,8,8,all_to_all,114688,0.015614266196886698,0.015557733178138734,0.015651466449101765
11,8,8,8,8,rs_ag_pair,114688,0.053374000390370685,0.05335959990819295,0.05339666604995728
11,8,8,128,128,all_reduce,1835008,0.035039198398590085,0.035004401206970216,0.035091066360473634
11,8,8,128,128,reduce_scatter,1835008,0.02354039947191874,0.023499200741449993,0.02355239987373352
11,8,8,128,128,all_gather,1835008,0.02400239904721578,0.02399453322092692,0.02400239904721578
11,8,8,128,128,all_to_all,1835008,0.02318600018819173,0.023171865940093996,0.02320866584777832
11,8,8,128,128,rs_ag_pair,1835008,0.05650039911270142,0.05645933151245117,0.05653066635131836
11,8,8,1024,1024,all_reduce,14680064,0.09511426289876303,0.09506666660308838,0.09512519836425781
11,8,8,1024,1024,reduce_scatter,14680064,0.05109373331069946,0.051079599062601726,0.0511573314666748
11,8,8,1024,1024,all_gather,14680064,0.04714639981587728,0.04711986780166626,0.04943346579869588
11,8,8,1024,1024,all_to_all,14680064,0.04864826599756877,0.04863986571629842,0.04865613381067912
11,8,8,1024,1024,rs_ag_pair,14680064,0.10737853050231934,0.10736172993977865,0.10764719645182291
11,8,8,8192,8192,all_reduce,117440512,0.3639716148376465,0.3638437271118164,0.3639881451924642
11,8,8,8192,8192,reduce_scatter,117440512,0.18927507400512694,0.18926453590393066,0.18928799629211426
11,8,8,8192,8192,all_gather,117440512,0.19177719751993816,0.19169185956319174,0.19181547164916993
11,8,8,8192,8192,all_to_all,117440512,0.20956865946451822,0.2095421314239502,0.20963346163431804
11,8,8,8192,8192,rs_ag_pair,117440512,0.3942609469095866,0.3939389228820801,0.4032933235168457
11,8,8,16384,16384,all_reduce,234881024,0.6381491978963216,0.6379077275594075,0.6394479751586915
11,8,8,16384,16384,reduce_scatter,234881024,0.3520503997802734,0.35181347529093426,0.35352506637573244
11,8,8,16384,16384,all_gather,234881024,0.3539941469828288,0.3537738800048828,0.354065736134847
11,8,8,16384,16384,all_to_all,234881024,0.37884372075398765,0.37882493336995443,0.3796979904174805
11,8,8,16384,16384,rs_ag_pair,234881024,0.7162013371785482,0.7157279968261718,0.7162570953369141
11,0,16,1,16,all_reduce,229376,0.04611013333002726,0.0460805336634318,0.04612733523050944
11,0,16,1,16,reduce_scatter,229376,0.03425600131352743,0.03425586620966593,0.0343176007270813
11,0,16,1,16,all_gather,229376,0.034441200892130534,0.034393866856892906,0.034450133641560875
11,0,16,1,16,all_to_all,229376,0.016234532992045084,0.01622173289457957,0.017627066373825072
11,0,16,1,16,rs_ag_pair,229376,0.0779146671295166,0.077838134765625,0.07791693210601806
11,0,16,8,16,all_reduce,229376,0.045701066652933754,0.04556359847386678,0.045791868368784586
11,0,16,8,16,reduce_scatter,229376,0.034606532255808516,0.034568532307942705,0.03475106557210286
11,0,16,8,16,all_gather,229376,0.034377733866373696,0.03432946602503459,0.03440026839574178
11,0,16,8,16,all_to_all,229376,0.016206799944241842,0.016205599904060362,0.016252000133196512
11,0,16,8,16,rs_ag_pair,229376,0.0777786652247111,0.07777480284372966,0.07781360149383545
11,0,16,128,128,all_reduce,1835008,0.04995239973068237,0.04989746809005737,0.04997093280156453
11,0,16,128,128,reduce_scatter,1835008,0.03350146611531576,0.033485599358876544,0.03355586528778076
11,0,16,128,128,all_gather,1835008,0.03375759919484456,0.03372533321380615,0.03398360013961792
11,0,16,128,128,all_to_all,1835008,0.023465200265248617,0.023450400431950888,0.02353559931119283
11,0,16,128,128,rs_ag_pair,1835008,0.07612559795379639,0.07589920361836751,0.07614586353302003
11,0,16,1024,1024,all_reduce,14680064,0.1068065325419108,0.10671666463216146,0.10684306621551513
11,0,16,1024,1024,reduce_scatter,14680064,0.06798853079477946,0.06798199812571208,0.06804587046305338
11,0,16,1024,1024,all_gather,14680064,0.0808077335357666,0.08067200183868409,0.08082253138224284
11,0,16,1024,1024,all_to_all,14680064,0.05000573396682739,0.04999533494313558,0.05002813339233399
11,0,16,1024,1024,rs_ag_pair,14680064,0.16156934102376302,0.1615334669748942,0.16159226099650065
11,0,16,8192,8192,all_reduce,117440512,0.4141749382019043,0.4140178680419922,0.414216136932373
11,0,16,8192,8192,reduce_scatter,117440512,0.2638002713521322,0.2637955983479818,0.26382586161295574
11,0,16,8192,8192,all_gather,117440512,0.2104977289835612,0.21032773653666179,0.2106019973754883
11,0,16,8192,8192,all_to_all,117440512,0.21446560223897299,0.21444986661275228,0.21447399457295735
11,0,16,8192,8192,rs_ag_pair,117440512,0.47687387466430664,0.4766049385070801,0.4777928034464518
11,0,16,16384,16384,all_reduce,234881024,0.7066858927408854,0.7058789571126302,0.710155995686849
11,0,16,16384,16384,reduce_scatter,234881024,0.3647285461425781,0.3643515904744466,0.3651081403096517
11,0,16,16384,16384,all_gather,234881024,0.36986627578735354,0.3697993278503418,0.36990572611490885
11,0,16,16384,16384,all_to_all,234881024,0.38473052978515626,0.38469225565592446,0.38491106033325195
11,0,16,16384,16384,rs_ag_pair,234881024,0.7463633219401041,0.745876693725586,0.7465963999430338
12,12,2,1,2,all_reduce,28672,0.015249866247177123,0.01520853340625763,0.015298400322596233
12,12,2,1,2,reduce_scatter,28672,0.013718799750010172,0.013692933320999145,0.0137746661901474
12,12,2,1,2,all_gather,28672,0.013809600472450256,0.013632667064666749,0.013860533634821573
12,12,2,1,2,all_to_all,28672,0.01490666667620341,0.014807466665903728,0.014915600419044495
12,12,2,1,2,rs_ag_pair,28672,0.03588546514511108,0.035832667350769044,0.035892800490061445
12,12,2,8,8,all_reduce,114688,0.015325466791788736,0.015313999851544698,0.01543293297290802
12,12,2,8,8,reduce_scatter,114688,0.01389039953549703,0.013853333393732707,0.01392146646976471
12,12,2,8,8,all_gather,114688,0.013906533519426981,0.013872933387756348,0.01392253339290619
12,12,2,8,8,all_to_all,114688,0.015348666906356811,0.015304799874623616,0.015350799759229023
12,12,2,8,8,rs_ag_pair,114688,0.03603200117746989,0.03597413301467896,0.036043334007263186
12,12,2,128,128,all_reduce,1835008,0.021377867460250853,0.021365066369374592,0.021396267414093017
12,12,2,128,128,reduce_scatter,1835008,0.017533467213312785,0.017521733045578004,0.017561733722686768
12,12,2,128,128,all_gather,1835008,0.01858666737874349,0.0185263991355896,0.01865853269894918
12,12,2,128,128,all_to_all,1835008,0.021766000986099245,0.02172266642252604,0.021807867288589477
12,12,2,128,128,rs_ag_pair,1835008,0.045036665598551434,0.045006934801737467,0.0451036016146342
12,12,2,1024,1024,all_reduce,14680064,0.05352760155995687,0.053509867191314696,0.05360999902089437
12,12,2,1024,1024,reduce_scatter,14680064,0.0382532000541687,0.038067865371704104,0.03830733299255371
12,12,2,1024,1024,all_gather,14680064,0.0388317346572876,0.03880106608072917,0.03884573380152385
12,12,2,1024,1024,all_to_all,14680064,0.046017467975616455,0.045577867825826006,0.04619106849034627
12,12,2,1024,1024,rs_ag_pair,14680064,0.0860425313313802,0.08602800369262695,0.08607319990793864
12,12,2,8192,8192,all_reduce,117440512,0.2481280008951823,0.24810333251953126,0.2481331984202067
12,12,2,8192,8192,reduce_scatter,117440512,0.1654161294301351,0.1653761386871338,0.1654780069986979
12,12,2,8192,8192,all_gather,117440512,0.15457159678141277,0.1545362631479899,0.15471493403116862
12,12,2,8192,8192,all_to_all,117440512,0.19719653129577636,0.19703307151794433,0.1973259925842285
12,12,2,8192,8192,rs_ag_pair,117440512,0.32921520868937176,0.3291048049926758,0.3292737325032552
12,12,2,16384,16384,all_reduce,234881024,0.4549997329711914,0.4549785296122233,0.45504786173502604
12,12,2,16384,16384,reduce_scatter,234881024,0.3031213442484538,0.3029644012451172,0.30318174362182615
12,12,2,16384,16384,all_gather,234881024,0.2838849385579427,0.2838794708251953,0.2840394655863444
12,12,2,16384,16384,all_to_all,234881024,0.3630877176920573,0.36300961176554364,0.363454532623291
12,12,2,16384,16384,rs_ag_pair,234881024,0.5961905161539713,0.5961189270019531,0.5964110692342123
12,12,4,1,4,all_reduce,57344,0.021349867184956867,0.021303999423980712,0.02142853339513143
12,12,4,1,4,reduce_scatter,57344,0.016702399651209513,0.016650266448656716,0.01671746571858724
12,12,4,1,4,all_gather,57344,0.01690346598625183,0.016863600413004557,0.01690786679585775
12,12,4,1,4,all_to_all,57344,0.015421733260154724,0.01542026698589325,0.015456133087476094
12,12,4,1,4,rs_ag_pair,57344,0.04179973204930623,0.04173826773961385,0.041842798391977944
12,12,4,8,8,all_reduce,114688,0.020272133747736613,0.020244266589482626,0.02030959924062093
12,12,4,8,8,reduce_scatter,114688,0.01643866697947184,0.0164000004529953,0.01649293303489685
12,12,4,8,8,all_gather,114688,0.016410932938257853,0.01640933354695638,0.016431066393852233
12,12,4,8,8,all_to_all,114688,0.015641066431999206,0.01562653382619222,0.015665200352668763
12,12,4,8,8,rs_ag_pair,114688,0.04135826826095581,0.04121973514556885,0.04140973488489787
12,12,4,128,128,all_reduce,1835008,0.026746267080307008,0.026713067293167116,0.02678226629892985
12,12,4,128,128,reduce_scatter,1835008,0.020023467143376668,0.01998573342959086,0.02002933422724406
12,12,4,128,128,all_gather,1835008,0.02109640041987101,0.021095999081929526,0.02110919952392578
12,12,4,128,128,all_to_all,1835008,0.022992932796478273,0.02295266588528951,0.022999332348505656
12,12,4,128,128,rs_ag_pair,1835008,0.04914973179499308,0.04900426864624023,0.04927053451538086
12,12,4,1024,1024,all_reduce,14680064,0.06166293223698934,0.061660265922546385,0.061665332317352294
12,12,4,1024,1024,reduce_scatter,14680064,0.05706586837768555,0.056947731971740724,0.05714306831359863
12,12,4,1024,1024,all_gather,14680064,0.05966666539510091,0.05958373149236043,0.05975386699040731
12,12,4,1024,1024,all_to_all,14680064,0.044421064853668216,0.04432626565297445,0.04449106852213542
12,12,4,1024,1024,rs_ag_pair,14680064,0.1255845308303833,0.12537480195363362,0.1256114641825358
12,12,4,8192,8192,all_reduce,117440512,0.3097881317138672,0.3095518747965495,0.31020161310831706
12,12,4,8192,8192,reduce_scatter,117440512,0.1818984031677246,0.18183147112528483,0.18284653027852377
12,12,4,8192,8192,all_gather,117440512,0.17861746152242025,0.17860333124796549,0.17873640060424806
12,12,4,8192,8192,all_to_all,117440512,0.19969439506530762,0.19960826237996418,0.19980360666910807
12,12,4,8192,8192,rs_ag_pair,117440512,0.3689695994059245,0.36846399307250977,0.36952972412109375
12,12,4,16384,16384,all_reduce,234881024,0.5985985438028971,0.5985129038492839,0.5987625122070312
12,12,4,16384,16384,reduce_scatter,234881024,0.3424829483032227,0.3421905199686686,0.3425285339355469
12,12,4,16384,16384,all_gather,234881024,0.33180052439371743,0.3317914644877116,0.3319505373636881
12,12,4,16384,16384,all_to_all,234881024,0.3689341227213542,0.36887426376342775,0.3691333452860514
12,12,4,16384,16384,rs_ag_pair,234881024,0.6862274805704752,0.6862255732218424,0.6863199869791666
12,8,8,1,8,all_reduce,114688,0.03286066651344299,0.032849067449569704,0.032940266529719035
12,8,8,1,8,reduce_scatter,114688,0.02232626676559448,0.02231826583544413,0.02233920097351074
12,8,8,1,8,all_gather,114688,0.022542800505956015,0.02251173257827759,0.022549599409103394
12,8,8,1,8,all_to_all,114688,0.01552946666876475,0.015516266226768494,0.015556400020917257
12,8,8,1,8,rs_ag_pair,114688,0.05340333382288615,0.05336506764094035,0.053418668111165364
12,8,8,8,8,all_reduce,114688,0.03288679917653402,0.0328386664390564,0.03359013398488363
12,8,8,8,8,reduce_scatter,114688,0.022290400664011636,0.02227813402811686,0.022320399681727093
12,8,8,8,8,all_gather,114688,0.022413599491119384,0.02239466706911723,0.022425599892934165
12,8,8,8,8,all_to_all,114688,0.0155649334192276,0.015535599986712138,0.015618000427881877
12,8,8,8,8,rs_ag_pair,114688,0.053329066435496016,0.05332306623458862,0.05334399938583374
12,8,8,128,128,all_reduce,1835008,0.035009467601776124,0.0349785327911377,0.03505013386408488
12,8,8,128,128,reduce_scatter,1835008,0.023499866326649983,0.02345400055249532,0.023506800333658855
12,8,8,128,128,all_gather,1835008,0.02394546667734782,0.023926534255345664,0.023971732457478842
12,8,8,128,128,all_to_all,1835008,0.023143867651621502,0.023130667209625245,0.023178666830062866
12,8,8,128,128,rs_ag_pair,1835008,0.05648119846979777,0.05643119812011719,0.056493735313415526
12,8,8,1024,1024,all_reduce,14680064,0.09508893489837647,0.09503653049468994,0.09509119987487794
12,8,8,1024,1024,reduce_scatter,14680064,0.05106426477432251,0.05104986826578776,0.051109600067138675
12,8,8,1024,1024,all_gather,14680064,0.04714626471201579,0.04711999893188477,0.049455066521962486
12,8,8,1024,1024,all_to_all,14680064,0.04860759973526001,0.04859426816304525,0.048631866772969566
12,8,8,1024,1024,rs_ag_pair,14680064,0.10733746687571208,0.10732946395874024,0.10762106577555339
12,8,8,8192,8192,all_reduce,117440512,0.3639105478922526,0.36378173828125,0.363918940226237
12,8,8,8192,8192,reduce_scatter,117440512,0.1892017364501953,0.1891551971435547,0.18925906817118326
12,8,8,8192,8192,all_gather,117440512,0.19172239303588867,0.1916499932607015,0.19176626205444336
12,8,8,8192,8192,all_to_all,117440512,0.20955732663472493,0.2094557285308838,0.20956546465555828
12,8,8,8192,8192,rs_ag_pair,117440512,0.3941933314005534,0.3938565254211426,0.40326519012451173
12,8,8,16384,16384,all_reduce,234881024,0.6380399703979492,0.6377870559692382,0.639280637105306
12,8,8,16384,16384,reduce_scatter,234881024,0.3517411867777506,0.3515046755472819,0.3523571968078613
12,8,8,16384,16384,all_gather,234881024,0.35374879837036133,0.35356693267822265,0.3538714726765951
12,8,8,16384,16384,all_to_all,234881024,0.37877972920735675,0.3787713368733724,0.379669189453125
12,8,8,16384,16384,rs_ag_pair,234881024,0.716167704264323,0.7155758539835612,0.7162120183308919
12,0,16,1,16,all_reduce,229376,0.04608279863993327,0.04601773420969645,0.04609573284784953
12,0,16,1,16,reduce_scatter,229376,0.0342306653658549,0.03421813249588013,0.034298264980316163
12,0,16,1,16,all_gather,229376,0.03441160122553508,0.03436839977900187,0.034424134095509845
12,0,16,1,16,all_to_all,229376,0.016267733772595723,0.016211600104967753,0.017589600880940755
12,0,16,1,16,rs_ag_pair,229376,0.07785013516743979,0.07780760129292806,0.07790826956431071
12,0,16,8,16,all_reduce,229376,0.04567399819691976,0.04554493427276611,0.045780666669209796
12,0,16,8,16,reduce_scatter,229376,0.03459573189417521,0.03455573320388794,0.034740932782491046
12,0,16,8,16,all_gather,229376,0.03435573180516561,0.03431386550267537,0.03438173135121663
12,0,16,8,16,all_to_all,229376,0.016204266746838888,0.016189066569010417,0.016230533520380657
12,0,16,8,16,rs_ag_pair,229376,0.07774106661478679,0.07772306601206462,0.07777746518452962
12,0,16,128,128,all_reduce,1835008,0.04992400010426839,0.04991013209025065,0.04993266661961873
12,0,16,128,128,reduce_scatter,1835008,0.033498533566792804,0.03346893390019735,0.033516399065653485
12,0,16,128,128,all_gather,1835008,0.03372706572214763,0.03371453285217285,0.03404599825541178
12,0,16,128,128,all_to_all,1835008,0.023468399047851564,0.02346493403116862,0.023511999845504762
12,0,16,128,128,rs_ag_pair,1835008,0.07612520058949789,0.07587506771087646,0.076146133740743
12,0,16,1024,1024,all_reduce,14680064,0.10679252942403157,0.10672039985656738,0.10682546297709147
12,0,16,1024,1024,reduce_scatter,14680064,0.06799186865488688,0.06797239780426026,0.06804186503092448
12,0,16,1024,1024,all_gather,14680064,0.08079773585001628,0.08067239920298258,0.08081586360931396
12,0,16,1024,1024,all_to_all,14680064,0.049986000855763754,0.049984665711720784,0.05001480182011922
12,0,16,1024,1024,rs_ag_pair,14680064,0.1615653355916341,0.16153225898742676,0.16156586011250815
12,0,16,8192,8192,all_reduce,117440512,0.4141079902648926,0.4139946619669596,0.4141804059346517
12,0,16,8192,8192,reduce_scatter,117440512,0.2637890656789144,0.2633922735850016,0.26384612719217937
12,0,16,8192,8192,all_gather,117440512,0.21032999356587728,0.21027453740437826,0.2108176072438558
12,0,16,8192,8192,all_to_all,117440512,0.21446960767110188,0.2144641399383545,0.21450026830037436
12,0,16,8192,8192,rs_ag_pair,117440512,0.4769010543823242,0.47663720448811847,0.47781454722086586
12,0,16,16384,16384,all_reduce,234881024,0.7066808064778646,0.7058251698811849,0.7101810455322266
12,0,16,16384,16384,reduce_scatter,234881024,0.36472880045572914,0.3643623987833659,0.3651041348775228
12,0,16,16384,16384,all_gather,234881024,0.36988919576009116,0.36982040405273436,0.36990985870361326
12,0,16,16384,16384,all_to_all,234881024,0.3846962610880534,0.38467680613199867,0.3848827997843424
12,0,16,16384,16384,rs_ag_pair,234881024,0.7463381449381511,0.7460285186767578,0.7465370814005534
13,12,2,1,2,all_reduce,28672,0.015340399742126466,0.01523840030034383,0.015362667044003804
13,12,2,1,2,reduce_scatter,28672,0.013748666644096375,0.013725599646568299,0.013823333382606506
13,12,2,1,2,all_gather,28672,0.013829867045084635,0.013669466972351075,0.01391146679719289
13,12,2,1,2,all_to_all,28672,0.01492733359336853,0.014869999885559083,0.014942533771197001
13,12,2,1,2,rs_ag_pair,28672,0.03590999841690064,0.03585199912389119,0.03592773278554281
13,12,2,8,8,all_reduce,114688,0.015357466538747151,0.015337733427683513,0.015461066365242004
13,12,2,8,8,reduce_scatter,114688,0.013931600252787273,0.013914799690246582,0.013964666922887167
13,12,2,8,8,all_gather,114688,0.013932399948438009,0.013881733020146688,0.013946533203125
13,12,2,8,8,all_to_all,114688,0.015371066331863404,0.01533346672852834,0.015378933151563008
13,12,2,8,8,rs_ag_pair,114688,0.03605333169301351,0.03601093292236328,0.03606760104497274
13,12,2,128,128,all_reduce,1835008,0.021413065989812217,0.021382667620976768,0.021435999870300294
13,12,2,128,128,reduce_scatter,1835008,0.017593999703725178,0.017570799589157103,0.017623732487360638
13,12,2,128,128,all_gather,1835008,0.018635332584381104,0.018550533056259155,0.01866439978281657
13,12,2,128,128,all_to_all,1835008,0.021789334217707314,0.02172666589419047,0.0218122661113739
13,12,2,128,128,rs_ag_pair,1835008,0.045058798789978025,0.045031468073527016,0.045149731636047366
13,12,2,1024,1024,all_reduce,14680064,0.05354559818903605,0.05353080034255982,0.05362759828567505
13,12,2,1024,1024,reduce_scatter,14680064,0.03828573226928711,0.03810439904530843,0.0383349339167277
13,12,2,1024,1024,all_gather,14680064,0.03884373505910237,0.03881653149922689,0.038861600557963054
13,12,2,1024,1024,all_to_all,14680064,0.04607013463973999,0.04556920131047567,0.046197064717610675
13,12,2,1024,1024,rs_ag_pair,14680064,0.08607892990112305,0.08606226444244384,0.08608973026275635
13,12,2,8192,8192,all_reduce,117440512,0.24815319379170736,0.24814747174580892,0.2481592019399007
13,12,2,8192,8192,reduce_scatter,117440512,0.16542253494262696,0.1653981367746989,0.16547400156656902
13,12,2,8192,8192,all_gather,117440512,0.15456719398498536,0.1545518716176351,0.1547254721323649
13,12,2,8192,8192,all_to_all,117440512,0.19720212618509927,0.19704146385192872,0.19730186462402344
13,12,2,8192,8192,rs_ag_pair,117440512,0.3292117436726888,0.3291390736897786,0.32928574879964195
13,12,2,16384,16384,all_reduce,234881024,0.4549644152323405,0.4549550692240397,0.4550242741902669
13,12,2,16384,16384,reduce_scatter,234881024,0.30307413736979166,0.30293614069620767,0.3031480153401693
13,12,2,16384,16384,all_gather,234881024,0.28382186889648436,0.28381147384643557,0.28402627309163414
13,12,2,16384,16384,all_to_all,234881024,0.3631046613057454,0.3629401206970215,0.36342573165893555
13,12,2,16384,16384,rs_ag_pair,234881024,0.5961732228597005,0.5961425145467122,0.5963708241780599
13,12,4,1,4,all_reduce,57344,0.021341600020726523,0.021291200319925943,0.021409600973129272
13,12,4,1,4,reduce_scatter,57344,0.016679465770721436,0.01663879950841268,0.016702000300089517
13,12,4,1,4,all_gather,57344,0.016887732346852622,0.016851733128229778,0.016892532507578533
13,12,4,1,4,all_to_all,57344,0.015419333179791769,0.015404799580574035,0.015435199936230977
13,12,4,1,4,rs_ag_pair,57344,0.04180440107981364,0.041730932394663495,0.04183853467305501
13,12,4,8,8,all_reduce,114688,0.02026626666386922,0.020240000883738198,0.020306533575057982
13,12,4,8,8,reduce_scatter,114688,0.016437066594759624,0.016389999787012735,0.016494266192118325
13,12,4,8,8,all_gather,114688,0.01642413338025411,0.016420267025629678,0.01642906665802002
13,12,4,8,8,all_to_all,114688,0.01562879979610443,0.015620000163714091,0.01565946638584137
13,12,4,8,8,rs_ag_pair,114688,0.041351068019866946,0.04121466477711996,0.04139626820882161
13,12,4,128,128,all_reduce,1835008,0.02673333287239075,0.02672613263130188,0.02677226662635803
13,12,4,128,128,reduce_scatter,1835008,0.020010000467300414,0.019974533716837564,0.020030266046524046
13,12,4,128,128,all_gather,1835008,0.021093867222468057,0.021091200908025107,0.021098399162292482
13,12,4,128,128,all_to_all,1835008,0.022976134220759073,0.02294600009918213,0.0229912002881368
13,12,4,128,128,rs_ag_pair,1835008,0.04910373290379842,0.04907319943110148,0.04917853275934855
13,12,4,1024,1024,all_reduce,14680064,0.06163066625595093,0.061626799901326496,0.06164400180180867
13,12,4,1024,1024,reduce_scatter,14680064,0.05709253152211507,0.05692826509475708,0.05711746613184611
13,12,4,1024,1024,all_gather,14680064,0.05969253381093343,0.059585599104563396,0.05976013342539469
13,12,4,1024,1024,all_to_all,14680064,0.04445813496907552,0.04432586828867594,0.04446760018666585
13,12,4,1024,1024,rs_ag_pair,14680064,0.12559399604797364,0.12535813649495442,0.12563066482543944
13,12,4,8192,8192,all_reduce,117440512,0.3097882588704427,0.3095394770304362,0.31019627253214516
13,12,4,8192,8192,reduce_scatter,117440512,0.18187692960103352,0.181821870803833,0.18312813440958658
13,12,4,8192,8192,all_gather,117440512,0.1786410649617513,0.17855812708536783,0.17871479988098143
13,12,4,8192,8192,all_to_all,117440512,0.19966146151224773,0.19958093961079915,0.1997598648071289
13,12,4,8192,8192,rs_ag_pair,117440512,0.36896546681722003,0.3684605280558268,0.369543202718099
13,12,4,16384,16384,all_reduce,234881024,0.598557726542155,0.5985263824462891,0.5987291971842448
13,12,4,16384,16384,reduce_scatter,234881024,0.34249518712361654,0.3421918551127116,0.34252761205037435
13,12,4,16384,16384,all_gather,234881024,0.33179572423299153,0.3317837397257487,0.331936518351237
13,12,4,16384,16384,all_to_all,234881024,0.36894826889038085,0.36882425944010416,0.36915547053019204
13,12,4,16384,16384,rs_ag_pair,234881024,0.686206563313802,0.6861918767293295,0.6863025029500326
13,8,8,1,8,all_reduce,114688,0.032860533396403,0.0328549325466156,0.03295946717262268
13,8,8,1,8,reduce_scatter,114688,0.022342665990193685,0.022336665789286295,0.02236786683400472
13,8,8,1,8,all_gather,114688,0.022562134265899658,0.022535866498947142,0.022572400172551473
13,8,8,1,8,all_to_all,114688,0.015544000267982482,0.015526800354321798,0.015552266438802084
13,8,8,1,8,rs_ag_pair,114688,0.05340133508046468,0.05339253346125285,0.053430668512980145
13,8,8,8,8,all_reduce,114688,0.032862800359725955,0.032832400004069014,0.03288626670837402
13,8,8,8,8,reduce_scatter,114688,0.022295600175857543,0.022277067104975384,0.0223580002784729
13,8,8,8,8,all_gather,114688,0.022421065966288248,0.022413200139999388,0.022432533899943034
13,8,8,8,8,all_to_all,114688,0.015586800376574199,0.015553067127863566,0.01562439997990926
13,8,8,8,8,rs_ag_pair,114688,0.05333866675694784,0.053329598903656,0.053367865085601804
13,8,8,128,128,all_reduce,1835008,0.035013866424560544,0.034988534450531,0.03505813280741374
13,8,8,128,128,reduce_scatter,1835008,0.023513199885686238,0.02347266674041748,0.023534133036931356
13,8,8,128,128,all_gather,1835008,0.02395520011583964,0.02394826610883077,0.023983200391133625
13,8,8,128,128,all_to_all,1835008,0.02315946618715922,0.023137199878692626,0.02318813403447469
13,8,8,128,128,rs_ag_pair,1835008,0.056482799847920734,0.056437734762827554,0.056498265266418456
13,8,8,1024,1024,all_reduce,14680064,0.09508559703826905,0.0950268030166626,0.09509092966715495
13,8,8,1024,1024,reduce_scatter,14680064,0.05107906659444173,0.05105040073394775,0.05115439891815186
13,8,8,1024,1024,all_gather,14680064,0.047154935201009114,0.047131466865539554,0.0494593342145284
13,8,8,1024,1024,all_to_all,14680064,0.048616401354471844,0.04861346483230591,0.04863080183664958
13,8,8,1024,1024,rs_ag_pair,14680064,0.10733760197957357,0.10731826623280843,0.10762399832407633
13,8,8,8192,8192,all_reduce,117440512,0.3639090538024902,0.363757069905599,0.3639156023661296
13,8,8,8192,8192,reduce_scatter,117440512,0.18921680450439454,0.18919226328531902,0.18923853238423666
13,8,8,8192,8192,all_gather,117440512,0.19172627131144207,0.19166107177734376,0.1917810599009196
13,8,8,8192,8192,all_to_all,117440512,0.20951959292093914,0.2095143953959147,0.20960146586100262
13,8,8,8192,8192,rs_ag_pair,117440512,0.3942091941833496,0.3938897450764974,0.40330867767333983
13,8,8,16384,16384,all_reduce,234881024,0.6380748112996419,0.6378550847371419,0.6393590927124023
13,8,8,16384,16384,reduce_scatter,234881024,0.35203399658203127,0.3516693433125814,0.3533414522806803
13,8,8,16384,16384,all_gather,234881024,0.3538731892903646,0.353713321685791,0.35392093658447266
13,8,8,16384,16384,all_to_all,234881024,0.3788250605265299,0.3787449200948079,0.3796517372131348
13,8,8,16384,16384,rs_ag_pair,234881024,0.7161649068196615,0.7155583699544271,0.7162123998006185
13,0,16,1,16,all_reduce,229376,0.046058134237925215,0.04604013363520305,0.04606373310089111
13,0,16,1,16,reduce_scatter,229376,0.034233733018239336,0.034212533632914224,0.03430853287378947
13,0,16,1,16,all_gather,229376,0.03440453211466472,0.03437240123748779,0.03443959951400757
13,0,16,1,16,all_to_all,229376,0.016271733244260154,0.016198800007502238,0.017559866110483806
13,0,16,1,16,rs_ag_pair,229376,0.07789399623870849,0.07781426906585694,0.07789680163065592
13,0,16,8,16,all_reduce,229376,0.04568893512090047,0.045553465684254967,0.04579519828160604
13,0,16,8,16,reduce_scatter,229376,0.034592799345652264,0.034555331865946455,0.03474306662877401
13,0,16,8,16,all_gather,229376,0.034368932247161865,0.034320131937662764,0.0343941330909729
13,0,16,8,16,all_to_all,229376,0.01620706617832184,0.016196266810099284,0.016233866413434345
13,0,16,8,16,rs_ag_pair,229376,0.07774999936421713,0.07773640155792236,0.0777890682220459
13,0,16,128,128,all_reduce,1835008,0.049942398071289064,0.04991346597671509,0.049948533376057945
13,0,16,128,128,reduce_scatter,1835008,0.033500667413075766,0.03348226547241211,0.03352813323338826
13,0,16,128,128,all_gather,1835008,0.033747732639312744,0.033714266618092854,0.03406800031661987
13,0,16,128,128,all_to_all,1835008,0.023473066091537476,0.02347079912821452,0.023525333404541014
13,0,16,128,128,rs_ag_pair,1835008,0.07604666550954182,0.07589346567789713,0.07614386876424153
13,0,16,1024,1024,all_reduce,14680064,0.10682146549224854,0.10672159989674886,0.10684680143992106
13,0,16,1024,1024,reduce_scatter,14680064,0.06800320148468017,0.06798413594563803,0.06804239749908447
13,0,16,1024,1024,all_gather,14680064,0.08082853158315023,0.08067493438720703,0.0808350642522176
13,0,16,1024,1024,all_to_all,14680064,0.049998398621877035,0.04996506770451863,0.050033199787139895
13,0,16,1024,1024,rs_ag_pair,14680064,0.1615920066833496,0.16152267456054686,0.1615930716196696
13,0,16,8192,8192,all_reduce,117440512,0.4140962600708008,0.41402626037597656,0.41416918436686195
13,0,16,8192,8192,reduce_scatter,117440512,0.2637865384419759,0.2634018739064535,0.26384933789571124
13,0,16,8192,8192,all_gather,117440512,0.21032147407531737,0.2102893352508545,0.2108781337738037
13,0,16,8192,8192,all_to_all,117440512,0.21446773211161296,0.21445933977762857,0.21447985967000324
13,0,16,8192,8192,rs_ag_pair,117440512,0.4768918673197428,0.47663866678873695,0.477808411916097
13,0,16,16384,16384,all_reduce,234881024,0.7066534678141276,0.7058217366536458,0.7101327896118164
13,0,16,16384,16384,reduce_scatter,234881024,0.3647024154663086,0.36435680389404296,0.36511081059773765
13,0,16,16384,16384,all_gather,234881024,0.36985934575398766,0.3697945276896159,0.3698781331380208
13,0,16,16384,16384,all_to_all,234881024,0.38467880884806316,0.38465452194213867,0.38485759099324546
13,0,16,16384,16384,rs_ag_pair,234881024,0.7463553110758464,0.7459942499796549,0.7465442657470703
14,14,2,1,2,all_reduce,28672,0.014300933480262757,0.014290000001589457,0.0144187996784846
14,14,2,1,2,reduce_scatter,28672,0.012884400288263957,0.012880667050679525,0.01291266679763794
14,14,2,1,2,all_gather,28672,0.01298253337542216,0.012976400057474772,0.012995333472887675
14,14,2,1,2,all_to_all,28672,0.014109999934832255,0.01405693292617798,0.014117733637491862
14,14,2,1,2,rs_ag_pair,28672,0.03343013525009155,0.03338693380355835,0.03348746697107951
14,14,2,8,8,all_reduce,114688,0.014594133694966633,0.014577466249465942,0.014595866203308105
14,14,2,8,8,reduce_scatter,114688,0.013138799866040548,0.013122266530990601,0.013176666696866353
14,14,2,8,8,all_gather,114688,0.013262266914049784,0.013183599710464478,0.013272266586621602
14,14,2,8,8,all_to_all,114688,0.014853333433469137,0.014845200379689534,0.014876000086466471
14,14,2,8,8,rs_ag_pair,114688,0.03403799931208293,0.03395893176396688,0.03410293261210124
14,14,2,128,128,all_reduce,1835008,0.020889333883921304,0.020869600772857665,0.020941599210103353
14,14,2,128,128,reduce_scatter,1835008,0.01655466655890147,0.01652413308620453,0.016618399818738302
14,14,2,128,128,all_gather,1835008,0.018076000610987346,0.01803693373998006,0.018133334318796792
14,14,2,128,128,all_to_all,1835008,0.02129466732343038,0.021160799264907836,0.021322667598724365
14,14,2,128,128,rs_ag_pair,1835008,0.042573201656341556,0.04256826639175415,0.04268320004145305
14,14,2,1024,1024,all_reduce,14680064,0.052813998858133954,0.05271986722946167,0.05282066663106282
14,14,2,1024,1024,reduce_scatter,14680064,0.03751986821492513,0.03750106493631999,0.0375761349995931
14,14,2,1024,1024,all_gather,14680064,0.03793079853057861,0.037917999426523845,0.03794093529383342
14,14,2,1024,1024,all_to_all,14680064,0.046854400634765626,0.046641465028127035,0.04697839816411336
14,14,2,1024,1024,rs_ag_pair,14680064,0.08379693031311035,0.08372759819030762,0.08380813598632812
14,14,2,8192,8192,all_reduce,117440512,0.24783013661702474,0.24777866999308268,0.24797946612040203
14,14,2,8192,8192,reduce_scatter,117440512,0.16530747413635255,0.16524945894877116,0.16531279881795247
14,14,2,8192,8192,all_gather,117440512,0.15432146390279133,0.15419573783874513,0.1543622652689616
14,14,2,8192,8192,all_to_all,117440512,0.1970198631286621,0.1969696044921875,0.19704426129659017
14,14,2,8192,8192,rs_ag_pair,117440512,0.32708187103271485,0.32701759338378905,0.3271057446797689
14,14,2,16384,16384,all_reduce,234881024,0.45552266438802086,0.4554489453633626,0.4555806795756022
14,14,2,16384,16384,reduce_scatter,234881024,0.30210466384887696,0.3020847956339518,0.30219786961873374
14,14,2,16384,16384,all_gather,234881024,0.2844106674194336,0.28429721196492513,0.28441267013549804
14,14,2,16384,16384,all_to_all,234881024,0.3638409296671549,0.36368093490600584,0.3644700050354004
14,14,2,16384,16384,rs_ag_pair,234881024,0.5934346516927084,0.5933947881062825,0.5935261408487956
14,12,4,1,4,all_reduce,57344,0.021337467432022094,0.02128559947013855,0.021410399675369264
14,12,4,1,4,reduce_scatter,57344,0.016677866379419964,0.01663026710351308,0.016688400506973268
14,12,4,1,4,all_gather,57344,0.01687506635983785,0.016855067014694212,0.016890267531077068
14,12,4,1,4,all_to_all,57344,0.015416133403778075,0.015415466825167338,0.015442533294359843
14,12,4,1,4,rs_ag_pair,57344,0.041782132784525555,0.041735732555389406,0.04179586569468181
14,12,4,8,8,all_reduce,114688,0.020269066095352173,0.020236132542292277,0.020304399728775024
14,12,4,8,8,reduce_scatter,114688,0.01642893354098002,0.016391332944234213,0.016496400038401287
14,12,4,8,8,all_gather,114688,0.0164301335811615,0.016419600447018942,0.016442933678627016
14,12,4,8,8,all_to_all,114688,0.015635200341542563,0.015622533361117045,0.015670133630434673
14,12,4,8,8,rs_ag_pair,114688,0.04135333299636841,0.04120786587397258,0.041402800877888994
14,12,4,128,128,all_reduce,1835008,0.026732399066289266,0.026722667614618938,0.026768134037653605
14,12,4,128,128,reduce_scatter,1835008,0.020017999410629272,0.019999865690867105,0.020028666655222575
14,12,4,128,128,all_gather,1835008,0.021092400948206583,0.021087332566579183,0.021106133858362835
14,12,4,128,128,all_to_all,1835008,0.022973867257436116,0.02295386592547099,0.022977199157079062
14,12,4,128,128,rs_ag_pair,1835008,0.04913533528645833,0.04908013343811035,0.0492465337117513
14,12,4,1024,1024,all_reduce,14680064,0.061647868156433104,0.0616431991259257,0.06165800094604492
14,12,4,1024,1024,reduce_scatter,14680064,0.05710920095443726,0.05695613225301107,0.05714573462804159
14,12,4,1024,1024,all_gather,14680064,0.05969373385111491,0.05960853497187297,0.05979106823603312
14,12,4,1024,1024,all_to_all,14680064,0.04447293281555176,0.04433039824167887,0.04447919925053914
14,12,4,1024,1024,rs_ag_pair,14680064,0.12562867005666098,0.12541226545969644,0.12563412984212238
14,12,4,8192,8192,all_reduce,117440512,0.30978291829427085,0.3095388094584147,0.31024306615193686
14,12,4,8192,8192,reduce_scatter,117440512,0.18186532656351725,0.18181613286336262,0.18312039375305175
14,12,4,8192,8192,all_gather,117440512,0.17865920066833496,0.17860172589619955,0.1787490685780843
14,12,4,8192,8192,all_to_all,117440512,0.19967947006225586,0.19959774017333984,0.19979626337687176
14,12,4,8192,8192,rs_ag_pair,117440512,0.3689336140950521,0.3684980074564616,0.36952091852823893
14,12,4,16384,16384,all_reduce,234881024,0.5985942840576172,0.5985499699910481,0.5987421035766601
14,12,4,16384,16384,reduce_scatter,234881024,0.3424988110860189,0.3422121365865072,0.3425168037414551
14,12,4,16384,16384,all_gather,234881024,0.3318145434061686,0.3317838668823242,0.33195892969767254
14,12,4,16384,16384,all_to_all,234881024,0.36896880467732746,0.36884679794311526,0.3691333452860514
14,12,4,16384,16384,rs_ag_pair,234881024,0.6862291971842448,0.6861634572347005,0.6863375981648763
14,8,8,1,8,all_reduce,114688,0.032860267162323,0.03285613258679708,0.03296440045038859
14,8,8,1,8,reduce_scatter,114688,0.022330933809280397,0.022329866886138916,0.02236079970995585
14,8,8,1,8,all_gather,114688,0.022559465964635213,0.022534932692845663,0.022576934099197386
14,8,8,1,8,all_to_all,114688,0.015551466743151348,0.015528266628583273,0.015553067127863566
14,8,8,1,8,rs_ag_pair,114688,0.05340559879938762,0.05339053471883138,0.05342373450597127
14,8,8,8,8,all_reduce,114688,0.03289800087610881,0.032840534051259355,0.03358999888102213
14,8,8,8,8,reduce_scatter,114688,0.022308266162872313,0.02228773236274719,0.02237746715545654
14,8,8,8,8,all_gather,114688,0.022434266408284505,0.022432132562001546,0.02245426575342814
14,8,8,8,8,all_to_all,114688,0.015603866179784138,0.015539200107256571,0.0156441330909729
14,8,8,8,8,rs_ag_pair,114688,0.05335013469060262,0.05333426793416341,0.05338133176167806
14,8,8,128,128,all_reduce,1835008,0.035019334157307944,0.034994800885518394,0.03506146669387818
14,8,8,128,128,reduce_scatter,1835008,0.023515599966049194,0.023470266660054525,0.02354480028152466
14,8,8,128,128,all_gather,1835008,0.023966532945632935,0.023963334163029988,0.023984400431315105
14,8,8,128,128,all_to_all,1835008,0.023172267278035483,0.023156267404556275,0.023194799820582073
14,8,8,128,128,rs_ag_pair,1835008,0.05649226506551107,0.05644586483637492,0.056512534618377686
14,8,8,1024,1024,all_reduce,14680064,0.09508786996205648,0.09505613644917806,0.09511093298594157
14,8,8,1024,1024,reduce_scatter,14680064,0.05110026597976684,0.05107946793238322,0.05114973386128743
14,8,8,1024,1024,all_gather,14680064,0.04708253145217896,0.04708186785380045,0.04942386547724406
14,8,8,1024,1024,all_to_all,14680064,0.04861013491948445,0.0485919992129008,0.048615066210428874
14,8,8,1024,1024,rs_ag_pair,14680064,0.10733280181884766,0.10732706387837727,0.10762720108032227
14,8,8,8192,8192,all_reduce,117440512,0.3638888041178385,0.36377747853597003,0.36390199661254885
14,8,8,8192,8192,reduce_scatter,117440512,0.1892046610514323,0.18915692965189615,0.18924493789672853
14,8,8,8192,8192,all_gather,117440512,0.19166599909464518,0.19164253870646158,0.19170799255371093
14,8,8,8192,8192,all_to_all,117440512,0.2095234711964925,0.20948185920715331,0.20954386393229166
14,8,8,8192,8192,rs_ag_pair,117440512,0.39419520696004234,0.3938371976216634,0.40326681137084963
14,8,8,16384,16384,all_reduce,234881024,0.6380641301472981,0.6378344217936198,0.639355214436849
14,8,8,16384,16384,reduce_scatter,234881024,0.35200465520222984,0.35157346725463867,0.3533242543538411
14,8,8,16384,16384,all_gather,234881024,0.35381692250569663,0.35367120107014977,0.35387051900227867
14,8,8,16384,16384,all_to_all,234881024,0.3787641207377116,0.3787106513977051,0.37961066563924156
14,8,8,16384,16384,rs_ag_pair,234881024,0.7161153157552084,0.7154495875040691,0.7161429087320964
14,0,16,1,16,all_reduce,229376,0.04610519806543986,0.04606373310089111,0.04611306587855021
14,0,16,1,16,reduce_scatter,229376,0.03426666657129924,0.034222400188446044,0.03431746562321981
14,0,16,1,16,all_gather,229376,0.03443693319956462,0.0343941330909729,0.034442933400472005
14,0,16,1,16,all_to_all,229376,0.016290533542633056,0.01622279981772105,0.017605467637379964
14,0,16,1,16,rs_ag_pair,229376,0.07791266441345215,0.07782399654388428,0.07791933218638102
14,0,16,8,16,all_reduce,229376,0.04570573170979818,0.04557466506958008,0.04580680131912231
14,0,16,8,16,reduce_scatter,229376,0.03460839986801147,0.034565198421478274,0.034767866134643555
14,0,16,8,16,all_gather,229376,0.03438066641489665,0.0343450665473938,0.03441786766052246
14,0,16,8,16,all_to_all,229376,0.0162200003862381,0.016215999921162922,0.016253067056337993
14,0,16,8,16,rs_ag_pair,229376,0.07777586778004965,0.07776146729787191,0.07781573136647542
14,0,16,128,128,all_reduce,1835008,0.049942398071289064,0.04993093411127726,0.04997533162434896
14,0,16,128,128,reduce_scatter,1835008,0.03349506855010986,0.03347106774648031,0.033524533112843834
14,0,16,128,128,all_gather,1835008,0.033758266766866045,0.03371946811676026,0.03407586812973022
14,0,16,128,128,all_to_all,1835008,0.02348080078760783,0.023476666212081908,0.02352773348490397
14,0,16,128,128,rs_ag_pair,1835008,0.07613426844278971,0.0759174664815267,0.07616120179494222
14,0,16,1024,1024,all_reduce,14680064,0.10683333079020182,0.10673333009084066,0.10685693422953288
14,0,16,1024,1024,reduce_scatter,14680064,0.06801613171895345,0.06800666650136312,0.06807093620300293
14,0,16,1024,1024,all_gather,14680064,0.08083946704864502,0.08069319725036621,0.08084226449330648
14,0,16,1024,1024,all_to_all,14680064,0.050017468134562176,0.04999773502349854,0.05005413293838501
14,0,16,1024,1024,rs_ag_pair,14680064,0.1615887959798177,0.1615506649017334,0.16158893903096516
14,0,16,8192,8192,all_reduce,117440512,0.41409454345703123,0.4137748082478841,0.41420574188232423
14,0,16,8192,8192,reduce_scatter,117440512,0.26377414067586263,0.26340680122375487,0.26384679476420086
14,0,16,8192,8192,all_gather,117440512,0.21034480730692545,0.2102850596110026,0.21087706883748372
14,0,16,8192,8192,all_to_all,117440512,0.214466126759847,0.21444746653238933,0.2144689400990804
14,0,16,8192,8192,rs_ag_pair,117440512,0.4769000053405762,0.4766069412231445,0.4778054555257161
14,0,16,16384,16384,all_reduce,234881024,0.7066509246826171,0.7058258692423502,0.7101493199666341
14,0,16,16384,16384,reduce_scatter,234881024,0.36471707026163735,0.36438493728637694,0.36512012481689454
14,0,16,16384,16384,all_gather,234881024,0.36988401412963867,0.36979974110921227,0.36988652547200523
14,0,16,16384,16384,all_to_all,234881024,0.38469467163085935,0.38468812306722006,0.3849348068237305
14,0,16,16384,16384,rs_ag_pair,234881024,0.7463569641113281,0.7460018793741862,0.7465581258138021
15,14,2,1,2,all_reduce,28672,0.014281732837359111,0.014254132906595865,0.01430453360080719
15,14,2,1,2,reduce_scatter,28672,0.012883599599202473,0.012866133451461792,0.012893866499265034
15,14,2,1,2,all_gather,28672,0.012969866394996643,0.012967600425084432,0.013010799884796143
15,14,2,1,2,all_to_all,28672,0.014070399602254232,0.01405693292617798,0.014111066857973734
15,14,2,1,2,rs_ag_pair,28672,0.033429332574208576,0.0333516001701355,0.033479865392049155
15,14,2,8,8,all_reduce,114688,0.014565199613571167,0.01453826626141866,0.014566266536712646
15,14,2,8,8,reduce_scatter,114688,0.013116133213043214,0.013104533155759176,0.013126400113105775
15,14,2,8,8,all_gather,114688,0.013210800290107728,0.013150933384895324,0.013230933745702108
15,14,2,8,8,all_to_all,114688,0.014832133054733276,0.014798133571942648,0.014843866229057312
15,14,2,8,8,rs_ag_pair,114688,0.03401826620101929,0.0339302659034729,0.03407346804936727
15,14,2,128,128,all_reduce,1835008,0.020850133895874024,0.020850133895874024,0.02091213266054789
15,14,2,128,128,reduce_scatter,1835008,0.016514533758163454,0.01651413341363271,0.01659893294175466
15,14,2,128,128,all_gather,1835008,0.01807066599527995,0.018045866489410402,0.01817626754442851
15,14,2,128,128,all_to_all,1835008,0.021291200319925943,0.021163866917292277,0.021327733993530273
15,14,2,128,128,rs_ag_pair,1835008,0.04259560108184814,0.04257893164952596,0.042687201499938966
15,14,2,1024,1024,all_reduce,14680064,0.05282119909922282,0.05272226730982463,0.05283586581548055
15,14,2,1024,1024,reduce_scatter,14680064,0.03753533363342285,0.03752666711807251,0.0375983993212382
15,14,2,1024,1024,all_gather,14680064,0.0379420002301534,0.03793546756108602,0.037978001435597736
15,14,2,1024,1024,all_to_all,14680064,0.04685493310292562,0.04660573403040568,0.04698280096054077
15,14,2,1024,1024,rs_ag_pair,14680064,0.083815598487854,0.08374333381652832,0.08386893272399902
15,14,2,8192,8192,all_reduce,117440512,0.2478830655415853,0.24782986640930177,0.24800972938537597
15,14,2,8192,8192,reduce_scatter,117440512,0.16530292828877766,0.16524227460225424,0.16533160209655762
15,14,2,8192,8192,all_gather,117440512,0.15433905919392904,0.15424426396687826,0.154395325978597
15,14,2,8192,8192,all_to_all,117440512,0.19703879356384277,0.19699586232503255,0.19706746737162273
15,14,2,8192,8192,rs_ag_pair,117440512,0.32709426879882814,0.32703266143798826,0.3271669387817383
15,14,2,16384,16384,all_reduce,234881024,0.4556147893269857,0.4556088129679362,0.45571413040161135
15,14,2,16384,16384,reduce_scatter,234881024,0.3022466659545898,0.3021560033162435,0.30230305989583334
15,14,2,16384,16384,all_gather,234881024,0.2844237327575684,0.284334659576416,0.28449920018513997
15,14,2,16384,16384,all_to_all,234881024,0.3638813336690267,0.3636967976888021,0.3644686698913574
15,14,2,16384,16384,rs_ag_pair,234881024,0.5934991836547852,0.593454106648763,0.5935769399007161
15,12,4,1,4,all_reduce,57344,0.02136146624883016,0.02131813367207845,0.021445999542872112
15,12,4,1,4,reduce_scatter,57344,0.016718000173568726,0.01667413314183553,0.01672866741816203
15,12,4,1,4,all_gather,57344,0.016909732421239217,0.016869600613911948,0.016917065779368082
15,12,4,1,4,all_to_all,57344,0.015435733397801717,0.015424266457557678,0.01546839972337087
15,12,4,1,4,rs_ag_pair,57344,0.041803598403930664,0.04174306790033976,0.04184106588363647
15,12,4,8,8,all_reduce,114688,0.020282532771428427,0.020261865854263306,0.02031573255856832
15,12,4,8,8,reduce_scatter,114688,0.016445733110109963,0.01640453338623047,0.01649786631266276
15,12,4,8,8,all_gather,114688,0.016439200441042582,0.016437066594759624,0.016446399688720702
15,12,4,8,8,all_to_all,114688,0.015651866793632507,0.015642133355140687,0.01567599972089132
15,12,4,8,8,rs_ag_pair,114688,0.04137093226114909,0.04122466643651326,0.04141706625620524
15,12,4,128,128,all_reduce,1835008,0.026732534170150757,0.026724533240000407,0.02678520083427429
15,12,4,128,128,reduce_scatter,1835008,0.020028799772262573,0.020013999938964844,0.020039866367975872
15,12,4,128,128,all_gather,1835008,0.021112000942230223,0.021101333697636924,0.021116000413894654
15,12,4,128,128,all_to_all,1835008,0.022974799076716106,0.02295746604601542,0.02298306624094645
15,12,4,128,128,rs_ag_pair,1835008,0.04914533297220866,0.049101734161376955,0.04927159945170085
15,12,4,1024,1024,all_reduce,14680064,0.06166853507359823,0.06166146596272786,0.06167133251825969
15,12,4,1024,1024,reduce_scatter,14680064,0.05707786480585734,0.05697640180587769,0.05714493195215861
15,12,4,1024,1024,all_gather,14680064,0.059712533156077066,0.059624799092610675,0.05972706476847331
15,12,4,1024,1024,all_to_all,14680064,0.04446226755777995,0.04432813326517741,0.04446693261464437
15,12,4,1024,1024,rs_ag_pair,14680064,0.1255890687306722,0.12540853023529053,0.12562386989593505
15,12,4,8192,8192,all_reduce,117440512,0.30979798634847006,0.30956172943115234,0.31022907892862955
15,12,4,8192,8192,reduce_scatter,117440512,0.1819111982981364,0.18178119659423828,0.1831530729929606
15,12,4,8192,8192,all_gather,117440512,0.17865467071533203,0.17861453692118326,0.17875919342041016
15,12,4,8192,8192,all_to_all,117440512,0.1996621290842692,0.1996130625406901,0.1997653325398763
15,12,4,8192,8192,rs_ag_pair,117440512,0.3689390818277995,0.36850706736246747,0.36950292587280276
15,12,4,16384,16384,all_reduce,234881024,0.5986338933308919,0.598501459757487,0.5987616221110026
15,12,4,16384,16384,reduce_scatter,234881024,0.3424925486246745,0.3422504107157389,0.34256280263264977
15,12,4,16384,16384,all_gather,234881024,0.33183053334554036,0.3317498524983724,0.33192014694213867
15,12,4,16384,16384,all_to_all,234881024,0.368941593170166,0.368858273824056,0.3691438674926758
15,12,4,16384,16384,rs_ag_pair,234881024,0.6862173080444336,0.6862105051676433,0.6863348007202148
15,8,8,1,8,all_reduce,114688,0.032855600118637085,0.03284693360328674,0.032939332723617556
15,8,8,1,8,reduce_scatter,114688,0.022330933809280397,0.02229706645011902,0.02235013246536255
15,8,8,1,8,all_gather,114688,0.022555599610010784,0.022531600793202718,0.022558399041493735
15,8,8,1,8,all_to_all,114688,0.015539999802907307,0.015538133184115092,0.01554080049196879
15,8,8,1,8,rs_ag_pair,114688,0.053380266825358076,0.05334959824879964,0.05342066685358683
15,8,8,8,8,all_reduce,114688,0.032882267236709596,0.03282240033149719,0.03359373410542806
15,8,8,8,8,reduce_scatter,114688,0.02229586640993754,0.022279866536458335,0.02236973245938619
15,8,8,8,8,all_gather,114688,0.022427467505137126,0.022418000300725303,0.0224288006623586
15,8,8,8,8,all_to_all,114688,0.015570533275604249,0.015547333161036174,0.015631866455078126
15,8,8,8,8,rs_ag_pair,114688,0.05333453416824341,0.05332253376642863,0.05335599978764852
15,8,8,128,128,all_reduce,1835008,0.034997332096099856,0.03497453530629476,0.03507426579793294
15,8,8,128,128,reduce_scatter,1835008,0.02350320021311442,0.023471866051355997,0.02351800004641215
15,8,8,128,128,all_gather,1835008,0.023949199914932252,0.023947866757710774,0.02398159901301066
15,8,8,128,128,all_to_all,1835008,0.02316240072250366,0.023133466641108196,0.023187067111333212
15,8,8,128,128,rs_ag_pair,1835008,0.05646053155263265,0.05643453200658163,0.05649439891179402
15,8,8,1024,1024,all_reduce,14680064,0.09504786332448324,0.09503906567891439,0.09509613513946533
15,8,8,1024,1024,reduce_scatter,14680064,0.051088400681813556,0.05103986660639445,0.05113573471705119
15,8,8,1024,1024,all_gather,14680064,0.04710880120595296,0.047086799144744874,0.04945813417434693
15,8,8,1024,1024,all_to_all,14680064,0.04858293135960897,0.04858040014902751,0.04860373338063558
15,8,8,1024,1024,rs_ag_pair,14680064,0.10728960037231446,0.107286270459493,0.10758506457010905
15,8,8,8192,8192,all_reduce,117440512,0.3638891855875651,0.3637556076049805,0.3639081319173177
15,8,8,8192,8192,reduce_scatter,117440512,0.1892138640085856,0.18920079867045084,0.18922373453776042
15,8,8,8192,8192,all_gather,117440512,0.19170600573221844,0.19166773160298664,0.1917788028717041
15,8,8,8192,8192,all_to_all,117440512,0.20956039428710938,0.20954240163167318,0.20962546666463217
15,8,8,8192,8192,rs_ag_pair,117440512,0.39423227310180664,0.3938793182373047,0.4032995859781901
15,8,8,16384,16384,all_reduce,234881024,0.6379321416219076,0.6378517150878906,0.6380627950032552
15,8,8,16384,16384,reduce_scatter,234881024,0.35205227533976235,0.3516534805297852,0.3533095995585124
15,8,8,16384,16384,all_gather,234881024,0.3537871996561686,0.3537399927775065,0.35396413803100585
15,8,8,16384,16384,all_to_all,234881024,0.37880853017171223,0.37879308064778644,0.3796317418416341
15,8,8,16384,16384,rs_ag_pair,234881024,0.7161545435587565,0.7154573440551758,0.7162340164184571
15,0,16,1,16,all_reduce,229376,0.046114134788513186,0.04603853225708008,0.04612480004628499
15,0,16,1,16,reduce_scatter,229376,0.03422706524531047,0.03420453468958537,0.03427559932072957
15,0,16,1,16,all_gather,229376,0.03439613183339437,0.034350800514221194,0.034409598509470625
15,0,16,1,16,all_to_all,229376,0.016288000345230102,0.016224132974942525,0.017558666070302327
15,0,16,1,16,rs_ag_pair,229376,0.07784120241800944,0.0777947982152303,0.07787266572316488
15,0,16,8,16,all_reduce,229376,0.04564919869105021,0.04552586476008098,0.04575093189875285
15,0,16,8,16,reduce_scatter,229376,0.03454519907633464,0.034508001804351804,0.03470386664072673
15,0,16,8,16,all_gather,229376,0.034313599268595375,0.03425813515981038,0.03435173432032267
15,0,16,8,16,all_to_all,229376,0.016171600421269736,0.016154399514198302,0.016205599904060362
15,0,16,8,16,rs_ag_pair,229376,0.07772666613260905,0.07768613497416178,0.07772786617279052
15,0,16,128,128,all_reduce,1835008,0.049901334444681804,0.0498852014541626,0.04990533192952474
15,0,16,128,128,reduce_scatter,1835008,0.03345413208007812,0.03343079884847005,0.03349200089772542
15,0,16,128,128,all_gather,1835008,0.03371133406956991,0.03368813196818034,0.03399253288904826
15,0,16,128,128,all_to_all,1835008,0.023443732659022012,0.02342026631037394,0.023492666085561116
15,0,16,128,128,rs_ag_pair,1835008,0.07607493400573731,0.07584266662597657,0.07609866460164388
15,0,16,1024,1024,all_reduce,14680064,0.10676266352335612,0.10667533079783122,0.10677266915639241
15,0,16,1024,1024,reduce_scatter,14680064,0.06795667012532552,0.06794359683990478,0.06797786553700765
15,0,16,1024,1024,all_gather,14680064,0.08075613180796305,0.08063027064005533,0.08079186280568441
15,0,16,1024,1024,all_to_all,14680064,0.049959198633829756,0.04995400110880534,0.04996826648712158
15,0,16,1024,1024,rs_ag_pair,14680064,0.16152106920878093,0.16148106257120767,0.16152520179748536
15,0,16,8192,8192,all_reduce,117440512,0.41410919825236003,0.4139507929484049,0.4141145388285319
15,0,16,8192,8192,reduce_scatter,117440512,0.2637824058532715,0.26339680353800454,0.263862403233846
15,0,16,8192,8192,all_gather,117440512,0.21034332911173503,0.2102933406829834,0.21091386477152507
15,0,16,8192,8192,all_to_all,117440512,0.21447733243306477,0.21446852684020995,0.21447854042053222
15,0,16,8192,8192,rs_ag_pair,117440512,0.47656319936116537,0.4762674649556478,0.4778146743774414
15,0,16,16384,16384,all_reduce,234881024,0.7066713333129883,0.7058301289876302,0.7101574579874674
15,0,16,16384,16384,reduce_scatter,234881024,0.3647336006164551,0.364378547668457,0.3651243845621745
15,0,16,16384,16384,all_gather,234881024,0.3698808034261068,0.36984052658081057,0.36990226109822594
15,0,16,16384,16384,all_to_all,234881024,0.38472518920898435,0.38468640645345054,0.3849191983540853
15,0,16,16384,16384,rs_ag_pair,234881024,0.7463418960571289,0.7460351943969726,0.7465290705362956
