rank,world,tp,dp,phase,cache_dtype,context,batch_per_dp,chunk,eager_ms,graph_ms,dynamic_peak_bytes,cache_bytes,short_reference_relative_l2
0,16,16,1,decode,fp8_e4m3,1024,1,1,1.8820586204528809,0.11367679834365844,31744,589824,0.03509664535522461
0,16,16,1,decode,fp8_e4m3,1024,8,1,1.9307626088460286,0.10488640069961548,246784,4718592,0.03509664535522461
0,16,16,1,decode,fp8_e4m3,1024,32,1,1.6058346430460613,0.11550719738006592,987136,18874368,0.03509664535522461
0,16,16,1,prefill,fp8_e4m3,1024,1,128,3.100362777709961,,11076096,589824,0.0076119983568787575
0,16,16,1,prefill,fp8_e4m3,1024,1,1024,1.4095679918924968,,29361152,589824,0.0076119983568787575
0,16,16,1,decode,fp8_e4m3,8192,1,1,1.713215986887614,0.11503520011901855,31744,4718592,0.03509664535522461
0,16,16,1,decode,fp8_e4m3,8192,8,1,1.6490666071573894,0.11850880384445191,246784,37748736,0.03509664535522461
0,16,16,1,decode,fp8_e4m3,8192,32,1,1.7248853047688801,0.15926239490509034,987136,150994944,0.03509664535522461
0,16,16,1,prefill,fp8_e4m3,8192,1,128,3.0457385381062827,,65438208,4718592,0.0076119983568787575
0,16,16,1,prefill,fp8_e4m3,8192,1,1024,2.6389546394348145,,80209408,4718592,0.0076119983568787575
0,16,16,1,prefill,fp8_e4m3,8192,1,8192,1.8259305953979492,,215745536,4718592,0.0076119983568787575
0,16,16,1,decode,fp8_e4m3,32768,1,1,1.9916906356811523,0.1286303997039795,31744,18874368,0.03509664535522461
0,16,16,1,decode,fp8_e4m3,32768,8,1,1.9992106755574544,0.1572767972946167,246784,150994944,0.03509664535522461
0,16,16,1,decode,fp8_e4m3,32768,32,1,1.6602667172749836,0.2260960102081299,987136,603979776,0.03509664535522461
0,16,16,1,prefill,fp8_e4m3,32768,1,128,2.967071851094564,,254820864,18874368,0.0076119983568787575
0,16,16,1,prefill,fp8_e4m3,32768,1,1024,2.9558401107788086,,268297728,18874368,0.0076119983568787575
0,16,16,1,prefill,fp8_e4m3,32768,1,8192,3.0718825658162436,,363529728,18874368,0.0076119983568787575
0,16,16,1,decode,fp8_e4m3,131072,1,1,2.0583359400431314,0.15045599937438964,31744,75497472,0.03509664535522461
0,16,16,1,decode,fp8_e4m3,131072,8,1,1.6226666768391926,0.221777606010437,246784,603979776,0.03509664535522461
0,16,16,1,decode,fp8_e4m3,131072,32,1,1.7613760630289714,0.48943362236022947,987136,2415919104,0.03509664535522461
0,16,16,1,prefill,fp8_e4m3,131072,1,128,3.7636372248331704,,1010139648,75497472,0.0076119983568787575
0,16,16,1,prefill,fp8_e4m3,131072,1,1024,4.481098810831706,,1021568512,75497472,0.0076119983568787575
0,16,16,1,prefill,fp8_e4m3,131072,1,8192,6.66209093729655,,1119553024,75497472,0.0076119983568787575
0,16,16,1,decode,fp8_e4m3,524288,1,1,2.0377066930135093,0.19052640199661255,31744,301989888,0.03509664535522461
0,16,16,1,decode,fp8_e4m3,524288,8,1,2.0061333974202475,0.4667344093322754,246784,2415919104,0.03509664535522461
0,16,16,1,decode,fp8_e4m3,524288,32,1,2.01147731145223,1.5386704444885253,987136,9663676416,0.03509664535522461
0,16,16,1,prefill,fp8_e4m3,524288,1,128,12.286730448404947,,1764125184,301989888,0.0076119983568787575
0,16,16,1,prefill,fp8_e4m3,524288,1,1024,14.112181345621744,,1776756224,301989888,0.0076119983568787575
0,16,16,1,prefill,fp8_e4m3,524288,1,8192,21.546432495117188,,1864697344,301989888,0.0076119983568787575
0,16,16,1,decode,fp8_e4m3,1048576,1,1,1.6494186719258626,0.24556000232696534,31744,603979776,0.03509664535522461
0,16,16,1,decode,fp8_e4m3,1048576,8,1,1.8977386156717937,0.803553581237793,246784,4831838208,0.03509664535522461
0,16,16,1,decode,fp8_e4m3,1048576,32,1,3.2789653142293296,2.973929595947266,987136,19327352832,0.03509664535522461
0,16,16,1,prefill,fp8_e4m3,1048576,1,128,24.330464680989582,,2368104960,603979776,0.0076119983568787575
0,16,16,1,prefill,fp8_e4m3,1048576,1,1024,27.707199096679688,,2381260288,603979776,0.0076119983568787575
0,16,16,1,prefill,fp8_e4m3,1048576,1,8192,42.18023427327474,,2468677120,603979776,0.0076119983568787575
0,16,16,1,decode,bfloat16,1024,1,1,1.903722604115804,0.10711519718170166,31744,1179648,0.006898726802319288
0,16,16,1,decode,bfloat16,1024,8,1,1.9192533493041992,0.10194239616394044,246784,9437184,0.006898726802319288
0,16,16,1,decode,bfloat16,1024,32,1,1.6420159339904785,0.13408960103988649,987136,37748736,0.006898726802319288
0,16,16,1,prefill,bfloat16,1024,1,128,2.8655147552490234,,15270912,1179648,0.0005409707664512098
0,16,16,1,prefill,bfloat16,1024,1,1024,1.691263993581136,,28967936,1179648,0.0005409707664512098
0,16,16,1,decode,bfloat16,8192,1,1,1.5667840639750164,0.11236480474472046,31744,9437184,0.006898726802319288
0,16,16,1,decode,bfloat16,8192,8,1,1.5035200119018555,0.14223999977111818,246784,75497472,0.006898726802319288
0,16,16,1,decode,bfloat16,8192,32,1,1.6954879760742188,0.18729759454727174,987136,301989888,0.006898726802319288
0,16,16,1,prefill,bfloat16,8192,1,128,2.8733011881510415,,88245248,9437184,0.0005409707664512098
0,16,16,1,prefill,bfloat16,8192,1,1024,2.7749760945638022,,108135424,9437184,0.0005409707664512098
0,16,16,1,prefill,bfloat16,8192,1,8192,1.456607977549235,,215745536,9437184,0.0005409707664512098
0,16,16,1,decode,bfloat16,32768,1,1,1.5910719235738118,0.13670719861984254,31744,37748736,0.006898726802319288
0,16,16,1,decode,bfloat16,32768,8,1,1.5366400082906086,0.17967360019683837,246784,301989888,0.006898726802319288
0,16,16,1,decode,bfloat16,32768,32,1,1.6838293075561523,0.3393968105316162,987136,1207959552,0.006898726802319288
0,16,16,1,prefill,bfloat16,32768,1,128,2.3575572967529297,,343737344,37748736,0.0005409707664512098
0,16,16,1,prefill,bfloat16,32768,1,1024,2.9477866490681968,,362677248,37748736,0.0005409707664512098
0,16,16,1,prefill,bfloat16,32768,1,8192,3.1791038513183594,,502006784,37748736,0.0005409707664512098
0,16,16,1,decode,bfloat16,131072,1,1,1.9702399571736653,0.16157920360565187,31744,150994944,0.006898726802319288
0,16,16,1,decode,bfloat16,131072,8,1,1.4852587381998699,0.339352011680603,246784,1207959552,0.006898726802319288
0,16,16,1,decode,bfloat16,131072,32,1,1.4920533498128254,0.9487168312072753,987136,4831838208,0.006898726802319288
0,16,16,1,prefill,bfloat16,131072,1,128,4.15558401743571,,1366111744,150994944,0.0005409707664512098
0,16,16,1,prefill,bfloat16,131072,1,1024,4.75655460357666,,1381893120,150994944,0.0005409707664512098
0,16,16,1,prefill,bfloat16,131072,1,8192,7.017621358235677,,1522271232,150994944,0.0005409707664512098
0,16,16,1,decode,bfloat16,524288,1,1,1.9151573181152344,0.2502351999282837,31744,603979776,0.006898726802319288
0,16,16,1,decode,bfloat16,524288,8,1,2.0089279810587564,0.9113823890686035,246784,4831838208,0.006898726802319288
0,16,16,1,decode,bfloat16,524288,32,1,3.6847893397013345,3.396271896362305,987136,19327352832,0.006898726802319288
0,16,16,1,prefill,bfloat16,524288,1,128,14.091690063476562,,5458703872,603979776,0.0005409707664512098
0,16,16,1,prefill,bfloat16,524288,1,1024,16.33735529581706,,5462411776,603979776,0.0005409707664512098
0,16,16,1,prefill,bfloat16,524288,1,8192,24.38182322184245,,5599134720,603979776,0.0005409707664512098
0,16,16,1,decode,bfloat16,1048576,1,1,1.9800747235616047,0.3641520023345947,31744,1207959552,0.006898726802319288
0,16,16,1,decode,bfloat16,1048576,8,1,2.040266672770182,1.6903871536254882,246784,9663676416,0.006898726802319288
0,16,16,1,decode,bfloat16,1048576,32,1,6.879658381144206,6.5702369689941404,987136,38654705664,0.006898726802319288
0,16,16,1,prefill,bfloat16,1048576,1,128,27.45362091064453,,10915493376,1207959552,0.0005409707664512098
0,16,16,1,prefill,bfloat16,1048576,1,1024,31.828447977701824,,10918652416,1207959552,0.0005409707664512098
0,16,16,1,prefill,bfloat16,1048576,1,8192,48.68241882324219,,11034952704,1207959552,0.0005409707664512098
0,16,8,2,decode,fp8_e4m3,1024,1,1,2.5151146252950034,0.09082720279693604,44032,589824,0.03501495346426964
0,16,8,2,decode,fp8_e4m3,1024,8,1,2.4301439921061196,0.09661440253257751,347136,4718592,0.03501495346426964
0,16,8,2,decode,fp8_e4m3,1024,32,1,1.838805357615153,0.10873440504074097,1388544,18874368,0.03501495346426964
0,16,8,2,prefill,fp8_e4m3,1024,1,128,3.214271863301595,,18824704,589824,0.008806233294308186
0,16,8,2,prefill,fp8_e4m3,1024,1,1024,1.249183972676595,,39846912,589824,0.008806233294308186
0,16,8,2,decode,fp8_e4m3,8192,1,1,2.4501546223958335,0.09738079905509948,44032,4718592,0.03501495346426964
0,16,8,2,decode,fp8_e4m3,8192,8,1,1.6640106836954753,0.11466399431228638,347136,37748736,0.03501495346426964
0,16,8,2,decode,fp8_e4m3,8192,32,1,1.1857493718465169,0.13466559648513793,1388544,150994944,0.03501495346426964
0,16,8,2,prefill,fp8_e4m3,8192,1,128,2.3639039993286133,,113786368,4718592,0.008806233294308186
0,16,8,2,prefill,fp8_e4m3,8192,1,1024,2.7192001342773438,,140494336,4718592,0.008806233294308186
0,16,8,2,prefill,fp8_e4m3,8192,1,8192,1.5096853574117024,,304612352,4718592,0.008806233294308186
0,16,8,2,decode,fp8_e4m3,32768,1,1,1.574186642964681,0.1136944055557251,44032,18874368,0.03501495346426964
0,16,8,2,decode,fp8_e4m3,32768,8,1,1.5698560078938801,0.13298720121383667,347136,150994944,0.03501495346426964
0,16,8,2,decode,fp8_e4m3,32768,32,1,1.2007466952006023,0.2024224042892456,1388544,603979776,0.03501495346426964
0,16,8,2,prefill,fp8_e4m3,32768,1,128,2.575904051462809,,434945536,18874368,0.008806233294308186
0,16,8,2,prefill,fp8_e4m3,32768,1,1024,3.0300798416137695,,462407168,18874368,0.008806233294308186
0,16,8,2,prefill,fp8_e4m3,32768,1,8192,3.629706700642904,,662046208,18874368,0.008806233294308186
0,16,8,2,decode,fp8_e4m3,131072,1,1,1.6067733764648438,0.129585599899292,44032,75497472,0.03501495346426964
0,16,8,2,decode,fp8_e4m3,131072,8,1,1.5826346079508464,0.19776639938354493,347136,603979776,0.03501495346426964
0,16,8,2,decode,fp8_e4m3,131072,32,1,1.2187946637471516,0.46212000846862794,1388544,2415919104,0.03501495346426964
0,16,8,2,prefill,fp8_e4m3,131072,1,128,4.677237192789714,,1718402560,75497472,0.008806233294308186
0,16,8,2,prefill,fp8_e4m3,131072,1,1024,4.843392054239909,,1744815616,75497472,0.008806233294308186
0,16,8,2,prefill,fp8_e4m3,131072,1,8192,8.872213363647461,,1945503232,75497472,0.008806233294308186
0,16,8,2,decode,fp8_e4m3,524288,1,1,1.5809386571248372,0.16690399646759033,44032,301989888,0.03501495346426964
0,16,8,2,decode,fp8_e4m3,524288,8,1,2.302325407663981,0.4481679916381836,347136,2415919104,0.03501495346426964
0,16,8,2,decode,fp8_e4m3,524288,32,1,2.031167984008789,1.520639991760254,1388544,9663676416,0.03501495346426964
0,16,8,2,prefill,fp8_e4m3,524288,1,128,15.455914815266928,,2773388800,301989888,0.008806233294308186
0,16,8,2,prefill,fp8_e4m3,524288,1,1024,17.279115041097004,,2795128320,301989888,0.008806233294308186
0,16,8,2,prefill,fp8_e4m3,524288,1,8192,32.274645487467446,,2973369856,301989888,0.008806233294308186
0,16,8,2,decode,fp8_e4m3,1048576,1,1,1.5430506070454915,0.22184479236602783,44032,603979776,0.03501495346426964
0,16,8,2,decode,fp8_e4m3,1048576,8,1,2.3017600377400718,0.7794496059417725,347136,4831838208,0.03501495346426964
0,16,8,2,decode,fp8_e4m3,1048576,32,1,3.3138132095336914,2.9903440475463867,1388544,19327352832,0.03501495346426964
0,16,8,2,prefill,fp8_e4m3,1048576,1,128,29.545567830403645,,3377368576,603979776,0.008806233294308186
0,16,8,2,prefill,fp8_e4m3,1048576,1,1024,33.41476186116537,,3399501312,603979776,0.008806233294308186
0,16,8,2,prefill,fp8_e4m3,1048576,1,8192,63.16838582356771,,3577349632,603979776,0.008806233294308186
0,16,8,2,decode,bfloat16,1024,1,1,2.1741013526916504,0.08859360218048096,43520,1179648,0.006444955710321665
0,16,8,2,decode,bfloat16,1024,8,1,2.1856746673583984,0.09510239958763123,345088,9437184,0.006444955710321665
0,16,8,2,decode,bfloat16,1024,32,1,1.6825706164042156,0.11004799604415894,1380352,37748736,0.006444955710321665
0,16,8,2,prefill,bfloat16,1024,1,128,2.814730644226074,,26870784,1179648,0.004452441353350878
0,16,8,2,prefill,bfloat16,1024,1,1024,1.809557278951009,,39846912,1179648,0.004452441353350878
0,16,8,2,decode,bfloat16,8192,1,1,2.255349318186442,0.09523040056228638,43520,9437184,0.006444955710321665
0,16,8,2,decode,bfloat16,8192,8,1,2.304213364919027,0.12005280256271363,345088,75497472,0.006444955710321665
0,16,8,2,decode,bfloat16,8192,32,1,1.118677298227946,0.1618064045906067,1380352,301989888,0.006444955710321665
0,16,8,2,prefill,bfloat16,8192,1,128,2.8853759765625,,166855680,9437184,0.004452441353350878
0,16,8,2,prefill,bfloat16,8192,1,1024,2.873877207438151,,190448640,9437184,0.004452441353350878
0,16,8,2,prefill,bfloat16,8192,1,8192,1.8505919774373372,,304612352,9437184,0.004452441353350878
0,16,8,2,decode,bfloat16,32768,1,1,2.2184747060139975,0.11601920127868652,43520,37748736,0.006444955710321665
0,16,8,2,decode,bfloat16,32768,8,1,1.5830613772074382,0.1562543988227844,345088,301989888,0.006444955710321665
0,16,8,2,decode,bfloat16,32768,32,1,1.4811733563741047,0.31609439849853516,1380352,1207959552,0.006444955710321665
0,16,8,2,prefill,bfloat16,32768,1,128,3.113898595174154,,648299520,37748736,0.004452441353350878
0,16,8,2,prefill,bfloat16,32768,1,1024,2.9773972829182944,,672007168,37748736,0.004452441353350878
0,16,8,2,prefill,bfloat16,32768,1,8192,3.8625173568725586,,849871872,37748736,0.004452441353350878
0,16,8,2,decode,bfloat16,131072,1,1,2.376298745473226,0.13775839805603027,43520,150994944,0.006444955710321665
0,16,8,2,decode,bfloat16,131072,8,1,2.1795520782470703,0.31901280879974364,345088,1207959552,0.006444955710321665
0,16,8,2,decode,bfloat16,131072,32,1,1.6108373006184895,0.925931167602539,1380352,4831838208,0.006444955710321665
0,16,8,2,prefill,bfloat16,131072,1,128,5.958293279012044,,2576102912,150994944,0.004452441353350878
0,16,8,2,prefill,bfloat16,131072,1,1024,6.455050786336263,,2597192704,150994944,0.004452441353350878
0,16,8,2,prefill,bfloat16,131072,1,8192,10.759061177571615,,2775057408,150994944,0.004452441353350878
0,16,8,2,decode,bfloat16,524288,1,1,2.1821440060933432,0.22658560276031495,43520,603979776,0.006444955710321665
0,16,8,2,decode,bfloat16,524288,8,1,2.212117354075114,0.8871007919311523,345088,4831838208,0.006444955710321665
0,16,8,2,decode,bfloat16,524288,32,1,3.7481066385904946,3.3789520263671875,1380352,19327352832,0.006444955710321665
0,16,8,2,prefill,bfloat16,524288,1,128,21.39160410563151,,10292573696,603979776,0.004452441353350878
0,16,8,2,prefill,bfloat16,524288,1,1024,23.520426432291668,,10297934848,603979776,0.004452441353350878
0,16,8,2,prefill,bfloat16,524288,1,8192,41.09904988606771,,10475799552,603979776,0.004452441353350878
0,16,8,2,decode,bfloat16,1048576,1,1,1.6979306538899739,0.34318718910217283,43520,1207959552,0.006444955710321665
0,16,8,2,decode,bfloat16,1048576,8,1,2.378752072652181,1.6670095443725585,345088,9663676416,0.006444955710321665
0,16,8,2,decode,bfloat16,1048576,32,1,6.948010762532552,6.576131439208984,1380352,38654705664,0.006444955710321665
0,16,8,2,prefill,bfloat16,1048576,1,128,37.10061899820963,,20581201408,1207959552,0.004452441353350878
0,16,8,2,prefill,bfloat16,1048576,1,1024,41.52965291341146,,20586531328,1207959552,0.004452441353350878
0,16,8,2,prefill,bfloat16,1048576,1,8192,78.06534322102864,,20743455744,1207959552,0.004452441353350878
1,16,16,1,decode,fp8_e4m3,1024,1,1,1.880842685699463,0.11368160247802735,31744,589824,0.03509664535522461
1,16,16,1,decode,fp8_e4m3,1024,8,1,1.9310933748881023,0.10482879877090454,246784,4718592,0.03509664535522461
1,16,16,1,decode,fp8_e4m3,1024,32,1,1.6055787404378254,0.11550559997558593,987136,18874368,0.03509664535522461
1,16,16,1,prefill,fp8_e4m3,1024,1,128,3.1012585957845054,,11076096,589824,0.0076119983568787575
1,16,16,1,prefill,fp8_e4m3,1024,1,1024,1.4094826380411785,,29361152,589824,0.0076119983568787575
1,16,16,1,decode,fp8_e4m3,8192,1,1,1.7140906651814778,0.115065598487854,31744,4718592,0.03509664535522461
1,16,16,1,decode,fp8_e4m3,8192,8,1,1.6496747334798176,0.11863520145416259,246784,37748736,0.03509664535522461
1,16,16,1,decode,fp8_e4m3,8192,32,1,1.7259093920389812,0.15909919738769532,987136,150994944,0.03509664535522461
1,16,16,1,prefill,fp8_e4m3,8192,1,128,3.045695940653483,,65438208,4718592,0.0076119983568787575
1,16,16,1,prefill,fp8_e4m3,8192,1,1024,2.6382506688435874,,80209408,4718592,0.0076119983568787575
1,16,16,1,prefill,fp8_e4m3,8192,1,8192,1.8261653582255046,,215745536,4718592,0.0076119983568787575
1,16,16,1,decode,fp8_e4m3,32768,1,1,1.9915413856506348,0.12865760326385497,31744,18874368,0.03509664535522461
1,16,16,1,decode,fp8_e4m3,32768,8,1,1.9988586107889812,0.15726239681243898,246784,150994944,0.03509664535522461
1,16,16,1,decode,fp8_e4m3,32768,32,1,1.6596585909525554,0.22621440887451172,987136,603979776,0.03509664535522461
1,16,16,1,prefill,fp8_e4m3,32768,1,128,2.9674453735351562,,254820864,18874368,0.0076119983568787575
1,16,16,1,prefill,fp8_e4m3,32768,1,1024,2.956202824910482,,268297728,18874368,0.0076119983568787575
1,16,16,1,prefill,fp8_e4m3,32768,1,8192,3.0726826985677085,,363529728,18874368,0.0076119983568787575
1,16,16,1,decode,fp8_e4m3,131072,1,1,2.0584853490193686,0.15065280199050904,31744,75497472,0.03509664535522461
1,16,16,1,decode,fp8_e4m3,131072,8,1,1.6212587356567383,0.22181758880615235,246784,603979776,0.03509664535522461
1,16,16,1,decode,fp8_e4m3,131072,32,1,1.7604799270629883,0.4892576217651367,987136,2415919104,0.03509664535522461
1,16,16,1,prefill,fp8_e4m3,131072,1,128,3.7634452184041343,,1010139648,75497472,0.0076119983568787575
1,16,16,1,prefill,fp8_e4m3,131072,1,1024,4.48036257425944,,1021568512,75497472,0.0076119983568787575
1,16,16,1,prefill,fp8_e4m3,131072,1,8192,6.662634531656901,,1119553024,75497472,0.0076119983568787575
1,16,16,1,decode,fp8_e4m3,524288,1,1,2.038581371307373,0.19057919979095458,31744,301989888,0.03509664535522461
1,16,16,1,decode,fp8_e4m3,524288,8,1,2.006645361582438,0.4668560028076172,246784,2415919104,0.03509664535522461
1,16,16,1,decode,fp8_e4m3,524288,32,1,2.011594613393148,1.5385456085205078,987136,9663676416,0.03509664535522461
1,16,16,1,prefill,fp8_e4m3,524288,1,128,12.286112467447916,,1764125184,301989888,0.0076119983568787575
1,16,16,1,prefill,fp8_e4m3,524288,1,1024,14.113194783528646,,1776756224,301989888,0.0076119983568787575
1,16,16,1,prefill,fp8_e4m3,524288,1,8192,21.54711405436198,,1864697344,301989888,0.0076119983568787575
1,16,16,1,decode,fp8_e4m3,1048576,1,1,1.649845282236735,0.2455904006958008,31744,603979776,0.03509664535522461
1,16,16,1,decode,fp8_e4m3,1048576,8,1,1.8964799245198567,0.8035375595092773,246784,4831838208,0.03509664535522461
1,16,16,1,decode,fp8_e4m3,1048576,32,1,3.278773307800293,2.9739168167114256,987136,19327352832,0.03509664535522461
1,16,16,1,prefill,fp8_e4m3,1048576,1,128,24.330612182617188,,2368104960,603979776,0.0076119983568787575
1,16,16,1,prefill,fp8_e4m3,1048576,1,1024,27.708043416341145,,2381260288,603979776,0.0076119983568787575
1,16,16,1,prefill,fp8_e4m3,1048576,1,8192,42.181226094563804,,2468677120,603979776,0.0076119983568787575
1,16,16,1,decode,bfloat16,1024,1,1,1.9026986757914226,0.10722559690475464,31744,1179648,0.006898726802319288
1,16,16,1,decode,bfloat16,1024,8,1,1.9190719922383626,0.10188479423522949,246784,9437184,0.006898726802319288
1,16,16,1,decode,bfloat16,1024,32,1,1.641493320465088,0.13420640230178832,987136,37748736,0.006898726802319288
1,16,16,1,prefill,bfloat16,1024,1,128,2.865525245666504,,15270912,1179648,0.0005409707664512098
1,16,16,1,prefill,bfloat16,1024,1,1024,1.690666675567627,,28967936,1179648,0.0005409707664512098
1,16,16,1,decode,bfloat16,8192,1,1,1.5669652620951335,0.1125599980354309,31744,9437184,0.006898726802319288
1,16,16,1,decode,bfloat16,8192,8,1,1.5025919278462727,0.14243520498275758,246784,75497472,0.006898726802319288
1,16,16,1,decode,bfloat16,8192,32,1,1.6960105895996094,0.18734079599380493,987136,301989888,0.006898726802319288
1,16,16,1,prefill,bfloat16,8192,1,128,2.874197324117025,,88245248,9437184,0.0005409707664512098
1,16,16,1,prefill,bfloat16,8192,1,1024,2.7748800913492837,,108135424,9437184,0.0005409707664512098
1,16,16,1,prefill,bfloat16,8192,1,8192,1.4566292762756348,,215745536,9437184,0.0005409707664512098
1,16,16,1,decode,bfloat16,32768,1,1,1.589962641398112,0.13655840158462523,31744,37748736,0.006898726802319288
1,16,16,1,decode,bfloat16,32768,8,1,1.5357866287231445,0.1795248031616211,246784,301989888,0.006898726802319288
1,16,16,1,decode,bfloat16,32768,32,1,1.6839787165323894,0.3392816066741943,987136,1207959552,0.006898726802319288
1,16,16,1,prefill,bfloat16,32768,1,128,2.3581013679504395,,343737344,37748736,0.0005409707664512098
1,16,16,1,prefill,bfloat16,32768,1,1024,2.9483200709025064,,362677248,37748736,0.0005409707664512098
1,16,16,1,prefill,bfloat16,32768,1,8192,3.180874824523926,,502006784,37748736,0.0005409707664512098
1,16,16,1,decode,bfloat16,131072,1,1,1.9700160026550293,0.16148320436477662,31744,150994944,0.006898726802319288
1,16,16,1,decode,bfloat16,131072,8,1,1.4855786959330242,0.3394399881362915,246784,1207959552,0.006898726802319288
1,16,16,1,decode,bfloat16,131072,32,1,1.4917759895324707,0.9486240386962891,987136,4831838208,0.006898726802319288
1,16,16,1,prefill,bfloat16,131072,1,128,4.15556271870931,,1366111744,150994944,0.0005409707664512098
1,16,16,1,prefill,bfloat16,131072,1,1024,4.756245295206706,,1381893120,150994944,0.0005409707664512098
1,16,16,1,prefill,bfloat16,131072,1,8192,7.018133163452148,,1522271232,150994944,0.0005409707664512098
1,16,16,1,decode,bfloat16,524288,1,1,1.9141546885172527,0.250216007232666,31744,603979776,0.006898726802319288
1,16,16,1,decode,bfloat16,524288,8,1,2.0086933771769204,0.9114864349365235,246784,4831838208,0.006898726802319288
1,16,16,1,decode,bfloat16,524288,32,1,3.6840747197469077,3.3962047576904295,987136,19327352832,0.006898726802319288
1,16,16,1,prefill,bfloat16,524288,1,128,14.094175974527994,,5458703872,603979776,0.0005409707664512098
1,16,16,1,prefill,bfloat16,524288,1,1024,16.337130228678387,,5462411776,603979776,0.0005409707664512098
1,16,16,1,prefill,bfloat16,524288,1,8192,24.381802876790363,,5599134720,603979776,0.0005409707664512098
1,16,16,1,decode,bfloat16,1048576,1,1,1.979904015858968,0.36422879695892335,31744,1207959552,0.006898726802319288
1,16,16,1,decode,bfloat16,1048576,8,1,2.0391359329223633,1.6903215408325196,246784,9663676416,0.006898726802319288
1,16,16,1,decode,bfloat16,1048576,32,1,6.87885856628418,6.570340728759765,987136,38654705664,0.006898726802319288
1,16,16,1,prefill,bfloat16,1048576,1,128,27.45532735188802,,10915493376,1207959552,0.0005409707664512098
1,16,16,1,prefill,bfloat16,1048576,1,1024,31.82824452718099,,10918652416,1207959552,0.0005409707664512098
1,16,16,1,prefill,bfloat16,1048576,1,8192,48.68233744303385,,11034952704,1207959552,0.0005409707664512098
1,16,8,2,decode,fp8_e4m3,1024,1,1,2.5139412879943848,0.09062399864196777,44032,589824,0.03501495346426964
1,16,8,2,decode,fp8_e4m3,1024,8,1,2.4290773073832193,0.09653440117835999,347136,4718592,0.03501495346426964
1,16,8,2,decode,fp8_e4m3,1024,32,1,1.8401066462198894,0.10868480205535888,1388544,18874368,0.03501495346426964
1,16,8,2,prefill,fp8_e4m3,1024,1,128,3.2133865356445312,,18824704,589824,0.008806233294308186
1,16,8,2,prefill,fp8_e4m3,1024,1,1024,1.2489919662475586,,39846912,589824,0.008806233294308186
1,16,8,2,decode,fp8_e4m3,8192,1,1,2.448277314503988,0.09734560251235962,44032,4718592,0.03501495346426964
1,16,8,2,decode,fp8_e4m3,8192,8,1,1.663040002187093,0.11446559429168701,347136,37748736,0.03501495346426964
1,16,8,2,decode,fp8_e4m3,8192,32,1,1.1856746673583984,0.134552001953125,1388544,150994944,0.03501495346426964
1,16,8,2,prefill,fp8_e4m3,8192,1,128,2.3643840154012046,,113786368,4718592,0.008806233294308186
1,16,8,2,prefill,fp8_e4m3,8192,1,1024,2.718400001525879,,140494336,4718592,0.008806233294308186
1,16,8,2,prefill,fp8_e4m3,8192,1,8192,1.5098880132039387,,304612352,4718592,0.008806233294308186
1,16,8,2,decode,fp8_e4m3,32768,1,1,1.5734186172485352,0.11369919776916504,44032,18874368,0.03501495346426964
1,16,8,2,decode,fp8_e4m3,32768,8,1,1.570591926574707,0.13299520015716554,347136,150994944,0.03501495346426964
1,16,8,2,decode,fp8_e4m3,32768,32,1,1.2015466690063477,0.2022847890853882,1388544,603979776,0.03501495346426964
1,16,8,2,prefill,fp8_e4m3,32768,1,128,2.5763840675354004,,434945536,18874368,0.008806233294308186
1,16,8,2,prefill,fp8_e4m3,32768,1,1024,3.030218760172526,,462407168,18874368,0.008806233294308186
1,16,8,2,prefill,fp8_e4m3,32768,1,8192,3.629119873046875,,662046208,18874368,0.008806233294308186
1,16,8,2,decode,fp8_e4m3,131072,1,1,1.6060585975646973,0.12965600490570067,44032,75497472,0.03501495346426964
1,16,8,2,decode,fp8_e4m3,131072,8,1,1.5844693183898926,0.1977887988090515,347136,603979776,0.03501495346426964
1,16,8,2,decode,fp8_e4m3,131072,32,1,1.2187200387318928,0.46210079193115233,1388544,2415919104,0.03501495346426964
1,16,8,2,prefill,fp8_e4m3,131072,1,128,4.676479975382487,,1718402560,75497472,0.008806233294308186
1,16,8,2,prefill,fp8_e4m3,131072,1,1024,4.844362576802571,,1744815616,75497472,0.008806233294308186
1,16,8,2,prefill,fp8_e4m3,131072,1,8192,8.870922724405924,,1945503232,75497472,0.008806233294308186
1,16,8,2,decode,fp8_e4m3,524288,1,1,1.5807894070943196,0.16697280406951903,44032,301989888,0.03501495346426964
1,16,8,2,decode,fp8_e4m3,524288,8,1,2.30241060256958,0.4481215953826904,347136,2415919104,0.03501495346426964
1,16,8,2,decode,fp8_e4m3,524288,32,1,2.031167984008789,1.5204832077026367,1388544,9663676416,0.03501495346426964
1,16,8,2,prefill,fp8_e4m3,524288,1,128,15.457344055175781,,2773388800,301989888,0.008806233294308186
1,16,8,2,prefill,fp8_e4m3,524288,1,1024,17.278911590576172,,2795128320,301989888,0.008806233294308186
1,16,8,2,prefill,fp8_e4m3,524288,1,8192,32.27372741699219,,2973369856,301989888,0.008806233294308186
1,16,8,2,decode,fp8_e4m3,1048576,1,1,1.5422719319661458,0.2220304012298584,44032,603979776,0.03501495346426964
1,16,8,2,decode,fp8_e4m3,1048576,8,1,2.3014186223347983,0.7793488025665283,347136,4831838208,0.03501495346426964
1,16,8,2,decode,fp8_e4m3,1048576,32,1,3.313034693400065,2.9904415130615236,1388544,19327352832,0.03501495346426964
1,16,8,2,prefill,fp8_e4m3,1048576,1,128,29.54583485921224,,3377368576,603979776,0.008806233294308186
1,16,8,2,prefill,fp8_e4m3,1048576,1,1024,33.41578674316406,,3399501312,603979776,0.008806233294308186
1,16,8,2,prefill,fp8_e4m3,1048576,1,8192,63.16742451985677,,3577349632,603979776,0.008806233294308186
1,16,8,2,decode,bfloat16,1024,1,1,2.1734719276428223,0.08875839710235596,43520,1179648,0.006444955710321665
1,16,8,2,decode,bfloat16,1024,8,1,2.185365358988444,0.0950543999671936,345088,9437184,0.006444955710321665
1,16,8,2,decode,bfloat16,1024,32,1,1.6823360125223796,0.11005120277404785,1380352,37748736,0.006444955710321665
1,16,8,2,prefill,bfloat16,1024,1,128,2.8147945404052734,,26870784,1179648,0.004452441353350878
1,16,8,2,prefill,bfloat16,1024,1,1024,1.8087573051452637,,39846912,1179648,0.004452441353350878
1,16,8,2,decode,bfloat16,8192,1,1,2.254432042439779,0.09544640183448791,43520,9437184,0.006444955710321665
1,16,8,2,decode,bfloat16,8192,8,1,2.3050880432128906,0.12013440132141114,345088,75497472,0.006444955710321665
1,16,8,2,decode,bfloat16,8192,32,1,1.118890682856242,0.16171679496765137,1380352,301989888,0.006444955710321665
1,16,8,2,prefill,bfloat16,8192,1,128,2.8845227559407554,,166855680,9437184,0.004452441353350878
1,16,8,2,prefill,bfloat16,8192,1,1024,2.872799873352051,,190448640,9437184,0.004452441353350878
1,16,8,2,prefill,bfloat16,8192,1,8192,1.8506773312886555,,304612352,9437184,0.004452441353350878
1,16,8,2,decode,bfloat16,32768,1,1,2.220085302988688,0.11600639820098876,43520,37748736,0.006444955710321665
1,16,8,2,decode,bfloat16,32768,8,1,1.5823465983072917,0.15626399517059325,345088,301989888,0.006444955710321665
1,16,8,2,decode,bfloat16,32768,32,1,1.481610616048177,0.3159264087677002,1380352,1207959552,0.006444955710321665
1,16,8,2,prefill,bfloat16,32768,1,128,3.1141014099121094,,648299520,37748736,0.004452441353350878
1,16,8,2,prefill,bfloat16,32768,1,1024,2.9764480590820312,,672007168,37748736,0.004452441353350878
1,16,8,2,prefill,bfloat16,32768,1,8192,3.862079938252767,,849871872,37748736,0.004452441353350878
1,16,8,2,decode,bfloat16,131072,1,1,2.37660805384318,0.1377616047859192,43520,150994944,0.006444955710321665
1,16,8,2,decode,bfloat16,131072,8,1,2.178933302561442,0.31892640590667726,345088,1207959552,0.006444955710321665
1,16,8,2,decode,bfloat16,131072,32,1,1.6113386154174805,0.9256608009338378,1380352,4831838208,0.006444955710321665
1,16,8,2,prefill,bfloat16,131072,1,128,5.9594987233479815,,2576102912,150994944,0.004452441353350878
1,16,8,2,prefill,bfloat16,131072,1,1024,6.455285390218099,,2597192704,150994944,0.004452441353350878
1,16,8,2,prefill,bfloat16,131072,1,8192,10.759211222330729,,2775057408,150994944,0.004452441353350878
1,16,8,2,decode,bfloat16,524288,1,1,2.1806186040242515,0.22666239738464355,43520,603979776,0.006444955710321665
1,16,8,2,decode,bfloat16,524288,8,1,2.2116907437642417,0.8871664047241211,345088,4831838208,0.006444955710321665
1,16,8,2,decode,bfloat16,524288,32,1,3.744277318318685,3.3788623809814453,1380352,19327352832,0.006444955710321665
1,16,8,2,prefill,bfloat16,524288,1,128,21.39209493001302,,10292573696,603979776,0.004452441353350878
1,16,8,2,prefill,bfloat16,524288,1,1024,23.518709818522137,,10297934848,603979776,0.004452441353350878
1,16,8,2,prefill,bfloat16,524288,1,8192,41.09976450602213,,10475799552,603979776,0.004452441353350878
1,16,8,2,decode,bfloat16,1048576,1,1,1.699402650197347,0.34307839870452883,43520,1207959552,0.006444955710321665
1,16,8,2,decode,bfloat16,1048576,8,1,2.377888043721517,1.6672815322875976,345088,9663676416,0.006444955710321665
1,16,8,2,decode,bfloat16,1048576,32,1,6.949066797892253,6.576445007324219,1380352,38654705664,0.006444955710321665
1,16,8,2,prefill,bfloat16,1048576,1,128,37.10003153483073,,20581201408,1207959552,0.004452441353350878
1,16,8,2,prefill,bfloat16,1048576,1,1024,41.53146616617838,,20586531328,1207959552,0.004452441353350878
1,16,8,2,prefill,bfloat16,1048576,1,8192,78.06388346354167,,20743455744,1207959552,0.004452441353350878
10,16,16,1,decode,fp8_e4m3,1024,1,1,1.881290594736735,0.11348479986190796,31744,589824,0.03509664535522461
10,16,16,1,decode,fp8_e4m3,1024,8,1,1.9295679728190105,0.10467040538787842,246784,4718592,0.03509664535522461
10,16,16,1,decode,fp8_e4m3,1024,32,1,1.6092267036437988,0.115392005443573,987136,18874368,0.03509664535522461
10,16,16,1,prefill,fp8_e4m3,1024,1,128,3.0991039276123047,,11076096,589824,0.0076119983568787575
10,16,16,1,prefill,fp8_e4m3,1024,1,1024,1.4084906578063965,,29361152,589824,0.0076119983568787575
10,16,16,1,decode,fp8_e4m3,8192,1,1,1.7115732828776042,0.11468960046768188,31744,4718592,0.03509664535522461
10,16,16,1,decode,fp8_e4m3,8192,8,1,1.648586591084798,0.11843199729919433,246784,37748736,0.03509664535522461
10,16,16,1,decode,fp8_e4m3,8192,32,1,1.7242347399393718,0.15879520177841186,987136,150994944,0.03509664535522461
10,16,16,1,prefill,fp8_e4m3,8192,1,128,3.044053395589193,,65438208,4718592,0.0076119983568787575
10,16,16,1,prefill,fp8_e4m3,8192,1,1024,2.6364906628926597,,80209408,4718592,0.0076119983568787575
10,16,16,1,prefill,fp8_e4m3,8192,1,8192,1.8249707221984863,,215745536,4718592,0.0076119983568787575
10,16,16,1,decode,fp8_e4m3,32768,1,1,1.9910613695780437,0.1283951997756958,31744,18874368,0.03509664535522461
10,16,16,1,decode,fp8_e4m3,32768,8,1,1.998026688893636,0.15713119506835938,246784,150994944,0.03509664535522461
10,16,16,1,decode,fp8_e4m3,32768,32,1,1.6585706075032551,0.22606079578399657,987136,603979776,0.03509664535522461
10,16,16,1,prefill,fp8_e4m3,32768,1,128,2.965514818827311,,254820864,18874368,0.0076119983568787575
10,16,16,1,prefill,fp8_e4m3,32768,1,1024,2.9555946985880532,,268297728,18874368,0.0076119983568787575
10,16,16,1,prefill,fp8_e4m3,32768,1,8192,3.071743965148926,,363529728,18874368,0.0076119983568787575
10,16,16,1,decode,fp8_e4m3,131072,1,1,2.056543986002604,0.15047680139541625,31744,75497472,0.03509664535522461
10,16,16,1,decode,fp8_e4m3,131072,8,1,1.6210133234659831,0.22168319225311278,246784,603979776,0.03509664535522461
10,16,16,1,decode,fp8_e4m3,131072,32,1,1.758911927541097,0.4893375873565674,987136,2415919104,0.03509664535522461
10,16,16,1,prefill,fp8_e4m3,131072,1,128,3.762847900390625,,1010139648,75497472,0.0076119983568787575
10,16,16,1,prefill,fp8_e4m3,131072,1,1024,4.4796905517578125,,1021568512,75497472,0.0076119983568787575
10,16,16,1,prefill,fp8_e4m3,131072,1,8192,6.661354700724284,,1119553024,75497472,0.0076119983568787575
10,16,16,1,decode,fp8_e4m3,524288,1,1,2.0388053258260093,0.19031200408935547,31744,301989888,0.03509664535522461
10,16,16,1,decode,fp8_e4m3,524288,8,1,2.0048534075419107,0.46673760414123533,246784,2415919104,0.03509664535522461
10,16,16,1,decode,fp8_e4m3,524288,32,1,2.011199951171875,1.5382783889770508,987136,9663676416,0.03509664535522461
10,16,16,1,prefill,fp8_e4m3,524288,1,128,12.287434895833334,,1764125184,301989888,0.0076119983568787575
10,16,16,1,prefill,fp8_e4m3,524288,1,1024,14.111765543619791,,1776756224,301989888,0.0076119983568787575
10,16,16,1,prefill,fp8_e4m3,524288,1,8192,21.545323689778645,,1864697344,301989888,0.0076119983568787575
10,16,16,1,decode,fp8_e4m3,1048576,1,1,1.6489493052164714,0.24538559913635255,31744,603979776,0.03509664535522461
10,16,16,1,decode,fp8_e4m3,1048576,8,1,1.8966399828592937,0.8035663604736328,246784,4831838208,0.03509664535522461
10,16,16,1,decode,fp8_e4m3,1048576,32,1,3.278282801310221,2.973756790161133,987136,19327352832,0.03509664535522461
10,16,16,1,prefill,fp8_e4m3,1048576,1,128,24.330464680989582,,2368104960,603979776,0.0076119983568787575
10,16,16,1,prefill,fp8_e4m3,1048576,1,1024,27.705886840820312,,2381260288,603979776,0.0076119983568787575
10,16,16,1,prefill,fp8_e4m3,1048576,1,8192,42.17996724446615,,2468677120,603979776,0.0076119983568787575
10,16,16,1,decode,bfloat16,1024,1,1,1.9032959938049316,0.10702879428863525,31744,1179648,0.006898726802319288
10,16,16,1,decode,bfloat16,1024,8,1,1.9182507197062175,0.10171999931335449,246784,9437184,0.006898726802319288
10,16,16,1,decode,bfloat16,1024,32,1,1.641493320465088,0.13386720418930054,987136,37748736,0.006898726802319288
10,16,16,1,prefill,bfloat16,1024,1,128,2.8655786514282227,,15270912,1179648,0.0005409707664512098
10,16,16,1,prefill,bfloat16,1024,1,1024,1.6902186075846355,,28967936,1179648,0.0005409707664512098
10,16,16,1,decode,bfloat16,8192,1,1,1.5657280286153157,0.11240160465240479,31744,9437184,0.006898726802319288
10,16,16,1,decode,bfloat16,8192,8,1,1.5011626879374187,0.1420256018638611,246784,75497472,0.006898726802319288
10,16,16,1,decode,bfloat16,8192,32,1,1.6939093271891277,0.1873695969581604,987136,301989888,0.006898726802319288
10,16,16,1,prefill,bfloat16,8192,1,128,2.872074762980143,,88245248,9437184,0.0005409707664512098
10,16,16,1,prefill,bfloat16,8192,1,1024,2.775797208150228,,108135424,9437184,0.0005409707664512098
10,16,16,1,prefill,bfloat16,8192,1,8192,1.4564693768819172,,215745536,9437184,0.0005409707664512098
10,16,16,1,decode,bfloat16,32768,1,1,1.5903466542561848,0.1364896059036255,31744,37748736,0.006898726802319288
10,16,16,1,decode,bfloat16,32768,8,1,1.5355733235677083,0.1794800043106079,246784,301989888,0.006898726802319288
10,16,16,1,decode,bfloat16,32768,32,1,1.6835947036743164,0.3390144109725952,987136,1207959552,0.006898726802319288
10,16,16,1,prefill,bfloat16,32768,1,128,2.357130686442057,,343737344,37748736,0.0005409707664512098
10,16,16,1,prefill,bfloat16,32768,1,1024,2.947946548461914,,362677248,37748736,0.0005409707664512098
10,16,16,1,prefill,bfloat16,32768,1,8192,3.179807980855306,,502006784,37748736,0.0005409707664512098
10,16,16,1,decode,bfloat16,131072,1,1,1.9674453735351562,0.16100480556488037,31744,150994944,0.006898726802319288
10,16,16,1,decode,bfloat16,131072,8,1,1.4843947092692058,0.3394704103469849,246784,1207959552,0.006898726802319288
10,16,16,1,decode,bfloat16,131072,32,1,1.4910933176676433,0.9484831809997558,987136,4831838208,0.006898726802319288
10,16,16,1,prefill,bfloat16,131072,1,128,4.153941472371419,,1366111744,150994944,0.0005409707664512098
10,16,16,1,prefill,bfloat16,131072,1,1024,4.756256103515625,,1381893120,150994944,0.0005409707664512098
10,16,16,1,prefill,bfloat16,131072,1,8192,7.017546971638997,,1522271232,150994944,0.0005409707664512098
10,16,16,1,decode,bfloat16,524288,1,1,1.9145600001017253,0.2499488115310669,31744,603979776,0.006898726802319288
10,16,16,1,decode,bfloat16,524288,8,1,2.0077974001566568,0.9111968040466308,246784,4831838208,0.006898726802319288
10,16,16,1,decode,bfloat16,524288,32,1,3.6839892069498696,3.395832061767578,987136,19327352832,0.006898726802319288
10,16,16,1,prefill,bfloat16,524288,1,128,14.093023935953775,,5458703872,603979776,0.0005409707664512098
10,16,16,1,prefill,bfloat16,524288,1,1024,16.334805806477863,,5462411776,603979776,0.0005409707664512098
10,16,16,1,prefill,bfloat16,524288,1,8192,24.380757649739582,,5599134720,603979776,0.0005409707664512098
10,16,16,1,decode,bfloat16,1048576,1,1,1.9788373311360676,0.36406080722808837,31744,1207959552,0.006898726802319288
10,16,16,1,decode,bfloat16,1048576,8,1,2.0398826599121094,1.6901536941528321,246784,9663676416,0.006898726802319288
10,16,16,1,decode,bfloat16,1048576,32,1,6.877973556518555,6.5703857421875,987136,38654705664,0.006898726802319288
10,16,16,1,prefill,bfloat16,1048576,1,128,27.456736246744793,,10915493376,1207959552,0.0005409707664512098
10,16,16,1,prefill,bfloat16,1048576,1,1024,31.826548258463543,,10918652416,1207959552,0.0005409707664512098
10,16,16,1,prefill,bfloat16,1048576,1,8192,48.68042500813802,,11034952704,1207959552,0.0005409707664512098
10,16,8,2,decode,fp8_e4m3,1024,1,1,1.8956799507141113,0.09204959869384766,44032,589824,0.03501495346426964
10,16,8,2,decode,fp8_e4m3,1024,8,1,1.6358933448791504,0.09695519804954529,347136,4718592,0.03501495346426964
10,16,8,2,decode,fp8_e4m3,1024,32,1,1.3902400334676106,0.1089087963104248,1388544,18874368,0.03501495346426964
10,16,8,2,prefill,fp8_e4m3,1024,1,128,2.667754809061686,,18824704,589824,0.008806233294308186
10,16,8,2,prefill,fp8_e4m3,1024,1,1024,1.6628905932108562,,39846912,589824,0.008806233294308186
10,16,8,2,decode,fp8_e4m3,8192,1,1,1.853333314259847,0.09723039865493774,44032,4718592,0.03501495346426964
10,16,8,2,decode,fp8_e4m3,8192,8,1,1.8042133649190266,0.11390080451965331,347136,37748736,0.03501495346426964
10,16,8,2,decode,fp8_e4m3,8192,32,1,1.4670400619506836,0.1346768021583557,1388544,150994944,0.03501495346426964
10,16,8,2,prefill,fp8_e4m3,8192,1,128,2.7156588236490884,,113786368,4718592,0.008806233294308186
10,16,8,2,prefill,fp8_e4m3,8192,1,1024,2.415722688039144,,140494336,4718592,0.008806233294308186
10,16,8,2,prefill,fp8_e4m3,8192,1,8192,1.4965227444966633,,304612352,4718592,0.008806233294308186
10,16,8,2,decode,fp8_e4m3,32768,1,1,1.8151040077209473,0.11525119543075561,44032,18874368,0.03501495346426964
10,16,8,2,decode,fp8_e4m3,32768,8,1,1.9271574020385742,0.13300960063934325,347136,150994944,0.03501495346426964
10,16,8,2,decode,fp8_e4m3,32768,32,1,1.3842879931132,0.20290238857269288,1388544,603979776,0.03501495346426964
10,16,8,2,prefill,fp8_e4m3,32768,1,128,2.992992083231608,,434945536,18874368,0.008806233294308186
10,16,8,2,prefill,fp8_e4m3,32768,1,1024,2.89138126373291,,462407168,18874368,0.008806233294308186
10,16,8,2,prefill,fp8_e4m3,32768,1,8192,3.709109306335449,,662046208,18874368,0.008806233294308186
10,16,8,2,decode,fp8_e4m3,131072,1,1,1.412992000579834,0.1292415976524353,44032,75497472,0.03501495346426964
10,16,8,2,decode,fp8_e4m3,131072,8,1,1.8531732559204102,0.19854559898376464,347136,603979776,0.03501495346426964
10,16,8,2,decode,fp8_e4m3,131072,32,1,1.0973440011342366,0.4631807804107666,1388544,2415919104,0.03501495346426964
10,16,8,2,prefill,fp8_e4m3,131072,1,128,4.208896001180013,,1718402560,75497472,0.008806233294308186
10,16,8,2,prefill,fp8_e4m3,131072,1,1024,4.785781224568685,,1744815616,75497472,0.008806233294308186
10,16,8,2,prefill,fp8_e4m3,131072,1,8192,8.9552853902181,,1945503232,75497472,0.008806233294308186
10,16,8,2,decode,fp8_e4m3,524288,1,1,1.4136640230814617,0.16847039461135865,44032,301989888,0.03501495346426964
10,16,8,2,decode,fp8_e4m3,524288,8,1,1.864799976348877,0.44706239700317385,347136,2415919104,0.03501495346426964
10,16,8,2,decode,fp8_e4m3,524288,32,1,1.8362773259480794,1.5283856391906738,1388544,9663676416,0.03501495346426964
10,16,8,2,prefill,fp8_e4m3,524288,1,128,15.042580922444662,,2773388800,301989888,0.008806233294308186
10,16,8,2,prefill,fp8_e4m3,524288,1,1024,17.094708760579426,,2795128320,301989888,0.008806233294308186
10,16,8,2,prefill,fp8_e4m3,524288,1,8192,32.40141805013021,,2973369856,301989888,0.008806233294308186
10,16,8,2,decode,fp8_e4m3,1048576,1,1,1.915221373240153,0.22196800708770753,44032,603979776,0.03501495346426964
10,16,8,2,decode,fp8_e4m3,1048576,8,1,1.9216853777567546,0.7788959980010987,347136,4831838208,0.03501495346426964
10,16,8,2,decode,fp8_e4m3,1048576,32,1,3.244778633117676,2.9889152526855467,1388544,19327352832,0.03501495346426964
10,16,8,2,prefill,fp8_e4m3,1048576,1,128,29.25153096516927,,3377368576,603979776,0.008806233294308186
10,16,8,2,prefill,fp8_e4m3,1048576,1,1024,32.692309061686196,,3399501312,603979776,0.008806233294308186
10,16,8,2,prefill,fp8_e4m3,1048576,1,8192,63.89958190917969,,3577349632,603979776,0.008806233294308186
10,16,8,2,decode,bfloat16,1024,1,1,1.731317361195882,0.08963519930839539,43520,1179648,0.006444955710321665
10,16,8,2,decode,bfloat16,1024,8,1,1.8043306668599446,0.09548799991607666,345088,9437184,0.006444955710321665
10,16,8,2,decode,bfloat16,1024,32,1,1.4774400393168132,0.1103600025177002,1380352,37748736,0.006444955710321665
10,16,8,2,prefill,bfloat16,1024,1,128,2.547797362009684,,26870784,1179648,0.004452441353350878
10,16,8,2,prefill,bfloat16,1024,1,1024,1.5869332949320476,,39846912,1179648,0.004452441353350878
10,16,8,2,decode,bfloat16,8192,1,1,1.8819732666015625,0.09607999920845031,43520,9437184,0.006444955710321665
10,16,8,2,decode,bfloat16,8192,8,1,2.001258691151937,0.12026400566101074,345088,75497472,0.006444955710321665
10,16,8,2,decode,bfloat16,8192,32,1,1.5268266995747883,0.16191999912261962,1380352,301989888,0.006444955710321665
10,16,8,2,prefill,bfloat16,8192,1,128,2.453791936238607,,166855680,9437184,0.004452441353350878
10,16,8,2,prefill,bfloat16,8192,1,1024,2.410816033681234,,190448640,9437184,0.004452441353350878
10,16,8,2,prefill,bfloat16,8192,1,8192,1.6640960375467937,,304612352,9437184,0.004452441353350878
10,16,8,2,decode,bfloat16,32768,1,1,1.8303680419921875,0.11648319959640503,43520,37748736,0.006444955710321665
10,16,8,2,decode,bfloat16,32768,8,1,1.9120640754699707,0.1569551944732666,345088,301989888,0.006444955710321665
10,16,8,2,decode,bfloat16,32768,32,1,1.4772693316141765,0.31567199230194093,1380352,1207959552,0.006444955710321665
10,16,8,2,prefill,bfloat16,32768,1,128,2.636554718017578,,648299520,37748736,0.004452441353350878
10,16,8,2,prefill,bfloat16,32768,1,1024,2.5643946329752603,,672007168,37748736,0.004452441353350878
10,16,8,2,prefill,bfloat16,32768,1,8192,3.7115519841512046,,849871872,37748736,0.004452441353350878
10,16,8,2,decode,bfloat16,131072,1,1,2.0486933390299478,0.1388208031654358,43520,150994944,0.006444955710321665
10,16,8,2,decode,bfloat16,131072,8,1,2.04474671681722,0.3190351963043213,345088,1207959552,0.006444955710321665
10,16,8,2,decode,bfloat16,131072,32,1,1.2149120171864827,0.9255711555480957,1380352,4831838208,0.006444955710321665
10,16,8,2,prefill,bfloat16,131072,1,128,5.9048105875651045,,2576102912,150994944,0.004452441353350878
10,16,8,2,prefill,bfloat16,131072,1,1024,6.56489626566569,,2597192704,150994944,0.004452441353350878
10,16,8,2,prefill,bfloat16,131072,1,8192,10.858868916829428,,2775057408,150994944,0.004452441353350878
10,16,8,2,decode,bfloat16,524288,1,1,1.957141399383545,0.22890079021453857,43520,603979776,0.006444955710321665
10,16,8,2,decode,bfloat16,524288,8,1,1.874656041463216,0.8866160392761231,345088,4831838208,0.006444955710321665
10,16,8,2,decode,bfloat16,524288,32,1,3.695061365763346,3.376761627197266,1380352,19327352832,0.006444955710321665
10,16,8,2,prefill,bfloat16,524288,1,128,21.37476348876953,,10292573696,603979776,0.004452441353350878
10,16,8,2,prefill,bfloat16,524288,1,1024,23.624224344889324,,10297934848,603979776,0.004452441353350878
10,16,8,2,prefill,bfloat16,524288,1,8192,41.633227030436196,,10475799552,603979776,0.004452441353350878
10,16,8,2,decode,bfloat16,1048576,1,1,2.006122589111328,0.34522879123687744,43520,1207959552,0.006444955710321665
10,16,8,2,decode,bfloat16,1048576,8,1,2.197685400644938,1.664556884765625,345088,9663676416,0.006444955710321665
10,16,8,2,decode,bfloat16,1048576,32,1,6.888362884521484,6.5757804870605465,1380352,38654705664,0.006444955710321665
10,16,8,2,prefill,bfloat16,1048576,1,128,37.19909413655599,,20581201408,1207959552,0.004452441353350878
10,16,8,2,prefill,bfloat16,1048576,1,1024,41.70280456542969,,20586531328,1207959552,0.004452441353350878
10,16,8,2,prefill,bfloat16,1048576,1,8192,79.40603637695312,,20743455744,1207959552,0.004452441353350878
11,16,16,1,decode,fp8_e4m3,1024,1,1,1.8784747123718262,0.11352319717407226,31744,589824,0.03509664535522461
11,16,16,1,decode,fp8_e4m3,1024,8,1,1.9274133046468098,0.10471839904785156,246784,4718592,0.03509664535522461
11,16,16,1,decode,fp8_e4m3,1024,32,1,1.6066239674886067,0.11522560119628907,987136,18874368,0.03509664535522461
11,16,16,1,prefill,fp8_e4m3,1024,1,128,3.098378817240397,,11076096,589824,0.0076119983568787575
11,16,16,1,prefill,fp8_e4m3,1024,1,1024,1.4083199501037598,,29361152,589824,0.0076119983568787575
11,16,16,1,decode,fp8_e4m3,8192,1,1,1.7116692860921223,0.11464159488677979,31744,4718592,0.03509664535522461
11,16,16,1,decode,fp8_e4m3,8192,8,1,1.6493120193481445,0.11833440065383911,246784,37748736,0.03509664535522461
11,16,16,1,decode,fp8_e4m3,8192,32,1,1.7234452565511067,0.15875040292739867,987136,150994944,0.03509664535522461
11,16,16,1,prefill,fp8_e4m3,8192,1,128,3.042880058288574,,65438208,4718592,0.0076119983568787575
11,16,16,1,prefill,fp8_e4m3,8192,1,1024,2.637514591217041,,80209408,4718592,0.0076119983568787575
11,16,16,1,prefill,fp8_e4m3,8192,1,8192,1.822922706604004,,215745536,4718592,0.0076119983568787575
11,16,16,1,decode,fp8_e4m3,32768,1,1,1.9879786173502605,0.12839839458465577,31744,18874368,0.03509664535522461
11,16,16,1,decode,fp8_e4m3,32768,8,1,1.9988160133361816,0.15722559690475463,246784,150994944,0.03509664535522461
11,16,16,1,decode,fp8_e4m3,32768,32,1,1.659562587738037,0.22590720653533936,987136,603979776,0.03509664535522461
11,16,16,1,prefill,fp8_e4m3,32768,1,128,2.963477452596029,,254820864,18874368,0.0076119983568787575
11,16,16,1,prefill,fp8_e4m3,32768,1,1024,2.9538561503092446,,268297728,18874368,0.0076119983568787575
11,16,16,1,prefill,fp8_e4m3,32768,1,8192,3.069610595703125,,363529728,18874368,0.0076119983568787575
11,16,16,1,decode,fp8_e4m3,131072,1,1,2.0536853472391763,0.15034400224685668,31744,75497472,0.03509664535522461
11,16,16,1,decode,fp8_e4m3,131072,8,1,1.63592529296875,0.22163040637969972,246784,603979776,0.03509664535522461
11,16,16,1,decode,fp8_e4m3,131072,32,1,1.7600746154785156,0.48924641609191893,987136,2415919104,0.03509664535522461
11,16,16,1,prefill,fp8_e4m3,131072,1,128,3.7626771926879883,,1010139648,75497472,0.0076119983568787575
11,16,16,1,prefill,fp8_e4m3,131072,1,1024,4.476021448771159,,1021568512,75497472,0.0076119983568787575
11,16,16,1,prefill,fp8_e4m3,131072,1,8192,6.661557515462239,,1119553024,75497472,0.0076119983568787575
11,16,16,1,decode,fp8_e4m3,524288,1,1,2.0371626218159995,0.19029439687728883,31744,301989888,0.03509664535522461
11,16,16,1,decode,fp8_e4m3,524288,8,1,2.005674680074056,0.46664958000183104,246784,2415919104,0.03509664535522461
11,16,16,1,decode,fp8_e4m3,524288,32,1,2.0080533027648926,1.5376383781433105,987136,9663676416,0.03509664535522461
11,16,16,1,prefill,fp8_e4m3,524288,1,128,12.287423451741537,,1764125184,301989888,0.0076119983568787575
11,16,16,1,prefill,fp8_e4m3,524288,1,1024,14.107306162516275,,1776756224,301989888,0.0076119983568787575
11,16,16,1,prefill,fp8_e4m3,524288,1,8192,21.54625193277995,,1864697344,301989888,0.0076119983568787575
11,16,16,1,decode,fp8_e4m3,1048576,1,1,1.6443840662638347,0.2454303979873657,31744,603979776,0.03509664535522461
11,16,16,1,decode,fp8_e4m3,1048576,8,1,1.893760045369466,0.8034751892089844,246784,4831838208,0.03509664535522461
11,16,16,1,decode,fp8_e4m3,1048576,32,1,3.2783788045247397,2.973758316040039,987136,19327352832,0.03509664535522461
11,16,16,1,prefill,fp8_e4m3,1048576,1,128,24.324811299641926,,2368104960,603979776,0.0076119983568787575
11,16,16,1,prefill,fp8_e4m3,1048576,1,1024,27.703903198242188,,2381260288,603979776,0.0076119983568787575
11,16,16,1,prefill,fp8_e4m3,1048576,1,8192,42.175872802734375,,2468677120,603979776,0.0076119983568787575
11,16,16,1,decode,bfloat16,1024,1,1,1.899445374806722,0.10698399543762208,31744,1179648,0.006898726802319288
11,16,16,1,decode,bfloat16,1024,8,1,1.9154987335205078,0.10155839920043945,246784,9437184,0.006898726802319288
11,16,16,1,decode,bfloat16,1024,32,1,1.6414720217386882,0.13394080400466918,987136,37748736,0.006898726802319288
11,16,16,1,prefill,bfloat16,1024,1,128,2.8620265324910483,,15270912,1179648,0.0005409707664512098
11,16,16,1,prefill,bfloat16,1024,1,1024,1.6902507146199544,,28967936,1179648,0.0005409707664512098
11,16,16,1,decode,bfloat16,8192,1,1,1.566186745961507,0.11238240003585816,31744,9437184,0.006898726802319288
11,16,16,1,decode,bfloat16,8192,8,1,1.5016640027364094,0.14216480255126954,246784,75497472,0.006898726802319288
11,16,16,1,decode,bfloat16,8192,32,1,1.694709300994873,0.18731679916381835,987136,301989888,0.006898726802319288
11,16,16,1,prefill,bfloat16,8192,1,128,2.867786725362142,,88245248,9437184,0.0005409707664512098
11,16,16,1,prefill,bfloat16,8192,1,1024,2.7759787241617837,,108135424,9437184,0.0005409707664512098
11,16,16,1,prefill,bfloat16,8192,1,8192,1.4560960133870442,,215745536,9437184,0.0005409707664512098
11,16,16,1,decode,bfloat16,32768,1,1,1.5820266405741374,0.13645440340042114,31744,37748736,0.006898726802319288
11,16,16,1,decode,bfloat16,32768,8,1,1.5356586774190266,0.17939039468765258,246784,301989888,0.006898726802319288
11,16,16,1,decode,bfloat16,32768,32,1,1.6833066940307617,0.3391455888748169,987136,1207959552,0.006898726802319288
11,16,16,1,prefill,bfloat16,32768,1,128,2.358506679534912,,343737344,37748736,0.0005409707664512098
11,16,16,1,prefill,bfloat16,32768,1,1024,2.9481385548909507,,362677248,37748736,0.0005409707664512098
11,16,16,1,prefill,bfloat16,32768,1,8192,3.179840087890625,,502006784,37748736,0.0005409707664512098
11,16,16,1,decode,bfloat16,131072,1,1,1.9685014088948567,0.16097439527511598,31744,150994944,0.006898726802319288
11,16,16,1,decode,bfloat16,131072,8,1,1.485055923461914,0.33906400203704834,246784,1207959552,0.006898726802319288
11,16,16,1,decode,bfloat16,131072,32,1,1.4910400708516438,0.9484160423278809,987136,4831838208,0.006898726802319288
11,16,16,1,prefill,bfloat16,131072,1,128,4.153429349263509,,1366111744,150994944,0.0005409707664512098
11,16,16,1,prefill,bfloat16,131072,1,1024,4.75001589457194,,1381893120,150994944,0.0005409707664512098
11,16,16,1,prefill,bfloat16,131072,1,8192,7.017386754353841,,1522271232,150994944,0.0005409707664512098
11,16,16,1,decode,bfloat16,524288,1,1,1.9133866628011067,0.2499840021133423,31744,603979776,0.006898726802319288
11,16,16,1,decode,bfloat16,524288,8,1,2.007786591847738,0.9112000465393066,246784,4831838208,0.006898726802319288
11,16,16,1,decode,bfloat16,524288,32,1,3.684351921081543,3.3937919616699217,987136,19327352832,0.006898726802319288
11,16,16,1,prefill,bfloat16,524288,1,128,14.088704427083334,,5458703872,603979776,0.0005409707664512098
11,16,16,1,prefill,bfloat16,524288,1,1024,16.33117930094401,,5462411776,603979776,0.0005409707664512098
11,16,16,1,prefill,bfloat16,524288,1,8192,24.376192728678387,,5599134720,603979776,0.0005409707664512098
11,16,16,1,decode,bfloat16,1048576,1,1,1.9772693316141765,0.3635328054428101,31744,1207959552,0.006898726802319288
11,16,16,1,decode,bfloat16,1048576,8,1,2.037077267964681,1.6897823333740234,246784,9663676416,0.006898726802319288
11,16,16,1,decode,bfloat16,1048576,32,1,6.871381123860677,6.570460510253906,987136,38654705664,0.006898726802319288
11,16,16,1,prefill,bfloat16,1048576,1,128,27.4519780476888,,10915493376,1207959552,0.0005409707664512098
11,16,16,1,prefill,bfloat16,1048576,1,1024,31.82257080078125,,10918652416,1207959552,0.0005409707664512098
11,16,16,1,prefill,bfloat16,1048576,1,8192,48.677642822265625,,11034952704,1207959552,0.0005409707664512098
11,16,8,2,decode,fp8_e4m3,1024,1,1,1.8943467140197754,0.09210879802703857,44032,589824,0.03501495346426964
11,16,8,2,decode,fp8_e4m3,1024,8,1,1.634208043416341,0.09673600196838379,347136,4718592,0.03501495346426964
11,16,8,2,decode,fp8_e4m3,1024,32,1,1.4150400161743164,0.1091312050819397,1388544,18874368,0.03501495346426964
11,16,8,2,prefill,fp8_e4m3,1024,1,128,2.6565866470336914,,18824704,589824,0.008806233294308186
11,16,8,2,prefill,fp8_e4m3,1024,1,1024,1.6575360298156738,,39846912,589824,0.008806233294308186
11,16,8,2,decode,fp8_e4m3,8192,1,1,1.8417493502298992,0.0971567988395691,44032,4718592,0.03501495346426964
11,16,8,2,decode,fp8_e4m3,8192,8,1,1.8022720019022624,0.11384960412979125,347136,37748736,0.03501495346426964
11,16,8,2,decode,fp8_e4m3,8192,32,1,1.489034652709961,0.13473600149154663,1388544,150994944,0.03501495346426964
11,16,8,2,prefill,fp8_e4m3,8192,1,128,2.711690584818522,,113786368,4718592,0.008806233294308186
11,16,8,2,prefill,fp8_e4m3,8192,1,1024,2.4127999941507974,,140494336,4718592,0.008806233294308186
11,16,8,2,prefill,fp8_e4m3,8192,1,8192,1.492959976196289,,304612352,4718592,0.008806233294308186
11,16,8,2,decode,fp8_e4m3,32768,1,1,1.8148585955301921,0.11510080099105835,44032,18874368,0.03501495346426964
11,16,8,2,decode,fp8_e4m3,32768,8,1,1.922826608022054,0.13307039737701415,347136,150994944,0.03501495346426964
11,16,8,2,decode,fp8_e4m3,32768,32,1,1.3826346397399902,0.20260159969329833,1388544,603979776,0.03501495346426964
11,16,8,2,prefill,fp8_e4m3,32768,1,128,2.994058609008789,,434945536,18874368,0.008806233294308186
11,16,8,2,prefill,fp8_e4m3,32768,1,1024,2.891903877258301,,462407168,18874368,0.008806233294308186
11,16,8,2,prefill,fp8_e4m3,32768,1,8192,3.709280014038086,,662046208,18874368,0.008806233294308186
11,16,8,2,decode,fp8_e4m3,131072,1,1,1.4135467211405437,0.12921760082244874,44032,75497472,0.03501495346426964
11,16,8,2,decode,fp8_e4m3,131072,8,1,1.8534080187479656,0.1984112024307251,347136,603979776,0.03501495346426964
11,16,8,2,decode,fp8_e4m3,131072,32,1,1.0972479979197185,0.46230239868164064,1388544,2415919104,0.03501495346426964
11,16,8,2,prefill,fp8_e4m3,131072,1,128,4.209653218587239,,1718402560,75497472,0.008806233294308186
11,16,8,2,prefill,fp8_e4m3,131072,1,1024,4.7874345779418945,,1744815616,75497472,0.008806233294308186
11,16,8,2,prefill,fp8_e4m3,131072,1,8192,8.95251210530599,,1945503232,75497472,0.008806233294308186
11,16,8,2,decode,fp8_e4m3,524288,1,1,1.4057812690734863,0.16856160163879394,44032,301989888,0.03501495346426964
11,16,8,2,decode,fp8_e4m3,524288,8,1,1.8603092829386394,0.4469600200653076,347136,2415919104,0.03501495346426964
11,16,8,2,decode,fp8_e4m3,524288,32,1,1.8360106150309246,1.5282416343688965,1388544,9663676416,0.03501495346426964
11,16,8,2,prefill,fp8_e4m3,524288,1,128,15.037802378336588,,2773388800,301989888,0.008806233294308186
11,16,8,2,prefill,fp8_e4m3,524288,1,1024,17.089322408040363,,2795128320,301989888,0.008806233294308186
11,16,8,2,prefill,fp8_e4m3,524288,1,8192,32.397674560546875,,2973369856,301989888,0.008806233294308186
11,16,8,2,decode,fp8_e4m3,1048576,1,1,1.9118186632792156,0.22186079025268554,44032,603979776,0.03501495346426964
11,16,8,2,decode,fp8_e4m3,1048576,8,1,1.9182292620340984,0.7786816120147705,347136,4831838208,0.03501495346426964
11,16,8,2,decode,fp8_e4m3,1048576,32,1,3.2400852839152017,2.9882368087768554,1388544,19327352832,0.03501495346426964
11,16,8,2,prefill,fp8_e4m3,1048576,1,128,29.247456868489582,,3377368576,603979776,0.008806233294308186
11,16,8,2,prefill,fp8_e4m3,1048576,1,1024,32.690816243489586,,3399501312,603979776,0.008806233294308186
11,16,8,2,prefill,fp8_e4m3,1048576,1,8192,63.89501953125,,3577349632,603979776,0.008806233294308186
11,16,8,2,decode,bfloat16,1024,1,1,1.7284693717956543,0.08973600268363953,43520,1179648,0.006444955710321665
11,16,8,2,decode,bfloat16,1024,8,1,1.8013013203938801,0.09547200202941894,345088,9437184,0.006444955710321665
11,16,8,2,decode,bfloat16,1024,32,1,1.4738027254740398,0.11017440557479859,1380352,37748736,0.006444955710321665
11,16,8,2,prefill,bfloat16,1024,1,128,2.5460586547851562,,26870784,1179648,0.004452441353350878
11,16,8,2,prefill,bfloat16,1024,1,1024,1.581941286722819,,39846912,1179648,0.004452441353350878
11,16,8,2,decode,bfloat16,8192,1,1,1.8791573842366536,0.09523040056228638,43520,9437184,0.006444955710321665
11,16,8,2,decode,bfloat16,8192,8,1,1.9862186113993328,0.12031199932098388,345088,75497472,0.006444955710321665
11,16,8,2,decode,bfloat16,8192,32,1,1.520565350850423,0.16165440082550048,1380352,301989888,0.006444955710321665
11,16,8,2,prefill,bfloat16,8192,1,128,2.4564587275187173,,166855680,9437184,0.004452441353350878
11,16,8,2,prefill,bfloat16,8192,1,1024,2.409322738647461,,190448640,9437184,0.004452441353350878
11,16,8,2,prefill,bfloat16,8192,1,8192,1.6617493629455566,,304612352,9437184,0.004452441353350878
11,16,8,2,decode,bfloat16,32768,1,1,1.8334293365478516,0.11640000343322754,43520,37748736,0.006444955710321665
11,16,8,2,decode,bfloat16,32768,8,1,1.9100693066914876,0.156713604927063,345088,301989888,0.006444955710321665
11,16,8,2,decode,bfloat16,32768,32,1,1.462656021118164,0.3155103921890259,1380352,1207959552,0.006444955710321665
11,16,8,2,prefill,bfloat16,32768,1,128,2.632586638132731,,648299520,37748736,0.004452441353350878
11,16,8,2,prefill,bfloat16,32768,1,1024,2.560704072316488,,672007168,37748736,0.004452441353350878
11,16,8,2,prefill,bfloat16,32768,1,8192,3.706282615661621,,849871872,37748736,0.004452441353350878
11,16,8,2,decode,bfloat16,131072,1,1,2.045589288075765,0.13883520364761354,43520,150994944,0.006444955710321665
11,16,8,2,decode,bfloat16,131072,8,1,2.042741298675537,0.3189055919647217,345088,1207959552,0.006444955710321665
11,16,8,2,decode,bfloat16,131072,32,1,1.2163946628570557,0.9251999855041504,1380352,4831838208,0.006444955710321665
11,16,8,2,prefill,bfloat16,131072,1,128,5.906101226806641,,2576102912,150994944,0.004452441353350878
11,16,8,2,prefill,bfloat16,131072,1,1024,6.5609175364176435,,2597192704,150994944,0.004452441353350878
11,16,8,2,prefill,bfloat16,131072,1,8192,10.853888193766275,,2775057408,150994944,0.004452441353350878
11,16,8,2,decode,bfloat16,524288,1,1,1.9515306154886882,0.22896480560302734,43520,603979776,0.006444955710321665
11,16,8,2,decode,bfloat16,524288,8,1,1.8716266949971516,0.886467170715332,345088,4831838208,0.006444955710321665
11,16,8,2,decode,bfloat16,524288,32,1,3.6896533966064453,3.3765167236328124,1380352,19327352832,0.006444955710321665
11,16,8,2,prefill,bfloat16,524288,1,128,21.369707743326824,,10292573696,603979776,0.004452441353350878
11,16,8,2,prefill,bfloat16,524288,1,1024,23.6169916788737,,10297934848,603979776,0.004452441353350878
11,16,8,2,prefill,bfloat16,524288,1,8192,41.619860331217446,,10475799552,603979776,0.004452441353350878
11,16,8,2,decode,bfloat16,1048576,1,1,2.0026772816975913,0.3450432062149048,43520,1207959552,0.006444955710321665
11,16,8,2,decode,bfloat16,1048576,8,1,2.1951252619425454,1.6644016265869142,345088,9663676416,0.006444955710321665
11,16,8,2,decode,bfloat16,1048576,32,1,6.885013580322266,6.574598693847657,1380352,38654705664,0.006444955710321665
11,16,8,2,prefill,bfloat16,1048576,1,128,37.19421895345052,,20581201408,1207959552,0.004452441353350878
11,16,8,2,prefill,bfloat16,1048576,1,1024,41.69823964436849,,20586531328,1207959552,0.004452441353350878
11,16,8,2,prefill,bfloat16,1048576,1,8192,79.40379842122395,,20743455744,1207959552,0.004452441353350878
12,16,16,1,decode,fp8_e4m3,1024,1,1,1.877951939900716,0.11329760551452636,31744,589824,0.03509664535522461
12,16,16,1,decode,fp8_e4m3,1024,8,1,1.9291200637817383,0.10483360290527344,246784,4718592,0.03509664535522461
12,16,16,1,decode,fp8_e4m3,1024,32,1,1.6063893636067708,0.11541919708251953,987136,18874368,0.03509664535522461
12,16,16,1,prefill,fp8_e4m3,1024,1,128,3.0989866256713867,,11076096,589824,0.0076119983568787575
12,16,16,1,prefill,fp8_e4m3,1024,1,1024,1.40829865137736,,29361152,589824,0.0076119983568787575
12,16,16,1,decode,fp8_e4m3,8192,1,1,1.7099733352661133,0.1148911952972412,31744,4718592,0.03509664535522461
12,16,16,1,decode,fp8_e4m3,8192,8,1,1.6384213765462239,0.11831680536270142,246784,37748736,0.03509664535522461
12,16,16,1,decode,fp8_e4m3,8192,32,1,1.722815990447998,0.15847519636154175,987136,150994944,0.03509664535522461
12,16,16,1,prefill,fp8_e4m3,8192,1,128,3.04203732808431,,65438208,4718592,0.0076119983568787575
12,16,16,1,prefill,fp8_e4m3,8192,1,1024,2.636511961619059,,80209408,4718592,0.0076119983568787575
12,16,16,1,prefill,fp8_e4m3,8192,1,8192,1.8246827125549316,,215745536,4718592,0.0076119983568787575
12,16,16,1,decode,fp8_e4m3,32768,1,1,1.988202730814616,0.12823359966278075,31744,18874368,0.03509664535522461
12,16,16,1,decode,fp8_e4m3,32768,8,1,1.9962347348531086,0.1569200038909912,246784,150994944,0.03509664535522461
12,16,16,1,decode,fp8_e4m3,32768,32,1,1.654645284016927,0.22583999633789062,987136,603979776,0.03509664535522461
12,16,16,1,prefill,fp8_e4m3,32768,1,128,2.9639466603597007,,254820864,18874368,0.0076119983568787575
12,16,16,1,prefill,fp8_e4m3,32768,1,1024,2.9529174168904624,,268297728,18874368,0.0076119983568787575
12,16,16,1,prefill,fp8_e4m3,32768,1,8192,3.0682347615559897,,363529728,18874368,0.0076119983568787575
12,16,16,1,decode,fp8_e4m3,131072,1,1,2.0546666781107583,0.15029759407043458,31744,75497472,0.03509664535522461
12,16,16,1,decode,fp8_e4m3,131072,8,1,1.6132267316182454,0.22177600860595703,246784,603979776,0.03509664535522461
12,16,16,1,decode,fp8_e4m3,131072,32,1,1.7558293342590332,0.4888160228729248,987136,2415919104,0.03509664535522461
12,16,16,1,prefill,fp8_e4m3,131072,1,128,3.758655865987142,,1010139648,75497472,0.0076119983568787575
12,16,16,1,prefill,fp8_e4m3,131072,1,1024,4.477535883585612,,1021568512,75497472,0.0076119983568787575
12,16,16,1,prefill,fp8_e4m3,131072,1,8192,6.658474604288737,,1119553024,75497472,0.0076119983568787575
12,16,16,1,decode,fp8_e4m3,524288,1,1,2.035125255584717,0.1903216004371643,31744,301989888,0.03509664535522461
12,16,16,1,decode,fp8_e4m3,524288,8,1,2.0030293464660645,0.46640958786010744,246784,2415919104,0.03509664535522461
12,16,16,1,decode,fp8_e4m3,524288,32,1,2.007925351460775,1.537435245513916,987136,9663676416,0.03509664535522461
12,16,16,1,prefill,fp8_e4m3,524288,1,128,12.281909942626953,,1764125184,301989888,0.0076119983568787575
12,16,16,1,prefill,fp8_e4m3,524288,1,1024,14.108426411946615,,1776756224,301989888,0.0076119983568787575
12,16,16,1,prefill,fp8_e4m3,524288,1,8192,21.54412841796875,,1864697344,301989888,0.0076119983568787575
12,16,16,1,decode,fp8_e4m3,1048576,1,1,1.6451199849446614,0.24526560306549072,31744,603979776,0.03509664535522461
12,16,16,1,decode,fp8_e4m3,1048576,8,1,1.8935786883036296,0.8030752182006836,246784,4831838208,0.03509664535522461
12,16,16,1,decode,fp8_e4m3,1048576,32,1,3.274378776550293,2.9737199783325194,987136,19327352832,0.03509664535522461
12,16,16,1,prefill,fp8_e4m3,1048576,1,128,24.326677958170574,,2368104960,603979776,0.0076119983568787575
12,16,16,1,prefill,fp8_e4m3,1048576,1,1024,27.699785868326824,,2381260288,603979776,0.0076119983568787575
12,16,16,1,prefill,fp8_e4m3,1048576,1,8192,42.176587422688804,,2468677120,603979776,0.0076119983568787575
12,16,16,1,decode,bfloat16,1024,1,1,1.9013226826985676,0.10672800540924073,31744,1179648,0.006898726802319288
12,16,16,1,decode,bfloat16,1024,8,1,1.9179627100626628,0.10171999931335449,246784,9437184,0.006898726802319288
12,16,16,1,decode,bfloat16,1024,32,1,1.6401173273722331,0.13384480476379396,987136,37748736,0.006898726802319288
12,16,16,1,prefill,bfloat16,1024,1,128,2.8643840154012046,,15270912,1179648,0.0005409707664512098
12,16,16,1,prefill,bfloat16,1024,1,1024,1.6881814002990723,,28967936,1179648,0.0005409707664512098
12,16,16,1,decode,bfloat16,8192,1,1,1.5656426747639973,0.11234400272369385,31744,9437184,0.006898726802319288
12,16,16,1,decode,bfloat16,8192,8,1,1.5008106231689453,0.14215359687805176,246784,75497472,0.006898726802319288
12,16,16,1,decode,bfloat16,8192,32,1,1.693984031677246,0.18693439960479735,987136,301989888,0.006898726802319288
12,16,16,1,prefill,bfloat16,8192,1,128,2.871765454610189,,88245248,9437184,0.0005409707664512098
12,16,16,1,prefill,bfloat16,8192,1,1024,2.774378776550293,,108135424,9437184,0.0005409707664512098
12,16,16,1,prefill,bfloat16,8192,1,8192,1.4532160758972168,,215745536,9437184,0.0005409707664512098
12,16,16,1,decode,bfloat16,32768,1,1,1.5892160733540852,0.13617600202560426,31744,37748736,0.006898726802319288
12,16,16,1,decode,bfloat16,32768,8,1,1.538709322611491,0.17898080348968506,246784,301989888,0.006898726802319288
12,16,16,1,decode,bfloat16,32768,32,1,1.683274745941162,0.3392496109008789,987136,1207959552,0.006898726802319288
12,16,16,1,prefill,bfloat16,32768,1,128,2.3548800150553384,,343737344,37748736,0.0005409707664512098
12,16,16,1,prefill,bfloat16,32768,1,1024,2.9456214904785156,,362677248,37748736,0.0005409707664512098
12,16,16,1,prefill,bfloat16,32768,1,8192,3.17742919921875,,502006784,37748736,0.0005409707664512098
12,16,16,1,decode,bfloat16,131072,1,1,1.9561386108398438,0.16114239692687987,31744,150994944,0.006898726802319288
12,16,16,1,decode,bfloat16,131072,8,1,1.484949270884196,0.3386415958404541,246784,1207959552,0.006898726802319288
12,16,16,1,decode,bfloat16,131072,32,1,1.4868586858113606,0.9482015609741211,987136,4831838208,0.006898726802319288
12,16,16,1,prefill,bfloat16,131072,1,128,4.153461456298828,,1366111744,150994944,0.0005409707664512098
12,16,16,1,prefill,bfloat16,131072,1,1024,4.752490679423015,,1381893120,150994944,0.0005409707664512098
12,16,16,1,prefill,bfloat16,131072,1,8192,7.014954884847005,,1522271232,150994944,0.0005409707664512098
12,16,16,1,decode,bfloat16,524288,1,1,1.9130560557047527,0.24950881004333497,31744,603979776,0.006898726802319288
12,16,16,1,decode,bfloat16,524288,8,1,2.00601593653361,0.9109359741210937,246784,4831838208,0.006898726802319288
12,16,16,1,decode,bfloat16,524288,32,1,3.6824213663736978,3.395811080932617,987136,19327352832,0.006898726802319288
12,16,16,1,prefill,bfloat16,524288,1,128,14.088884989420572,,5458703872,603979776,0.0005409707664512098
12,16,16,1,prefill,bfloat16,524288,1,1024,16.33407974243164,,5462411776,603979776,0.0005409707664512098
12,16,16,1,prefill,bfloat16,524288,1,8192,24.37530771891276,,5599134720,603979776,0.0005409707664512098
12,16,16,1,decode,bfloat16,1048576,1,1,1.9697813987731934,0.36367039680480956,31744,1207959552,0.006898726802319288
12,16,16,1,decode,bfloat16,1048576,8,1,2.0368852615356445,1.6898239135742188,246784,9663676416,0.006898726802319288
12,16,16,1,decode,bfloat16,1048576,32,1,6.877983729044597,6.568806457519531,987136,38654705664,0.006898726802319288
12,16,16,1,prefill,bfloat16,1048576,1,128,27.4553705851237,,10915493376,1207959552,0.0005409707664512098
12,16,16,1,prefill,bfloat16,1048576,1,1024,31.8252690633138,,10918652416,1207959552,0.0005409707664512098
12,16,16,1,prefill,bfloat16,1048576,1,8192,48.679178873697914,,11034952704,1207959552,0.0005409707664512098
12,16,8,2,decode,fp8_e4m3,1024,1,1,1.8962880770365398,0.0921887993812561,44032,589824,0.03501495346426964
12,16,8,2,decode,fp8_e4m3,1024,8,1,1.6312534014383953,0.09689760208129883,347136,4718592,0.03501495346426964
12,16,8,2,decode,fp8_e4m3,1024,32,1,1.392074743906657,0.10911999940872193,1388544,18874368,0.03501495346426964
12,16,8,2,prefill,fp8_e4m3,1024,1,128,2.671584129333496,,18824704,589824,0.008806233294308186
12,16,8,2,prefill,fp8_e4m3,1024,1,1024,1.6590293248494465,,39846912,589824,0.008806233294308186
12,16,8,2,decode,fp8_e4m3,8192,1,1,1.8496425946553547,0.09716799855232239,44032,4718592,0.03501495346426964
12,16,8,2,decode,fp8_e4m3,8192,8,1,1.8033386866251628,0.11399199962615966,347136,37748736,0.03501495346426964
12,16,8,2,decode,fp8_e4m3,8192,32,1,1.4525440533955891,0.13470720052719115,1388544,150994944,0.03501495346426964
12,16,8,2,prefill,fp8_e4m3,8192,1,128,2.714325269063314,,113786368,4718592,0.008806233294308186
12,16,8,2,prefill,fp8_e4m3,8192,1,1024,2.4132800102233887,,140494336,4718592,0.008806233294308186
12,16,8,2,prefill,fp8_e4m3,8192,1,8192,1.4934399922688801,,304612352,4718592,0.008806233294308186
12,16,8,2,decode,fp8_e4m3,32768,1,1,1.8137173652648926,0.11540800333023071,44032,18874368,0.03501495346426964
12,16,8,2,decode,fp8_e4m3,32768,8,1,1.926037311553955,0.13292640447616577,347136,150994944,0.03501495346426964
12,16,8,2,decode,fp8_e4m3,32768,32,1,1.3910293579101562,0.20293118953704833,1388544,603979776,0.03501495346426964
12,16,8,2,prefill,fp8_e4m3,32768,1,128,2.9901440938313804,,434945536,18874368,0.008806233294308186
12,16,8,2,prefill,fp8_e4m3,32768,1,1024,2.8891948064168296,,462407168,18874368,0.008806233294308186
12,16,8,2,prefill,fp8_e4m3,32768,1,8192,3.707519849141439,,662046208,18874368,0.008806233294308186
12,16,8,2,decode,fp8_e4m3,131072,1,1,1.4133119583129883,0.1292688012123108,44032,75497472,0.03501495346426964
12,16,8,2,decode,fp8_e4m3,131072,8,1,1.853109359741211,0.1984560012817383,347136,603979776,0.03501495346426964
12,16,8,2,decode,fp8_e4m3,131072,32,1,1.0969066619873047,0.4627232074737549,1388544,2415919104,0.03501495346426964
12,16,8,2,prefill,fp8_e4m3,131072,1,128,4.208010673522949,,1718402560,75497472,0.008806233294308186
12,16,8,2,prefill,fp8_e4m3,131072,1,1024,4.785226821899414,,1744815616,75497472,0.008806233294308186
12,16,8,2,prefill,fp8_e4m3,131072,1,8192,8.951253255208334,,1945503232,75497472,0.008806233294308186
12,16,8,2,decode,fp8_e4m3,524288,1,1,1.4132693608601887,0.16825759410858154,44032,301989888,0.03501495346426964
12,16,8,2,decode,fp8_e4m3,524288,8,1,1.8640213012695312,0.44695358276367186,347136,2415919104,0.03501495346426964
12,16,8,2,decode,fp8_e4m3,524288,32,1,1.8329386711120605,1.5282431602478028,1388544,9663676416,0.03501495346426964
12,16,8,2,prefill,fp8_e4m3,524288,1,128,15.040949503580729,,2773388800,301989888,0.008806233294308186
12,16,8,2,prefill,fp8_e4m3,524288,1,1024,17.089227040608723,,2795128320,301989888,0.008806233294308186
12,16,8,2,prefill,fp8_e4m3,524288,1,8192,32.39826202392578,,2973369856,301989888,0.008806233294308186
12,16,8,2,decode,fp8_e4m3,1048576,1,1,1.914357344309489,0.22184960842132567,44032,603979776,0.03501495346426964
12,16,8,2,decode,fp8_e4m3,1048576,8,1,1.9212586085001628,0.779088020324707,347136,4831838208,0.03501495346426964
12,16,8,2,decode,fp8_e4m3,1048576,32,1,3.2425387700398765,2.9882240295410156,1388544,19327352832,0.03501495346426964
12,16,8,2,prefill,fp8_e4m3,1048576,1,128,29.245620727539062,,3377368576,603979776,0.008806233294308186
12,16,8,2,prefill,fp8_e4m3,1048576,1,1024,32.69043223063151,,3399501312,603979776,0.008806233294308186
12,16,8,2,prefill,fp8_e4m3,1048576,1,8192,63.897196451822914,,3577349632,603979776,0.008806233294308186
12,16,8,2,decode,bfloat16,1024,1,1,1.7296640078226726,0.08958240151405335,43520,1179648,0.006444955710321665
12,16,8,2,decode,bfloat16,1024,8,1,1.8023893038431804,0.09515039920806885,345088,9437184,0.006444955710321665
12,16,8,2,decode,bfloat16,1024,32,1,1.4754239718119304,0.11011999845504761,1380352,37748736,0.006444955710321665
12,16,8,2,prefill,bfloat16,1024,1,128,2.5468692779541016,,26870784,1179648,0.004452441353350878
12,16,8,2,prefill,bfloat16,1024,1,1024,1.5849599838256836,,39846912,1179648,0.004452441353350878
12,16,8,2,decode,bfloat16,8192,1,1,1.8821546236673992,0.09611999988555908,43520,9437184,0.006444955710321665
12,16,8,2,decode,bfloat16,8192,8,1,1.9916906356811523,0.12043199539184571,345088,75497472,0.006444955710321665
12,16,8,2,decode,bfloat16,8192,32,1,1.54584534962972,0.16179519891738892,1380352,301989888,0.006444955710321665
12,16,8,2,prefill,bfloat16,8192,1,128,2.4509973526000977,,166855680,9437184,0.004452441353350878
12,16,8,2,prefill,bfloat16,8192,1,1024,2.407360076904297,,190448640,9437184,0.004452441353350878
12,16,8,2,prefill,bfloat16,8192,1,8192,1.6611199378967285,,304612352,9437184,0.004452441353350878
12,16,8,2,decode,bfloat16,32768,1,1,1.8305066426595051,0.11647039651870728,43520,37748736,0.006444955710321665
12,16,8,2,decode,bfloat16,32768,8,1,1.910912036895752,0.15688960552215575,345088,301989888,0.006444955710321665
12,16,8,2,decode,bfloat16,32768,32,1,1.4765653610229492,0.31561119556427003,1380352,1207959552,0.006444955710321665
12,16,8,2,prefill,bfloat16,32768,1,128,2.634496053059896,,648299520,37748736,0.004452441353350878
12,16,8,2,prefill,bfloat16,32768,1,1024,2.5637760162353516,,672007168,37748736,0.004452441353350878
12,16,8,2,prefill,bfloat16,32768,1,8192,3.708181381225586,,849871872,37748736,0.004452441353350878
12,16,8,2,decode,bfloat16,131072,1,1,2.046816031138102,0.13885600566864015,43520,150994944,0.006444955710321665
12,16,8,2,decode,bfloat16,131072,8,1,2.044725259145101,0.3188256025314331,345088,1207959552,0.006444955710321665
12,16,8,2,decode,bfloat16,131072,32,1,1.2142826716105144,0.9255472183227539,1380352,4831838208,0.006444955710321665
12,16,8,2,prefill,bfloat16,131072,1,128,5.89901860555013,,2576102912,150994944,0.004452441353350878
12,16,8,2,prefill,bfloat16,131072,1,1024,6.559338887532552,,2597192704,150994944,0.004452441353350878
12,16,8,2,prefill,bfloat16,131072,1,8192,10.85259755452474,,2775057408,150994944,0.004452441353350878
12,16,8,2,decode,bfloat16,524288,1,1,1.9565013249715169,0.2286463975906372,43520,603979776,0.006444955710321665
12,16,8,2,decode,bfloat16,524288,8,1,1.8747307459513347,0.886569595336914,345088,4831838208,0.006444955710321665
12,16,8,2,decode,bfloat16,524288,32,1,3.6938133239746094,3.37652473449707,1380352,19327352832,0.006444955710321665
12,16,8,2,prefill,bfloat16,524288,1,128,21.373578389485676,,10292573696,603979776,0.004452441353350878
12,16,8,2,prefill,bfloat16,524288,1,1024,23.622027079264324,,10297934848,603979776,0.004452441353350878
12,16,8,2,prefill,bfloat16,524288,1,8192,41.59987131754557,,10475799552,603979776,0.004452441353350878
12,16,8,2,decode,bfloat16,1048576,1,1,2.0020693143208823,0.3449840068817139,43520,1207959552,0.006444955710321665
12,16,8,2,decode,bfloat16,1048576,8,1,2.1969920794169107,1.6642303466796875,345088,9663676416,0.006444955710321665
12,16,8,2,decode,bfloat16,1048576,32,1,6.885887781778972,6.5751502990722654,1380352,38654705664,0.006444955710321665
12,16,8,2,prefill,bfloat16,1048576,1,128,37.19270324707031,,20581201408,1207959552,0.004452441353350878
12,16,8,2,prefill,bfloat16,1048576,1,1024,41.69405873616537,,20586531328,1207959552,0.004452441353350878
12,16,8,2,prefill,bfloat16,1048576,1,8192,79.40192159016927,,20743455744,1207959552,0.004452441353350878
13,16,16,1,decode,fp8_e4m3,1024,1,1,1.8784853617350261,0.11329280138015747,31744,589824,0.03509664535522461
13,16,16,1,decode,fp8_e4m3,1024,8,1,1.928650697072347,0.10493919849395753,246784,4718592,0.03509664535522461
13,16,16,1,decode,fp8_e4m3,1024,32,1,1.606005350748698,0.11543040275573731,987136,18874368,0.03509664535522461
13,16,16,1,prefill,fp8_e4m3,1024,1,128,3.0960105260213218,,11076096,589824,0.0076119983568787575
13,16,16,1,prefill,fp8_e4m3,1024,1,1024,1.4084374109903972,,29361152,589824,0.0076119983568787575
13,16,16,1,decode,fp8_e4m3,8192,1,1,1.6977599461873372,0.11484800577163697,31744,4718592,0.03509664535522461
13,16,16,1,decode,fp8_e4m3,8192,8,1,1.646058718363444,0.11828000545501709,246784,37748736,0.03509664535522461
13,16,16,1,decode,fp8_e4m3,8192,32,1,1.7230614026387532,0.1590127944946289,987136,150994944,0.03509664535522461
13,16,16,1,prefill,fp8_e4m3,8192,1,128,3.0416641235351562,,65438208,4718592,0.0076119983568787575
13,16,16,1,prefill,fp8_e4m3,8192,1,1024,2.636074701944987,,80209408,4718592,0.0076119983568787575
13,16,16,1,prefill,fp8_e4m3,8192,1,8192,1.8230613072713215,,215745536,4718592,0.0076119983568787575
13,16,16,1,decode,fp8_e4m3,32768,1,1,1.9876799583435059,0.12848000526428222,31744,18874368,0.03509664535522461
13,16,16,1,decode,fp8_e4m3,32768,8,1,1.998751958211263,0.1567088007926941,246784,150994944,0.03509664535522461
13,16,16,1,decode,fp8_e4m3,32768,32,1,1.6559680302937825,0.22608160972595215,987136,603979776,0.03509664535522461
13,16,16,1,prefill,fp8_e4m3,32768,1,128,2.9629653294881186,,254820864,18874368,0.0076119983568787575
13,16,16,1,prefill,fp8_e4m3,32768,1,1024,2.9525121053059897,,268297728,18874368,0.0076119983568787575
13,16,16,1,prefill,fp8_e4m3,32768,1,8192,3.0729811986287436,,363529728,18874368,0.0076119983568787575
13,16,16,1,decode,fp8_e4m3,131072,1,1,2.0554986000061035,0.1502400040626526,31744,75497472,0.03509664535522461
13,16,16,1,decode,fp8_e4m3,131072,8,1,1.6179626782735188,0.2217711925506592,246784,603979776,0.03509664535522461
13,16,16,1,decode,fp8_e4m3,131072,32,1,1.759424050649007,0.48920159339904784,987136,2415919104,0.03509664535522461
13,16,16,1,prefill,fp8_e4m3,131072,1,128,3.755573272705078,,1010139648,75497472,0.0076119983568787575
13,16,16,1,prefill,fp8_e4m3,131072,1,1024,4.479189236958821,,1021568512,75497472,0.0076119983568787575
13,16,16,1,prefill,fp8_e4m3,131072,1,8192,6.66105588277181,,1119553024,75497472,0.0076119983568787575
13,16,16,1,decode,fp8_e4m3,524288,1,1,2.037877400716146,0.19034240245819092,31744,301989888,0.03509664535522461
13,16,16,1,decode,fp8_e4m3,524288,8,1,2.0037760734558105,0.46640958786010744,246784,2415919104,0.03509664535522461
13,16,16,1,decode,fp8_e4m3,524288,32,1,2.0102826754252114,1.5375776290893555,987136,9663676416,0.03509664535522461
13,16,16,1,prefill,fp8_e4m3,524288,1,128,12.282975514729818,,1764125184,301989888,0.0076119983568787575
13,16,16,1,prefill,fp8_e4m3,524288,1,1024,14.108139038085938,,1776756224,301989888,0.0076119983568787575
13,16,16,1,prefill,fp8_e4m3,524288,1,8192,21.545216878255207,,1864697344,301989888,0.0076119983568787575
13,16,16,1,decode,fp8_e4m3,1048576,1,1,1.6459733645121257,0.2452847957611084,31744,603979776,0.03509664535522461
13,16,16,1,decode,fp8_e4m3,1048576,8,1,1.8964160283406575,0.8033696174621582,246784,4831838208,0.03509664535522461
13,16,16,1,decode,fp8_e4m3,1048576,32,1,3.2738027572631836,2.973566436767578,987136,19327352832,0.03509664535522461
13,16,16,1,prefill,fp8_e4m3,1048576,1,128,24.327529907226562,,2368104960,603979776,0.0076119983568787575
13,16,16,1,prefill,fp8_e4m3,1048576,1,1024,27.698272705078125,,2381260288,603979776,0.0076119983568787575
13,16,16,1,prefill,fp8_e4m3,1048576,1,8192,42.177162170410156,,2468677120,603979776,0.0076119983568787575
13,16,16,1,decode,bfloat16,1024,1,1,1.9008746147155762,0.10695199966430664,31744,1179648,0.006898726802319288
13,16,16,1,decode,bfloat16,1024,8,1,1.9167040189107258,0.10172959566116332,246784,9437184,0.006898726802319288
13,16,16,1,decode,bfloat16,1024,32,1,1.6393280029296875,0.13390079736709595,987136,37748736,0.006898726802319288
13,16,16,1,prefill,bfloat16,1024,1,128,2.8637545903523765,,15270912,1179648,0.0005409707664512098
13,16,16,1,prefill,bfloat16,1024,1,1024,1.687562624613444,,28967936,1179648,0.0005409707664512098
13,16,16,1,decode,bfloat16,8192,1,1,1.5602986017862956,0.11232160329818726,31744,9437184,0.006898726802319288
13,16,16,1,decode,bfloat16,8192,8,1,1.500874678293864,0.1422287940979004,246784,75497472,0.006898726802319288
13,16,16,1,decode,bfloat16,8192,32,1,1.6917227109273274,0.18687520027160645,987136,301989888,0.006898726802319288
13,16,16,1,prefill,bfloat16,8192,1,128,2.8729492823282876,,88245248,9437184,0.0005409707664512098
13,16,16,1,prefill,bfloat16,8192,1,1024,2.775562604268392,,108135424,9437184,0.0005409707664512098
13,16,16,1,prefill,bfloat16,8192,1,8192,1.4539519945780437,,215745536,9437184,0.0005409707664512098
13,16,16,1,decode,bfloat16,32768,1,1,1.589589277903239,0.1365007996559143,31744,37748736,0.006898726802319288
13,16,16,1,decode,bfloat16,32768,8,1,1.5348159472147624,0.17940160036087036,246784,301989888,0.006898726802319288
13,16,16,1,decode,bfloat16,32768,32,1,1.6833492914835613,0.3392816066741943,987136,1207959552,0.006898726802319288
13,16,16,1,prefill,bfloat16,32768,1,128,2.35754664738973,,343737344,37748736,0.0005409707664512098
13,16,16,1,prefill,bfloat16,32768,1,1024,2.9449707667032876,,362677248,37748736,0.0005409707664512098
13,16,16,1,prefill,bfloat16,32768,1,8192,3.1767892837524414,,502006784,37748736,0.0005409707664512098
13,16,16,1,decode,bfloat16,131072,1,1,1.968608061472575,0.16140639781951904,31744,150994944,0.006898726802319288
13,16,16,1,decode,bfloat16,131072,8,1,1.4848853747049968,0.3392927885055542,246784,1207959552,0.006898726802319288
13,16,16,1,decode,bfloat16,131072,32,1,1.4903359413146973,0.9484671592712403,987136,4831838208,0.006898726802319288
13,16,16,1,prefill,bfloat16,131072,1,128,4.151882807413737,,1366111744,150994944,0.0005409707664512098
13,16,16,1,prefill,bfloat16,131072,1,1024,4.7539412180582685,,1381893120,150994944,0.0005409707664512098
13,16,16,1,prefill,bfloat16,131072,1,8192,7.016127904256185,,1522271232,150994944,0.0005409707664512098
13,16,16,1,decode,bfloat16,524288,1,1,1.9127786954243977,0.2501568078994751,31744,603979776,0.006898726802319288
13,16,16,1,decode,bfloat16,524288,8,1,2.0058666865030923,0.9109647750854493,246784,4831838208,0.006898726802319288
13,16,16,1,decode,bfloat16,524288,32,1,3.6816746393839517,3.395955276489258,987136,19327352832,0.006898726802319288
13,16,16,1,prefill,bfloat16,524288,1,128,14.09112548828125,,5458703872,603979776,0.0005409707664512098
13,16,16,1,prefill,bfloat16,524288,1,1024,16.331445058186848,,5462411776,603979776,0.0005409707664512098
13,16,16,1,prefill,bfloat16,524288,1,8192,24.373247782389324,,5599134720,603979776,0.0005409707664512098
13,16,16,1,decode,bfloat16,1048576,1,1,1.9781546592712402,0.3639775991439819,31744,1207959552,0.006898726802319288
13,16,16,1,decode,bfloat16,1048576,8,1,2.0388800303141275,1.689905548095703,246784,9663676416,0.006898726802319288
13,16,16,1,decode,bfloat16,1048576,32,1,6.876352310180664,6.568748474121094,987136,38654705664,0.006898726802319288
13,16,16,1,prefill,bfloat16,1048576,1,128,27.455220540364582,,10915493376,1207959552,0.0005409707664512098
13,16,16,1,prefill,bfloat16,1048576,1,1024,31.820457458496094,,10918652416,1207959552,0.0005409707664512098
13,16,16,1,prefill,bfloat16,1048576,1,8192,48.67274475097656,,11034952704,1207959552,0.0005409707664512098
13,16,8,2,decode,fp8_e4m3,1024,1,1,1.8959253629048665,0.09189919829368591,44032,589824,0.03501495346426964
13,16,8,2,decode,fp8_e4m3,1024,8,1,1.6338879267374675,0.09660959839820862,347136,4718592,0.03501495346426964
13,16,8,2,decode,fp8_e4m3,1024,32,1,1.3790079752604167,0.10893440246582031,1388544,18874368,0.03501495346426964
13,16,8,2,prefill,fp8_e4m3,1024,1,128,2.6683200200398765,,18824704,589824,0.008806233294308186
13,16,8,2,prefill,fp8_e4m3,1024,1,1024,1.6585493087768555,,39846912,589824,0.008806233294308186
13,16,8,2,decode,fp8_e4m3,8192,1,1,1.850111961364746,0.09689919948577881,44032,4718592,0.03501495346426964
13,16,8,2,decode,fp8_e4m3,8192,8,1,1.8048853874206543,0.1139407992362976,347136,37748736,0.03501495346426964
13,16,8,2,decode,fp8_e4m3,8192,32,1,1.4659520785013835,0.13473119735717773,1388544,150994944,0.03501495346426964
13,16,8,2,prefill,fp8_e4m3,8192,1,128,2.713717460632324,,113786368,4718592,0.008806233294308186
13,16,8,2,prefill,fp8_e4m3,8192,1,1024,2.4128212928771973,,140494336,4718592,0.008806233294308186
13,16,8,2,prefill,fp8_e4m3,8192,1,8192,1.4944960276285808,,304612352,4718592,0.008806233294308186
13,16,8,2,decode,fp8_e4m3,32768,1,1,1.8152213096618652,0.11486560106277466,44032,18874368,0.03501495346426964
13,16,8,2,decode,fp8_e4m3,32768,8,1,1.9258987108866374,0.13300800323486328,347136,150994944,0.03501495346426964
13,16,8,2,decode,fp8_e4m3,32768,32,1,1.3829013506571453,0.20289759635925292,1388544,603979776,0.03501495346426964
13,16,8,2,prefill,fp8_e4m3,32768,1,128,2.9903999964396157,,434945536,18874368,0.008806233294308186
13,16,8,2,prefill,fp8_e4m3,32768,1,1024,2.8888959884643555,,462407168,18874368,0.008806233294308186
13,16,8,2,prefill,fp8_e4m3,32768,1,8192,3.7077547709147134,,662046208,18874368,0.008806233294308186
13,16,8,2,decode,fp8_e4m3,131072,1,1,1.4136640230814617,0.12935199737548828,44032,75497472,0.03501495346426964
13,16,8,2,decode,fp8_e4m3,131072,8,1,1.8525439898173015,0.1987231969833374,347136,603979776,0.03501495346426964
13,16,8,2,decode,fp8_e4m3,131072,32,1,1.0966400305430095,0.4626448154449463,1388544,2415919104,0.03501495346426964
13,16,8,2,prefill,fp8_e4m3,131072,1,128,4.209184010823567,,1718402560,75497472,0.008806233294308186
13,16,8,2,prefill,fp8_e4m3,131072,1,1024,4.7856747309366865,,1744815616,75497472,0.008806233294308186
13,16,8,2,prefill,fp8_e4m3,131072,1,8192,8.954399744669596,,1945503232,75497472,0.008806233294308186
13,16,8,2,decode,fp8_e4m3,524288,1,1,1.4029653867085774,0.16800320148468018,44032,301989888,0.03501495346426964
13,16,8,2,decode,fp8_e4m3,524288,8,1,1.864554723103841,0.44664959907531737,347136,2415919104,0.03501495346426964
13,16,8,2,decode,fp8_e4m3,524288,32,1,1.831391970316569,1.527847957611084,1388544,9663676416,0.03501495346426964
13,16,8,2,prefill,fp8_e4m3,524288,1,128,15.040159861246744,,2773388800,301989888,0.008806233294308186
13,16,8,2,prefill,fp8_e4m3,524288,1,1024,17.09444300333659,,2795128320,301989888,0.008806233294308186
13,16,8,2,prefill,fp8_e4m3,524288,1,8192,32.39651234944662,,2973369856,301989888,0.008806233294308186
13,16,8,2,decode,fp8_e4m3,1048576,1,1,1.9121707280476887,0.22187199592590331,44032,603979776,0.03501495346426964
13,16,8,2,decode,fp8_e4m3,1048576,8,1,1.919040044148763,0.7791920185089112,347136,4831838208,0.03501495346426964
13,16,8,2,decode,fp8_e4m3,1048576,32,1,3.242645263671875,2.9885711669921875,1388544,19327352832,0.03501495346426964
13,16,8,2,prefill,fp8_e4m3,1048576,1,128,29.245376586914062,,3377368576,603979776,0.008806233294308186
13,16,8,2,prefill,fp8_e4m3,1048576,1,1024,32.69088999430338,,3399501312,603979776,0.008806233294308186
13,16,8,2,prefill,fp8_e4m3,1048576,1,8192,63.89684041341146,,3577349632,603979776,0.008806233294308186
13,16,8,2,decode,bfloat16,1024,1,1,1.7390613555908203,0.08992319703102111,43520,1179648,0.006444955710321665
13,16,8,2,decode,bfloat16,1024,8,1,1.8032426834106445,0.09560160040855407,345088,9437184,0.006444955710321665
13,16,8,2,decode,bfloat16,1024,32,1,1.473130702972412,0.1102288007736206,1380352,37748736,0.006444955710321665
13,16,8,2,prefill,bfloat16,1024,1,128,2.5464000701904297,,26870784,1179648,0.004452441353350878
13,16,8,2,prefill,bfloat16,1024,1,1024,1.5851945877075195,,39846912,1179648,0.004452441353350878
13,16,8,2,decode,bfloat16,8192,1,1,1.882805347442627,0.09609119892120362,43520,9437184,0.006444955710321665
13,16,8,2,decode,bfloat16,8192,8,1,2.015402634938558,0.12041120529174805,345088,75497472,0.006444955710321665
13,16,8,2,decode,bfloat16,8192,32,1,1.523263931274414,0.16180800199508666,1380352,301989888,0.006444955710321665
13,16,8,2,prefill,bfloat16,8192,1,128,2.4539945920308432,,166855680,9437184,0.004452441353350878
13,16,8,2,prefill,bfloat16,8192,1,1024,2.4087467193603516,,190448640,9437184,0.004452441353350878
13,16,8,2,prefill,bfloat16,8192,1,8192,1.6631466547648113,,304612352,9437184,0.004452441353350878
13,16,8,2,decode,bfloat16,32768,1,1,1.8311893145243328,0.1166111946105957,43520,37748736,0.006444955710321665
13,16,8,2,decode,bfloat16,32768,8,1,1.9107200304667156,0.15706559419631957,345088,301989888,0.006444955710321665
13,16,8,2,decode,bfloat16,32768,32,1,1.476469357808431,0.31561279296875,1380352,1207959552,0.006444955710321665
13,16,8,2,prefill,bfloat16,32768,1,128,2.637333393096924,,648299520,37748736,0.004452441353350878
13,16,8,2,prefill,bfloat16,32768,1,1024,2.56388266881307,,672007168,37748736,0.004452441353350878
13,16,8,2,prefill,bfloat16,32768,1,8192,3.7068265279134116,,849871872,37748736,0.004452441353350878
13,16,8,2,decode,bfloat16,131072,1,1,2.0355307261149087,0.13904479742050171,43520,150994944,0.006444955710321665
13,16,8,2,decode,bfloat16,131072,8,1,2.036383946736654,0.3189568042755127,345088,1207959552,0.006444955710321665
13,16,8,2,decode,bfloat16,131072,32,1,1.2154453595479329,0.9256815910339355,1380352,4831838208,0.006444955710321665
13,16,8,2,prefill,bfloat16,131072,1,128,5.905738830566406,,2576102912,150994944,0.004452441353350878
13,16,8,2,prefill,bfloat16,131072,1,1024,6.564832051595052,,2597192704,150994944,0.004452441353350878
13,16,8,2,prefill,bfloat16,131072,1,8192,10.852362314860025,,2775057408,150994944,0.004452441353350878
13,16,8,2,decode,bfloat16,524288,1,1,1.955743948618571,0.22891039848327638,43520,603979776,0.006444955710321665
13,16,8,2,decode,bfloat16,524288,8,1,1.8749972979227703,0.8865471839904785,345088,4831838208,0.006444955710321665
13,16,8,2,decode,bfloat16,524288,32,1,3.693269411722819,3.376559829711914,1380352,19327352832,0.006444955710321665
13,16,8,2,prefill,bfloat16,524288,1,128,21.37159474690755,,10292573696,603979776,0.004452441353350878
13,16,8,2,prefill,bfloat16,524288,1,1024,23.618868509928387,,10297934848,603979776,0.004452441353350878
13,16,8,2,prefill,bfloat16,524288,1,8192,41.60335032145182,,10475799552,603979776,0.004452441353350878
13,16,8,2,decode,bfloat16,1048576,1,1,2.0026772816975913,0.3450623989105225,43520,1207959552,0.006444955710321665
13,16,8,2,decode,bfloat16,1048576,8,1,2.198058605194092,1.6642927169799804,345088,9663676416,0.006444955710321665
13,16,8,2,decode,bfloat16,1048576,32,1,6.882442474365234,6.574922943115235,1380352,38654705664,0.006444955710321665
13,16,8,2,prefill,bfloat16,1048576,1,128,37.19879404703776,,20581201408,1207959552,0.004452441353350878
13,16,8,2,prefill,bfloat16,1048576,1,1024,41.699328104654946,,20586531328,1207959552,0.004452441353350878
13,16,8,2,prefill,bfloat16,1048576,1,8192,79.4022928873698,,20743455744,1207959552,0.004452441353350878
14,16,16,1,decode,fp8_e4m3,1024,1,1,1.881333351135254,0.11352800130844116,31744,589824,0.03509664535522461
14,16,16,1,decode,fp8_e4m3,1024,8,1,1.9314026832580566,0.10496640205383301,246784,4718592,0.03509664535522461
14,16,16,1,decode,fp8_e4m3,1024,32,1,1.6083946228027344,0.11558879613876342,987136,18874368,0.03509664535522461
14,16,16,1,prefill,fp8_e4m3,1024,1,128,3.1007680892944336,,11076096,589824,0.0076119983568787575
14,16,16,1,prefill,fp8_e4m3,1024,1,1024,1.4101333618164062,,29361152,589824,0.0076119983568787575
14,16,16,1,decode,fp8_e4m3,8192,1,1,1.7126506169637044,0.1150480031967163,31744,4718592,0.03509664535522461
14,16,16,1,decode,fp8_e4m3,8192,8,1,1.6472105979919434,0.11838879585266113,246784,37748736,0.03509664535522461
14,16,16,1,decode,fp8_e4m3,8192,32,1,1.7247680028279622,0.159171199798584,987136,150994944,0.03509664535522461
14,16,16,1,prefill,fp8_e4m3,8192,1,128,3.0456107457478843,,65438208,4718592,0.0076119983568787575
14,16,16,1,prefill,fp8_e4m3,8192,1,1024,2.6378453572591147,,80209408,4718592,0.0076119983568787575
14,16,16,1,prefill,fp8_e4m3,8192,1,8192,1.8265493710835774,,215745536,4718592,0.0076119983568787575
14,16,16,1,decode,fp8_e4m3,32768,1,1,1.9907946586608887,0.12871840000152587,31744,18874368,0.03509664535522461
14,16,16,1,decode,fp8_e4m3,32768,8,1,1.9989439646402996,0.15728000402450562,246784,150994944,0.03509664535522461
14,16,16,1,decode,fp8_e4m3,32768,32,1,1.659455935160319,0.22627201080322265,987136,603979776,0.03509664535522461
14,16,16,1,prefill,fp8_e4m3,32768,1,128,2.967103958129883,,254820864,18874368,0.0076119983568787575
14,16,16,1,prefill,fp8_e4m3,32768,1,1024,2.9558188120524087,,268297728,18874368,0.0076119983568787575
14,16,16,1,prefill,fp8_e4m3,32768,1,8192,3.071743965148926,,363529728,18874368,0.0076119983568787575
14,16,16,1,decode,fp8_e4m3,131072,1,1,2.057706673940023,0.15059679746627808,31744,75497472,0.03509664535522461
14,16,16,1,decode,fp8_e4m3,131072,8,1,1.6214186350504558,0.2218384027481079,246784,603979776,0.03509664535522461
14,16,16,1,decode,fp8_e4m3,131072,32,1,1.759775956471761,0.4894224166870117,987136,2415919104,0.03509664535522461
14,16,16,1,prefill,fp8_e4m3,131072,1,128,3.763146718343099,,1010139648,75497472,0.0076119983568787575
14,16,16,1,prefill,fp8_e4m3,131072,1,1024,4.480479876200358,,1021568512,75497472,0.0076119983568787575
14,16,16,1,prefill,fp8_e4m3,131072,1,8192,6.661493301391602,,1119553024,75497472,0.0076119983568787575
14,16,16,1,decode,fp8_e4m3,524288,1,1,2.0384532610575357,0.19050559997558594,31744,301989888,0.03509664535522461
14,16,16,1,decode,fp8_e4m3,524288,8,1,2.004703998565674,0.4667600154876709,246784,2415919104,0.03509664535522461
14,16,16,1,decode,fp8_e4m3,524288,32,1,2.011669317881266,1.5382224082946778,987136,9663676416,0.03509664535522461
14,16,16,1,prefill,fp8_e4m3,524288,1,128,12.287306467692057,,1764125184,301989888,0.0076119983568787575
14,16,16,1,prefill,fp8_e4m3,524288,1,1024,14.111231486002604,,1776756224,301989888,0.0076119983568787575
14,16,16,1,prefill,fp8_e4m3,524288,1,8192,21.545995076497395,,1864697344,301989888,0.0076119983568787575
14,16,16,1,decode,fp8_e4m3,1048576,1,1,1.6489599545796711,0.245468807220459,31744,603979776,0.03509664535522461
14,16,16,1,decode,fp8_e4m3,1048576,8,1,1.8968532880147297,0.8034832000732421,246784,4831838208,0.03509664535522461
14,16,16,1,decode,fp8_e4m3,1048576,32,1,3.2774826685587564,2.9737119674682617,987136,19327352832,0.03509664535522461
14,16,16,1,prefill,fp8_e4m3,1048576,1,128,24.329856872558594,,2368104960,603979776,0.0076119983568787575
14,16,16,1,prefill,fp8_e4m3,1048576,1,1024,27.705599466959637,,2381260288,603979776,0.0076119983568787575
14,16,16,1,prefill,fp8_e4m3,1048576,1,8192,42.17797342936198,,2468677120,603979776,0.0076119983568787575
14,16,16,1,decode,bfloat16,1024,1,1,1.902997334798177,0.10691839456558228,31744,1179648,0.006898726802319288
14,16,16,1,decode,bfloat16,1024,8,1,1.9196693102518718,0.10179680585861206,246784,9437184,0.006898726802319288
14,16,16,1,decode,bfloat16,1024,32,1,1.6413226127624512,0.13383040428161622,987136,37748736,0.006898726802319288
14,16,16,1,prefill,bfloat16,1024,1,128,2.865023930867513,,15270912,1179648,0.0005409707664512098
14,16,16,1,prefill,bfloat16,1024,1,1024,1.6902507146199544,,28967936,1179648,0.0005409707664512098
14,16,16,1,decode,bfloat16,8192,1,1,1.5675946871439617,0.11255520582199097,31744,9437184,0.006898726802319288
14,16,16,1,decode,bfloat16,8192,8,1,1.5020267168680828,0.1423616051673889,246784,75497472,0.006898726802319288
14,16,16,1,decode,bfloat16,8192,32,1,1.6944959958394368,0.18754080533981324,987136,301989888,0.006898726802319288
14,16,16,1,prefill,bfloat16,8192,1,128,2.873589197794596,,88245248,9437184,0.0005409707664512098
14,16,16,1,prefill,bfloat16,8192,1,1024,2.7765865325927734,,108135424,9437184,0.0005409707664512098
14,16,16,1,prefill,bfloat16,8192,1,8192,1.4563520749409993,,215745536,9437184,0.0005409707664512098
14,16,16,1,decode,bfloat16,32768,1,1,1.5908160209655762,0.13646719455718995,31744,37748736,0.006898726802319288
14,16,16,1,decode,bfloat16,32768,8,1,1.5370346705118816,0.1794111967086792,246784,301989888,0.006898726802319288
14,16,16,1,decode,bfloat16,32768,32,1,1.6847680409749348,0.33923840522766113,987136,1207959552,0.006898726802319288
14,16,16,1,prefill,bfloat16,32768,1,128,2.3587519327799478,,343737344,37748736,0.0005409707664512098
14,16,16,1,prefill,bfloat16,32768,1,1024,2.9478400548299155,,362677248,37748736,0.0005409707664512098
14,16,16,1,prefill,bfloat16,32768,1,8192,3.179893175760905,,502006784,37748736,0.0005409707664512098
14,16,16,1,decode,bfloat16,131072,1,1,1.9697386423746746,0.16152479648590087,31744,150994944,0.006898726802319288
14,16,16,1,decode,bfloat16,131072,8,1,1.4863999684651692,0.3393968105316162,246784,1207959552,0.006898726802319288
14,16,16,1,decode,bfloat16,131072,32,1,1.4917972882588704,0.9485551834106445,987136,4831838208,0.006898726802319288
14,16,16,1,prefill,bfloat16,131072,1,128,4.154389381408691,,1366111744,150994944,0.0005409707664512098
14,16,16,1,prefill,bfloat16,131072,1,1024,4.7553707758585615,,1381893120,150994944,0.0005409707664512098
14,16,16,1,prefill,bfloat16,131072,1,8192,7.017866770426433,,1522271232,150994944,0.0005409707664512098
14,16,16,1,decode,bfloat16,524288,1,1,1.9143253962198894,0.2502255916595459,31744,603979776,0.006898726802319288
14,16,16,1,decode,bfloat16,524288,8,1,2.0080639521280923,0.9112496376037598,246784,4831838208,0.006898726802319288
14,16,16,1,decode,bfloat16,524288,32,1,3.6822293599446616,3.3961280822753905,987136,19327352832,0.006898726802319288
14,16,16,1,prefill,bfloat16,524288,1,128,14.0916379292806,,5458703872,603979776,0.0005409707664512098
14,16,16,1,prefill,bfloat16,524288,1,1024,16.33407974243164,,5462411776,603979776,0.0005409707664512098
14,16,16,1,prefill,bfloat16,524288,1,8192,24.37781270345052,,5599134720,603979776,0.0005409707664512098
14,16,16,1,decode,bfloat16,1048576,1,1,1.9793386459350586,0.3640768051147461,31744,1207959552,0.006898726802319288
14,16,16,1,decode,bfloat16,1048576,8,1,2.040437380472819,1.6899295806884767,246784,9663676416,0.006898726802319288
14,16,16,1,decode,bfloat16,1048576,32,1,6.878037134806315,6.56908950805664,987136,38654705664,0.006898726802319288
14,16,16,1,prefill,bfloat16,1048576,1,128,27.456192016601562,,10915493376,1207959552,0.0005409707664512098
14,16,16,1,prefill,bfloat16,1048576,1,1024,31.827369689941406,,10918652416,1207959552,0.0005409707664512098
14,16,16,1,prefill,bfloat16,1048576,1,8192,48.6797129313151,,11034952704,1207959552,0.0005409707664512098
14,16,8,2,decode,fp8_e4m3,1024,1,1,1.897706667582194,0.09237920045852661,44032,589824,0.03501495346426964
14,16,8,2,decode,fp8_e4m3,1024,8,1,1.637514591217041,0.09727519750595093,347136,4718592,0.03501495346426964
14,16,8,2,decode,fp8_e4m3,1024,32,1,1.3935573895772297,0.10914560556411743,1388544,18874368,0.03501495346426964
14,16,8,2,prefill,fp8_e4m3,1024,1,128,2.6708908081054688,,18824704,589824,0.008806233294308186
14,16,8,2,prefill,fp8_e4m3,1024,1,1024,1.662570635477702,,39846912,589824,0.008806233294308186
14,16,8,2,decode,fp8_e4m3,8192,1,1,1.8538026809692383,0.0975600004196167,44032,4718592,0.03501495346426964
14,16,8,2,decode,fp8_e4m3,8192,8,1,1.8057386080423992,0.11424000263214111,347136,37748736,0.03501495346426964
14,16,8,2,decode,fp8_e4m3,8192,32,1,1.4689706166585286,0.13485599756240846,1388544,150994944,0.03501495346426964
14,16,8,2,prefill,fp8_e4m3,8192,1,128,2.716202735900879,,113786368,4718592,0.008806233294308186
14,16,8,2,prefill,fp8_e4m3,8192,1,1024,2.4163413047790527,,140494336,4718592,0.008806233294308186
14,16,8,2,prefill,fp8_e4m3,8192,1,8192,1.4965866406758626,,304612352,4718592,0.008806233294308186
14,16,8,2,decode,fp8_e4m3,32768,1,1,1.8154133160909016,0.1154960036277771,44032,18874368,0.03501495346426964
14,16,8,2,decode,fp8_e4m3,32768,8,1,1.927669366200765,0.13314880132675172,347136,150994944,0.03501495346426964
14,16,8,2,decode,fp8_e4m3,32768,32,1,1.3847039540608723,0.20305919647216797,1388544,603979776,0.03501495346426964
14,16,8,2,prefill,fp8_e4m3,32768,1,128,2.993013381958008,,434945536,18874368,0.008806233294308186
14,16,8,2,prefill,fp8_e4m3,32768,1,1024,2.891946792602539,,462407168,18874368,0.008806233294308186
14,16,8,2,prefill,fp8_e4m3,32768,1,8192,3.709727923075358,,662046208,18874368,0.008806233294308186
14,16,8,2,decode,fp8_e4m3,131072,1,1,1.4138773282368977,0.12956000566482545,44032,75497472,0.03501495346426964
14,16,8,2,decode,fp8_e4m3,131072,8,1,1.8541332880655925,0.19876480102539062,347136,603979776,0.03501495346426964
14,16,8,2,decode,fp8_e4m3,131072,32,1,1.0976533095041912,0.46318721771240234,1388544,2415919104,0.03501495346426964
14,16,8,2,prefill,fp8_e4m3,131072,1,128,4.209290822347005,,1718402560,75497472,0.008806233294308186
14,16,8,2,prefill,fp8_e4m3,131072,1,1024,4.785962740580241,,1744815616,75497472,0.008806233294308186
14,16,8,2,prefill,fp8_e4m3,131072,1,8192,8.95577621459961,,1945503232,75497472,0.008806233294308186
14,16,8,2,decode,fp8_e4m3,524288,1,1,1.413856029510498,0.16836479902267457,44032,301989888,0.03501495346426964
14,16,8,2,decode,fp8_e4m3,524288,8,1,1.8609706560770671,0.44705920219421386,347136,2415919104,0.03501495346426964
14,16,8,2,decode,fp8_e4m3,524288,32,1,1.8362453778584797,1.528592014312744,1388544,9663676416,0.03501495346426964
14,16,8,2,prefill,fp8_e4m3,524288,1,128,15.041450500488281,,2773388800,301989888,0.008806233294308186
14,16,8,2,prefill,fp8_e4m3,524288,1,1024,17.09566879272461,,2795128320,301989888,0.008806233294308186
14,16,8,2,prefill,fp8_e4m3,524288,1,8192,32.40042622884115,,2973369856,301989888,0.008806233294308186
14,16,8,2,decode,fp8_e4m3,1048576,1,1,1.9147413571675618,0.22195520401000976,44032,603979776,0.03501495346426964
14,16,8,2,decode,fp8_e4m3,1048576,8,1,1.922986666361491,0.7791327953338623,347136,4831838208,0.03501495346426964
14,16,8,2,decode,fp8_e4m3,1048576,32,1,3.2445653279622397,2.9888303756713865,1388544,19327352832,0.03501495346426964
14,16,8,2,prefill,fp8_e4m3,1048576,1,128,29.250335693359375,,3377368576,603979776,0.008806233294308186
14,16,8,2,prefill,fp8_e4m3,1048576,1,1024,32.69318389892578,,3399501312,603979776,0.008806233294308186
14,16,8,2,prefill,fp8_e4m3,1048576,1,8192,63.89796447753906,,3577349632,603979776,0.008806233294308186
14,16,8,2,decode,bfloat16,1024,1,1,1.7312320073445637,0.09001119732856751,43520,1179648,0.006444955710321665
14,16,8,2,decode,bfloat16,1024,8,1,1.803775946299235,0.09556639790534974,345088,9437184,0.006444955710321665
14,16,8,2,decode,bfloat16,1024,32,1,1.4785812695821126,0.11051839590072632,1380352,37748736,0.006444955710321665
14,16,8,2,prefill,bfloat16,1024,1,128,2.549034595489502,,26870784,1179648,0.004452441353350878
14,16,8,2,prefill,bfloat16,1024,1,1024,1.586880048116048,,39846912,1179648,0.004452441353350878
14,16,8,2,decode,bfloat16,8192,1,1,1.8850453694661458,0.09609760046005249,43520,9437184,0.006444955710321665
14,16,8,2,decode,bfloat16,8192,8,1,2.000831921895345,0.12055519819259644,345088,75497472,0.006444955710321665
14,16,8,2,decode,bfloat16,8192,32,1,1.5280532836914062,0.1619312047958374,1380352,301989888,0.006444955710321665
14,16,8,2,prefill,bfloat16,8192,1,128,2.4549867312113443,,166855680,9437184,0.004452441353350878
14,16,8,2,prefill,bfloat16,8192,1,1024,2.4103147188822427,,190448640,9437184,0.004452441353350878
14,16,8,2,prefill,bfloat16,8192,1,8192,1.664511998494466,,304612352,9437184,0.004452441353350878
14,16,8,2,decode,bfloat16,32768,1,1,1.8314026196797688,0.11666719913482666,43520,37748736,0.006444955710321665
14,16,8,2,decode,bfloat16,32768,8,1,1.91102933883667,0.15699679851531984,345088,301989888,0.006444955710321665
14,16,8,2,decode,bfloat16,32768,32,1,1.4783573150634766,0.3156975984573364,1380352,1207959552,0.006444955710321665
14,16,8,2,prefill,bfloat16,32768,1,128,2.638026714324951,,648299520,37748736,0.004452441353350878
14,16,8,2,prefill,bfloat16,32768,1,1024,2.5657493273417153,,672007168,37748736,0.004452441353350878
14,16,8,2,prefill,bfloat16,32768,1,8192,3.712128003438314,,849871872,37748736,0.004452441353350878
14,16,8,2,decode,bfloat16,131072,1,1,2.0497280756632485,0.1390768051147461,43520,150994944,0.006444955710321665
14,16,8,2,decode,bfloat16,131072,8,1,2.046997388203939,0.3190975904464722,345088,1207959552,0.006444955710321665
14,16,8,2,decode,bfloat16,131072,32,1,1.2162666320800781,0.9256896018981934,1380352,4831838208,0.006444955710321665
14,16,8,2,prefill,bfloat16,131072,1,128,5.906293233235677,,2576102912,150994944,0.004452441353350878
14,16,8,2,prefill,bfloat16,131072,1,1024,6.565621058146159,,2597192704,150994944,0.004452441353350878
14,16,8,2,prefill,bfloat16,131072,1,8192,10.853898366292318,,2775057408,150994944,0.004452441353350878
14,16,8,2,decode,bfloat16,524288,1,1,1.9577172597249348,0.22899041175842286,43520,603979776,0.006444955710321665
14,16,8,2,decode,bfloat16,524288,8,1,1.8760746320088704,0.8867983818054199,345088,4831838208,0.006444955710321665
14,16,8,2,decode,bfloat16,524288,32,1,3.693493207295736,3.3765838623046873,1380352,19327352832,0.006444955710321665
14,16,8,2,prefill,bfloat16,524288,1,128,21.375498453776043,,10292573696,603979776,0.004452441353350878
14,16,8,2,prefill,bfloat16,524288,1,1024,23.623616536458332,,10297934848,603979776,0.004452441353350878
14,16,8,2,prefill,bfloat16,524288,1,8192,41.629920959472656,,10475799552,603979776,0.004452441353350878
14,16,8,2,decode,bfloat16,1048576,1,1,2.005909283955892,0.34513120651245116,43520,1207959552,0.006444955710321665
14,16,8,2,decode,bfloat16,1048576,8,1,2.1997013092041016,1.6645679473876953,345088,9663676416,0.006444955710321665
14,16,8,2,decode,bfloat16,1048576,32,1,6.887168248494466,6.575663757324219,1380352,38654705664,0.006444955710321665
14,16,8,2,prefill,bfloat16,1048576,1,128,37.20037333170573,,20581201408,1207959552,0.004452441353350878
14,16,8,2,prefill,bfloat16,1048576,1,1024,41.70097096761068,,20586531328,1207959552,0.004452441353350878
14,16,8,2,prefill,bfloat16,1048576,1,8192,79.40436299641927,,20743455744,1207959552,0.004452441353350878
15,16,16,1,decode,fp8_e4m3,1024,1,1,1.8790507316589355,0.11335680484771729,31744,589824,0.03509664535522461
15,16,16,1,decode,fp8_e4m3,1024,8,1,1.9295679728190105,0.1048192024230957,246784,4718592,0.03509664535522461
15,16,16,1,decode,fp8_e4m3,1024,32,1,1.6076693534851074,0.115392005443573,987136,18874368,0.03509664535522461
15,16,16,1,prefill,fp8_e4m3,1024,1,128,3.0993385314941406,,11076096,589824,0.0076119983568787575
15,16,16,1,prefill,fp8_e4m3,1024,1,1024,1.4094506899515789,,29361152,589824,0.0076119983568787575
15,16,16,1,decode,fp8_e4m3,8192,1,1,1.712234656016032,0.1148144006729126,31744,4718592,0.03509664535522461
15,16,16,1,decode,fp8_e4m3,8192,8,1,1.646623929341634,0.11821919679641724,246784,37748736,0.03509664535522461
15,16,16,1,decode,fp8_e4m3,8192,32,1,1.7238186200459797,0.15908000469207764,987136,150994944,0.03509664535522461
15,16,16,1,prefill,fp8_e4m3,8192,1,128,3.0442241032918296,,65438208,4718592,0.0076119983568787575
15,16,16,1,prefill,fp8_e4m3,8192,1,1024,2.637333393096924,,80209408,4718592,0.0076119983568787575
15,16,16,1,prefill,fp8_e4m3,8192,1,8192,1.8258239428202312,,215745536,4718592,0.0076119983568787575
15,16,16,1,decode,fp8_e4m3,32768,1,1,1.990239938100179,0.12841919660568238,31744,18874368,0.03509664535522461
15,16,16,1,decode,fp8_e4m3,32768,8,1,1.9988907178243,0.1571120023727417,246784,150994944,0.03509664535522461
15,16,16,1,decode,fp8_e4m3,32768,32,1,1.6592000325520833,0.22592320442199706,987136,603979776,0.03509664535522461
15,16,16,1,prefill,fp8_e4m3,32768,1,128,2.9665066401163735,,254820864,18874368,0.0076119983568787575
15,16,16,1,prefill,fp8_e4m3,32768,1,1024,2.954421361287435,,268297728,18874368,0.0076119983568787575
15,16,16,1,prefill,fp8_e4m3,32768,1,8192,3.071296056111654,,363529728,18874368,0.0076119983568787575
15,16,16,1,decode,fp8_e4m3,131072,1,1,2.0574399630228677,0.15039039850234986,31744,75497472,0.03509664535522461
15,16,16,1,decode,fp8_e4m3,131072,8,1,1.620266596476237,0.2217871904373169,246784,603979776,0.03509664535522461
15,16,16,1,decode,fp8_e4m3,131072,32,1,1.7596906026204426,0.4890336036682129,987136,2415919104,0.03509664535522461
15,16,16,1,prefill,fp8_e4m3,131072,1,128,3.762474695841471,,1010139648,75497472,0.0076119983568787575
15,16,16,1,prefill,fp8_e4m3,131072,1,1024,4.479519844055176,,1021568512,75497472,0.0076119983568787575
15,16,16,1,prefill,fp8_e4m3,131072,1,8192,6.6606292724609375,,1119553024,75497472,0.0076119983568787575
15,16,16,1,decode,fp8_e4m3,524288,1,1,2.0369812647501626,0.19028960466384887,31744,301989888,0.03509664535522461
15,16,16,1,decode,fp8_e4m3,524288,8,1,2.00491730372111,0.46670079231262207,246784,2415919104,0.03509664535522461
15,16,16,1,decode,fp8_e4m3,524288,32,1,2.011722723642985,1.5382415771484375,987136,9663676416,0.03509664535522461
15,16,16,1,prefill,fp8_e4m3,524288,1,128,12.28647486368815,,1764125184,301989888,0.0076119983568787575
15,16,16,1,prefill,fp8_e4m3,524288,1,1024,14.109514872233072,,1776756224,301989888,0.0076119983568787575
15,16,16,1,prefill,fp8_e4m3,524288,1,8192,21.545684814453125,,1864697344,301989888,0.0076119983568787575
15,16,16,1,decode,fp8_e4m3,1048576,1,1,1.64847993850708,0.24515039920806886,31744,603979776,0.03509664535522461
15,16,16,1,decode,fp8_e4m3,1048576,8,1,1.8965226809183757,0.8034144401550293,246784,4831838208,0.03509664535522461
15,16,16,1,decode,fp8_e4m3,1048576,32,1,3.2764905293782554,2.973651123046875,987136,19327352832,0.03509664535522461
15,16,16,1,prefill,fp8_e4m3,1048576,1,128,24.32878875732422,,2368104960,603979776,0.0076119983568787575
15,16,16,1,prefill,fp8_e4m3,1048576,1,1024,27.70347849527995,,2381260288,603979776,0.0076119983568787575
15,16,16,1,prefill,fp8_e4m3,1048576,1,8192,42.17672475179037,,2468677120,603979776,0.0076119983568787575
15,16,16,1,decode,bfloat16,1024,1,1,1.9019412994384766,0.10684800148010254,31744,1179648,0.006898726802319288
15,16,16,1,decode,bfloat16,1024,8,1,1.9184853235880535,0.10153919458389282,246784,9437184,0.006898726802319288
15,16,16,1,decode,bfloat16,1024,32,1,1.6411306063334148,0.13395520448684692,987136,37748736,0.006898726802319288
15,16,16,1,prefill,bfloat16,1024,1,128,2.8646825154622397,,15270912,1179648,0.0005409707664512098
15,16,16,1,prefill,bfloat16,1024,1,1024,1.6895039876302083,,28967936,1179648,0.0005409707664512098
15,16,16,1,decode,bfloat16,8192,1,1,1.5663785934448242,0.11242560148239136,31744,9437184,0.006898726802319288
15,16,16,1,decode,bfloat16,8192,8,1,1.5003946622212727,0.1419600009918213,246784,75497472,0.006898726802319288
15,16,16,1,decode,bfloat16,8192,32,1,1.694474697113037,0.18744959831237792,987136,301989888,0.006898726802319288
15,16,16,1,prefill,bfloat16,8192,1,128,2.8726507822672525,,88245248,9437184,0.0005409707664512098
15,16,16,1,prefill,bfloat16,8192,1,1024,2.7751681009928384,,108135424,9437184,0.0005409707664512098
15,16,16,1,prefill,bfloat16,8192,1,8192,1.4557867050170898,,215745536,9437184,0.0005409707664512098
15,16,16,1,decode,bfloat16,32768,1,1,1.5897599856058757,0.1362239956855774,31744,37748736,0.006898726802319288
15,16,16,1,decode,bfloat16,32768,8,1,1.5356052716573079,0.17940479516983032,246784,301989888,0.006898726802319288
15,16,16,1,decode,bfloat16,32768,32,1,1.6833279927571614,0.3393376111984253,987136,1207959552,0.006898726802319288
15,16,16,1,prefill,bfloat16,32768,1,128,2.3579306602478027,,343737344,37748736,0.0005409707664512098
15,16,16,1,prefill,bfloat16,32768,1,1024,2.9474452336629233,,362677248,37748736,0.0005409707664512098
15,16,16,1,prefill,bfloat16,32768,1,8192,3.1788158416748047,,502006784,37748736,0.0005409707664512098
15,16,16,1,decode,bfloat16,131072,1,1,1.90993070602417,0.1614735960960388,31744,150994944,0.006898726802319288
15,16,16,1,decode,bfloat16,131072,8,1,1.484981377919515,0.33921279907226565,246784,1207959552,0.006898726802319288
15,16,16,1,decode,bfloat16,131072,32,1,1.490656057993571,0.9485136032104492,987136,4831838208,0.006898726802319288
15,16,16,1,prefill,bfloat16,131072,1,128,4.153909365336101,,1366111744,150994944,0.0005409707664512098
15,16,16,1,prefill,bfloat16,131072,1,1024,4.75490125020345,,1381893120,150994944,0.0005409707664512098
15,16,16,1,prefill,bfloat16,131072,1,8192,7.017045338948567,,1522271232,150994944,0.0005409707664512098
15,16,16,1,decode,bfloat16,524288,1,1,1.9130773544311523,0.2501471996307373,31744,603979776,0.006898726802319288
15,16,16,1,decode,bfloat16,524288,8,1,2.0073067347208657,0.9097855567932129,246784,4831838208,0.006898726802319288
15,16,16,1,decode,bfloat16,524288,32,1,3.6818132400512695,3.395859146118164,987136,19327352832,0.006898726802319288
15,16,16,1,prefill,bfloat16,524288,1,128,14.091082255045572,,5458703872,603979776,0.0005409707664512098
15,16,16,1,prefill,bfloat16,524288,1,1024,16.334239959716797,,5462411776,603979776,0.0005409707664512098
15,16,16,1,prefill,bfloat16,524288,1,8192,24.376991271972656,,5599134720,603979776,0.0005409707664512098
15,16,16,1,decode,bfloat16,1048576,1,1,1.9785812695821126,0.3639071941375732,31744,1207959552,0.006898726802319288
15,16,16,1,decode,bfloat16,1048576,8,1,2.0392853418986,1.689891242980957,246784,9663676416,0.006898726802319288
15,16,16,1,decode,bfloat16,1048576,32,1,6.876533508300781,6.568809509277344,987136,38654705664,0.006898726802319288
15,16,16,1,prefill,bfloat16,1048576,1,128,27.45562744140625,,10915493376,1207959552,0.0005409707664512098
15,16,16,1,prefill,bfloat16,1048576,1,1024,31.82525889078776,,10918652416,1207959552,0.0005409707664512098
15,16,16,1,prefill,bfloat16,1048576,1,8192,48.677388509114586,,11034952704,1207959552,0.0005409707664512098
15,16,8,2,decode,fp8_e4m3,1024,1,1,1.8976640701293945,0.0923200011253357,44032,589824,0.03501495346426964
15,16,8,2,decode,fp8_e4m3,1024,8,1,1.6362773577372234,0.09710559844970704,347136,4718592,0.03501495346426964
15,16,8,2,decode,fp8_e4m3,1024,32,1,1.3929920196533203,0.10901440382003784,1388544,18874368,0.03501495346426964
15,16,8,2,prefill,fp8_e4m3,1024,1,128,2.6695359547932944,,18824704,589824,0.008806233294308186
15,16,8,2,prefill,fp8_e4m3,1024,1,1024,1.6616640090942383,,39846912,589824,0.008806233294308186
15,16,8,2,decode,fp8_e4m3,8192,1,1,1.8533226648966472,0.09732159972190857,44032,4718592,0.03501495346426964
15,16,8,2,decode,fp8_e4m3,8192,8,1,1.8042133649190266,0.11413760185241699,347136,37748736,0.03501495346426964
15,16,8,2,decode,fp8_e4m3,8192,32,1,1.4675839742024739,0.1346976041793823,1388544,150994944,0.03501495346426964
15,16,8,2,prefill,fp8_e4m3,8192,1,128,2.715541203816732,,113786368,4718592,0.008806233294308186
15,16,8,2,prefill,fp8_e4m3,8192,1,1024,2.416192054748535,,140494336,4718592,0.008806233294308186
15,16,8,2,prefill,fp8_e4m3,8192,1,8192,1.4956159591674805,,304612352,4718592,0.008806233294308186
15,16,8,2,decode,fp8_e4m3,32768,1,1,1.814282735188802,0.1151087999343872,44032,18874368,0.03501495346426964
15,16,8,2,decode,fp8_e4m3,32768,8,1,1.925920009613037,0.13290560245513916,347136,150994944,0.03501495346426964
15,16,8,2,decode,fp8_e4m3,32768,32,1,1.3834667205810547,0.20288000106811524,1388544,603979776,0.03501495346426964
15,16,8,2,prefill,fp8_e4m3,32768,1,128,2.9930880864461265,,434945536,18874368,0.008806233294308186
15,16,8,2,prefill,fp8_e4m3,32768,1,1024,2.8907734553019204,,462407168,18874368,0.008806233294308186
15,16,8,2,prefill,fp8_e4m3,32768,1,8192,3.708714803059896,,662046208,18874368,0.008806233294308186
15,16,8,2,decode,fp8_e4m3,131072,1,1,1.4129066467285156,0.12925759553909302,44032,75497472,0.03501495346426964
15,16,8,2,decode,fp8_e4m3,131072,8,1,1.8533546129862468,0.19836000204086304,347136,603979776,0.03501495346426964
15,16,8,2,decode,fp8_e4m3,131072,32,1,1.0964586734771729,0.46311678886413576,1388544,2415919104,0.03501495346426964
15,16,8,2,prefill,fp8_e4m3,131072,1,128,4.208330790201823,,1718402560,75497472,0.008806233294308186
15,16,8,2,prefill,fp8_e4m3,131072,1,1024,4.785525321960449,,1744815616,75497472,0.008806233294308186
15,16,8,2,prefill,fp8_e4m3,131072,1,8192,8.954378763834635,,1945503232,75497472,0.008806233294308186
15,16,8,2,decode,fp8_e4m3,524288,1,1,1.4092052777608235,0.16829440593719483,44032,301989888,0.03501495346426964
15,16,8,2,decode,fp8_e4m3,524288,8,1,1.8645866711934407,0.44692158699035645,347136,2415919104,0.03501495346426964
15,16,8,2,decode,fp8_e4m3,524288,32,1,1.8354560534159343,1.5283535957336425,1388544,9663676416,0.03501495346426964
15,16,8,2,prefill,fp8_e4m3,524288,1,128,15.041151682535807,,2773388800,301989888,0.008806233294308186
15,16,8,2,prefill,fp8_e4m3,524288,1,1024,17.09506098429362,,2795128320,301989888,0.008806233294308186
15,16,8,2,prefill,fp8_e4m3,524288,1,8192,32.399574279785156,,2973369856,301989888,0.008806233294308186
15,16,8,2,decode,fp8_e4m3,1048576,1,1,1.9144105911254883,0.2219536066055298,44032,603979776,0.03501495346426964
15,16,8,2,decode,fp8_e4m3,1048576,8,1,1.921888033548991,0.779095983505249,347136,4831838208,0.03501495346426964
15,16,8,2,decode,fp8_e4m3,1048576,32,1,3.2439359029134116,2.9887359619140623,1388544,19327352832,0.03501495346426964
15,16,8,2,prefill,fp8_e4m3,1048576,1,128,29.24976094563802,,3377368576,603979776,0.008806233294308186
15,16,8,2,prefill,fp8_e4m3,1048576,1,1024,32.69159444173177,,3399501312,603979776,0.008806233294308186
15,16,8,2,prefill,fp8_e4m3,1048576,1,8192,63.89777119954427,,3577349632,603979776,0.008806233294308186
15,16,8,2,decode,bfloat16,1024,1,1,1.7299946149190266,0.08981599807739257,43520,1179648,0.006444955710321665
15,16,8,2,decode,bfloat16,1024,8,1,1.8026026089986165,0.09544320106506347,345088,9437184,0.006444955710321665
15,16,8,2,decode,bfloat16,1024,32,1,1.475935935974121,0.11018240451812744,1380352,37748736,0.006444955710321665
15,16,8,2,prefill,bfloat16,1024,1,128,2.5475306510925293,,26870784,1179648,0.004452441353350878
15,16,8,2,prefill,bfloat16,1024,1,1024,1.5860479672749836,,39846912,1179648,0.004452441353350878
15,16,8,2,decode,bfloat16,8192,1,1,1.8828907012939453,0.09621120095252991,43520,9437184,0.006444955710321665
15,16,8,2,decode,bfloat16,8192,8,1,2.000874678293864,0.12031840085983277,345088,75497472,0.006444955710321665
15,16,8,2,decode,bfloat16,8192,32,1,1.5268054008483887,0.16186079978942872,1380352,301989888,0.006444955710321665
15,16,8,2,prefill,bfloat16,8192,1,128,2.454026699066162,,166855680,9437184,0.004452441353350878
15,16,8,2,prefill,bfloat16,8192,1,1024,2.4096852938334146,,190448640,9437184,0.004452441353350878
15,16,8,2,prefill,bfloat16,8192,1,8192,1.6645439465840657,,304612352,9437184,0.004452441353350878
15,16,8,2,decode,bfloat16,32768,1,1,1.8308053016662598,0.11643520593643189,43520,37748736,0.006444955710321665
15,16,8,2,decode,bfloat16,32768,8,1,1.9107200304667156,0.15693600177764894,345088,301989888,0.006444955710321665
15,16,8,2,decode,bfloat16,32768,32,1,1.4770347277323406,0.31555039882659913,1380352,1207959552,0.006444955710321665
15,16,8,2,prefill,bfloat16,32768,1,128,2.6373653411865234,,648299520,37748736,0.004452441353350878
15,16,8,2,prefill,bfloat16,32768,1,1024,2.565173308054606,,672007168,37748736,0.004452441353350878
15,16,8,2,prefill,bfloat16,32768,1,8192,3.710890769958496,,849871872,37748736,0.004452441353350878
15,16,8,2,decode,bfloat16,131072,1,1,2.0472000439961753,0.13871680498123168,43520,150994944,0.006444955710321665
15,16,8,2,decode,bfloat16,131072,8,1,2.045685291290283,0.31898720264434816,345088,1207959552,0.006444955710321665
15,16,8,2,decode,bfloat16,131072,32,1,1.2153279781341553,0.925387191772461,1380352,4831838208,0.006444955710321665
15,16,8,2,prefill,bfloat16,131072,1,128,5.906165440877278,,2576102912,150994944,0.004452441353350878
15,16,8,2,prefill,bfloat16,131072,1,1024,6.564554850260417,,2597192704,150994944,0.004452441353350878
15,16,8,2,prefill,bfloat16,131072,1,8192,10.853546142578125,,2775057408,150994944,0.004452441353350878
15,16,8,2,decode,bfloat16,524288,1,1,1.9563946723937988,0.22879199981689452,43520,603979776,0.006444955710321665
15,16,8,2,decode,bfloat16,524288,8,1,1.875648021697998,0.8866160392761231,345088,4831838208,0.006444955710321665
15,16,8,2,decode,bfloat16,524288,32,1,3.692885398864746,3.3765327453613283,1380352,19327352832,0.006444955710321665
15,16,8,2,prefill,bfloat16,524288,1,128,21.373972574869793,,10292573696,603979776,0.004452441353350878
15,16,8,2,prefill,bfloat16,524288,1,1024,23.621856689453125,,10297934848,603979776,0.004452441353350878
15,16,8,2,prefill,bfloat16,524288,1,8192,41.629547119140625,,10475799552,603979776,0.004452441353350878
15,16,8,2,decode,bfloat16,1048576,1,1,2.004533290863037,0.34509599208831787,43520,1207959552,0.006444955710321665
15,16,8,2,decode,bfloat16,1048576,8,1,2.198410669962565,1.6643056869506836,345088,9663676416,0.006444955710321665
15,16,8,2,decode,bfloat16,1048576,32,1,6.886997222900391,6.575571441650391,1380352,38654705664,0.006444955710321665
15,16,8,2,prefill,bfloat16,1048576,1,128,37.198997497558594,,20581201408,1207959552,0.004452441353350878
15,16,8,2,prefill,bfloat16,1048576,1,1024,41.700459798177086,,20586531328,1207959552,0.004452441353350878
15,16,8,2,prefill,bfloat16,1048576,1,8192,79.40442911783855,,20743455744,1207959552,0.004452441353350878
2,16,16,1,decode,fp8_e4m3,1024,1,1,1.8814506530761719,0.11361440420150756,31744,589824,0.03509664535522461
2,16,16,1,decode,fp8_e4m3,1024,8,1,1.930005391438802,0.10484960079193115,246784,4718592,0.03509664535522461
2,16,16,1,decode,fp8_e4m3,1024,32,1,1.6067946751912434,0.11541600227355957,987136,18874368,0.03509664535522461
2,16,16,1,prefill,fp8_e4m3,1024,1,128,3.0994240442911782,,11076096,589824,0.0076119983568787575
2,16,16,1,prefill,fp8_e4m3,1024,1,1024,1.4091199239095051,,29361152,589824,0.0076119983568787575
2,16,16,1,decode,fp8_e4m3,8192,1,1,1.710485299428304,0.11497119665145875,31744,4718592,0.03509664535522461
2,16,16,1,decode,fp8_e4m3,8192,8,1,1.6486186981201172,0.11864160299301148,246784,37748736,0.03509664535522461
2,16,16,1,decode,fp8_e4m3,8192,32,1,1.7239999771118164,0.15912799835205077,987136,150994944,0.03509664535522461
2,16,16,1,prefill,fp8_e4m3,8192,1,128,3.0448532104492188,,65438208,4718592,0.0076119983568787575
2,16,16,1,prefill,fp8_e4m3,8192,1,1024,2.637653350830078,,80209408,4718592,0.0076119983568787575
2,16,16,1,prefill,fp8_e4m3,8192,1,8192,1.8255467414855957,,215745536,4718592,0.0076119983568787575
2,16,16,1,decode,fp8_e4m3,32768,1,1,1.991136074066162,0.1285856008529663,31744,18874368,0.03509664535522461
2,16,16,1,decode,fp8_e4m3,32768,8,1,1.999008019765218,0.15726399421691895,246784,150994944,0.03509664535522461
2,16,16,1,decode,fp8_e4m3,32768,32,1,1.6593599319458008,0.22632479667663574,987136,603979776,0.03509664535522461
2,16,16,1,prefill,fp8_e4m3,32768,1,128,2.966453234354655,,254820864,18874368,0.0076119983568787575
2,16,16,1,prefill,fp8_e4m3,32768,1,1024,2.9561920166015625,,268297728,18874368,0.0076119983568787575
2,16,16,1,prefill,fp8_e4m3,32768,1,8192,3.0723838806152344,,363529728,18874368,0.0076119983568787575
2,16,16,1,decode,fp8_e4m3,131072,1,1,2.0583465894063315,0.15047199726104737,31744,75497472,0.03509664535522461
2,16,16,1,decode,fp8_e4m3,131072,8,1,1.6215893427530925,0.22179679870605468,246784,603979776,0.03509664535522461
2,16,16,1,decode,fp8_e4m3,131072,32,1,1.7602240244547527,0.48929758071899415,987136,2415919104,0.03509664535522461
2,16,16,1,prefill,fp8_e4m3,131072,1,128,3.762634595235189,,1010139648,75497472,0.0076119983568787575
2,16,16,1,prefill,fp8_e4m3,131072,1,1024,4.479519844055176,,1021568512,75497472,0.0076119983568787575
2,16,16,1,prefill,fp8_e4m3,131072,1,8192,6.6615250905354815,,1119553024,75497472,0.0076119983568787575
2,16,16,1,decode,fp8_e4m3,524288,1,1,2.037855943044027,0.19059200286865235,31744,301989888,0.03509664535522461
2,16,16,1,decode,fp8_e4m3,524288,8,1,2.0056959788004556,0.4667151927947998,246784,2415919104,0.03509664535522461
2,16,16,1,decode,fp8_e4m3,524288,32,1,2.011125405629476,1.5385536193847655,987136,9663676416,0.03509664535522461
2,16,16,1,prefill,fp8_e4m3,524288,1,128,12.28662363688151,,1764125184,301989888,0.0076119983568787575
2,16,16,1,prefill,fp8_e4m3,524288,1,1024,14.11191431681315,,1776756224,301989888,0.0076119983568787575
2,16,16,1,prefill,fp8_e4m3,524288,1,8192,21.545888264973957,,1864697344,301989888,0.0076119983568787575
2,16,16,1,decode,fp8_e4m3,1048576,1,1,1.6497813860575359,0.24553120136260986,31744,603979776,0.03509664535522461
2,16,16,1,decode,fp8_e4m3,1048576,8,1,1.896074612935384,0.8037631988525391,246784,4831838208,0.03509664535522461
2,16,16,1,decode,fp8_e4m3,1048576,32,1,3.2783788045247397,2.973579216003418,987136,19327352832,0.03509664535522461
2,16,16,1,prefill,fp8_e4m3,1048576,1,128,24.32978057861328,,2368104960,603979776,0.0076119983568787575
2,16,16,1,prefill,fp8_e4m3,1048576,1,1024,27.706954956054688,,2381260288,603979776,0.0076119983568787575
2,16,16,1,prefill,fp8_e4m3,1048576,1,8192,42.17969004313151,,2468677120,603979776,0.0076119983568787575
2,16,16,1,decode,bfloat16,1024,1,1,1.9023787180582683,0.10707999467849731,31744,1179648,0.006898726802319288
2,16,16,1,decode,bfloat16,1024,8,1,1.9177066485087078,0.1018671989440918,246784,9437184,0.006898726802319288
2,16,16,1,decode,bfloat16,1024,32,1,1.6417066256205242,0.13405760526657104,987136,37748736,0.006898726802319288
2,16,16,1,prefill,bfloat16,1024,1,128,2.8650986353556314,,15270912,1179648,0.0005409707664512098
2,16,16,1,prefill,bfloat16,1024,1,1024,1.6899733543395996,,28967936,1179648,0.0005409707664512098
2,16,16,1,decode,bfloat16,8192,1,1,1.5653653144836426,0.11253759860992432,31744,9437184,0.006898726802319288
2,16,16,1,decode,bfloat16,8192,8,1,1.5026346842447917,0.14222240447998047,246784,75497472,0.006898726802319288
2,16,16,1,decode,bfloat16,8192,32,1,1.6960533459981282,0.1872607946395874,987136,301989888,0.006898726802319288
2,16,16,1,prefill,bfloat16,8192,1,128,2.8733867009480796,,88245248,9437184,0.0005409707664512098
2,16,16,1,prefill,bfloat16,8192,1,1024,2.775594711303711,,108135424,9437184,0.0005409707664512098
2,16,16,1,prefill,bfloat16,8192,1,8192,1.4554986953735352,,215745536,9437184,0.0005409707664512098
2,16,16,1,decode,bfloat16,32768,1,1,1.589354674021403,0.13664000034332274,31744,37748736,0.006898726802319288
2,16,16,1,decode,bfloat16,32768,8,1,1.5355946222941081,0.17949440479278564,246784,301989888,0.006898726802319288
2,16,16,1,decode,bfloat16,32768,32,1,1.6841813723246257,0.33942561149597167,987136,1207959552,0.006898726802319288
2,16,16,1,prefill,bfloat16,32768,1,128,2.356309254964193,,343737344,37748736,0.0005409707664512098
2,16,16,1,prefill,bfloat16,32768,1,1024,2.946634610493978,,362677248,37748736,0.0005409707664512098
2,16,16,1,prefill,bfloat16,32768,1,8192,3.1795307795206704,,502006784,37748736,0.0005409707664512098
2,16,16,1,decode,bfloat16,131072,1,1,1.9695040384928386,0.16093920469284057,31744,150994944,0.006898726802319288
2,16,16,1,decode,bfloat16,131072,8,1,1.4847359657287598,0.33938720226287844,246784,1207959552,0.006898726802319288
2,16,16,1,decode,bfloat16,131072,32,1,1.4910186131795247,0.9486191749572754,987136,4831838208,0.006898726802319288
2,16,16,1,prefill,bfloat16,131072,1,128,4.15334415435791,,1366111744,150994944,0.0005409707664512098
2,16,16,1,prefill,bfloat16,131072,1,1024,4.755605379740397,,1381893120,150994944,0.0005409707664512098
2,16,16,1,prefill,bfloat16,131072,1,8192,7.016042709350586,,1522271232,150994944,0.0005409707664512098
2,16,16,1,decode,bfloat16,524288,1,1,1.913823922475179,0.25011041164398196,31744,603979776,0.006898726802319288
2,16,16,1,decode,bfloat16,524288,8,1,2.008298714955648,0.9112319946289062,246784,4831838208,0.006898726802319288
2,16,16,1,decode,bfloat16,524288,32,1,3.684085210164388,3.395604705810547,987136,19327352832,0.006898726802319288
2,16,16,1,prefill,bfloat16,524288,1,128,14.091082255045572,,5458703872,603979776,0.0005409707664512098
2,16,16,1,prefill,bfloat16,524288,1,1024,16.335797627766926,,5462411776,603979776,0.0005409707664512098
2,16,16,1,prefill,bfloat16,524288,1,8192,24.381268819173176,,5599134720,603979776,0.0005409707664512098
2,16,16,1,decode,bfloat16,1048576,1,1,1.979530652364095,0.3637856006622314,31744,1207959552,0.006898726802319288
2,16,16,1,decode,bfloat16,1048576,8,1,2.038431962331136,1.6901103973388671,246784,9663676416,0.006898726802319288
2,16,16,1,decode,bfloat16,1048576,32,1,6.878208160400391,6.570425415039063,987136,38654705664,0.006898726802319288
2,16,16,1,prefill,bfloat16,1048576,1,128,27.453470865885418,,10915493376,1207959552,0.0005409707664512098
2,16,16,1,prefill,bfloat16,1048576,1,1024,31.827105204264324,,10918652416,1207959552,0.0005409707664512098
2,16,16,1,prefill,bfloat16,1048576,1,8192,48.68158976236979,,11034952704,1207959552,0.0005409707664512098
2,16,8,2,decode,fp8_e4m3,1024,1,1,2.513685385386149,0.0906495988368988,44032,589824,0.03501495346426964
2,16,8,2,decode,fp8_e4m3,1024,8,1,2.427786668141683,0.0964128017425537,347136,4718592,0.03501495346426964
2,16,8,2,decode,fp8_e4m3,1024,32,1,1.8380053838094075,0.10862400531768798,1388544,18874368,0.03501495346426964
2,16,8,2,prefill,fp8_e4m3,1024,1,128,3.2128000259399414,,18824704,589824,0.008806233294308186
2,16,8,2,prefill,fp8_e4m3,1024,1,1024,1.2483092943827312,,39846912,589824,0.008806233294308186
2,16,8,2,decode,fp8_e4m3,8192,1,1,2.447968006134033,0.09734879732131958,44032,4718592,0.03501495346426964
2,16,8,2,decode,fp8_e4m3,8192,8,1,1.661952018737793,0.11462559700012206,347136,37748736,0.03501495346426964
2,16,8,2,decode,fp8_e4m3,8192,32,1,1.185546636581421,0.13454400300979613,1388544,150994944,0.03501495346426964
2,16,8,2,prefill,fp8_e4m3,8192,1,128,2.3625280062357583,,113786368,4718592,0.008806233294308186
2,16,8,2,prefill,fp8_e4m3,8192,1,1024,2.717535972595215,,140494336,4718592,0.008806233294308186
2,16,8,2,prefill,fp8_e4m3,8192,1,8192,1.5091733932495117,,304612352,4718592,0.008806233294308186
2,16,8,2,decode,fp8_e4m3,32768,1,1,1.5735146204630535,0.11374560594558716,44032,18874368,0.03501495346426964
2,16,8,2,decode,fp8_e4m3,32768,8,1,1.570474624633789,0.13294399976730348,347136,150994944,0.03501495346426964
2,16,8,2,decode,fp8_e4m3,32768,32,1,1.2008106708526611,0.20227360725402832,1388544,603979776,0.03501495346426964
2,16,8,2,prefill,fp8_e4m3,32768,1,128,2.5761067072550454,,434945536,18874368,0.008806233294308186
2,16,8,2,prefill,fp8_e4m3,32768,1,1024,3.0291945139567056,,462407168,18874368,0.008806233294308186
2,16,8,2,prefill,fp8_e4m3,32768,1,8192,3.628320058186849,,662046208,18874368,0.008806233294308186
2,16,8,2,decode,fp8_e4m3,131072,1,1,1.6055787404378254,0.12963520288467406,44032,75497472,0.03501495346426964
2,16,8,2,decode,fp8_e4m3,131072,8,1,1.5824534098307292,0.19774559736251832,347136,603979776,0.03501495346426964
2,16,8,2,decode,fp8_e4m3,131072,32,1,1.217845360438029,0.462113618850708,1388544,2415919104,0.03501495346426964
2,16,8,2,prefill,fp8_e4m3,131072,1,128,4.675381342569987,,1718402560,75497472,0.008806233294308186
2,16,8,2,prefill,fp8_e4m3,131072,1,1024,4.843146642049153,,1744815616,75497472,0.008806233294308186
2,16,8,2,prefill,fp8_e4m3,131072,1,8192,8.8711789449056,,1945503232,75497472,0.008806233294308186
2,16,8,2,decode,fp8_e4m3,524288,1,1,1.5792427062988281,0.16687359809875488,44032,301989888,0.03501495346426964
2,16,8,2,decode,fp8_e4m3,524288,8,1,2.300992012023926,0.44815359115600584,347136,2415919104,0.03501495346426964
2,16,8,2,decode,fp8_e4m3,524288,32,1,2.030207951863607,1.5203120231628418,1388544,9663676416,0.03501495346426964
2,16,8,2,prefill,fp8_e4m3,524288,1,128,15.45529556274414,,2773388800,301989888,0.008806233294308186
2,16,8,2,prefill,fp8_e4m3,524288,1,1024,17.27869923909505,,2795128320,301989888,0.008806233294308186
2,16,8,2,prefill,fp8_e4m3,524288,1,8192,32.27348327636719,,2973369856,301989888,0.008806233294308186
2,16,8,2,decode,fp8_e4m3,1048576,1,1,1.5424853960673015,0.221943998336792,44032,603979776,0.03501495346426964
2,16,8,2,decode,fp8_e4m3,1048576,8,1,2.3011840184529624,0.7793263912200927,347136,4831838208,0.03501495346426964
2,16,8,2,decode,fp8_e4m3,1048576,32,1,3.3130133946736655,2.9901647567749023,1388544,19327352832,0.03501495346426964
2,16,8,2,prefill,fp8_e4m3,1048576,1,128,29.54429880777995,,3377368576,603979776,0.008806233294308186
2,16,8,2,prefill,fp8_e4m3,1048576,1,1024,33.41460164388021,,3399501312,603979776,0.008806233294308186
2,16,8,2,prefill,fp8_e4m3,1048576,1,8192,63.16956583658854,,3577349632,603979776,0.008806233294308186
2,16,8,2,decode,bfloat16,1024,1,1,2.172661304473877,0.08842719793319702,43520,1179648,0.006444955710321665
2,16,8,2,decode,bfloat16,1024,8,1,2.184351921081543,0.0951520025730133,345088,9437184,0.006444955710321665
2,16,8,2,decode,bfloat16,1024,32,1,1.6815253893534343,0.10996799468994141,1380352,37748736,0.006444955710321665
2,16,8,2,prefill,bfloat16,1024,1,128,2.812906583150228,,26870784,1179648,0.004452441353350878
2,16,8,2,prefill,bfloat16,1024,1,1024,1.8077866236368816,,39846912,1179648,0.004452441353350878
2,16,8,2,decode,bfloat16,8192,1,1,2.2540159225463867,0.09513919949531555,43520,9437184,0.006444955710321665
2,16,8,2,decode,bfloat16,8192,8,1,2.3037120501200357,0.12011040449142456,345088,75497472,0.006444955710321665
2,16,8,2,decode,bfloat16,8192,32,1,1.11572265625,0.16155359745025635,1380352,301989888,0.006444955710321665
2,16,8,2,prefill,bfloat16,8192,1,128,2.883829434712728,,166855680,9437184,0.004452441353350878
2,16,8,2,prefill,bfloat16,8192,1,1024,2.8723198572794595,,190448640,9437184,0.004452441353350878
2,16,8,2,prefill,bfloat16,8192,1,8192,1.8495573997497559,,304612352,9437184,0.004452441353350878
2,16,8,2,decode,bfloat16,32768,1,1,2.218389352162679,0.11595200300216675,43520,37748736,0.006444955710321665
2,16,8,2,decode,bfloat16,32768,8,1,1.5816319783528645,0.1562432050704956,345088,301989888,0.006444955710321665
2,16,8,2,decode,bfloat16,32768,32,1,1.4807039896647136,0.31604800224304197,1380352,1207959552,0.006444955710321665
2,16,8,2,prefill,bfloat16,32768,1,128,3.1123733520507812,,648299520,37748736,0.004452441353350878
2,16,8,2,prefill,bfloat16,32768,1,1024,2.9753281275431314,,672007168,37748736,0.004452441353350878
2,16,8,2,prefill,bfloat16,32768,1,8192,3.8613974253336587,,849871872,37748736,0.004452441353350878
2,16,8,2,decode,bfloat16,131072,1,1,2.3753280639648438,0.13788479566574097,43520,150994944,0.006444955710321665
2,16,8,2,decode,bfloat16,131072,8,1,2.178208033243815,0.3189296007156372,345088,1207959552,0.006444955710321665
2,16,8,2,decode,bfloat16,131072,32,1,1.6102399826049805,0.9259087562561035,1380352,4831838208,0.006444955710321665
2,16,8,2,prefill,bfloat16,131072,1,128,5.958058675130208,,2576102912,150994944,0.004452441353350878
2,16,8,2,prefill,bfloat16,131072,1,1024,6.453023910522461,,2597192704,150994944,0.004452441353350878
2,16,8,2,prefill,bfloat16,131072,1,8192,10.755498250325521,,2775057408,150994944,0.004452441353350878
2,16,8,2,decode,bfloat16,524288,1,1,2.179925282796224,0.22645440101623535,43520,603979776,0.006444955710321665
2,16,8,2,decode,bfloat16,524288,8,1,2.2121599515279136,0.8869327545166016,345088,4831838208,0.006444955710321665
2,16,8,2,decode,bfloat16,524288,32,1,3.7487147649129233,3.3789886474609374,1380352,19327352832,0.006444955710321665
2,16,8,2,prefill,bfloat16,524288,1,128,21.389055887858074,,10292573696,603979776,0.004452441353350878
2,16,8,2,prefill,bfloat16,524288,1,1024,23.51592508951823,,10297934848,603979776,0.004452441353350878
2,16,8,2,prefill,bfloat16,524288,1,8192,41.09911346435547,,10475799552,603979776,0.004452441353350878
2,16,8,2,decode,bfloat16,1048576,1,1,1.6973973910013835,0.3431328058242798,43520,1207959552,0.006444955710321665
2,16,8,2,decode,bfloat16,1048576,8,1,2.377375920613607,1.6669807434082031,345088,9663676416,0.006444955710321665
2,16,8,2,decode,bfloat16,1048576,32,1,6.9467519124348955,6.576262664794922,1380352,38654705664,0.006444955710321665
2,16,8,2,prefill,bfloat16,1048576,1,128,37.09887949625651,,20581201408,1207959552,0.004452441353350878
2,16,8,2,prefill,bfloat16,1048576,1,1024,41.528394063313804,,20586531328,1207959552,0.004452441353350878
2,16,8,2,prefill,bfloat16,1048576,1,8192,78.06326293945312,,20743455744,1207959552,0.004452441353350878
3,16,16,1,decode,fp8_e4m3,1024,1,1,1.8811626434326172,0.1134943962097168,31744,589824,0.03509664535522461
3,16,16,1,decode,fp8_e4m3,1024,8,1,1.9295573234558105,0.10466239452362061,246784,4718592,0.03509664535522461
3,16,16,1,decode,fp8_e4m3,1024,32,1,1.605247974395752,0.11543200016021729,987136,18874368,0.03509664535522461
3,16,16,1,prefill,fp8_e4m3,1024,1,128,3.099562644958496,,11076096,589824,0.0076119983568787575
3,16,16,1,prefill,fp8_e4m3,1024,1,1024,1.4094613393147786,,29361152,589824,0.0076119983568787575
3,16,16,1,decode,fp8_e4m3,8192,1,1,1.712234656016032,0.1147968053817749,31744,4718592,0.03509664535522461
3,16,16,1,decode,fp8_e4m3,8192,8,1,1.6486080487569172,0.11842080354690551,246784,37748736,0.03509664535522461
3,16,16,1,decode,fp8_e4m3,8192,32,1,1.7237653732299805,0.15909279584884645,987136,150994944,0.03509664535522461
3,16,16,1,prefill,fp8_e4m3,8192,1,128,3.0445547103881836,,65438208,4718592,0.0076119983568787575
3,16,16,1,prefill,fp8_e4m3,8192,1,1024,2.637898604075114,,80209408,4718592,0.0076119983568787575
3,16,16,1,prefill,fp8_e4m3,8192,1,8192,1.825226624806722,,215745536,4718592,0.0076119983568787575
3,16,16,1,decode,fp8_e4m3,32768,1,1,1.9912746747334797,0.12843359708786012,31744,18874368,0.03509664535522461
3,16,16,1,decode,fp8_e4m3,32768,8,1,1.993343989054362,0.15722719430923462,246784,150994944,0.03509664535522461
3,16,16,1,decode,fp8_e4m3,32768,32,1,1.6596906979878743,0.2262160062789917,987136,603979776,0.03509664535522461
3,16,16,1,prefill,fp8_e4m3,32768,1,128,2.965557416280111,,254820864,18874368,0.0076119983568787575
3,16,16,1,prefill,fp8_e4m3,32768,1,1024,2.9553492863972983,,268297728,18874368,0.0076119983568787575
3,16,16,1,prefill,fp8_e4m3,32768,1,8192,3.071989377339681,,363529728,18874368,0.0076119983568787575
3,16,16,1,decode,fp8_e4m3,131072,1,1,2.056800047556559,0.1503712058067322,31744,75497472,0.03509664535522461
3,16,16,1,decode,fp8_e4m3,131072,8,1,1.6207466125488281,0.22172160148620607,246784,603979776,0.03509664535522461
3,16,16,1,decode,fp8_e4m3,131072,32,1,1.760266621907552,0.48913121223449707,987136,2415919104,0.03509664535522461
3,16,16,1,prefill,fp8_e4m3,131072,1,128,3.762474695841471,,1010139648,75497472,0.0076119983568787575
3,16,16,1,prefill,fp8_e4m3,131072,1,1024,4.479658762613933,,1021568512,75497472,0.0076119983568787575
3,16,16,1,prefill,fp8_e4m3,131072,1,8192,6.661823908487956,,1119553024,75497472,0.0076119983568787575
3,16,16,1,decode,fp8_e4m3,524288,1,1,2.037322680155436,0.19032640457153321,31744,301989888,0.03509664535522461
3,16,16,1,decode,fp8_e4m3,524288,8,1,2.004746596018473,0.4665520191192627,246784,2415919104,0.03509664535522461
3,16,16,1,decode,fp8_e4m3,524288,32,1,2.011221408843994,1.53853759765625,987136,9663676416,0.03509664535522461
3,16,16,1,prefill,fp8_e4m3,524288,1,128,12.28610102335612,,1764125184,301989888,0.0076119983568787575
3,16,16,1,prefill,fp8_e4m3,524288,1,1024,14.112021128336588,,1776756224,301989888,0.0076119983568787575
3,16,16,1,prefill,fp8_e4m3,524288,1,8192,21.546175638834637,,1864697344,301989888,0.0076119983568787575
3,16,16,1,decode,fp8_e4m3,1048576,1,1,1.647509256998698,0.24539039134979249,31744,603979776,0.03509664535522461
3,16,16,1,decode,fp8_e4m3,1048576,8,1,1.896000067392985,0.8036432266235352,246784,4831838208,0.03509664535522461
3,16,16,1,decode,fp8_e4m3,1048576,32,1,3.2778453826904297,2.973110389709473,987136,19327352832,0.03509664535522461
3,16,16,1,prefill,fp8_e4m3,1048576,1,128,24.329556783040363,,2368104960,603979776,0.0076119983568787575
3,16,16,1,prefill,fp8_e4m3,1048576,1,1024,27.707061767578125,,2381260288,603979776,0.0076119983568787575
3,16,16,1,prefill,fp8_e4m3,1048576,1,8192,42.17950948079427,,2468677120,603979776,0.0076119983568787575
3,16,16,1,decode,bfloat16,1024,1,1,1.902389367421468,0.10677920579910279,31744,1179648,0.006898726802319288
3,16,16,1,decode,bfloat16,1024,8,1,1.918517271677653,0.10163840055465698,246784,9437184,0.006898726802319288
3,16,16,1,decode,bfloat16,1024,32,1,1.6413332621256511,0.13392800092697144,987136,37748736,0.006898726802319288
3,16,16,1,prefill,bfloat16,1024,1,128,2.864586512247721,,15270912,1179648,0.0005409707664512098
3,16,16,1,prefill,bfloat16,1024,1,1024,1.6896640459696453,,28967936,1179648,0.0005409707664512098
3,16,16,1,decode,bfloat16,8192,1,1,1.5652906099955242,0.11243040561676025,31744,9437184,0.006898726802319288
3,16,16,1,decode,bfloat16,8192,8,1,1.5021759668986003,0.1421072006225586,246784,75497472,0.006898726802319288
3,16,16,1,decode,bfloat16,8192,32,1,1.695306619008382,0.18712639808654785,987136,301989888,0.006898726802319288
3,16,16,1,prefill,bfloat16,8192,1,128,2.872629483540853,,88245248,9437184,0.0005409707664512098
3,16,16,1,prefill,bfloat16,8192,1,1024,2.7756694157918296,,108135424,9437184,0.0005409707664512098
3,16,16,1,prefill,bfloat16,8192,1,8192,1.4559466044108074,,215745536,9437184,0.0005409707664512098
3,16,16,1,decode,bfloat16,32768,1,1,1.5900586446126301,0.13652640581130981,31744,37748736,0.006898726802319288
3,16,16,1,decode,bfloat16,32768,8,1,1.5353919665018718,0.1794816017150879,246784,301989888,0.006898726802319288
3,16,16,1,decode,bfloat16,32768,32,1,1.682538668314616,0.3392224073410034,987136,1207959552,0.006898726802319288
3,16,16,1,prefill,bfloat16,32768,1,128,2.3574719429016113,,343737344,37748736,0.0005409707664512098
3,16,16,1,prefill,bfloat16,32768,1,1024,2.947200139363607,,362677248,37748736,0.0005409707664512098
3,16,16,1,prefill,bfloat16,32768,1,8192,3.178805351257324,,502006784,37748736,0.0005409707664512098
3,16,16,1,decode,bfloat16,131072,1,1,1.969216028849284,0.16140639781951904,31744,150994944,0.006898726802319288
3,16,16,1,decode,bfloat16,131072,8,1,1.4840213457743328,0.33930239677429197,246784,1207959552,0.006898726802319288
3,16,16,1,decode,bfloat16,131072,32,1,1.4907946586608887,0.9486031532287598,987136,4831838208,0.006898726802319288
3,16,16,1,prefill,bfloat16,131072,1,128,4.153471946716309,,1366111744,150994944,0.0005409707664512098
3,16,16,1,prefill,bfloat16,131072,1,1024,4.7554880777994795,,1381893120,150994944,0.0005409707664512098
3,16,16,1,prefill,bfloat16,131072,1,8192,7.016415913899739,,1522271232,150994944,0.0005409707664512098
3,16,16,1,decode,bfloat16,524288,1,1,1.9138986269632976,0.24911038875579833,31744,603979776,0.006898726802319288
3,16,16,1,decode,bfloat16,524288,8,1,2.007808049519857,0.911184024810791,246784,4831838208,0.006898726802319288
3,16,16,1,decode,bfloat16,524288,32,1,3.683317184448242,3.3959728240966798,987136,19327352832,0.006898726802319288
3,16,16,1,prefill,bfloat16,524288,1,128,14.092629750569662,,5458703872,603979776,0.0005409707664512098
3,16,16,1,prefill,bfloat16,524288,1,1024,16.33629862467448,,5462411776,603979776,0.0005409707664512098
3,16,16,1,prefill,bfloat16,524288,1,8192,24.381024678548176,,5599134720,603979776,0.0005409707664512098
3,16,16,1,decode,bfloat16,1048576,1,1,1.979317347208659,0.3640784025192261,31744,1207959552,0.006898726802319288
3,16,16,1,decode,bfloat16,1048576,8,1,2.0383787155151367,1.6903087615966796,246784,9663676416,0.006898726802319288
3,16,16,1,decode,bfloat16,1048576,32,1,6.8784637451171875,6.570130920410156,987136,38654705664,0.006898726802319288
3,16,16,1,prefill,bfloat16,1048576,1,128,27.454622904459637,,10915493376,1207959552,0.0005409707664512098
3,16,16,1,prefill,bfloat16,1048576,1,1024,31.827646891276043,,10918652416,1207959552,0.0005409707664512098
3,16,16,1,prefill,bfloat16,1048576,1,8192,48.68095906575521,,11034952704,1207959552,0.0005409707664512098
3,16,8,2,decode,fp8_e4m3,1024,1,1,2.5144426027933755,0.09048960208892823,44032,589824,0.03501495346426964
3,16,8,2,decode,fp8_e4m3,1024,8,1,2.4282453854878745,0.09642400145530701,347136,4718592,0.03501495346426964
3,16,8,2,decode,fp8_e4m3,1024,32,1,1.8376320203145344,0.10832159519195557,1388544,18874368,0.03501495346426964
3,16,8,2,prefill,fp8_e4m3,1024,1,128,3.212789217631022,,18824704,589824,0.008806233294308186
3,16,8,2,prefill,fp8_e4m3,1024,1,1024,1.2492586771647136,,39846912,589824,0.008806233294308186
3,16,8,2,decode,fp8_e4m3,8192,1,1,2.448202610015869,0.0970848023891449,44032,4718592,0.03501495346426964
3,16,8,2,decode,fp8_e4m3,8192,8,1,1.6622293790181477,0.11429120302200317,347136,37748736,0.03501495346426964
3,16,8,2,decode,fp8_e4m3,8192,32,1,1.185429334640503,0.13441599607467652,1388544,150994944,0.03501495346426964
3,16,8,2,prefill,fp8_e4m3,8192,1,128,2.3623785972595215,,113786368,4718592,0.008806233294308186
3,16,8,2,prefill,fp8_e4m3,8192,1,1024,2.7180585861206055,,140494336,4718592,0.008806233294308186
3,16,8,2,prefill,fp8_e4m3,8192,1,8192,1.5089279810587566,,304612352,4718592,0.008806233294308186
3,16,8,2,decode,fp8_e4m3,32768,1,1,1.5735146204630535,0.11350079774856567,44032,18874368,0.03501495346426964
3,16,8,2,decode,fp8_e4m3,32768,8,1,1.569493293762207,0.1325935959815979,347136,150994944,0.03501495346426964
3,16,8,2,decode,fp8_e4m3,32768,32,1,1.2009066740671794,0.20218079090118407,1388544,603979776,0.03501495346426964
3,16,8,2,prefill,fp8_e4m3,32768,1,128,2.576042652130127,,434945536,18874368,0.008806233294308186
3,16,8,2,prefill,fp8_e4m3,32768,1,1024,3.0297600428263345,,462407168,18874368,0.008806233294308186
3,16,8,2,prefill,fp8_e4m3,32768,1,8192,3.6296958923339844,,662046208,18874368,0.008806233294308186
3,16,8,2,decode,fp8_e4m3,131072,1,1,1.6052266756693523,0.1294160008430481,44032,75497472,0.03501495346426964
3,16,8,2,decode,fp8_e4m3,131072,8,1,1.5828053156534831,0.19763679504394532,347136,603979776,0.03501495346426964
3,16,8,2,decode,fp8_e4m3,131072,32,1,1.2175573507944744,0.4619056224822998,1388544,2415919104,0.03501495346426964
3,16,8,2,prefill,fp8_e4m3,131072,1,128,4.67574405670166,,1718402560,75497472,0.008806233294308186
3,16,8,2,prefill,fp8_e4m3,131072,1,1024,4.843935966491699,,1744815616,75497472,0.008806233294308186
3,16,8,2,prefill,fp8_e4m3,131072,1,8192,8.870719909667969,,1945503232,75497472,0.008806233294308186
3,16,8,2,decode,fp8_e4m3,524288,1,1,1.5795092582702637,0.16670240163803102,44032,301989888,0.03501495346426964
3,16,8,2,decode,fp8_e4m3,524288,8,1,2.301344076792399,0.4480303764343262,347136,2415919104,0.03501495346426964
3,16,8,2,decode,fp8_e4m3,524288,32,1,2.0296640396118164,1.5203392028808593,1388544,9663676416,0.03501495346426964
3,16,8,2,prefill,fp8_e4m3,524288,1,128,15.456928253173828,,2773388800,301989888,0.008806233294308186
3,16,8,2,prefill,fp8_e4m3,524288,1,1024,17.278911590576172,,2795128320,301989888,0.008806233294308186
3,16,8,2,prefill,fp8_e4m3,524288,1,8192,32.27444203694662,,2973369856,301989888,0.008806233294308186
3,16,8,2,decode,fp8_e4m3,1048576,1,1,1.5420373280843098,0.22186720371246338,44032,603979776,0.03501495346426964
3,16,8,2,decode,fp8_e4m3,1048576,8,1,2.301077365875244,0.7793856143951416,347136,4831838208,0.03501495346426964
3,16,8,2,decode,fp8_e4m3,1048576,32,1,3.3127145767211914,2.990177536010742,1388544,19327352832,0.03501495346426964
3,16,8,2,prefill,fp8_e4m3,1048576,1,128,29.545270284016926,,3377368576,603979776,0.008806233294308186
3,16,8,2,prefill,fp8_e4m3,1048576,1,1024,33.415018717447914,,3399501312,603979776,0.008806233294308186
3,16,8,2,prefill,fp8_e4m3,1048576,1,8192,63.16942850748698,,3577349632,603979776,0.008806233294308186
3,16,8,2,decode,bfloat16,1024,1,1,2.1730240186055503,0.08856319785118102,43520,1179648,0.006444955710321665
3,16,8,2,decode,bfloat16,1024,8,1,2.1845226287841797,0.09480000138282776,345088,9437184,0.006444955710321665
3,16,8,2,decode,bfloat16,1024,32,1,1.680415948232015,0.10987999439239501,1380352,37748736,0.006444955710321665
3,16,8,2,prefill,bfloat16,1024,1,128,2.8133761088053384,,26870784,1179648,0.004452441353350878
3,16,8,2,prefill,bfloat16,1024,1,1024,1.8079147338867188,,39846912,1179648,0.004452441353350878
3,16,8,2,decode,bfloat16,8192,1,1,2.254197279612223,0.09509119987487794,43520,9437184,0.006444955710321665
3,16,8,2,decode,bfloat16,8192,8,1,2.305247942606608,0.11991360187530517,345088,75497472,0.006444955710321665
3,16,8,2,decode,bfloat16,8192,32,1,1.116426706314087,0.16168800592422486,1380352,301989888,0.006444955710321665
3,16,8,2,prefill,bfloat16,8192,1,128,2.883829434712728,,166855680,9437184,0.004452441353350878
3,16,8,2,prefill,bfloat16,8192,1,1024,2.872981389363607,,190448640,9437184,0.004452441353350878
3,16,8,2,prefill,bfloat16,8192,1,8192,1.8499306042989094,,304612352,9437184,0.004452441353350878
3,16,8,2,decode,bfloat16,32768,1,1,2.217621326446533,0.11561599969863892,43520,37748736,0.006444955710321665
3,16,8,2,decode,bfloat16,32768,8,1,1.581557273864746,0.15604640245437623,345088,301989888,0.006444955710321665
3,16,8,2,decode,bfloat16,32768,32,1,1.480629285176595,0.3159183979034424,1380352,1207959552,0.006444955710321665
3,16,8,2,prefill,bfloat16,32768,1,128,3.113386789957682,,648299520,37748736,0.004452441353350878
3,16,8,2,prefill,bfloat16,32768,1,1024,2.975872039794922,,672007168,37748736,0.004452441353350878
3,16,8,2,prefill,bfloat16,32768,1,8192,3.861226717631022,,849871872,37748736,0.004452441353350878
3,16,8,2,decode,bfloat16,131072,1,1,2.3758506774902344,0.13763680458068847,43520,150994944,0.006444955710321665
3,16,8,2,decode,bfloat16,131072,8,1,2.177578608194987,0.3188080072402954,345088,1207959552,0.006444955710321665
3,16,8,2,decode,bfloat16,131072,32,1,1.6091626485188801,0.9256064414978027,1380352,4831838208,0.006444955710321665
3,16,8,2,prefill,bfloat16,131072,1,128,5.9574400583903,,2576102912,150994944,0.004452441353350878
3,16,8,2,prefill,bfloat16,131072,1,1024,6.45420773824056,,2597192704,150994944,0.004452441353350878
3,16,8,2,prefill,bfloat16,131072,1,8192,10.757909138997396,,2775057408,150994944,0.004452441353350878
3,16,8,2,decode,bfloat16,524288,1,1,2.1799467404683432,0.2262655973434448,43520,603979776,0.006444955710321665
3,16,8,2,decode,bfloat16,524288,8,1,2.210965315500895,0.8868880271911621,345088,4831838208,0.006444955710321665
3,16,8,2,decode,bfloat16,524288,32,1,3.7485974629720054,3.3786415100097655,1380352,19327352832,0.006444955710321665
3,16,8,2,prefill,bfloat16,524288,1,128,21.391136169433594,,10292573696,603979776,0.004452441353350878
3,16,8,2,prefill,bfloat16,524288,1,1024,23.51817576090495,,10297934848,603979776,0.004452441353350878
3,16,8,2,prefill,bfloat16,524288,1,8192,41.10025533040365,,10475799552,603979776,0.004452441353350878
3,16,8,2,decode,bfloat16,1048576,1,1,1.69758939743042,0.3429152011871338,43520,1207959552,0.006444955710321665
3,16,8,2,decode,bfloat16,1048576,8,1,2.37664000193278,1.6669631958007813,345088,9663676416,0.006444955710321665
3,16,8,2,decode,bfloat16,1048576,32,1,6.947530746459961,6.576273345947266,1380352,38654705664,0.006444955710321665
3,16,8,2,prefill,bfloat16,1048576,1,128,37.099456787109375,,20581201408,1207959552,0.004452441353350878
3,16,8,2,prefill,bfloat16,1048576,1,1024,41.528917948404946,,20586531328,1207959552,0.004452441353350878
3,16,8,2,prefill,bfloat16,1048576,1,8192,78.0610860188802,,20743455744,1207959552,0.004452441353350878
4,16,16,1,decode,fp8_e4m3,1024,1,1,1.8856639862060547,0.11303679943084717,31744,589824,0.03509664535522461
4,16,16,1,decode,fp8_e4m3,1024,8,1,1.9282453854878743,0.1046064019203186,246784,4718592,0.03509664535522461
4,16,16,1,decode,fp8_e4m3,1024,32,1,1.6088746388753254,0.11507200002670288,987136,18874368,0.03509664535522461
4,16,16,1,prefill,fp8_e4m3,1024,1,128,3.0983254114786782,,11076096,589824,0.0076119983568787575
4,16,16,1,prefill,fp8_e4m3,1024,1,1024,1.4494825998942058,,29361152,589824,0.0076119983568787575
4,16,16,1,decode,fp8_e4m3,8192,1,1,1.7071679433186848,0.11476960182189941,31744,4718592,0.03509664535522461
4,16,16,1,decode,fp8_e4m3,8192,8,1,1.635093371073405,0.11787840127944946,246784,37748736,0.03509664535522461
4,16,16,1,decode,fp8_e4m3,8192,32,1,1.7241387367248535,0.15813920497894288,987136,150994944,0.03509664535522461
4,16,16,1,prefill,fp8_e4m3,8192,1,128,3.0463574727376304,,65438208,4718592,0.0076119983568787575
4,16,16,1,prefill,fp8_e4m3,8192,1,1024,2.625610669453939,,80209408,4718592,0.0076119983568787575
4,16,16,1,prefill,fp8_e4m3,8192,1,8192,1.8183892567952473,,215745536,4718592,0.0076119983568787575
4,16,16,1,decode,fp8_e4m3,32768,1,1,1.9918400446573894,0.1285807967185974,31744,18874368,0.03509664535522461
4,16,16,1,decode,fp8_e4m3,32768,8,1,2.0000106493631997,0.1564144015312195,246784,150994944,0.03509664535522461
4,16,16,1,decode,fp8_e4m3,32768,32,1,1.6600106557210286,0.2259743928909302,987136,603979776,0.03509664535522461
4,16,16,1,prefill,fp8_e4m3,32768,1,128,2.967946688334147,,254820864,18874368,0.0076119983568787575
4,16,16,1,prefill,fp8_e4m3,32768,1,1024,2.950175921122233,,268297728,18874368,0.0076119983568787575
4,16,16,1,prefill,fp8_e4m3,32768,1,8192,3.0652478535970054,,363529728,18874368,0.0076119983568787575
4,16,16,1,decode,fp8_e4m3,131072,1,1,2.0597119331359863,0.15048320293426515,31744,75497472,0.03509664535522461
4,16,16,1,decode,fp8_e4m3,131072,8,1,1.6188373565673828,0.22087199687957765,246784,603979776,0.03509664535522461
4,16,16,1,decode,fp8_e4m3,131072,32,1,1.7591466903686523,0.48918399810791013,987136,2415919104,0.03509664535522461
4,16,16,1,prefill,fp8_e4m3,131072,1,128,3.7607574462890625,,1010139648,75497472,0.0076119983568787575
4,16,16,1,prefill,fp8_e4m3,131072,1,1024,4.470837275187175,,1021568512,75497472,0.0076119983568787575
4,16,16,1,prefill,fp8_e4m3,131072,1,8192,6.654837290445964,,1119553024,75497472,0.0076119983568787575
4,16,16,1,decode,fp8_e4m3,524288,1,1,2.041920026143392,0.19038399457931518,31744,301989888,0.03509664535522461
4,16,16,1,decode,fp8_e4m3,524288,8,1,2.0074987411499023,0.466593599319458,246784,2415919104,0.03509664535522461
4,16,16,1,decode,fp8_e4m3,524288,32,1,2.0031679471333823,1.5374048233032227,987136,9663676416,0.03509664535522461
4,16,16,1,prefill,fp8_e4m3,524288,1,128,12.285675048828125,,1764125184,301989888,0.0076119983568787575
4,16,16,1,prefill,fp8_e4m3,524288,1,1024,14.109205881754557,,1776756224,301989888,0.0076119983568787575
4,16,16,1,prefill,fp8_e4m3,524288,1,8192,21.542699178059895,,1864697344,301989888,0.0076119983568787575
4,16,16,1,decode,fp8_e4m3,1048576,1,1,1.6474026044209797,0.24546399116516113,31744,603979776,0.03509664535522461
4,16,16,1,decode,fp8_e4m3,1048576,8,1,1.8910932540893555,0.8031904220581054,246784,4831838208,0.03509664535522461
4,16,16,1,decode,fp8_e4m3,1048576,32,1,3.2776638666788735,2.9724639892578124,987136,19327352832,0.03509664535522461
4,16,16,1,prefill,fp8_e4m3,1048576,1,128,24.32264455159505,,2368104960,603979776,0.0076119983568787575
4,16,16,1,prefill,fp8_e4m3,1048576,1,1024,27.69915771484375,,2381260288,603979776,0.0076119983568787575
4,16,16,1,prefill,fp8_e4m3,1048576,1,8192,42.17299143473307,,2468677120,603979776,0.0076119983568787575
4,16,16,1,decode,bfloat16,1024,1,1,1.8991039594014485,0.10703840255737304,31744,1179648,0.006898726802319288
4,16,16,1,decode,bfloat16,1024,8,1,1.9273386001586914,0.101692795753479,246784,9437184,0.006898726802319288
4,16,16,1,decode,bfloat16,1024,32,1,1.639893372853597,0.1336143970489502,987136,37748736,0.006898726802319288
4,16,16,1,prefill,bfloat16,1024,1,128,2.860960006713867,,15270912,1179648,0.0005409707664512098
4,16,16,1,prefill,bfloat16,1024,1,1024,1.6856106122334797,,28967936,1179648,0.0005409707664512098
4,16,16,1,decode,bfloat16,8192,1,1,1.5656213760375977,0.11240320205688477,31744,9437184,0.006898726802319288
4,16,16,1,decode,bfloat16,8192,8,1,1.5013333956400554,0.14185919761657714,246784,75497472,0.006898726802319288
4,16,16,1,decode,bfloat16,8192,32,1,1.6917866071065266,0.18714720010757446,987136,301989888,0.006898726802319288
4,16,16,1,prefill,bfloat16,8192,1,128,2.8708693186442056,,88245248,9437184,0.0005409707664512098
4,16,16,1,prefill,bfloat16,8192,1,1024,2.773749351501465,,108135424,9437184,0.0005409707664512098
4,16,16,1,prefill,bfloat16,8192,1,8192,1.4513920148213704,,215745536,9437184,0.0005409707664512098
4,16,16,1,decode,bfloat16,32768,1,1,1.5881600379943848,0.13590559959411622,31744,37748736,0.006898726802319288
4,16,16,1,decode,bfloat16,32768,8,1,1.5402560234069824,0.17945599555969238,246784,301989888,0.006898726802319288
4,16,16,1,decode,bfloat16,32768,32,1,1.6896533966064453,0.3390480041503906,987136,1207959552,0.006898726802319288
4,16,16,1,prefill,bfloat16,32768,1,128,2.3578880627950034,,343737344,37748736,0.0005409707664512098
4,16,16,1,prefill,bfloat16,32768,1,1024,2.9389012654622397,,362677248,37748736,0.0005409707664512098
4,16,16,1,prefill,bfloat16,32768,1,8192,3.1682987213134766,,502006784,37748736,0.0005409707664512098
4,16,16,1,decode,bfloat16,131072,1,1,1.9664959907531738,0.16095199584960937,31744,150994944,0.006898726802319288
4,16,16,1,decode,bfloat16,131072,8,1,1.4838612874348958,0.33903679847717283,246784,1207959552,0.006898726802319288
4,16,16,1,decode,bfloat16,131072,32,1,1.4871679941813152,0.9484848022460938,987136,4831838208,0.006898726802319288
4,16,16,1,prefill,bfloat16,131072,1,128,4.14739195505778,,1366111744,150994944,0.0005409707664512098
4,16,16,1,prefill,bfloat16,131072,1,1024,4.748714764912923,,1381893120,150994944,0.0005409707664512098
4,16,16,1,prefill,bfloat16,131072,1,8192,7.009418487548828,,1522271232,150994944,0.0005409707664512098
4,16,16,1,decode,bfloat16,524288,1,1,1.916426658630371,0.2499488115310669,31744,603979776,0.006898726802319288
4,16,16,1,decode,bfloat16,524288,8,1,2.0016533533732095,0.9091263771057129,246784,4831838208,0.006898726802319288
4,16,16,1,decode,bfloat16,524288,32,1,3.6814187367757163,3.3960575103759765,987136,19327352832,0.006898726802319288
4,16,16,1,prefill,bfloat16,524288,1,128,14.087029774983725,,5458703872,603979776,0.0005409707664512098
4,16,16,1,prefill,bfloat16,524288,1,1024,16.328948974609375,,5462411776,603979776,0.0005409707664512098
4,16,16,1,prefill,bfloat16,524288,1,8192,24.37743886311849,,5599134720,603979776,0.0005409707664512098
4,16,16,1,decode,bfloat16,1048576,1,1,1.9841705958048503,0.363593602180481,31744,1207959552,0.006898726802319288
4,16,16,1,decode,bfloat16,1048576,8,1,2.0382186571756997,1.6892719268798828,246784,9663676416,0.006898726802319288
4,16,16,1,decode,bfloat16,1048576,32,1,6.874442418416341,6.569780731201172,987136,38654705664,0.006898726802319288
4,16,16,1,prefill,bfloat16,1048576,1,128,27.446879069010418,,10915493376,1207959552,0.0005409707664512098
4,16,16,1,prefill,bfloat16,1048576,1,1024,31.820960998535156,,10918652416,1207959552,0.0005409707664512098
4,16,16,1,prefill,bfloat16,1048576,1,8192,48.66960144042969,,11034952704,1207959552,0.0005409707664512098
4,16,8,2,decode,fp8_e4m3,1024,1,1,2.5176852544148765,0.09052159786224365,44032,589824,0.03501495346426964
4,16,8,2,decode,fp8_e4m3,1024,8,1,2.427146593729655,0.09641119837760925,347136,4718592,0.03501495346426964
4,16,8,2,decode,fp8_e4m3,1024,32,1,1.8366187413533528,0.10857759714126587,1388544,18874368,0.03501495346426964
4,16,8,2,prefill,fp8_e4m3,1024,1,128,3.212074597676595,,18824704,589824,0.008806233294308186
4,16,8,2,prefill,fp8_e4m3,1024,1,1024,1.249183972676595,,39846912,589824,0.008806233294308186
4,16,8,2,decode,fp8_e4m3,8192,1,1,2.449077288309733,0.09636800289154053,44032,4718592,0.03501495346426964
4,16,8,2,decode,fp8_e4m3,8192,8,1,1.7086505889892578,0.11333600282669068,347136,37748736,0.03501495346426964
4,16,8,2,decode,fp8_e4m3,8192,32,1,1.190165360768636,0.13427519798278809,1388544,150994944,0.03501495346426964
4,16,8,2,prefill,fp8_e4m3,8192,1,128,2.3639680544535318,,113786368,4718592,0.008806233294308186
4,16,8,2,prefill,fp8_e4m3,8192,1,1024,2.717599868774414,,140494336,4718592,0.008806233294308186
4,16,8,2,prefill,fp8_e4m3,8192,1,8192,1.5064959526062012,,304612352,4718592,0.008806233294308186
4,16,8,2,decode,fp8_e4m3,32768,1,1,1.5739946365356445,0.1137071967124939,44032,18874368,0.03501495346426964
4,16,8,2,decode,fp8_e4m3,32768,8,1,1.5705493291219075,0.13271839618682862,347136,150994944,0.03501495346426964
4,16,8,2,decode,fp8_e4m3,32768,32,1,1.202250639597575,0.20211360454559327,1388544,603979776,0.03501495346426964
4,16,8,2,prefill,fp8_e4m3,32768,1,128,2.5769173304239907,,434945536,18874368,0.008806233294308186
4,16,8,2,prefill,fp8_e4m3,32768,1,1024,3.030869483947754,,462407168,18874368,0.008806233294308186
4,16,8,2,prefill,fp8_e4m3,32768,1,8192,3.6264851888020835,,662046208,18874368,0.008806233294308186
4,16,8,2,decode,fp8_e4m3,131072,1,1,1.605631987253825,0.12929439544677734,44032,75497472,0.03501495346426964
4,16,8,2,decode,fp8_e4m3,131072,8,1,1.585770606994629,0.19762239456176758,347136,603979776,0.03501495346426964
4,16,8,2,decode,fp8_e4m3,131072,32,1,1.2210666338602703,0.4620992183685303,1388544,2415919104,0.03501495346426964
4,16,8,2,prefill,fp8_e4m3,131072,1,128,4.669760068257649,,1718402560,75497472,0.008806233294308186
4,16,8,2,prefill,fp8_e4m3,131072,1,1024,4.841375986735026,,1744815616,75497472,0.008806233294308186
4,16,8,2,prefill,fp8_e4m3,131072,1,8192,8.869098663330078,,1945503232,75497472,0.008806233294308186
4,16,8,2,decode,fp8_e4m3,524288,1,1,1.5802133878072102,0.1664720058441162,44032,301989888,0.03501495346426964
4,16,8,2,decode,fp8_e4m3,524288,8,1,2.3122453689575195,0.44611520767211915,347136,2415919104,0.03501495346426964
4,16,8,2,decode,fp8_e4m3,524288,32,1,2.022304058074951,1.519587230682373,1388544,9663676416,0.03501495346426964
4,16,8,2,prefill,fp8_e4m3,524288,1,128,15.447636922200521,,2773388800,301989888,0.008806233294308186
4,16,8,2,prefill,fp8_e4m3,524288,1,1024,17.270570119222004,,2795128320,301989888,0.008806233294308186
4,16,8,2,prefill,fp8_e4m3,524288,1,8192,32.2671152750651,,2973369856,301989888,0.008806233294308186
4,16,8,2,decode,fp8_e4m3,1048576,1,1,1.5478506088256836,0.22080318927764891,44032,603979776,0.03501495346426964
4,16,8,2,decode,fp8_e4m3,1048576,8,1,2.3038934071858725,0.7777711868286132,347136,4831838208,0.03501495346426964
4,16,8,2,decode,fp8_e4m3,1048576,32,1,3.305002530415853,2.9899999618530275,1388544,19327352832,0.03501495346426964
4,16,8,2,prefill,fp8_e4m3,1048576,1,128,29.541216532389324,,3377368576,603979776,0.008806233294308186
4,16,8,2,prefill,fp8_e4m3,1048576,1,1024,33.40673065185547,,3399501312,603979776,0.008806233294308186
4,16,8,2,prefill,fp8_e4m3,1048576,1,8192,63.15685526529948,,3577349632,603979776,0.008806233294308186
4,16,8,2,decode,bfloat16,1024,1,1,2.1740479469299316,0.08835679888725281,43520,1179648,0.006444955710321665
4,16,8,2,decode,bfloat16,1024,8,1,2.185482660929362,0.0943888008594513,345088,9437184,0.006444955710321665
4,16,8,2,decode,bfloat16,1024,32,1,1.681045373280843,0.10968960523605346,1380352,37748736,0.006444955710321665
4,16,8,2,prefill,bfloat16,1024,1,128,2.818709373474121,,26870784,1179648,0.004452441353350878
4,16,8,2,prefill,bfloat16,1024,1,1024,1.8058452606201172,,39846912,1179648,0.004452441353350878
4,16,8,2,decode,bfloat16,8192,1,1,2.2497706413269043,0.09494559764862061,43520,9437184,0.006444955710321665
4,16,8,2,decode,bfloat16,8192,8,1,2.2986666361490884,0.12002079486846924,345088,75497472,0.006444955710321665
4,16,8,2,decode,bfloat16,8192,32,1,1.129258632659912,0.16136319637298585,1380352,301989888,0.006444955710321665
4,16,8,2,prefill,bfloat16,8192,1,128,2.87937068939209,,166855680,9437184,0.004452441353350878
4,16,8,2,prefill,bfloat16,8192,1,1024,2.870549201965332,,190448640,9437184,0.004452441353350878
4,16,8,2,prefill,bfloat16,8192,1,8192,1.8438933690388997,,304612352,9437184,0.004452441353350878
4,16,8,2,decode,bfloat16,32768,1,1,2.2180906931559243,0.11564160585403442,43520,37748736,0.006444955710321665
4,16,8,2,decode,bfloat16,32768,8,1,1.5815253257751465,0.15616320371627807,345088,301989888,0.006444955710321665
4,16,8,2,decode,bfloat16,32768,32,1,1.4991040229797363,0.3160207986831665,1380352,1207959552,0.006444955710321665
4,16,8,2,prefill,bfloat16,32768,1,128,3.1107199986775718,,648299520,37748736,0.004452441353350878
4,16,8,2,prefill,bfloat16,32768,1,1024,2.9693120320638022,,672007168,37748736,0.004452441353350878
4,16,8,2,prefill,bfloat16,32768,1,8192,3.8519681294759116,,849871872,37748736,0.004452441353350878
4,16,8,2,decode,bfloat16,131072,1,1,2.3700052897135415,0.1376304030418396,43520,150994944,0.006444955710321665
4,16,8,2,decode,bfloat16,131072,8,1,2.1732160250345864,0.3185823917388916,345088,1207959552,0.006444955710321665
4,16,8,2,decode,bfloat16,131072,32,1,1.6038400332132976,0.9252256393432617,1380352,4831838208,0.006444955710321665
4,16,8,2,prefill,bfloat16,131072,1,128,5.951295852661133,,2576102912,150994944,0.004452441353350878
4,16,8,2,prefill,bfloat16,131072,1,1024,6.452181498209636,,2597192704,150994944,0.004452441353350878
4,16,8,2,prefill,bfloat16,131072,1,8192,10.751818339029947,,2775057408,150994944,0.004452441353350878
4,16,8,2,decode,bfloat16,524288,1,1,2.1767679850260415,0.2264240026473999,43520,603979776,0.006444955710321665
4,16,8,2,decode,bfloat16,524288,8,1,2.2117973963419595,0.8865823745727539,345088,4831838208,0.006444955710321665
4,16,8,2,decode,bfloat16,524288,32,1,3.740842819213867,3.377065658569336,1380352,19327352832,0.006444955710321665
4,16,8,2,prefill,bfloat16,524288,1,128,21.38439432779948,,10292573696,603979776,0.004452441353350878
4,16,8,2,prefill,bfloat16,524288,1,1024,23.513206481933594,,10297934848,603979776,0.004452441353350878
4,16,8,2,prefill,bfloat16,524288,1,8192,41.08787282307943,,10475799552,603979776,0.004452441353350878
4,16,8,2,decode,bfloat16,1048576,1,1,1.6295785903930664,0.3428976058959961,43520,1207959552,0.006444955710321665
4,16,8,2,decode,bfloat16,1048576,8,1,2.3701759974161782,1.6655792236328124,345088,9663676416,0.006444955710321665
4,16,8,2,decode,bfloat16,1048576,32,1,6.940319697062175,6.575041961669922,1380352,38654705664,0.006444955710321665
4,16,8,2,prefill,bfloat16,1048576,1,128,37.09685262044271,,20581201408,1207959552,0.004452441353350878
4,16,8,2,prefill,bfloat16,1048576,1,1024,41.52757263183594,,20586531328,1207959552,0.004452441353350878
4,16,8,2,prefill,bfloat16,1048576,1,8192,78.06087239583333,,20743455744,1207959552,0.004452441353350878
5,16,16,1,decode,fp8_e4m3,1024,1,1,1.8800427118937175,0.11348960399627686,31744,589824,0.03509664535522461
5,16,16,1,decode,fp8_e4m3,1024,8,1,1.9316372871398926,0.10484479665756226,246784,4718592,0.03509664535522461
5,16,16,1,decode,fp8_e4m3,1024,32,1,1.6079467137654622,0.11519839763641357,987136,18874368,0.03509664535522461
5,16,16,1,prefill,fp8_e4m3,1024,1,128,3.1002985636393228,,11076096,589824,0.0076119983568787575
5,16,16,1,prefill,fp8_e4m3,1024,1,1024,1.4106346766153972,,29361152,589824,0.0076119983568787575
5,16,16,1,decode,fp8_e4m3,8192,1,1,1.7100480397542317,0.11492480039596557,31744,4718592,0.03509664535522461
5,16,16,1,decode,fp8_e4m3,8192,8,1,1.6509226163228352,0.11823519468307495,246784,37748736,0.03509664535522461
5,16,16,1,decode,fp8_e4m3,8192,32,1,1.7246294021606445,0.15913280248641967,987136,150994944,0.03509664535522461
5,16,16,1,prefill,fp8_e4m3,8192,1,128,3.0457706451416016,,65438208,4718592,0.0076119983568787575
5,16,16,1,prefill,fp8_e4m3,8192,1,1024,2.6378026008605957,,80209408,4718592,0.0076119983568787575
5,16,16,1,prefill,fp8_e4m3,8192,1,8192,1.825717290242513,,215745536,4718592,0.0076119983568787575
5,16,16,1,decode,fp8_e4m3,32768,1,1,1.990656057993571,0.12863839864730836,31744,18874368,0.03509664535522461
5,16,16,1,decode,fp8_e4m3,32768,8,1,1.9985814094543457,0.15726879835128785,246784,150994944,0.03509664535522461
5,16,16,1,decode,fp8_e4m3,32768,32,1,1.6598292986551921,0.22615358829498292,987136,603979776,0.03509664535522461
5,16,16,1,prefill,fp8_e4m3,32768,1,128,2.9665279388427734,,254820864,18874368,0.0076119983568787575
5,16,16,1,prefill,fp8_e4m3,32768,1,1024,2.955850601196289,,268297728,18874368,0.0076119983568787575
5,16,16,1,prefill,fp8_e4m3,32768,1,8192,3.0730133056640625,,363529728,18874368,0.0076119983568787575
5,16,16,1,decode,fp8_e4m3,131072,1,1,2.056725343068441,0.15039199590682983,31744,75497472,0.03509664535522461
5,16,16,1,decode,fp8_e4m3,131072,8,1,1.6215039889017742,0.2217711925506592,246784,603979776,0.03509664535522461
5,16,16,1,decode,fp8_e4m3,131072,32,1,1.7593919436136882,0.48926877975463867,987136,2415919104,0.03509664535522461
5,16,16,1,prefill,fp8_e4m3,131072,1,128,3.762826601664225,,1010139648,75497472,0.0076119983568787575
5,16,16,1,prefill,fp8_e4m3,131072,1,1024,4.481280008951823,,1021568512,75497472,0.0076119983568787575
5,16,16,1,prefill,fp8_e4m3,131072,1,8192,6.662133534749349,,1119553024,75497472,0.0076119983568787575
5,16,16,1,decode,fp8_e4m3,524288,1,1,2.0390079816182456,0.1903872013092041,31744,301989888,0.03509664535522461
5,16,16,1,decode,fp8_e4m3,524288,8,1,2.004949410756429,0.4667391777038574,246784,2415919104,0.03509664535522461
5,16,16,1,decode,fp8_e4m3,524288,32,1,2.0120959281921387,1.538484764099121,987136,9663676416,0.03509664535522461
5,16,16,1,prefill,fp8_e4m3,524288,1,128,12.287775675455729,,1764125184,301989888,0.0076119983568787575
5,16,16,1,prefill,fp8_e4m3,524288,1,1024,14.112501780192057,,1776756224,301989888,0.0076119983568787575
5,16,16,1,prefill,fp8_e4m3,524288,1,8192,21.545867919921875,,1864697344,301989888,0.0076119983568787575
5,16,16,1,decode,fp8_e4m3,1048576,1,1,1.648405392964681,0.24532639980316162,31744,603979776,0.03509664535522461
5,16,16,1,decode,fp8_e4m3,1048576,8,1,1.896949291229248,0.8035231590270996,246784,4831838208,0.03509664535522461
5,16,16,1,decode,fp8_e4m3,1048576,32,1,3.278741200764974,2.973793601989746,987136,19327352832,0.03509664535522461
5,16,16,1,prefill,fp8_e4m3,1048576,1,128,24.331263224283855,,2368104960,603979776,0.0076119983568787575
5,16,16,1,prefill,fp8_e4m3,1048576,1,1024,27.707552591959637,,2381260288,603979776,0.0076119983568787575
5,16,16,1,prefill,fp8_e4m3,1048576,1,8192,42.18041483561198,,2468677120,603979776,0.0076119983568787575
5,16,16,1,decode,bfloat16,1024,1,1,1.9036266009012859,0.10691839456558228,31744,1179648,0.006898726802319288
5,16,16,1,decode,bfloat16,1024,8,1,1.9188052813212078,0.10182399749755859,246784,9437184,0.006898726802319288
5,16,16,1,decode,bfloat16,1024,32,1,1.6415680249532063,0.1340448021888733,987136,37748736,0.006898726802319288
5,16,16,1,prefill,bfloat16,1024,1,128,2.8657814661661782,,15270912,1179648,0.0005409707664512098
5,16,16,1,prefill,bfloat16,1024,1,1024,1.6908373832702637,,28967936,1179648,0.0005409707664512098
5,16,16,1,decode,bfloat16,8192,1,1,1.566773255666097,0.11229759454727173,31744,9437184,0.006898726802319288
5,16,16,1,decode,bfloat16,8192,8,1,1.5023573239644368,0.14235199689865113,246784,75497472,0.006898726802319288
5,16,16,1,decode,bfloat16,8192,32,1,1.6954132715861003,0.18762719631195068,987136,301989888,0.006898726802319288
5,16,16,1,prefill,bfloat16,8192,1,128,2.874176025390625,,88245248,9437184,0.0005409707664512098
5,16,16,1,prefill,bfloat16,8192,1,1024,2.7768001556396484,,108135424,9437184,0.0005409707664512098
5,16,16,1,prefill,bfloat16,8192,1,8192,1.4567146301269531,,215745536,9437184,0.0005409707664512098
5,16,16,1,decode,bfloat16,32768,1,1,1.5912319819132488,0.13660800457000732,31744,37748736,0.006898726802319288
5,16,16,1,decode,bfloat16,32768,8,1,1.5366719563802083,0.17934240102767945,246784,301989888,0.006898726802319288
5,16,16,1,decode,bfloat16,32768,32,1,1.6847999890645344,0.33950879573822024,987136,1207959552,0.006898726802319288
5,16,16,1,prefill,bfloat16,32768,1,128,2.3592212994893393,,343737344,37748736,0.0005409707664512098
5,16,16,1,prefill,bfloat16,32768,1,1024,2.948512077331543,,362677248,37748736,0.0005409707664512098
5,16,16,1,prefill,bfloat16,32768,1,8192,3.180704116821289,,502006784,37748736,0.0005409707664512098
5,16,16,1,decode,bfloat16,131072,1,1,1.9688533147176106,0.1613119959831238,31744,150994944,0.006898726802319288
5,16,16,1,decode,bfloat16,131072,8,1,1.4867092768351238,0.3392591953277588,246784,1207959552,0.006898726802319288
5,16,16,1,decode,bfloat16,131072,32,1,1.4916693369547527,0.9483584403991699,987136,4831838208,0.006898726802319288
5,16,16,1,prefill,bfloat16,131072,1,128,4.154634793599446,,1366111744,150994944,0.0005409707664512098
5,16,16,1,prefill,bfloat16,131072,1,1024,4.75657590230306,,1381893120,150994944,0.0005409707664512098
5,16,16,1,prefill,bfloat16,131072,1,8192,7.019242604573567,,1522271232,150994944,0.0005409707664512098
5,16,16,1,decode,bfloat16,524288,1,1,1.9148267110188801,0.2502000093460083,31744,603979776,0.006898726802319288
5,16,16,1,decode,bfloat16,524288,8,1,2.008416016896566,0.9113264083862305,246784,4831838208,0.006898726802319288
5,16,16,1,decode,bfloat16,524288,32,1,3.6844266255696616,3.396108627319336,987136,19327352832,0.006898726802319288
5,16,16,1,prefill,bfloat16,524288,1,128,14.093493143717447,,5458703872,603979776,0.0005409707664512098
5,16,16,1,prefill,bfloat16,524288,1,1024,16.338645935058594,,5462411776,603979776,0.0005409707664512098
5,16,16,1,prefill,bfloat16,524288,1,8192,24.38153584798177,,5599134720,603979776,0.0005409707664512098
5,16,16,1,decode,bfloat16,1048576,1,1,1.980149269104004,0.3640736103057861,31744,1207959552,0.006898726802319288
5,16,16,1,decode,bfloat16,1048576,8,1,2.0395946502685547,1.6902448654174804,246784,9663676416,0.006898726802319288
5,16,16,1,decode,bfloat16,1048576,32,1,6.877471923828125,6.570017242431641,987136,38654705664,0.006898726802319288
5,16,16,1,prefill,bfloat16,1048576,1,128,27.456629435221355,,10915493376,1207959552,0.0005409707664512098
5,16,16,1,prefill,bfloat16,1048576,1,1024,31.827733357747395,,10918652416,1207959552,0.0005409707664512098
5,16,16,1,prefill,bfloat16,1048576,1,8192,48.67919921875,,11034952704,1207959552,0.0005409707664512098
5,16,8,2,decode,fp8_e4m3,1024,1,1,2.5153493881225586,0.09070879817008973,44032,589824,0.03501495346426964
5,16,8,2,decode,fp8_e4m3,1024,8,1,2.4282986323038735,0.09651839733123779,347136,4718592,0.03501495346426964
5,16,8,2,decode,fp8_e4m3,1024,32,1,1.8394880294799805,0.10869439840316772,1388544,18874368,0.03501495346426964
5,16,8,2,prefill,fp8_e4m3,1024,1,128,3.2131627400716147,,18824704,589824,0.008806233294308186
5,16,8,2,prefill,fp8_e4m3,1024,1,1024,1.2508479754130046,,39846912,589824,0.008806233294308186
5,16,8,2,decode,fp8_e4m3,8192,1,1,2.449610710144043,0.09720640182495117,44032,4718592,0.03501495346426964
5,16,8,2,decode,fp8_e4m3,8192,8,1,1.664896011352539,0.11450879573822022,347136,37748736,0.03501495346426964
5,16,8,2,decode,fp8_e4m3,8192,32,1,1.185482660929362,0.13429440259933473,1388544,150994944,0.03501495346426964
5,16,8,2,prefill,fp8_e4m3,8192,1,128,2.3626880645751953,,113786368,4718592,0.008806233294308186
5,16,8,2,prefill,fp8_e4m3,8192,1,1024,2.718144098917643,,140494336,4718592,0.008806233294308186
5,16,8,2,prefill,fp8_e4m3,8192,1,8192,1.5090667406717937,,304612352,4718592,0.008806233294308186
5,16,8,2,decode,fp8_e4m3,32768,1,1,1.5726720492045085,0.11367039680480957,44032,18874368,0.03501495346426964
5,16,8,2,decode,fp8_e4m3,32768,8,1,1.5701546669006348,0.13284800052642823,347136,150994944,0.03501495346426964
5,16,8,2,decode,fp8_e4m3,32768,32,1,1.2003200054168701,0.2023871898651123,1388544,603979776,0.03501495346426964
5,16,8,2,prefill,fp8_e4m3,32768,1,128,2.5764266649881997,,434945536,18874368,0.008806233294308186
5,16,8,2,prefill,fp8_e4m3,32768,1,1024,3.0297066370646157,,462407168,18874368,0.008806233294308186
5,16,8,2,prefill,fp8_e4m3,32768,1,8192,3.6290772755940757,,662046208,18874368,0.008806233294308186
5,16,8,2,decode,fp8_e4m3,131072,1,1,1.605013370513916,0.12946560382843017,44032,75497472,0.03501495346426964
5,16,8,2,decode,fp8_e4m3,131072,8,1,1.5847573280334473,0.19760799407958984,347136,603979776,0.03501495346426964
5,16,8,2,decode,fp8_e4m3,131072,32,1,1.2176106770833333,0.4622079849243164,1388544,2415919104,0.03501495346426964
5,16,8,2,prefill,fp8_e4m3,131072,1,128,4.676522572835286,,1718402560,75497472,0.008806233294308186
5,16,8,2,prefill,fp8_e4m3,131072,1,1024,4.844618797302246,,1744815616,75497472,0.008806233294308186
5,16,8,2,prefill,fp8_e4m3,131072,1,8192,8.871519724527994,,1945503232,75497472,0.008806233294308186
5,16,8,2,decode,fp8_e4m3,524288,1,1,1.579360008239746,0.16672320365905763,44032,301989888,0.03501495346426964
5,16,8,2,decode,fp8_e4m3,524288,8,1,2.3012800216674805,0.44809761047363283,347136,2415919104,0.03501495346426964
5,16,8,2,decode,fp8_e4m3,524288,32,1,2.0306666692097983,1.5205632209777833,1388544,9663676416,0.03501495346426964
5,16,8,2,prefill,fp8_e4m3,524288,1,128,15.456843058268229,,2773388800,301989888,0.008806233294308186
5,16,8,2,prefill,fp8_e4m3,524288,1,1024,17.27941385904948,,2795128320,301989888,0.008806233294308186
5,16,8,2,prefill,fp8_e4m3,524288,1,8192,32.273450215657554,,2973369856,301989888,0.008806233294308186
5,16,8,2,decode,fp8_e4m3,1048576,1,1,1.5420479774475098,0.22188000679016112,44032,603979776,0.03501495346426964
5,16,8,2,decode,fp8_e4m3,1048576,8,1,2.3009279568990073,0.7794496059417725,347136,4831838208,0.03501495346426964
5,16,8,2,decode,fp8_e4m3,1048576,32,1,3.313781420389811,2.990065574645996,1388544,19327352832,0.03501495346426964
5,16,8,2,prefill,fp8_e4m3,1048576,1,128,29.54535420735677,,3377368576,603979776,0.008806233294308186
5,16,8,2,prefill,fp8_e4m3,1048576,1,1024,33.41576639811198,,3399501312,603979776,0.008806233294308186
5,16,8,2,prefill,fp8_e4m3,1048576,1,8192,63.16936747233073,,3577349632,603979776,0.008806233294308186
5,16,8,2,decode,bfloat16,1024,1,1,2.172149340311686,0.08850880265235901,43520,1179648,0.006444955710321665
5,16,8,2,decode,bfloat16,1024,8,1,2.1846720377604165,0.09509440064430237,345088,9437184,0.006444955710321665
5,16,8,2,decode,bfloat16,1024,32,1,1.6817280451456706,0.10998879671096802,1380352,37748736,0.006444955710321665
5,16,8,2,prefill,bfloat16,1024,1,128,2.814549446105957,,26870784,1179648,0.004452441353350878
5,16,8,2,prefill,bfloat16,1024,1,1024,1.809066613515218,,39846912,1179648,0.004452441353350878
5,16,8,2,decode,bfloat16,8192,1,1,2.253962675730387,0.09525600075721741,43520,9437184,0.006444955710321665
5,16,8,2,decode,bfloat16,8192,8,1,2.3056106567382812,0.12013280391693115,345088,75497472,0.006444955710321665
5,16,8,2,decode,bfloat16,8192,32,1,1.1175893147786458,0.1614896059036255,1380352,301989888,0.006444955710321665
5,16,8,2,prefill,bfloat16,8192,1,128,2.8832321166992188,,166855680,9437184,0.004452441353350878
5,16,8,2,prefill,bfloat16,8192,1,1024,2.8731520970662436,,190448640,9437184,0.004452441353350878
5,16,8,2,prefill,bfloat16,8192,1,8192,1.8501440684000652,,304612352,9437184,0.004452441353350878
5,16,8,2,decode,bfloat16,32768,1,1,2.219402631123861,0.11599040031433105,43520,37748736,0.006444955710321665
5,16,8,2,decode,bfloat16,32768,8,1,1.5819199879964192,0.15622559785842896,345088,301989888,0.006444955710321665
5,16,8,2,decode,bfloat16,32768,32,1,1.480672041575114,0.3159280061721802,1380352,1207959552,0.006444955710321665
5,16,8,2,prefill,bfloat16,32768,1,128,3.1139307022094727,,648299520,37748736,0.004452441353350878
5,16,8,2,prefill,bfloat16,32768,1,1024,2.976799964904785,,672007168,37748736,0.004452441353350878
5,16,8,2,prefill,bfloat16,32768,1,8192,3.8620694478352866,,849871872,37748736,0.004452441353350878
5,16,8,2,decode,bfloat16,131072,1,1,2.376255989074707,0.13749279975891113,43520,150994944,0.006444955710321665
5,16,8,2,decode,bfloat16,131072,8,1,2.178805351257324,0.31870720386505125,345088,1207959552,0.006444955710321665
5,16,8,2,decode,bfloat16,131072,32,1,1.6056747436523438,0.925716781616211,1380352,4831838208,0.006444955710321665
5,16,8,2,prefill,bfloat16,131072,1,128,5.958901087443034,,2576102912,150994944,0.004452441353350878
5,16,8,2,prefill,bfloat16,131072,1,1024,6.455146789550781,,2597192704,150994944,0.004452441353350878
5,16,8,2,prefill,bfloat16,131072,1,8192,10.759221394856771,,2775057408,150994944,0.004452441353350878
5,16,8,2,decode,bfloat16,524288,1,1,2.1813653310139975,0.2264240026473999,43520,603979776,0.006444955710321665
5,16,8,2,decode,bfloat16,524288,8,1,2.2112959225972495,0.8870368003845215,345088,4831838208,0.006444955710321665
5,16,8,2,decode,bfloat16,524288,32,1,3.7484798431396484,3.378704071044922,1380352,19327352832,0.006444955710321665
5,16,8,2,prefill,bfloat16,524288,1,128,21.392532348632812,,10292573696,603979776,0.004452441353350878
5,16,8,2,prefill,bfloat16,524288,1,1024,23.518346150716145,,10297934848,603979776,0.004452441353350878
5,16,8,2,prefill,bfloat16,524288,1,8192,41.09900919596354,,10475799552,603979776,0.004452441353350878
5,16,8,2,decode,bfloat16,1048576,1,1,1.7096853256225586,0.34303200244903564,43520,1207959552,0.006444955710321665
5,16,8,2,decode,bfloat16,1048576,8,1,2.3769173622131348,1.666971206665039,345088,9663676416,0.006444955710321665
5,16,8,2,decode,bfloat16,1048576,32,1,6.947903951009114,6.5763389587402346,1380352,38654705664,0.006444955710321665
5,16,8,2,prefill,bfloat16,1048576,1,128,37.0989023844401,,20581201408,1207959552,0.004452441353350878
5,16,8,2,prefill,bfloat16,1048576,1,1024,41.52960968017578,,20586531328,1207959552,0.004452441353350878
5,16,8,2,prefill,bfloat16,1048576,1,8192,78.06293233235677,,20743455744,1207959552,0.004452441353350878
6,16,16,1,decode,fp8_e4m3,1024,1,1,1.881109396616618,0.11374080181121826,31744,589824,0.03509664535522461
6,16,16,1,decode,fp8_e4m3,1024,8,1,1.9317545890808105,0.10493760108947754,246784,4718592,0.03509664535522461
6,16,16,1,decode,fp8_e4m3,1024,32,1,1.6101867357889812,0.11536799669265747,987136,18874368,0.03509664535522461
6,16,16,1,prefill,fp8_e4m3,1024,1,128,3.1017494201660156,,11076096,589824,0.0076119983568787575
6,16,16,1,prefill,fp8_e4m3,1024,1,1024,1.410410722096761,,29361152,589824,0.0076119983568787575
6,16,16,1,decode,fp8_e4m3,8192,1,1,1.7104640007019043,0.1148144006729126,31744,4718592,0.03509664535522461
6,16,16,1,decode,fp8_e4m3,8192,8,1,1.6507840156555176,0.11839840412139893,246784,37748736,0.03509664535522461
6,16,16,1,decode,fp8_e4m3,8192,32,1,1.725002606709798,0.15914560556411744,987136,150994944,0.03509664535522461
6,16,16,1,prefill,fp8_e4m3,8192,1,128,3.0457919438680015,,65438208,4718592,0.0076119983568787575
6,16,16,1,prefill,fp8_e4m3,8192,1,1024,2.6382293701171875,,80209408,4718592,0.0076119983568787575
6,16,16,1,prefill,fp8_e4m3,8192,1,8192,1.82697598139445,,215745536,4718592,0.0076119983568787575
6,16,16,1,decode,fp8_e4m3,32768,1,1,1.9911893208821614,0.12876640558242797,31744,18874368,0.03509664535522461
6,16,16,1,decode,fp8_e4m3,32768,8,1,1.999615987141927,0.15744160413742064,246784,150994944,0.03509664535522461
6,16,16,1,decode,fp8_e4m3,32768,32,1,1.6600853602091472,0.22615199089050292,987136,603979776,0.03509664535522461
6,16,16,1,prefill,fp8_e4m3,32768,1,128,2.9668585459391275,,254820864,18874368,0.0076119983568787575
6,16,16,1,prefill,fp8_e4m3,32768,1,1024,2.9572585423787436,,268297728,18874368,0.0076119983568787575
6,16,16,1,prefill,fp8_e4m3,32768,1,8192,3.0732800165812173,,363529728,18874368,0.0076119983568787575
6,16,16,1,decode,fp8_e4m3,131072,1,1,2.0589760144551597,0.1505776047706604,31744,75497472,0.03509664535522461
6,16,16,1,decode,fp8_e4m3,131072,8,1,1.6226132710774739,0.22190399169921876,246784,603979776,0.03509664535522461
6,16,16,1,decode,fp8_e4m3,131072,32,1,1.7600107192993164,0.4893280029296875,987136,2415919104,0.03509664535522461
6,16,16,1,prefill,fp8_e4m3,131072,1,128,3.7638721466064453,,1010139648,75497472,0.0076119983568787575
6,16,16,1,prefill,fp8_e4m3,131072,1,1024,4.481301307678223,,1021568512,75497472,0.0076119983568787575
6,16,16,1,prefill,fp8_e4m3,131072,1,8192,6.662368138631185,,1119553024,75497472,0.0076119983568787575
6,16,16,1,decode,fp8_e4m3,524288,1,1,2.039072036743164,0.19040000438690186,31744,301989888,0.03509664535522461
6,16,16,1,decode,fp8_e4m3,524288,8,1,2.006293296813965,0.4669343948364258,246784,2415919104,0.03509664535522461
6,16,16,1,decode,fp8_e4m3,524288,32,1,2.012437343597412,1.5385055541992188,987136,9663676416,0.03509664535522461
6,16,16,1,prefill,fp8_e4m3,524288,1,128,12.287840525309244,,1764125184,301989888,0.0076119983568787575
6,16,16,1,prefill,fp8_e4m3,524288,1,1024,14.112800598144531,,1776756224,301989888,0.0076119983568787575
6,16,16,1,prefill,fp8_e4m3,524288,1,8192,21.545547485351562,,1864697344,301989888,0.0076119983568787575
6,16,16,1,decode,fp8_e4m3,1048576,1,1,1.6502186457316081,0.2455375909805298,31744,603979776,0.03509664535522461
6,16,16,1,decode,fp8_e4m3,1048576,8,1,1.8974720637003581,0.8035087585449219,246784,4831838208,0.03509664535522461
6,16,16,1,decode,fp8_e4m3,1048576,32,1,3.2795626322428384,2.973944091796875,987136,19327352832,0.03509664535522461
6,16,16,1,prefill,fp8_e4m3,1048576,1,128,24.330708821614582,,2368104960,603979776,0.0076119983568787575
6,16,16,1,prefill,fp8_e4m3,1048576,1,1024,27.70807393391927,,2381260288,603979776,0.0076119983568787575
6,16,16,1,prefill,fp8_e4m3,1048576,1,8192,42.181610107421875,,2468677120,603979776,0.0076119983568787575
6,16,16,1,decode,bfloat16,1024,1,1,1.9035199483235676,0.10723520517349243,31744,1179648,0.006898726802319288
6,16,16,1,decode,bfloat16,1024,8,1,1.9203519821166992,0.10190720558166504,246784,9437184,0.006898726802319288
6,16,16,1,decode,bfloat16,1024,32,1,1.6424427032470703,0.13414399623870848,987136,37748736,0.006898726802319288
6,16,16,1,prefill,bfloat16,1024,1,128,2.866239865620931,,15270912,1179648,0.0005409707664512098
6,16,16,1,prefill,bfloat16,1024,1,1024,1.6907199223836262,,28967936,1179648,0.0005409707664512098
6,16,16,1,decode,bfloat16,8192,1,1,1.5684372584025066,0.11236000061035156,31744,9437184,0.006898726802319288
6,16,16,1,decode,bfloat16,8192,8,1,1.5028266906738281,0.14229120016098024,246784,75497472,0.006898726802319288
6,16,16,1,decode,bfloat16,8192,32,1,1.6958293914794922,0.1877120018005371,987136,301989888,0.006898726802319288
6,16,16,1,prefill,bfloat16,8192,1,128,2.874944051106771,,88245248,9437184,0.0005409707664512098
6,16,16,1,prefill,bfloat16,8192,1,1024,2.7764692306518555,,108135424,9437184,0.0005409707664512098
6,16,16,1,prefill,bfloat16,8192,1,8192,1.4568106333414714,,215745536,9437184,0.0005409707664512098
6,16,16,1,decode,bfloat16,32768,1,1,1.5916159947713215,0.1366960048675537,31744,37748736,0.006898726802319288
6,16,16,1,decode,bfloat16,32768,8,1,1.5357119242350261,0.17957600355148315,246784,301989888,0.006898726802319288
6,16,16,1,decode,bfloat16,32768,32,1,1.6851199467976887,0.3395103931427002,987136,1207959552,0.006898726802319288
6,16,16,1,prefill,bfloat16,32768,1,128,2.359231948852539,,343737344,37748736,0.0005409707664512098
6,16,16,1,prefill,bfloat16,32768,1,1024,2.949023882548014,,362677248,37748736,0.0005409707664512098
6,16,16,1,prefill,bfloat16,32768,1,8192,3.1813227335611978,,502006784,37748736,0.0005409707664512098
6,16,16,1,decode,bfloat16,131072,1,1,1.9706239700317383,0.16172959804534912,31744,150994944,0.006898726802319288
6,16,16,1,decode,bfloat16,131072,8,1,1.4857172966003418,0.3394063949584961,246784,1207959552,0.006898726802319288
6,16,16,1,decode,bfloat16,131072,32,1,1.4919145901997883,0.9486800193786621,987136,4831838208,0.006898726802319288
6,16,16,1,prefill,bfloat16,131072,1,128,4.155743916829427,,1366111744,150994944,0.0005409707664512098
6,16,16,1,prefill,bfloat16,131072,1,1024,4.756671905517578,,1381893120,150994944,0.0005409707664512098
6,16,16,1,prefill,bfloat16,131072,1,8192,7.019157409667969,,1522271232,150994944,0.0005409707664512098
6,16,16,1,decode,bfloat16,524288,1,1,1.9145174026489258,0.2501535892486572,31744,603979776,0.006898726802319288
6,16,16,1,decode,bfloat16,524288,8,1,2.0094399452209473,0.9114031791687012,246784,4831838208,0.006898726802319288
6,16,16,1,decode,bfloat16,524288,32,1,3.6851412455240884,3.3962398529052735,987136,19327352832,0.006898726802319288
6,16,16,1,prefill,bfloat16,524288,1,128,14.094890594482422,,5458703872,603979776,0.0005409707664512098
6,16,16,1,prefill,bfloat16,524288,1,1024,16.339029947916668,,5462411776,603979776,0.0005409707664512098
6,16,16,1,prefill,bfloat16,524288,1,8192,24.382293701171875,,5599134720,603979776,0.0005409707664512098
6,16,16,1,decode,bfloat16,1048576,1,1,1.9813653628031414,0.3642143964767456,31744,1207959552,0.006898726802319288
6,16,16,1,decode,bfloat16,1048576,8,1,2.0405866305033364,1.6904159545898438,246784,9663676416,0.006898726802319288
6,16,16,1,decode,bfloat16,1048576,32,1,6.8773759206136065,6.570139312744141,987136,38654705664,0.006898726802319288
6,16,16,1,prefill,bfloat16,1048576,1,128,27.45714060465495,,10915493376,1207959552,0.0005409707664512098
6,16,16,1,prefill,bfloat16,1048576,1,1024,31.82830810546875,,10918652416,1207959552,0.0005409707664512098
6,16,16,1,prefill,bfloat16,1048576,1,8192,48.67973327636719,,11034952704,1207959552,0.0005409707664512098
6,16,8,2,decode,fp8_e4m3,1024,1,1,2.5166613260904946,0.09071840047836303,44032,589824,0.03501495346426964
6,16,8,2,decode,fp8_e4m3,1024,8,1,2.4288105964660645,0.09660639762878417,347136,4718592,0.03501495346426964
6,16,8,2,decode,fp8_e4m3,1024,32,1,1.8400746981302898,0.10876640081405639,1388544,18874368,0.03501495346426964
6,16,8,2,prefill,fp8_e4m3,1024,1,128,3.2129173278808594,,18824704,589824,0.008806233294308186
6,16,8,2,prefill,fp8_e4m3,1024,1,1024,1.2510826587677002,,39846912,589824,0.008806233294308186
6,16,8,2,decode,fp8_e4m3,8192,1,1,2.4502719243367515,0.09723039865493774,44032,4718592,0.03501495346426964
6,16,8,2,decode,fp8_e4m3,8192,8,1,1.6655786832173665,0.11453759670257568,347136,37748736,0.03501495346426964
6,16,8,2,decode,fp8_e4m3,8192,32,1,1.1868053277333577,0.1345039963722229,1388544,150994944,0.03501495346426964
6,16,8,2,prefill,fp8_e4m3,8192,1,128,2.3632747332255044,,113786368,4718592,0.008806233294308186
6,16,8,2,prefill,fp8_e4m3,8192,1,1024,2.7180906931559243,,140494336,4718592,0.008806233294308186
6,16,8,2,prefill,fp8_e4m3,8192,1,8192,1.50874662399292,,304612352,4718592,0.008806233294308186
6,16,8,2,decode,fp8_e4m3,32768,1,1,1.5742079416910808,0.11368319988250733,44032,18874368,0.03501495346426964
6,16,8,2,decode,fp8_e4m3,32768,8,1,1.5708160400390625,0.13293759822845458,347136,150994944,0.03501495346426964
6,16,8,2,decode,fp8_e4m3,32768,32,1,1.2008639971415203,0.2024143934249878,1388544,603979776,0.03501495346426964
6,16,8,2,prefill,fp8_e4m3,32768,1,128,2.5780693689982095,,434945536,18874368,0.008806233294308186
6,16,8,2,prefill,fp8_e4m3,32768,1,1024,3.0300267537434897,,462407168,18874368,0.008806233294308186
6,16,8,2,prefill,fp8_e4m3,32768,1,8192,3.630943934122721,,662046208,18874368,0.008806233294308186
6,16,8,2,decode,fp8_e4m3,131072,1,1,1.6056532859802246,0.1295647978782654,44032,75497472,0.03501495346426964
6,16,8,2,decode,fp8_e4m3,131072,8,1,1.5865386327107747,0.19784159660339357,347136,603979776,0.03501495346426964
6,16,8,2,decode,fp8_e4m3,131072,32,1,1.2180266380310059,0.46222882270812987,1388544,2415919104,0.03501495346426964
6,16,8,2,prefill,fp8_e4m3,131072,1,128,4.677013397216797,,1718402560,75497472,0.008806233294308186
6,16,8,2,prefill,fp8_e4m3,131072,1,1024,4.844693183898926,,1744815616,75497472,0.008806233294308186
6,16,8,2,prefill,fp8_e4m3,131072,1,8192,8.872629165649414,,1945503232,75497472,0.008806233294308186
6,16,8,2,decode,fp8_e4m3,524288,1,1,1.580458641052246,0.1668544054031372,44032,301989888,0.03501495346426964
6,16,8,2,decode,fp8_e4m3,524288,8,1,2.302293300628662,0.448195219039917,347136,2415919104,0.03501495346426964
6,16,8,2,decode,fp8_e4m3,524288,32,1,2.031402587890625,1.5206288337707519,1388544,9663676416,0.03501495346426964
6,16,8,2,prefill,fp8_e4m3,524288,1,128,15.4573974609375,,2773388800,301989888,0.008806233294308186
6,16,8,2,prefill,fp8_e4m3,524288,1,1024,17.27905019124349,,2795128320,301989888,0.008806233294308186
6,16,8,2,prefill,fp8_e4m3,524288,1,8192,32.27441151936849,,2973369856,301989888,0.008806233294308186
6,16,8,2,decode,fp8_e4m3,1048576,1,1,1.5431893666585286,0.22184960842132567,44032,603979776,0.03501495346426964
6,16,8,2,decode,fp8_e4m3,1048576,8,1,2.3014186223347983,0.7796688079833984,347136,4831838208,0.03501495346426964
6,16,8,2,decode,fp8_e4m3,1048576,32,1,3.3143253326416016,2.990355110168457,1388544,19327352832,0.03501495346426964
6,16,8,2,prefill,fp8_e4m3,1048576,1,128,29.546409606933594,,3377368576,603979776,0.008806233294308186
6,16,8,2,prefill,fp8_e4m3,1048576,1,1024,33.41558329264323,,3399501312,603979776,0.008806233294308186
6,16,8,2,prefill,fp8_e4m3,1048576,1,8192,63.169525146484375,,3577349632,603979776,0.008806233294308186
6,16,8,2,decode,bfloat16,1024,1,1,2.173386732737223,0.08879200220108033,43520,1179648,0.006444955710321665
6,16,8,2,decode,bfloat16,1024,8,1,2.185109297434489,0.09523839950561523,345088,9437184,0.006444955710321665
6,16,8,2,decode,bfloat16,1024,32,1,1.682538668314616,0.11000800132751465,1380352,37748736,0.006444955710321665
6,16,8,2,prefill,bfloat16,1024,1,128,2.8149439493815103,,26870784,1179648,0.004452441353350878
6,16,8,2,prefill,bfloat16,1024,1,1024,1.808736006418864,,39846912,1179648,0.004452441353350878
6,16,8,2,decode,bfloat16,8192,1,1,2.255583922068278,0.09536160230636596,43520,9437184,0.006444955710321665
6,16,8,2,decode,bfloat16,8192,8,1,2.3067092895507812,0.12016479969024658,345088,75497472,0.006444955710321665
6,16,8,2,decode,bfloat16,8192,32,1,1.1191253662109375,0.16170400381088257,1380352,301989888,0.006444955710321665
6,16,8,2,prefill,bfloat16,8192,1,128,2.883317311604818,,166855680,9437184,0.004452441353350878
6,16,8,2,prefill,bfloat16,8192,1,1024,2.8741652170817056,,190448640,9437184,0.004452441353350878
6,16,8,2,prefill,bfloat16,8192,1,8192,1.8511679967244465,,304612352,9437184,0.004452441353350878
6,16,8,2,decode,bfloat16,32768,1,1,2.2201706568400064,0.11602720022201538,43520,37748736,0.006444955710321665
6,16,8,2,decode,bfloat16,32768,8,1,1.5823359489440918,0.15631200075149537,345088,301989888,0.006444955710321665
6,16,8,2,decode,bfloat16,32768,32,1,1.480768044789632,0.3159600019454956,1380352,1207959552,0.006444955710321665
6,16,8,2,prefill,bfloat16,32768,1,128,3.1141227086385093,,648299520,37748736,0.004452441353350878
6,16,8,2,prefill,bfloat16,32768,1,1024,2.9776105880737305,,672007168,37748736,0.004452441353350878
6,16,8,2,prefill,bfloat16,32768,1,8192,3.862559954325358,,849871872,37748736,0.004452441353350878
6,16,8,2,decode,bfloat16,131072,1,1,2.3768533070882163,0.13781119585037233,43520,150994944,0.006444955710321665
6,16,8,2,decode,bfloat16,131072,8,1,2.1800853411356607,0.31898400783538816,345088,1207959552,0.006444955710321665
6,16,8,2,decode,bfloat16,131072,32,1,1.6075627009073894,0.9258496284484863,1380352,4831838208,0.006444955710321665
6,16,8,2,prefill,bfloat16,131072,1,128,5.959423700968425,,2576102912,150994944,0.004452441353350878
6,16,8,2,prefill,bfloat16,131072,1,1024,6.455423990885417,,2597192704,150994944,0.004452441353350878
6,16,8,2,prefill,bfloat16,131072,1,8192,10.75881576538086,,2775057408,150994944,0.004452441353350878
6,16,8,2,decode,bfloat16,524288,1,1,2.1811413764953613,0.22646400928497315,43520,603979776,0.006444955710321665
6,16,8,2,decode,bfloat16,524288,8,1,2.2117439905802407,0.8870127677917481,345088,4831838208,0.006444955710321665
6,16,8,2,decode,bfloat16,524288,32,1,3.749055862426758,3.378891372680664,1380352,19327352832,0.006444955710321665
6,16,8,2,prefill,bfloat16,524288,1,128,21.392725626627605,,10292573696,603979776,0.004452441353350878
6,16,8,2,prefill,bfloat16,524288,1,1024,23.518943786621094,,10297934848,603979776,0.004452441353350878
6,16,8,2,prefill,bfloat16,524288,1,8192,41.09988149007162,,10475799552,603979776,0.004452441353350878
6,16,8,2,decode,bfloat16,1048576,1,1,1.6995946566263835,0.3431983947753906,43520,1207959552,0.006444955710321665
6,16,8,2,decode,bfloat16,1048576,8,1,2.3785600662231445,1.6670448303222656,345088,9663676416,0.006444955710321665
6,16,8,2,decode,bfloat16,1048576,32,1,6.948383967081706,6.5764610290527346,1380352,38654705664,0.006444955710321665
6,16,8,2,prefill,bfloat16,1048576,1,128,37.10044860839844,,20581201408,1207959552,0.004452441353350878
6,16,8,2,prefill,bfloat16,1048576,1,1024,41.53065490722656,,20586531328,1207959552,0.004452441353350878
6,16,8,2,prefill,bfloat16,1048576,1,8192,78.06271870930989,,20743455744,1207959552,0.004452441353350878
7,16,16,1,decode,fp8_e4m3,1024,1,1,1.8808746337890625,0.11373120546340942,31744,589824,0.03509664535522461
7,16,16,1,decode,fp8_e4m3,1024,8,1,1.930624008178711,0.10497280359268188,246784,4718592,0.03509664535522461
7,16,16,1,decode,fp8_e4m3,1024,32,1,1.6092586517333984,0.11537760496139526,987136,18874368,0.03509664535522461
7,16,16,1,prefill,fp8_e4m3,1024,1,128,3.101429303487142,,11076096,589824,0.0076119983568787575
7,16,16,1,prefill,fp8_e4m3,1024,1,1024,1.4104320208231609,,29361152,589824,0.0076119983568787575
7,16,16,1,decode,fp8_e4m3,8192,1,1,1.7097493807474773,0.11481599807739258,31744,4718592,0.03509664535522461
7,16,16,1,decode,fp8_e4m3,8192,8,1,1.648896058400472,0.11836639642715455,246784,37748736,0.03509664535522461
7,16,16,1,decode,fp8_e4m3,8192,32,1,1.7253333727518718,0.15929919481277466,987136,150994944,0.03509664535522461
7,16,16,1,prefill,fp8_e4m3,8192,1,128,3.0466559727986655,,65438208,4718592,0.0076119983568787575
7,16,16,1,prefill,fp8_e4m3,8192,1,1024,2.638048013051351,,80209408,4718592,0.0076119983568787575
7,16,16,1,prefill,fp8_e4m3,8192,1,8192,1.8265387217203777,,215745536,4718592,0.0076119983568787575
7,16,16,1,decode,fp8_e4m3,32768,1,1,1.99126402537028,0.12872320413589478,31744,18874368,0.03509664535522461
7,16,16,1,decode,fp8_e4m3,32768,8,1,2.0000640551249185,0.15728800296783446,246784,150994944,0.03509664535522461
7,16,16,1,decode,fp8_e4m3,32768,32,1,1.6605226198832195,0.22625598907470704,987136,603979776,0.03509664535522461
7,16,16,1,prefill,fp8_e4m3,32768,1,128,2.9668798446655273,,254820864,18874368,0.0076119983568787575
7,16,16,1,prefill,fp8_e4m3,32768,1,1024,2.9561068216959634,,268297728,18874368,0.0076119983568787575
7,16,16,1,prefill,fp8_e4m3,32768,1,8192,3.072789192199707,,363529728,18874368,0.0076119983568787575
7,16,16,1,decode,fp8_e4m3,131072,1,1,2.0580266316731772,0.15063040256500243,31744,75497472,0.03509664535522461
7,16,16,1,decode,fp8_e4m3,131072,8,1,1.621664047241211,0.22184159755706787,246784,603979776,0.03509664535522461
7,16,16,1,decode,fp8_e4m3,131072,32,1,1.7598400115966797,0.48936638832092283,987136,2415919104,0.03509664535522461
7,16,16,1,prefill,fp8_e4m3,131072,1,128,3.764362653096517,,1010139648,75497472,0.0076119983568787575
7,16,16,1,prefill,fp8_e4m3,131072,1,1024,4.480586687723796,,1021568512,75497472,0.0076119983568787575
7,16,16,1,prefill,fp8_e4m3,131072,1,8192,6.662634531656901,,1119553024,75497472,0.0076119983568787575
7,16,16,1,decode,fp8_e4m3,524288,1,1,2.039072036743164,0.1904800057411194,31744,301989888,0.03509664535522461
7,16,16,1,decode,fp8_e4m3,524288,8,1,2.005919933319092,0.46691360473632815,246784,2415919104,0.03509664535522461
7,16,16,1,decode,fp8_e4m3,524288,32,1,2.0121919314066568,1.5386128425598145,987136,9663676416,0.03509664535522461
7,16,16,1,prefill,fp8_e4m3,524288,1,128,12.288202921549479,,1764125184,301989888,0.0076119983568787575
7,16,16,1,prefill,fp8_e4m3,524288,1,1024,14.113173166910807,,1776756224,301989888,0.0076119983568787575
7,16,16,1,prefill,fp8_e4m3,524288,1,8192,21.54645284016927,,1864697344,301989888,0.0076119983568787575
7,16,16,1,decode,fp8_e4m3,1048576,1,1,1.6488854090372722,0.24560320377349854,31744,603979776,0.03509664535522461
7,16,16,1,decode,fp8_e4m3,1048576,8,1,1.8972266515096028,0.8036831855773926,246784,4831838208,0.03509664535522461
7,16,16,1,decode,fp8_e4m3,1048576,32,1,3.279285430908203,2.97391357421875,987136,19327352832,0.03509664535522461
7,16,16,1,prefill,fp8_e4m3,1048576,1,128,24.33081563313802,,2368104960,603979776,0.0076119983568787575
7,16,16,1,prefill,fp8_e4m3,1048576,1,1024,27.708160400390625,,2381260288,603979776,0.0076119983568787575
7,16,16,1,prefill,fp8_e4m3,1048576,1,8192,42.18157958984375,,2468677120,603979776,0.0076119983568787575
7,16,16,1,decode,bfloat16,1024,1,1,1.9036693572998047,0.10715839862823487,31744,1179648,0.006898726802319288
7,16,16,1,decode,bfloat16,1024,8,1,1.9200959205627441,0.1018671989440918,246784,9437184,0.006898726802319288
7,16,16,1,decode,bfloat16,1024,32,1,1.6429440180460613,0.13412799835205078,987136,37748736,0.006898726802319288
7,16,16,1,prefill,bfloat16,1024,1,128,2.8672107060750327,,15270912,1179648,0.0005409707664512098
7,16,16,1,prefill,bfloat16,1024,1,1024,1.6914453506469727,,28967936,1179648,0.0005409707664512098
7,16,16,1,decode,bfloat16,8192,1,1,1.5679787000020344,0.1126207947731018,31744,9437184,0.006898726802319288
7,16,16,1,decode,bfloat16,8192,8,1,1.5026240348815918,0.1423248052597046,246784,75497472,0.006898726802319288
7,16,16,1,decode,bfloat16,8192,32,1,1.695690631866455,0.187608003616333,987136,301989888,0.006898726802319288
7,16,16,1,prefill,bfloat16,8192,1,128,2.8746665318806968,,88245248,9437184,0.0005409707664512098
7,16,16,1,prefill,bfloat16,8192,1,1024,2.7770665486653647,,108135424,9437184,0.0005409707664512098
7,16,16,1,prefill,bfloat16,8192,1,8192,1.4569813410441081,,215745536,9437184,0.0005409707664512098
7,16,16,1,decode,bfloat16,32768,1,1,1.5918080012003581,0.13666080236434935,31744,37748736,0.006898726802319288
7,16,16,1,decode,bfloat16,32768,8,1,1.5377705891927083,0.17967040538787843,246784,301989888,0.006898726802319288
7,16,16,1,decode,bfloat16,32768,32,1,1.6849600474039714,0.3394704103469849,987136,1207959552,0.006898726802319288
7,16,16,1,prefill,bfloat16,32768,1,128,2.3597973187764487,,343737344,37748736,0.0005409707664512098
7,16,16,1,prefill,bfloat16,32768,1,1024,2.9480107625325522,,362677248,37748736,0.0005409707664512098
7,16,16,1,prefill,bfloat16,32768,1,8192,3.1813014348347983,,502006784,37748736,0.0005409707664512098
7,16,16,1,decode,bfloat16,131072,1,1,1.969696044921875,0.1617087960243225,31744,150994944,0.006898726802319288
7,16,16,1,decode,bfloat16,131072,8,1,1.4865813255310059,0.3395792007446289,246784,1207959552,0.006898726802319288
7,16,16,1,decode,bfloat16,131072,32,1,1.492106596628825,0.9487039566040039,987136,4831838208,0.006898726802319288
7,16,16,1,prefill,bfloat16,131072,1,128,4.155082702636719,,1366111744,150994944,0.0005409707664512098
7,16,16,1,prefill,bfloat16,131072,1,1024,4.75710932413737,,1381893120,150994944,0.0005409707664512098
7,16,16,1,prefill,bfloat16,131072,1,8192,7.019850413004558,,1522271232,150994944,0.0005409707664512098
7,16,16,1,decode,bfloat16,524288,1,1,1.9153919219970703,0.2503056049346924,31744,603979776,0.006898726802319288
7,16,16,1,decode,bfloat16,524288,8,1,2.00872532526652,0.9113984107971191,246784,4831838208,0.006898726802319288
7,16,16,1,decode,bfloat16,524288,32,1,3.6847572326660156,3.3963184356689453,987136,19327352832,0.006898726802319288
7,16,16,1,prefill,bfloat16,524288,1,128,14.09451675415039,,5458703872,603979776,0.0005409707664512098
7,16,16,1,prefill,bfloat16,524288,1,1024,16.33835728963216,,5462411776,603979776,0.0005409707664512098
7,16,16,1,prefill,bfloat16,524288,1,8192,24.382827758789062,,5599134720,603979776,0.0005409707664512098
7,16,16,1,decode,bfloat16,1048576,1,1,1.980415980021159,0.36425440311431884,31744,1207959552,0.006898726802319288
7,16,16,1,decode,bfloat16,1048576,8,1,2.040032068888346,1.6904415130615233,246784,9663676416,0.006898726802319288
7,16,16,1,decode,bfloat16,1048576,32,1,6.8777815500895185,6.570110321044922,987136,38654705664,0.006898726802319288
7,16,16,1,prefill,bfloat16,1048576,1,128,27.456202189127605,,10915493376,1207959552,0.0005409707664512098
7,16,16,1,prefill,bfloat16,1048576,1,1024,31.828481038411457,,10918652416,1207959552,0.0005409707664512098
7,16,16,1,prefill,bfloat16,1048576,1,8192,48.68010457356771,,11034952704,1207959552,0.0005409707664512098
7,16,8,2,decode,fp8_e4m3,1024,1,1,2.5158400535583496,0.09069439768791199,44032,589824,0.03501495346426964
7,16,8,2,decode,fp8_e4m3,1024,8,1,2.4295360247294107,0.09653760194778442,347136,4718592,0.03501495346426964
7,16,8,2,decode,fp8_e4m3,1024,32,1,1.8398079872131348,0.10872800350189209,1388544,18874368,0.03501495346426964
7,16,8,2,prefill,fp8_e4m3,1024,1,128,3.21455987294515,,18824704,589824,0.008806233294308186
7,16,8,2,prefill,fp8_e4m3,1024,1,1024,1.2511359850565593,,39846912,589824,0.008806233294308186
7,16,8,2,decode,fp8_e4m3,8192,1,1,2.4493227005004883,0.0973151981830597,44032,4718592,0.03501495346426964
7,16,8,2,decode,fp8_e4m3,8192,8,1,1.6640960375467937,0.11451840400695801,347136,37748736,0.03501495346426964
7,16,8,2,decode,fp8_e4m3,8192,32,1,1.1858666737874348,0.13455359935760497,1388544,150994944,0.03501495346426964
7,16,8,2,prefill,fp8_e4m3,8192,1,128,2.363093376159668,,113786368,4718592,0.008806233294308186
7,16,8,2,prefill,fp8_e4m3,8192,1,1024,2.7179625829060874,,140494336,4718592,0.008806233294308186
7,16,8,2,prefill,fp8_e4m3,8192,1,8192,1.509727954864502,,304612352,4718592,0.008806233294308186
7,16,8,2,decode,fp8_e4m3,32768,1,1,1.5746879577636719,0.1138767957687378,44032,18874368,0.03501495346426964
7,16,8,2,decode,fp8_e4m3,32768,8,1,1.5704107284545898,0.13294559717178345,347136,150994944,0.03501495346426964
7,16,8,2,decode,fp8_e4m3,32768,32,1,1.200757344563802,0.20246078968048095,1388544,603979776,0.03501495346426964
7,16,8,2,prefill,fp8_e4m3,32768,1,128,2.5770880381266275,,434945536,18874368,0.008806233294308186
7,16,8,2,prefill,fp8_e4m3,32768,1,1024,3.0295893351236978,,462407168,18874368,0.008806233294308186
7,16,8,2,prefill,fp8_e4m3,32768,1,8192,3.6294825871785483,,662046208,18874368,0.008806233294308186
7,16,8,2,decode,fp8_e4m3,131072,1,1,1.6048533121744792,0.12953280210494994,44032,75497472,0.03501495346426964
7,16,8,2,decode,fp8_e4m3,131072,8,1,1.5853974024454753,0.19773919582366944,347136,603979776,0.03501495346426964
7,16,8,2,decode,fp8_e4m3,131072,32,1,1.2181546688079834,0.46228961944580077,1388544,2415919104,0.03501495346426964
7,16,8,2,prefill,fp8_e4m3,131072,1,128,4.677119890848796,,1718402560,75497472,0.008806233294308186
7,16,8,2,prefill,fp8_e4m3,131072,1,1024,4.844575881958008,,1744815616,75497472,0.008806233294308186
7,16,8,2,prefill,fp8_e4m3,131072,1,8192,8.871914545694986,,1945503232,75497472,0.008806233294308186
7,16,8,2,decode,fp8_e4m3,524288,1,1,1.580575942993164,0.16678240299224853,44032,301989888,0.03501495346426964
7,16,8,2,decode,fp8_e4m3,524288,8,1,2.3020480473836265,0.4481632232666016,347136,2415919104,0.03501495346426964
7,16,8,2,decode,fp8_e4m3,524288,32,1,2.0319786071777344,1.5207008361816405,1388544,9663676416,0.03501495346426964
7,16,8,2,prefill,fp8_e4m3,524288,1,128,15.457215627034506,,2773388800,301989888,0.008806233294308186
7,16,8,2,prefill,fp8_e4m3,524288,1,1024,17.279744466145832,,2795128320,301989888,0.008806233294308186
7,16,8,2,prefill,fp8_e4m3,524288,1,8192,32.27501932779948,,2973369856,301989888,0.008806233294308186
7,16,8,2,decode,fp8_e4m3,1048576,1,1,1.5417493184407551,0.22185120582580567,44032,603979776,0.03501495346426964
7,16,8,2,decode,fp8_e4m3,1048576,8,1,2.302432060241699,0.7795663833618164,347136,4831838208,0.03501495346426964
7,16,8,2,decode,fp8_e4m3,1048576,32,1,3.3139521280924478,2.990265655517578,1388544,19327352832,0.03501495346426964
7,16,8,2,prefill,fp8_e4m3,1048576,1,128,29.54601542154948,,3377368576,603979776,0.008806233294308186
7,16,8,2,prefill,fp8_e4m3,1048576,1,1024,33.41643778483073,,3399501312,603979776,0.008806233294308186
7,16,8,2,prefill,fp8_e4m3,1048576,1,8192,63.16912841796875,,3577349632,603979776,0.008806233294308186
7,16,8,2,decode,bfloat16,1024,1,1,2.1731413205464682,0.08862559795379639,43520,1179648,0.006444955710321665
7,16,8,2,decode,bfloat16,1024,8,1,2.1853440602620444,0.09495519995689392,345088,9437184,0.006444955710321665
7,16,8,2,decode,bfloat16,1024,32,1,1.6819626490275066,0.11004159450531006,1380352,37748736,0.006444955710321665
7,16,8,2,prefill,bfloat16,1024,1,128,2.815114657084147,,26870784,1179648,0.004452441353350878
7,16,8,2,prefill,bfloat16,1024,1,1024,1.8090346654256184,,39846912,1179648,0.004452441353350878
7,16,8,2,decode,bfloat16,8192,1,1,2.255242665608724,0.09541119933128357,43520,9437184,0.006444955710321665
7,16,8,2,decode,bfloat16,8192,8,1,2.3063146273295083,0.12014080286026001,345088,75497472,0.006444955710321665
7,16,8,2,decode,bfloat16,8192,32,1,1.1188373565673828,0.16172159910202027,1380352,301989888,0.006444955710321665
7,16,8,2,prefill,bfloat16,8192,1,128,2.8836161295572915,,166855680,9437184,0.004452441353350878
7,16,8,2,prefill,bfloat16,8192,1,1024,2.8742825190226235,,190448640,9437184,0.004452441353350878
7,16,8,2,prefill,bfloat16,8192,1,8192,1.8508159319559734,,304612352,9437184,0.004452441353350878
7,16,8,2,decode,bfloat16,32768,1,1,2.2201600074768066,0.11607040166854858,43520,37748736,0.006444955710321665
7,16,8,2,decode,bfloat16,32768,8,1,1.582848072052002,0.1563088059425354,345088,301989888,0.006444955710321665
7,16,8,2,decode,bfloat16,32768,32,1,1.4808106422424316,0.31604480743408203,1380352,1207959552,0.006444955710321665
7,16,8,2,prefill,bfloat16,32768,1,128,3.1142613093058267,,648299520,37748736,0.004452441353350878
7,16,8,2,prefill,bfloat16,32768,1,1024,2.977269490559896,,672007168,37748736,0.004452441353350878
7,16,8,2,prefill,bfloat16,32768,1,8192,3.862762769063314,,849871872,37748736,0.004452441353350878
7,16,8,2,decode,bfloat16,131072,1,1,2.3771840731302896,0.1378208041191101,43520,150994944,0.006444955710321665
7,16,8,2,decode,bfloat16,131072,8,1,2.178698698679606,0.3189903974533081,345088,1207959552,0.006444955710321665
7,16,8,2,decode,bfloat16,131072,32,1,1.6067412694295247,0.9258272171020507,1380352,4831838208,0.006444955710321665
7,16,8,2,prefill,bfloat16,131072,1,128,5.959445317586263,,2576102912,150994944,0.004452441353350878
7,16,8,2,prefill,bfloat16,131072,1,1024,6.4552427927653,,2597192704,150994944,0.004452441353350878
7,16,8,2,prefill,bfloat16,131072,1,8192,10.75873057047526,,2775057408,150994944,0.004452441353350878
7,16,8,2,decode,bfloat16,524288,1,1,2.1816213925679526,0.22649600505828857,43520,603979776,0.006444955710321665
7,16,8,2,decode,bfloat16,524288,8,1,2.2123519579569497,0.8870703697204589,345088,4831838208,0.006444955710321665
7,16,8,2,decode,bfloat16,524288,32,1,3.7482773462931314,3.3786911010742187,1380352,19327352832,0.006444955710321665
7,16,8,2,prefill,bfloat16,524288,1,128,21.39275614420573,,10292573696,603979776,0.004452441353350878
7,16,8,2,prefill,bfloat16,524288,1,1024,23.518816630045574,,10297934848,603979776,0.004452441353350878
7,16,8,2,prefill,bfloat16,524288,1,8192,41.09939320882162,,10475799552,603979776,0.004452441353350878
7,16,8,2,decode,bfloat16,1048576,1,1,1.6990399360656738,0.3430959939956665,43520,1207959552,0.006444955710321665
7,16,8,2,decode,bfloat16,1048576,8,1,2.3779519399007163,1.667131233215332,345088,9663676416,0.006444955710321665
7,16,8,2,decode,bfloat16,1048576,32,1,6.948586781819661,6.576454162597656,1380352,38654705664,0.006444955710321665
7,16,8,2,prefill,bfloat16,1048576,1,128,37.09997812906901,,20581201408,1207959552,0.004452441353350878
7,16,8,2,prefill,bfloat16,1048576,1,1024,41.53130594889323,,20586531328,1207959552,0.004452441353350878
7,16,8,2,prefill,bfloat16,1048576,1,8192,78.06181335449219,,20743455744,1207959552,0.004452441353350878
8,16,16,1,decode,fp8_e4m3,1024,1,1,1.8801387151082356,0.11359679698944092,31744,589824,0.03509664535522461
8,16,16,1,decode,fp8_e4m3,1024,8,1,1.927626609802246,0.10475679636001586,246784,4718592,0.03509664535522461
8,16,16,1,decode,fp8_e4m3,1024,32,1,1.6076587041219075,0.1151136040687561,987136,18874368,0.03509664535522461
8,16,16,1,prefill,fp8_e4m3,1024,1,128,3.0981973012288413,,11076096,589824,0.0076119983568787575
8,16,16,1,prefill,fp8_e4m3,1024,1,1024,1.4091520309448242,,29361152,589824,0.0076119983568787575
8,16,16,1,decode,fp8_e4m3,8192,1,1,1.7194453875223796,0.11486560106277466,31744,4718592,0.03509664535522461
8,16,16,1,decode,fp8_e4m3,8192,8,1,1.6491306622823079,0.11838400363922119,246784,37748736,0.03509664535522461
8,16,16,1,decode,fp8_e4m3,8192,32,1,1.723189353942871,0.15913280248641967,987136,150994944,0.03509664535522461
8,16,16,1,prefill,fp8_e4m3,8192,1,128,3.0431254704793296,,65438208,4718592,0.0076119983568787575
8,16,16,1,prefill,fp8_e4m3,8192,1,1024,2.6378560066223145,,80209408,4718592,0.0076119983568787575
8,16,16,1,prefill,fp8_e4m3,8192,1,8192,1.823637326558431,,215745536,4718592,0.0076119983568787575
8,16,16,1,decode,fp8_e4m3,32768,1,1,1.9894720713297527,0.1284432053565979,31744,18874368,0.03509664535522461
8,16,16,1,decode,fp8_e4m3,32768,8,1,1.9975786209106445,0.15718079805374147,246784,150994944,0.03509664535522461
8,16,16,1,decode,fp8_e4m3,32768,32,1,1.6576959292093914,0.225929594039917,987136,603979776,0.03509664535522461
8,16,16,1,prefill,fp8_e4m3,32768,1,128,2.9630826314290366,,254820864,18874368,0.0076119983568787575
8,16,16,1,prefill,fp8_e4m3,32768,1,1024,2.951552073160807,,268297728,18874368,0.0076119983568787575
8,16,16,1,prefill,fp8_e4m3,32768,1,8192,3.068064053853353,,363529728,18874368,0.0076119983568787575
8,16,16,1,decode,fp8_e4m3,131072,1,1,2.0554986000061035,0.1503775954246521,31744,75497472,0.03509664535522461
8,16,16,1,decode,fp8_e4m3,131072,8,1,1.6182719866434734,0.22163519859313965,246784,603979776,0.03509664535522461
8,16,16,1,decode,fp8_e4m3,131072,32,1,1.7589866320292156,0.48924641609191893,987136,2415919104,0.03509664535522461
8,16,16,1,prefill,fp8_e4m3,131072,1,128,3.763146718343099,,1010139648,75497472,0.0076119983568787575
8,16,16,1,prefill,fp8_e4m3,131072,1,1024,4.476245244344075,,1021568512,75497472,0.0076119983568787575
8,16,16,1,prefill,fp8_e4m3,131072,1,8192,6.658922831217448,,1119553024,75497472,0.0076119983568787575
8,16,16,1,decode,fp8_e4m3,524288,1,1,2.036128044128418,0.19033119678497315,31744,301989888,0.03509664535522461
8,16,16,1,decode,fp8_e4m3,524288,8,1,2.003488063812256,0.4666543960571289,246784,2415919104,0.03509664535522461
8,16,16,1,decode,fp8_e4m3,524288,32,1,2.0093226432800293,1.538308811187744,987136,9663676416,0.03509664535522461
8,16,16,1,prefill,fp8_e4m3,524288,1,128,12.28439458211263,,1764125184,301989888,0.0076119983568787575
8,16,16,1,prefill,fp8_e4m3,524288,1,1024,14.109237670898438,,1776756224,301989888,0.0076119983568787575
8,16,16,1,prefill,fp8_e4m3,524288,1,8192,21.542699178059895,,1864697344,301989888,0.0076119983568787575
8,16,16,1,decode,fp8_e4m3,1048576,1,1,1.6406292915344238,0.24524800777435302,31744,603979776,0.03509664535522461
8,16,16,1,decode,fp8_e4m3,1048576,8,1,1.8934507369995117,0.8034543991088867,246784,4831838208,0.03509664535522461
8,16,16,1,decode,fp8_e4m3,1048576,32,1,3.2750720977783203,2.9738431930541993,987136,19327352832,0.03509664535522461
8,16,16,1,prefill,fp8_e4m3,1048576,1,128,24.32598368326823,,2368104960,603979776,0.0076119983568787575
8,16,16,1,prefill,fp8_e4m3,1048576,1,1024,27.702059427897137,,2381260288,603979776,0.0076119983568787575
8,16,16,1,prefill,fp8_e4m3,1048576,1,8192,42.17627716064453,,2468677120,603979776,0.0076119983568787575
8,16,16,1,decode,bfloat16,1024,1,1,1.8983573913574219,0.10667840242385865,31744,1179648,0.006898726802319288
8,16,16,1,decode,bfloat16,1024,8,1,1.920149326324463,0.10168319940567017,246784,9437184,0.006898726802319288
8,16,16,1,decode,bfloat16,1024,32,1,1.6386559804280598,0.13395999670028685,987136,37748736,0.006898726802319288
8,16,16,1,prefill,bfloat16,1024,1,128,2.860234578450521,,15270912,1179648,0.0005409707664512098
8,16,16,1,prefill,bfloat16,1024,1,1024,1.688810666402181,,28967936,1179648,0.0005409707664512098
8,16,16,1,decode,bfloat16,8192,1,1,1.571082592010498,0.11255359649658203,31744,9437184,0.006898726802319288
8,16,16,1,decode,bfloat16,8192,8,1,1.5048000017801921,0.14226720333099366,246784,75497472,0.006898726802319288
8,16,16,1,decode,bfloat16,8192,32,1,1.6907946268717449,0.1873039960861206,987136,301989888,0.006898726802319288
8,16,16,1,prefill,bfloat16,8192,1,128,2.869994799296061,,88245248,9437184,0.0005409707664512098
8,16,16,1,prefill,bfloat16,8192,1,1024,2.7763732274373374,,108135424,9437184,0.0005409707664512098
8,16,16,1,prefill,bfloat16,8192,1,8192,1.4516587257385254,,215745536,9437184,0.0005409707664512098
8,16,16,1,decode,bfloat16,32768,1,1,1.5972693761189778,0.13643200397491456,31744,37748736,0.006898726802319288
8,16,16,1,decode,bfloat16,32768,8,1,1.531925360361735,0.17943040132522584,246784,301989888,0.006898726802319288
8,16,16,1,decode,bfloat16,32768,32,1,1.6834880510965984,0.3390320062637329,987136,1207959552,0.006898726802319288
8,16,16,1,prefill,bfloat16,32768,1,128,2.3582080205281577,,343737344,37748736,0.0005409707664512098
8,16,16,1,prefill,bfloat16,32768,1,1024,2.944085439046224,,362677248,37748736,0.0005409707664512098
8,16,16,1,prefill,bfloat16,32768,1,8192,3.1804161071777344,,502006784,37748736,0.0005409707664512098
8,16,16,1,decode,bfloat16,131072,1,1,1.9680852890014648,0.16098079681396485,31744,150994944,0.006898726802319288
8,16,16,1,decode,bfloat16,131072,8,1,1.4849173227945964,0.3387264013290405,246784,1207959552,0.006898726802319288
8,16,16,1,decode,bfloat16,131072,32,1,1.489535967508952,0.9485695838928223,987136,4831838208,0.006898726802319288
8,16,16,1,prefill,bfloat16,131072,1,128,4.153642654418945,,1366111744,150994944,0.0005409707664512098
8,16,16,1,prefill,bfloat16,131072,1,1024,4.756138801574707,,1381893120,150994944,0.0005409707664512098
8,16,16,1,prefill,bfloat16,131072,1,8192,7.013237635294597,,1522271232,150994944,0.0005409707664512098
8,16,16,1,decode,bfloat16,524288,1,1,1.9141546885172527,0.24929120540618896,31744,603979776,0.006898726802319288
8,16,16,1,decode,bfloat16,524288,8,1,2.0076160430908203,0.9111743927001953,246784,4831838208,0.006898726802319288
8,16,16,1,decode,bfloat16,524288,32,1,3.680255889892578,3.3960609436035156,987136,19327352832,0.006898726802319288
8,16,16,1,prefill,bfloat16,524288,1,128,14.08572769165039,,5458703872,603979776,0.0005409707664512098
8,16,16,1,prefill,bfloat16,524288,1,1024,16.331989288330078,,5462411776,603979776,0.0005409707664512098
8,16,16,1,prefill,bfloat16,524288,1,8192,24.3779296875,,5599134720,603979776,0.0005409707664512098
8,16,16,1,decode,bfloat16,1048576,1,1,1.9745279947916667,0.3638223886489868,31744,1207959552,0.006898726802319288
8,16,16,1,decode,bfloat16,1048576,8,1,2.036191940307617,1.6899568557739257,246784,9663676416,0.006898726802319288
8,16,16,1,decode,bfloat16,1048576,32,1,6.8740584055582685,6.57042236328125,987136,38654705664,0.006898726802319288
8,16,16,1,prefill,bfloat16,1048576,1,128,27.452662150065105,,10915493376,1207959552,0.0005409707664512098
8,16,16,1,prefill,bfloat16,1048576,1,1024,31.82080078125,,10918652416,1207959552,0.0005409707664512098
8,16,16,1,prefill,bfloat16,1048576,1,8192,48.677032470703125,,11034952704,1207959552,0.0005409707664512098
8,16,8,2,decode,fp8_e4m3,1024,1,1,1.8951892852783203,0.09230719804763794,44032,589824,0.03501495346426964
8,16,8,2,decode,fp8_e4m3,1024,8,1,1.636672019958496,0.09673759937286378,347136,4718592,0.03501495346426964
8,16,8,2,decode,fp8_e4m3,1024,32,1,1.3916053771972656,0.10916639566421509,1388544,18874368,0.03501495346426964
8,16,8,2,prefill,fp8_e4m3,1024,1,128,2.6697813669840493,,18824704,589824,0.008806233294308186
8,16,8,2,prefill,fp8_e4m3,1024,1,1024,1.6107199986775715,,39846912,589824,0.008806233294308186
8,16,8,2,decode,fp8_e4m3,8192,1,1,1.8523626327514648,0.09711199998855591,44032,4718592,0.03501495346426964
8,16,8,2,decode,fp8_e4m3,8192,8,1,1.8053654034932454,0.11394399404525757,347136,37748736,0.03501495346426964
8,16,8,2,decode,fp8_e4m3,8192,32,1,1.4667305946350098,0.13483200073242188,1388544,150994944,0.03501495346426964
8,16,8,2,prefill,fp8_e4m3,8192,1,128,2.7156906127929688,,113786368,4718592,0.008806233294308186
8,16,8,2,prefill,fp8_e4m3,8192,1,1024,2.408181349436442,,140494336,4718592,0.008806233294308186
8,16,8,2,prefill,fp8_e4m3,8192,1,8192,1.4959893226623535,,304612352,4718592,0.008806233294308186
8,16,8,2,decode,fp8_e4m3,32768,1,1,1.8142080307006836,0.11539520025253296,44032,18874368,0.03501495346426964
8,16,8,2,decode,fp8_e4m3,32768,8,1,1.9255679448445637,0.13307360410690308,347136,150994944,0.03501495346426964
8,16,8,2,decode,fp8_e4m3,32768,32,1,1.3659626642862956,0.20310239791870116,1388544,603979776,0.03501495346426964
8,16,8,2,prefill,fp8_e4m3,32768,1,128,2.9941228230794272,,434945536,18874368,0.008806233294308186
8,16,8,2,prefill,fp8_e4m3,32768,1,1024,2.8910293579101562,,462407168,18874368,0.008806233294308186
8,16,8,2,prefill,fp8_e4m3,32768,1,8192,3.705279986063639,,662046208,18874368,0.008806233294308186
8,16,8,2,decode,fp8_e4m3,131072,1,1,1.4145493507385254,0.12941919565200805,44032,75497472,0.03501495346426964
8,16,8,2,decode,fp8_e4m3,131072,8,1,1.8533439636230469,0.19857280254364013,347136,603979776,0.03501495346426964
8,16,8,2,decode,fp8_e4m3,131072,32,1,1.0971733729044597,0.4624623775482178,1388544,2415919104,0.03501495346426964
8,16,8,2,prefill,fp8_e4m3,131072,1,128,4.209429423014323,,1718402560,75497472,0.008806233294308186
8,16,8,2,prefill,fp8_e4m3,131072,1,1024,4.787136077880859,,1744815616,75497472,0.008806233294308186
8,16,8,2,prefill,fp8_e4m3,131072,1,8192,8.9552001953125,,1945503232,75497472,0.008806233294308186
8,16,8,2,decode,fp8_e4m3,524288,1,1,1.413962682088216,0.16841440200805663,44032,301989888,0.03501495346426964
8,16,8,2,decode,fp8_e4m3,524288,8,1,1.8630399703979492,0.44683041572570803,347136,2415919104,0.03501495346426964
8,16,8,2,decode,fp8_e4m3,524288,32,1,1.8323520024617512,1.5263983726501464,1388544,9663676416,0.03501495346426964
8,16,8,2,prefill,fp8_e4m3,524288,1,128,15.040640513102213,,2773388800,301989888,0.008806233294308186
8,16,8,2,prefill,fp8_e4m3,524288,1,1024,17.091487884521484,,2795128320,301989888,0.008806233294308186
8,16,8,2,prefill,fp8_e4m3,524288,1,8192,32.39845275878906,,2973369856,301989888,0.008806233294308186
8,16,8,2,decode,fp8_e4m3,1048576,1,1,1.909013271331787,0.2217855930328369,44032,603979776,0.03501495346426964
8,16,8,2,decode,fp8_e4m3,1048576,8,1,1.9216426213582356,0.7786960124969482,347136,4831838208,0.03501495346426964
8,16,8,2,decode,fp8_e4m3,1048576,32,1,3.2421226501464844,2.9886447906494142,1388544,19327352832,0.03501495346426964
8,16,8,2,prefill,fp8_e4m3,1048576,1,128,29.24433135986328,,3377368576,603979776,0.008806233294308186
8,16,8,2,prefill,fp8_e4m3,1048576,1,1024,32.692352294921875,,3399501312,603979776,0.008806233294308186
8,16,8,2,prefill,fp8_e4m3,1048576,1,8192,63.89563496907552,,3577349632,603979776,0.008806233294308186
8,16,8,2,decode,bfloat16,1024,1,1,1.7327466011047363,0.08961439728736878,43520,1179648,0.006444955710321665
8,16,8,2,decode,bfloat16,1024,8,1,1.8019413948059082,0.09547680020332336,345088,9437184,0.006444955710321665
8,16,8,2,decode,bfloat16,1024,32,1,1.4723413785298665,0.11036319732666015,1380352,37748736,0.006444955710321665
8,16,8,2,prefill,bfloat16,1024,1,128,2.546079953511556,,26870784,1179648,0.004452441353350878
8,16,8,2,prefill,bfloat16,1024,1,1024,1.583338737487793,,39846912,1179648,0.004452441353350878
8,16,8,2,decode,bfloat16,8192,1,1,1.8742186228434246,0.09536479711532593,43520,9437184,0.006444955710321665
8,16,8,2,decode,bfloat16,8192,8,1,1.9977067311604817,0.1204192042350769,345088,75497472,0.006444955710321665
8,16,8,2,decode,bfloat16,8192,32,1,1.5249493916829426,0.16173280477523805,1380352,301989888,0.006444955710321665
8,16,8,2,prefill,bfloat16,8192,1,128,2.4523733456929526,,166855680,9437184,0.004452441353350878
8,16,8,2,prefill,bfloat16,8192,1,1024,2.4049599965413413,,190448640,9437184,0.004452441353350878
8,16,8,2,prefill,bfloat16,8192,1,8192,1.6620480219523113,,304612352,9437184,0.004452441353350878
8,16,8,2,decode,bfloat16,32768,1,1,1.8293226559956868,0.1165727972984314,43520,37748736,0.006444955710321665
8,16,8,2,decode,bfloat16,32768,8,1,1.9092052777608235,0.15703200101852416,345088,301989888,0.006444955710321665
8,16,8,2,decode,bfloat16,32768,32,1,1.4605973561604817,0.3156368017196655,1380352,1207959552,0.006444955710321665
8,16,8,2,prefill,bfloat16,32768,1,128,2.635157267252604,,648299520,37748736,0.004452441353350878
8,16,8,2,prefill,bfloat16,32768,1,1024,2.561973253885905,,672007168,37748736,0.004452441353350878
8,16,8,2,prefill,bfloat16,32768,1,8192,3.7119785944620767,,849871872,37748736,0.004452441353350878
8,16,8,2,decode,bfloat16,131072,1,1,2.0683520634969077,0.1382591962814331,43520,150994944,0.006444955710321665
8,16,8,2,decode,bfloat16,131072,8,1,2.044256051381429,0.3189824104309082,345088,1207959552,0.006444955710321665
8,16,8,2,decode,bfloat16,131072,32,1,1.214197317759196,0.9256208419799805,1380352,4831838208,0.006444955710321665
8,16,8,2,prefill,bfloat16,131072,1,128,5.900821050008138,,2576102912,150994944,0.004452441353350878
8,16,8,2,prefill,bfloat16,131072,1,1024,6.565184275309245,,2597192704,150994944,0.004452441353350878
8,16,8,2,prefill,bfloat16,131072,1,8192,10.854975382486979,,2775057408,150994944,0.004452441353350878
8,16,8,2,decode,bfloat16,524288,1,1,1.9563199679056804,0.2290640115737915,43520,603979776,0.006444955710321665
8,16,8,2,decode,bfloat16,524288,8,1,1.8754453659057617,0.886575984954834,345088,4831838208,0.006444955710321665
8,16,8,2,decode,bfloat16,524288,32,1,3.690709431966146,3.3764801025390625,1380352,19327352832,0.006444955710321665
8,16,8,2,prefill,bfloat16,524288,1,128,21.37201182047526,,10292573696,603979776,0.004452441353350878
8,16,8,2,prefill,bfloat16,524288,1,1024,23.61999003092448,,10297934848,603979776,0.004452441353350878
8,16,8,2,prefill,bfloat16,524288,1,8192,41.62904612223307,,10475799552,603979776,0.004452441353350878
8,16,8,2,decode,bfloat16,1048576,1,1,2.0017600059509277,0.3451632022857666,43520,1207959552,0.006444955710321665
8,16,8,2,decode,bfloat16,1048576,8,1,2.195690631866455,1.6644767761230468,345088,9663676416,0.006444955710321665
8,16,8,2,decode,bfloat16,1048576,32,1,6.8853759765625,6.574967956542968,1380352,38654705664,0.006444955710321665
8,16,8,2,prefill,bfloat16,1048576,1,128,37.195454915364586,,20581201408,1207959552,0.004452441353350878
8,16,8,2,prefill,bfloat16,1048576,1,1024,41.69702402750651,,20586531328,1207959552,0.004452441353350878
8,16,8,2,prefill,bfloat16,1048576,1,8192,79.40252685546875,,20743455744,1207959552,0.004452441353350878
9,16,16,1,decode,fp8_e4m3,1024,1,1,1.8809067408243816,0.11359200477600098,31744,589824,0.03509664535522461
9,16,16,1,decode,fp8_e4m3,1024,8,1,1.9294826189676921,0.10478719472885131,246784,4718592,0.03509664535522461
9,16,16,1,decode,fp8_e4m3,1024,32,1,1.6095147132873535,0.11532800197601319,987136,18874368,0.03509664535522461
9,16,16,1,prefill,fp8_e4m3,1024,1,128,3.100693384806315,,11076096,589824,0.0076119983568787575
9,16,16,1,prefill,fp8_e4m3,1024,1,1024,1.4092799822489421,,29361152,589824,0.0076119983568787575
9,16,16,1,decode,fp8_e4m3,8192,1,1,1.711850643157959,0.11467039585113525,31744,4718592,0.03509664535522461
9,16,16,1,decode,fp8_e4m3,8192,8,1,1.6492266654968262,0.11842880249023438,246784,37748736,0.03509664535522461
9,16,16,1,decode,fp8_e4m3,8192,32,1,1.7237760225931804,0.15915999412536622,987136,150994944,0.03509664535522461
9,16,16,1,prefill,fp8_e4m3,8192,1,128,3.045813242594401,,65438208,4718592,0.0076119983568787575
9,16,16,1,prefill,fp8_e4m3,8192,1,1024,2.637119928995768,,80209408,4718592,0.0076119983568787575
9,16,16,1,prefill,fp8_e4m3,8192,1,8192,1.8251733779907227,,215745536,4718592,0.0076119983568787575
9,16,16,1,decode,fp8_e4m3,32768,1,1,1.990250587463379,0.1284432053565979,31744,18874368,0.03509664535522461
9,16,16,1,decode,fp8_e4m3,32768,8,1,1.9989226659138997,0.1572543978691101,246784,150994944,0.03509664535522461
9,16,16,1,decode,fp8_e4m3,32768,32,1,1.6589439709981282,0.2260512113571167,987136,603979776,0.03509664535522461
9,16,16,1,prefill,fp8_e4m3,32768,1,128,2.9656108220418296,,254820864,18874368,0.0076119983568787575
9,16,16,1,prefill,fp8_e4m3,32768,1,1024,2.955168088277181,,268297728,18874368,0.0076119983568787575
9,16,16,1,prefill,fp8_e4m3,32768,1,8192,3.070506731669108,,363529728,18874368,0.0076119983568787575
9,16,16,1,decode,fp8_e4m3,131072,1,1,2.055178642272949,0.15043359994888306,31744,75497472,0.03509664535522461
9,16,16,1,decode,fp8_e4m3,131072,8,1,1.6201279958089192,0.22163679599761962,246784,603979776,0.03509664535522461
9,16,16,1,decode,fp8_e4m3,131072,32,1,1.7602240244547527,0.4893216133117676,987136,2415919104,0.03509664535522461
9,16,16,1,prefill,fp8_e4m3,131072,1,128,3.7619412740071616,,1010139648,75497472,0.0076119983568787575
9,16,16,1,prefill,fp8_e4m3,131072,1,1024,4.479658762613933,,1021568512,75497472,0.0076119983568787575
9,16,16,1,prefill,fp8_e4m3,131072,1,8192,6.655957539876302,,1119553024,75497472,0.0076119983568787575
9,16,16,1,decode,fp8_e4m3,524288,1,1,2.037984053293864,0.19022079706192016,31744,301989888,0.03509664535522461
9,16,16,1,decode,fp8_e4m3,524288,8,1,2.005845387776693,0.4665952205657959,246784,2415919104,0.03509664535522461
9,16,16,1,decode,fp8_e4m3,524288,32,1,2.0104106267293296,1.5378463745117188,987136,9663676416,0.03509664535522461
9,16,16,1,prefill,fp8_e4m3,524288,1,128,12.287498474121094,,1764125184,301989888,0.0076119983568787575
9,16,16,1,prefill,fp8_e4m3,524288,1,1024,14.111456553141275,,1776756224,301989888,0.0076119983568787575
9,16,16,1,prefill,fp8_e4m3,524288,1,8192,21.54662322998047,,1864697344,301989888,0.0076119983568787575
9,16,16,1,decode,fp8_e4m3,1048576,1,1,1.6470826466878254,0.2452080011367798,31744,603979776,0.03509664535522461
9,16,16,1,decode,fp8_e4m3,1048576,8,1,1.896469275156657,0.8035519599914551,246784,4831838208,0.03509664535522461
9,16,16,1,decode,fp8_e4m3,1048576,32,1,3.278421401977539,2.9736528396606445,987136,19327352832,0.03509664535522461
9,16,16,1,prefill,fp8_e4m3,1048576,1,128,24.329823811848957,,2368104960,603979776,0.0076119983568787575
9,16,16,1,prefill,fp8_e4m3,1048576,1,1024,27.70684814453125,,2381260288,603979776,0.0076119983568787575
9,16,16,1,prefill,fp8_e4m3,1048576,1,8192,42.17949930826823,,2468677120,603979776,0.0076119983568787575
9,16,16,1,decode,bfloat16,1024,1,1,1.9020800590515137,0.10701760053634643,31744,1179648,0.006898726802319288
9,16,16,1,decode,bfloat16,1024,8,1,1.9162240028381348,0.10183360576629638,246784,9437184,0.006898726802319288
9,16,16,1,decode,bfloat16,1024,32,1,1.6404906908671062,0.13378080129623413,987136,37748736,0.006898726802319288
9,16,16,1,prefill,bfloat16,1024,1,128,2.8639891942342124,,15270912,1179648,0.0005409707664512098
9,16,16,1,prefill,bfloat16,1024,1,1024,1.689909299214681,,28967936,1179648,0.0005409707664512098
9,16,16,1,decode,bfloat16,8192,1,1,1.5654826164245605,0.11257920265197754,31744,9437184,0.006898726802319288
9,16,16,1,decode,bfloat16,8192,8,1,1.5023040771484375,0.14233440160751343,246784,75497472,0.006898726802319288
9,16,16,1,decode,bfloat16,8192,32,1,1.694368044535319,0.18735519647598267,987136,301989888,0.006898726802319288
9,16,16,1,prefill,bfloat16,8192,1,128,2.872607866923014,,88245248,9437184,0.0005409707664512098
9,16,16,1,prefill,bfloat16,8192,1,1024,2.776639938354492,,108135424,9437184,0.0005409707664512098
9,16,16,1,prefill,bfloat16,8192,1,8192,1.4553813934326172,,215745536,9437184,0.0005409707664512098
9,16,16,1,decode,bfloat16,32768,1,1,1.5907093683878581,0.1363952040672302,31744,37748736,0.006898726802319288
9,16,16,1,decode,bfloat16,32768,8,1,1.5351893107096355,0.1794319987297058,246784,301989888,0.006898726802319288
9,16,16,1,decode,bfloat16,32768,32,1,1.6831040382385254,0.33885760307312013,987136,1207959552,0.006898726802319288
9,16,16,1,prefill,bfloat16,32768,1,128,2.3569812774658203,,343737344,37748736,0.0005409707664512098
9,16,16,1,prefill,bfloat16,32768,1,1024,2.947114626566569,,362677248,37748736,0.0005409707664512098
9,16,16,1,prefill,bfloat16,32768,1,8192,3.179253260294596,,502006784,37748736,0.0005409707664512098
9,16,16,1,decode,bfloat16,131072,1,1,1.967850685119629,0.16075359582901,31744,150994944,0.006898726802319288
9,16,16,1,decode,bfloat16,131072,8,1,1.484864075978597,0.3393199920654297,246784,1207959552,0.006898726802319288
9,16,16,1,decode,bfloat16,131072,32,1,1.491370677947998,0.9485487937927246,987136,4831838208,0.006898726802319288
9,16,16,1,prefill,bfloat16,131072,1,128,4.1538238525390625,,1366111744,150994944,0.0005409707664512098
9,16,16,1,prefill,bfloat16,131072,1,1024,4.755605379740397,,1381893120,150994944,0.0005409707664512098
9,16,16,1,prefill,bfloat16,131072,1,8192,7.0170135498046875,,1522271232,150994944,0.0005409707664512098
9,16,16,1,decode,bfloat16,524288,1,1,1.913589318593343,0.25000638961791993,31744,603979776,0.006898726802319288
9,16,16,1,decode,bfloat16,524288,8,1,2.007925351460775,0.9112064361572265,246784,4831838208,0.006898726802319288
9,16,16,1,decode,bfloat16,524288,32,1,3.6837120056152344,3.3960174560546874,987136,19327352832,0.006898726802319288
9,16,16,1,prefill,bfloat16,524288,1,128,14.092693328857422,,5458703872,603979776,0.0005409707664512098
9,16,16,1,prefill,bfloat16,524288,1,1024,16.33521016438802,,5462411776,603979776,0.0005409707664512098
9,16,16,1,prefill,bfloat16,524288,1,8192,24.3787841796875,,5599134720,603979776,0.0005409707664512098
9,16,16,1,decode,bfloat16,1048576,1,1,1.9788479804992676,0.3642064094543457,31744,1207959552,0.006898726802319288
9,16,16,1,decode,bfloat16,1048576,8,1,2.0395946502685547,1.6899295806884767,246784,9663676416,0.006898726802319288
9,16,16,1,decode,bfloat16,1048576,32,1,6.878357569376628,6.570072174072266,987136,38654705664,0.006898726802319288
9,16,16,1,prefill,bfloat16,1048576,1,128,27.45538075764974,,10915493376,1207959552,0.0005409707664512098
9,16,16,1,prefill,bfloat16,1048576,1,1024,31.8264643351237,,10918652416,1207959552,0.0005409707664512098
9,16,16,1,prefill,bfloat16,1048576,1,8192,48.68035380045573,,11034952704,1207959552,0.0005409707664512098
9,16,8,2,decode,fp8_e4m3,1024,1,1,1.8979519208272297,0.09226719737052917,44032,589824,0.03501495346426964
9,16,8,2,decode,fp8_e4m3,1024,8,1,1.6358292897542317,0.09723039865493774,347136,4718592,0.03501495346426964
9,16,8,2,decode,fp8_e4m3,1024,32,1,1.392149289449056,0.10927679538726806,1388544,18874368,0.03501495346426964
9,16,8,2,prefill,fp8_e4m3,1024,1,128,2.667093276977539,,18824704,589824,0.008806233294308186
9,16,8,2,prefill,fp8_e4m3,1024,1,1024,1.6637867291768391,,39846912,589824,0.008806233294308186
9,16,8,2,decode,fp8_e4m3,8192,1,1,1.85371732711792,0.09717440009117126,44032,4718592,0.03501495346426964
9,16,8,2,decode,fp8_e4m3,8192,8,1,1.8053760528564453,0.11397440433502197,347136,37748736,0.03501495346426964
9,16,8,2,decode,fp8_e4m3,8192,32,1,1.4681706428527832,0.13475680351257324,1388544,150994944,0.03501495346426964
9,16,8,2,prefill,fp8_e4m3,8192,1,128,2.7152748107910156,,113786368,4718592,0.008806233294308186
9,16,8,2,prefill,fp8_e4m3,8192,1,1024,2.416320006052653,,140494336,4718592,0.008806233294308186
9,16,8,2,prefill,fp8_e4m3,8192,1,8192,1.4961919784545898,,304612352,4718592,0.008806233294308186
9,16,8,2,decode,fp8_e4m3,32768,1,1,1.8145813941955566,0.11525599956512451,44032,18874368,0.03501495346426964
9,16,8,2,decode,fp8_e4m3,32768,8,1,1.9272960027058919,0.13277759552001953,347136,150994944,0.03501495346426964
9,16,8,2,decode,fp8_e4m3,32768,32,1,1.384501298268636,0.2031264066696167,1388544,603979776,0.03501495346426964
9,16,8,2,prefill,fp8_e4m3,32768,1,128,2.9931198755900064,,434945536,18874368,0.008806233294308186
9,16,8,2,prefill,fp8_e4m3,32768,1,1024,2.891647974650065,,462407168,18874368,0.008806233294308186
9,16,8,2,prefill,fp8_e4m3,32768,1,8192,3.708202679951986,,662046208,18874368,0.008806233294308186
9,16,8,2,decode,fp8_e4m3,131072,1,1,1.413717269897461,0.12934240102767944,44032,75497472,0.03501495346426964
9,16,8,2,decode,fp8_e4m3,131072,8,1,1.8540479342142742,0.19850080013275145,347136,603979776,0.03501495346426964
9,16,8,2,decode,fp8_e4m3,131072,32,1,1.097002665201823,0.46318559646606444,1388544,2415919104,0.03501495346426964
9,16,8,2,prefill,fp8_e4m3,131072,1,128,4.208757400512695,,1718402560,75497472,0.008806233294308186
9,16,8,2,prefill,fp8_e4m3,131072,1,1024,4.786186536153157,,1744815616,75497472,0.008806233294308186
9,16,8,2,prefill,fp8_e4m3,131072,1,8192,8.95583979288737,,1945503232,75497472,0.008806233294308186
9,16,8,2,decode,fp8_e4m3,524288,1,1,1.4139520327250164,0.16843199729919434,44032,301989888,0.03501495346426964
9,16,8,2,decode,fp8_e4m3,524288,8,1,1.8644800186157227,0.44729437828063967,347136,2415919104,0.03501495346426964
9,16,8,2,decode,fp8_e4m3,524288,32,1,1.835840066274007,1.5285504341125489,1388544,9663676416,0.03501495346426964
9,16,8,2,prefill,fp8_e4m3,524288,1,128,15.042837778727213,,2773388800,301989888,0.008806233294308186
9,16,8,2,prefill,fp8_e4m3,524288,1,1024,17.095359802246094,,2795128320,301989888,0.008806233294308186
9,16,8,2,prefill,fp8_e4m3,524288,1,8192,32.40131123860677,,2973369856,301989888,0.008806233294308186
9,16,8,2,decode,fp8_e4m3,1048576,1,1,1.9139307339986165,0.2220560073852539,44032,603979776,0.03501495346426964
9,16,8,2,decode,fp8_e4m3,1048576,8,1,1.9223039944966633,0.7790063858032227,347136,4831838208,0.03501495346426964
9,16,8,2,decode,fp8_e4m3,1048576,32,1,3.244725227355957,2.988604736328125,1388544,19327352832,0.03501495346426964
9,16,8,2,prefill,fp8_e4m3,1048576,1,128,29.251787821451824,,3377368576,603979776,0.008806233294308186
9,16,8,2,prefill,fp8_e4m3,1048576,1,1024,32.69319407145182,,3399501312,603979776,0.008806233294308186
9,16,8,2,prefill,fp8_e4m3,1048576,1,8192,63.89928690592448,,3577349632,603979776,0.008806233294308186
9,16,8,2,decode,bfloat16,1024,1,1,1.7307945887247722,0.08973439931869506,43520,1179648,0.006444955710321665
9,16,8,2,decode,bfloat16,1024,8,1,1.8037546475728352,0.09548799991607666,345088,9437184,0.006444955710321665
9,16,8,2,decode,bfloat16,1024,32,1,1.4776746431986492,0.11056319475173951,1380352,37748736,0.006444955710321665
9,16,8,2,prefill,bfloat16,1024,1,128,2.5479040145874023,,26870784,1179648,0.004452441353350878
9,16,8,2,prefill,bfloat16,1024,1,1024,1.5867946942647297,,39846912,1179648,0.004452441353350878
9,16,8,2,decode,bfloat16,8192,1,1,1.8825066884358723,0.0961471974849701,43520,9437184,0.006444955710321665
9,16,8,2,decode,bfloat16,8192,8,1,2.001493295033773,0.1203376054763794,345088,75497472,0.006444955710321665
9,16,8,2,decode,bfloat16,8192,32,1,1.528223991394043,0.16176639795303344,1380352,301989888,0.006444955710321665
9,16,8,2,prefill,bfloat16,8192,1,128,2.4548373222351074,,166855680,9437184,0.004452441353350878
9,16,8,2,prefill,bfloat16,8192,1,1024,2.41210667292277,,190448640,9437184,0.004452441353350878
9,16,8,2,prefill,bfloat16,8192,1,8192,1.6650880177815754,,304612352,9437184,0.004452441353350878
9,16,8,2,decode,bfloat16,32768,1,1,1.8306560516357422,0.11650240421295166,43520,37748736,0.006444955710321665
9,16,8,2,decode,bfloat16,32768,8,1,1.9114240010579426,0.15692800283432007,345088,301989888,0.006444955710321665
9,16,8,2,decode,bfloat16,32768,32,1,1.4785706202189128,0.31561119556427003,1380352,1207959552,0.006444955710321665
9,16,8,2,prefill,bfloat16,32768,1,128,2.6372373898824057,,648299520,37748736,0.004452441353350878
9,16,8,2,prefill,bfloat16,32768,1,1024,2.564448038736979,,672007168,37748736,0.004452441353350878
9,16,8,2,prefill,bfloat16,32768,1,8192,3.712597211201986,,849871872,37748736,0.004452441353350878
9,16,8,2,decode,bfloat16,131072,1,1,2.049066702524821,0.13896000385284424,43520,150994944,0.006444955710321665
9,16,8,2,decode,bfloat16,131072,8,1,2.0458240509033203,0.31895999908447265,345088,1207959552,0.006444955710321665
9,16,8,2,decode,bfloat16,131072,32,1,1.2156586647033691,0.9255184173583985,1380352,4831838208,0.006444955710321665
9,16,8,2,prefill,bfloat16,131072,1,128,5.90562121073405,,2576102912,150994944,0.004452441353350878
9,16,8,2,prefill,bfloat16,131072,1,1024,6.565642674763997,,2597192704,150994944,0.004452441353350878
9,16,8,2,prefill,bfloat16,131072,1,8192,10.858336130777994,,2775057408,150994944,0.004452441353350878
9,16,8,2,decode,bfloat16,524288,1,1,1.957258701324463,0.22893919944763183,43520,603979776,0.006444955710321665
9,16,8,2,decode,bfloat16,524288,8,1,1.8758613268534343,0.8866239547729492,345088,4831838208,0.006444955710321665
9,16,8,2,decode,bfloat16,524288,32,1,3.694485346476237,3.376660919189453,1380352,19327352832,0.006444955710321665
9,16,8,2,prefill,bfloat16,524288,1,128,21.3754145304362,,10292573696,603979776,0.004452441353350878
9,16,8,2,prefill,bfloat16,524288,1,1024,23.624361673990887,,10297934848,603979776,0.004452441353350878
9,16,8,2,prefill,bfloat16,524288,1,8192,41.635083516438804,,10475799552,603979776,0.004452441353350878
9,16,8,2,decode,bfloat16,1048576,1,1,2.004810651143392,0.34499359130859375,43520,1207959552,0.006444955710321665
9,16,8,2,decode,bfloat16,1048576,8,1,2.199178695678711,1.664316749572754,345088,9663676416,0.006444955710321665
9,16,8,2,decode,bfloat16,1048576,32,1,6.888266881306966,6.57580795288086,1380352,38654705664,0.006444955710321665
9,16,8,2,prefill,bfloat16,1048576,1,128,37.20024617513021,,20581201408,1207959552,0.004452441353350878
9,16,8,2,prefill,bfloat16,1048576,1,1024,41.70282745361328,,20586531328,1207959552,0.004452441353350878
9,16,8,2,prefill,bfloat16,1048576,1,8192,79.40817260742188,,20743455744,1207959552,0.004452441353350878
