rank,world,tp,dp,phase,cache_dtype,context,batch_per_dp,chunk,eager_ms,graph_ms,dynamic_peak_bytes,cache_bytes,short_reference_relative_l2
0,16,1,16,decode,fp8_e4m3,1024,1,1,0.9888213475545248,0.12934240102767944,413184,589824,0.034656696021556854
0,16,1,16,decode,fp8_e4m3,1024,8,1,1.017685333887736,0.13728799819946289,3298304,4718592,0.034656696021556854
0,16,1,16,decode,fp8_e4m3,1024,32,1,0.9047146638234457,0.15166560411453248,13193216,18874368,0.034656696021556854
0,16,1,16,prefill,fp8_e4m3,1024,1,128,1.747872034708659,,135628288,589824,0.007521942723542452
0,16,1,16,prefill,fp8_e4m3,1024,1,1024,0.9809066454569498,,215090176,589824,0.007521942723542452
0,16,1,16,decode,fp8_e4m3,8192,1,1,1.0229012966156006,0.13509279489517212,413184,4718592,0.034656696021556854
0,16,1,16,decode,fp8_e4m3,8192,8,1,1.0258026917775471,0.14583519697189332,3298304,37748736,0.034656696021556854
0,16,1,16,decode,fp8_e4m3,8192,32,1,0.9229973157246908,0.1762768030166626,13193216,150994944,0.034656696021556854
0,16,1,16,prefill,fp8_e4m3,8192,1,128,2.3947200775146484,,768706048,4718592,0.007521942723542452
0,16,1,16,prefill,fp8_e4m3,8192,1,1024,2.511616071065267,,975963648,4718592,0.007521942723542452
0,16,1,16,prefill,fp8_e4m3,8192,1,8192,4.736735979715983,,1632633856,4718592,0.007521942723542452
0,16,1,16,decode,fp8_e4m3,32768,1,1,0.9945279757181803,0.1495344042778015,413184,18874368,0.034656696021556854
0,16,1,16,decode,fp8_e4m3,32768,8,1,1.0187093416849773,0.16433759927749633,3298304,150994944,0.034656696021556854
0,16,1,16,decode,fp8_e4m3,32768,32,1,0.9247999986012777,0.2664144039154053,13193216,603979776,0.034656696021556854
0,16,1,16,prefill,fp8_e4m3,32768,1,128,4.5797545115153,,2939553280,18874368,0.007521942723542452
0,16,1,16,prefill,fp8_e4m3,32768,1,1024,5.6878509521484375,,3146515968,18874368,0.007521942723542452
0,16,1,16,prefill,fp8_e4m3,32768,1,8192,16.594207763671875,,4826072576,18874368,0.007521942723542452
0,16,1,16,decode,fp8_e4m3,131072,1,1,1.0459307034810383,0.15852960348129272,413184,75497472,0.034656696021556854
0,16,1,16,decode,fp8_e4m3,131072,8,1,1.047327995300293,0.249566388130188,3298304,603979776,0.034656696021556854
0,16,1,16,decode,fp8_e4m3,131072,32,1,1.028714656829834,0.6388016223907471,13193216,2415919104,0.034656696021556854
0,16,1,16,prefill,fp8_e4m3,131072,1,128,9.375104268391928,,11621762560,75497472,0.007521942723542452
0,16,1,16,prefill,fp8_e4m3,131072,1,1024,14.006378173828125,,11828725248,75497472,0.007521942723542452
0,16,1,16,prefill,fp8_e4m3,131072,1,8192,53.92036437988281,,13508806144,75497472,0.007521942723542452
0,16,1,16,decode,fp8_e4m3,524288,1,1,1.0179413159688313,0.19771679639816284,413184,301989888,0.034656696021556854
0,16,1,16,decode,fp8_e4m3,524288,8,1,1.1284266312917073,0.5982592105865479,3298304,2415919104,0.034656696021556854
0,16,1,16,decode,fp8_e4m3,524288,32,1,2.4015893936157227,2.658889579772949,13193216,9663676416,0.034656696021556854
0,16,1,16,prefill,fp8_e4m3,524288,1,128,35.13696034749349,,16899147264,301989888,0.007521942723542452
0,16,1,16,prefill,fp8_e4m3,524288,1,1024,53.66057840983073,,17076192768,301989888,0.007521942723542452
0,16,1,16,prefill,fp8_e4m3,524288,1,8192,211.28385416666666,,18494785024,301989888,0.007521942723542452
0,16,1,16,decode,fp8_e4m3,1048576,1,1,1.0165653228759766,0.24739999771118165,413184,603979776,0.034656696021556854
0,16,1,16,decode,fp8_e4m3,1048576,8,1,1.3447359402974446,1.2115903854370118,3298304,4831838208,0.034656696021556854
0,16,1,16,decode,fp8_e4m3,1048576,32,1,4.435861269632976,4.994244766235352,13193216,19327352832,0.034656696021556854
0,16,1,16,prefill,fp8_e4m3,1048576,1,128,69.62954711914062,,17503127040,603979776,0.007521942723542452
0,16,1,16,prefill,fp8_e4m3,1048576,1,1024,106.22115071614583,,17680172544,603979776,0.007521942723542452
0,16,1,16,prefill,fp8_e4m3,1048576,1,8192,425.1134847005208,,19098764800,603979776,0.007521942723542452
0,16,1,16,decode,bfloat16,1024,1,1,0.9629546801249186,0.12746399641036987,431616,1179648,0.004290093667805195
0,16,1,16,decode,bfloat16,1024,8,1,0.9652160008748373,0.13947679996490478,3445760,9437184,0.004290093667805195
0,16,1,16,decode,bfloat16,1024,32,1,0.873738686243693,0.14666399955749512,13783040,37748736,0.004290093667805195
0,16,1,16,prefill,bfloat16,1024,1,128,1.7199360529581706,,136021504,1179648,0.0016153258038684726
0,16,1,16,prefill,bfloat16,1024,1,1024,0.9350826740264893,,215090176,1179648,0.0016153258038684726
0,16,1,16,decode,bfloat16,8192,1,1,0.9796906312306722,0.13672800064086915,431616,9437184,0.004290093667805195
0,16,1,16,decode,bfloat16,8192,8,1,1.0146026611328125,0.14351999759674072,3445760,75497472,0.004290093667805195
0,16,1,16,decode,bfloat16,8192,32,1,0.8811306953430176,0.19298239946365356,13783040,301989888,0.004290093667805195
0,16,1,16,prefill,bfloat16,8192,1,128,2.3421120643615723,,769377792,9437184,0.0016153258038684726
0,16,1,16,prefill,bfloat16,8192,1,1024,2.4311466217041016,,976094720,9437184,0.0016153258038684726
0,16,1,16,prefill,bfloat16,8192,1,8192,4.571893374125163,,1632633856,9437184,0.0016153258038684726
0,16,1,16,decode,bfloat16,32768,1,1,0.9870933691660563,0.1453328013420105,431616,37748736,0.004290093667805195
0,16,1,16,decode,bfloat16,32768,8,1,1.0117440223693848,0.18102879524230958,3445760,301989888,0.004290093667805195
0,16,1,16,decode,bfloat16,32768,32,1,0.8980586528778076,0.3550368070602417,13783040,1207959552,0.004290093667805195
0,16,1,16,prefill,bfloat16,32768,1,128,4.546496073404948,,2939553280,37748736,0.0016153258038684726
0,16,1,16,prefill,bfloat16,32768,1,1024,5.661855697631836,,3146515968,37748736,0.0016153258038684726
0,16,1,16,prefill,bfloat16,32768,1,8192,15.959232330322266,,4825548288,37748736,0.0016153258038684726
0,16,1,16,decode,bfloat16,131072,1,1,1.0017386277516682,0.1626736044883728,431616,150994944,0.004290093667805195
0,16,1,16,decode,bfloat16,131072,8,1,0.9930240313212076,0.33461120128631594,3445760,1207959552,0.004290093667805195
0,16,1,16,decode,bfloat16,131072,32,1,1.2306026617685955,1.0764191627502442,13783040,4831838208,0.004290093667805195
0,16,1,16,prefill,bfloat16,131072,1,128,9.246485392252604,,11621762560,150994944,0.0016153258038684726
0,16,1,16,prefill,bfloat16,131072,1,1024,13.898506164550781,,11828725248,150994944,0.0016153258038684726
0,16,1,16,prefill,bfloat16,131072,1,8192,54.507670084635414,,13508806144,150994944,0.0016153258038684726
0,16,1,16,decode,bfloat16,524288,1,1,0.976960023244222,0.2381040096282959,431616,603979776,0.004290093667805195
0,16,1,16,decode,bfloat16,524288,8,1,1.223306655883789,0.9911840438842774,3445760,4831838208,0.004290093667805195
0,16,1,16,decode,bfloat16,524288,32,1,3.973877271016439,4.346012878417969,13783040,19327352832,0.004290093667805195
0,16,1,16,prefill,bfloat16,524288,1,128,34.736480712890625,,16899147264,603979776,0.0016153258038684726
0,16,1,16,prefill,bfloat16,524288,1,1024,53.628682454427086,,17076192768,603979776,0.0016153258038684726
0,16,1,16,prefill,bfloat16,524288,1,8192,215.29278564453125,,18494785024,603979776,0.0016153258038684726
0,16,1,16,decode,bfloat16,1048576,1,1,1.0035200119018555,0.3397167921066284,431616,1207959552,0.004290093667805195
0,16,1,16,decode,bfloat16,1048576,8,1,2.0889172554016113,2.001452827453613,3445760,9663676416,0.004290093667805195
0,16,1,16,decode,bfloat16,1048576,32,1,7.865493138631185,9.25152816772461,13783040,38654705664,0.004290093667805195
0,16,1,16,prefill,bfloat16,1048576,1,128,68.87973531087239,,17503127040,1207959552,0.0016153258038684726
0,16,1,16,prefill,bfloat16,1048576,1,1024,106.91690063476562,,17680172544,1207959552,0.0016153258038684726
0,16,1,16,prefill,bfloat16,1048576,1,8192,429.0006917317708,,19098764800,1207959552,0.0016153258038684726
1,16,1,16,decode,fp8_e4m3,1024,1,1,1.0386559963226318,0.13006880283355712,413184,589824,0.034656696021556854
1,16,1,16,decode,fp8_e4m3,1024,8,1,1.088597297668457,0.13744479417800903,3298304,4718592,0.034656696021556854
1,16,1,16,decode,fp8_e4m3,1024,32,1,1.0076586405436199,0.15152640342712403,13193216,18874368,0.034656696021556854
1,16,1,16,prefill,fp8_e4m3,1024,1,128,1.869706630706787,,135628288,589824,0.007521942723542452
1,16,1,16,prefill,fp8_e4m3,1024,1,1024,1.0421546300252278,,215090176,589824,0.007521942723542452
1,16,1,16,decode,fp8_e4m3,8192,1,1,1.0842026869455974,0.13663359880447387,413184,4718592,0.034656696021556854
1,16,1,16,decode,fp8_e4m3,8192,8,1,1.1388160387674968,0.14596159458160402,3298304,37748736,0.034656696021556854
1,16,1,16,decode,fp8_e4m3,8192,32,1,1.0055147012074788,0.1745296001434326,13193216,150994944,0.034656696021556854
1,16,1,16,prefill,fp8_e4m3,8192,1,128,2.4929173787434897,,768706048,4718592,0.007521942723542452
1,16,1,16,prefill,fp8_e4m3,8192,1,1024,2.5647786458333335,,975963648,4718592,0.007521942723542452
1,16,1,16,prefill,fp8_e4m3,8192,1,8192,4.555530548095703,,1632633856,4718592,0.007521942723542452
1,16,1,16,decode,fp8_e4m3,32768,1,1,1.2006826400756836,0.14837759733200073,413184,18874368,0.034656696021556854
1,16,1,16,decode,fp8_e4m3,32768,8,1,1.1654400030771892,0.16501760482788086,3298304,150994944,0.034656696021556854
1,16,1,16,decode,fp8_e4m3,32768,32,1,1.0318400065104167,0.26273279190063475,13193216,603979776,0.034656696021556854
1,16,1,16,prefill,fp8_e4m3,32768,1,128,4.68283748626709,,2939553280,18874368,0.007521942723542452
1,16,1,16,prefill,fp8_e4m3,32768,1,1024,5.719125111897786,,3146515968,18874368,0.007521942723542452
1,16,1,16,prefill,fp8_e4m3,32768,1,8192,16.35586166381836,,4826072576,18874368,0.007521942723542452
1,16,1,16,decode,fp8_e4m3,131072,1,1,1.1400000254313152,0.16041120290756225,413184,75497472,0.034656696021556854
1,16,1,16,decode,fp8_e4m3,131072,8,1,1.1241707007090251,0.2537087917327881,3298304,603979776,0.034656696021556854
1,16,1,16,decode,fp8_e4m3,131072,32,1,1.1197120348612468,0.6268799781799317,13193216,2415919104,0.034656696021556854
1,16,1,16,prefill,fp8_e4m3,131072,1,128,9.364789326985678,,11621762560,75497472,0.007521942723542452
1,16,1,16,prefill,fp8_e4m3,131072,1,1024,13.897023518880209,,11828725248,75497472,0.007521942723542452
1,16,1,16,prefill,fp8_e4m3,131072,1,8192,54.16047159830729,,13508806144,75497472,0.007521942723542452
1,16,1,16,decode,fp8_e4m3,524288,1,1,1.086687962214152,0.19791680574417114,413184,301989888,0.034656696021556854
1,16,1,16,decode,fp8_e4m3,524288,8,1,1.1973333358764648,0.5890399932861328,3298304,2415919104,0.034656696021556854
1,16,1,16,decode,fp8_e4m3,524288,32,1,2.3707733154296875,2.5185855865478515,13193216,9663676416,0.034656696021556854
1,16,1,16,prefill,fp8_e4m3,524288,1,128,35.07300313313802,,16899147264,301989888,0.007521942723542452
1,16,1,16,prefill,fp8_e4m3,524288,1,1024,53.19011433919271,,17076192768,301989888,0.007521942723542452
1,16,1,16,prefill,fp8_e4m3,524288,1,8192,211.79736328125,,18494785024,301989888,0.007521942723542452
1,16,1,16,decode,fp8_e4m3,1048576,1,1,1.0796053409576416,0.24751999378204345,413184,603979776,0.034656696021556854
1,16,1,16,decode,fp8_e4m3,1048576,8,1,1.3370879491170247,1.1160271644592286,3298304,4831838208,0.034656696021556854
1,16,1,16,decode,fp8_e4m3,1048576,32,1,4.3734079996744795,4.996510314941406,13193216,19327352832,0.034656696021556854
1,16,1,16,prefill,fp8_e4m3,1048576,1,128,69.47396341959636,,17503127040,603979776,0.007521942723542452
1,16,1,16,prefill,fp8_e4m3,1048576,1,1024,105.70192464192708,,17680172544,603979776,0.007521942723542452
1,16,1,16,prefill,fp8_e4m3,1048576,1,8192,421.3436686197917,,19098764800,603979776,0.007521942723542452
1,16,1,16,decode,bfloat16,1024,1,1,1.0719040234883626,0.12856320142745972,431616,1179648,0.004290093667805195
1,16,1,16,decode,bfloat16,1024,8,1,0.9753599961598715,0.13946399688720704,3445760,9437184,0.004290093667805195
1,16,1,16,decode,bfloat16,1024,32,1,0.9360213279724121,0.146560001373291,13783040,37748736,0.004290093667805195
1,16,1,16,prefill,bfloat16,1024,1,128,1.7550293604532878,,136021504,1179648,0.0016153258038684726
1,16,1,16,prefill,bfloat16,1024,1,1024,0.9562346935272217,,215090176,1179648,0.0016153258038684726
1,16,1,16,decode,bfloat16,8192,1,1,1.0580800374348958,0.13801920413970947,431616,9437184,0.004290093667805195
1,16,1,16,decode,bfloat16,8192,8,1,1.0486186345418294,0.14438240528106688,3445760,75497472,0.004290093667805195
1,16,1,16,decode,bfloat16,8192,32,1,0.9293866952260336,0.19336800575256347,13783040,301989888,0.004290093667805195
1,16,1,16,prefill,bfloat16,8192,1,128,2.369226614634196,,769377792,9437184,0.0016153258038684726
1,16,1,16,prefill,bfloat16,8192,1,1024,2.428170680999756,,976094720,9437184,0.0016153258038684726
1,16,1,16,prefill,bfloat16,8192,1,8192,4.647178649902344,,1632633856,9437184,0.0016153258038684726
1,16,1,16,decode,bfloat16,32768,1,1,1.019701321919759,0.14606080055236817,431616,37748736,0.004290093667805195
1,16,1,16,decode,bfloat16,32768,8,1,1.015935977300008,0.1820191979408264,3445760,301989888,0.004290093667805195
1,16,1,16,decode,bfloat16,32768,32,1,0.9540800253550211,0.35869441032409666,13783040,1207959552,0.004290093667805195
1,16,1,16,prefill,bfloat16,32768,1,128,4.587168057759603,,2939553280,37748736,0.0016153258038684726
1,16,1,16,prefill,bfloat16,32768,1,1024,5.6525014241536455,,3146515968,37748736,0.0016153258038684726
1,16,1,16,prefill,bfloat16,32768,1,8192,16.11965815226237,,4825548288,37748736,0.0016153258038684726
1,16,1,16,decode,bfloat16,131072,1,1,1.0184746583302815,0.16374080181121825,431616,150994944,0.004290093667805195
1,16,1,16,decode,bfloat16,131072,8,1,1.0467627048492432,0.33478560447692873,3445760,1207959552,0.004290093667805195
1,16,1,16,decode,bfloat16,131072,32,1,1.232746680577596,1.0225296020507812,13783040,4831838208,0.004290093667805195
1,16,1,16,prefill,bfloat16,131072,1,128,9.235285441080729,,11621762560,150994944,0.0016153258038684726
1,16,1,16,prefill,bfloat16,131072,1,1024,13.809759775797525,,11828725248,150994944,0.0016153258038684726
1,16,1,16,prefill,bfloat16,131072,1,8192,53.312642415364586,,13508806144,150994944,0.0016153258038684726
1,16,1,16,decode,bfloat16,524288,1,1,1.013535976409912,0.23815360069274902,431616,603979776,0.004290093667805195
1,16,1,16,decode,bfloat16,524288,8,1,1.2320213317871094,0.9956864356994629,3445760,4831838208,0.004290093667805195
1,16,1,16,decode,bfloat16,524288,32,1,3.89740784962972,4.273668670654297,13783040,19327352832,0.004290093667805195
1,16,1,16,prefill,bfloat16,524288,1,128,34.62945048014323,,16899147264,603979776,0.0016153258038684726
1,16,1,16,prefill,bfloat16,524288,1,1024,52.95733133951823,,17076192768,603979776,0.0016153258038684726
1,16,1,16,prefill,bfloat16,524288,1,8192,214.3638916015625,,18494785024,603979776,0.0016153258038684726
1,16,1,16,decode,bfloat16,1048576,1,1,1.0136853059132893,0.3396991968154907,431616,1207959552,0.004290093667805195
1,16,1,16,decode,bfloat16,1048576,8,1,2.072106679280599,1.9207792282104492,3445760,9663676416,0.004290093667805195
1,16,1,16,decode,bfloat16,1048576,32,1,7.83465576171875,9.076000213623047,13783040,38654705664,0.004290093667805195
1,16,1,16,prefill,bfloat16,1048576,1,128,68.52109781901042,,17503127040,1207959552,0.0016153258038684726
1,16,1,16,prefill,bfloat16,1048576,1,1024,106.12498982747395,,17680172544,1207959552,0.0016153258038684726
1,16,1,16,prefill,bfloat16,1048576,1,8192,425.6264241536458,,19098764800,1207959552,0.0016153258038684726
2,16,1,16,decode,fp8_e4m3,1024,1,1,1.260042667388916,0.13036799430847168,413184,589824,0.034656696021556854
2,16,1,16,decode,fp8_e4m3,1024,8,1,1.189301331837972,0.13767999410629272,3298304,4718592,0.034656696021556854
2,16,1,16,decode,fp8_e4m3,1024,32,1,1.0432106653849285,0.15169119834899902,13193216,18874368,0.034656696021556854
2,16,1,16,prefill,fp8_e4m3,1024,1,128,1.9525334040323894,,135628288,589824,0.007521942723542452
2,16,1,16,prefill,fp8_e4m3,1024,1,1024,1.0528213183085124,,215090176,589824,0.007521942723542452
2,16,1,16,decode,fp8_e4m3,8192,1,1,1.1024426619211833,0.13557759523391724,413184,4718592,0.034656696021556854
2,16,1,16,decode,fp8_e4m3,8192,8,1,1.1360426743825276,0.14601759910583495,3298304,37748736,0.034656696021556854
2,16,1,16,decode,fp8_e4m3,8192,32,1,1.0009173552195232,0.1762336015701294,13193216,150994944,0.034656696021556854
2,16,1,16,prefill,fp8_e4m3,8192,1,128,2.4493652979532876,,768706048,4718592,0.007521942723542452
2,16,1,16,prefill,fp8_e4m3,8192,1,1024,2.5060906410217285,,975963648,4718592,0.007521942723542452
2,16,1,16,prefill,fp8_e4m3,8192,1,8192,4.690517425537109,,1632633856,4718592,0.007521942723542452
2,16,1,16,decode,fp8_e4m3,32768,1,1,1.147104024887085,0.15034719705581664,413184,18874368,0.034656696021556854
2,16,1,16,decode,fp8_e4m3,32768,8,1,1.1491519610087078,0.16428639888763427,3298304,150994944,0.034656696021556854
2,16,1,16,decode,fp8_e4m3,32768,32,1,1.0160106817881267,0.26346399784088137,13193216,603979776,0.034656696021556854
2,16,1,16,prefill,fp8_e4m3,32768,1,128,4.685290654500325,,2939553280,18874368,0.007521942723542452
2,16,1,16,prefill,fp8_e4m3,32768,1,1024,5.713194529215495,,3146515968,18874368,0.007521942723542452
2,16,1,16,prefill,fp8_e4m3,32768,1,8192,16.101781209309895,,4826072576,18874368,0.007521942723542452
2,16,1,16,decode,fp8_e4m3,131072,1,1,1.1034133434295654,0.15930720567703247,413184,75497472,0.034656696021556854
2,16,1,16,decode,fp8_e4m3,131072,8,1,1.0967466831207275,0.2468719959259033,3298304,603979776,0.034656696021556854
2,16,1,16,decode,fp8_e4m3,131072,32,1,1.1177173455556233,0.6252751827239991,13193216,2415919104,0.034656696021556854
2,16,1,16,prefill,fp8_e4m3,131072,1,128,9.391925175984701,,11621762560,75497472,0.007521942723542452
2,16,1,16,prefill,fp8_e4m3,131072,1,1024,13.952896118164062,,11828725248,75497472,0.007521942723542452
2,16,1,16,prefill,fp8_e4m3,131072,1,8192,52.87970987955729,,13508806144,75497472,0.007521942723542452
2,16,1,16,decode,fp8_e4m3,524288,1,1,1.0815146764119465,0.19688960313796997,413184,301989888,0.034656696021556854
2,16,1,16,decode,fp8_e4m3,524288,8,1,1.1831680138905842,0.603872013092041,3298304,2415919104,0.034656696021556854
2,16,1,16,decode,fp8_e4m3,524288,32,1,2.3449920018514,2.615287971496582,13193216,9663676416,0.034656696021556854
2,16,1,16,prefill,fp8_e4m3,524288,1,128,35.20214335123698,,16899147264,301989888,0.007521942723542452
2,16,1,16,prefill,fp8_e4m3,524288,1,1024,53.342305501302086,,17076192768,301989888,0.007521942723542452
2,16,1,16,prefill,fp8_e4m3,524288,1,8192,214.39215087890625,,18494785024,301989888,0.007521942723542452
2,16,1,16,decode,fp8_e4m3,1048576,1,1,1.08405335744222,0.24748799800872803,413184,603979776,0.034656696021556854
2,16,1,16,decode,fp8_e4m3,1048576,8,1,1.3435200055440266,1.0645584106445312,3298304,4831838208,0.034656696021556854
2,16,1,16,decode,fp8_e4m3,1048576,32,1,4.286101341247559,5.184411239624024,13193216,19327352832,0.034656696021556854
2,16,1,16,prefill,fp8_e4m3,1048576,1,128,69.62698872884114,,17503127040,603979776,0.007521942723542452
2,16,1,16,prefill,fp8_e4m3,1048576,1,1024,106.8403828938802,,17680172544,603979776,0.007521942723542452
2,16,1,16,prefill,fp8_e4m3,1048576,1,8192,428.7825113932292,,19098764800,603979776,0.007521942723542452
2,16,1,16,decode,bfloat16,1024,1,1,1.0054826736450195,0.12746720314025878,431616,1179648,0.004290093667805195
2,16,1,16,decode,bfloat16,1024,8,1,1.0055893262227376,0.13969279527664186,3445760,9437184,0.004290093667805195
2,16,1,16,decode,bfloat16,1024,32,1,0.8850986957550049,0.14748640060424806,13783040,37748736,0.004290093667805195
2,16,1,16,prefill,bfloat16,1024,1,128,1.7843093872070312,,136021504,1179648,0.0016153258038684726
2,16,1,16,prefill,bfloat16,1024,1,1024,0.9808853467305502,,215090176,1179648,0.0016153258038684726
2,16,1,16,decode,bfloat16,8192,1,1,1.0269013245900471,0.13662079572677613,431616,9437184,0.004290093667805195
2,16,1,16,decode,bfloat16,8192,8,1,1.0328106880187988,0.14438560009002685,3445760,75497472,0.004290093667805195
2,16,1,16,decode,bfloat16,8192,32,1,0.927839994430542,0.19403840303421022,13783040,301989888,0.004290093667805195
2,16,1,16,prefill,bfloat16,8192,1,128,2.413632074991862,,769377792,9437184,0.0016153258038684726
2,16,1,16,prefill,bfloat16,8192,1,1024,2.449087937672933,,976094720,9437184,0.0016153258038684726
2,16,1,16,prefill,bfloat16,8192,1,8192,4.566624005635579,,1632633856,9437184,0.0016153258038684726
2,16,1,16,decode,bfloat16,32768,1,1,1.0191786289215088,0.14598560333251953,431616,37748736,0.004290093667805195
2,16,1,16,decode,bfloat16,32768,8,1,1.0237226486206055,0.18228800296783448,3445760,301989888,0.004290093667805195
2,16,1,16,decode,bfloat16,32768,32,1,0.9372159639994303,0.3587615966796875,13783040,1207959552,0.004290093667805195
2,16,1,16,prefill,bfloat16,32768,1,128,4.593482653299968,,2939553280,37748736,0.0016153258038684726
2,16,1,16,prefill,bfloat16,32768,1,1024,5.661610921223958,,3146515968,37748736,0.0016153258038684726
2,16,1,16,prefill,bfloat16,32768,1,8192,16.467583974202473,,4825548288,37748736,0.0016153258038684726
2,16,1,16,decode,bfloat16,131072,1,1,0.9901653130849203,0.162608003616333,431616,150994944,0.004290093667805195
2,16,1,16,decode,bfloat16,131072,8,1,1.0034666856129963,0.3329632043838501,3445760,1207959552,0.004290093667805195
2,16,1,16,decode,bfloat16,131072,32,1,1.2215786774953206,1.0417296409606933,13783040,4831838208,0.004290093667805195
2,16,1,16,prefill,bfloat16,131072,1,128,9.273920059204102,,11621762560,150994944,0.0016153258038684726
2,16,1,16,prefill,bfloat16,131072,1,1024,14.019242604573568,,11828725248,150994944,0.0016153258038684726
2,16,1,16,prefill,bfloat16,131072,1,8192,54.47261047363281,,13508806144,150994944,0.0016153258038684726
2,16,1,16,decode,bfloat16,524288,1,1,1.0068480173746746,0.23879199028015136,431616,603979776,0.004290093667805195
2,16,1,16,decode,bfloat16,524288,8,1,1.2354880174001057,0.9887887954711914,3445760,4831838208,0.004290093667805195
2,16,1,16,decode,bfloat16,524288,32,1,3.884544054667155,4.357452774047852,13783040,19327352832,0.004290093667805195
2,16,1,16,prefill,bfloat16,524288,1,128,34.75924173990885,,16899147264,603979776,0.0016153258038684726
2,16,1,16,prefill,bfloat16,524288,1,1024,53.19981892903646,,17076192768,603979776,0.0016153258038684726
2,16,1,16,prefill,bfloat16,524288,1,8192,215.91593424479166,,18494785024,603979776,0.0016153258038684726
2,16,1,16,decode,bfloat16,1048576,1,1,1.0076266924540203,0.3376991987228394,431616,1207959552,0.004290093667805195
2,16,1,16,decode,bfloat16,1048576,8,1,2.0630613962809243,1.9392335891723633,3445760,9663676416,0.004290093667805195
2,16,1,16,decode,bfloat16,1048576,32,1,7.8559144337972,9.05123519897461,13783040,38654705664,0.004290093667805195
2,16,1,16,prefill,bfloat16,1048576,1,128,68.90388488769531,,17503127040,1207959552,0.0016153258038684726
2,16,1,16,prefill,bfloat16,1048576,1,1024,107.2877197265625,,17680172544,1207959552,0.0016153258038684726
2,16,1,16,prefill,bfloat16,1048576,1,8192,434.1654459635417,,19098764800,1207959552,0.0016153258038684726
3,16,1,16,decode,fp8_e4m3,1024,1,1,1.661834716796875,0.12994879484176636,413184,589824,0.034656696021556854
3,16,1,16,decode,fp8_e4m3,1024,8,1,1.7080853780110676,0.13776320219039917,3298304,4718592,0.034656696021556854
3,16,1,16,decode,fp8_e4m3,1024,32,1,1.6582293510437012,0.1519711971282959,13193216,18874368,0.034656696021556854
3,16,1,16,prefill,fp8_e4m3,1024,1,128,2.2061546643575034,,135628288,589824,0.007521942723542452
3,16,1,16,prefill,fp8_e4m3,1024,1,1024,1.6900374094645183,,215090176,589824,0.007521942723542452
3,16,1,16,decode,fp8_e4m3,8192,1,1,1.3048746585845947,0.13575680255889894,413184,4718592,0.034656696021556854
3,16,1,16,decode,fp8_e4m3,8192,8,1,1.8015999794006348,0.14594559669494628,3298304,37748736,0.034656696021556854
3,16,1,16,decode,fp8_e4m3,8192,32,1,1.2084906895955403,0.17625759840011596,13193216,150994944,0.034656696021556854
3,16,1,16,prefill,fp8_e4m3,8192,1,128,3.703104019165039,,768706048,4718592,0.007521942723542452
3,16,1,16,prefill,fp8_e4m3,8192,1,1024,3.135242780049642,,975963648,4718592,0.007521942723542452
3,16,1,16,prefill,fp8_e4m3,8192,1,8192,4.789216041564941,,1632633856,4718592,0.007521942723542452
3,16,1,16,decode,fp8_e4m3,32768,1,1,1.6813653310139973,0.14989759922027587,413184,18874368,0.034656696021556854
3,16,1,16,decode,fp8_e4m3,32768,8,1,1.6672107378641765,0.16467519998550414,3298304,150994944,0.034656696021556854
3,16,1,16,decode,fp8_e4m3,32768,32,1,1.1661653518676758,0.2632319927215576,13193216,603979776,0.034656696021556854
3,16,1,16,prefill,fp8_e4m3,32768,1,128,5.024863878885905,,2939553280,18874368,0.007521942723542452
3,16,1,16,prefill,fp8_e4m3,32768,1,1024,5.911231994628906,,3146515968,18874368,0.007521942723542452
3,16,1,16,prefill,fp8_e4m3,32768,1,8192,16.803595225016277,,4826072576,18874368,0.007521942723542452
3,16,1,16,decode,fp8_e4m3,131072,1,1,1.3354026476542156,0.16009600162506105,413184,75497472,0.034656696021556854
3,16,1,16,decode,fp8_e4m3,131072,8,1,1.6873599688212078,0.2509727954864502,3298304,603979776,0.034656696021556854
3,16,1,16,decode,fp8_e4m3,131072,32,1,1.2871466477711995,0.6402959823608398,13193216,2415919104,0.034656696021556854
3,16,1,16,prefill,fp8_e4m3,131072,1,128,9.907295862833658,,11621762560,75497472,0.007521942723542452
3,16,1,16,prefill,fp8_e4m3,131072,1,1024,14.543562571207682,,11828725248,75497472,0.007521942723542452
3,16,1,16,prefill,fp8_e4m3,131072,1,8192,55.12071228027344,,13508806144,75497472,0.007521942723542452
3,16,1,16,decode,fp8_e4m3,524288,1,1,1.7272532780965169,0.19853919744491577,413184,301989888,0.034656696021556854
3,16,1,16,decode,fp8_e4m3,524288,8,1,1.7893865903218586,0.6068895816802978,3298304,2415919104,0.034656696021556854
3,16,1,16,decode,fp8_e4m3,524288,32,1,2.568448066711426,2.549995231628418,13193216,9663676416,0.034656696021556854
3,16,1,16,prefill,fp8_e4m3,524288,1,128,36.09834543863932,,16899147264,301989888,0.007521942723542452
3,16,1,16,prefill,fp8_e4m3,524288,1,1024,54.21783447265625,,17076192768,301989888,0.007521942723542452
3,16,1,16,prefill,fp8_e4m3,524288,1,8192,215.91031901041666,,18494785024,301989888,0.007521942723542452
3,16,1,16,decode,fp8_e4m3,1048576,1,1,1.575818697611491,0.24723200798034667,413184,603979776,0.034656696021556854
3,16,1,16,decode,fp8_e4m3,1048576,8,1,1.8438506126403809,1.0895919799804688,3298304,4831838208,0.034656696021556854
3,16,1,16,decode,fp8_e4m3,1048576,32,1,4.423189481099446,5.158070373535156,13193216,19327352832,0.034656696021556854
3,16,1,16,prefill,fp8_e4m3,1048576,1,128,71.40827941894531,,17503127040,603979776,0.007521942723542452
3,16,1,16,prefill,fp8_e4m3,1048576,1,1024,107.5077412923177,,17680172544,603979776,0.007521942723542452
3,16,1,16,prefill,fp8_e4m3,1048576,1,8192,431.2071126302083,,19098764800,603979776,0.007521942723542452
3,16,1,16,decode,bfloat16,1024,1,1,1.4101440111796062,0.12730239629745482,431616,1179648,0.004290093667805195
3,16,1,16,decode,bfloat16,1024,8,1,1.3590292930603027,0.13986719846725465,3445760,9437184,0.004290093667805195
3,16,1,16,decode,bfloat16,1024,32,1,1.267573356628418,0.14756159782409667,13783040,37748736,0.004290093667805195
3,16,1,16,prefill,bfloat16,1024,1,128,2.62444798151652,,136021504,1179648,0.0016153258038684726
3,16,1,16,prefill,bfloat16,1024,1,1024,1.4143892923990886,,215090176,1179648,0.0016153258038684726
3,16,1,16,decode,bfloat16,8192,1,1,1.5050133069356282,0.13681600093841553,431616,9437184,0.004290093667805195
3,16,1,16,decode,bfloat16,8192,8,1,1.4895893732706706,0.14447200298309326,3445760,75497472,0.004290093667805195
3,16,1,16,decode,bfloat16,8192,32,1,1.061354637145996,0.1949936032295227,13783040,301989888,0.004290093667805195
3,16,1,16,prefill,bfloat16,8192,1,128,2.6984427769978843,,769377792,9437184,0.0016153258038684726
3,16,1,16,prefill,bfloat16,8192,1,1024,3.1829118728637695,,976094720,9437184,0.0016153258038684726
3,16,1,16,prefill,bfloat16,8192,1,8192,4.703104019165039,,1632633856,9437184,0.0016153258038684726
3,16,1,16,decode,bfloat16,32768,1,1,1.2263786792755127,0.14575040340423584,431616,37748736,0.004290093667805195
3,16,1,16,decode,bfloat16,32768,8,1,1.2157653172810872,0.18303999900817872,3445760,301989888,0.004290093667805195
3,16,1,16,decode,bfloat16,32768,32,1,1.4096105893452961,0.36207520961761475,13783040,1207959552,0.004290093667805195
3,16,1,16,prefill,bfloat16,32768,1,128,5.390591939290364,,2939553280,37748736,0.0016153258038684726
3,16,1,16,prefill,bfloat16,32768,1,1024,6.09396235148112,,3146515968,37748736,0.0016153258038684726
3,16,1,16,prefill,bfloat16,32768,1,8192,17.32421366373698,,4825548288,37748736,0.0016153258038684726
3,16,1,16,decode,bfloat16,131072,1,1,1.5530773798624675,0.1632799983024597,431616,150994944,0.004290093667805195
3,16,1,16,decode,bfloat16,131072,8,1,1.5824960072835286,0.33486878871917725,3445760,1207959552,0.004290093667805195
3,16,1,16,decode,bfloat16,131072,32,1,1.6053013801574707,1.068387222290039,13783040,4831838208,0.004290093667805195
3,16,1,16,prefill,bfloat16,131072,1,128,9.65554110209147,,11621762560,150994944,0.0016153258038684726
3,16,1,16,prefill,bfloat16,131072,1,1024,14.349984486897787,,11828725248,150994944,0.0016153258038684726
3,16,1,16,prefill,bfloat16,131072,1,8192,56.56335957845052,,13508806144,150994944,0.0016153258038684726
3,16,1,16,decode,bfloat16,524288,1,1,1.561781406402588,0.2392416000366211,431616,603979776,0.004290093667805195
3,16,1,16,decode,bfloat16,524288,8,1,1.4065066973368328,0.9697119712829589,3445760,4831838208,0.004290093667805195
3,16,1,16,decode,bfloat16,524288,32,1,4.057162602742513,4.36333122253418,13783040,19327352832,0.004290093667805195
3,16,1,16,prefill,bfloat16,524288,1,128,35.628308614095054,,16899147264,603979776,0.0016153258038684726
3,16,1,16,prefill,bfloat16,524288,1,1024,53.91334533691406,,17076192768,603979776,0.0016153258038684726
3,16,1,16,prefill,bfloat16,524288,1,8192,220.90277099609375,,18494785024,603979776,0.0016153258038684726
3,16,1,16,decode,bfloat16,1048576,1,1,1.5141760508219402,0.33788480758666994,431616,1207959552,0.004290093667805195
3,16,1,16,decode,bfloat16,1048576,8,1,2.201471964518229,2.0253183364868166,3445760,9663676416,0.004290093667805195
3,16,1,16,decode,bfloat16,1048576,32,1,7.921845118204753,9.37219009399414,13783040,38654705664,0.004290093667805195
3,16,1,16,prefill,bfloat16,1048576,1,128,69.9264424641927,,17503127040,1207959552,0.0016153258038684726
3,16,1,16,prefill,bfloat16,1048576,1,1024,108.54087320963542,,17680172544,1207959552,0.0016153258038684726
3,16,1,16,prefill,bfloat16,1048576,1,8192,435.2764078776042,,19098764800,1207959552,0.0016153258038684726
4,16,1,16,decode,fp8_e4m3,1024,1,1,1.1875413258870442,0.12995680570602416,413184,589824,0.034656696021556854
4,16,1,16,decode,fp8_e4m3,1024,8,1,1.1373759905497234,0.13768160343170166,3298304,4718592,0.034656696021556854
4,16,1,16,decode,fp8_e4m3,1024,32,1,1.055519978205363,0.1516991972923279,13193216,18874368,0.034656696021556854
4,16,1,16,prefill,fp8_e4m3,1024,1,128,1.9215466181437175,,135628288,589824,0.007521942723542452
4,16,1,16,prefill,fp8_e4m3,1024,1,1024,1.0282666683197021,,215090176,589824,0.007521942723542452
4,16,1,16,decode,fp8_e4m3,8192,1,1,1.0827306906382244,0.13578720092773439,413184,4718592,0.034656696021556854
4,16,1,16,decode,fp8_e4m3,8192,8,1,1.078997294108073,0.14624160528182983,3298304,37748736,0.034656696021556854
4,16,1,16,decode,fp8_e4m3,8192,32,1,0.986303965250651,0.17679840326309204,13193216,150994944,0.034656696021556854
4,16,1,16,prefill,fp8_e4m3,8192,1,128,2.5177173614501953,,768706048,4718592,0.007521942723542452
4,16,1,16,prefill,fp8_e4m3,8192,1,1024,2.6006506284077964,,975963648,4718592,0.007521942723542452
4,16,1,16,prefill,fp8_e4m3,8192,1,8192,4.583978652954102,,1632633856,4718592,0.007521942723542452
4,16,1,16,decode,fp8_e4m3,32768,1,1,1.090943972269694,0.14818880558013917,413184,18874368,0.034656696021556854
4,16,1,16,decode,fp8_e4m3,32768,8,1,1.1227946281433105,0.16554239988327027,3298304,150994944,0.034656696021556854
4,16,1,16,decode,fp8_e4m3,32768,32,1,1.0252373218536377,0.2646768093109131,13193216,603979776,0.034656696021556854
4,16,1,16,prefill,fp8_e4m3,32768,1,128,4.741386731465657,,2939553280,18874368,0.007521942723542452
4,16,1,16,prefill,fp8_e4m3,32768,1,1024,5.7888641357421875,,3146515968,18874368,0.007521942723542452
4,16,1,16,prefill,fp8_e4m3,32768,1,8192,16.045066833496094,,4826072576,18874368,0.007521942723542452
4,16,1,16,decode,fp8_e4m3,131072,1,1,1.1553706328074138,0.15903199911117555,413184,75497472,0.034656696021556854
4,16,1,16,decode,fp8_e4m3,131072,8,1,1.1452799638112385,0.2440095901489258,3298304,603979776,0.034656696021556854
4,16,1,16,decode,fp8_e4m3,131072,32,1,1.130677302678426,0.6312479972839355,13193216,2415919104,0.034656696021556854
4,16,1,16,prefill,fp8_e4m3,131072,1,128,9.40449078877767,,11621762560,75497472,0.007521942723542452
4,16,1,16,prefill,fp8_e4m3,131072,1,1024,13.986335754394531,,11828725248,75497472,0.007521942723542452
4,16,1,16,prefill,fp8_e4m3,131072,1,8192,51.6929931640625,,13508806144,75497472,0.007521942723542452
4,16,1,16,decode,fp8_e4m3,524288,1,1,1.1072533130645752,0.19815839529037477,413184,301989888,0.034656696021556854
4,16,1,16,decode,fp8_e4m3,524288,8,1,1.181823968887329,0.602396821975708,3298304,2415919104,0.034656696021556854
4,16,1,16,decode,fp8_e4m3,524288,32,1,2.3494292894999185,2.5569280624389648,13193216,9663676416,0.034656696021556854
4,16,1,16,prefill,fp8_e4m3,524288,1,128,35.199134826660156,,16899147264,301989888,0.007521942723542452
4,16,1,16,prefill,fp8_e4m3,524288,1,1024,53.262176513671875,,17076192768,301989888,0.007521942723542452
4,16,1,16,prefill,fp8_e4m3,524288,1,8192,207.01359049479166,,18494785024,301989888,0.007521942723542452
4,16,1,16,decode,fp8_e4m3,1048576,1,1,1.0946026643117268,0.24711360931396484,413184,603979776,0.034656696021556854
4,16,1,16,decode,fp8_e4m3,1048576,8,1,1.3506347338358562,1.099449634552002,3298304,4831838208,0.034656696021556854
4,16,1,16,decode,fp8_e4m3,1048576,32,1,4.507456143697103,4.871169662475586,13193216,19327352832,0.034656696021556854
4,16,1,16,prefill,fp8_e4m3,1048576,1,128,69.61733500162761,,17503127040,603979776,0.007521942723542452
4,16,1,16,prefill,fp8_e4m3,1048576,1,1024,105.90420532226562,,17680172544,603979776,0.007521942723542452
4,16,1,16,prefill,fp8_e4m3,1048576,1,8192,415.8066813151042,,19098764800,603979776,0.007521942723542452
4,16,1,16,decode,bfloat16,1024,1,1,1.0084693431854248,0.12730400562286376,431616,1179648,0.004290093667805195
4,16,1,16,decode,bfloat16,1024,8,1,1.0198187033335369,0.13957600593566893,3445760,9437184,0.004290093667805195
4,16,1,16,decode,bfloat16,1024,32,1,0.9180266857147217,0.14712799787521363,13783040,37748736,0.004290093667805195
4,16,1,16,prefill,bfloat16,1024,1,128,1.823413372039795,,136021504,1179648,0.0016153258038684726
4,16,1,16,prefill,bfloat16,1024,1,1024,0.9654293060302734,,215090176,1179648,0.0016153258038684726
4,16,1,16,decode,bfloat16,8192,1,1,1.024074633916219,0.13641760349273682,431616,9437184,0.004290093667805195
4,16,1,16,decode,bfloat16,8192,8,1,1.0492160320281982,0.1441167950630188,3445760,75497472,0.004290093667805195
4,16,1,16,decode,bfloat16,8192,32,1,0.9339839617411295,0.19416160583496095,13783040,301989888,0.004290093667805195
4,16,1,16,prefill,bfloat16,8192,1,128,2.4479146003723145,,769377792,9437184,0.0016153258038684726
4,16,1,16,prefill,bfloat16,8192,1,1024,2.4466026624043784,,976094720,9437184,0.0016153258038684726
4,16,1,16,prefill,bfloat16,8192,1,8192,4.572223981221517,,1632633856,9437184,0.0016153258038684726
4,16,1,16,decode,bfloat16,32768,1,1,1.0261013507843018,0.14521440267562866,431616,37748736,0.004290093667805195
4,16,1,16,decode,bfloat16,32768,8,1,1.0509333610534668,0.1815616011619568,3445760,301989888,0.004290093667805195
4,16,1,16,decode,bfloat16,32768,32,1,0.9510400295257568,0.3558464050292969,13783040,1207959552,0.004290093667805195
4,16,1,16,prefill,bfloat16,32768,1,128,4.587562561035156,,2939553280,37748736,0.0016153258038684726
4,16,1,16,prefill,bfloat16,32768,1,1024,5.686506907145183,,3146515968,37748736,0.0016153258038684726
4,16,1,16,prefill,bfloat16,32768,1,8192,16.254058837890625,,4825548288,37748736,0.0016153258038684726
4,16,1,16,decode,bfloat16,131072,1,1,1.0239893595377605,0.16283040046691893,431616,150994944,0.004290093667805195
4,16,1,16,decode,bfloat16,131072,8,1,1.0351893107096355,0.33437280654907225,3445760,1207959552,0.004290093667805195
4,16,1,16,decode,bfloat16,131072,32,1,1.236682653427124,1.0624032020568848,13783040,4831838208,0.004290093667805195
4,16,1,16,prefill,bfloat16,131072,1,128,9.246613184611002,,11621762560,150994944,0.0016153258038684726
4,16,1,16,prefill,bfloat16,131072,1,1024,13.886858622233072,,11828725248,150994944,0.0016153258038684726
4,16,1,16,prefill,bfloat16,131072,1,8192,54.17619323730469,,13508806144,150994944,0.0016153258038684726
4,16,1,16,decode,bfloat16,524288,1,1,1.0281706651051838,0.23803200721740722,431616,603979776,0.004290093667805195
4,16,1,16,decode,bfloat16,524288,8,1,1.2259093125661213,0.9758255958557129,3445760,4831838208,0.004290093667805195
4,16,1,16,decode,bfloat16,524288,32,1,3.9232425689697266,4.251374435424805,13783040,19327352832,0.004290093667805195
4,16,1,16,prefill,bfloat16,524288,1,128,34.699989318847656,,16899147264,603979776,0.0016153258038684726
4,16,1,16,prefill,bfloat16,524288,1,1024,53.49183146158854,,17076192768,603979776,0.0016153258038684726
4,16,1,16,prefill,bfloat16,524288,1,8192,211.5340576171875,,18494785024,603979776,0.0016153258038684726
4,16,1,16,decode,bfloat16,1048576,1,1,1.0219093163808186,0.3378544092178345,431616,1207959552,0.004290093667805195
4,16,1,16,decode,bfloat16,1048576,8,1,2.090890725453695,1.930824089050293,3445760,9663676416,0.004290093667805195
4,16,1,16,decode,bfloat16,1048576,32,1,7.601717631022136,8.714927673339844,13783040,38654705664,0.004290093667805195
4,16,1,16,prefill,bfloat16,1048576,1,128,68.66751098632812,,17503127040,1207959552,0.0016153258038684726
4,16,1,16,prefill,bfloat16,1048576,1,1024,105.67220052083333,,17680172544,1207959552,0.0016153258038684726
4,16,1,16,prefill,bfloat16,1048576,1,8192,422.2195638020833,,19098764800,1207959552,0.0016153258038684726
5,16,1,16,decode,fp8_e4m3,1024,1,1,1.0455786387125652,0.1309440016746521,413184,589824,0.034656696021556854
5,16,1,16,decode,fp8_e4m3,1024,8,1,1.1022720336914062,0.13752319812774658,3298304,4718592,0.034656696021556854
5,16,1,16,decode,fp8_e4m3,1024,32,1,1.0428906281789143,0.1518128037452698,13193216,18874368,0.034656696021556854
5,16,1,16,prefill,fp8_e4m3,1024,1,128,1.9612372716267903,,135628288,589824,0.007521942723542452
5,16,1,16,prefill,fp8_e4m3,1024,1,1024,1.0809813340504963,,215090176,589824,0.007521942723542452
5,16,1,16,decode,fp8_e4m3,8192,1,1,1.1368319988250732,0.1378159999847412,413184,4718592,0.034656696021556854
5,16,1,16,decode,fp8_e4m3,8192,8,1,1.127125342686971,0.1462607979774475,3298304,37748736,0.034656696021556854
5,16,1,16,decode,fp8_e4m3,8192,32,1,1.025930643081665,0.17572959661483764,13193216,150994944,0.034656696021556854
5,16,1,16,prefill,fp8_e4m3,8192,1,128,2.463263988494873,,768706048,4718592,0.007521942723542452
5,16,1,16,prefill,fp8_e4m3,8192,1,1024,2.600671927134196,,975963648,4718592,0.007521942723542452
5,16,1,16,prefill,fp8_e4m3,8192,1,8192,4.565045356750488,,1632633856,4718592,0.007521942723542452
5,16,1,16,decode,fp8_e4m3,32768,1,1,1.1352427005767822,0.14991359710693358,413184,18874368,0.034656696021556854
5,16,1,16,decode,fp8_e4m3,32768,8,1,1.0798827012379963,0.16517599821090698,3298304,150994944,0.034656696021556854
5,16,1,16,decode,fp8_e4m3,32768,32,1,1.0017173290252686,0.26431519985198976,13193216,603979776,0.034656696021556854
5,16,1,16,prefill,fp8_e4m3,32768,1,128,4.716128031412761,,2939553280,18874368,0.007521942723542452
5,16,1,16,prefill,fp8_e4m3,32768,1,1024,5.730133056640625,,3146515968,18874368,0.007521942723542452
5,16,1,16,prefill,fp8_e4m3,32768,1,8192,16.145248413085938,,4826072576,18874368,0.007521942723542452
5,16,1,16,decode,fp8_e4m3,131072,1,1,1.175829331080119,0.16135200262069702,413184,75497472,0.034656696021556854
5,16,1,16,decode,fp8_e4m3,131072,8,1,1.1588693459828694,0.24370079040527343,3298304,603979776,0.034656696021556854
5,16,1,16,decode,fp8_e4m3,131072,32,1,1.1369706789652507,0.622324800491333,13193216,2415919104,0.034656696021556854
5,16,1,16,prefill,fp8_e4m3,131072,1,128,9.38705062866211,,11621762560,75497472,0.007521942723542452
5,16,1,16,prefill,fp8_e4m3,131072,1,1024,13.97009023030599,,11828725248,75497472,0.007521942723542452
5,16,1,16,prefill,fp8_e4m3,131072,1,8192,53.95247904459635,,13508806144,75497472,0.007521942723542452
5,16,1,16,decode,fp8_e4m3,524288,1,1,1.115104039510091,0.19811999797821045,413184,301989888,0.034656696021556854
5,16,1,16,decode,fp8_e4m3,524288,8,1,1.1720746358235676,0.6027552127838135,3298304,2415919104,0.034656696021556854
5,16,1,16,decode,fp8_e4m3,524288,32,1,2.3059520721435547,2.537571144104004,13193216,9663676416,0.034656696021556854
5,16,1,16,prefill,fp8_e4m3,524288,1,128,35.14246368408203,,16899147264,301989888,0.007521942723542452
5,16,1,16,prefill,fp8_e4m3,524288,1,1024,53.09757995605469,,17076192768,301989888,0.007521942723542452
5,16,1,16,prefill,fp8_e4m3,524288,1,8192,209.8668416341146,,18494785024,301989888,0.007521942723542452
5,16,1,16,decode,fp8_e4m3,1048576,1,1,1.11353596051534,0.2478111982345581,413184,603979776,0.034656696021556854
5,16,1,16,decode,fp8_e4m3,1048576,8,1,1.3665812810262044,1.171665573120117,3298304,4831838208,0.034656696021556854
5,16,1,16,decode,fp8_e4m3,1048576,32,1,4.297557195027669,5.007924652099609,13193216,19327352832,0.034656696021556854
5,16,1,16,prefill,fp8_e4m3,1048576,1,128,69.39229838053386,,17503127040,603979776,0.007521942723542452
5,16,1,16,prefill,fp8_e4m3,1048576,1,1024,105.87954711914062,,17680172544,603979776,0.007521942723542452
5,16,1,16,prefill,fp8_e4m3,1048576,1,8192,421.4395345052083,,19098764800,603979776,0.007521942723542452
5,16,1,16,decode,bfloat16,1024,1,1,1.047712008158366,0.12799999713897706,431616,1179648,0.004290093667805195
5,16,1,16,decode,bfloat16,1024,8,1,1.0393173694610596,0.13986079692840575,3445760,9437184,0.004290093667805195
5,16,1,16,decode,bfloat16,1024,32,1,0.9625066916147867,0.14700640439987184,13783040,37748736,0.004290093667805195
5,16,1,16,prefill,bfloat16,1024,1,128,1.855679988861084,,136021504,1179648,0.0016153258038684726
5,16,1,16,prefill,bfloat16,1024,1,1024,0.9859519799550375,,215090176,1179648,0.0016153258038684726
5,16,1,16,decode,bfloat16,8192,1,1,1.0662720203399658,0.13759039640426635,431616,9437184,0.004290093667805195
5,16,1,16,decode,bfloat16,8192,8,1,1.0504319667816162,0.14483679533004762,3445760,75497472,0.004290093667805195
5,16,1,16,decode,bfloat16,8192,32,1,0.9621973037719727,0.19317760467529296,13783040,301989888,0.004290093667805195
5,16,1,16,prefill,bfloat16,8192,1,128,2.46669864654541,,769377792,9437184,0.0016153258038684726
5,16,1,16,prefill,bfloat16,8192,1,1024,2.4800853729248047,,976094720,9437184,0.0016153258038684726
5,16,1,16,prefill,bfloat16,8192,1,8192,4.579797426859538,,1632633856,9437184,0.0016153258038684726
5,16,1,16,decode,bfloat16,32768,1,1,1.0378560225168865,0.14654879570007323,431616,37748736,0.004290093667805195
5,16,1,16,decode,bfloat16,32768,8,1,1.075541337331136,0.18259040117263795,3445760,301989888,0.004290093667805195
5,16,1,16,decode,bfloat16,32768,32,1,0.9806826909383138,0.3533792018890381,13783040,1207959552,0.004290093667805195
5,16,1,16,prefill,bfloat16,32768,1,128,4.559274673461914,,2939553280,37748736,0.0016153258038684726
5,16,1,16,prefill,bfloat16,32768,1,1024,5.6966508229573565,,3146515968,37748736,0.0016153258038684726
5,16,1,16,prefill,bfloat16,32768,1,8192,16.15730158487956,,4825548288,37748736,0.0016153258038684726
5,16,1,16,decode,bfloat16,131072,1,1,1.0547946294148762,0.1646496057510376,431616,150994944,0.004290093667805195
5,16,1,16,decode,bfloat16,131072,8,1,1.0544533729553223,0.33488481044769286,3445760,1207959552,0.004290093667805195
5,16,1,16,decode,bfloat16,131072,32,1,1.2304213047027588,1.0263999938964843,13783040,4831838208,0.004290093667805195
5,16,1,16,prefill,bfloat16,131072,1,128,9.214560190836588,,11621762560,150994944,0.0016153258038684726
5,16,1,16,prefill,bfloat16,131072,1,1024,13.827072143554688,,11828725248,150994944,0.0016153258038684726
5,16,1,16,prefill,bfloat16,131072,1,8192,55.374348958333336,,13508806144,150994944,0.0016153258038684726
5,16,1,16,decode,bfloat16,524288,1,1,1.051210641860962,0.2380352020263672,431616,603979776,0.004290093667805195
5,16,1,16,decode,bfloat16,524288,8,1,1.2604586283365886,0.9674511909484863,3445760,4831838208,0.004290093667805195
5,16,1,16,decode,bfloat16,524288,32,1,3.869311968485514,4.306691360473633,13783040,19327352832,0.004290093667805195
5,16,1,16,prefill,bfloat16,524288,1,128,34.58349863688151,,16899147264,603979776,0.0016153258038684726
5,16,1,16,prefill,bfloat16,524288,1,1024,53.244832356770836,,17076192768,603979776,0.0016153258038684726
5,16,1,16,prefill,bfloat16,524288,1,8192,214.55035400390625,,18494785024,603979776,0.0016153258038684726
5,16,1,16,decode,bfloat16,1048576,1,1,1.0022186438242595,0.33853440284729003,431616,1207959552,0.004290093667805195
5,16,1,16,decode,bfloat16,1048576,8,1,2.056074619293213,1.850111961364746,3445760,9663676416,0.004290093667805195
5,16,1,16,decode,bfloat16,1048576,32,1,7.542581558227539,9.02844467163086,13783040,38654705664,0.004290093667805195
5,16,1,16,prefill,bfloat16,1048576,1,128,68.48937479654948,,17503127040,1207959552,0.0016153258038684726
5,16,1,16,prefill,bfloat16,1048576,1,1024,106.79351806640625,,17680172544,1207959552,0.0016153258038684726
5,16,1,16,prefill,bfloat16,1048576,1,8192,425.0281168619792,,19098764800,1207959552,0.0016153258038684726
6,16,1,16,decode,fp8_e4m3,1024,1,1,0.9818452994028727,0.13009599447250367,413184,589824,0.034656696021556854
6,16,1,16,decode,fp8_e4m3,1024,8,1,1.030453364054362,0.13730560541152953,3298304,4718592,0.034656696021556854
6,16,1,16,decode,fp8_e4m3,1024,32,1,0.8885013262430826,0.1513167977333069,13193216,18874368,0.034656696021556854
6,16,1,16,prefill,fp8_e4m3,1024,1,128,1.7483092943827312,,135628288,589824,0.007521942723542452
6,16,1,16,prefill,fp8_e4m3,1024,1,1024,0.9312640031178793,,215090176,589824,0.007521942723542452
6,16,1,16,decode,fp8_e4m3,8192,1,1,1.0147840181986492,0.13664640188217164,413184,4718592,0.034656696021556854
6,16,1,16,decode,fp8_e4m3,8192,8,1,1.0233919620513916,0.1459328055381775,3298304,37748736,0.034656696021556854
6,16,1,16,decode,fp8_e4m3,8192,32,1,0.9270186424255371,0.17481119632720948,13193216,150994944,0.034656696021556854
6,16,1,16,prefill,fp8_e4m3,8192,1,128,2.3875519434611,,768706048,4718592,0.007521942723542452
6,16,1,16,prefill,fp8_e4m3,8192,1,1024,2.5127894083658853,,975963648,4718592,0.007521942723542452
6,16,1,16,prefill,fp8_e4m3,8192,1,8192,4.535349210103353,,1632633856,4718592,0.007521942723542452
6,16,1,16,decode,fp8_e4m3,32768,1,1,1.0120213031768799,0.14860639572143555,413184,18874368,0.034656696021556854
6,16,1,16,decode,fp8_e4m3,32768,8,1,1.0096533298492432,0.1640239953994751,3298304,150994944,0.034656696021556854
6,16,1,16,decode,fp8_e4m3,32768,32,1,0.9158613681793213,0.2599519968032837,13193216,603979776,0.034656696021556854
6,16,1,16,prefill,fp8_e4m3,32768,1,128,4.551029205322266,,2939553280,18874368,0.007521942723542452
6,16,1,16,prefill,fp8_e4m3,32768,1,1024,5.685898462931315,,3146515968,18874368,0.007521942723542452
6,16,1,16,prefill,fp8_e4m3,32768,1,8192,16.304128011067707,,4826072576,18874368,0.007521942723542452
6,16,1,16,decode,fp8_e4m3,131072,1,1,1.0661439895629883,0.16157280206680297,413184,75497472,0.034656696021556854
6,16,1,16,decode,fp8_e4m3,131072,8,1,1.0686079661051433,0.2431920051574707,3298304,603979776,0.034656696021556854
6,16,1,16,decode,fp8_e4m3,131072,32,1,1.0584426720937092,0.6156928062438964,13193216,2415919104,0.034656696021556854
6,16,1,16,prefill,fp8_e4m3,131072,1,128,9.291936238606771,,11621762560,75497472,0.007521942723542452
6,16,1,16,prefill,fp8_e4m3,131072,1,1024,13.817386627197266,,11828725248,75497472,0.007521942723542452
6,16,1,16,prefill,fp8_e4m3,131072,1,8192,53.47685241699219,,13508806144,75497472,0.007521942723542452
6,16,1,16,decode,fp8_e4m3,524288,1,1,1.009109338124593,0.19704960584640502,413184,301989888,0.034656696021556854
6,16,1,16,decode,fp8_e4m3,524288,8,1,1.066314697265625,0.5832560062408447,3298304,2415919104,0.034656696021556854
6,16,1,16,decode,fp8_e4m3,524288,32,1,2.286677360534668,2.4625743865966796,13193216,9663676416,0.034656696021556854
6,16,1,16,prefill,fp8_e4m3,524288,1,128,34.9177500406901,,16899147264,301989888,0.007521942723542452
6,16,1,16,prefill,fp8_e4m3,524288,1,1024,52.70752970377604,,17076192768,301989888,0.007521942723542452
6,16,1,16,prefill,fp8_e4m3,524288,1,8192,204.37603759765625,,18494785024,301989888,0.007521942723542452
6,16,1,16,decode,fp8_e4m3,1048576,1,1,1.0221866766611736,0.2500880002975464,413184,603979776,0.034656696021556854
6,16,1,16,decode,fp8_e4m3,1048576,8,1,1.3218133449554443,1.0684623718261719,3298304,4831838208,0.034656696021556854
6,16,1,16,decode,fp8_e4m3,1048576,32,1,4.142858823140462,4.915371322631836,13193216,19327352832,0.034656696021556854
6,16,1,16,prefill,fp8_e4m3,1048576,1,128,69.12786356608073,,17503127040,603979776,0.007521942723542452
6,16,1,16,prefill,fp8_e4m3,1048576,1,1024,104.7637430826823,,17680172544,603979776,0.007521942723542452
6,16,1,16,prefill,fp8_e4m3,1048576,1,8192,410.0081787109375,,19098764800,603979776,0.007521942723542452
6,16,1,16,decode,bfloat16,1024,1,1,0.9170347054799398,0.128331196308136,431616,1179648,0.004290093667805195
6,16,1,16,decode,bfloat16,1024,8,1,0.9502399762471517,0.1393887996673584,3445760,9437184,0.004290093667805195
6,16,1,16,decode,bfloat16,1024,32,1,0.8665813604990641,0.14708640575408935,13783040,37748736,0.004290093667805195
6,16,1,16,prefill,bfloat16,1024,1,128,1.7249280611673992,,136021504,1179648,0.0016153258038684726
6,16,1,16,prefill,bfloat16,1024,1,1024,0.9058240254720052,,215090176,1179648,0.0016153258038684726
6,16,1,16,decode,bfloat16,8192,1,1,0.959007978439331,0.1382032036781311,431616,9437184,0.004290093667805195
6,16,1,16,decode,bfloat16,8192,8,1,0.967146635055542,0.14397120475769043,3445760,75497472,0.004290093667805195
6,16,1,16,decode,bfloat16,8192,32,1,0.870965321858724,0.1928223967552185,13783040,301989888,0.004290093667805195
6,16,1,16,prefill,bfloat16,8192,1,128,2.317621390024821,,769377792,9437184,0.0016153258038684726
6,16,1,16,prefill,bfloat16,8192,1,1024,2.4188693364461265,,976094720,9437184,0.0016153258038684726
6,16,1,16,prefill,bfloat16,8192,1,8192,4.511018753051758,,1632633856,9437184,0.0016153258038684726
6,16,1,16,decode,bfloat16,32768,1,1,0.955456018447876,0.1457200050354004,431616,37748736,0.004290093667805195
6,16,1,16,decode,bfloat16,32768,8,1,1.0067306359608967,0.18153760433197022,3445760,301989888,0.004290093667805195
6,16,1,16,decode,bfloat16,32768,32,1,0.9095786412556967,0.3552720069885254,13783040,1207959552,0.004290093667805195
6,16,1,16,prefill,bfloat16,32768,1,128,4.443562825520833,,2939553280,37748736,0.0016153258038684726
6,16,1,16,prefill,bfloat16,32768,1,1024,5.592032114664714,,3146515968,37748736,0.0016153258038684726
6,16,1,16,prefill,bfloat16,32768,1,8192,16.163914998372395,,4825548288,37748736,0.0016153258038684726
6,16,1,16,decode,bfloat16,131072,1,1,0.9605973561604818,0.16355359554290771,431616,150994944,0.004290093667805195
6,16,1,16,decode,bfloat16,131072,8,1,0.9809707005818685,0.3312000036239624,3445760,1207959552,0.004290093667805195
6,16,1,16,decode,bfloat16,131072,32,1,1.1896426677703857,1.0280447959899903,13783040,4831838208,0.004290093667805195
6,16,1,16,prefill,bfloat16,131072,1,128,9.121077219645182,,11621762560,150994944,0.0016153258038684726
6,16,1,16,prefill,bfloat16,131072,1,1024,13.7139523824056,,11828725248,150994944,0.0016153258038684726
6,16,1,16,prefill,bfloat16,131072,1,8192,52.46412658691406,,13508806144,150994944,0.0016153258038684726
6,16,1,16,decode,bfloat16,524288,1,1,0.9666240215301514,0.2361936092376709,431616,603979776,0.004290093667805195
6,16,1,16,decode,bfloat16,524288,8,1,1.1874879995981853,0.9482607841491699,3445760,4831838208,0.004290093667805195
6,16,1,16,decode,bfloat16,524288,32,1,3.7910614013671875,4.172041702270508,13783040,19327352832,0.004290093667805195
6,16,1,16,prefill,bfloat16,524288,1,128,34.51000467936198,,16899147264,603979776,0.0016153258038684726
6,16,1,16,prefill,bfloat16,524288,1,1024,52.64471435546875,,17076192768,603979776,0.0016153258038684726
6,16,1,16,prefill,bfloat16,524288,1,8192,209.25836181640625,,18494785024,603979776,0.0016153258038684726
6,16,1,16,decode,bfloat16,1048576,1,1,0.9464426835378011,0.3381216049194336,431616,1207959552,0.004290093667805195
6,16,1,16,decode,bfloat16,1048576,8,1,2.0164693196614585,1.925071907043457,3445760,9663676416,0.004290093667805195
6,16,1,16,decode,bfloat16,1048576,32,1,7.702880223592122,8.600234985351562,13783040,38654705664,0.004290093667805195
6,16,1,16,prefill,bfloat16,1048576,1,128,68.2791035970052,,17503127040,1207959552,0.0016153258038684726
6,16,1,16,prefill,bfloat16,1048576,1,1024,104.78091430664062,,17680172544,1207959552,0.0016153258038684726
6,16,1,16,prefill,bfloat16,1048576,1,8192,415.6622314453125,,19098764800,1207959552,0.0016153258038684726
7,16,1,16,decode,fp8_e4m3,1024,1,1,1.1633386611938477,0.12942080497741698,413184,589824,0.034656696021556854
7,16,1,16,decode,fp8_e4m3,1024,8,1,1.116586685180664,0.1375648021697998,3298304,4718592,0.034656696021556854
7,16,1,16,decode,fp8_e4m3,1024,32,1,1.0017173290252686,0.15138399600982666,13193216,18874368,0.034656696021556854
7,16,1,16,prefill,fp8_e4m3,1024,1,128,1.8637226422627766,,135628288,589824,0.007521942723542452
7,16,1,16,prefill,fp8_e4m3,1024,1,1024,0.9880959987640381,,215090176,589824,0.007521942723542452
7,16,1,16,decode,fp8_e4m3,8192,1,1,1.0352319876352947,0.13559360504150392,413184,4718592,0.034656696021556854
7,16,1,16,decode,fp8_e4m3,8192,8,1,1.0497066974639893,0.14587039947509767,3298304,37748736,0.034656696021556854
7,16,1,16,decode,fp8_e4m3,8192,32,1,0.9379093647003174,0.1758623957633972,13193216,150994944,0.034656696021556854
7,16,1,16,prefill,fp8_e4m3,8192,1,128,2.3556373914082847,,768706048,4718592,0.007521942723542452
7,16,1,16,prefill,fp8_e4m3,8192,1,1024,2.495050589243571,,975963648,4718592,0.007521942723542452
7,16,1,16,prefill,fp8_e4m3,8192,1,8192,4.563455899556478,,1632633856,4718592,0.007521942723542452
7,16,1,16,decode,fp8_e4m3,32768,1,1,1.1297067006429036,0.14792959690093993,413184,18874368,0.034656696021556854
7,16,1,16,decode,fp8_e4m3,32768,8,1,1.074944019317627,0.16437120437622071,3298304,150994944,0.034656696021556854
7,16,1,16,decode,fp8_e4m3,32768,32,1,0.96234663327535,0.26075038909912107,13193216,603979776,0.034656696021556854
7,16,1,16,prefill,fp8_e4m3,32768,1,128,4.582751909891765,,2939553280,18874368,0.007521942723542452
7,16,1,16,prefill,fp8_e4m3,32768,1,1024,5.6821441650390625,,3146515968,18874368,0.007521942723542452
7,16,1,16,prefill,fp8_e4m3,32768,1,8192,15.9291623433431,,4826072576,18874368,0.007521942723542452
7,16,1,16,decode,fp8_e4m3,131072,1,1,1.0557119846343994,0.1592560052871704,413184,75497472,0.034656696021556854
7,16,1,16,decode,fp8_e4m3,131072,8,1,1.0273813406626384,0.24764640331268312,3298304,603979776,0.034656696021556854
7,16,1,16,decode,fp8_e4m3,131072,32,1,1.0473919709523518,0.6223983764648438,13193216,2415919104,0.034656696021556854
7,16,1,16,prefill,fp8_e4m3,131072,1,128,9.299434661865234,,11621762560,75497472,0.007521942723542452
7,16,1,16,prefill,fp8_e4m3,131072,1,1024,13.823008219401041,,11828725248,75497472,0.007521942723542452
7,16,1,16,prefill,fp8_e4m3,131072,1,8192,51.80938720703125,,13508806144,75497472,0.007521942723542452
7,16,1,16,decode,fp8_e4m3,524288,1,1,1.0270400047302246,0.19693440198898315,413184,301989888,0.034656696021556854
7,16,1,16,decode,fp8_e4m3,524288,8,1,1.1116480032602947,0.589676809310913,3298304,2415919104,0.034656696021556854
7,16,1,16,decode,fp8_e4m3,524288,32,1,2.2787200609842935,2.272630310058594,13193216,9663676416,0.034656696021556854
7,16,1,16,prefill,fp8_e4m3,524288,1,128,35.005513509114586,,16899147264,301989888,0.007521942723542452
7,16,1,16,prefill,fp8_e4m3,524288,1,1024,52.70125834147135,,17076192768,301989888,0.007521942723542452
7,16,1,16,prefill,fp8_e4m3,524288,1,8192,202.40521240234375,,18494785024,301989888,0.007521942723542452
7,16,1,16,decode,fp8_e4m3,1048576,1,1,1.0108373165130615,0.2504048109054565,413184,603979776,0.034656696021556854
7,16,1,16,decode,fp8_e4m3,1048576,8,1,1.3127679824829102,1.0648847579956056,3298304,4831838208,0.034656696021556854
7,16,1,16,decode,fp8_e4m3,1048576,32,1,4.246794700622559,4.853649520874024,13193216,19327352832,0.034656696021556854
7,16,1,16,prefill,fp8_e4m3,1048576,1,128,69.19849650065105,,17503127040,603979776,0.007521942723542452
7,16,1,16,prefill,fp8_e4m3,1048576,1,1024,104.52203369140625,,17680172544,603979776,0.007521942723542452
7,16,1,16,prefill,fp8_e4m3,1048576,1,8192,409.1719156901042,,19098764800,603979776,0.007521942723542452
7,16,1,16,decode,bfloat16,1024,1,1,0.947498639424642,0.12699199914932252,431616,1179648,0.004290093667805195
7,16,1,16,decode,bfloat16,1024,8,1,0.9572052955627441,0.13969919681549073,3445760,9437184,0.004290093667805195
7,16,1,16,decode,bfloat16,1024,32,1,0.9033706982930502,0.1473855972290039,13783040,37748736,0.004290093667805195
7,16,1,16,prefill,bfloat16,1024,1,128,1.7119040489196777,,136021504,1179648,0.0016153258038684726
7,16,1,16,prefill,bfloat16,1024,1,1024,0.9476053714752197,,215090176,1179648,0.0016153258038684726
7,16,1,16,decode,bfloat16,8192,1,1,1.0035520394643147,0.13631199598312377,431616,9437184,0.004290093667805195
7,16,1,16,decode,bfloat16,8192,8,1,0.9816106955210367,0.14441920518875123,3445760,75497472,0.004290093667805195
7,16,1,16,decode,bfloat16,8192,32,1,0.8977599938710531,0.194488000869751,13783040,301989888,0.004290093667805195
7,16,1,16,prefill,bfloat16,8192,1,128,2.359392007191976,,769377792,9437184,0.0016153258038684726
7,16,1,16,prefill,bfloat16,8192,1,1024,2.4173760414123535,,976094720,9437184,0.0016153258038684726
7,16,1,16,prefill,bfloat16,8192,1,8192,4.511285463968913,,1632633856,9437184,0.0016153258038684726
7,16,1,16,decode,bfloat16,32768,1,1,0.9772799809773763,0.14557119607925414,431616,37748736,0.004290093667805195
7,16,1,16,decode,bfloat16,32768,8,1,1.0184853076934814,0.18259040117263795,3445760,301989888,0.004290093667805195
7,16,1,16,decode,bfloat16,32768,32,1,0.9307306607564291,0.35800800323486326,13783040,1207959552,0.004290093667805195
7,16,1,16,prefill,bfloat16,32768,1,128,4.556874593098958,,2939553280,37748736,0.0016153258038684726
7,16,1,16,prefill,bfloat16,32768,1,1024,5.635285059611003,,3146515968,37748736,0.0016153258038684726
7,16,1,16,prefill,bfloat16,32768,1,8192,15.884874979654947,,4825548288,37748736,0.0016153258038684726
7,16,1,16,decode,bfloat16,131072,1,1,0.997973362604777,0.16218240261077882,431616,150994944,0.004290093667805195
7,16,1,16,decode,bfloat16,131072,8,1,1.008010705312093,0.3326767921447754,3445760,1207959552,0.004290093667805195
7,16,1,16,decode,bfloat16,131072,32,1,1.2104533513387044,1.0011631965637207,13783040,4831838208,0.004290093667805195
7,16,1,16,prefill,bfloat16,131072,1,128,9.147712071736654,,11621762560,150994944,0.0016153258038684726
7,16,1,16,prefill,bfloat16,131072,1,1024,13.687423706054688,,11828725248,150994944,0.0016153258038684726
7,16,1,16,prefill,bfloat16,131072,1,8192,52.90142822265625,,13508806144,150994944,0.0016153258038684726
7,16,1,16,decode,bfloat16,524288,1,1,0.9966186682383219,0.2370016098022461,431616,603979776,0.004290093667805195
7,16,1,16,decode,bfloat16,524288,8,1,1.1889066696166992,0.9481679916381835,3445760,4831838208,0.004290093667805195
7,16,1,16,decode,bfloat16,524288,32,1,3.7650346755981445,4.179959869384765,13783040,19327352832,0.004290093667805195
7,16,1,16,prefill,bfloat16,524288,1,128,34.58378601074219,,16899147264,603979776,0.0016153258038684726
7,16,1,16,prefill,bfloat16,524288,1,1024,52.49980672200521,,17076192768,603979776,0.0016153258038684726
7,16,1,16,prefill,bfloat16,524288,1,8192,208.1365763346354,,18494785024,603979776,0.0016153258038684726
7,16,1,16,decode,bfloat16,1048576,1,1,0.9895679950714111,0.33866879940032957,431616,1207959552,0.004290093667805195
7,16,1,16,decode,bfloat16,1048576,8,1,2.0273067156473794,1.9250448226928711,3445760,9663676416,0.004290093667805195
7,16,1,16,decode,bfloat16,1048576,32,1,7.512863794962565,8.672286224365234,13783040,38654705664,0.004290093667805195
7,16,1,16,prefill,bfloat16,1048576,1,128,68.45093282063802,,17503127040,1207959552,0.0016153258038684726
7,16,1,16,prefill,bfloat16,1048576,1,1024,105.08599853515625,,17680172544,1207959552,0.0016153258038684726
7,16,1,16,prefill,bfloat16,1048576,1,8192,415.0777587890625,,19098764800,1207959552,0.0016153258038684726
8,16,1,16,decode,fp8_e4m3,1024,1,1,1.0831147034962971,0.13064320087432862,413184,589824,0.034656696021556854
8,16,1,16,decode,fp8_e4m3,1024,8,1,0.966368039449056,0.13803839683532715,3298304,4718592,0.034656696021556854
8,16,1,16,decode,fp8_e4m3,1024,32,1,0.8607359727223715,0.15160319805145264,13193216,18874368,0.034656696021556854
8,16,1,16,prefill,fp8_e4m3,1024,1,128,1.6372159322102864,,135628288,589824,0.007521942723542452
8,16,1,16,prefill,fp8_e4m3,1024,1,1024,0.8911146322886149,,215090176,589824,0.007521942723542452
8,16,1,16,decode,fp8_e4m3,8192,1,1,0.938431978225708,0.13727999925613404,413184,4718592,0.034656696021556854
8,16,1,16,decode,fp8_e4m3,8192,8,1,0.967146635055542,0.14659039974212645,3298304,37748736,0.034656696021556854
8,16,1,16,decode,fp8_e4m3,8192,32,1,0.8442133267720541,0.17561440467834472,13193216,150994944,0.034656696021556854
8,16,1,16,prefill,fp8_e4m3,8192,1,128,2.309098720550537,,768706048,4718592,0.007521942723542452
8,16,1,16,prefill,fp8_e4m3,8192,1,1024,2.524768034617106,,975963648,4718592,0.007521942723542452
8,16,1,16,prefill,fp8_e4m3,8192,1,8192,4.72978146870931,,1632633856,4718592,0.007521942723542452
8,16,1,16,decode,fp8_e4m3,32768,1,1,0.959007978439331,0.1495919942855835,413184,18874368,0.034656696021556854
8,16,1,16,decode,fp8_e4m3,32768,8,1,0.9930453300476074,0.16594239473342895,3298304,150994944,0.034656696021556854
8,16,1,16,decode,fp8_e4m3,32768,32,1,0.8420053323109945,0.26760480403900144,13193216,603979776,0.034656696021556854
8,16,1,16,prefill,fp8_e4m3,32768,1,128,4.501536051432292,,2939553280,18874368,0.007521942723542452
8,16,1,16,prefill,fp8_e4m3,32768,1,1024,5.677792231241862,,3146515968,18874368,0.007521942723542452
8,16,1,16,prefill,fp8_e4m3,32768,1,8192,16.1482671101888,,4826072576,18874368,0.007521942723542452
8,16,1,16,decode,fp8_e4m3,131072,1,1,0.9920213222503662,0.16230080127716065,413184,75497472,0.034656696021556854
8,16,1,16,decode,fp8_e4m3,131072,8,1,0.9729706446329752,0.2507472038269043,3298304,603979776,0.034656696021556854
8,16,1,16,decode,fp8_e4m3,131072,32,1,0.9964053630828857,0.6382976055145264,13193216,2415919104,0.034656696021556854
8,16,1,16,prefill,fp8_e4m3,131072,1,128,9.322282791137695,,11621762560,75497472,0.007521942723542452
8,16,1,16,prefill,fp8_e4m3,131072,1,1024,13.967178344726562,,11828725248,75497472,0.007521942723542452
8,16,1,16,prefill,fp8_e4m3,131072,1,8192,52.83276875813802,,13508806144,75497472,0.007521942723542452
8,16,1,16,decode,fp8_e4m3,524288,1,1,0.9772053559621176,0.1976207971572876,413184,301989888,0.034656696021556854
8,16,1,16,decode,fp8_e4m3,524288,8,1,1.0639253457387288,0.6057919979095459,3298304,2415919104,0.034656696021556854
8,16,1,16,decode,fp8_e4m3,524288,32,1,2.441119988759359,2.520865631103516,13193216,9663676416,0.034656696021556854
8,16,1,16,prefill,fp8_e4m3,524288,1,128,35.123008728027344,,16899147264,301989888,0.007521942723542452
8,16,1,16,prefill,fp8_e4m3,524288,1,1024,53.42565409342448,,17076192768,301989888,0.007521942723542452
8,16,1,16,prefill,fp8_e4m3,524288,1,8192,207.543701171875,,18494785024,301989888,0.007521942723542452
8,16,1,16,decode,fp8_e4m3,1048576,1,1,0.985322634379069,0.25240159034729004,413184,603979776,0.034656696021556854
8,16,1,16,decode,fp8_e4m3,1048576,8,1,1.3632532755533855,1.145479965209961,3298304,4831838208,0.034656696021556854
8,16,1,16,decode,fp8_e4m3,1048576,32,1,4.4056746164957685,4.841142272949218,13193216,19327352832,0.034656696021556854
8,16,1,16,prefill,fp8_e4m3,1048576,1,128,69.63833618164062,,17503127040,603979776,0.007521942723542452
8,16,1,16,prefill,fp8_e4m3,1048576,1,1024,106.18351236979167,,17680172544,603979776,0.007521942723542452
8,16,1,16,prefill,fp8_e4m3,1048576,1,8192,416.9412434895833,,19098764800,603979776,0.007521942723542452
8,16,1,16,decode,bfloat16,1024,1,1,0.9353919823964437,0.1283519983291626,431616,1179648,0.004290093667805195
8,16,1,16,decode,bfloat16,1024,8,1,0.9195946852366129,0.1396607995033264,3445760,9437184,0.004290093667805195
8,16,1,16,decode,bfloat16,1024,32,1,0.8278826872507731,0.14661920070648193,13783040,37748736,0.004290093667805195
8,16,1,16,prefill,bfloat16,1024,1,128,1.5317014058430989,,136021504,1179648,0.0016153258038684726
8,16,1,16,prefill,bfloat16,1024,1,1024,0.8130666414896647,,215090176,1179648,0.0016153258038684726
8,16,1,16,decode,bfloat16,8192,1,1,0.9190933704376221,0.13806560039520263,431616,9437184,0.004290093667805195
8,16,1,16,decode,bfloat16,8192,8,1,0.8653333187103271,0.14421759843826293,3445760,75497472,0.004290093667805195
8,16,1,16,decode,bfloat16,8192,32,1,0.7705173492431641,0.19425439834594727,13783040,301989888,0.004290093667805195
8,16,1,16,prefill,bfloat16,8192,1,128,2.1906560262044272,,769377792,9437184,0.0016153258038684726
8,16,1,16,prefill,bfloat16,8192,1,1024,2.3861120541890464,,976094720,9437184,0.0016153258038684726
8,16,1,16,prefill,bfloat16,8192,1,8192,4.647189458211263,,1632633856,9437184,0.0016153258038684726
8,16,1,16,decode,bfloat16,32768,1,1,0.9282879829406738,0.14570239782333375,431616,37748736,0.004290093667805195
8,16,1,16,decode,bfloat16,32768,8,1,0.9392746289571127,0.18189120292663574,3445760,301989888,0.004290093667805195
8,16,1,16,decode,bfloat16,32768,32,1,0.8328959941864014,0.35899839401245115,13783040,1207959552,0.004290093667805195
8,16,1,16,prefill,bfloat16,32768,1,128,4.382080078125,,2939553280,37748736,0.0016153258038684726
8,16,1,16,prefill,bfloat16,32768,1,1024,5.594549179077148,,3146515968,37748736,0.0016153258038684726
8,16,1,16,prefill,bfloat16,32768,1,8192,16.304704030354817,,4825548288,37748736,0.0016153258038684726
8,16,1,16,decode,bfloat16,131072,1,1,0.9307093620300293,0.1640720009803772,431616,150994944,0.004290093667805195
8,16,1,16,decode,bfloat16,131072,8,1,0.9299200375874838,0.3358288049697876,3445760,1207959552,0.004290093667805195
8,16,1,16,decode,bfloat16,131072,32,1,1.2216746807098389,1.0312208175659179,13783040,4831838208,0.004290093667805195
8,16,1,16,prefill,bfloat16,131072,1,128,9.191381454467773,,11621762560,150994944,0.0016153258038684726
8,16,1,16,prefill,bfloat16,131072,1,1024,13.895381927490234,,11828725248,150994944,0.0016153258038684726
8,16,1,16,prefill,bfloat16,131072,1,8192,53.47131856282552,,13508806144,150994944,0.0016153258038684726
8,16,1,16,decode,bfloat16,524288,1,1,0.9260266621907552,0.23833920955657958,431616,603979776,0.004290093667805195
8,16,1,16,decode,bfloat16,524288,8,1,1.208682696024577,0.9832528114318848,3445760,4831838208,0.004290093667805195
8,16,1,16,decode,bfloat16,524288,32,1,3.961322784423828,4.156959915161133,13783040,19327352832,0.004290093667805195
8,16,1,16,prefill,bfloat16,524288,1,128,34.708213806152344,,16899147264,603979776,0.0016153258038684726
8,16,1,16,prefill,bfloat16,524288,1,1024,53.15647888183594,,17076192768,603979776,0.0016153258038684726
8,16,1,16,prefill,bfloat16,524288,1,8192,209.4835205078125,,18494785024,603979776,0.0016153258038684726
8,16,1,16,decode,bfloat16,1048576,1,1,0.9605013529459635,0.33997440338134766,431616,1207959552,0.004290093667805195
8,16,1,16,decode,bfloat16,1048576,8,1,2.083082675933838,1.947915267944336,3445760,9663676416,0.004290093667805195
8,16,1,16,decode,bfloat16,1048576,32,1,7.652234395345052,8.512528228759766,13783040,38654705664,0.004290093667805195
8,16,1,16,prefill,bfloat16,1048576,1,128,69.11549886067708,,17503127040,1207959552,0.0016153258038684726
8,16,1,16,prefill,bfloat16,1048576,1,1024,107.00108846028645,,17680172544,1207959552,0.0016153258038684726
8,16,1,16,prefill,bfloat16,1048576,1,8192,422.9604085286458,,19098764800,1207959552,0.0016153258038684726
9,16,1,16,decode,fp8_e4m3,1024,1,1,1.4951893488566081,0.12935839891433715,413184,589824,0.034656696021556854
9,16,1,16,decode,fp8_e4m3,1024,8,1,1.4728213946024578,0.13763840198516847,3298304,4718592,0.034656696021556854
9,16,1,16,decode,fp8_e4m3,1024,32,1,1.3542399406433105,0.15162880420684816,13193216,18874368,0.034656696021556854
9,16,1,16,prefill,fp8_e4m3,1024,1,128,2.47596804300944,,135628288,589824,0.007521942723542452
9,16,1,16,prefill,fp8_e4m3,1024,1,1024,1.341109275817871,,215090176,589824,0.007521942723542452
9,16,1,16,decode,fp8_e4m3,8192,1,1,1.4083199501037598,0.13530399799346923,413184,4718592,0.034656696021556854
9,16,1,16,decode,fp8_e4m3,8192,8,1,1.4419093132019043,0.14587680101394654,3298304,37748736,0.034656696021556854
9,16,1,16,decode,fp8_e4m3,8192,32,1,1.3070186773935955,0.1755728006362915,13193216,150994944,0.034656696021556854
9,16,1,16,prefill,fp8_e4m3,8192,1,128,3.075082778930664,,768706048,4718592,0.007521942723542452
9,16,1,16,prefill,fp8_e4m3,8192,1,1024,2.6943146387736,,975963648,4718592,0.007521942723542452
9,16,1,16,prefill,fp8_e4m3,8192,1,8192,4.744181315104167,,1632633856,4718592,0.007521942723542452
9,16,1,16,decode,fp8_e4m3,32768,1,1,1.3954985936482747,0.1493216037750244,413184,18874368,0.034656696021556854
9,16,1,16,decode,fp8_e4m3,32768,8,1,1.1516906420389812,0.16491999626159667,3298304,150994944,0.034656696021556854
9,16,1,16,decode,fp8_e4m3,32768,32,1,1.01638396581014,0.2678224086761475,13193216,603979776,0.034656696021556854
9,16,1,16,prefill,fp8_e4m3,32768,1,128,4.752490679423015,,2939553280,18874368,0.007521942723542452
9,16,1,16,prefill,fp8_e4m3,32768,1,1024,5.805824279785156,,3146515968,18874368,0.007521942723542452
9,16,1,16,prefill,fp8_e4m3,32768,1,8192,16.39609654744466,,4826072576,18874368,0.007521942723542452
9,16,1,16,decode,fp8_e4m3,131072,1,1,1.1509439945220947,0.15947359800338745,413184,75497472,0.034656696021556854
9,16,1,16,decode,fp8_e4m3,131072,8,1,1.1636160214742024,0.250217604637146,3298304,603979776,0.034656696021556854
9,16,1,16,decode,fp8_e4m3,131072,32,1,1.1042346954345703,0.6390592098236084,13193216,2415919104,0.034656696021556854
9,16,1,16,prefill,fp8_e4m3,131072,1,128,9.444341023763021,,11621762560,75497472,0.007521942723542452
9,16,1,16,prefill,fp8_e4m3,131072,1,1024,14.115989685058594,,11828725248,75497472,0.007521942723542452
9,16,1,16,prefill,fp8_e4m3,131072,1,8192,54.18205769856771,,13508806144,75497472,0.007521942723542452
9,16,1,16,decode,fp8_e4m3,524288,1,1,1.3602879842122395,0.19729759693145751,413184,301989888,0.034656696021556854
9,16,1,16,decode,fp8_e4m3,524288,8,1,1.4876267115275066,0.605950403213501,3298304,2415919104,0.034656696021556854
9,16,1,16,decode,fp8_e4m3,524288,32,1,2.5353493690490723,2.5697296142578123,13193216,9663676416,0.034656696021556854
9,16,1,16,prefill,fp8_e4m3,524288,1,128,35.77649180094401,,16899147264,301989888,0.007521942723542452
9,16,1,16,prefill,fp8_e4m3,524288,1,1024,54.360127766927086,,17076192768,301989888,0.007521942723542452
9,16,1,16,prefill,fp8_e4m3,524288,1,8192,211.604736328125,,18494785024,301989888,0.007521942723542452
9,16,1,16,decode,fp8_e4m3,1048576,1,1,1.4496639569600422,0.25296640396118164,413184,603979776,0.034656696021556854
9,16,1,16,decode,fp8_e4m3,1048576,8,1,1.7485440572102864,1.1161168098449707,3298304,4831838208,0.034656696021556854
9,16,1,16,decode,fp8_e4m3,1048576,32,1,4.473045349121094,5.031849670410156,13193216,19327352832,0.034656696021556854
9,16,1,16,prefill,fp8_e4m3,1048576,1,128,71.01470947265625,,17503127040,603979776,0.007521942723542452
9,16,1,16,prefill,fp8_e4m3,1048576,1,1024,107.63423665364583,,17680172544,603979776,0.007521942723542452
9,16,1,16,prefill,fp8_e4m3,1048576,1,8192,420.8738199869792,,19098764800,603979776,0.007521942723542452
9,16,1,16,decode,bfloat16,1024,1,1,1.244319995244344,0.12780159711837769,431616,1179648,0.004290093667805195
9,16,1,16,decode,bfloat16,1024,8,1,1.233023961385091,0.13971840143203734,3445760,9437184,0.004290093667805195
9,16,1,16,decode,bfloat16,1024,32,1,1.1659626960754395,0.14678239822387695,13783040,37748736,0.004290093667805195
9,16,1,16,prefill,bfloat16,1024,1,128,2.2868480682373047,,136021504,1179648,0.0016153258038684726
9,16,1,16,prefill,bfloat16,1024,1,1024,1.2253546714782715,,215090176,1179648,0.0016153258038684726
9,16,1,16,decode,bfloat16,8192,1,1,1.3434453010559082,0.13712639808654786,431616,9437184,0.004290093667805195
9,16,1,16,decode,bfloat16,8192,8,1,1.3320319652557373,0.14421759843826293,3445760,75497472,0.004290093667805195
9,16,1,16,decode,bfloat16,8192,32,1,1.2452479998270671,0.19346239566802978,13783040,301989888,0.004290093667805195
9,16,1,16,prefill,bfloat16,8192,1,128,2.9396371841430664,,769377792,9437184,0.0016153258038684726
9,16,1,16,prefill,bfloat16,8192,1,1024,2.8625173568725586,,976094720,9437184,0.0016153258038684726
9,16,1,16,prefill,bfloat16,8192,1,8192,4.725802739461263,,1632633856,9437184,0.0016153258038684726
9,16,1,16,decode,bfloat16,32768,1,1,1.3720107078552246,0.14583040475845338,431616,37748736,0.004290093667805195
9,16,1,16,decode,bfloat16,32768,8,1,1.3745813369750977,0.18158400058746338,3445760,301989888,0.004290093667805195
9,16,1,16,decode,bfloat16,32768,32,1,1.271498680114746,0.35793280601501465,13783040,1207959552,0.004290093667805195
9,16,1,16,prefill,bfloat16,32768,1,128,4.711850802103679,,2939553280,37748736,0.0016153258038684726
9,16,1,16,prefill,bfloat16,32768,1,1024,5.973077138264974,,3146515968,37748736,0.0016153258038684726
9,16,1,16,prefill,bfloat16,32768,1,8192,16.49173355102539,,4825548288,37748736,0.0016153258038684726
9,16,1,16,decode,bfloat16,131072,1,1,0.9896426995595297,0.16415679454803467,431616,150994944,0.004290093667805195
9,16,1,16,decode,bfloat16,131072,8,1,1.4450880686442058,0.3361968040466309,3445760,1207959552,0.004290093667805195
9,16,1,16,decode,bfloat16,131072,32,1,1.5031253496805828,1.063638401031494,13783040,4831838208,0.004290093667805195
9,16,1,16,prefill,bfloat16,131072,1,128,9.611274719238281,,11621762560,150994944,0.0016153258038684726
9,16,1,16,prefill,bfloat16,131072,1,1024,14.287359873453775,,11828725248,150994944,0.0016153258038684726
9,16,1,16,prefill,bfloat16,131072,1,8192,54.35417683919271,,13508806144,150994944,0.0016153258038684726
9,16,1,16,decode,bfloat16,524288,1,1,1.4718720118204753,0.2387455940246582,431616,603979776,0.004290093667805195
9,16,1,16,decode,bfloat16,524288,8,1,1.236576000849406,0.9631104469299316,3445760,4831838208,0.004290093667805195
9,16,1,16,decode,bfloat16,524288,32,1,4.062154769897461,4.234120178222656,13783040,19327352832,0.004290093667805195
9,16,1,16,prefill,bfloat16,524288,1,128,35.39622497558594,,16899147264,603979776,0.0016153258038684726
9,16,1,16,prefill,bfloat16,524288,1,1024,54.1393076578776,,17076192768,603979776,0.0016153258038684726
9,16,1,16,prefill,bfloat16,524288,1,8192,215.6209716796875,,18494785024,603979776,0.0016153258038684726
9,16,1,16,decode,bfloat16,1048576,1,1,1.2470080057779949,0.3397840023040771,431616,1207959552,0.004290093667805195
9,16,1,16,decode,bfloat16,1048576,8,1,2.1455252965291343,1.9290512084960938,3445760,9663676416,0.004290093667805195
9,16,1,16,decode,bfloat16,1048576,32,1,7.9530989329020185,8.713393402099609,13783040,38654705664,0.004290093667805195
9,16,1,16,prefill,bfloat16,1048576,1,128,69.3291727701823,,17503127040,1207959552,0.0016153258038684726
9,16,1,16,prefill,bfloat16,1048576,1,1024,107.51005045572917,,17680172544,1207959552,0.0016153258038684726
9,16,1,16,prefill,bfloat16,1048576,1,8192,427.2219645182292,,19098764800,1207959552,0.0016153258038684726
10,16,1,16,decode,fp8_e4m3,1024,1,1,0.9931840101877848,0.12935680150985718,413184,589824,0.034656696021556854
10,16,1,16,decode,fp8_e4m3,1024,8,1,0.9826453526814779,0.13744479417800903,3298304,4718592,0.034656696021556854
10,16,1,16,decode,fp8_e4m3,1024,32,1,0.9439893563588461,0.15144799947738646,13193216,18874368,0.034656696021556854
10,16,1,16,prefill,fp8_e4m3,1024,1,128,1.729845364888509,,135628288,589824,0.007521942723542452
10,16,1,16,prefill,fp8_e4m3,1024,1,1024,0.9639999866485596,,215090176,589824,0.007521942723542452
10,16,1,16,decode,fp8_e4m3,8192,1,1,0.9643946488698324,0.13525760173797607,413184,4718592,0.034656696021556854
10,16,1,16,decode,fp8_e4m3,8192,8,1,1.012447992960612,0.1456496000289917,3298304,37748736,0.034656696021556854
10,16,1,16,decode,fp8_e4m3,8192,32,1,0.9243733088175455,0.17518559694290162,13193216,150994944,0.034656696021556854
10,16,1,16,prefill,fp8_e4m3,8192,1,128,2.3438827196756997,,768706048,4718592,0.007521942723542452
10,16,1,16,prefill,fp8_e4m3,8192,1,1024,2.447648048400879,,975963648,4718592,0.007521942723542452
10,16,1,16,prefill,fp8_e4m3,8192,1,8192,4.56931209564209,,1632633856,4718592,0.007521942723542452
10,16,1,16,decode,fp8_e4m3,32768,1,1,0.9790720144907633,0.14782079458236694,413184,18874368,0.034656696021556854
10,16,1,16,decode,fp8_e4m3,32768,8,1,1.02947203318278,0.16384960412979127,3298304,150994944,0.034656696021556854
10,16,1,16,decode,fp8_e4m3,32768,32,1,0.9210027058919271,0.2617055892944336,13193216,603979776,0.034656696021556854
10,16,1,16,prefill,fp8_e4m3,32768,1,128,4.505173365275065,,2939553280,18874368,0.007521942723542452
10,16,1,16,prefill,fp8_e4m3,32768,1,1024,5.629546483357747,,3146515968,18874368,0.007521942723542452
10,16,1,16,prefill,fp8_e4m3,32768,1,8192,16.38902409871419,,4826072576,18874368,0.007521942723542452
10,16,1,16,decode,fp8_e4m3,131072,1,1,1.0047893524169922,0.1580191969871521,413184,75497472,0.034656696021556854
10,16,1,16,decode,fp8_e4m3,131072,8,1,1.0025066534678142,0.24857919216156005,3298304,603979776,0.034656696021556854
10,16,1,16,decode,fp8_e4m3,131072,32,1,0.9912426471710205,0.6134719848632812,13193216,2415919104,0.034656696021556854
10,16,1,16,prefill,fp8_e4m3,131072,1,128,9.289375940958658,,11621762560,75497472,0.007521942723542452
10,16,1,16,prefill,fp8_e4m3,131072,1,1024,13.902656555175781,,11828725248,75497472,0.007521942723542452
10,16,1,16,prefill,fp8_e4m3,131072,1,8192,54.4702402750651,,13508806144,75497472,0.007521942723542452
10,16,1,16,decode,fp8_e4m3,524288,1,1,1.0062613487243652,0.19660639762878418,413184,301989888,0.034656696021556854
10,16,1,16,decode,fp8_e4m3,524288,8,1,1.0736640294392903,0.587553596496582,3298304,2415919104,0.034656696021556854
10,16,1,16,decode,fp8_e4m3,524288,32,1,2.321845372517904,2.513153648376465,13193216,9663676416,0.034656696021556854
10,16,1,16,prefill,fp8_e4m3,524288,1,128,34.96743520100912,,16899147264,301989888,0.007521942723542452
10,16,1,16,prefill,fp8_e4m3,524288,1,1024,52.92473347981771,,17076192768,301989888,0.007521942723542452
10,16,1,16,prefill,fp8_e4m3,524288,1,8192,210.4975789388021,,18494785024,301989888,0.007521942723542452
10,16,1,16,decode,fp8_e4m3,1048576,1,1,1.0084266662597656,0.24972960948944092,413184,603979776,0.034656696021556854
10,16,1,16,decode,fp8_e4m3,1048576,8,1,1.3173226515452068,1.0941696166992188,3298304,4831838208,0.034656696021556854
10,16,1,16,decode,fp8_e4m3,1048576,32,1,4.21182918548584,4.9538928985595705,13193216,19327352832,0.034656696021556854
10,16,1,16,prefill,fp8_e4m3,1048576,1,128,69.30008443196614,,17503127040,603979776,0.007521942723542452
10,16,1,16,prefill,fp8_e4m3,1048576,1,1024,106.13021850585938,,17680172544,603979776,0.007521942723542452
10,16,1,16,prefill,fp8_e4m3,1048576,1,8192,420.0672607421875,,19098764800,603979776,0.007521942723542452
10,16,1,16,decode,bfloat16,1024,1,1,1.0082560380299885,0.12718240022659302,431616,1179648,0.004290093667805195
10,16,1,16,decode,bfloat16,1024,8,1,0.9394773642222086,0.13939199447631836,3445760,9437184,0.004290093667805195
10,16,1,16,decode,bfloat16,1024,32,1,0.8326079845428467,0.14669599533081054,13783040,37748736,0.004290093667805195
10,16,1,16,prefill,bfloat16,1024,1,128,1.637994607289632,,136021504,1179648,0.0016153258038684726
10,16,1,16,prefill,bfloat16,1024,1,1024,0.8795093695322672,,215090176,1179648,0.0016153258038684726
10,16,1,16,decode,bfloat16,8192,1,1,0.9127253691355387,0.13593440055847167,431616,9437184,0.004290093667805195
10,16,1,16,decode,bfloat16,8192,8,1,0.9686826864878336,0.14379359483718873,3445760,75497472,0.004290093667805195
10,16,1,16,decode,bfloat16,8192,32,1,0.8528853257497152,0.19293760061264037,13783040,301989888,0.004290093667805195
10,16,1,16,prefill,bfloat16,8192,1,128,2.2810773849487305,,769377792,9437184,0.0016153258038684726
10,16,1,16,prefill,bfloat16,8192,1,1024,2.3970559438069663,,976094720,9437184,0.0016153258038684726
10,16,1,16,prefill,bfloat16,8192,1,8192,4.483146667480469,,1632633856,9437184,0.0016153258038684726
10,16,1,16,decode,bfloat16,32768,1,1,0.9590400060017904,0.14497439861297606,431616,37748736,0.004290093667805195
10,16,1,16,decode,bfloat16,32768,8,1,0.9776000181833903,0.18111040592193603,3445760,301989888,0.004290093667805195
10,16,1,16,decode,bfloat16,32768,32,1,0.8510613441467285,0.35683679580688477,13783040,1207959552,0.004290093667805195
10,16,1,16,prefill,bfloat16,32768,1,128,4.422933260599772,,2939553280,37748736,0.0016153258038684726
10,16,1,16,prefill,bfloat16,32768,1,1024,5.583701451619466,,3146515968,37748736,0.0016153258038684726
10,16,1,16,prefill,bfloat16,32768,1,8192,16.550411224365234,,4825548288,37748736,0.0016153258038684726
10,16,1,16,decode,bfloat16,131072,1,1,0.9522666931152344,0.16236000061035155,431616,150994944,0.004290093667805195
10,16,1,16,decode,bfloat16,131072,8,1,0.9657173156738281,0.33143839836120603,3445760,1207959552,0.004290093667805195
10,16,1,16,decode,bfloat16,131072,32,1,1.206005334854126,1.01221923828125,13783040,4831838208,0.004290093667805195
10,16,1,16,prefill,bfloat16,131072,1,128,9.132671991984049,,11621762560,150994944,0.0016153258038684726
10,16,1,16,prefill,bfloat16,131072,1,1024,13.778709411621094,,11828725248,150994944,0.0016153258038684726
10,16,1,16,prefill,bfloat16,131072,1,8192,53.99127705891927,,13508806144,150994944,0.0016153258038684726
10,16,1,16,decode,bfloat16,524288,1,1,0.976469357808431,0.2369231939315796,431616,603979776,0.004290093667805195
10,16,1,16,decode,bfloat16,524288,8,1,1.1962560017903645,0.9937904357910157,3445760,4831838208,0.004290093667805195
10,16,1,16,decode,bfloat16,524288,32,1,3.8787094751993814,4.10307502746582,13783040,19327352832,0.004290093667805195
10,16,1,16,prefill,bfloat16,524288,1,128,34.610496520996094,,16899147264,603979776,0.0016153258038684726
10,16,1,16,prefill,bfloat16,524288,1,1024,53.27708943684896,,17076192768,603979776,0.0016153258038684726
10,16,1,16,prefill,bfloat16,524288,1,8192,213.0060017903646,,18494785024,603979776,0.0016153258038684726
10,16,1,16,decode,bfloat16,1048576,1,1,0.9716266791025797,0.3358736038208008,431616,1207959552,0.004290093667805195
10,16,1,16,decode,bfloat16,1048576,8,1,2.0401280721028647,1.8909696578979491,3445760,9663676416,0.004290093667805195
10,16,1,16,decode,bfloat16,1048576,32,1,7.603434880574544,8.929358673095702,13783040,38654705664,0.004290093667805195
10,16,1,16,prefill,bfloat16,1048576,1,128,68.84676106770833,,17503127040,1207959552,0.0016153258038684726
10,16,1,16,prefill,bfloat16,1048576,1,1024,105.95382690429688,,17680172544,1207959552,0.0016153258038684726
10,16,1,16,prefill,bfloat16,1048576,1,8192,425.2073160807292,,19098764800,1207959552,0.0016153258038684726
11,16,1,16,decode,fp8_e4m3,1024,1,1,0.9814080397288004,0.12978880405426024,413184,589824,0.034656696021556854
11,16,1,16,decode,fp8_e4m3,1024,8,1,0.9914986292521158,0.13749760389328003,3298304,4718592,0.034656696021556854
11,16,1,16,decode,fp8_e4m3,1024,32,1,0.8759466807047526,0.1510848045349121,13193216,18874368,0.034656696021556854
11,16,1,16,prefill,fp8_e4m3,1024,1,128,1.7159040768941243,,135628288,589824,0.007521942723542452
11,16,1,16,prefill,fp8_e4m3,1024,1,1024,0.9539946715037028,,215090176,589824,0.007521942723542452
11,16,1,16,decode,fp8_e4m3,8192,1,1,0.984597365061442,0.1364351987838745,413184,4718592,0.034656696021556854
11,16,1,16,decode,fp8_e4m3,8192,8,1,0.9566400051116943,0.14572479724884033,3298304,37748736,0.034656696021556854
11,16,1,16,decode,fp8_e4m3,8192,32,1,0.9027626514434814,0.17497119903564454,13193216,150994944,0.034656696021556854
11,16,1,16,prefill,fp8_e4m3,8192,1,128,2.316160043080648,,768706048,4718592,0.007521942723542452
11,16,1,16,prefill,fp8_e4m3,8192,1,1024,2.456010659535726,,975963648,4718592,0.007521942723542452
11,16,1,16,prefill,fp8_e4m3,8192,1,8192,4.764405250549316,,1632633856,4718592,0.007521942723542452
11,16,1,16,decode,fp8_e4m3,32768,1,1,0.9645653565724691,0.14814239740371704,413184,18874368,0.034656696021556854
11,16,1,16,decode,fp8_e4m3,32768,8,1,0.9714453220367432,0.16494719982147216,3298304,150994944,0.034656696021556854
11,16,1,16,decode,fp8_e4m3,32768,32,1,0.9079999923706055,0.2615423917770386,13193216,603979776,0.034656696021556854
11,16,1,16,prefill,fp8_e4m3,32768,1,128,4.452906608581543,,2939553280,18874368,0.007521942723542452
11,16,1,16,prefill,fp8_e4m3,32768,1,1024,5.667349497477214,,3146515968,18874368,0.007521942723542452
11,16,1,16,prefill,fp8_e4m3,32768,1,8192,16.49795150756836,,4826072576,18874368,0.007521942723542452
11,16,1,16,decode,fp8_e4m3,131072,1,1,0.9837653636932373,0.16021759510040284,413184,75497472,0.034656696021556854
11,16,1,16,decode,fp8_e4m3,131072,8,1,0.9528319835662842,0.24850399494171144,3298304,603979776,0.034656696021556854
11,16,1,16,decode,fp8_e4m3,131072,32,1,1.0113920370737712,0.6467472076416015,13193216,2415919104,0.034656696021556854
11,16,1,16,prefill,fp8_e4m3,131072,1,128,9.375808080037435,,11621762560,75497472,0.007521942723542452
11,16,1,16,prefill,fp8_e4m3,131072,1,1024,13.960404713948568,,11828725248,75497472,0.007521942723542452
11,16,1,16,prefill,fp8_e4m3,131072,1,8192,54.690348307291664,,13508806144,75497472,0.007521942723542452
11,16,1,16,decode,fp8_e4m3,524288,1,1,0.9963093598683676,0.19758399724960327,413184,301989888,0.034656696021556854
11,16,1,16,decode,fp8_e4m3,524288,8,1,1.0953813393910725,0.5956160068511963,3298304,2415919104,0.034656696021556854
11,16,1,16,decode,fp8_e4m3,524288,32,1,2.3806400299072266,2.6548336029052733,13193216,9663676416,0.034656696021556854
11,16,1,16,prefill,fp8_e4m3,524288,1,128,35.188011169433594,,16899147264,301989888,0.007521942723542452
11,16,1,16,prefill,fp8_e4m3,524288,1,1024,53.76544189453125,,17076192768,301989888,0.007521942723542452
11,16,1,16,prefill,fp8_e4m3,524288,1,8192,219.166259765625,,18494785024,301989888,0.007521942723542452
11,16,1,16,decode,fp8_e4m3,1048576,1,1,0.9824746449788412,0.24961280822753906,413184,603979776,0.034656696021556854
11,16,1,16,decode,fp8_e4m3,1048576,8,1,1.383680025736491,1.111739158630371,3298304,4831838208,0.034656696021556854
11,16,1,16,decode,fp8_e4m3,1048576,32,1,4.425536155700684,5.334433746337891,13193216,19327352832,0.034656696021556854
11,16,1,16,prefill,fp8_e4m3,1048576,1,128,69.5623779296875,,17503127040,603979776,0.007521942723542452
11,16,1,16,prefill,fp8_e4m3,1048576,1,1024,107.6251220703125,,17680172544,603979776,0.007521942723542452
11,16,1,16,prefill,fp8_e4m3,1048576,1,8192,441.1775309244792,,19098764800,603979776,0.007521942723542452
11,16,1,16,decode,bfloat16,1024,1,1,0.9648213386535645,0.13520799875259398,431616,1179648,0.004290093667805195
11,16,1,16,decode,bfloat16,1024,8,1,0.9450133641560873,0.1402448058128357,3445760,9437184,0.004290093667805195
11,16,1,16,decode,bfloat16,1024,32,1,0.8642240365346273,0.14652960300445556,13783040,37748736,0.004290093667805195
11,16,1,16,prefill,bfloat16,1024,1,128,1.6220587094624836,,136021504,1179648,0.0016153258038684726
11,16,1,16,prefill,bfloat16,1024,1,1024,0.8866986433664957,,215090176,1179648,0.0016153258038684726
11,16,1,16,decode,bfloat16,8192,1,1,0.9901119867960612,0.13749920129776,431616,9437184,0.004290093667805195
11,16,1,16,decode,bfloat16,8192,8,1,0.9623680114746094,0.14376800060272216,3445760,75497472,0.004290093667805195
11,16,1,16,decode,bfloat16,8192,32,1,0.871392011642456,0.19415040016174318,13783040,301989888,0.004290093667805195
11,16,1,16,prefill,bfloat16,8192,1,128,2.2806612650553384,,769377792,9437184,0.0016153258038684726
11,16,1,16,prefill,bfloat16,8192,1,1024,2.390069325764974,,976094720,9437184,0.0016153258038684726
11,16,1,16,prefill,bfloat16,8192,1,8192,4.785685221354167,,1632633856,9437184,0.0016153258038684726
11,16,1,16,decode,bfloat16,32768,1,1,0.9495360056559244,0.1456976056098938,431616,37748736,0.004290093667805195
11,16,1,16,decode,bfloat16,32768,8,1,0.973365306854248,0.18197920322418212,3445760,301989888,0.004290093667805195
11,16,1,16,decode,bfloat16,32768,32,1,0.8749653498331705,0.3582848072052002,13783040,1207959552,0.004290093667805195
11,16,1,16,prefill,bfloat16,32768,1,128,4.417130788167317,,2939553280,37748736,0.0016153258038684726
11,16,1,16,prefill,bfloat16,32768,1,1024,5.651936213175456,,3146515968,37748736,0.0016153258038684726
11,16,1,16,prefill,bfloat16,32768,1,8192,16.474624633789062,,4825548288,37748736,0.0016153258038684726
11,16,1,16,decode,bfloat16,131072,1,1,0.9424426555633545,0.16406400203704835,431616,150994944,0.004290093667805195
11,16,1,16,decode,bfloat16,131072,8,1,0.9553600152333578,0.3379616022109985,3445760,1207959552,0.004290093667805195
11,16,1,16,decode,bfloat16,131072,32,1,1.2370986938476562,1.0538064002990724,13783040,4831838208,0.004290093667805195
11,16,1,16,prefill,bfloat16,131072,1,128,9.204575856526693,,11621762560,150994944,0.0016153258038684726
11,16,1,16,prefill,bfloat16,131072,1,1024,14.24277369181315,,11828725248,150994944,0.0016153258038684726
11,16,1,16,prefill,bfloat16,131072,1,8192,56.13799540201823,,13508806144,150994944,0.0016153258038684726
11,16,1,16,decode,bfloat16,524288,1,1,0.972213347752889,0.25741920471191404,431616,603979776,0.004290093667805195
11,16,1,16,decode,bfloat16,524288,8,1,1.2250879605611165,0.9991583824157715,3445760,4831838208,0.004290093667805195
11,16,1,16,decode,bfloat16,524288,32,1,3.9764159520467124,4.507332611083984,13783040,19327352832,0.004290093667805195
11,16,1,16,prefill,bfloat16,524288,1,128,34.82556915283203,,16899147264,603979776,0.0016153258038684726
11,16,1,16,prefill,bfloat16,524288,1,1024,54.49246724446615,,17076192768,603979776,0.0016153258038684726
11,16,1,16,prefill,bfloat16,524288,1,8192,230.98553466796875,,18494785024,603979776,0.0016153258038684726
11,16,1,16,decode,bfloat16,1048576,1,1,1.0152959823608398,0.35479519367218015,431616,1207959552,0.004290093667805195
11,16,1,16,decode,bfloat16,1048576,8,1,2.0721813837687173,2.023758316040039,3445760,9663676416,0.004290093667805195
11,16,1,16,decode,bfloat16,1048576,32,1,7.915679931640625,9.38196029663086,13783040,38654705664,0.004290093667805195
11,16,1,16,prefill,bfloat16,1048576,1,128,69.27473958333333,,17503127040,1207959552,0.0016153258038684726
11,16,1,16,prefill,bfloat16,1048576,1,1024,108.85884602864583,,17680172544,1207959552,0.0016153258038684726
11,16,1,16,prefill,bfloat16,1048576,1,8192,468.8878987630208,,19098764800,1207959552,0.0016153258038684726
12,16,1,16,decode,fp8_e4m3,1024,1,1,1.4716800053914387,0.13005759716033935,413184,589824,0.034656696021556854
12,16,1,16,decode,fp8_e4m3,1024,8,1,1.3866880734761555,0.1375823974609375,3298304,4718592,0.034656696021556854
12,16,1,16,decode,fp8_e4m3,1024,32,1,1.2700479825337727,0.15123519897460938,13193216,18874368,0.034656696021556854
12,16,1,16,prefill,fp8_e4m3,1024,1,128,2.435701370239258,,135628288,589824,0.007521942723542452
12,16,1,16,prefill,fp8_e4m3,1024,1,1024,1.4002025922139485,,215090176,589824,0.007521942723542452
12,16,1,16,decode,fp8_e4m3,8192,1,1,1.434186617533366,0.13697919845581055,413184,4718592,0.034656696021556854
12,16,1,16,decode,fp8_e4m3,8192,8,1,1.5223786036173503,0.1460543990135193,3298304,37748736,0.034656696021556854
12,16,1,16,decode,fp8_e4m3,8192,32,1,1.0007999738057454,0.17571359872817993,13193216,150994944,0.034656696021556854
12,16,1,16,prefill,fp8_e4m3,8192,1,128,2.919125239054362,,768706048,4718592,0.007521942723542452
12,16,1,16,prefill,fp8_e4m3,8192,1,1024,2.581962744394938,,975963648,4718592,0.007521942723542452
12,16,1,16,prefill,fp8_e4m3,8192,1,8192,4.5805972417195635,,1632633856,4718592,0.007521942723542452
12,16,1,16,decode,fp8_e4m3,32768,1,1,1.2237013181050618,0.14852960109710694,413184,18874368,0.034656696021556854
12,16,1,16,decode,fp8_e4m3,32768,8,1,1.1105813185373943,0.16526080369949342,3298304,150994944,0.034656696021556854
12,16,1,16,decode,fp8_e4m3,32768,32,1,0.9870826403299967,0.26336801052093506,13193216,603979776,0.034656696021556854
12,16,1,16,prefill,fp8_e4m3,32768,1,128,4.923712094624837,,2939553280,18874368,0.007521942723542452
12,16,1,16,prefill,fp8_e4m3,32768,1,1024,5.791701634724935,,3146515968,18874368,0.007521942723542452
12,16,1,16,prefill,fp8_e4m3,32768,1,8192,15.76324208577474,,4826072576,18874368,0.007521942723542452
12,16,1,16,decode,fp8_e4m3,131072,1,1,1.1530773639678955,0.16048480272293092,413184,75497472,0.034656696021556854
12,16,1,16,decode,fp8_e4m3,131072,8,1,1.298847993214925,0.24491519927978517,3298304,603979776,0.034656696021556854
12,16,1,16,decode,fp8_e4m3,131072,32,1,1.088309367497762,0.6217455863952637,13193216,2415919104,0.034656696021556854
12,16,1,16,prefill,fp8_e4m3,131072,1,128,9.414688110351562,,11621762560,75497472,0.007521942723542452
12,16,1,16,prefill,fp8_e4m3,131072,1,1024,13.936971028645834,,11828725248,75497472,0.007521942723542452
12,16,1,16,prefill,fp8_e4m3,131072,1,8192,50.03868611653646,,13508806144,75497472,0.007521942723542452
12,16,1,16,decode,fp8_e4m3,524288,1,1,1.0720853010813396,0.1987887978553772,413184,301989888,0.034656696021556854
12,16,1,16,decode,fp8_e4m3,524288,8,1,1.1486612955729167,0.5983359813690186,3298304,2415919104,0.034656696021556854
12,16,1,16,decode,fp8_e4m3,524288,32,1,2.4714560508728027,2.510062408447266,13193216,9663676416,0.034656696021556854
12,16,1,16,prefill,fp8_e4m3,524288,1,128,35.440757751464844,,16899147264,301989888,0.007521942723542452
12,16,1,16,prefill,fp8_e4m3,524288,1,1024,53.35004679361979,,17076192768,301989888,0.007521942723542452
12,16,1,16,prefill,fp8_e4m3,524288,1,8192,201.8126220703125,,18494785024,301989888,0.007521942723542452
12,16,1,16,decode,fp8_e4m3,1048576,1,1,1.206015984217326,0.25248959064483645,413184,603979776,0.034656696021556854
12,16,1,16,decode,fp8_e4m3,1048576,8,1,1.462293306986491,1.1037679672241212,3298304,4831838208,0.034656696021556854
12,16,1,16,decode,fp8_e4m3,1048576,32,1,4.261088053385417,4.725110244750977,13193216,19327352832,0.034656696021556854
12,16,1,16,prefill,fp8_e4m3,1048576,1,128,70.22034200032552,,17503127040,603979776,0.007521942723542452
12,16,1,16,prefill,fp8_e4m3,1048576,1,1024,105.93780517578125,,17680172544,603979776,0.007521942723542452
12,16,1,16,prefill,fp8_e4m3,1048576,1,8192,406.2271728515625,,19098764800,603979776,0.007521942723542452
12,16,1,16,decode,bfloat16,1024,1,1,1.1780266761779785,0.1284351944923401,431616,1179648,0.004290093667805195
12,16,1,16,decode,bfloat16,1024,8,1,1.2021866639455159,0.1397552013397217,3445760,9437184,0.004290093667805195
12,16,1,16,decode,bfloat16,1024,32,1,1.190560022989909,0.14671679735183715,13783040,37748736,0.004290093667805195
12,16,1,16,prefill,bfloat16,1024,1,128,2.45798397064209,,136021504,1179648,0.0016153258038684726
12,16,1,16,prefill,bfloat16,1024,1,1024,1.2790186405181885,,215090176,1179648,0.0016153258038684726
12,16,1,16,decode,bfloat16,8192,1,1,1.3353066444396973,0.1383344054222107,431616,9437184,0.004290093667805195
12,16,1,16,decode,bfloat16,8192,8,1,1.2826879819234211,0.14423359632492067,3445760,75497472,0.004290093667805195
12,16,1,16,decode,bfloat16,8192,32,1,1.2126506964365642,0.19479680061340332,13783040,301989888,0.004290093667805195
12,16,1,16,prefill,bfloat16,8192,1,128,3.1292479832967124,,769377792,9437184,0.0016153258038684726
12,16,1,16,prefill,bfloat16,8192,1,1024,2.976319948832194,,976094720,9437184,0.0016153258038684726
12,16,1,16,prefill,bfloat16,8192,1,8192,4.589184125264485,,1632633856,9437184,0.0016153258038684726
12,16,1,16,decode,bfloat16,32768,1,1,0.9648319880167643,0.14642399549484253,431616,37748736,0.004290093667805195
12,16,1,16,decode,bfloat16,32768,8,1,1.4574720064798992,0.18122400045394899,3445760,301989888,0.004290093667805195
12,16,1,16,decode,bfloat16,32768,32,1,1.2748693625132244,0.35474400520324706,13783040,1207959552,0.004290093667805195
12,16,1,16,prefill,bfloat16,32768,1,128,5.086144129435222,,2939553280,37748736,0.0016153258038684726
12,16,1,16,prefill,bfloat16,32768,1,1024,5.94807497660319,,3146515968,37748736,0.0016153258038684726
12,16,1,16,prefill,bfloat16,32768,1,8192,16.131659189860027,,4825548288,37748736,0.0016153258038684726
12,16,1,16,decode,bfloat16,131072,1,1,0.986303965250651,0.1640064001083374,431616,150994944,0.004290093667805195
12,16,1,16,decode,bfloat16,131072,8,1,0.9687253634134928,0.33514719009399413,3445760,1207959552,0.004290093667805195
12,16,1,16,decode,bfloat16,131072,32,1,1.211957295735677,1.0248432159423828,13783040,4831838208,0.004290093667805195
12,16,1,16,prefill,bfloat16,131072,1,128,9.24015998840332,,11621762560,150994944,0.0016153258038684726
12,16,1,16,prefill,bfloat16,131072,1,1024,13.943988800048828,,11828725248,150994944,0.0016153258038684726
12,16,1,16,prefill,bfloat16,131072,1,8192,51.5684814453125,,13508806144,150994944,0.0016153258038684726
12,16,1,16,decode,bfloat16,524288,1,1,1.6085546811421711,0.23771359920501708,431616,603979776,0.004290093667805195
12,16,1,16,decode,bfloat16,524288,8,1,1.2015893459320068,0.9790096282958984,3445760,4831838208,0.004290093667805195
12,16,1,16,decode,bfloat16,524288,32,1,3.845482508341471,4.113478469848633,13783040,19327352832,0.004290093667805195
12,16,1,16,prefill,bfloat16,524288,1,128,35.16382853190104,,16899147264,603979776,0.0016153258038684726
12,16,1,16,prefill,bfloat16,524288,1,1024,53.1166737874349,,17076192768,603979776,0.0016153258038684726
12,16,1,16,prefill,bfloat16,524288,1,8192,206.21431477864584,,18494785024,603979776,0.0016153258038684726
12,16,1,16,decode,bfloat16,1048576,1,1,1.3991786638895671,0.33866560459136963,431616,1207959552,0.004290093667805195
12,16,1,16,decode,bfloat16,1048576,8,1,2.160810629526774,1.9070095062255858,3445760,9663676416,0.004290093667805195
12,16,1,16,decode,bfloat16,1048576,32,1,7.678368250528972,8.462996673583984,13783040,38654705664,0.004290093667805195
12,16,1,16,prefill,bfloat16,1048576,1,128,69.27915954589844,,17503127040,1207959552,0.0016153258038684726
12,16,1,16,prefill,bfloat16,1048576,1,1024,105.3918965657552,,17680172544,1207959552,0.0016153258038684726
12,16,1,16,prefill,bfloat16,1048576,1,8192,423.5075276692708,,19098764800,1207959552,0.0016153258038684726
13,16,1,16,decode,fp8_e4m3,1024,1,1,1.3584960301717122,0.1293984055519104,413184,589824,0.034656696021556854
13,16,1,16,decode,fp8_e4m3,1024,8,1,1.229375998179118,0.13743200302124023,3298304,4718592,0.034656696021556854
13,16,1,16,decode,fp8_e4m3,1024,32,1,1.2015999952952068,0.15191199779510497,13193216,18874368,0.034656696021556854
13,16,1,16,prefill,fp8_e4m3,1024,1,128,2.253045399983724,,135628288,589824,0.007521942723542452
13,16,1,16,prefill,fp8_e4m3,1024,1,1024,1.270133336385091,,215090176,589824,0.007521942723542452
13,16,1,16,decode,fp8_e4m3,8192,1,1,1.310634692509969,0.13523839712142943,413184,4718592,0.034656696021556854
13,16,1,16,decode,fp8_e4m3,8192,8,1,1.3408106168111165,0.1463263988494873,3298304,37748736,0.034656696021556854
13,16,1,16,decode,fp8_e4m3,8192,32,1,1.2200533548990886,0.17609599828720093,13193216,150994944,0.034656696021556854
13,16,1,16,prefill,fp8_e4m3,8192,1,128,2.8483734130859375,,768706048,4718592,0.007521942723542452
13,16,1,16,prefill,fp8_e4m3,8192,1,1024,2.66156800587972,,975963648,4718592,0.007521942723542452
13,16,1,16,prefill,fp8_e4m3,8192,1,8192,4.627039909362793,,1632633856,4718592,0.007521942723542452
13,16,1,16,decode,fp8_e4m3,32768,1,1,1.2454079786936443,0.1497599959373474,413184,18874368,0.034656696021556854
13,16,1,16,decode,fp8_e4m3,32768,8,1,1.2664106686909993,0.16438720226287842,3298304,150994944,0.034656696021556854
13,16,1,16,decode,fp8_e4m3,32768,32,1,1.1880640188852947,0.26329760551452636,13193216,603979776,0.034656696021556854
13,16,1,16,prefill,fp8_e4m3,32768,1,128,4.899637222290039,,2939553280,18874368,0.007521942723542452
13,16,1,16,prefill,fp8_e4m3,32768,1,1024,5.893450419108073,,3146515968,18874368,0.007521942723542452
13,16,1,16,prefill,fp8_e4m3,32768,1,8192,16.384564717610676,,4826072576,18874368,0.007521942723542452
13,16,1,16,decode,fp8_e4m3,131072,1,1,1.4923946062723796,0.15902880430221558,413184,75497472,0.034656696021556854
13,16,1,16,decode,fp8_e4m3,131072,8,1,1.3048319816589355,0.2446079969406128,3298304,603979776,0.034656696021556854
13,16,1,16,decode,fp8_e4m3,131072,32,1,1.233781337738037,0.6331232070922852,13193216,2415919104,0.034656696021556854
13,16,1,16,prefill,fp8_e4m3,131072,1,128,9.566090901692709,,11621762560,75497472,0.007521942723542452
13,16,1,16,prefill,fp8_e4m3,131072,1,1024,14.110090891520182,,11828725248,75497472,0.007521942723542452
13,16,1,16,prefill,fp8_e4m3,131072,1,8192,52.57972208658854,,13508806144,75497472,0.007521942723542452
13,16,1,16,decode,fp8_e4m3,524288,1,1,1.1033813158671062,0.19679199457168578,413184,301989888,0.034656696021556854
13,16,1,16,decode,fp8_e4m3,524288,8,1,1.2084373633066814,0.6002543926239013,3298304,2415919104,0.034656696021556854
13,16,1,16,decode,fp8_e4m3,524288,32,1,2.357759952545166,2.5498384475708007,13193216,9663676416,0.034656696021556854
13,16,1,16,prefill,fp8_e4m3,524288,1,128,35.48409525553385,,16899147264,301989888,0.007521942723542452
13,16,1,16,prefill,fp8_e4m3,524288,1,1024,53.26448059082031,,17076192768,301989888,0.007521942723542452
13,16,1,16,prefill,fp8_e4m3,524288,1,8192,206.872314453125,,18494785024,301989888,0.007521942723542452
13,16,1,16,decode,fp8_e4m3,1048576,1,1,1.1817599932352703,0.25144000053405763,413184,603979776,0.034656696021556854
13,16,1,16,decode,fp8_e4m3,1048576,8,1,1.4628267288208008,1.0461888313293457,3298304,4831838208,0.034656696021556854
13,16,1,16,decode,fp8_e4m3,1048576,32,1,4.402122815450032,4.88525276184082,13193216,19327352832,0.034656696021556854
13,16,1,16,prefill,fp8_e4m3,1048576,1,128,70.13816324869792,,17503127040,603979776,0.007521942723542452
13,16,1,16,prefill,fp8_e4m3,1048576,1,1024,106.00448608398438,,17680172544,603979776,0.007521942723542452
13,16,1,16,prefill,fp8_e4m3,1048576,1,8192,413.8911539713542,,19098764800,603979776,0.007521942723542452
13,16,1,16,decode,bfloat16,1024,1,1,1.2732373078664143,0.12817280292510985,431616,1179648,0.004290093667805195
13,16,1,16,decode,bfloat16,1024,8,1,1.1847893397013347,0.13985439538955688,3445760,9437184,0.004290093667805195
13,16,1,16,decode,bfloat16,1024,32,1,1.209397315979004,0.14773279428482056,13783040,37748736,0.004290093667805195
13,16,1,16,prefill,bfloat16,1024,1,128,2.2895679473876953,,136021504,1179648,0.0016153258038684726
13,16,1,16,prefill,bfloat16,1024,1,1024,1.256874640782674,,215090176,1179648,0.0016153258038684726
13,16,1,16,decode,bfloat16,8192,1,1,1.1513919830322266,0.1373568058013916,431616,9437184,0.004290093667805195
13,16,1,16,decode,bfloat16,8192,8,1,1.2535893122355144,0.1444175958633423,3445760,75497472,0.004290093667805195
13,16,1,16,decode,bfloat16,8192,32,1,1.0298986434936523,0.1944640040397644,13783040,301989888,0.004290093667805195
13,16,1,16,prefill,bfloat16,8192,1,128,2.6140480041503906,,769377792,9437184,0.0016153258038684726
13,16,1,16,prefill,bfloat16,8192,1,1024,2.88700803120931,,976094720,9437184,0.0016153258038684726
13,16,1,16,prefill,bfloat16,8192,1,8192,4.550453186035156,,1632633856,9437184,0.0016153258038684726
13,16,1,16,decode,bfloat16,32768,1,1,1.3466240564982097,0.14621440172195435,431616,37748736,0.004290093667805195
13,16,1,16,decode,bfloat16,32768,8,1,1.423818588256836,0.1817296028137207,3445760,301989888,0.004290093667805195
13,16,1,16,decode,bfloat16,32768,32,1,1.2934079964955647,0.35847361087799073,13783040,1207959552,0.004290093667805195
13,16,1,16,prefill,bfloat16,32768,1,128,5.065151850382487,,2939553280,37748736,0.0016153258038684726
13,16,1,16,prefill,bfloat16,32768,1,1024,5.935914357503255,,3146515968,37748736,0.0016153258038684726
13,16,1,16,prefill,bfloat16,32768,1,8192,16.417226155598957,,4825548288,37748736,0.0016153258038684726
13,16,1,16,decode,bfloat16,131072,1,1,1.3867947260538738,0.16319520473480226,431616,150994944,0.004290093667805195
13,16,1,16,decode,bfloat16,131072,8,1,1.36789337793986,0.33445119857788086,3445760,1207959552,0.004290093667805195
13,16,1,16,decode,bfloat16,131072,32,1,1.2488959630330403,1.0393232345581054,13783040,4831838208,0.004290093667805195
13,16,1,16,prefill,bfloat16,131072,1,128,9.248661041259766,,11621762560,150994944,0.0016153258038684726
13,16,1,16,prefill,bfloat16,131072,1,1024,13.903327941894531,,11828725248,150994944,0.0016153258038684726
13,16,1,16,prefill,bfloat16,131072,1,8192,53.70173645019531,,13508806144,150994944,0.0016153258038684726
13,16,1,16,decode,bfloat16,524288,1,1,1.1162559986114502,0.23768000602722167,431616,603979776,0.004290093667805195
13,16,1,16,decode,bfloat16,524288,8,1,1.6137173970540364,0.968238353729248,3445760,4831838208,0.004290093667805195
13,16,1,16,decode,bfloat16,524288,32,1,3.8864959081014,4.155615997314453,13783040,19327352832,0.004290093667805195
13,16,1,16,prefill,bfloat16,524288,1,128,35.19246927897135,,16899147264,603979776,0.0016153258038684726
13,16,1,16,prefill,bfloat16,524288,1,1024,53.467753092447914,,17076192768,603979776,0.0016153258038684726
13,16,1,16,prefill,bfloat16,524288,1,8192,210.37158203125,,18494785024,603979776,0.0016153258038684726
13,16,1,16,decode,bfloat16,1048576,1,1,1.4173653920491536,0.33649280071258547,431616,1207959552,0.004290093667805195
13,16,1,16,decode,bfloat16,1048576,8,1,2.1644800504048667,1.85533447265625,3445760,9663676416,0.004290093667805195
13,16,1,16,decode,bfloat16,1048576,32,1,7.8270721435546875,8.849068450927735,13783040,38654705664,0.004290093667805195
13,16,1,16,prefill,bfloat16,1048576,1,128,69.56441752115886,,17503127040,1207959552,0.0016153258038684726
13,16,1,16,prefill,bfloat16,1048576,1,1024,106.06533813476562,,17680172544,1207959552,0.0016153258038684726
13,16,1,16,prefill,bfloat16,1048576,1,8192,418.0774739583333,,19098764800,1207959552,0.0016153258038684726
14,16,1,16,decode,fp8_e4m3,1024,1,1,1.0033706823984783,0.1299631953239441,413184,589824,0.034656696021556854
14,16,1,16,decode,fp8_e4m3,1024,8,1,1.0408533414204915,0.13751039505004883,3298304,4718592,0.034656696021556854
14,16,1,16,decode,fp8_e4m3,1024,32,1,0.9293013413747152,0.15116000175476074,13193216,18874368,0.034656696021556854
14,16,1,16,prefill,fp8_e4m3,1024,1,128,1.7614186604817708,,135628288,589824,0.007521942723542452
14,16,1,16,prefill,fp8_e4m3,1024,1,1024,0.9967359701792399,,215090176,589824,0.007521942723542452
14,16,1,16,decode,fp8_e4m3,8192,1,1,1.063594659169515,0.1363919973373413,413184,4718592,0.034656696021556854
14,16,1,16,decode,fp8_e4m3,8192,8,1,1.0428693294525146,0.14627840518951415,3298304,37748736,0.034656696021556854
14,16,1,16,decode,fp8_e4m3,8192,32,1,0.8981226285298666,0.1760256052017212,13193216,150994944,0.034656696021556854
14,16,1,16,prefill,fp8_e4m3,8192,1,128,2.4615893363952637,,768706048,4718592,0.007521942723542452
14,16,1,16,prefill,fp8_e4m3,8192,1,1024,2.503039995829264,,975963648,4718592,0.007521942723542452
14,16,1,16,prefill,fp8_e4m3,8192,1,8192,4.5911359786987305,,1632633856,4718592,0.007521942723542452
14,16,1,16,decode,fp8_e4m3,32768,1,1,0.9890453020731608,0.15090240240097047,413184,18874368,0.034656696021556854
14,16,1,16,decode,fp8_e4m3,32768,8,1,1.016650676727295,0.1647600054740906,3298304,150994944,0.034656696021556854
14,16,1,16,decode,fp8_e4m3,32768,32,1,0.8942933082580566,0.2641727924346924,13193216,603979776,0.034656696021556854
14,16,1,16,prefill,fp8_e4m3,32768,1,128,4.531050682067871,,2939553280,18874368,0.007521942723542452
14,16,1,16,prefill,fp8_e4m3,32768,1,1024,5.680021286010742,,3146515968,18874368,0.007521942723542452
14,16,1,16,prefill,fp8_e4m3,32768,1,8192,16.51251220703125,,4826072576,18874368,0.007521942723542452
14,16,1,16,decode,fp8_e4m3,131072,1,1,1.0742186705271404,0.16033920049667358,413184,75497472,0.034656696021556854
14,16,1,16,decode,fp8_e4m3,131072,8,1,0.999882698059082,0.24820480346679688,3298304,603979776,0.034656696021556854
14,16,1,16,decode,fp8_e4m3,131072,32,1,1.0311466852823894,0.6261839866638184,13193216,2415919104,0.034656696021556854
14,16,1,16,prefill,fp8_e4m3,131072,1,128,9.352362950642904,,11621762560,75497472,0.007521942723542452
14,16,1,16,prefill,fp8_e4m3,131072,1,1024,13.96346664428711,,11828725248,75497472,0.007521942723542452
14,16,1,16,prefill,fp8_e4m3,131072,1,8192,53.19754536946615,,13508806144,75497472,0.007521942723542452
14,16,1,16,decode,fp8_e4m3,524288,1,1,1.039306640625,0.19824960231781005,413184,301989888,0.034656696021556854
14,16,1,16,decode,fp8_e4m3,524288,8,1,1.1390079657236736,0.6025983810424804,3298304,2415919104,0.034656696021556854
14,16,1,16,decode,fp8_e4m3,524288,32,1,2.3393920262654624,2.6027200698852537,13193216,9663676416,0.034656696021556854
14,16,1,16,prefill,fp8_e4m3,524288,1,128,35.23865509033203,,16899147264,301989888,0.007521942723542452
14,16,1,16,prefill,fp8_e4m3,524288,1,1024,53.258626302083336,,17076192768,301989888,0.007521942723542452
14,16,1,16,prefill,fp8_e4m3,524288,1,8192,212.7558390299479,,18494785024,301989888,0.007521942723542452
14,16,1,16,decode,fp8_e4m3,1048576,1,1,1.0278186798095703,0.25053598880767824,413184,603979776,0.034656696021556854
14,16,1,16,decode,fp8_e4m3,1048576,8,1,1.3180586496988933,1.0937472343444825,3298304,4831838208,0.034656696021556854
14,16,1,16,decode,fp8_e4m3,1048576,32,1,4.295381228129069,5.1343742370605465,13193216,19327352832,0.034656696021556854
14,16,1,16,prefill,fp8_e4m3,1048576,1,128,69.6287129720052,,17503127040,603979776,0.007521942723542452
14,16,1,16,prefill,fp8_e4m3,1048576,1,1024,106.35533650716145,,17680172544,603979776,0.007521942723542452
14,16,1,16,prefill,fp8_e4m3,1048576,1,8192,419.7935384114583,,19098764800,603979776,0.007521942723542452
14,16,1,16,decode,bfloat16,1024,1,1,0.9933866659800211,0.1275007963180542,431616,1179648,0.004290093667805195
14,16,1,16,decode,bfloat16,1024,8,1,0.9390186468760172,0.13944799900054933,3445760,9437184,0.004290093667805195
14,16,1,16,decode,bfloat16,1024,32,1,0.8599786758422852,0.14735519886016846,13783040,37748736,0.004290093667805195
14,16,1,16,prefill,bfloat16,1024,1,128,1.6541120211283367,,136021504,1179648,0.0016153258038684726
14,16,1,16,prefill,bfloat16,1024,1,1024,0.9254506429036459,,215090176,1179648,0.0016153258038684726
14,16,1,16,decode,bfloat16,8192,1,1,0.9851626555124918,0.1376415967941284,431616,9437184,0.004290093667805195
14,16,1,16,decode,bfloat16,8192,8,1,0.9740479787190756,0.14439840316772462,3445760,75497472,0.004290093667805195
14,16,1,16,decode,bfloat16,8192,32,1,0.8752960364023844,0.1949679970741272,13783040,301989888,0.004290093667805195
14,16,1,16,prefill,bfloat16,8192,1,128,2.310688018798828,,769377792,9437184,0.0016153258038684726
14,16,1,16,prefill,bfloat16,8192,1,1024,2.4231467247009277,,976094720,9437184,0.0016153258038684726
14,16,1,16,prefill,bfloat16,8192,1,8192,4.604565302530925,,1632633856,9437184,0.0016153258038684726
14,16,1,16,decode,bfloat16,32768,1,1,0.9727893670399984,0.14570239782333375,431616,37748736,0.004290093667805195
14,16,1,16,decode,bfloat16,32768,8,1,0.9653226534525553,0.18247040510177612,3445760,301989888,0.004290093667805195
14,16,1,16,decode,bfloat16,32768,32,1,0.8870080312093099,0.3620959997177124,13783040,1207959552,0.004290093667805195
14,16,1,16,prefill,bfloat16,32768,1,128,4.467221260070801,,2939553280,37748736,0.0016153258038684726
14,16,1,16,prefill,bfloat16,32768,1,1024,5.627498626708984,,3146515968,37748736,0.0016153258038684726
14,16,1,16,prefill,bfloat16,32768,1,8192,16.581034342447918,,4825548288,37748736,0.0016153258038684726
14,16,1,16,decode,bfloat16,131072,1,1,0.9867520332336426,0.16282559633255006,431616,150994944,0.004290093667805195
14,16,1,16,decode,bfloat16,131072,8,1,0.9744426409403483,0.33698720932006837,3445760,1207959552,0.004290093667805195
14,16,1,16,decode,bfloat16,131072,32,1,1.2162240346272786,1.031116771697998,13783040,4831838208,0.004290093667805195
14,16,1,16,prefill,bfloat16,131072,1,128,9.191882451375326,,11621762560,150994944,0.0016153258038684726
14,16,1,16,prefill,bfloat16,131072,1,1024,13.92025629679362,,11828725248,150994944,0.0016153258038684726
14,16,1,16,prefill,bfloat16,131072,1,8192,53.8110097249349,,13508806144,150994944,0.0016153258038684726
14,16,1,16,decode,bfloat16,524288,1,1,1.01418670018514,0.23790719509124755,431616,603979776,0.004290093667805195
14,16,1,16,decode,bfloat16,524288,8,1,1.2123733361562092,0.9730607986450195,3445760,4831838208,0.004290093667805195
14,16,1,16,decode,bfloat16,524288,32,1,3.900437355041504,4.302665710449219,13783040,19327352832,0.004290093667805195
14,16,1,16,prefill,bfloat16,524288,1,128,34.84710439046224,,16899147264,603979776,0.0016153258038684726
14,16,1,16,prefill,bfloat16,524288,1,1024,53.27282206217448,,17076192768,603979776,0.0016153258038684726
14,16,1,16,prefill,bfloat16,524288,1,8192,212.57757568359375,,18494785024,603979776,0.0016153258038684726
14,16,1,16,decode,bfloat16,1048576,1,1,0.9951573212941488,0.33903839588165285,431616,1207959552,0.004290093667805195
14,16,1,16,decode,bfloat16,1048576,8,1,2.0552852948506675,1.9758560180664062,3445760,9663676416,0.004290093667805195
14,16,1,16,decode,bfloat16,1048576,32,1,8.094090779622396,8.821756744384766,13783040,38654705664,0.004290093667805195
14,16,1,16,prefill,bfloat16,1048576,1,128,68.95331319173177,,17503127040,1207959552,0.0016153258038684726
14,16,1,16,prefill,bfloat16,1048576,1,1024,105.8348388671875,,17680172544,1207959552,0.0016153258038684726
14,16,1,16,prefill,bfloat16,1048576,1,8192,426.3716227213542,,19098764800,1207959552,0.0016153258038684726
15,16,1,16,decode,fp8_e4m3,1024,1,1,1.0219306945800781,0.1302031993865967,413184,589824,0.034656696021556854
15,16,1,16,decode,fp8_e4m3,1024,8,1,1.0259626706441243,0.1373792052268982,3298304,4718592,0.034656696021556854
15,16,1,16,decode,fp8_e4m3,1024,32,1,0.8974080085754395,0.15111839771270752,13193216,18874368,0.034656696021556854
15,16,1,16,prefill,fp8_e4m3,1024,1,128,1.7480746905008953,,135628288,589824,0.007521942723542452
15,16,1,16,prefill,fp8_e4m3,1024,1,1024,0.9892799854278564,,215090176,589824,0.007521942723542452
15,16,1,16,decode,fp8_e4m3,8192,1,1,1.0286293029785156,0.1369488000869751,413184,4718592,0.034656696021556854
15,16,1,16,decode,fp8_e4m3,8192,8,1,1.0373546282450359,0.14592000246047973,3298304,37748736,0.034656696021556854
15,16,1,16,decode,fp8_e4m3,8192,32,1,0.9233067035675049,0.1753600001335144,13193216,150994944,0.034656696021556854
15,16,1,16,prefill,fp8_e4m3,8192,1,128,2.430762608846029,,768706048,4718592,0.007521942723542452
15,16,1,16,prefill,fp8_e4m3,8192,1,1024,2.4757866859436035,,975963648,4718592,0.007521942723542452
15,16,1,16,prefill,fp8_e4m3,8192,1,8192,4.646623929341634,,1632633856,4718592,0.007521942723542452
15,16,1,16,decode,fp8_e4m3,32768,1,1,1.0045119921366374,0.1489408016204834,413184,18874368,0.034656696021556854
15,16,1,16,decode,fp8_e4m3,32768,8,1,1.0093759695688884,0.16554399728775024,3298304,150994944,0.034656696021556854
15,16,1,16,decode,fp8_e4m3,32768,32,1,0.9352746804555258,0.26426239013671876,13193216,603979776,0.034656696021556854
15,16,1,16,prefill,fp8_e4m3,32768,1,128,4.578378677368164,,2939553280,18874368,0.007521942723542452
15,16,1,16,prefill,fp8_e4m3,32768,1,1024,5.676853179931641,,3146515968,18874368,0.007521942723542452
15,16,1,16,prefill,fp8_e4m3,32768,1,8192,16.819904327392578,,4826072576,18874368,0.007521942723542452
15,16,1,16,decode,fp8_e4m3,131072,1,1,1.0523946285247803,0.1604431986808777,413184,75497472,0.034656696021556854
15,16,1,16,decode,fp8_e4m3,131072,8,1,1.02237868309021,0.25150558948516843,3298304,603979776,0.034656696021556854
15,16,1,16,decode,fp8_e4m3,131072,32,1,1.0306986967722576,0.6473167896270752,13193216,2415919104,0.034656696021556854
15,16,1,16,prefill,fp8_e4m3,131072,1,128,9.325674692789713,,11621762560,75497472,0.007521942723542452
15,16,1,16,prefill,fp8_e4m3,131072,1,1024,13.958677927652994,,11828725248,75497472,0.007521942723542452
15,16,1,16,prefill,fp8_e4m3,131072,1,8192,53.62950642903646,,13508806144,75497472,0.007521942723542452
15,16,1,16,decode,fp8_e4m3,524288,1,1,1.0594560305277507,0.1981376051902771,413184,301989888,0.034656696021556854
15,16,1,16,decode,fp8_e4m3,524288,8,1,1.1297813256581624,0.6023168087005615,3298304,2415919104,0.034656696021556854
15,16,1,16,decode,fp8_e4m3,524288,32,1,2.340768019358317,2.5290271759033205,13193216,9663676416,0.034656696021556854
15,16,1,16,prefill,fp8_e4m3,524288,1,128,35.176554361979164,,16899147264,301989888,0.007521942723542452
15,16,1,16,prefill,fp8_e4m3,524288,1,1024,53.165384928385414,,17076192768,301989888,0.007521942723542452
15,16,1,16,prefill,fp8_e4m3,524288,1,8192,211.397216796875,,18494785024,301989888,0.007521942723542452
15,16,1,16,decode,fp8_e4m3,1048576,1,1,1.040181318918864,0.2502336025238037,413184,603979776,0.034656696021556854
15,16,1,16,decode,fp8_e4m3,1048576,8,1,1.3239466349283855,1.081595230102539,3298304,4831838208,0.034656696021556854
15,16,1,16,decode,fp8_e4m3,1048576,32,1,4.344853401184082,5.153724670410156,13193216,19327352832,0.034656696021556854
15,16,1,16,prefill,fp8_e4m3,1048576,1,128,69.43441263834636,,17503127040,603979776,0.007521942723542452
15,16,1,16,prefill,fp8_e4m3,1048576,1,1024,106.0353495279948,,17680172544,603979776,0.007521942723542452
15,16,1,16,prefill,fp8_e4m3,1048576,1,8192,423.0862223307292,,19098764800,603979776,0.007521942723542452
15,16,1,16,decode,bfloat16,1024,1,1,0.9616426626841227,0.12848479747772218,431616,1179648,0.004290093667805195
15,16,1,16,decode,bfloat16,1024,8,1,0.9675306479136149,0.13963840007781983,3445760,9437184,0.004290093667805195
15,16,1,16,decode,bfloat16,1024,32,1,0.9118719895680746,0.14620800018310548,13783040,37748736,0.004290093667805195
15,16,1,16,prefill,bfloat16,1024,1,128,1.6459306081136067,,136021504,1179648,0.0016153258038684726
15,16,1,16,prefill,bfloat16,1024,1,1024,0.9174826939900717,,215090176,1179648,0.0016153258038684726
15,16,1,16,decode,bfloat16,8192,1,1,0.9641493161519369,0.13823679685592652,431616,9437184,0.004290093667805195
15,16,1,16,decode,bfloat16,8192,8,1,0.9741760094960531,0.14387999773025512,3445760,75497472,0.004290093667805195
15,16,1,16,decode,bfloat16,8192,32,1,0.8654826482137045,0.19467999935150146,13783040,301989888,0.004290093667805195
15,16,1,16,prefill,bfloat16,8192,1,128,2.3239893913269043,,769377792,9437184,0.0016153258038684726
15,16,1,16,prefill,bfloat16,8192,1,1024,2.4197866121927896,,976094720,9437184,0.0016153258038684726
15,16,1,16,prefill,bfloat16,8192,1,8192,4.579018592834473,,1632633856,9437184,0.0016153258038684726
15,16,1,16,decode,bfloat16,32768,1,1,0.9682559967041016,0.1461583971977234,431616,37748736,0.004290093667805195
15,16,1,16,decode,bfloat16,32768,8,1,0.996778647104899,0.18137279748916627,3445760,301989888,0.004290093667805195
15,16,1,16,decode,bfloat16,32768,32,1,0.8798826535542806,0.3619136095046997,13783040,1207959552,0.004290093667805195
15,16,1,16,prefill,bfloat16,32768,1,128,4.489535967508952,,2939553280,37748736,0.0016153258038684726
15,16,1,16,prefill,bfloat16,32768,1,1024,5.615349451700847,,3146515968,37748736,0.0016153258038684726
15,16,1,16,prefill,bfloat16,32768,1,8192,16.261280059814453,,4825548288,37748736,0.0016153258038684726
15,16,1,16,decode,bfloat16,131072,1,1,0.9677226543426514,0.16400159597396852,431616,150994944,0.004290093667805195
15,16,1,16,decode,bfloat16,131072,8,1,0.9825920263926188,0.3351999998092651,3445760,1207959552,0.004290093667805195
15,16,1,16,decode,bfloat16,131072,32,1,1.2133440176645915,1.0088224411010742,13783040,4831838208,0.004290093667805195
15,16,1,16,prefill,bfloat16,131072,1,128,9.160117467244467,,11621762560,150994944,0.0016153258038684726
15,16,1,16,prefill,bfloat16,131072,1,1024,13.779168446858725,,11828725248,150994944,0.0016153258038684726
15,16,1,16,prefill,bfloat16,131072,1,8192,54.46151224772135,,13508806144,150994944,0.0016153258038684726
15,16,1,16,decode,bfloat16,524288,1,1,1.0432746410369873,0.23872799873352052,431616,603979776,0.004290093667805195
15,16,1,16,decode,bfloat16,524288,8,1,1.2052266597747803,0.9741999626159668,3445760,4831838208,0.004290093667805195
15,16,1,16,decode,bfloat16,524288,32,1,3.8689600626627603,4.397428894042969,13783040,19327352832,0.004290093667805195
15,16,1,16,prefill,bfloat16,524288,1,128,34.730079650878906,,16899147264,603979776,0.0016153258038684726
15,16,1,16,prefill,bfloat16,524288,1,1024,53.277791341145836,,17076192768,603979776,0.0016153258038684726
15,16,1,16,prefill,bfloat16,524288,1,8192,216.12906901041666,,18494785024,603979776,0.0016153258038684726
15,16,1,16,decode,bfloat16,1048576,1,1,0.9862720171610514,0.3392640113830566,431616,1207959552,0.004290093667805195
15,16,1,16,decode,bfloat16,1048576,8,1,2.0600105921427407,2.011185646057129,3445760,9663676416,0.004290093667805195
15,16,1,16,decode,bfloat16,1048576,32,1,7.894912083943685,8.982736206054687,13783040,38654705664,0.004290093667805195
15,16,1,16,prefill,bfloat16,1048576,1,128,68.58650716145833,,17503127040,1207959552,0.0016153258038684726
15,16,1,16,prefill,bfloat16,1048576,1,1024,106.83787027994792,,17680172544,1207959552,0.0016153258038684726
15,16,1,16,prefill,bfloat16,1048576,1,8192,431.32861328125,,19098764800,1207959552,0.0016153258038684726
