rank,projection_tp,nested_cp,effective_head_tp,dp,batch_per_dp,context,cache_dtype,graph_ms,local_cache_bytes,correctness_max_abs,includes_query_exchange
0,16,1,16,1,1,1024,torch.bfloat16,0.012521600723266602,1179648,7.854588329792023e-05,True
0,16,1,16,1,8,1024,torch.bfloat16,0.012489599734544754,9437184,7.854588329792023e-05,True
0,16,1,16,1,32,1024,torch.bfloat16,0.01648160070180893,37748736,7.854588329792023e-05,True
0,16,1,16,1,1,8192,torch.bfloat16,0.014443199336528777,9437184,7.854588329792023e-05,True
0,16,1,16,1,8,8192,torch.bfloat16,0.020393599569797517,75497472,7.854588329792023e-05,True
0,16,1,16,1,32,8192,torch.bfloat16,0.06734079718589783,301989888,7.854588329792023e-05,True
0,16,1,16,1,1,32768,torch.bfloat16,0.026734399795532226,37748736,7.854588329792023e-05,True
0,16,1,16,1,8,32768,torch.bfloat16,0.06670079827308655,301989888,7.854588329792023e-05,True
0,16,1,16,1,32,32768,torch.bfloat16,0.2213792085647583,1207959552,7.854588329792023e-05,True
0,16,1,16,1,1,131072,torch.bfloat16,0.05386080145835877,150994944,7.854588329792023e-05,True
0,16,1,16,1,8,131072,torch.bfloat16,0.21626720428466797,1207959552,7.854588329792023e-05,True
0,16,1,16,1,32,131072,torch.bfloat16,0.8209615707397461,4831838208,7.854588329792023e-05,True
0,16,1,16,1,1,524288,torch.bfloat16,0.1391055941581726,603979776,7.854588329792023e-05,True
0,16,1,16,1,8,524288,torch.bfloat16,0.7860640048980713,4831838208,7.854588329792023e-05,True
0,16,1,16,1,32,524288,torch.bfloat16,3.26690559387207,19327352832,7.854588329792023e-05,True
0,16,1,16,1,1,1048576,torch.bfloat16,0.2535455942153931,1207959552,7.854588329792023e-05,True
0,16,1,16,1,8,1048576,torch.bfloat16,1.5676383972167969,9663676416,7.854588329792023e-05,True
0,16,1,16,1,32,1048576,torch.bfloat16,6.410318756103516,38654705664,7.854588329792023e-05,True
0,16,1,16,1,1,1024,torch.float8_e4m3fn,0.0124208003282547,589824,0.0008924617432057858,True
0,16,1,16,1,8,1024,torch.float8_e4m3fn,0.01241919994354248,4718592,0.0008924617432057858,True
0,16,1,16,1,32,1024,torch.float8_e4m3fn,0.014480000734329224,18874368,0.0008924617432057858,True
0,16,1,16,1,1,8192,torch.float8_e4m3fn,0.014475199580192565,4718592,0.0008924617432057858,True
0,16,1,16,1,8,8192,torch.float8_e4m3fn,0.016470399498939515,37748736,0.0008924617432057858,True
0,16,1,16,1,32,8192,torch.float8_e4m3fn,0.035227200388908385,150994944,0.0008924617432057858,True
0,16,1,16,1,1,32768,torch.float8_e4m3fn,0.02272319942712784,18874368,0.0008924617432057858,True
0,16,1,16,1,8,32768,torch.float8_e4m3fn,0.037099200487136844,150994944,0.0008924617432057858,True
0,16,1,16,1,32,32768,torch.float8_e4m3fn,0.10206559896469117,603979776,0.0008924617432057858,True
0,16,1,16,1,1,131072,torch.float8_e4m3fn,0.030910399556159974,75497472,0.0008924617432057858,True
0,16,1,16,1,8,131072,torch.float8_e4m3fn,0.1002959966659546,603979776,0.0008924617432057858,True
0,16,1,16,1,32,131072,torch.float8_e4m3fn,0.3663680076599121,2415919104,0.0008924617432057858,True
0,16,1,16,1,1,524288,torch.float8_e4m3fn,0.07539520263671876,301989888,0.0008924617432057858,True
0,16,1,16,1,8,524288,torch.float8_e4m3fn,0.34892799854278567,2415919104,0.0008924617432057858,True
0,16,1,16,1,32,524288,torch.float8_e4m3fn,1.4098239898681642,9663676416,0.0008924617432057858,True
0,16,1,16,1,1,1048576,torch.float8_e4m3fn,0.12748479843139648,603979776,0.0008924617432057858,True
0,16,1,16,1,8,1048576,torch.float8_e4m3fn,0.6792031764984131,4831838208,0.0008924617432057858,True
0,16,1,16,1,32,1048576,torch.float8_e4m3fn,2.8364864349365235,19327352832,0.0008924617432057858,True
0,16,2,8,1,1,1024,torch.bfloat16,0.052083200216293334,589824,0.00010277330875396729,True
0,16,2,8,1,8,1024,torch.bfloat16,0.05740320086479187,4718592,0.00010277330875396729,True
0,16,2,8,1,32,1024,torch.bfloat16,0.06352480053901673,18874368,0.00010277330875396729,True
0,16,2,8,1,1,8192,torch.bfloat16,0.055641597509384154,4718592,0.00010277330875396729,True
0,16,2,8,1,8,8192,torch.bfloat16,0.06397280097007751,37748736,0.00010277330875396729,True
0,16,2,8,1,32,8192,torch.bfloat16,0.1069648027420044,150994944,0.00010277330875396729,True
0,16,2,8,1,1,32768,torch.bfloat16,0.06000959873199463,18874368,0.00010277330875396729,True
0,16,2,8,1,8,32768,torch.bfloat16,0.09990400075912476,150994944,0.00010277330875396729,True
0,16,2,8,1,32,32768,torch.bfloat16,0.1820240020751953,603979776,0.00010277330875396729,True
0,16,2,8,1,1,131072,torch.bfloat16,0.08041599988937378,75497472,0.00010277330875396729,True
0,16,2,8,1,8,131072,torch.bfloat16,0.17713600397109985,603979776,0.00010277330875396729,True
0,16,2,8,1,32,131072,torch.bfloat16,0.48827362060546875,2415919104,0.00010277330875396729,True
0,16,2,8,1,1,524288,torch.bfloat16,0.13378239870071412,301989888,0.00010277330875396729,True
0,16,2,8,1,8,524288,torch.bfloat16,0.47888960838317873,2415919104,0.00010277330875396729,True
0,16,2,8,1,32,524288,torch.bfloat16,1.688257598876953,9663676416,0.00010277330875396729,True
0,16,2,8,1,1,1048576,torch.bfloat16,0.1925696015357971,603979776,0.00010277330875396729,True
0,16,2,8,1,8,1048576,torch.bfloat16,0.8524255752563477,4831838208,0.00010277330875396729,True
0,16,2,8,1,32,1048576,torch.bfloat16,3.350873565673828,19327352832,0.00010277330875396729,True
0,16,2,8,1,1,1024,torch.float8_e4m3fn,0.0502623975276947,294912,0.0005679023452103138,True
0,16,2,8,1,8,1024,torch.float8_e4m3fn,0.05548959970474243,2359296,0.0005679023452103138,True
0,16,2,8,1,32,1024,torch.float8_e4m3fn,0.05759360194206238,9437184,0.0005679023452103138,True
0,16,2,8,1,1,8192,torch.float8_e4m3fn,0.053281599283218385,2359296,0.0005679023452103138,True
0,16,2,8,1,8,8192,torch.float8_e4m3fn,0.05990719795227051,18874368,0.0005679023452103138,True
0,16,2,8,1,32,8192,torch.float8_e4m3fn,0.06850879788398742,75497472,0.0005679023452103138,True
0,16,2,8,1,1,32768,torch.float8_e4m3fn,0.057283198833465575,9437184,0.0005679023452103138,True
0,16,2,8,1,8,32768,torch.float8_e4m3fn,0.06975520253181458,75497472,0.0005679023452103138,True
0,16,2,8,1,32,32768,torch.float8_e4m3fn,0.11615840196609498,301989888,0.0005679023452103138,True
0,16,2,8,1,1,131072,torch.float8_e4m3fn,0.06759200096130372,37748736,0.0005679023452103138,True
0,16,2,8,1,8,131072,torch.float8_e4m3fn,0.11517759561538696,301989888,0.0005679023452103138,True
0,16,2,8,1,32,131072,torch.float8_e4m3fn,0.2503711938858032,1207959552,0.0005679023452103138,True
0,16,2,8,1,1,524288,torch.float8_e4m3fn,0.09881920218467713,150994944,0.0005679023452103138,True
0,16,2,8,1,8,524288,torch.float8_e4m3fn,0.23995039463043213,1207959552,0.0005679023452103138,True
0,16,2,8,1,32,524288,torch.float8_e4m3fn,0.7748064041137696,4831838208,0.0005679023452103138,True
0,16,2,8,1,1,1048576,torch.float8_e4m3fn,0.1251312017440796,301989888,0.0005679023452103138,True
0,16,2,8,1,8,1048576,torch.float8_e4m3fn,0.4068863868713379,2415919104,0.0005679023452103138,True
0,16,2,8,1,32,1048576,torch.float8_e4m3fn,1.4753456115722656,9663676416,0.0005679023452103138,True
0,16,4,4,1,1,1024,torch.bfloat16,0.06654559969902038,294912,5.313195288181305e-05,True
0,16,4,4,1,8,1024,torch.bfloat16,0.08021600246429443,2359296,5.313195288181305e-05,True
0,16,4,4,1,32,1024,torch.bfloat16,0.08866239786148071,9437184,5.313195288181305e-05,True
0,16,4,4,1,1,8192,torch.bfloat16,0.07390879988670349,2359296,5.313195288181305e-05,True
0,16,4,4,1,8,8192,torch.bfloat16,0.08795520067214965,18874368,5.313195288181305e-05,True
0,16,4,4,1,32,8192,torch.bfloat16,0.12015039920806884,75497472,5.313195288181305e-05,True
0,16,4,4,1,1,32768,torch.bfloat16,0.07451999783515931,9437184,5.313195288181305e-05,True
0,16,4,4,1,8,32768,torch.bfloat16,0.10694400072097779,75497472,5.313195288181305e-05,True
0,16,4,4,1,32,32768,torch.bfloat16,0.18349759578704833,301989888,5.313195288181305e-05,True
0,16,4,4,1,1,131072,torch.bfloat16,0.08803840279579163,37748736,5.313195288181305e-05,True
0,16,4,4,1,8,131072,torch.bfloat16,0.17375199794769286,301989888,5.313195288181305e-05,True
0,16,4,4,1,32,131072,torch.bfloat16,0.41396322250366213,1207959552,5.313195288181305e-05,True
0,16,4,4,1,1,524288,torch.bfloat16,0.13802560567855834,150994944,5.313195288181305e-05,True
0,16,4,4,1,8,524288,torch.bfloat16,0.3805984020233154,1207959552,5.313195288181305e-05,True
0,16,4,4,1,32,524288,torch.bfloat16,1.3211248397827149,4831838208,5.313195288181305e-05,True
0,16,4,4,1,1,1048576,torch.bfloat16,0.18864480257034302,301989888,5.313195288181305e-05,True
0,16,4,4,1,8,1048576,torch.bfloat16,0.6590367794036865,2415919104,5.313195288181305e-05,True
0,16,4,4,1,32,1048576,torch.bfloat16,2.5376367568969727,9663676416,5.313195288181305e-05,True
0,16,4,4,1,1,1024,torch.float8_e4m3fn,0.06500319838523864,147456,0.00040452368557453156,True
0,16,4,4,1,8,1024,torch.float8_e4m3fn,0.07782880067825318,1179648,0.00040452368557453156,True
0,16,4,4,1,32,1024,torch.float8_e4m3fn,0.08403999805450439,4718592,0.00040452368557453156,True
0,16,4,4,1,1,8192,torch.float8_e4m3fn,0.07103840112686158,1179648,0.00040452368557453156,True
0,16,4,4,1,8,8192,torch.float8_e4m3fn,0.08362240195274354,9437184,0.00040452368557453156,True
0,16,4,4,1,32,8192,torch.float8_e4m3fn,0.09519199728965759,37748736,0.00040452368557453156,True
0,16,4,4,1,1,32768,torch.float8_e4m3fn,0.07262399792671204,4718592,0.00040452368557453156,True
0,16,4,4,1,8,32768,torch.float8_e4m3fn,0.0907472014427185,37748736,0.00040452368557453156,True
0,16,4,4,1,32,32768,torch.float8_e4m3fn,0.13570079803466797,150994944,0.00040452368557453156,True
0,16,4,4,1,1,131072,torch.float8_e4m3fn,0.08130080103874207,18874368,0.00040452368557453156,True
0,16,4,4,1,8,131072,torch.float8_e4m3fn,0.1310464024543762,150994944,0.00040452368557453156,True
0,16,4,4,1,32,131072,torch.float8_e4m3fn,0.24405279159545898,603979776,0.00040452368557453156,True
0,16,4,4,1,1,524288,torch.float8_e4m3fn,0.10361599922180176,75497472,0.00040452368557453156,True
0,16,4,4,1,8,524288,torch.float8_e4m3fn,0.22847681045532225,603979776,0.00040452368557453156,True
0,16,4,4,1,32,524288,torch.float8_e4m3fn,0.6566192150115967,2415919104,0.00040452368557453156,True
0,16,4,4,1,1,1048576,torch.float8_e4m3fn,0.1283519983291626,150994944,0.00040452368557453156,True
0,16,4,4,1,8,1048576,torch.float8_e4m3fn,0.3544975996017456,1207959552,0.00040452368557453156,True
0,16,4,4,1,32,1048576,torch.float8_e4m3fn,1.203771209716797,4831838208,0.00040452368557453156,True
0,16,8,2,1,1,1024,torch.bfloat16,0.09544320106506347,147456,4.2309053242206573e-05,True
0,16,8,2,1,8,1024,torch.bfloat16,0.10144959688186646,1179648,4.2309053242206573e-05,True
0,16,8,2,1,32,1024,torch.bfloat16,0.1264672040939331,4718592,4.2309053242206573e-05,True
0,16,8,2,1,1,8192,torch.bfloat16,0.09869279861450195,1179648,4.2309053242206573e-05,True
0,16,8,2,1,8,8192,torch.bfloat16,0.1083840012550354,9437184,4.2309053242206573e-05,True
0,16,8,2,1,32,8192,torch.bfloat16,0.146452796459198,37748736,4.2309053242206573e-05,True
0,16,8,2,1,1,32768,torch.bfloat16,0.09935680031776428,4718592,4.2309053242206573e-05,True
0,16,8,2,1,8,32768,torch.bfloat16,0.11819679737091064,37748736,4.2309053242206573e-05,True
0,16,8,2,1,32,32768,torch.bfloat16,0.18339200019836427,150994944,4.2309053242206573e-05,True
0,16,8,2,1,1,131072,torch.bfloat16,0.1079759955406189,18874368,4.2309053242206573e-05,True
0,16,8,2,1,8,131072,torch.bfloat16,0.14983839988708497,150994944,4.2309053242206573e-05,True
0,16,8,2,1,32,131072,torch.bfloat16,0.2639055967330933,603979776,4.2309053242206573e-05,True
0,16,8,2,1,1,524288,torch.bfloat16,0.12697759866714478,75497472,4.2309053242206573e-05,True
0,16,8,2,1,8,524288,torch.bfloat16,0.23037760257720946,603979776,4.2309053242206573e-05,True
0,16,8,2,1,32,524288,torch.bfloat16,0.5723504066467285,2415919104,4.2309053242206573e-05,True
0,16,8,2,1,1,1048576,torch.bfloat16,0.15214240550994873,150994944,4.2309053242206573e-05,True
0,16,8,2,1,8,1048576,torch.bfloat16,0.34263200759887696,1207959552,4.2309053242206573e-05,True
0,16,8,2,1,32,1048576,torch.bfloat16,0.9920127868652344,4831838208,4.2309053242206573e-05,True
0,16,8,2,1,1,1024,torch.float8_e4m3fn,0.09431840181350708,73728,0.00030251406133174896,True
0,16,8,2,1,8,1024,torch.float8_e4m3fn,0.10207840204238891,589824,0.00030251406133174896,True
0,16,8,2,1,32,1024,torch.float8_e4m3fn,0.12197279930114746,2359296,0.00030251406133174896,True
0,16,8,2,1,1,8192,torch.float8_e4m3fn,0.09446560144424439,589824,0.00030251406133174896,True
0,16,8,2,1,8,8192,torch.float8_e4m3fn,0.10376479625701904,4718592,0.00030251406133174896,True
0,16,8,2,1,32,8192,torch.float8_e4m3fn,0.1286255955696106,18874368,0.00030251406133174896,True
0,16,8,2,1,1,32768,torch.float8_e4m3fn,0.0981552004814148,2359296,0.00030251406133174896,True
0,16,8,2,1,8,32768,torch.float8_e4m3fn,0.10907360315322875,18874368,0.00030251406133174896,True
0,16,8,2,1,32,32768,torch.float8_e4m3fn,0.15478559732437133,75497472,0.00030251406133174896,True
0,16,8,2,1,1,131072,torch.float8_e4m3fn,0.10391839742660522,9437184,0.00030251406133174896,True
0,16,8,2,1,8,131072,torch.float8_e4m3fn,0.11763039827346802,75497472,0.00030251406133174896,True
0,16,8,2,1,32,131072,torch.float8_e4m3fn,0.207259202003479,301989888,0.00030251406133174896,True
0,16,8,2,1,1,524288,torch.float8_e4m3fn,0.11407999992370606,37748736,0.00030251406133174896,True
0,16,8,2,1,8,524288,torch.float8_e4m3fn,0.1713215947151184,301989888,0.00030251406133174896,True
0,16,8,2,1,32,524288,torch.float8_e4m3fn,0.38026719093322753,1207959552,0.00030251406133174896,True
0,16,8,2,1,1,1048576,torch.float8_e4m3fn,0.12752959728240967,75497472,0.00030251406133174896,True
0,16,8,2,1,8,1048576,torch.float8_e4m3fn,0.22775518894195557,603979776,0.00030251406133174896,True
0,16,8,2,1,32,1048576,torch.float8_e4m3fn,0.604478406906128,2415919104,0.00030251406133174896,True
0,16,16,1,1,1,8192,torch.bfloat16,0.14984960556030275,589824,2.504047006368637e-05,True
0,16,16,1,1,8,8192,torch.bfloat16,0.16398240327835084,4718592,2.504047006368637e-05,True
0,16,16,1,1,32,8192,torch.bfloat16,0.2172096014022827,18874368,2.504047006368637e-05,True
0,16,16,1,1,1,32768,torch.bfloat16,0.15194079875946045,2359296,2.504047006368637e-05,True
0,16,16,1,1,8,32768,torch.bfloat16,0.17845920324325562,18874368,2.504047006368637e-05,True
0,16,16,1,1,32,32768,torch.bfloat16,0.24494400024414062,75497472,2.504047006368637e-05,True
0,16,16,1,1,1,131072,torch.bfloat16,0.1604431986808777,9437184,2.504047006368637e-05,True
0,16,16,1,1,8,131072,torch.bfloat16,0.20313920974731445,75497472,2.504047006368637e-05,True
0,16,16,1,1,32,131072,torch.bfloat16,0.2919584035873413,301989888,2.504047006368637e-05,True
0,16,16,1,1,1,524288,torch.bfloat16,0.16899360418319703,37748736,2.504047006368637e-05,True
0,16,16,1,1,8,524288,torch.bfloat16,0.25448319911956785,301989888,2.504047006368637e-05,True
0,16,16,1,1,32,524288,torch.bfloat16,0.46173601150512694,1207959552,2.504047006368637e-05,True
0,16,16,1,1,1,1048576,torch.bfloat16,0.18147200345993042,75497472,2.504047006368637e-05,True
0,16,16,1,1,8,1048576,torch.bfloat16,0.31006879806518556,603979776,2.504047006368637e-05,True
0,16,16,1,1,32,1048576,torch.bfloat16,0.700758409500122,2415919104,2.504047006368637e-05,True
0,16,16,1,1,1,8192,torch.float8_e4m3fn,0.1455631971359253,294912,0.00026310759130865335,True
0,16,16,1,1,8,8192,torch.float8_e4m3fn,0.16344959735870362,2359296,0.00026310759130865335,True
0,16,16,1,1,32,8192,torch.float8_e4m3fn,0.20177760124206542,9437184,0.00026310759130865335,True
0,16,16,1,1,1,32768,torch.float8_e4m3fn,0.1472767949104309,1179648,0.00026310759130865335,True
0,16,16,1,1,8,32768,torch.float8_e4m3fn,0.17344000339508056,9437184,0.00026310759130865335,True
0,16,16,1,1,32,32768,torch.float8_e4m3fn,0.2257024049758911,37748736,0.00026310759130865335,True
0,16,16,1,1,1,131072,torch.float8_e4m3fn,0.1515023946762085,4718592,0.00026310759130865335,True
0,16,16,1,1,8,131072,torch.float8_e4m3fn,0.17637759447097778,37748736,0.00026310759130865335,True
0,16,16,1,1,32,131072,torch.float8_e4m3fn,0.2570080041885376,150994944,0.00026310759130865335,True
0,16,16,1,1,1,524288,torch.float8_e4m3fn,0.1628224015235901,18874368,0.00026310759130865335,True
0,16,16,1,1,8,524288,torch.float8_e4m3fn,0.22607200145721434,150994944,0.00026310759130865335,True
0,16,16,1,1,32,524288,torch.float8_e4m3fn,0.36016159057617186,603979776,0.00026310759130865335,True
0,16,16,1,1,1,1048576,torch.float8_e4m3fn,0.16694240570068358,37748736,0.00026310759130865335,True
0,16,16,1,1,8,1048576,torch.float8_e4m3fn,0.2518127918243408,301989888,0.00026310759130865335,True
0,16,16,1,1,32,1048576,torch.float8_e4m3fn,0.49292478561401365,1207959552,0.00026310759130865335,True
0,8,1,8,2,1,1024,torch.bfloat16,0.01449120044708252,1179648,8.464045822620392e-05,True
0,8,1,8,2,8,1024,torch.bfloat16,0.014478400349617004,9437184,8.464045822620392e-05,True
0,8,1,8,2,32,1024,torch.bfloat16,0.016569599509239197,37748736,8.464045822620392e-05,True
0,8,1,8,2,1,8192,torch.bfloat16,0.014903999865055084,9437184,8.464045822620392e-05,True
0,8,1,8,2,8,8192,torch.bfloat16,0.020491200685501098,75497472,8.464045822620392e-05,True
0,8,1,8,2,32,8192,torch.bfloat16,0.06883839964866638,301989888,8.464045822620392e-05,True
0,8,1,8,2,1,32768,torch.bfloat16,0.026739200949668883,37748736,8.464045822620392e-05,True
0,8,1,8,2,8,32768,torch.bfloat16,0.06713280081748962,301989888,8.464045822620392e-05,True
0,8,1,8,2,32,32768,torch.bfloat16,0.22411999702453614,1207959552,8.464045822620392e-05,True
0,8,1,8,2,1,131072,torch.bfloat16,0.05202239751815796,150994944,8.464045822620392e-05,True
0,8,1,8,2,8,131072,torch.bfloat16,0.23044800758361816,1207959552,8.464045822620392e-05,True
0,8,1,8,2,32,131072,torch.bfloat16,0.8311807632446289,4831838208,8.464045822620392e-05,True
0,8,1,8,2,1,524288,torch.bfloat16,0.13766560554504395,603979776,8.464045822620392e-05,True
0,8,1,8,2,8,524288,torch.bfloat16,0.7900479793548584,4831838208,8.464045822620392e-05,True
0,8,1,8,2,32,524288,torch.bfloat16,3.2769615173339846,19327352832,8.464045822620392e-05,True
0,8,1,8,2,1,1048576,torch.bfloat16,0.2534064054489136,1207959552,8.464045822620392e-05,True
0,8,1,8,2,8,1048576,torch.bfloat16,1.5702239990234375,9663676416,8.464045822620392e-05,True
0,8,1,8,2,32,1048576,torch.bfloat16,6.454582214355469,38654705664,8.464045822620392e-05,True
0,8,1,8,2,1,1024,torch.float8_e4m3fn,0.01244639977812767,589824,0.000968145439401269,True
0,8,1,8,2,8,1024,torch.float8_e4m3fn,0.012454400211572647,4718592,0.000968145439401269,True
0,8,1,8,2,32,1024,torch.float8_e4m3fn,0.014422400295734406,18874368,0.000968145439401269,True
0,8,1,8,2,1,8192,torch.float8_e4m3fn,0.014425599575042724,4718592,0.000968145439401269,True
0,8,1,8,2,8,8192,torch.float8_e4m3fn,0.016548800468444824,37748736,0.000968145439401269,True
0,8,1,8,2,32,8192,torch.float8_e4m3fn,0.03707999885082245,150994944,0.000968145439401269,True
0,8,1,8,2,1,32768,torch.float8_e4m3fn,0.02264160066843033,18874368,0.000968145439401269,True
0,8,1,8,2,8,32768,torch.float8_e4m3fn,0.037401598691940305,150994944,0.000968145439401269,True
0,8,1,8,2,32,32768,torch.float8_e4m3fn,0.10281440019607543,603979776,0.000968145439401269,True
0,8,1,8,2,1,131072,torch.float8_e4m3fn,0.030955201387405394,75497472,0.000968145439401269,True
0,8,1,8,2,8,131072,torch.float8_e4m3fn,0.10098559856414795,603979776,0.000968145439401269,True
0,8,1,8,2,32,131072,torch.float8_e4m3fn,0.3641007900238037,2415919104,0.000968145439401269,True
0,8,1,8,2,1,524288,torch.float8_e4m3fn,0.07396000027656555,301989888,0.000968145439401269,True
0,8,1,8,2,8,524288,torch.float8_e4m3fn,0.3487103939056396,2415919104,0.000968145439401269,True
0,8,1,8,2,32,524288,torch.float8_e4m3fn,1.411996841430664,9663676416,0.000968145439401269,True
0,8,1,8,2,1,1048576,torch.float8_e4m3fn,0.1252079963684082,603979776,0.000968145439401269,True
0,8,1,8,2,8,1048576,torch.float8_e4m3fn,0.6816431999206543,4831838208,0.000968145439401269,True
0,8,1,8,2,32,1048576,torch.float8_e4m3fn,2.8559663772583006,19327352832,0.000968145439401269,True
0,8,2,4,2,1,1024,torch.bfloat16,0.056480002403259275,589824,0.00011233426630496979,True
0,8,2,4,2,8,1024,torch.bfloat16,0.0658623993396759,4718592,0.00011233426630496979,True
0,8,2,4,2,32,1024,torch.bfloat16,0.07605440020561219,18874368,0.00011233426630496979,True
0,8,2,4,2,1,8192,torch.bfloat16,0.05980960130691528,4718592,0.00011233426630496979,True
0,8,2,4,2,8,8192,torch.bfloat16,0.07433279752731323,37748736,0.00011233426630496979,True
0,8,2,4,2,32,8192,torch.bfloat16,0.1318943977355957,150994944,0.00011233426630496979,True
0,8,2,4,2,1,32768,torch.bfloat16,0.06734880208969116,18874368,0.00011233426630496979,True
0,8,2,4,2,8,32768,torch.bfloat16,0.12222080230712891,150994944,0.00011233426630496979,True
0,8,2,4,2,32,32768,torch.bfloat16,0.2456592082977295,603979776,0.00011233426630496979,True
0,8,2,4,2,1,131072,torch.bfloat16,0.09600480198860169,75497472,0.00011233426630496979,True
0,8,2,4,2,8,131072,torch.bfloat16,0.22552158832550048,603979776,0.00011233426630496979,True
0,8,2,4,2,32,131072,torch.bfloat16,0.7023983955383301,2415919104,0.00011233426630496979,True
0,8,2,4,2,1,524288,torch.bfloat16,0.17341439723968505,301989888,0.00011233426630496979,True
0,8,2,4,2,8,524288,torch.bfloat16,0.6418479919433594,2415919104,0.00011233426630496979,True
0,8,2,4,2,32,524288,torch.bfloat16,2.5189584732055663,9663676416,0.00011233426630496979,True
0,8,2,4,2,1,1048576,torch.bfloat16,0.27100799083709715,603979776,0.00011233426630496979,True
0,8,2,4,2,8,1048576,torch.bfloat16,1.1994319915771485,4831838208,0.00011233426630496979,True
0,8,2,4,2,32,1048576,torch.bfloat16,4.937071990966797,19327352832,0.00011233426630496979,True
0,8,2,4,2,1,1024,torch.float8_e4m3fn,0.05390080213546753,294912,0.0006194836460053921,True
0,8,2,4,2,8,1024,torch.float8_e4m3fn,0.06451680064201355,2359296,0.0006194836460053921,True
0,8,2,4,2,32,1024,torch.float8_e4m3fn,0.07222560048103333,9437184,0.0006194836460053921,True
0,8,2,4,2,1,8192,torch.float8_e4m3fn,0.05699040293693543,2359296,0.0006194836460053921,True
0,8,2,4,2,8,8192,torch.float8_e4m3fn,0.07188159823417664,18874368,0.0006194836460053921,True
0,8,2,4,2,32,8192,torch.float8_e4m3fn,0.09621120095252991,75497472,0.0006194836460053921,True
0,8,2,4,2,1,32768,torch.float8_e4m3fn,0.06360480189323425,9437184,0.0006194836460053921,True
0,8,2,4,2,8,32768,torch.float8_e4m3fn,0.0862272024154663,75497472,0.0006194836460053921,True
0,8,2,4,2,32,32768,torch.float8_e4m3fn,0.15910719633102416,301989888,0.0006194836460053921,True
0,8,2,4,2,1,131072,torch.float8_e4m3fn,0.07100639939308166,37748736,0.0006194836460053921,True
0,8,2,4,2,8,131072,torch.float8_e4m3fn,0.1484928011894226,301989888,0.0006194836460053921,True
0,8,2,4,2,32,131072,torch.float8_e4m3fn,0.3673088073730469,1207959552,0.0006194836460053921,True
0,8,2,4,2,1,524288,torch.float8_e4m3fn,0.11583839654922486,150994944,0.0006194836460053921,True
0,8,2,4,2,8,524288,torch.float8_e4m3fn,0.33987200260162354,1207959552,0.0006194836460053921,True
0,8,2,4,2,32,524288,torch.float8_e4m3fn,1.1896032333374023,4831838208,0.0006194836460053921,True
0,8,2,4,2,1,1048576,torch.float8_e4m3fn,0.1710495948791504,301989888,0.0006194836460053921,True
0,8,2,4,2,8,1048576,torch.float8_e4m3fn,0.5877295970916748,2415919104,0.0006194836460053921,True
0,8,2,4,2,32,1048576,torch.float8_e4m3fn,2.348366355895996,9663676416,0.0006194836460053921,True
0,8,4,2,2,1,1024,torch.bfloat16,0.06746879816055298,294912,5.6331977248191833e-05,True
0,8,4,2,2,8,1024,torch.bfloat16,0.07517279982566834,2359296,5.6331977248191833e-05,True
0,8,4,2,2,32,1024,torch.bfloat16,0.0961247980594635,9437184,5.6331977248191833e-05,True
0,8,4,2,2,1,8192,torch.bfloat16,0.07133439779281617,2359296,5.6331977248191833e-05,True
0,8,4,2,2,8,8192,torch.bfloat16,0.08411999940872192,18874368,5.6331977248191833e-05,True
0,8,4,2,2,32,8192,torch.bfloat16,0.11471359729766846,75497472,5.6331977248191833e-05,True
0,8,4,2,2,1,32768,torch.bfloat16,0.07859359979629517,9437184,5.6331977248191833e-05,True
0,8,4,2,2,8,32768,torch.bfloat16,0.0940015971660614,75497472,5.6331977248191833e-05,True
0,8,4,2,2,32,32768,torch.bfloat16,0.16900479793548584,301989888,5.6331977248191833e-05,True
0,8,4,2,2,1,131072,torch.bfloat16,0.0907584011554718,37748736,5.6331977248191833e-05,True
0,8,4,2,2,8,131072,torch.bfloat16,0.14829280376434326,301989888,5.6331977248191833e-05,True
0,8,4,2,2,32,131072,torch.bfloat16,0.32610719203948973,1207959552,5.6331977248191833e-05,True
0,8,4,2,2,1,524288,torch.bfloat16,0.12678240537643432,150994944,5.6331977248191833e-05,True
0,8,4,2,2,8,524288,torch.bfloat16,0.31777119636535645,1207959552,5.6331977248191833e-05,True
0,8,4,2,2,32,524288,torch.bfloat16,0.955907154083252,4831838208,5.6331977248191833e-05,True
0,8,4,2,2,1,1048576,torch.bfloat16,0.16794559955596924,301989888,5.6331977248191833e-05,True
0,8,4,2,2,8,1048576,torch.bfloat16,0.5147984027862549,2415919104,5.6331977248191833e-05,True
0,8,4,2,2,32,1048576,torch.bfloat16,1.8273023605346679,9663676416,5.6331977248191833e-05,True
0,8,4,2,2,1,1024,torch.float8_e4m3fn,0.06659039855003357,147456,0.00047095713671296835,True
0,8,4,2,2,8,1024,torch.float8_e4m3fn,0.07332479953765869,1179648,0.00047095713671296835,True
0,8,4,2,2,32,1024,torch.float8_e4m3fn,0.09064159989356994,4718592,0.00047095713671296835,True
0,8,4,2,2,1,8192,torch.float8_e4m3fn,0.07190880179405212,1179648,0.00047095713671296835,True
0,8,4,2,2,8,8192,torch.float8_e4m3fn,0.07856799960136414,9437184,0.00047095713671296835,True
0,8,4,2,2,32,8192,torch.float8_e4m3fn,0.09769920110702515,37748736,0.00047095713671296835,True
0,8,4,2,2,1,32768,torch.float8_e4m3fn,0.07345759868621826,4718592,0.00047095713671296835,True
0,8,4,2,2,8,32768,torch.float8_e4m3fn,0.08942559957504273,37748736,0.00047095713671296835,True
0,8,4,2,2,32,32768,torch.float8_e4m3fn,0.13515679836273192,150994944,0.00047095713671296835,True
0,8,4,2,2,1,131072,torch.float8_e4m3fn,0.08113600015640259,18874368,0.00047095713671296835,True
0,8,4,2,2,8,131072,torch.float8_e4m3fn,0.11996959447860718,150994944,0.00047095713671296835,True
0,8,4,2,2,32,131072,torch.float8_e4m3fn,0.2279200077056885,603979776,0.00047095713671296835,True
0,8,4,2,2,1,524288,torch.float8_e4m3fn,0.10313440561294555,75497472,0.00047095713671296835,True
0,8,4,2,2,8,524288,torch.float8_e4m3fn,0.20217280387878417,603979776,0.00047095713671296835,True
0,8,4,2,2,32,524288,torch.float8_e4m3fn,0.5663008213043212,2415919104,0.00047095713671296835,True
0,8,4,2,2,1,1048576,torch.float8_e4m3fn,0.1324031949043274,150994944,0.00047095713671296835,True
0,8,4,2,2,8,1048576,torch.float8_e4m3fn,0.3045968055725098,1207959552,0.00047095713671296835,True
0,8,4,2,2,32,1048576,torch.float8_e4m3fn,1.0238431930541991,4831838208,0.00047095713671296835,True
0,8,8,1,2,1,1024,torch.bfloat16,0.10037920475006104,147456,4.4685788452625275e-05,True
0,8,8,1,2,8,1024,torch.bfloat16,0.11488959789276124,1179648,4.4685788452625275e-05,True
0,8,8,1,2,32,1024,torch.bfloat16,0.16599520444869995,4718592,4.4685788452625275e-05,True
0,8,8,1,2,1,8192,torch.bfloat16,0.10420639514923095,1179648,4.4685788452625275e-05,True
0,8,8,1,2,8,8192,torch.bfloat16,0.12468639612197877,9437184,4.4685788452625275e-05,True
0,8,8,1,2,32,8192,torch.bfloat16,0.1954543948173523,37748736,4.4685788452625275e-05,True
0,8,8,1,2,1,32768,torch.bfloat16,0.10817760229110718,4718592,4.4685788452625275e-05,True
0,8,8,1,2,8,32768,torch.bfloat16,0.12471040487289428,37748736,4.4685788452625275e-05,True
0,8,8,1,2,32,32768,torch.bfloat16,0.2251136064529419,150994944,4.4685788452625275e-05,True
0,8,8,1,2,1,131072,torch.bfloat16,0.12494399547576904,18874368,4.4685788452625275e-05,True
0,8,8,1,2,8,131072,torch.bfloat16,0.15997920036315919,150994944,4.4685788452625275e-05,True
0,8,8,1,2,32,131072,torch.bfloat16,0.3120032072067261,603979776,4.4685788452625275e-05,True
0,8,8,1,2,1,524288,torch.bfloat16,0.12554559707641602,75497472,4.4685788452625275e-05,True
0,8,8,1,2,8,524288,torch.bfloat16,0.24512801170349122,603979776,4.4685788452625275e-05,True
0,8,8,1,2,32,524288,torch.bfloat16,0.651364803314209,2415919104,4.4685788452625275e-05,True
0,8,8,1,2,1,1048576,torch.bfloat16,0.1572975993156433,150994944,4.4685788452625275e-05,True
0,8,8,1,2,8,1048576,torch.bfloat16,0.34766559600830077,1207959552,4.4685788452625275e-05,True
0,8,8,1,2,32,1048576,torch.bfloat16,1.1422831535339355,4831838208,4.4685788452625275e-05,True
0,8,8,1,2,1,1024,torch.float8_e4m3fn,0.11906880140304565,73728,0.0004561319947242737,True
0,8,8,1,2,8,1024,torch.float8_e4m3fn,0.1135856032371521,589824,0.0004561319947242737,True
0,8,8,1,2,32,1024,torch.float8_e4m3fn,0.16275360584259033,2359296,0.0004561319947242737,True
0,8,8,1,2,1,8192,torch.float8_e4m3fn,0.10206719636917114,589824,0.0004561319947242737,True
0,8,8,1,2,8,8192,torch.float8_e4m3fn,0.11888480186462402,4718592,0.0004561319947242737,True
0,8,8,1,2,32,8192,torch.float8_e4m3fn,0.17307519912719727,18874368,0.0004561319947242737,True
0,8,8,1,2,1,32768,torch.float8_e4m3fn,0.10508960485458374,2359296,0.0004561319947242737,True
0,8,8,1,2,8,32768,torch.float8_e4m3fn,0.12331199645996094,18874368,0.0004561319947242737,True
0,8,8,1,2,32,32768,torch.float8_e4m3fn,0.20136640071868897,75497472,0.0004561319947242737,True
0,8,8,1,2,1,131072,torch.float8_e4m3fn,0.11615840196609498,9437184,0.0004561319947242737,True
0,8,8,1,2,8,131072,torch.float8_e4m3fn,0.1381135940551758,75497472,0.0004561319947242737,True
0,8,8,1,2,32,131072,torch.float8_e4m3fn,0.2515439987182617,301989888,0.0004561319947242737,True
0,8,8,1,2,1,524288,torch.float8_e4m3fn,0.12246559858322144,37748736,0.0004561319947242737,True
0,8,8,1,2,8,524288,torch.float8_e4m3fn,0.18914079666137695,301989888,0.0004561319947242737,True
0,8,8,1,2,32,524288,torch.float8_e4m3fn,0.44632959365844727,1207959552,0.0004561319947242737,True
0,8,8,1,2,1,1048576,torch.float8_e4m3fn,0.1306496024131775,75497472,0.0004561319947242737,True
0,8,8,1,2,8,1048576,torch.float8_e4m3fn,0.2593280076980591,603979776,0.0004561319947242737,True
0,8,8,1,2,32,1048576,torch.float8_e4m3fn,0.7069104194641114,2415919104,0.0004561319947242737,True
0,4,1,4,4,1,1024,torch.bfloat16,0.016495999693870545,1179648,8.564814925193787e-05,True
0,4,1,4,4,8,1024,torch.bfloat16,0.02475679963827133,9437184,8.564814925193787e-05,True
0,4,1,4,4,32,1024,torch.bfloat16,0.028883200883865357,37748736,8.564814925193787e-05,True
0,4,1,4,4,1,8192,torch.bfloat16,0.019331200420856474,9437184,8.564814925193787e-05,True
0,4,1,4,4,8,8192,torch.bfloat16,0.03893280029296875,75497472,8.564814925193787e-05,True
0,4,1,4,4,32,8192,torch.bfloat16,0.10424959659576416,301989888,8.564814925193787e-05,True
0,4,1,4,4,1,32768,torch.bfloat16,0.03086079955101013,37748736,8.564814925193787e-05,True
0,4,1,4,4,8,32768,torch.bfloat16,0.10063199996948242,301989888,8.564814925193787e-05,True
0,4,1,4,4,32,32768,torch.bfloat16,0.3307264089584351,1207959552,8.564814925193787e-05,True
0,4,1,4,4,1,131072,torch.bfloat16,0.07146720290184021,150994944,8.564814925193787e-05,True
0,4,1,4,4,8,131072,torch.bfloat16,0.3055295944213867,1207959552,8.564814925193787e-05,True
0,4,1,4,4,32,131072,torch.bfloat16,1.2353839874267578,4831838208,8.564814925193787e-05,True
0,4,1,4,4,1,524288,torch.bfloat16,0.21710879802703859,603979776,8.564814925193787e-05,True
0,4,1,4,4,8,524288,torch.bfloat16,1.1375871658325196,4831838208,8.564814925193787e-05,True
0,4,1,4,4,32,524288,torch.bfloat16,4.845897674560547,19327352832,8.564814925193787e-05,True
0,4,1,4,4,1,1048576,torch.bfloat16,0.41200480461120603,1207959552,8.564814925193787e-05,True
0,4,1,4,4,8,1048576,torch.bfloat16,2.2611263275146483,9663676416,8.564814925193787e-05,True
0,4,1,4,4,32,1048576,torch.bfloat16,9.647763061523438,38654705664,8.564814925193787e-05,True
0,4,1,4,4,1,1024,torch.float8_e4m3fn,0.01462399959564209,589824,0.000968145439401269,True
0,4,1,4,4,8,1024,torch.float8_e4m3fn,0.020608000457286835,4718592,0.000968145439401269,True
0,4,1,4,4,32,1024,torch.float8_e4m3fn,0.022785599529743194,18874368,0.000968145439401269,True
0,4,1,4,4,1,8192,torch.float8_e4m3fn,0.016547200083732606,4718592,0.000968145439401269,True
0,4,1,4,4,8,8192,torch.float8_e4m3fn,0.02693600058555603,37748736,0.000968145439401269,True
0,4,1,4,4,32,8192,torch.float8_e4m3fn,0.05972319841384888,150994944,0.000968145439401269,True
0,4,1,4,4,1,32768,torch.float8_e4m3fn,0.02476159930229187,18874368,0.000968145439401269,True
0,4,1,4,4,8,32768,torch.float8_e4m3fn,0.05883200168609619,150994944,0.000968145439401269,True
0,4,1,4,4,32,32768,torch.float8_e4m3fn,0.16388959884643556,603979776,0.000968145439401269,True
0,4,1,4,4,1,131072,torch.float8_e4m3fn,0.043137601017951964,75497472,0.000968145439401269,True
0,4,1,4,4,8,131072,torch.float8_e4m3fn,0.15166399478912354,603979776,0.000968145439401269,True
0,4,1,4,4,32,131072,torch.float8_e4m3fn,0.5703120231628418,2415919104,0.000968145439401269,True
0,4,1,4,4,1,524288,torch.float8_e4m3fn,0.10828479528427123,301989888,0.000968145439401269,True
0,4,1,4,4,8,524288,torch.float8_e4m3fn,0.5276591777801514,2415919104,0.000968145439401269,True
0,4,1,4,4,32,524288,torch.float8_e4m3fn,2.2723520278930662,9663676416,0.000968145439401269,True
0,4,1,4,4,1,1048576,torch.float8_e4m3fn,0.19703840017318724,603979776,0.000968145439401269,True
0,4,1,4,4,8,1048576,torch.float8_e4m3fn,1.0291855812072754,4831838208,0.000968145439401269,True
0,4,1,4,4,32,1048576,torch.float8_e4m3fn,4.536455917358398,19327352832,0.000968145439401269,True
0,4,2,2,4,1,1024,torch.bfloat16,0.05347520112991333,589824,0.0001123286783695221,True
0,4,2,2,4,8,1024,torch.bfloat16,0.06176000237464905,4718592,0.0001123286783695221,True
0,4,2,2,4,32,1024,torch.bfloat16,0.08452479839324951,18874368,0.0001123286783695221,True
0,4,2,2,4,1,8192,torch.bfloat16,0.057636797428131104,4718592,0.0001123286783695221,True
0,4,2,2,4,8,8192,torch.bfloat16,0.07710400223731995,37748736,0.0001123286783695221,True
0,4,2,2,4,32,8192,torch.bfloat16,0.12546559572219848,150994944,0.0001123286783695221,True
0,4,2,2,4,1,32768,torch.bfloat16,0.06799039840698243,18874368,0.0001123286783695221,True
0,4,2,2,4,8,32768,torch.bfloat16,0.10814239978790283,150994944,0.0001123286783695221,True
0,4,2,2,4,32,32768,torch.bfloat16,0.20999040603637695,603979776,0.0001123286783695221,True
0,4,2,2,4,1,131072,torch.bfloat16,0.0858847975730896,75497472,0.0001123286783695221,True
0,4,2,2,4,8,131072,torch.bfloat16,0.18669120073318482,603979776,0.0001123286783695221,True
0,4,2,2,4,32,131072,torch.bfloat16,0.5186895847320556,2415919104,0.0001123286783695221,True
0,4,2,2,4,1,524288,torch.bfloat16,0.1446735978126526,301989888,0.0001123286783695221,True
0,4,2,2,4,8,524288,torch.bfloat16,0.4978047847747803,2415919104,0.0001123286783695221,True
0,4,2,2,4,32,524288,torch.bfloat16,1.7809135437011718,9663676416,0.0001123286783695221,True
0,4,2,2,4,1,1048576,torch.bfloat16,0.24159200191497804,603979776,0.0001123286783695221,True
0,4,2,2,4,8,1048576,torch.bfloat16,0.8873807907104492,4831838208,0.0001123286783695221,True
0,4,2,2,4,32,1048576,torch.bfloat16,3.7336544036865233,19327352832,0.0001123286783695221,True
0,4,2,2,4,1,1024,torch.float8_e4m3fn,0.05831199884414673,294912,0.0006523188203573227,True
0,4,2,2,4,8,1024,torch.float8_e4m3fn,0.05864319801330566,2359296,0.0006523188203573227,True
0,4,2,2,4,32,1024,torch.float8_e4m3fn,0.07799519896507263,9437184,0.0006523188203573227,True
0,4,2,2,4,1,8192,torch.float8_e4m3fn,0.055822402238845825,2359296,0.0006523188203573227,True
0,4,2,2,4,8,8192,torch.float8_e4m3fn,0.06777920126914978,18874368,0.0006523188203573227,True
0,4,2,2,4,32,8192,torch.float8_e4m3fn,0.09334239959716797,75497472,0.0006523188203573227,True
0,4,2,2,4,1,32768,torch.float8_e4m3fn,0.06171360015869141,9437184,0.0006523188203573227,True
0,4,2,2,4,8,32768,torch.float8_e4m3fn,0.07740640044212341,75497472,0.0006523188203573227,True
0,4,2,2,4,32,32768,torch.float8_e4m3fn,0.14859520196914672,301989888,0.0006523188203573227,True
0,4,2,2,4,1,131072,torch.float8_e4m3fn,0.07288479804992676,37748736,0.0006523188203573227,True
0,4,2,2,4,8,131072,torch.float8_e4m3fn,0.1299823999404907,301989888,0.0006523188203573227,True
0,4,2,2,4,32,131072,torch.float8_e4m3fn,0.32238719463348386,1207959552,0.0006523188203573227,True
0,4,2,2,4,1,524288,torch.float8_e4m3fn,0.11450879573822022,150994944,0.0006523188203573227,True
0,4,2,2,4,8,524288,torch.float8_e4m3fn,0.286028790473938,1207959552,0.0006523188203573227,True
0,4,2,2,4,32,524288,torch.float8_e4m3fn,0.9847248077392579,4831838208,0.0006523188203573227,True
0,4,2,2,4,1,1048576,torch.float8_e4m3fn,0.15117599964141845,301989888,0.0006523188203573227,True
0,4,2,2,4,8,1048576,torch.float8_e4m3fn,0.4854911804199219,2415919104,0.0006523188203573227,True
0,4,2,2,4,32,1048576,torch.float8_e4m3fn,1.9772207260131835,9663676416,0.0006523188203573227,True
0,4,4,1,4,1,1024,torch.bfloat16,0.07065439820289612,294912,7.770955562591553e-05,True
0,4,4,1,4,8,1024,torch.bfloat16,0.09049919843673707,2359296,7.770955562591553e-05,True
0,4,4,1,4,32,1024,torch.bfloat16,0.13129119873046874,9437184,7.770955562591553e-05,True
0,4,4,1,4,1,8192,torch.bfloat16,0.07847999930381774,2359296,7.770955562591553e-05,True
0,4,4,1,4,8,8192,torch.bfloat16,0.1064031958580017,18874368,7.770955562591553e-05,True
0,4,4,1,4,32,8192,torch.bfloat16,0.1647663950920105,75497472,7.770955562591553e-05,True
0,4,4,1,4,1,32768,torch.bfloat16,0.0847104012966156,9437184,7.770955562591553e-05,True
0,4,4,1,4,8,32768,torch.bfloat16,0.11688640117645263,75497472,7.770955562591553e-05,True
0,4,4,1,4,32,32768,torch.bfloat16,0.21431360244750977,301989888,7.770955562591553e-05,True
0,4,4,1,4,1,131072,torch.bfloat16,0.09489439725875855,37748736,7.770955562591553e-05,True
0,4,4,1,4,8,131072,torch.bfloat16,0.16207040548324586,301989888,7.770955562591553e-05,True
0,4,4,1,4,32,131072,torch.bfloat16,0.3839936017990112,1207959552,7.770955562591553e-05,True
0,4,4,1,4,1,524288,torch.bfloat16,0.12600159645080566,150994944,7.770955562591553e-05,True
0,4,4,1,4,8,524288,torch.bfloat16,0.32365438938140867,1207959552,7.770955562591553e-05,True
0,4,4,1,4,32,524288,torch.bfloat16,1.0997280120849608,4831838208,7.770955562591553e-05,True
0,4,4,1,4,1,1048576,torch.bfloat16,0.19384160041809081,301989888,7.770955562591553e-05,True
0,4,4,1,4,8,1048576,torch.bfloat16,0.5484655857086181,2415919104,7.770955562591553e-05,True
0,4,4,1,4,32,1048576,torch.bfloat16,2.1957183837890626,9663676416,7.770955562591553e-05,True
0,4,4,1,4,1,1024,torch.float8_e4m3fn,0.09633920192718506,147456,0.0004423228092491627,True
0,4,4,1,4,8,1024,torch.float8_e4m3fn,0.08639360070228577,1179648,0.0004423228092491627,True
0,4,4,1,4,32,1024,torch.float8_e4m3fn,0.12365440130233765,4718592,0.0004423228092491627,True
0,4,4,1,4,1,8192,torch.float8_e4m3fn,0.07601280212402343,1179648,0.0004423228092491627,True
0,4,4,1,4,8,8192,torch.float8_e4m3fn,0.09662879705429077,9437184,0.0004423228092491627,True
0,4,4,1,4,32,8192,torch.float8_e4m3fn,0.1444175958633423,37748736,0.0004423228092491627,True
0,4,4,1,4,1,32768,torch.float8_e4m3fn,0.08015519976615906,4718592,0.0004423228092491627,True
0,4,4,1,4,8,32768,torch.float8_e4m3fn,0.10122239589691162,37748736,0.0004423228092491627,True
0,4,4,1,4,32,32768,torch.float8_e4m3fn,0.17681759595870972,150994944,0.0004423228092491627,True
0,4,4,1,4,1,131072,torch.float8_e4m3fn,0.09299200177192687,18874368,0.0004423228092491627,True
0,4,4,1,4,8,131072,torch.float8_e4m3fn,0.1343168020248413,150994944,0.0004423228092491627,True
0,4,4,1,4,32,131072,torch.float8_e4m3fn,0.27761120796203614,603979776,0.0004423228092491627,True
0,4,4,1,4,1,524288,torch.float8_e4m3fn,0.10472480058670045,75497472,0.0004423228092491627,True
0,4,4,1,4,8,524288,torch.float8_e4m3fn,0.23383040428161622,603979776,0.0004423228092491627,True
0,4,4,1,4,32,524288,torch.float8_e4m3fn,0.6656991958618164,2415919104,0.0004423228092491627,True
0,4,4,1,4,1,1048576,torch.float8_e4m3fn,0.14020800590515137,150994944,0.0004423228092491627,True
0,4,4,1,4,8,1048576,torch.float8_e4m3fn,0.3584320068359375,1207959552,0.0004423228092491627,True
0,4,4,1,4,32,1048576,torch.float8_e4m3fn,1.2423919677734374,4831838208,0.0004423228092491627,True
1,16,1,16,1,1,1024,torch.bfloat16,0.012535999715328216,1179648,8.109398186206818e-05,True
1,16,1,16,1,8,1024,torch.bfloat16,0.01250240057706833,9437184,8.109398186206818e-05,True
1,16,1,16,1,32,1024,torch.bfloat16,0.01656160056591034,37748736,8.109398186206818e-05,True
1,16,1,16,1,1,8192,torch.bfloat16,0.014505599439144135,9437184,8.109398186206818e-05,True
1,16,1,16,1,8,8192,torch.bfloat16,0.01865279972553253,75497472,8.109398186206818e-05,True
1,16,1,16,1,32,8192,torch.bfloat16,0.06748160123825073,301989888,8.109398186206818e-05,True
1,16,1,16,1,1,32768,torch.bfloat16,0.026713600754737853,37748736,8.109398186206818e-05,True
1,16,1,16,1,8,32768,torch.bfloat16,0.06715360283851624,301989888,8.109398186206818e-05,True
1,16,1,16,1,32,32768,torch.bfloat16,0.2220223903656006,1207959552,8.109398186206818e-05,True
1,16,1,16,1,1,131072,torch.bfloat16,0.0537280023097992,150994944,8.109398186206818e-05,True
1,16,1,16,1,8,131072,torch.bfloat16,0.2156064033508301,1207959552,8.109398186206818e-05,True
1,16,1,16,1,32,131072,torch.bfloat16,0.8222240447998047,4831838208,8.109398186206818e-05,True
1,16,1,16,1,1,524288,torch.bfloat16,0.1398352026939392,603979776,8.109398186206818e-05,True
1,16,1,16,1,8,524288,torch.bfloat16,0.7864768028259277,4831838208,8.109398186206818e-05,True
1,16,1,16,1,32,524288,torch.bfloat16,3.270302581787109,19327352832,8.109398186206818e-05,True
1,16,1,16,1,1,1048576,torch.bfloat16,0.25453920364379884,1207959552,8.109398186206818e-05,True
1,16,1,16,1,8,1048576,torch.bfloat16,1.5644031524658204,9663676416,8.109398186206818e-05,True
1,16,1,16,1,32,1048576,torch.bfloat16,6.413343811035157,38654705664,8.109398186206818e-05,True
1,16,1,16,1,1,1024,torch.float8_e4m3fn,0.012403199821710587,589824,0.0009390735067427158,True
1,16,1,16,1,8,1024,torch.float8_e4m3fn,0.012388800084590913,4718592,0.0009390735067427158,True
1,16,1,16,1,32,1024,torch.float8_e4m3fn,0.014457599818706512,18874368,0.0009390735067427158,True
1,16,1,16,1,1,8192,torch.float8_e4m3fn,0.014480000734329224,4718592,0.0009390735067427158,True
1,16,1,16,1,8,8192,torch.float8_e4m3fn,0.01648319959640503,37748736,0.0009390735067427158,True
1,16,1,16,1,32,8192,torch.float8_e4m3fn,0.035305601358413694,150994944,0.0009390735067427158,True
1,16,1,16,1,1,32768,torch.float8_e4m3fn,0.022571200132369997,18874368,0.0009390735067427158,True
1,16,1,16,1,8,32768,torch.float8_e4m3fn,0.03701759874820709,150994944,0.0009390735067427158,True
1,16,1,16,1,32,32768,torch.float8_e4m3fn,0.1022528052330017,603979776,0.0009390735067427158,True
1,16,1,16,1,1,131072,torch.float8_e4m3fn,0.032790398597717284,75497472,0.0009390735067427158,True
1,16,1,16,1,8,131072,torch.float8_e4m3fn,0.1005903959274292,603979776,0.0009390735067427158,True
1,16,1,16,1,32,131072,torch.float8_e4m3fn,0.36676321029663084,2415919104,0.0009390735067427158,True
1,16,1,16,1,1,524288,torch.float8_e4m3fn,0.07499520182609558,301989888,0.0009390735067427158,True
1,16,1,16,1,8,524288,torch.float8_e4m3fn,0.34954400062561036,2415919104,0.0009390735067427158,True
1,16,1,16,1,32,524288,torch.float8_e4m3fn,1.409724807739258,9663676416,0.0009390735067427158,True
1,16,1,16,1,1,1048576,torch.float8_e4m3fn,0.12695519924163817,603979776,0.0009390735067427158,True
1,16,1,16,1,8,1048576,torch.float8_e4m3fn,0.6803599834442139,4831838208,0.0009390735067427158,True
1,16,1,16,1,32,1048576,torch.float8_e4m3fn,2.8345104217529298,19327352832,0.0009390735067427158,True
1,16,2,8,1,1,1024,torch.bfloat16,0.05211039781570435,589824,0.00011884979903697968,True
1,16,2,8,1,8,1024,torch.bfloat16,0.05735359787940979,4718592,0.00011884979903697968,True
1,16,2,8,1,32,1024,torch.bfloat16,0.06358559727668762,18874368,0.00011884979903697968,True
1,16,2,8,1,1,8192,torch.bfloat16,0.05602399706840515,4718592,0.00011884979903697968,True
1,16,2,8,1,8,8192,torch.bfloat16,0.0642624020576477,37748736,0.00011884979903697968,True
1,16,2,8,1,32,8192,torch.bfloat16,0.1072111964225769,150994944,0.00011884979903697968,True
1,16,2,8,1,1,32768,torch.bfloat16,0.0601423978805542,18874368,0.00011884979903697968,True
1,16,2,8,1,8,32768,torch.bfloat16,0.10031520128250122,150994944,0.00011884979903697968,True
1,16,2,8,1,32,32768,torch.bfloat16,0.18239359855651854,603979776,0.00011884979903697968,True
1,16,2,8,1,1,131072,torch.bfloat16,0.08048319816589355,75497472,0.00011884979903697968,True
1,16,2,8,1,8,131072,torch.bfloat16,0.17726080417633056,603979776,0.00011884979903697968,True
1,16,2,8,1,32,131072,torch.bfloat16,0.48844480514526367,2415919104,0.00011884979903697968,True
1,16,2,8,1,1,524288,torch.bfloat16,0.13429280519485473,301989888,0.00011884979903697968,True
1,16,2,8,1,8,524288,torch.bfloat16,0.47938079833984376,2415919104,0.00011884979903697968,True
1,16,2,8,1,32,524288,torch.bfloat16,1.688297653198242,9663676416,0.00011884979903697968,True
1,16,2,8,1,1,1048576,torch.bfloat16,0.19290080070495605,603979776,0.00011884979903697968,True
1,16,2,8,1,8,1048576,torch.bfloat16,0.85250883102417,4831838208,0.00011884979903697968,True
1,16,2,8,1,32,1048576,torch.bfloat16,3.3509967803955076,19327352832,0.00011884979903697968,True
1,16,2,8,1,1,1024,torch.float8_e4m3fn,0.05071520209312439,294912,0.0005884747952222824,True
1,16,2,8,1,8,1024,torch.float8_e4m3fn,0.055739200115203856,2359296,0.0005884747952222824,True
1,16,2,8,1,32,1024,torch.float8_e4m3fn,0.05793920159339905,9437184,0.0005884747952222824,True
1,16,2,8,1,1,8192,torch.float8_e4m3fn,0.05348640084266663,2359296,0.0005884747952222824,True
1,16,2,8,1,8,8192,torch.float8_e4m3fn,0.06032159924507141,18874368,0.0005884747952222824,True
1,16,2,8,1,32,8192,torch.float8_e4m3fn,0.0689520001411438,75497472,0.0005884747952222824,True
1,16,2,8,1,1,32768,torch.float8_e4m3fn,0.05756480097770691,9437184,0.0005884747952222824,True
1,16,2,8,1,8,32768,torch.float8_e4m3fn,0.06988959908485412,75497472,0.0005884747952222824,True
1,16,2,8,1,32,32768,torch.float8_e4m3fn,0.11678880453109741,301989888,0.0005884747952222824,True
1,16,2,8,1,1,131072,torch.float8_e4m3fn,0.06786720156669616,37748736,0.0005884747952222824,True
1,16,2,8,1,8,131072,torch.float8_e4m3fn,0.11560959815979004,301989888,0.0005884747952222824,True
1,16,2,8,1,32,131072,torch.float8_e4m3fn,0.25062079429626466,1207959552,0.0005884747952222824,True
1,16,2,8,1,1,524288,torch.float8_e4m3fn,0.09919520020484925,150994944,0.0005884747952222824,True
1,16,2,8,1,8,524288,torch.float8_e4m3fn,0.24011681079864503,1207959552,0.0005884747952222824,True
1,16,2,8,1,32,524288,torch.float8_e4m3fn,0.7753983974456787,4831838208,0.0005884747952222824,True
1,16,2,8,1,1,1048576,torch.float8_e4m3fn,0.12559839487075805,301989888,0.0005884747952222824,True
1,16,2,8,1,8,1048576,torch.float8_e4m3fn,0.40718879699707033,2415919104,0.0005884747952222824,True
1,16,2,8,1,32,1048576,torch.float8_e4m3fn,1.475614356994629,9663676416,0.0005884747952222824,True
1,16,4,4,1,1,1024,torch.bfloat16,0.06656960248947144,294912,6.203353404998779e-05,True
1,16,4,4,1,8,1024,torch.bfloat16,0.08034560084342957,2359296,6.203353404998779e-05,True
1,16,4,4,1,32,1024,torch.bfloat16,0.08884159922599792,9437184,6.203353404998779e-05,True
1,16,4,4,1,1,8192,torch.bfloat16,0.07387040257453918,2359296,6.203353404998779e-05,True
1,16,4,4,1,8,8192,torch.bfloat16,0.08804640173912048,18874368,6.203353404998779e-05,True
1,16,4,4,1,32,8192,torch.bfloat16,0.12013440132141114,75497472,6.203353404998779e-05,True
1,16,4,4,1,1,32768,torch.bfloat16,0.07455040216445923,9437184,6.203353404998779e-05,True
1,16,4,4,1,8,32768,torch.bfloat16,0.10691200494766236,75497472,6.203353404998779e-05,True
1,16,4,4,1,32,32768,torch.bfloat16,0.1835904002189636,301989888,6.203353404998779e-05,True
1,16,4,4,1,1,131072,torch.bfloat16,0.08824319839477539,37748736,6.203353404998779e-05,True
1,16,4,4,1,8,131072,torch.bfloat16,0.1737823963165283,301989888,6.203353404998779e-05,True
1,16,4,4,1,32,131072,torch.bfloat16,0.4142240047454834,1207959552,6.203353404998779e-05,True
1,16,4,4,1,1,524288,torch.bfloat16,0.1380720019340515,150994944,6.203353404998779e-05,True
1,16,4,4,1,8,524288,torch.bfloat16,0.3807744026184082,1207959552,6.203353404998779e-05,True
1,16,4,4,1,32,524288,torch.bfloat16,1.321225643157959,4831838208,6.203353404998779e-05,True
1,16,4,4,1,1,1048576,torch.bfloat16,0.1886240005493164,301989888,6.203353404998779e-05,True
1,16,4,4,1,8,1048576,torch.bfloat16,0.6590479850769043,2415919104,6.203353404998779e-05,True
1,16,4,4,1,32,1048576,torch.bfloat16,2.5376319885253906,9663676416,6.203353404998779e-05,True
1,16,4,4,1,1,1024,torch.float8_e4m3fn,0.06502079963684082,147456,0.00046828482300043106,True
1,16,4,4,1,8,1024,torch.float8_e4m3fn,0.07779679894447326,1179648,0.00046828482300043106,True
1,16,4,4,1,32,1024,torch.float8_e4m3fn,0.08418400287628174,4718592,0.00046828482300043106,True
1,16,4,4,1,1,8192,torch.float8_e4m3fn,0.07108640074729919,1179648,0.00046828482300043106,True
1,16,4,4,1,8,8192,torch.float8_e4m3fn,0.0834991991519928,9437184,0.00046828482300043106,True
1,16,4,4,1,32,8192,torch.float8_e4m3fn,0.09521920084953309,37748736,0.00046828482300043106,True
1,16,4,4,1,1,32768,torch.float8_e4m3fn,0.07260800004005433,4718592,0.00046828482300043106,True
1,16,4,4,1,8,32768,torch.float8_e4m3fn,0.09093599915504455,37748736,0.00046828482300043106,True
1,16,4,4,1,32,32768,torch.float8_e4m3fn,0.13561439514160156,150994944,0.00046828482300043106,True
1,16,4,4,1,1,131072,torch.float8_e4m3fn,0.08138239979743958,18874368,0.00046828482300043106,True
1,16,4,4,1,8,131072,torch.float8_e4m3fn,0.1308848023414612,150994944,0.00046828482300043106,True
1,16,4,4,1,32,131072,torch.float8_e4m3fn,0.2440432071685791,603979776,0.00046828482300043106,True
1,16,4,4,1,1,524288,torch.float8_e4m3fn,0.10368160009384156,75497472,0.00046828482300043106,True
1,16,4,4,1,8,524288,torch.float8_e4m3fn,0.22880959510803223,603979776,0.00046828482300043106,True
1,16,4,4,1,32,524288,torch.float8_e4m3fn,0.6565904140472412,2415919104,0.00046828482300043106,True
1,16,4,4,1,1,1048576,torch.float8_e4m3fn,0.12835359573364258,150994944,0.00046828482300043106,True
1,16,4,4,1,8,1048576,torch.float8_e4m3fn,0.354366397857666,1207959552,0.00046828482300043106,True
1,16,4,4,1,32,1048576,torch.float8_e4m3fn,1.2037008285522461,4831838208,0.00046828482300043106,True
1,16,8,2,1,1,1024,torch.bfloat16,0.09557279944419861,147456,3.820843994617462e-05,True
1,16,8,2,1,8,1024,torch.bfloat16,0.10151040554046631,1179648,3.820843994617462e-05,True
1,16,8,2,1,32,1024,torch.bfloat16,0.12667839527130126,4718592,3.820843994617462e-05,True
1,16,8,2,1,1,8192,torch.bfloat16,0.09868479967117309,1179648,3.820843994617462e-05,True
1,16,8,2,1,8,8192,torch.bfloat16,0.10830080509185791,9437184,3.820843994617462e-05,True
1,16,8,2,1,32,8192,torch.bfloat16,0.1468000054359436,37748736,3.820843994617462e-05,True
1,16,8,2,1,1,32768,torch.bfloat16,0.09934399724006653,4718592,3.820843994617462e-05,True
1,16,8,2,1,8,32768,torch.bfloat16,0.11816960573196411,37748736,3.820843994617462e-05,True
1,16,8,2,1,32,32768,torch.bfloat16,0.1833951950073242,150994944,3.820843994617462e-05,True
1,16,8,2,1,1,131072,torch.bfloat16,0.10802719593048096,18874368,3.820843994617462e-05,True
1,16,8,2,1,8,131072,torch.bfloat16,0.14986720085144042,150994944,3.820843994617462e-05,True
1,16,8,2,1,32,131072,torch.bfloat16,0.2640000104904175,603979776,3.820843994617462e-05,True
1,16,8,2,1,1,524288,torch.bfloat16,0.127185595035553,75497472,3.820843994617462e-05,True
1,16,8,2,1,8,524288,torch.bfloat16,0.23037919998168946,603979776,3.820843994617462e-05,True
1,16,8,2,1,32,524288,torch.bfloat16,0.5726672172546386,2415919104,3.820843994617462e-05,True
1,16,8,2,1,1,1048576,torch.bfloat16,0.1522223949432373,150994944,3.820843994617462e-05,True
1,16,8,2,1,8,1048576,torch.bfloat16,0.34249279499053953,1207959552,3.820843994617462e-05,True
1,16,8,2,1,32,1048576,torch.bfloat16,0.991975975036621,4831838208,3.820843994617462e-05,True
1,16,8,2,1,1,1024,torch.float8_e4m3fn,0.09435520172119141,73728,0.00031019793823361397,True
1,16,8,2,1,8,1024,torch.float8_e4m3fn,0.1020848035812378,589824,0.00031019793823361397,True
1,16,8,2,1,32,1024,torch.float8_e4m3fn,0.122161602973938,2359296,0.00031019793823361397,True
1,16,8,2,1,1,8192,torch.float8_e4m3fn,0.09476799964904785,589824,0.00031019793823361397,True
1,16,8,2,1,8,8192,torch.float8_e4m3fn,0.10393120050430298,4718592,0.00031019793823361397,True
1,16,8,2,1,32,8192,torch.float8_e4m3fn,0.1284991979598999,18874368,0.00031019793823361397,True
1,16,8,2,1,1,32768,torch.float8_e4m3fn,0.09817759990692139,2359296,0.00031019793823361397,True
1,16,8,2,1,8,32768,torch.float8_e4m3fn,0.10917279720306397,18874368,0.00031019793823361397,True
1,16,8,2,1,32,32768,torch.float8_e4m3fn,0.15495680570602416,75497472,0.00031019793823361397,True
1,16,8,2,1,1,131072,torch.float8_e4m3fn,0.10404800176620484,9437184,0.00031019793823361397,True
1,16,8,2,1,8,131072,torch.float8_e4m3fn,0.11758240461349487,75497472,0.00031019793823361397,True
1,16,8,2,1,32,131072,torch.float8_e4m3fn,0.20735039710998535,301989888,0.00031019793823361397,True
1,16,8,2,1,1,524288,torch.float8_e4m3fn,0.11412800550460815,37748736,0.00031019793823361397,True
1,16,8,2,1,8,524288,torch.float8_e4m3fn,0.17131839990615844,301989888,0.00031019793823361397,True
1,16,8,2,1,32,524288,torch.float8_e4m3fn,0.3803839921951294,1207959552,0.00031019793823361397,True
1,16,8,2,1,1,1048576,torch.float8_e4m3fn,0.12756160497665406,75497472,0.00031019793823361397,True
1,16,8,2,1,8,1048576,torch.float8_e4m3fn,0.22796640396118165,603979776,0.00031019793823361397,True
1,16,8,2,1,32,1048576,torch.float8_e4m3fn,0.6047264099121094,2415919104,0.00031019793823361397,True
1,16,16,1,1,1,8192,torch.bfloat16,0.14983999729156494,589824,2.9569491744041443e-05,True
1,16,16,1,1,8,8192,torch.bfloat16,0.16409920454025267,4718592,2.9569491744041443e-05,True
1,16,16,1,1,32,8192,torch.bfloat16,0.21736481189727783,18874368,2.9569491744041443e-05,True
1,16,16,1,1,1,32768,torch.bfloat16,0.15185439586639404,2359296,2.9569491744041443e-05,True
1,16,16,1,1,8,32768,torch.bfloat16,0.17883360385894775,18874368,2.9569491744041443e-05,True
1,16,16,1,1,32,32768,torch.bfloat16,0.2449984073638916,75497472,2.9569491744041443e-05,True
1,16,16,1,1,1,131072,torch.bfloat16,0.16048959493637086,9437184,2.9569491744041443e-05,True
1,16,16,1,1,8,131072,torch.bfloat16,0.2031712055206299,75497472,2.9569491744041443e-05,True
1,16,16,1,1,32,131072,torch.bfloat16,0.2920912027359009,301989888,2.9569491744041443e-05,True
1,16,16,1,1,1,524288,torch.bfloat16,0.16911519765853883,37748736,2.9569491744041443e-05,True
1,16,16,1,1,8,524288,torch.bfloat16,0.25457119941711426,301989888,2.9569491744041443e-05,True
1,16,16,1,1,32,524288,torch.bfloat16,0.46177120208740235,1207959552,2.9569491744041443e-05,True
1,16,16,1,1,1,1048576,torch.bfloat16,0.18162879943847657,75497472,2.9569491744041443e-05,True
1,16,16,1,1,8,1048576,torch.bfloat16,0.31020801067352294,603979776,2.9569491744041443e-05,True
1,16,16,1,1,32,1048576,torch.bfloat16,0.7009456157684326,2415919104,2.9569491744041443e-05,True
1,16,16,1,1,1,8192,torch.float8_e4m3fn,0.1454367995262146,294912,0.0002539514098316431,True
1,16,16,1,1,8,8192,torch.float8_e4m3fn,0.1635200023651123,2359296,0.0002539514098316431,True
1,16,16,1,1,32,8192,torch.float8_e4m3fn,0.20183839797973632,9437184,0.0002539514098316431,True
1,16,16,1,1,1,32768,torch.float8_e4m3fn,0.14732160568237304,1179648,0.0002539514098316431,True
1,16,16,1,1,8,32768,torch.float8_e4m3fn,0.17345279455184937,9437184,0.0002539514098316431,True
1,16,16,1,1,32,32768,torch.float8_e4m3fn,0.22576959133148194,37748736,0.0002539514098316431,True
1,16,16,1,1,1,131072,torch.float8_e4m3fn,0.15152159929275513,4718592,0.0002539514098316431,True
1,16,16,1,1,8,131072,torch.float8_e4m3fn,0.17636640071868898,37748736,0.0002539514098316431,True
1,16,16,1,1,32,131072,torch.float8_e4m3fn,0.2571824073791504,150994944,0.0002539514098316431,True
1,16,16,1,1,1,524288,torch.float8_e4m3fn,0.16282399892807006,18874368,0.0002539514098316431,True
1,16,16,1,1,8,524288,torch.float8_e4m3fn,0.2263200044631958,150994944,0.0002539514098316431,True
1,16,16,1,1,32,524288,torch.float8_e4m3fn,0.36067359447479247,603979776,0.0002539514098316431,True
1,16,16,1,1,1,1048576,torch.float8_e4m3fn,0.16692479848861694,37748736,0.0002539514098316431,True
1,16,16,1,1,8,1048576,torch.float8_e4m3fn,0.2517008066177368,301989888,0.0002539514098316431,True
1,16,16,1,1,32,1048576,torch.float8_e4m3fn,0.49320640563964846,1207959552,0.0002539514098316431,True
1,8,1,8,2,1,1024,torch.bfloat16,0.01451839953660965,1179648,8.3116814494133e-05,True
1,8,1,8,2,8,1024,torch.bfloat16,0.014481599628925323,9437184,8.3116814494133e-05,True
1,8,1,8,2,32,1024,torch.bfloat16,0.016624000668525696,37748736,8.3116814494133e-05,True
1,8,1,8,2,1,8192,torch.bfloat16,0.01655679941177368,9437184,8.3116814494133e-05,True
1,8,1,8,2,8,8192,torch.bfloat16,0.01926400065422058,75497472,8.3116814494133e-05,True
1,8,1,8,2,32,8192,torch.bfloat16,0.06913279891014099,301989888,8.3116814494133e-05,True
1,8,1,8,2,1,32768,torch.bfloat16,0.026715201139450074,37748736,8.3116814494133e-05,True
1,8,1,8,2,8,32768,torch.bfloat16,0.06733279824256896,301989888,8.3116814494133e-05,True
1,8,1,8,2,32,32768,torch.bfloat16,0.22363359928131105,1207959552,8.3116814494133e-05,True
1,8,1,8,2,1,131072,torch.bfloat16,0.05280640125274658,150994944,8.3116814494133e-05,True
1,8,1,8,2,8,131072,torch.bfloat16,0.22969601154327393,1207959552,8.3116814494133e-05,True
1,8,1,8,2,32,131072,torch.bfloat16,0.8310367584228515,4831838208,8.3116814494133e-05,True
1,8,1,8,2,1,524288,torch.bfloat16,0.13904800415039062,603979776,8.3116814494133e-05,True
1,8,1,8,2,8,524288,torch.bfloat16,0.7897583961486816,4831838208,8.3116814494133e-05,True
1,8,1,8,2,32,524288,torch.bfloat16,3.282459259033203,19327352832,8.3116814494133e-05,True
1,8,1,8,2,1,1048576,torch.bfloat16,0.25375521183013916,1207959552,8.3116814494133e-05,True
1,8,1,8,2,8,1048576,torch.bfloat16,1.5625599861145019,9663676416,8.3116814494133e-05,True
1,8,1,8,2,32,1048576,torch.bfloat16,6.462934112548828,38654705664,8.3116814494133e-05,True
1,8,1,8,2,1,1024,torch.float8_e4m3fn,0.012412799894809723,589824,0.0009294555056840181,True
1,8,1,8,2,8,1024,torch.float8_e4m3fn,0.012465599924325943,4718592,0.0009294555056840181,True
1,8,1,8,2,32,1024,torch.float8_e4m3fn,0.01446239948272705,18874368,0.0009294555056840181,True
1,8,1,8,2,1,8192,torch.float8_e4m3fn,0.014505599439144135,4718592,0.0009294555056840181,True
1,8,1,8,2,8,8192,torch.float8_e4m3fn,0.016471999883651733,37748736,0.0009294555056840181,True
1,8,1,8,2,32,8192,torch.float8_e4m3fn,0.036950400471687316,150994944,0.0009294555056840181,True
1,8,1,8,2,1,32768,torch.float8_e4m3fn,0.02266719937324524,18874368,0.0009294555056840181,True
1,8,1,8,2,8,32768,torch.float8_e4m3fn,0.037747201323509214,150994944,0.0009294555056840181,True
1,8,1,8,2,32,32768,torch.float8_e4m3fn,0.10292160511016846,603979776,0.0009294555056840181,True
1,8,1,8,2,1,131072,torch.float8_e4m3fn,0.03305279910564422,75497472,0.0009294555056840181,True
1,8,1,8,2,8,131072,torch.float8_e4m3fn,0.10206719636917114,603979776,0.0009294555056840181,True
1,8,1,8,2,32,131072,torch.float8_e4m3fn,0.36370880603790284,2415919104,0.0009294555056840181,True
1,8,1,8,2,1,524288,torch.float8_e4m3fn,0.07430880069732666,301989888,0.0009294555056840181,True
1,8,1,8,2,8,524288,torch.float8_e4m3fn,0.3496000051498413,2415919104,0.0009294555056840181,True
1,8,1,8,2,32,524288,torch.float8_e4m3fn,1.4216336250305175,9663676416,0.0009294555056840181,True
1,8,1,8,2,1,1048576,torch.float8_e4m3fn,0.12658239603042604,603979776,0.0009294555056840181,True
1,8,1,8,2,8,1048576,torch.float8_e4m3fn,0.6806879997253418,4831838208,0.0009294555056840181,True
1,8,1,8,2,32,1048576,torch.float8_e4m3fn,2.8541168212890624,19327352832,0.0009294555056840181,True
1,8,2,4,2,1,1024,torch.bfloat16,0.05637120008468628,589824,0.00011124089360237122,True
1,8,2,4,2,8,1024,torch.bfloat16,0.06577919721603394,4718592,0.00011124089360237122,True
1,8,2,4,2,32,1024,torch.bfloat16,0.07604960203170777,18874368,0.00011124089360237122,True
1,8,2,4,2,1,8192,torch.bfloat16,0.0598143994808197,4718592,0.00011124089360237122,True
1,8,2,4,2,8,8192,torch.bfloat16,0.07425600290298462,37748736,0.00011124089360237122,True
1,8,2,4,2,32,8192,torch.bfloat16,0.13198879957199097,150994944,0.00011124089360237122,True
1,8,2,4,2,1,32768,torch.bfloat16,0.06728320121765137,18874368,0.00011124089360237122,True
1,8,2,4,2,8,32768,torch.bfloat16,0.12216639518737793,150994944,0.00011124089360237122,True
1,8,2,4,2,32,32768,torch.bfloat16,0.24564800262451172,603979776,0.00011124089360237122,True
1,8,2,4,2,1,131072,torch.bfloat16,0.09612640142440795,75497472,0.00011124089360237122,True
1,8,2,4,2,8,131072,torch.bfloat16,0.2254703998565674,603979776,0.00011124089360237122,True
1,8,2,4,2,32,131072,torch.bfloat16,0.7022624015808105,2415919104,0.00011124089360237122,True
1,8,2,4,2,1,524288,torch.bfloat16,0.17355200052261352,301989888,0.00011124089360237122,True
1,8,2,4,2,8,524288,torch.bfloat16,0.6417280197143554,2415919104,0.00011124089360237122,True
1,8,2,4,2,32,524288,torch.bfloat16,2.5190399169921873,9663676416,0.00011124089360237122,True
1,8,2,4,2,1,1048576,torch.bfloat16,0.2709264039993286,603979776,0.00011124089360237122,True
1,8,2,4,2,8,1048576,torch.bfloat16,1.199281597137451,4831838208,0.00011124089360237122,True
1,8,2,4,2,32,1048576,torch.bfloat16,4.937179183959961,19327352832,0.00011124089360237122,True
1,8,2,4,2,1,1024,torch.float8_e4m3fn,0.05394560098648071,294912,0.000591338612139225,True
1,8,2,4,2,8,1024,torch.float8_e4m3fn,0.06458719968795776,2359296,0.000591338612139225,True
1,8,2,4,2,32,1024,torch.float8_e4m3fn,0.0722432017326355,9437184,0.000591338612139225,True
1,8,2,4,2,1,8192,torch.float8_e4m3fn,0.056859201192855834,2359296,0.000591338612139225,True
1,8,2,4,2,8,8192,torch.float8_e4m3fn,0.0718671977519989,18874368,0.000591338612139225,True
1,8,2,4,2,32,8192,torch.float8_e4m3fn,0.09623200297355652,75497472,0.000591338612139225,True
1,8,2,4,2,1,32768,torch.float8_e4m3fn,0.06353440284729003,9437184,0.000591338612139225,True
1,8,2,4,2,8,32768,torch.float8_e4m3fn,0.08605599999427796,75497472,0.000591338612139225,True
1,8,2,4,2,32,32768,torch.float8_e4m3fn,0.15889279842376708,301989888,0.000591338612139225,True
1,8,2,4,2,1,131072,torch.float8_e4m3fn,0.07095680236816407,37748736,0.000591338612139225,True
1,8,2,4,2,8,131072,torch.float8_e4m3fn,0.14847199916839598,301989888,0.000591338612139225,True
1,8,2,4,2,32,131072,torch.float8_e4m3fn,0.3674031972885132,1207959552,0.000591338612139225,True
1,8,2,4,2,1,524288,torch.float8_e4m3fn,0.11579840183258057,150994944,0.000591338612139225,True
1,8,2,4,2,8,524288,torch.float8_e4m3fn,0.33973278999328616,1207959552,0.000591338612139225,True
1,8,2,4,2,32,524288,torch.float8_e4m3fn,1.1898127555847169,4831838208,0.000591338612139225,True
1,8,2,4,2,1,1048576,torch.float8_e4m3fn,0.17111040353775026,301989888,0.000591338612139225,True
1,8,2,4,2,8,1048576,torch.float8_e4m3fn,0.587716817855835,2415919104,0.000591338612139225,True
1,8,2,4,2,32,1048576,torch.float8_e4m3fn,2.3483871459960937,9663676416,0.000591338612139225,True
1,8,4,2,2,1,1024,torch.bfloat16,0.06743519902229309,294912,6.203353404998779e-05,True
1,8,4,2,2,8,1024,torch.bfloat16,0.07507359981536865,2359296,6.203353404998779e-05,True
1,8,4,2,2,32,1024,torch.bfloat16,0.09617120027542114,9437184,6.203353404998779e-05,True
1,8,4,2,2,1,8192,torch.bfloat16,0.07122560143470764,2359296,6.203353404998779e-05,True
1,8,4,2,2,8,8192,torch.bfloat16,0.08402720093727112,18874368,6.203353404998779e-05,True
1,8,4,2,2,32,8192,torch.bfloat16,0.11481759548187256,75497472,6.203353404998779e-05,True
1,8,4,2,2,1,32768,torch.bfloat16,0.07855839729309082,9437184,6.203353404998779e-05,True
1,8,4,2,2,8,32768,torch.bfloat16,0.09391199946403503,75497472,6.203353404998779e-05,True
1,8,4,2,2,32,32768,torch.bfloat16,0.1689504027366638,301989888,6.203353404998779e-05,True
1,8,4,2,2,1,131072,torch.bfloat16,0.0910863995552063,37748736,6.203353404998779e-05,True
1,8,4,2,2,8,131072,torch.bfloat16,0.14829440116882325,301989888,6.203353404998779e-05,True
1,8,4,2,2,32,131072,torch.bfloat16,0.326092791557312,1207959552,6.203353404998779e-05,True
1,8,4,2,2,1,524288,torch.bfloat16,0.12668800354003906,150994944,6.203353404998779e-05,True
1,8,4,2,2,8,524288,torch.bfloat16,0.31788320541381837,1207959552,6.203353404998779e-05,True
1,8,4,2,2,32,524288,torch.bfloat16,0.9557536125183106,4831838208,6.203353404998779e-05,True
1,8,4,2,2,1,1048576,torch.bfloat16,0.1677440047264099,301989888,6.203353404998779e-05,True
1,8,4,2,2,8,1048576,torch.bfloat16,0.5148848056793213,2415919104,6.203353404998779e-05,True
1,8,4,2,2,32,1048576,torch.bfloat16,1.8271808624267578,9663676416,6.203353404998779e-05,True
1,8,4,2,2,1,1024,torch.float8_e4m3fn,0.06656320095062256,147456,0.00046828482300043106,True
1,8,4,2,2,8,1024,torch.float8_e4m3fn,0.07328640222549439,1179648,0.00046828482300043106,True
1,8,4,2,2,32,1024,torch.float8_e4m3fn,0.09060959815979004,4718592,0.00046828482300043106,True
1,8,4,2,2,1,8192,torch.float8_e4m3fn,0.07180960178375244,1179648,0.00046828482300043106,True
1,8,4,2,2,8,8192,torch.float8_e4m3fn,0.07852640151977539,9437184,0.00046828482300043106,True
1,8,4,2,2,32,8192,torch.float8_e4m3fn,0.09778720140457153,37748736,0.00046828482300043106,True
1,8,4,2,2,1,32768,torch.float8_e4m3fn,0.07348480224609374,4718592,0.00046828482300043106,True
1,8,4,2,2,8,32768,torch.float8_e4m3fn,0.08955360054969788,37748736,0.00046828482300043106,True
1,8,4,2,2,32,32768,torch.float8_e4m3fn,0.13492480516433716,150994944,0.00046828482300043106,True
1,8,4,2,2,1,131072,torch.float8_e4m3fn,0.08112800121307373,18874368,0.00046828482300043106,True
1,8,4,2,2,8,131072,torch.float8_e4m3fn,0.1200719952583313,150994944,0.00046828482300043106,True
1,8,4,2,2,32,131072,torch.float8_e4m3fn,0.2280832052230835,603979776,0.00046828482300043106,True
1,8,4,2,2,1,524288,torch.float8_e4m3fn,0.1030784010887146,75497472,0.00046828482300043106,True
1,8,4,2,2,8,524288,torch.float8_e4m3fn,0.20225119590759277,603979776,0.00046828482300043106,True
1,8,4,2,2,32,524288,torch.float8_e4m3fn,0.5662799835205078,2415919104,0.00046828482300043106,True
1,8,4,2,2,1,1048576,torch.float8_e4m3fn,0.13245919942855836,150994944,0.00046828482300043106,True
1,8,4,2,2,8,1048576,torch.float8_e4m3fn,0.3044480085372925,1207959552,0.00046828482300043106,True
1,8,4,2,2,32,1048576,torch.float8_e4m3fn,1.0237327575683595,4831838208,0.00046828482300043106,True
1,8,8,1,2,1,1024,torch.bfloat16,0.10048960447311402,147456,4.3525826185941696e-05,True
1,8,8,1,2,8,1024,torch.bfloat16,0.11471199989318848,1179648,4.3525826185941696e-05,True
1,8,8,1,2,32,1024,torch.bfloat16,0.16606559753417968,4718592,4.3525826185941696e-05,True
1,8,8,1,2,1,8192,torch.bfloat16,0.10399359464645386,1179648,4.3525826185941696e-05,True
1,8,8,1,2,8,8192,torch.bfloat16,0.12449120283126831,9437184,4.3525826185941696e-05,True
1,8,8,1,2,32,8192,torch.bfloat16,0.19541920423507692,37748736,4.3525826185941696e-05,True
1,8,8,1,2,1,32768,torch.bfloat16,0.10805920362472535,4718592,4.3525826185941696e-05,True
1,8,8,1,2,8,32768,torch.bfloat16,0.12458399534225464,37748736,4.3525826185941696e-05,True
1,8,8,1,2,32,32768,torch.bfloat16,0.2251296043395996,150994944,4.3525826185941696e-05,True
1,8,8,1,2,1,131072,torch.bfloat16,0.12486399412155151,18874368,4.3525826185941696e-05,True
1,8,8,1,2,8,131072,torch.bfloat16,0.1599295973777771,150994944,4.3525826185941696e-05,True
1,8,8,1,2,32,131072,torch.bfloat16,0.31203041076660154,603979776,4.3525826185941696e-05,True
1,8,8,1,2,1,524288,torch.bfloat16,0.12557120323181153,75497472,4.3525826185941696e-05,True
1,8,8,1,2,8,524288,torch.bfloat16,0.2449887990951538,603979776,4.3525826185941696e-05,True
1,8,8,1,2,32,524288,torch.bfloat16,0.6511807918548584,2415919104,4.3525826185941696e-05,True
1,8,8,1,2,1,1048576,torch.bfloat16,0.15741920471191406,150994944,4.3525826185941696e-05,True
1,8,8,1,2,8,1048576,torch.bfloat16,0.34757280349731445,1207959552,4.3525826185941696e-05,True
1,8,8,1,2,32,1048576,torch.bfloat16,1.142300796508789,4831838208,4.3525826185941696e-05,True
1,8,8,1,2,1,1024,torch.float8_e4m3fn,0.11919840574264526,73728,0.0004071176517754793,True
1,8,8,1,2,8,1024,torch.float8_e4m3fn,0.11349760293960572,589824,0.0004071176517754793,True
1,8,8,1,2,32,1024,torch.float8_e4m3fn,0.1627616047859192,2359296,0.0004071176517754793,True
1,8,8,1,2,1,8192,torch.float8_e4m3fn,0.10210720300674439,589824,0.0004071176517754793,True
1,8,8,1,2,8,8192,torch.float8_e4m3fn,0.11889760494232178,4718592,0.0004071176517754793,True
1,8,8,1,2,32,8192,torch.float8_e4m3fn,0.17303680181503295,18874368,0.0004071176517754793,True
1,8,8,1,2,1,32768,torch.float8_e4m3fn,0.10513759851455688,2359296,0.0004071176517754793,True
1,8,8,1,2,8,32768,torch.float8_e4m3fn,0.12325279712677002,18874368,0.0004071176517754793,True
1,8,8,1,2,32,32768,torch.float8_e4m3fn,0.20145759582519532,75497472,0.0004071176517754793,True
1,8,8,1,2,1,131072,torch.float8_e4m3fn,0.11610239744186401,9437184,0.0004071176517754793,True
1,8,8,1,2,8,131072,torch.float8_e4m3fn,0.13800159692764283,75497472,0.0004071176517754793,True
1,8,8,1,2,32,131072,torch.float8_e4m3fn,0.251366400718689,301989888,0.0004071176517754793,True
1,8,8,1,2,1,524288,torch.float8_e4m3fn,0.12252479791641235,37748736,0.0004071176517754793,True
1,8,8,1,2,8,524288,torch.float8_e4m3fn,0.18912320137023925,301989888,0.0004071176517754793,True
1,8,8,1,2,32,524288,torch.float8_e4m3fn,0.44623680114746095,1207959552,0.0004071176517754793,True
1,8,8,1,2,1,1048576,torch.float8_e4m3fn,0.13056960105895996,75497472,0.0004071176517754793,True
1,8,8,1,2,8,1048576,torch.float8_e4m3fn,0.25932159423828127,603979776,0.0004071176517754793,True
1,8,8,1,2,32,1048576,torch.float8_e4m3fn,0.7066959857940673,2415919104,0.0004071176517754793,True
1,4,1,4,4,1,1024,torch.bfloat16,0.017467199265956877,1179648,8.637085556983948e-05,True
1,4,1,4,4,8,1024,torch.bfloat16,0.02476799935102463,9437184,8.637085556983948e-05,True
1,4,1,4,4,32,1024,torch.bfloat16,0.02881760001182556,37748736,8.637085556983948e-05,True
1,4,1,4,4,1,8192,torch.bfloat16,0.018632000684738158,9437184,8.637085556983948e-05,True
1,4,1,4,4,8,8192,torch.bfloat16,0.03707039952278137,75497472,8.637085556983948e-05,True
1,4,1,4,4,32,8192,torch.bfloat16,0.10461440086364746,301989888,8.637085556983948e-05,True
1,4,1,4,4,1,32768,torch.bfloat16,0.03086079955101013,37748736,8.637085556983948e-05,True
1,4,1,4,4,8,32768,torch.bfloat16,0.1010032057762146,301989888,8.637085556983948e-05,True
1,4,1,4,4,32,32768,torch.bfloat16,0.33171520233154295,1207959552,8.637085556983948e-05,True
1,4,1,4,4,1,131072,torch.bfloat16,0.07150880098342896,150994944,8.637085556983948e-05,True
1,4,1,4,4,8,131072,torch.bfloat16,0.30606560707092284,1207959552,8.637085556983948e-05,True
1,4,1,4,4,32,131072,torch.bfloat16,1.2416655540466308,4831838208,8.637085556983948e-05,True
1,4,1,4,4,1,524288,torch.bfloat16,0.21772480010986328,603979776,8.637085556983948e-05,True
1,4,1,4,4,8,524288,torch.bfloat16,1.1395839691162108,4831838208,8.637085556983948e-05,True
1,4,1,4,4,32,524288,torch.bfloat16,4.877803039550781,19327352832,8.637085556983948e-05,True
1,4,1,4,4,1,1048576,torch.bfloat16,0.4131472110748291,1207959552,8.637085556983948e-05,True
1,4,1,4,4,8,1048576,torch.bfloat16,2.258318328857422,9663676416,8.637085556983948e-05,True
1,4,1,4,4,32,1048576,torch.bfloat16,9.711170959472657,38654705664,8.637085556983948e-05,True
1,4,1,4,4,1,1024,torch.float8_e4m3fn,0.01641920059919357,589824,0.0009294555056840181,True
1,4,1,4,4,8,1024,torch.float8_e4m3fn,0.020659199357032774,4718592,0.0009294555056840181,True
1,4,1,4,4,32,1024,torch.float8_e4m3fn,0.024611200392246246,18874368,0.0009294555056840181,True
1,4,1,4,4,1,8192,torch.float8_e4m3fn,0.0166703999042511,4718592,0.0009294555056840181,True
1,4,1,4,4,8,8192,torch.float8_e4m3fn,0.026844799518585205,37748736,0.0009294555056840181,True
1,4,1,4,4,32,8192,torch.float8_e4m3fn,0.06139839887619018,150994944,0.0009294555056840181,True
1,4,1,4,4,1,32768,torch.float8_e4m3fn,0.024747200310230255,18874368,0.0009294555056840181,True
1,4,1,4,4,8,32768,torch.float8_e4m3fn,0.059147202968597413,150994944,0.0009294555056840181,True
1,4,1,4,4,32,32768,torch.float8_e4m3fn,0.16530719995498658,603979776,0.0009294555056840181,True
1,4,1,4,4,1,131072,torch.float8_e4m3fn,0.043643200397491456,75497472,0.0009294555056840181,True
1,4,1,4,4,8,131072,torch.float8_e4m3fn,0.15174080133438111,603979776,0.0009294555056840181,True
1,4,1,4,4,32,131072,torch.float8_e4m3fn,0.57259202003479,2415919104,0.0009294555056840181,True
1,4,1,4,4,1,524288,torch.float8_e4m3fn,0.10877439975738526,301989888,0.0009294555056840181,True
1,4,1,4,4,8,524288,torch.float8_e4m3fn,0.5288559913635253,2415919104,0.0009294555056840181,True
1,4,1,4,4,32,524288,torch.float8_e4m3fn,2.304430389404297,9663676416,0.0009294555056840181,True
1,4,1,4,4,1,1048576,torch.float8_e4m3fn,0.19640320539474487,603979776,0.0009294555056840181,True
1,4,1,4,4,8,1048576,torch.float8_e4m3fn,1.0291728019714355,4831838208,0.0009294555056840181,True
1,4,1,4,4,32,1048576,torch.float8_e4m3fn,4.592764663696289,19327352832,0.0009294555056840181,True
1,4,2,2,4,1,1024,torch.bfloat16,0.05368959903717041,589824,0.00011827796697616577,True
1,4,2,2,4,8,1024,torch.bfloat16,0.061817598342895505,4718592,0.00011827796697616577,True
1,4,2,2,4,32,1024,torch.bfloat16,0.08437600135803222,18874368,0.00011827796697616577,True
1,4,2,2,4,1,8192,torch.bfloat16,0.057580798864364624,4718592,0.00011827796697616577,True
1,4,2,2,4,8,8192,torch.bfloat16,0.07710400223731995,37748736,0.00011827796697616577,True
1,4,2,2,4,32,8192,torch.bfloat16,0.12536799907684326,150994944,0.00011827796697616577,True
1,4,2,2,4,1,32768,torch.bfloat16,0.06801279783248901,18874368,0.00011827796697616577,True
1,4,2,2,4,8,32768,torch.bfloat16,0.10809119939804077,150994944,0.00011827796697616577,True
1,4,2,2,4,32,32768,torch.bfloat16,0.20983519554138183,603979776,0.00011827796697616577,True
1,4,2,2,4,1,131072,torch.bfloat16,0.0858128011226654,75497472,0.00011827796697616577,True
1,4,2,2,4,8,131072,torch.bfloat16,0.18666080236434937,603979776,0.00011827796697616577,True
1,4,2,2,4,32,131072,torch.bfloat16,0.518620777130127,2415919104,0.00011827796697616577,True
1,4,2,2,4,1,524288,torch.bfloat16,0.1445312023162842,301989888,0.00011827796697616577,True
1,4,2,2,4,8,524288,torch.bfloat16,0.49776158332824705,2415919104,0.00011827796697616577,True
1,4,2,2,4,32,524288,torch.bfloat16,1.78089599609375,9663676416,0.00011827796697616577,True
1,4,2,2,4,1,1048576,torch.bfloat16,0.24184319972991944,603979776,0.00011827796697616577,True
1,4,2,2,4,8,1048576,torch.bfloat16,0.8873583793640136,4831838208,0.00011827796697616577,True
1,4,2,2,4,32,1048576,torch.bfloat16,3.733486557006836,19327352832,0.00011827796697616577,True
1,4,2,2,4,1,1024,torch.float8_e4m3fn,0.058529597520828244,294912,0.0006441501900553703,True
1,4,2,2,4,8,1024,torch.float8_e4m3fn,0.05872640013694763,2359296,0.0006441501900553703,True
1,4,2,2,4,32,1024,torch.float8_e4m3fn,0.07805759906768799,9437184,0.0006441501900553703,True
1,4,2,2,4,1,8192,torch.float8_e4m3fn,0.05583999752998352,2359296,0.0006441501900553703,True
1,4,2,2,4,8,8192,torch.float8_e4m3fn,0.06781439781188965,18874368,0.0006441501900553703,True
1,4,2,2,4,32,8192,torch.float8_e4m3fn,0.09345920085906982,75497472,0.0006441501900553703,True
1,4,2,2,4,1,32768,torch.float8_e4m3fn,0.06166399717330932,9437184,0.0006441501900553703,True
1,4,2,2,4,8,32768,torch.float8_e4m3fn,0.07729120254516601,75497472,0.0006441501900553703,True
1,4,2,2,4,32,32768,torch.float8_e4m3fn,0.14841920137405396,301989888,0.0006441501900553703,True
1,4,2,2,4,1,131072,torch.float8_e4m3fn,0.07284160256385804,37748736,0.0006441501900553703,True
1,4,2,2,4,8,131072,torch.float8_e4m3fn,0.12996000051498413,301989888,0.0006441501900553703,True
1,4,2,2,4,32,131072,torch.float8_e4m3fn,0.3223632097244263,1207959552,0.0006441501900553703,True
1,4,2,2,4,1,524288,torch.float8_e4m3fn,0.11460319757461548,150994944,0.0006441501900553703,True
1,4,2,2,4,8,524288,torch.float8_e4m3fn,0.2858191967010498,1207959552,0.0006441501900553703,True
1,4,2,2,4,32,524288,torch.float8_e4m3fn,0.9846960067749023,4831838208,0.0006441501900553703,True
1,4,2,2,4,1,1048576,torch.float8_e4m3fn,0.15126399993896483,301989888,0.0006441501900553703,True
1,4,2,2,4,8,1048576,torch.float8_e4m3fn,0.48551359176635744,2415919104,0.0006441501900553703,True
1,4,2,2,4,32,1048576,torch.float8_e4m3fn,1.9769775390625,9663676416,0.0006441501900553703,True
1,4,4,1,4,1,1024,torch.bfloat16,0.07064480185508729,294912,6.701797246932983e-05,True
1,4,4,1,4,8,1024,torch.bfloat16,0.09050559997558594,2359296,6.701797246932983e-05,True
1,4,4,1,4,32,1024,torch.bfloat16,0.13125120401382445,9437184,6.701797246932983e-05,True
1,4,4,1,4,1,8192,torch.bfloat16,0.07867040038108826,2359296,6.701797246932983e-05,True
1,4,4,1,4,8,8192,torch.bfloat16,0.10646719932556152,18874368,6.701797246932983e-05,True
1,4,4,1,4,32,8192,torch.bfloat16,0.16475039720535278,75497472,6.701797246932983e-05,True
1,4,4,1,4,1,32768,torch.bfloat16,0.08477920293807983,9437184,6.701797246932983e-05,True
1,4,4,1,4,8,32768,torch.bfloat16,0.11698240041732788,75497472,6.701797246932983e-05,True
1,4,4,1,4,32,32768,torch.bfloat16,0.21439840793609619,301989888,6.701797246932983e-05,True
1,4,4,1,4,1,131072,torch.bfloat16,0.09475200176239014,37748736,6.701797246932983e-05,True
1,4,4,1,4,8,131072,torch.bfloat16,0.1619696021080017,301989888,6.701797246932983e-05,True
1,4,4,1,4,32,131072,torch.bfloat16,0.3841248035430908,1207959552,6.701797246932983e-05,True
1,4,4,1,4,1,524288,torch.bfloat16,0.12602720260620118,150994944,6.701797246932983e-05,True
1,4,4,1,4,8,524288,torch.bfloat16,0.3237328052520752,1207959552,6.701797246932983e-05,True
1,4,4,1,4,32,524288,torch.bfloat16,1.0995327949523925,4831838208,6.701797246932983e-05,True
1,4,4,1,4,1,1048576,torch.bfloat16,0.1938912034034729,301989888,6.701797246932983e-05,True
1,4,4,1,4,8,1048576,torch.bfloat16,0.5717328071594239,2415919104,6.701797246932983e-05,True
1,4,4,1,4,32,1048576,torch.bfloat16,2.1959840774536135,9663676416,6.701797246932983e-05,True
1,4,4,1,4,1,1024,torch.float8_e4m3fn,0.09622880220413207,147456,0.0005321614444255829,True
1,4,4,1,4,8,1024,torch.float8_e4m3fn,0.0861952006816864,1179648,0.0005321614444255829,True
1,4,4,1,4,32,1024,torch.float8_e4m3fn,0.12344479560852051,4718592,0.0005321614444255829,True
1,4,4,1,4,1,8192,torch.float8_e4m3fn,0.0759168028831482,1179648,0.0005321614444255829,True
1,4,4,1,4,8,8192,torch.float8_e4m3fn,0.09662560224533082,9437184,0.0005321614444255829,True
1,4,4,1,4,32,8192,torch.float8_e4m3fn,0.14425280094146728,37748736,0.0005321614444255829,True
1,4,4,1,4,1,32768,torch.float8_e4m3fn,0.08013280034065247,4718592,0.0005321614444255829,True
1,4,4,1,4,8,32768,torch.float8_e4m3fn,0.10135359764099121,37748736,0.0005321614444255829,True
1,4,4,1,4,32,32768,torch.float8_e4m3fn,0.17697759866714477,150994944,0.0005321614444255829,True
1,4,4,1,4,1,131072,torch.float8_e4m3fn,0.09290559887886048,18874368,0.0005321614444255829,True
1,4,4,1,4,8,131072,torch.float8_e4m3fn,0.13427040576934815,150994944,0.0005321614444255829,True
1,4,4,1,4,32,131072,torch.float8_e4m3fn,0.27764480113983153,603979776,0.0005321614444255829,True
1,4,4,1,4,1,524288,torch.float8_e4m3fn,0.10428160429000854,75497472,0.0005321614444255829,True
1,4,4,1,4,8,524288,torch.float8_e4m3fn,0.2338032007217407,603979776,0.0005321614444255829,True
1,4,4,1,4,32,524288,torch.float8_e4m3fn,0.6655424118041993,2415919104,0.0005321614444255829,True
1,4,4,1,4,1,1048576,torch.float8_e4m3fn,0.14020639657974243,150994944,0.0005321614444255829,True
1,4,4,1,4,8,1048576,torch.float8_e4m3fn,0.3583199977874756,1207959552,0.0005321614444255829,True
1,4,4,1,4,32,1048576,torch.float8_e4m3fn,1.242240047454834,4831838208,0.0005321614444255829,True
2,16,1,16,1,1,1024,torch.bfloat16,0.012759999930858612,1179648,0.0001117996871471405,True
2,16,1,16,1,8,1024,torch.bfloat16,0.014395199716091156,9437184,0.0001117996871471405,True
2,16,1,16,1,32,1024,torch.bfloat16,0.01639360040426254,37748736,0.0001117996871471405,True
2,16,1,16,1,1,8192,torch.bfloat16,0.014550399780273438,9437184,0.0001117996871471405,True
2,16,1,16,1,8,8192,torch.bfloat16,0.01868959963321686,75497472,0.0001117996871471405,True
2,16,1,16,1,32,8192,torch.bfloat16,0.06766880154609681,301989888,0.0001117996871471405,True
2,16,1,16,1,1,32768,torch.bfloat16,0.026774400472640993,37748736,0.0001117996871471405,True
2,16,1,16,1,8,32768,torch.bfloat16,0.06731520295143127,301989888,0.0001117996871471405,True
2,16,1,16,1,32,32768,torch.bfloat16,0.2225503921508789,1207959552,0.0001117996871471405,True
2,16,1,16,1,1,131072,torch.bfloat16,0.05408639907836914,150994944,0.0001117996871471405,True
2,16,1,16,1,8,131072,torch.bfloat16,0.2160991907119751,1207959552,0.0001117996871471405,True
2,16,1,16,1,32,131072,torch.bfloat16,0.8217328071594239,4831838208,0.0001117996871471405,True
2,16,1,16,1,1,524288,torch.bfloat16,0.13918720483779906,603979776,0.0001117996871471405,True
2,16,1,16,1,8,524288,torch.bfloat16,0.7877935886383056,4831838208,0.0001117996871471405,True
2,16,1,16,1,32,524288,torch.bfloat16,3.267121505737305,19327352832,0.0001117996871471405,True
2,16,1,16,1,1,1048576,torch.bfloat16,0.2540431976318359,1207959552,0.0001117996871471405,True
2,16,1,16,1,8,1048576,torch.bfloat16,1.5674256324768066,9663676416,0.0001117996871471405,True
2,16,1,16,1,32,1048576,torch.bfloat16,6.407734680175781,38654705664,0.0001117996871471405,True
2,16,1,16,1,1,1024,torch.float8_e4m3fn,0.012371200323104858,589824,0.0008884267881512642,True
2,16,1,16,1,8,1024,torch.float8_e4m3fn,0.012478400021791458,4718592,0.0008884267881512642,True
2,16,1,16,1,32,1024,torch.float8_e4m3fn,0.014412799477577209,18874368,0.0008884267881512642,True
2,16,1,16,1,1,8192,torch.float8_e4m3fn,0.014313599467277527,4718592,0.0008884267881512642,True
2,16,1,16,1,8,8192,torch.float8_e4m3fn,0.01658560037612915,37748736,0.0008884267881512642,True
2,16,1,16,1,32,8192,torch.float8_e4m3fn,0.03580000102519989,150994944,0.0008884267881512642,True
2,16,1,16,1,1,32768,torch.float8_e4m3fn,0.02279680073261261,18874368,0.0008884267881512642,True
2,16,1,16,1,8,32768,torch.float8_e4m3fn,0.03709760010242462,150994944,0.0008884267881512642,True
2,16,1,16,1,32,32768,torch.float8_e4m3fn,0.10216000080108642,603979776,0.0008884267881512642,True
2,16,1,16,1,1,131072,torch.float8_e4m3fn,0.031014400720596313,75497472,0.0008884267881512642,True
2,16,1,16,1,8,131072,torch.float8_e4m3fn,0.10053919553756714,603979776,0.0008884267881512642,True
2,16,1,16,1,32,131072,torch.float8_e4m3fn,0.36653919219970704,2415919104,0.0008884267881512642,True
2,16,1,16,1,1,524288,torch.float8_e4m3fn,0.07573760151863099,301989888,0.0008884267881512642,True
2,16,1,16,1,8,524288,torch.float8_e4m3fn,0.3492863893508911,2415919104,0.0008884267881512642,True
2,16,1,16,1,32,524288,torch.float8_e4m3fn,1.4108880043029786,9663676416,0.0008884267881512642,True
2,16,1,16,1,1,1048576,torch.float8_e4m3fn,0.12729439735412598,603979776,0.0008884267881512642,True
2,16,1,16,1,8,1048576,torch.float8_e4m3fn,0.6800687789916993,4831838208,0.0008884267881512642,True
2,16,1,16,1,32,1048576,torch.float8_e4m3fn,2.8342048645019533,19327352832,0.0008884267881512642,True
2,16,2,8,1,1,1024,torch.bfloat16,0.0539792001247406,589824,0.00010604038834571838,True
2,16,2,8,1,8,1024,torch.bfloat16,0.058424001932144164,4718592,0.00010604038834571838,True
2,16,2,8,1,32,1024,torch.bfloat16,0.0634447991847992,18874368,0.00010604038834571838,True
2,16,2,8,1,1,8192,torch.bfloat16,0.0576479971408844,4718592,0.00010604038834571838,True
2,16,2,8,1,8,8192,torch.bfloat16,0.0657920002937317,37748736,0.00010604038834571838,True
2,16,2,8,1,32,8192,torch.bfloat16,0.10899039506912231,150994944,0.00010604038834571838,True
2,16,2,8,1,1,32768,torch.bfloat16,0.0613103985786438,18874368,0.00010604038834571838,True
2,16,2,8,1,8,32768,torch.bfloat16,0.10444159507751465,150994944,0.00010604038834571838,True
2,16,2,8,1,32,32768,torch.bfloat16,0.18498400449752808,603979776,0.00010604038834571838,True
2,16,2,8,1,1,131072,torch.bfloat16,0.08312320113182067,75497472,0.00010604038834571838,True
2,16,2,8,1,8,131072,torch.bfloat16,0.17882399559020995,603979776,0.00010604038834571838,True
2,16,2,8,1,32,131072,torch.bfloat16,0.4907872200012207,2415919104,0.00010604038834571838,True
2,16,2,8,1,1,524288,torch.bfloat16,0.1362239956855774,301989888,0.00010604038834571838,True
2,16,2,8,1,8,524288,torch.bfloat16,0.4818352222442627,2415919104,0.00010604038834571838,True
2,16,2,8,1,32,524288,torch.bfloat16,1.6899248123168946,9663676416,0.00010604038834571838,True
2,16,2,8,1,1,1048576,torch.bfloat16,0.1956287980079651,603979776,0.00010604038834571838,True
2,16,2,8,1,8,1048576,torch.bfloat16,0.8532208442687989,4831838208,0.00010604038834571838,True
2,16,2,8,1,32,1048576,torch.bfloat16,3.3548030853271484,19327352832,0.00010604038834571838,True
2,16,2,8,1,1,1024,torch.float8_e4m3fn,0.05186079740524292,294912,0.0005883774720132351,True
2,16,2,8,1,8,1024,torch.float8_e4m3fn,0.055801600217819214,2359296,0.0005883774720132351,True
2,16,2,8,1,32,1024,torch.float8_e4m3fn,0.059977602958679196,9437184,0.0005883774720132351,True
2,16,2,8,1,1,8192,torch.float8_e4m3fn,0.05460960268974304,2359296,0.0005883774720132351,True
2,16,2,8,1,8,8192,torch.float8_e4m3fn,0.06260799765586852,18874368,0.0005883774720132351,True
2,16,2,8,1,32,8192,torch.float8_e4m3fn,0.07144799828529358,75497472,0.0005883774720132351,True
2,16,2,8,1,1,32768,torch.float8_e4m3fn,0.05840799808502197,9437184,0.0005883774720132351,True
2,16,2,8,1,8,32768,torch.float8_e4m3fn,0.07112159729003906,75497472,0.0005883774720132351,True
2,16,2,8,1,32,32768,torch.float8_e4m3fn,0.118339204788208,301989888,0.0005883774720132351,True
2,16,2,8,1,1,131072,torch.float8_e4m3fn,0.06967039704322815,37748736,0.0005883774720132351,True
2,16,2,8,1,8,131072,torch.float8_e4m3fn,0.11797280311584472,301989888,0.0005883774720132351,True
2,16,2,8,1,32,131072,torch.float8_e4m3fn,0.253383994102478,1207959552,0.0005883774720132351,True
2,16,2,8,1,1,524288,torch.float8_e4m3fn,0.10071519613265992,150994944,0.0005883774720132351,True
2,16,2,8,1,8,524288,torch.float8_e4m3fn,0.24230079650878905,1207959552,0.0005883774720132351,True
2,16,2,8,1,32,524288,torch.float8_e4m3fn,0.7768496036529541,4831838208,0.0005883774720132351,True
2,16,2,8,1,1,1048576,torch.float8_e4m3fn,0.1280832052230835,301989888,0.0005883774720132351,True
2,16,2,8,1,8,1048576,torch.float8_e4m3fn,0.4088655948638916,2415919104,0.0005883774720132351,True
2,16,2,8,1,32,1048576,torch.float8_e4m3fn,1.4752592086791991,9663676416,0.0005883774720132351,True
2,16,4,4,1,1,1024,torch.bfloat16,0.06641280055046081,294912,5.9623271226882935e-05,True
2,16,4,4,1,8,1024,torch.bfloat16,0.08016160130500793,2359296,5.9623271226882935e-05,True
2,16,4,4,1,32,1024,torch.bfloat16,0.08865439891815186,9437184,5.9623271226882935e-05,True
2,16,4,4,1,1,8192,torch.bfloat16,0.07388319969177246,2359296,5.9623271226882935e-05,True
2,16,4,4,1,8,8192,torch.bfloat16,0.0879151999950409,18874368,5.9623271226882935e-05,True
2,16,4,4,1,32,8192,torch.bfloat16,0.11997599601745605,75497472,5.9623271226882935e-05,True
2,16,4,4,1,1,32768,torch.bfloat16,0.07436000108718872,9437184,5.9623271226882935e-05,True
2,16,4,4,1,8,32768,torch.bfloat16,0.10706559419631959,75497472,5.9623271226882935e-05,True
2,16,4,4,1,32,32768,torch.bfloat16,0.18352160453796387,301989888,5.9623271226882935e-05,True
2,16,4,4,1,1,131072,torch.bfloat16,0.08800479769706726,37748736,5.9623271226882935e-05,True
2,16,4,4,1,8,131072,torch.bfloat16,0.17360960245132445,301989888,5.9623271226882935e-05,True
2,16,4,4,1,32,131072,torch.bfloat16,0.41393117904663085,1207959552,5.9623271226882935e-05,True
2,16,4,4,1,1,524288,torch.bfloat16,0.13771840333938598,150994944,5.9623271226882935e-05,True
2,16,4,4,1,8,524288,torch.bfloat16,0.3807440042495728,1207959552,5.9623271226882935e-05,True
2,16,4,4,1,32,524288,torch.bfloat16,1.3205295562744142,4831838208,5.9623271226882935e-05,True
2,16,4,4,1,1,1048576,torch.bfloat16,0.18850400447845458,301989888,5.9623271226882935e-05,True
2,16,4,4,1,8,1048576,torch.bfloat16,0.6588352203369141,2415919104,5.9623271226882935e-05,True
2,16,4,4,1,32,1048576,torch.bfloat16,2.537648010253906,9663676416,5.9623271226882935e-05,True
2,16,4,4,1,1,1024,torch.float8_e4m3fn,0.0648527979850769,147456,0.0004818299785256386,True
2,16,4,4,1,8,1024,torch.float8_e4m3fn,0.07771199941635132,1179648,0.0004818299785256386,True
2,16,4,4,1,32,1024,torch.float8_e4m3fn,0.0839407980442047,4718592,0.0004818299785256386,True
2,16,4,4,1,1,8192,torch.float8_e4m3fn,0.07114400267601013,1179648,0.0004818299785256386,True
2,16,4,4,1,8,8192,torch.float8_e4m3fn,0.08262879848480224,9437184,0.0004818299785256386,True
2,16,4,4,1,32,8192,torch.float8_e4m3fn,0.09511839747428893,37748736,0.0004818299785256386,True
2,16,4,4,1,1,32768,torch.float8_e4m3fn,0.07260159850120544,4718592,0.0004818299785256386,True
2,16,4,4,1,8,32768,torch.float8_e4m3fn,0.09085760116577149,37748736,0.0004818299785256386,True
2,16,4,4,1,32,32768,torch.float8_e4m3fn,0.13577280044555665,150994944,0.0004818299785256386,True
2,16,4,4,1,1,131072,torch.float8_e4m3fn,0.08147040009498596,18874368,0.0004818299785256386,True
2,16,4,4,1,8,131072,torch.float8_e4m3fn,0.13088959455490112,150994944,0.0004818299785256386,True
2,16,4,4,1,32,131072,torch.float8_e4m3fn,0.24390559196472167,603979776,0.0004818299785256386,True
2,16,4,4,1,1,524288,torch.float8_e4m3fn,0.10371840000152588,75497472,0.0004818299785256386,True
2,16,4,4,1,8,524288,torch.float8_e4m3fn,0.22828478813171388,603979776,0.0004818299785256386,True
2,16,4,4,1,32,524288,torch.float8_e4m3fn,0.6566624164581298,2415919104,0.0004818299785256386,True
2,16,4,4,1,1,1048576,torch.float8_e4m3fn,0.12836159467697145,150994944,0.0004818299785256386,True
2,16,4,4,1,8,1048576,torch.float8_e4m3fn,0.35431199073791503,1207959552,0.0004818299785256386,True
2,16,4,4,1,32,1048576,torch.float8_e4m3fn,1.2037391662597656,4831838208,0.0004818299785256386,True
2,16,8,2,1,1,1024,torch.bfloat16,0.09553599953651429,147456,4.843529313802719e-05,True
2,16,8,2,1,8,1024,torch.bfloat16,0.10135040283203126,1179648,4.843529313802719e-05,True
2,16,8,2,1,32,1024,torch.bfloat16,0.12661919593811036,4718592,4.843529313802719e-05,True
2,16,8,2,1,1,8192,torch.bfloat16,0.09881280064582824,1179648,4.843529313802719e-05,True
2,16,8,2,1,8,8192,torch.bfloat16,0.10825599431991577,9437184,4.843529313802719e-05,True
2,16,8,2,1,32,8192,torch.bfloat16,0.1465648055076599,37748736,4.843529313802719e-05,True
2,16,8,2,1,1,32768,torch.bfloat16,0.09933120012283325,4718592,4.843529313802719e-05,True
2,16,8,2,1,8,32768,torch.bfloat16,0.11807839870452881,37748736,4.843529313802719e-05,True
2,16,8,2,1,32,32768,torch.bfloat16,0.18335679769515992,150994944,4.843529313802719e-05,True
2,16,8,2,1,1,131072,torch.bfloat16,0.10805759429931641,18874368,4.843529313802719e-05,True
2,16,8,2,1,8,131072,torch.bfloat16,0.14977279901504517,150994944,4.843529313802719e-05,True
2,16,8,2,1,32,131072,torch.bfloat16,0.26402719020843507,603979776,4.843529313802719e-05,True
2,16,8,2,1,1,524288,torch.bfloat16,0.12688640356063843,75497472,4.843529313802719e-05,True
2,16,8,2,1,8,524288,torch.bfloat16,0.2303999900817871,603979776,4.843529313802719e-05,True
2,16,8,2,1,32,524288,torch.bfloat16,0.5725791931152344,2415919104,4.843529313802719e-05,True
2,16,8,2,1,1,1048576,torch.bfloat16,0.15214240550994873,150994944,4.843529313802719e-05,True
2,16,8,2,1,8,1048576,torch.bfloat16,0.3426624059677124,1207959552,4.843529313802719e-05,True
2,16,8,2,1,32,1048576,torch.bfloat16,0.9919424057006836,4831838208,4.843529313802719e-05,True
2,16,8,2,1,1,1024,torch.float8_e4m3fn,0.09378719925880433,73728,0.0003071804530918598,True
2,16,8,2,1,8,1024,torch.float8_e4m3fn,0.10195200443267823,589824,0.0003071804530918598,True
2,16,8,2,1,32,1024,torch.float8_e4m3fn,0.12193119525909424,2359296,0.0003071804530918598,True
2,16,8,2,1,1,8192,torch.float8_e4m3fn,0.09458879828453064,589824,0.0003071804530918598,True
2,16,8,2,1,8,8192,torch.float8_e4m3fn,0.10385600328445435,4718592,0.0003071804530918598,True
2,16,8,2,1,32,8192,torch.float8_e4m3fn,0.12871359586715697,18874368,0.0003071804530918598,True
2,16,8,2,1,1,32768,torch.float8_e4m3fn,0.09780160188674927,2359296,0.0003071804530918598,True
2,16,8,2,1,8,32768,torch.float8_e4m3fn,0.10915039777755738,18874368,0.0003071804530918598,True
2,16,8,2,1,32,32768,torch.float8_e4m3fn,0.15487840175628662,75497472,0.0003071804530918598,True
2,16,8,2,1,1,131072,torch.float8_e4m3fn,0.10376640558242797,9437184,0.0003071804530918598,True
2,16,8,2,1,8,131072,torch.float8_e4m3fn,0.11779680252075195,75497472,0.0003071804530918598,True
2,16,8,2,1,32,131072,torch.float8_e4m3fn,0.20716478824615478,301989888,0.0003071804530918598,True
2,16,8,2,1,1,524288,torch.float8_e4m3fn,0.11421600580215455,37748736,0.0003071804530918598,True
2,16,8,2,1,8,524288,torch.float8_e4m3fn,0.17122080326080322,301989888,0.0003071804530918598,True
2,16,8,2,1,32,524288,torch.float8_e4m3fn,0.38007678985595705,1207959552,0.0003071804530918598,True
2,16,8,2,1,1,1048576,torch.float8_e4m3fn,0.12759679555892944,75497472,0.0003071804530918598,True
2,16,8,2,1,8,1048576,torch.float8_e4m3fn,0.22781600952148437,603979776,0.0003071804530918598,True
2,16,8,2,1,32,1048576,torch.float8_e4m3fn,0.6045839786529541,2415919104,0.0003071804530918598,True
2,16,16,1,1,1,8192,torch.bfloat16,0.14983680248260497,589824,2.668239176273346e-05,True
2,16,16,1,1,8,8192,torch.bfloat16,0.1640735983848572,4718592,2.668239176273346e-05,True
2,16,16,1,1,32,8192,torch.bfloat16,0.21672320365905762,18874368,2.668239176273346e-05,True
2,16,16,1,1,1,32768,torch.bfloat16,0.1518128037452698,2359296,2.668239176273346e-05,True
2,16,16,1,1,8,32768,torch.bfloat16,0.17800159454345704,18874368,2.668239176273346e-05,True
2,16,16,1,1,32,32768,torch.bfloat16,0.24450879096984862,75497472,2.668239176273346e-05,True
2,16,16,1,1,1,131072,torch.bfloat16,0.15991519689559935,9437184,2.668239176273346e-05,True
2,16,16,1,1,8,131072,torch.bfloat16,0.20241920948028563,75497472,2.668239176273346e-05,True
2,16,16,1,1,32,131072,torch.bfloat16,0.2916127920150757,301989888,2.668239176273346e-05,True
2,16,16,1,1,1,524288,torch.bfloat16,0.16866079568862916,37748736,2.668239176273346e-05,True
2,16,16,1,1,8,524288,torch.bfloat16,0.254038405418396,301989888,2.668239176273346e-05,True
2,16,16,1,1,32,524288,torch.bfloat16,0.4614416122436523,1207959552,2.668239176273346e-05,True
2,16,16,1,1,1,1048576,torch.bfloat16,0.18085600137710572,75497472,2.668239176273346e-05,True
2,16,16,1,1,8,1048576,torch.bfloat16,0.3095360040664673,603979776,2.668239176273346e-05,True
2,16,16,1,1,32,1048576,torch.bfloat16,0.7004415988922119,2415919104,2.668239176273346e-05,True
2,16,16,1,1,1,8192,torch.float8_e4m3fn,0.14495840072631835,294912,0.0002747278194874525,True
2,16,16,1,1,8,8192,torch.float8_e4m3fn,0.16310880184173585,2359296,0.0002747278194874525,True
2,16,16,1,1,32,8192,torch.float8_e4m3fn,0.2013711929321289,9437184,0.0002747278194874525,True
2,16,16,1,1,1,32768,torch.float8_e4m3fn,0.1467087984085083,1179648,0.0002747278194874525,True
2,16,16,1,1,8,32768,torch.float8_e4m3fn,0.17277599573135377,9437184,0.0002747278194874525,True
2,16,16,1,1,32,32768,torch.float8_e4m3fn,0.225,37748736,0.0002747278194874525,True
2,16,16,1,1,1,131072,torch.float8_e4m3fn,0.15096319913864137,4718592,0.0002747278194874525,True
2,16,16,1,1,8,131072,torch.float8_e4m3fn,0.17603679895401,37748736,0.0002747278194874525,True
2,16,16,1,1,32,131072,torch.float8_e4m3fn,0.2567552089691162,150994944,0.0002747278194874525,True
2,16,16,1,1,1,524288,torch.float8_e4m3fn,0.1625056028366089,18874368,0.0002747278194874525,True
2,16,16,1,1,8,524288,torch.float8_e4m3fn,0.22571680545806885,150994944,0.0002747278194874525,True
2,16,16,1,1,32,524288,torch.float8_e4m3fn,0.36015520095825193,603979776,0.0002747278194874525,True
2,16,16,1,1,1,1048576,torch.float8_e4m3fn,0.1665328025817871,37748736,0.0002747278194874525,True
2,16,16,1,1,8,1048576,torch.float8_e4m3fn,0.2512255907058716,301989888,0.0002747278194874525,True
2,16,16,1,1,32,1048576,torch.float8_e4m3fn,0.49281601905822753,1207959552,0.0002747278194874525,True
2,8,1,8,2,1,1024,torch.bfloat16,0.014628799259662628,1179648,0.00011550262570381165,True
2,8,1,8,2,8,1024,torch.bfloat16,0.01451359987258911,9437184,0.00011550262570381165,True
2,8,1,8,2,32,1024,torch.bfloat16,0.01672479957342148,37748736,0.00011550262570381165,True
2,8,1,8,2,1,8192,torch.bfloat16,0.016641600430011748,9437184,0.00011550262570381165,True
2,8,1,8,2,8,8192,torch.bfloat16,0.01908479928970337,75497472,0.00011550262570381165,True
2,8,1,8,2,32,8192,torch.bfloat16,0.06931359767913818,301989888,0.00011550262570381165,True
2,8,1,8,2,1,32768,torch.bfloat16,0.026875200867652892,37748736,0.00011550262570381165,True
2,8,1,8,2,8,32768,torch.bfloat16,0.06741759777069092,301989888,0.00011550262570381165,True
2,8,1,8,2,32,32768,torch.bfloat16,0.22417759895324707,1207959552,0.00011550262570381165,True
2,8,1,8,2,1,131072,torch.bfloat16,0.05326399803161621,150994944,0.00011550262570381165,True
2,8,1,8,2,8,131072,torch.bfloat16,0.23121120929718017,1207959552,0.00011550262570381165,True
2,8,1,8,2,32,131072,torch.bfloat16,0.8314064025878907,4831838208,0.00011550262570381165,True
2,8,1,8,2,1,524288,torch.bfloat16,0.13819520473480223,603979776,0.00011550262570381165,True
2,8,1,8,2,8,524288,torch.bfloat16,0.7920432090759277,4831838208,0.00011550262570381165,True
2,8,1,8,2,32,524288,torch.bfloat16,3.2776126861572266,19327352832,0.00011550262570381165,True
2,8,1,8,2,1,1048576,torch.bfloat16,0.25339839458465574,1207959552,0.00011550262570381165,True
2,8,1,8,2,8,1048576,torch.bfloat16,1.5691200256347657,9663676416,0.00011550262570381165,True
2,8,1,8,2,32,1048576,torch.bfloat16,6.455902099609375,38654705664,0.00011550262570381165,True
2,8,1,8,2,1,1024,torch.float8_e4m3fn,0.012449599802494049,589824,0.0009353943169116974,True
2,8,1,8,2,8,1024,torch.float8_e4m3fn,0.012670400738716125,4718592,0.0009353943169116974,True
2,8,1,8,2,32,1024,torch.float8_e4m3fn,0.014646400511264802,18874368,0.0009353943169116974,True
2,8,1,8,2,1,8192,torch.float8_e4m3fn,0.014616000652313232,4718592,0.0009353943169116974,True
2,8,1,8,2,8,8192,torch.float8_e4m3fn,0.016702400147914888,37748736,0.0009353943169116974,True
2,8,1,8,2,32,8192,torch.float8_e4m3fn,0.03714239895343781,150994944,0.0009353943169116974,True
2,8,1,8,2,1,32768,torch.float8_e4m3fn,0.022628800570964815,18874368,0.0009353943169116974,True
2,8,1,8,2,8,32768,torch.float8_e4m3fn,0.038071998953819276,150994944,0.0009353943169116974,True
2,8,1,8,2,32,32768,torch.float8_e4m3fn,0.10311679840087891,603979776,0.0009353943169116974,True
2,8,1,8,2,1,131072,torch.float8_e4m3fn,0.03102880120277405,75497472,0.0009353943169116974,True
2,8,1,8,2,8,131072,torch.float8_e4m3fn,0.10180480480194092,603979776,0.0009353943169116974,True
2,8,1,8,2,32,131072,torch.float8_e4m3fn,0.3643775939941406,2415919104,0.0009353943169116974,True
2,8,1,8,2,1,524288,torch.float8_e4m3fn,0.07443519830703735,301989888,0.0009353943169116974,True
2,8,1,8,2,8,524288,torch.float8_e4m3fn,0.3494895935058594,2415919104,0.0009353943169116974,True
2,8,1,8,2,32,524288,torch.float8_e4m3fn,1.4107999801635742,9663676416,0.0009353943169116974,True
2,8,1,8,2,1,1048576,torch.float8_e4m3fn,0.12549599409103393,603979776,0.0009353943169116974,True
2,8,1,8,2,8,1048576,torch.float8_e4m3fn,0.6813007831573487,4831838208,0.0009353943169116974,True
2,8,1,8,2,32,1048576,torch.float8_e4m3fn,2.8626800537109376,19327352832,0.0009353943169116974,True
2,8,2,4,2,1,1024,torch.bfloat16,0.05827680230140686,589824,0.00010810792446136475,True
2,8,2,4,2,8,1024,torch.bfloat16,0.06911680102348328,4718592,0.00010810792446136475,True
2,8,2,4,2,32,1024,torch.bfloat16,0.07820640206336975,18874368,0.00010810792446136475,True
2,8,2,4,2,1,8192,torch.bfloat16,0.06252480149269105,4718592,0.00010810792446136475,True
2,8,2,4,2,8,8192,torch.bfloat16,0.07688959836959838,37748736,0.00010810792446136475,True
2,8,2,4,2,32,8192,torch.bfloat16,0.13628799915313722,150994944,0.00010810792446136475,True
2,8,2,4,2,1,32768,torch.bfloat16,0.06805599927902221,18874368,0.00010810792446136475,True
2,8,2,4,2,8,32768,torch.bfloat16,0.12463200092315674,150994944,0.00010810792446136475,True
2,8,2,4,2,32,32768,torch.bfloat16,0.2472912073135376,603979776,0.00010810792446136475,True
2,8,2,4,2,1,131072,torch.bfloat16,0.09904320240020752,75497472,0.00010810792446136475,True
2,8,2,4,2,8,131072,torch.bfloat16,0.22854399681091309,603979776,0.00010810792446136475,True
2,8,2,4,2,32,131072,torch.bfloat16,0.7049871921539307,2415919104,0.00010810792446136475,True
2,8,2,4,2,1,524288,torch.bfloat16,0.1752287983894348,301989888,0.00010810792446136475,True
2,8,2,4,2,8,524288,torch.bfloat16,0.6444960117340088,2415919104,0.00010810792446136475,True
2,8,2,4,2,32,524288,torch.bfloat16,2.517092704772949,9663676416,0.00010810792446136475,True
2,8,2,4,2,1,1048576,torch.bfloat16,0.2732111930847168,603979776,0.00010810792446136475,True
2,8,2,4,2,8,1048576,torch.bfloat16,1.200710391998291,4831838208,0.00010810792446136475,True
2,8,2,4,2,32,1048576,torch.bfloat16,4.924995040893554,19327352832,0.00010810792446136475,True
2,8,2,4,2,1,1024,torch.float8_e4m3fn,0.056734400987625125,294912,0.000601544976234436,True
2,8,2,4,2,8,1024,torch.float8_e4m3fn,0.06682080030441284,2359296,0.000601544976234436,True
2,8,2,4,2,32,1024,torch.float8_e4m3fn,0.07390080094337463,9437184,0.000601544976234436,True
2,8,2,4,2,1,8192,torch.float8_e4m3fn,0.059033602476119995,2359296,0.000601544976234436,True
2,8,2,4,2,8,8192,torch.float8_e4m3fn,0.07328640222549439,18874368,0.000601544976234436,True
2,8,2,4,2,32,8192,torch.float8_e4m3fn,0.09273920059204102,75497472,0.000601544976234436,True
2,8,2,4,2,1,32768,torch.float8_e4m3fn,0.065665602684021,9437184,0.000601544976234436,True
2,8,2,4,2,8,32768,torch.float8_e4m3fn,0.08774560093879699,75497472,0.000601544976234436,True
2,8,2,4,2,32,32768,torch.float8_e4m3fn,0.16019200086593627,301989888,0.000601544976234436,True
2,8,2,4,2,1,131072,torch.float8_e4m3fn,0.07309439778327942,37748736,0.000601544976234436,True
2,8,2,4,2,8,131072,torch.float8_e4m3fn,0.15185439586639404,301989888,0.000601544976234436,True
2,8,2,4,2,32,131072,torch.float8_e4m3fn,0.3693167924880981,1207959552,0.000601544976234436,True
2,8,2,4,2,1,524288,torch.float8_e4m3fn,0.11791520118713379,150994944,0.000601544976234436,True
2,8,2,4,2,8,524288,torch.float8_e4m3fn,0.34427680969238283,1207959552,0.000601544976234436,True
2,8,2,4,2,32,524288,torch.float8_e4m3fn,1.1877327919006349,4831838208,0.000601544976234436,True
2,8,2,4,2,1,1048576,torch.float8_e4m3fn,0.16574399471282958,301989888,0.000601544976234436,True
2,8,2,4,2,8,1048576,torch.float8_e4m3fn,0.5939792156219482,2415919104,0.000601544976234436,True
2,8,2,4,2,32,1048576,torch.float8_e4m3fn,2.310001564025879,9663676416,0.000601544976234436,True
2,8,4,2,2,1,1024,torch.bfloat16,0.06720479726791381,294912,5.9623271226882935e-05,True
2,8,4,2,2,8,1024,torch.bfloat16,0.0749072015285492,2359296,5.9623271226882935e-05,True
2,8,4,2,2,32,1024,torch.bfloat16,0.09593440294265747,9437184,5.9623271226882935e-05,True
2,8,4,2,2,1,8192,torch.bfloat16,0.07114880084991455,2359296,5.9623271226882935e-05,True
2,8,4,2,2,8,8192,torch.bfloat16,0.0838271975517273,18874368,5.9623271226882935e-05,True
2,8,4,2,2,32,8192,torch.bfloat16,0.11445120573043824,75497472,5.9623271226882935e-05,True
2,8,4,2,2,1,32768,torch.bfloat16,0.07830560207366943,9437184,5.9623271226882935e-05,True
2,8,4,2,2,8,32768,torch.bfloat16,0.09375200271606446,75497472,5.9623271226882935e-05,True
2,8,4,2,2,32,32768,torch.bfloat16,0.16888320446014404,301989888,5.9623271226882935e-05,True
2,8,4,2,2,1,131072,torch.bfloat16,0.0908959984779358,37748736,5.9623271226882935e-05,True
2,8,4,2,2,8,131072,torch.bfloat16,0.14818079471588136,301989888,5.9623271226882935e-05,True
2,8,4,2,2,32,131072,torch.bfloat16,0.3259376049041748,1207959552,5.9623271226882935e-05,True
2,8,4,2,2,1,524288,torch.bfloat16,0.12656960487365723,150994944,5.9623271226882935e-05,True
2,8,4,2,2,8,524288,torch.bfloat16,0.31761600971221926,1207959552,5.9623271226882935e-05,True
2,8,4,2,2,32,524288,torch.bfloat16,0.9554656028747559,4831838208,5.9623271226882935e-05,True
2,8,4,2,2,1,1048576,torch.bfloat16,0.16768800020217894,301989888,5.9623271226882935e-05,True
2,8,4,2,2,8,1048576,torch.bfloat16,0.5147232055664063,2415919104,5.9623271226882935e-05,True
2,8,4,2,2,32,1048576,torch.bfloat16,1.8267776489257812,9663676416,5.9623271226882935e-05,True
2,8,4,2,2,1,1024,torch.float8_e4m3fn,0.06648799777030945,147456,0.0004870822886005044,True
2,8,4,2,2,8,1024,torch.float8_e4m3fn,0.07329760193824768,1179648,0.0004870822886005044,True
2,8,4,2,2,32,1024,torch.float8_e4m3fn,0.09052640199661255,4718592,0.0004870822886005044,True
2,8,4,2,2,1,8192,torch.float8_e4m3fn,0.07180320024490357,1179648,0.0004870822886005044,True
2,8,4,2,2,8,8192,torch.float8_e4m3fn,0.07840160131454468,9437184,0.0004870822886005044,True
2,8,4,2,2,32,8192,torch.float8_e4m3fn,0.09758080244064331,37748736,0.0004870822886005044,True
2,8,4,2,2,1,32768,torch.float8_e4m3fn,0.07337120175361633,4718592,0.0004870822886005044,True
2,8,4,2,2,8,32768,torch.float8_e4m3fn,0.08946080207824707,37748736,0.0004870822886005044,True
2,8,4,2,2,32,32768,torch.float8_e4m3fn,0.13531999588012694,150994944,0.0004870822886005044,True
2,8,4,2,2,1,131072,torch.float8_e4m3fn,0.08087679743766785,18874368,0.0004870822886005044,True
2,8,4,2,2,8,131072,torch.float8_e4m3fn,0.11980799436569214,150994944,0.0004870822886005044,True
2,8,4,2,2,32,131072,torch.float8_e4m3fn,0.22795679569244384,603979776,0.0004870822886005044,True
2,8,4,2,2,1,524288,torch.float8_e4m3fn,0.10329439640045165,75497472,0.0004870822886005044,True
2,8,4,2,2,8,524288,torch.float8_e4m3fn,0.20189440250396729,603979776,0.0004870822886005044,True
2,8,4,2,2,32,524288,torch.float8_e4m3fn,0.5661344051361084,2415919104,0.0004870822886005044,True
2,8,4,2,2,1,1048576,torch.float8_e4m3fn,0.13255679607391357,150994944,0.0004870822886005044,True
2,8,4,2,2,8,1048576,torch.float8_e4m3fn,0.304367995262146,1207959552,0.0004870822886005044,True
2,8,4,2,2,32,1048576,torch.float8_e4m3fn,1.0236623764038086,4831838208,0.0004870822886005044,True
2,8,8,1,2,1,1024,torch.bfloat16,0.10044640302658081,147456,4.8801302909851074e-05,True
2,8,8,1,2,8,1024,torch.bfloat16,0.11460959911346436,1179648,4.8801302909851074e-05,True
2,8,8,1,2,32,1024,torch.bfloat16,0.16582080125808715,4718592,4.8801302909851074e-05,True
2,8,8,1,2,1,8192,torch.bfloat16,0.10401279926300049,1179648,4.8801302909851074e-05,True
2,8,8,1,2,8,8192,torch.bfloat16,0.12457760572433471,9437184,4.8801302909851074e-05,True
2,8,8,1,2,32,8192,torch.bfloat16,0.19529279470443725,37748736,4.8801302909851074e-05,True
2,8,8,1,2,1,32768,torch.bfloat16,0.10790719985961914,4718592,4.8801302909851074e-05,True
2,8,8,1,2,8,32768,torch.bfloat16,0.12450079917907715,37748736,4.8801302909851074e-05,True
2,8,8,1,2,32,32768,torch.bfloat16,0.22504959106445313,150994944,4.8801302909851074e-05,True
2,8,8,1,2,1,131072,torch.bfloat16,0.12486720085144043,18874368,4.8801302909851074e-05,True
2,8,8,1,2,8,131072,torch.bfloat16,0.15997120141983032,150994944,4.8801302909851074e-05,True
2,8,8,1,2,32,131072,torch.bfloat16,0.3119152069091797,603979776,4.8801302909851074e-05,True
2,8,8,1,2,1,524288,torch.bfloat16,0.12526240348815917,75497472,4.8801302909851074e-05,True
2,8,8,1,2,8,524288,torch.bfloat16,0.2451535940170288,603979776,4.8801302909851074e-05,True
2,8,8,1,2,32,524288,torch.bfloat16,0.6512239933013916,2415919104,4.8801302909851074e-05,True
2,8,8,1,2,1,1048576,torch.bfloat16,0.15720000267028808,150994944,4.8801302909851074e-05,True
2,8,8,1,2,8,1048576,torch.bfloat16,0.3475615978240967,1207959552,4.8801302909851074e-05,True
2,8,8,1,2,32,1048576,torch.bfloat16,1.1421536445617675,4831838208,4.8801302909851074e-05,True
2,8,8,1,2,1,1024,torch.float8_e4m3fn,0.11891679763793946,73728,0.0003911703824996948,True
2,8,8,1,2,8,1024,torch.float8_e4m3fn,0.11339360475540161,589824,0.0003911703824996948,True
2,8,8,1,2,32,1024,torch.float8_e4m3fn,0.16263680458068847,2359296,0.0003911703824996948,True
2,8,8,1,2,1,8192,torch.float8_e4m3fn,0.10135040283203126,589824,0.0003911703824996948,True
2,8,8,1,2,8,8192,torch.float8_e4m3fn,0.11848479509353638,4718592,0.0003911703824996948,True
2,8,8,1,2,32,8192,torch.float8_e4m3fn,0.17293599843978882,18874368,0.0003911703824996948,True
2,8,8,1,2,1,32768,torch.float8_e4m3fn,0.10507359504699706,2359296,0.0003911703824996948,True
2,8,8,1,2,8,32768,torch.float8_e4m3fn,0.12316479682922363,18874368,0.0003911703824996948,True
2,8,8,1,2,32,32768,torch.float8_e4m3fn,0.20122239589691163,75497472,0.0003911703824996948,True
2,8,8,1,2,1,131072,torch.float8_e4m3fn,0.11606719493865966,9437184,0.0003911703824996948,True
2,8,8,1,2,8,131072,torch.float8_e4m3fn,0.1380687952041626,75497472,0.0003911703824996948,True
2,8,8,1,2,32,131072,torch.float8_e4m3fn,0.2513887882232666,301989888,0.0003911703824996948,True
2,8,8,1,2,1,524288,torch.float8_e4m3fn,0.12233120203018188,37748736,0.0003911703824996948,True
2,8,8,1,2,8,524288,torch.float8_e4m3fn,0.18916480541229247,301989888,0.0003911703824996948,True
2,8,8,1,2,32,524288,torch.float8_e4m3fn,0.4455008029937744,1207959552,0.0003911703824996948,True
2,8,8,1,2,1,1048576,torch.float8_e4m3fn,0.13033759593963623,75497472,0.0003911703824996948,True
2,8,8,1,2,8,1048576,torch.float8_e4m3fn,0.2592096090316772,603979776,0.0003911703824996948,True
2,8,8,1,2,32,1048576,torch.float8_e4m3fn,0.7067344188690186,2415919104,0.0003911703824996948,True
2,4,1,4,4,1,1024,torch.bfloat16,0.018563200533390046,1179648,0.0001334846019744873,True
2,4,1,4,4,8,1024,torch.bfloat16,0.02675360143184662,9437184,0.0001334846019744873,True
2,4,1,4,4,32,1024,torch.bfloat16,0.02879520058631897,37748736,0.0001334846019744873,True
2,4,1,4,4,1,8192,torch.bfloat16,0.01908160001039505,9437184,0.0001334846019744873,True
2,4,1,4,4,8,8192,torch.bfloat16,0.03876959979534149,75497472,0.0001334846019744873,True
2,4,1,4,4,32,8192,torch.bfloat16,0.10472480058670045,301989888,0.0001334846019744873,True
2,4,1,4,4,1,32768,torch.bfloat16,0.030931198596954347,37748736,0.0001334846019744873,True
2,4,1,4,4,8,32768,torch.bfloat16,0.10091199874877929,301989888,0.0001334846019744873,True
2,4,1,4,4,32,32768,torch.bfloat16,0.3310767889022827,1207959552,0.0001334846019744873,True
2,4,1,4,4,1,131072,torch.bfloat16,0.07205439805984497,150994944,0.0001334846019744873,True
2,4,1,4,4,8,131072,torch.bfloat16,0.3048975944519043,1207959552,0.0001334846019744873,True
2,4,1,4,4,32,131072,torch.bfloat16,1.2377296447753907,4831838208,0.0001334846019744873,True
2,4,1,4,4,1,524288,torch.bfloat16,0.21772000789642335,603979776,0.0001334846019744873,True
2,4,1,4,4,8,524288,torch.bfloat16,1.1381903648376466,4831838208,0.0001334846019744873,True
2,4,1,4,4,32,524288,torch.bfloat16,4.849252700805664,19327352832,0.0001334846019744873,True
2,4,1,4,4,1,1048576,torch.bfloat16,0.41246562004089354,1207959552,0.0001334846019744873,True
2,4,1,4,4,8,1048576,torch.bfloat16,2.267068862915039,9663676416,0.0001334846019744873,True
2,4,1,4,4,32,1048576,torch.bfloat16,9.661436462402344,38654705664,0.0001334846019744873,True
2,4,1,4,4,1,1024,torch.float8_e4m3fn,0.01650719940662384,589824,0.0009353943169116974,True
2,4,1,4,4,8,1024,torch.float8_e4m3fn,0.020750400424003602,4718592,0.0009353943169116974,True
2,4,1,4,4,32,1024,torch.float8_e4m3fn,0.024747200310230255,18874368,0.0009353943169116974,True
2,4,1,4,4,1,8192,torch.float8_e4m3fn,0.01666560024023056,4718592,0.0009353943169116974,True
2,4,1,4,4,8,8192,torch.float8_e4m3fn,0.02686080038547516,37748736,0.0009353943169116974,True
2,4,1,4,4,32,8192,torch.float8_e4m3fn,0.060627198219299315,150994944,0.0009353943169116974,True
2,4,1,4,4,1,32768,torch.float8_e4m3fn,0.024859200417995452,18874368,0.0009353943169116974,True
2,4,1,4,4,8,32768,torch.float8_e4m3fn,0.05906080007553101,150994944,0.0009353943169116974,True
2,4,1,4,4,32,32768,torch.float8_e4m3fn,0.16396479606628417,603979776,0.0009353943169116974,True
2,4,1,4,4,1,131072,torch.float8_e4m3fn,0.043331199884414674,75497472,0.0009353943169116974,True
2,4,1,4,4,8,131072,torch.float8_e4m3fn,0.1515247941017151,603979776,0.0009353943169116974,True
2,4,1,4,4,32,131072,torch.float8_e4m3fn,0.5707392215728759,2415919104,0.0009353943169116974,True
2,4,1,4,4,1,524288,torch.float8_e4m3fn,0.10908000469207764,301989888,0.0009353943169116974,True
2,4,1,4,4,8,524288,torch.float8_e4m3fn,0.5282432079315186,2415919104,0.0009353943169116974,True
2,4,1,4,4,32,524288,torch.float8_e4m3fn,2.2661855697631834,9663676416,0.0009353943169116974,True
2,4,1,4,4,1,1048576,torch.float8_e4m3fn,0.1969007968902588,603979776,0.0009353943169116974,True
2,4,1,4,4,8,1048576,torch.float8_e4m3fn,1.028006362915039,4831838208,0.0009353943169116974,True
2,4,1,4,4,32,1048576,torch.float8_e4m3fn,4.563276672363282,19327352832,0.0009353943169116974,True
2,4,2,2,4,1,1024,torch.bfloat16,0.05512160062789917,589824,0.00011678412556648254,True
2,4,2,2,4,8,1024,torch.bfloat16,0.06504160165786743,4718592,0.00011678412556648254,True
2,4,2,2,4,32,1024,torch.bfloat16,0.08664960265159607,18874368,0.00011678412556648254,True
2,4,2,2,4,1,8192,torch.bfloat16,0.06102399826049805,4718592,0.00011678412556648254,True
2,4,2,2,4,8,8192,torch.bfloat16,0.08071680068969726,37748736,0.00011678412556648254,True
2,4,2,2,4,32,8192,torch.bfloat16,0.12798399925231935,150994944,0.00011678412556648254,True
2,4,2,2,4,1,32768,torch.bfloat16,0.07171040177345275,18874368,0.00011678412556648254,True
2,4,2,2,4,8,32768,torch.bfloat16,0.11125119924545288,150994944,0.00011678412556648254,True
2,4,2,2,4,32,32768,torch.bfloat16,0.21447041034698486,603979776,0.00011678412556648254,True
2,4,2,2,4,1,131072,torch.bfloat16,0.08716639876365662,75497472,0.00011678412556648254,True
2,4,2,2,4,8,131072,torch.bfloat16,0.19038879871368408,603979776,0.00011678412556648254,True
2,4,2,2,4,32,131072,torch.bfloat16,0.5239232063293457,2415919104,0.00011678412556648254,True
2,4,2,2,4,1,524288,torch.bfloat16,0.14763200283050537,301989888,0.00011678412556648254,True
2,4,2,2,4,8,524288,torch.bfloat16,0.5023727893829346,2415919104,0.00011678412556648254,True
2,4,2,2,4,32,524288,torch.bfloat16,1.812980842590332,9663676416,0.00011678412556648254,True
2,4,2,2,4,1,1048576,torch.bfloat16,0.21449120044708253,603979776,0.00011678412556648254,True
2,4,2,2,4,8,1048576,torch.bfloat16,0.9023056030273438,4831838208,0.00011678412556648254,True
2,4,2,2,4,32,1048576,torch.bfloat16,3.7918033599853516,19327352832,0.00011678412556648254,True
2,4,2,2,4,1,1024,torch.float8_e4m3fn,0.05431200265884399,294912,0.0006171111017465591,True
2,4,2,2,4,8,1024,torch.float8_e4m3fn,0.06041920185089111,2359296,0.0006171111017465591,True
2,4,2,2,4,32,1024,torch.float8_e4m3fn,0.07935360074043274,9437184,0.0006171111017465591,True
2,4,2,2,4,1,8192,torch.float8_e4m3fn,0.06017600297927857,2359296,0.0006171111017465591,True
2,4,2,2,4,8,8192,torch.float8_e4m3fn,0.0690608024597168,18874368,0.0006171111017465591,True
2,4,2,2,4,32,8192,torch.float8_e4m3fn,0.09542080163955688,75497472,0.0006171111017465591,True
2,4,2,2,4,1,32768,torch.float8_e4m3fn,0.06390560269355774,9437184,0.0006171111017465591,True
2,4,2,2,4,8,32768,torch.float8_e4m3fn,0.07905279994010925,75497472,0.0006171111017465591,True
2,4,2,2,4,32,32768,torch.float8_e4m3fn,0.15011359453201295,301989888,0.0006171111017465591,True
2,4,2,2,4,1,131072,torch.float8_e4m3fn,0.07464960217475891,37748736,0.0006171111017465591,True
2,4,2,2,4,8,131072,torch.float8_e4m3fn,0.13135679960250854,301989888,0.0006171111017465591,True
2,4,2,2,4,32,131072,torch.float8_e4m3fn,0.32333760261535643,1207959552,0.0006171111017465591,True
2,4,2,2,4,1,524288,torch.float8_e4m3fn,0.11718560457229614,150994944,0.0006171111017465591,True
2,4,2,2,4,8,524288,torch.float8_e4m3fn,0.28987679481506345,1207959552,0.0006171111017465591,True
2,4,2,2,4,32,524288,torch.float8_e4m3fn,0.9965696334838867,4831838208,0.0006171111017465591,True
2,4,2,2,4,1,1048576,torch.float8_e4m3fn,0.15521279573440552,301989888,0.0006171111017465591,True
2,4,2,2,4,8,1048576,torch.float8_e4m3fn,0.49806880950927734,2415919104,0.0006171111017465591,True
2,4,2,2,4,32,1048576,torch.float8_e4m3fn,2.0613584518432617,9663676416,0.0006171111017465591,True
2,4,4,1,4,1,1024,torch.bfloat16,0.07046560049057007,294912,7.111579179763794e-05,True
2,4,4,1,4,8,1024,torch.bfloat16,0.09043840169906617,2359296,7.111579179763794e-05,True
2,4,4,1,4,32,1024,torch.bfloat16,0.13129440546035767,9437184,7.111579179763794e-05,True
2,4,4,1,4,1,8192,torch.bfloat16,0.07848640084266663,2359296,7.111579179763794e-05,True
2,4,4,1,4,8,8192,torch.bfloat16,0.10632319450378418,18874368,7.111579179763794e-05,True
2,4,4,1,4,32,8192,torch.bfloat16,0.16474560499191285,75497472,7.111579179763794e-05,True
2,4,4,1,4,1,32768,torch.bfloat16,0.0846015989780426,9437184,7.111579179763794e-05,True
2,4,4,1,4,8,32768,torch.bfloat16,0.11672320365905761,75497472,7.111579179763794e-05,True
2,4,4,1,4,32,32768,torch.bfloat16,0.2141711950302124,301989888,7.111579179763794e-05,True
2,4,4,1,4,1,131072,torch.bfloat16,0.0946175992488861,37748736,7.111579179763794e-05,True
2,4,4,1,4,8,131072,torch.bfloat16,0.16187520027160646,301989888,7.111579179763794e-05,True
2,4,4,1,4,32,131072,torch.bfloat16,0.38394238948822024,1207959552,7.111579179763794e-05,True
2,4,4,1,4,1,524288,torch.bfloat16,0.12577919960021972,150994944,7.111579179763794e-05,True
2,4,4,1,4,8,524288,torch.bfloat16,0.3236207962036133,1207959552,7.111579179763794e-05,True
2,4,4,1,4,32,524288,torch.bfloat16,1.0995120048522948,4831838208,7.111579179763794e-05,True
2,4,4,1,4,1,1048576,torch.bfloat16,0.1936992049217224,301989888,7.111579179763794e-05,True
2,4,4,1,4,8,1048576,torch.bfloat16,0.5716495990753174,2415919104,7.111579179763794e-05,True
2,4,4,1,4,32,1048576,torch.bfloat16,2.195257568359375,9663676416,7.111579179763794e-05,True
2,4,4,1,4,1,1024,torch.float8_e4m3fn,0.09605439901351928,147456,0.0004870817647315562,True
2,4,4,1,4,8,1024,torch.float8_e4m3fn,0.08632479906082154,1179648,0.0004870817647315562,True
2,4,4,1,4,32,1024,torch.float8_e4m3fn,0.12353119850158692,4718592,0.0004870817647315562,True
2,4,4,1,4,1,8192,torch.float8_e4m3fn,0.07582560181617737,1179648,0.0004870817647315562,True
2,4,4,1,4,8,8192,torch.float8_e4m3fn,0.09648159742355347,9437184,0.0004870817647315562,True
2,4,4,1,4,32,8192,torch.float8_e4m3fn,0.14430240392684937,37748736,0.0004870817647315562,True
2,4,4,1,4,1,32768,torch.float8_e4m3fn,0.08006719946861267,4718592,0.0004870817647315562,True
2,4,4,1,4,8,32768,torch.float8_e4m3fn,0.1012719988822937,37748736,0.0004870817647315562,True
2,4,4,1,4,32,32768,torch.float8_e4m3fn,0.17692320346832274,150994944,0.0004870817647315562,True
2,4,4,1,4,1,131072,torch.float8_e4m3fn,0.09301279783248902,18874368,0.0004870817647315562,True
2,4,4,1,4,8,131072,torch.float8_e4m3fn,0.13426560163497925,150994944,0.0004870817647315562,True
2,4,4,1,4,32,131072,torch.float8_e4m3fn,0.2776096105575562,603979776,0.0004870817647315562,True
2,4,4,1,4,1,524288,torch.float8_e4m3fn,0.10450719594955445,75497472,0.0004870817647315562,True
2,4,4,1,4,8,524288,torch.float8_e4m3fn,0.23369760513305665,603979776,0.0004870817647315562,True
2,4,4,1,4,32,524288,torch.float8_e4m3fn,0.6656799793243409,2415919104,0.0004870817647315562,True
2,4,4,1,4,1,1048576,torch.float8_e4m3fn,0.14014240503311157,150994944,0.0004870817647315562,True
2,4,4,1,4,8,1048576,torch.float8_e4m3fn,0.3583231925964355,1207959552,0.0004870817647315562,True
2,4,4,1,4,32,1048576,torch.float8_e4m3fn,1.2424528121948242,4831838208,0.0004870817647315562,True
3,16,1,16,1,1,1024,torch.bfloat16,0.012544000148773193,1179648,7.654912769794464e-05,True
3,16,1,16,1,8,1024,torch.bfloat16,0.013436800241470337,9437184,7.654912769794464e-05,True
3,16,1,16,1,32,1024,torch.bfloat16,0.016494399309158324,37748736,7.654912769794464e-05,True
3,16,1,16,1,1,8192,torch.bfloat16,0.014640000462532044,9437184,7.654912769794464e-05,True
3,16,1,16,1,8,8192,torch.bfloat16,0.019526399672031403,75497472,7.654912769794464e-05,True
3,16,1,16,1,32,8192,torch.bfloat16,0.06766880154609681,301989888,7.654912769794464e-05,True
3,16,1,16,1,1,32768,torch.bfloat16,0.0269679993391037,37748736,7.654912769794464e-05,True
3,16,1,16,1,8,32768,torch.bfloat16,0.0673088014125824,301989888,7.654912769794464e-05,True
3,16,1,16,1,32,32768,torch.bfloat16,0.22220640182495116,1207959552,7.654912769794464e-05,True
3,16,1,16,1,1,131072,torch.bfloat16,0.05415999889373779,150994944,7.654912769794464e-05,True
3,16,1,16,1,8,131072,torch.bfloat16,0.21614720821380615,1207959552,7.654912769794464e-05,True
3,16,1,16,1,32,131072,torch.bfloat16,0.8219471931457519,4831838208,7.654912769794464e-05,True
3,16,1,16,1,1,524288,torch.bfloat16,0.13976479768753053,603979776,7.654912769794464e-05,True
3,16,1,16,1,8,524288,torch.bfloat16,0.7860256195068359,4831838208,7.654912769794464e-05,True
3,16,1,16,1,32,524288,torch.bfloat16,3.268523025512695,19327352832,7.654912769794464e-05,True
3,16,1,16,1,1,1048576,torch.bfloat16,0.25434560775756837,1207959552,7.654912769794464e-05,True
3,16,1,16,1,8,1048576,torch.bfloat16,1.5674223899841309,9663676416,7.654912769794464e-05,True
3,16,1,16,1,32,1048576,torch.bfloat16,6.410604858398438,38654705664,7.654912769794464e-05,True
3,16,1,16,1,1,1024,torch.float8_e4m3fn,0.012428800016641617,589824,0.0007806736975908279,True
3,16,1,16,1,8,1024,torch.float8_e4m3fn,0.012464000284671784,4718592,0.0007806736975908279,True
3,16,1,16,1,32,1024,torch.float8_e4m3fn,0.014467200636863709,18874368,0.0007806736975908279,True
3,16,1,16,1,1,8192,torch.float8_e4m3fn,0.014433600008487701,4718592,0.0007806736975908279,True
3,16,1,16,1,8,8192,torch.float8_e4m3fn,0.016631999611854555,37748736,0.0007806736975908279,True
3,16,1,16,1,32,8192,torch.float8_e4m3fn,0.036129599809646605,150994944,0.0007806736975908279,True
3,16,1,16,1,1,32768,torch.float8_e4m3fn,0.02272160053253174,18874368,0.0007806736975908279,True
3,16,1,16,1,8,32768,torch.float8_e4m3fn,0.03728159964084625,150994944,0.0007806736975908279,True
3,16,1,16,1,32,32768,torch.float8_e4m3fn,0.102183997631073,603979776,0.0007806736975908279,True
3,16,1,16,1,1,131072,torch.float8_e4m3fn,0.031033599376678468,75497472,0.0007806736975908279,True
3,16,1,16,1,8,131072,torch.float8_e4m3fn,0.10050079822540284,603979776,0.0007806736975908279,True
3,16,1,16,1,32,131072,torch.float8_e4m3fn,0.3667216062545776,2415919104,0.0007806736975908279,True
3,16,1,16,1,1,524288,torch.float8_e4m3fn,0.0762112021446228,301989888,0.0007806736975908279,True
3,16,1,16,1,8,524288,torch.float8_e4m3fn,0.3497200012207031,2415919104,0.0007806736975908279,True
3,16,1,16,1,32,524288,torch.float8_e4m3fn,1.415227222442627,9663676416,0.0007806736975908279,True
3,16,1,16,1,1,1048576,torch.float8_e4m3fn,0.1280303955078125,603979776,0.0007806736975908279,True
3,16,1,16,1,8,1048576,torch.float8_e4m3fn,0.680734395980835,4831838208,0.0007806736975908279,True
3,16,1,16,1,32,1048576,torch.float8_e4m3fn,2.8371807098388673,19327352832,0.0007806736975908279,True
3,16,2,8,1,1,1024,torch.bfloat16,0.05406399965286255,589824,0.00010587833821773529,True
3,16,2,8,1,8,1024,torch.bfloat16,0.058433598279953,4718592,0.00010587833821773529,True
3,16,2,8,1,32,1024,torch.bfloat16,0.06361759901046753,18874368,0.00010587833821773529,True
3,16,2,8,1,1,8192,torch.bfloat16,0.05759199857711792,4718592,0.00010587833821773529,True
3,16,2,8,1,8,8192,torch.bfloat16,0.06588640213012695,37748736,0.00010587833821773529,True
3,16,2,8,1,32,8192,torch.bfloat16,0.10921119451522827,150994944,0.00010587833821773529,True
3,16,2,8,1,1,32768,torch.bfloat16,0.06128000020980835,18874368,0.00010587833821773529,True
3,16,2,8,1,8,32768,torch.bfloat16,0.10289119482040406,150994944,0.00010587833821773529,True
3,16,2,8,1,32,32768,torch.bfloat16,0.18485920429229735,603979776,0.00010587833821773529,True
3,16,2,8,1,1,131072,torch.bfloat16,0.08348000049591064,75497472,0.00010587833821773529,True
3,16,2,8,1,8,131072,torch.bfloat16,0.17887840270996094,603979776,0.00010587833821773529,True
3,16,2,8,1,32,131072,torch.bfloat16,0.4906896114349365,2415919104,0.00010587833821773529,True
3,16,2,8,1,1,524288,torch.bfloat16,0.13621280193328858,301989888,0.00010587833821773529,True
3,16,2,8,1,8,524288,torch.bfloat16,0.4817903995513916,2415919104,0.00010587833821773529,True
3,16,2,8,1,32,524288,torch.bfloat16,1.6900415420532227,9663676416,0.00010587833821773529,True
3,16,2,8,1,1,1048576,torch.bfloat16,0.19560799598693848,603979776,0.00010587833821773529,True
3,16,2,8,1,8,1048576,torch.bfloat16,0.8533743858337403,4831838208,0.00010587833821773529,True
3,16,2,8,1,32,1048576,torch.bfloat16,3.3547134399414062,19327352832,0.00010587833821773529,True
3,16,2,8,1,1,1024,torch.float8_e4m3fn,0.05185279846191406,294912,0.0006460295990109444,True
3,16,2,8,1,8,1024,torch.float8_e4m3fn,0.055852800607681274,2359296,0.0006460295990109444,True
3,16,2,8,1,32,1024,torch.float8_e4m3fn,0.05999360084533691,9437184,0.0006460295990109444,True
3,16,2,8,1,1,8192,torch.float8_e4m3fn,0.054756802320480344,2359296,0.0006460295990109444,True
3,16,2,8,1,8,8192,torch.float8_e4m3fn,0.06265599727630615,18874368,0.0006460295990109444,True
3,16,2,8,1,32,8192,torch.float8_e4m3fn,0.07148159742355346,75497472,0.0006460295990109444,True
3,16,2,8,1,1,32768,torch.float8_e4m3fn,0.058371198177337644,9437184,0.0006460295990109444,True
3,16,2,8,1,8,32768,torch.float8_e4m3fn,0.07116479873657226,75497472,0.0006460295990109444,True
3,16,2,8,1,32,32768,torch.float8_e4m3fn,0.11841119527816772,301989888,0.0006460295990109444,True
3,16,2,8,1,1,131072,torch.float8_e4m3fn,0.06972479820251465,37748736,0.0006460295990109444,True
3,16,2,8,1,8,131072,torch.float8_e4m3fn,0.11802879571914673,301989888,0.0006460295990109444,True
3,16,2,8,1,32,131072,torch.float8_e4m3fn,0.2534096002578735,1207959552,0.0006460295990109444,True
3,16,2,8,1,1,524288,torch.float8_e4m3fn,0.10071200132369995,150994944,0.0006460295990109444,True
3,16,2,8,1,8,524288,torch.float8_e4m3fn,0.24239521026611327,1207959552,0.0006460295990109444,True
3,16,2,8,1,32,524288,torch.float8_e4m3fn,0.7777632236480713,4831838208,0.0006460295990109444,True
3,16,2,8,1,1,1048576,torch.float8_e4m3fn,0.12814719676971437,301989888,0.0006460295990109444,True
3,16,2,8,1,8,1048576,torch.float8_e4m3fn,0.40888638496398927,2415919104,0.0006460295990109444,True
3,16,2,8,1,32,1048576,torch.float8_e4m3fn,1.4752623558044433,9663676416,0.0006460295990109444,True
3,16,4,4,1,1,1024,torch.bfloat16,0.06652799844741822,294912,6.685778498649597e-05,True
3,16,4,4,1,8,1024,torch.bfloat16,0.08011680245399475,2359296,6.685778498649597e-05,True
3,16,4,4,1,32,1024,torch.bfloat16,0.08788639903068543,9437184,6.685778498649597e-05,True
3,16,4,4,1,1,8192,torch.bfloat16,0.07336000204086304,2359296,6.685778498649597e-05,True
3,16,4,4,1,8,8192,torch.bfloat16,0.08756960034370423,18874368,6.685778498649597e-05,True
3,16,4,4,1,32,8192,torch.bfloat16,0.11967200040817261,75497472,6.685778498649597e-05,True
3,16,4,4,1,1,32768,torch.bfloat16,0.07428640127182007,9437184,6.685778498649597e-05,True
3,16,4,4,1,8,32768,torch.bfloat16,0.10691360235214234,75497472,6.685778498649597e-05,True
3,16,4,4,1,32,32768,torch.bfloat16,0.1834928035736084,301989888,6.685778498649597e-05,True
3,16,4,4,1,1,131072,torch.bfloat16,0.08809279799461364,37748736,6.685778498649597e-05,True
3,16,4,4,1,8,131072,torch.bfloat16,0.173579204082489,301989888,6.685778498649597e-05,True
3,16,4,4,1,32,131072,torch.bfloat16,0.4140607833862305,1207959552,6.685778498649597e-05,True
3,16,4,4,1,1,524288,torch.bfloat16,0.13818559646606446,150994944,6.685778498649597e-05,True
3,16,4,4,1,8,524288,torch.bfloat16,0.3806832075119019,1207959552,6.685778498649597e-05,True
3,16,4,4,1,32,524288,torch.bfloat16,1.3209216117858886,4831838208,6.685778498649597e-05,True
3,16,4,4,1,1,1048576,torch.bfloat16,0.18856799602508545,301989888,6.685778498649597e-05,True
3,16,4,4,1,8,1048576,torch.bfloat16,0.6588784217834472,2415919104,6.685778498649597e-05,True
3,16,4,4,1,32,1048576,torch.bfloat16,2.5360544204711912,9663676416,6.685778498649597e-05,True
3,16,4,4,1,1,1024,torch.float8_e4m3fn,0.06492800116539002,147456,0.00048504082951694727,True
3,16,4,4,1,8,1024,torch.float8_e4m3fn,0.07770879864692688,1179648,0.00048504082951694727,True
3,16,4,4,1,32,1024,torch.float8_e4m3fn,0.08400959968566894,4718592,0.00048504082951694727,True
3,16,4,4,1,1,8192,torch.float8_e4m3fn,0.07103040218353271,1179648,0.00048504082951694727,True
3,16,4,4,1,8,8192,torch.float8_e4m3fn,0.08315680027008057,9437184,0.00048504082951694727,True
3,16,4,4,1,32,8192,torch.float8_e4m3fn,0.09503039717674255,37748736,0.00048504082951694727,True
3,16,4,4,1,1,32768,torch.float8_e4m3fn,0.07244960069656373,4718592,0.00048504082951694727,True
3,16,4,4,1,8,32768,torch.float8_e4m3fn,0.0908511996269226,37748736,0.00048504082951694727,True
3,16,4,4,1,32,32768,torch.float8_e4m3fn,0.1356335997581482,150994944,0.00048504082951694727,True
3,16,4,4,1,1,131072,torch.float8_e4m3fn,0.0814191997051239,18874368,0.00048504082951694727,True
3,16,4,4,1,8,131072,torch.float8_e4m3fn,0.13077280521392823,150994944,0.00048504082951694727,True
3,16,4,4,1,32,131072,torch.float8_e4m3fn,0.2439568042755127,603979776,0.00048504082951694727,True
3,16,4,4,1,1,524288,torch.float8_e4m3fn,0.103603196144104,75497472,0.00048504082951694727,True
3,16,4,4,1,8,524288,torch.float8_e4m3fn,0.22879838943481445,603979776,0.00048504082951694727,True
3,16,4,4,1,32,524288,torch.float8_e4m3fn,0.6566527843475342,2415919104,0.00048504082951694727,True
3,16,4,4,1,1,1048576,torch.float8_e4m3fn,0.12830560207366942,150994944,0.00048504082951694727,True
3,16,4,4,1,8,1048576,torch.float8_e4m3fn,0.3542128086090088,1207959552,0.00048504082951694727,True
3,16,4,4,1,32,1048576,torch.float8_e4m3fn,1.2037327766418457,4831838208,0.00048504082951694727,True
3,16,8,2,1,1,1024,torch.bfloat16,0.09523199796676636,147456,4.141312092542648e-05,True
3,16,8,2,1,8,1024,torch.bfloat16,0.10107359886169434,1179648,4.141312092542648e-05,True
3,16,8,2,1,32,1024,torch.bfloat16,0.12663520574569703,4718592,4.141312092542648e-05,True
3,16,8,2,1,1,8192,torch.bfloat16,0.09881119728088379,1179648,4.141312092542648e-05,True
3,16,8,2,1,8,8192,torch.bfloat16,0.10818560123443603,9437184,4.141312092542648e-05,True
3,16,8,2,1,32,8192,torch.bfloat16,0.14671200513839722,37748736,4.141312092542648e-05,True
3,16,8,2,1,1,32768,torch.bfloat16,0.0993615984916687,4718592,4.141312092542648e-05,True
3,16,8,2,1,8,32768,torch.bfloat16,0.11768959760665894,37748736,4.141312092542648e-05,True
3,16,8,2,1,32,32768,torch.bfloat16,0.18333120346069337,150994944,4.141312092542648e-05,True
3,16,8,2,1,1,131072,torch.bfloat16,0.10799839496612548,18874368,4.141312092542648e-05,True
3,16,8,2,1,8,131072,torch.bfloat16,0.1496384024620056,150994944,4.141312092542648e-05,True
3,16,8,2,1,32,131072,torch.bfloat16,0.2639472007751465,603979776,4.141312092542648e-05,True
3,16,8,2,1,1,524288,torch.bfloat16,0.12704479694366455,75497472,4.141312092542648e-05,True
3,16,8,2,1,8,524288,torch.bfloat16,0.23039679527282714,603979776,4.141312092542648e-05,True
3,16,8,2,1,32,524288,torch.bfloat16,0.5724815845489502,2415919104,4.141312092542648e-05,True
3,16,8,2,1,1,1048576,torch.bfloat16,0.15208640098571777,150994944,4.141312092542648e-05,True
3,16,8,2,1,8,1048576,torch.bfloat16,0.34258079528808594,1207959552,4.141312092542648e-05,True
3,16,8,2,1,32,1048576,torch.bfloat16,0.9919168472290039,4831838208,4.141312092542648e-05,True
3,16,8,2,1,1,1024,torch.float8_e4m3fn,0.09432799816131592,73728,0.00033376587089151144,True
3,16,8,2,1,8,1024,torch.float8_e4m3fn,0.10202080011367798,589824,0.00033376587089151144,True
3,16,8,2,1,32,1024,torch.float8_e4m3fn,0.12214399576187134,2359296,0.00033376587089151144,True
3,16,8,2,1,1,8192,torch.float8_e4m3fn,0.09447360038757324,589824,0.00033376587089151144,True
3,16,8,2,1,8,8192,torch.float8_e4m3fn,0.10384160280227661,4718592,0.00033376587089151144,True
3,16,8,2,1,32,8192,torch.float8_e4m3fn,0.12870559692382813,18874368,0.00033376587089151144,True
3,16,8,2,1,1,32768,torch.float8_e4m3fn,0.09801440238952637,2359296,0.00033376587089151144,True
3,16,8,2,1,8,32768,torch.float8_e4m3fn,0.10926239490509033,18874368,0.00033376587089151144,True
3,16,8,2,1,32,32768,torch.float8_e4m3fn,0.1544144034385681,75497472,0.00033376587089151144,True
3,16,8,2,1,1,131072,torch.float8_e4m3fn,0.10384800434112548,9437184,0.00033376587089151144,True
3,16,8,2,1,8,131072,torch.float8_e4m3fn,0.11776800155639648,75497472,0.00033376587089151144,True
3,16,8,2,1,32,131072,torch.float8_e4m3fn,0.20684640407562255,301989888,0.00033376587089151144,True
3,16,8,2,1,1,524288,torch.float8_e4m3fn,0.11418559551239013,37748736,0.00033376587089151144,True
3,16,8,2,1,8,524288,torch.float8_e4m3fn,0.17112319469451903,301989888,0.00033376587089151144,True
3,16,8,2,1,32,524288,torch.float8_e4m3fn,0.38023838996887205,1207959552,0.00033376587089151144,True
3,16,8,2,1,1,1048576,torch.float8_e4m3fn,0.12752799987792968,75497472,0.00033376587089151144,True
3,16,8,2,1,8,1048576,torch.float8_e4m3fn,0.22796800136566162,603979776,0.00033376587089151144,True
3,16,8,2,1,32,1048576,torch.float8_e4m3fn,0.6045008182525635,2415919104,0.00033376587089151144,True
3,16,16,1,1,1,8192,torch.bfloat16,0.1493183970451355,589824,2.7437694370746613e-05,True
3,16,16,1,1,8,8192,torch.bfloat16,0.16366080045700074,4718592,2.7437694370746613e-05,True
3,16,16,1,1,32,8192,torch.bfloat16,0.21712000370025636,18874368,2.7437694370746613e-05,True
3,16,16,1,1,1,32768,torch.bfloat16,0.15155999660491942,2359296,2.7437694370746613e-05,True
3,16,16,1,1,8,32768,torch.bfloat16,0.17823519706726074,18874368,2.7437694370746613e-05,True
3,16,16,1,1,32,32768,torch.bfloat16,0.2443295955657959,75497472,2.7437694370746613e-05,True
3,16,16,1,1,1,131072,torch.bfloat16,0.16028959751129152,9437184,2.7437694370746613e-05,True
3,16,16,1,1,8,131072,torch.bfloat16,0.20293281078338624,75497472,2.7437694370746613e-05,True
3,16,16,1,1,32,131072,torch.bfloat16,0.2920367956161499,301989888,2.7437694370746613e-05,True
3,16,16,1,1,1,524288,torch.bfloat16,0.1684383988380432,37748736,2.7437694370746613e-05,True
3,16,16,1,1,8,524288,torch.bfloat16,0.25430080890655515,301989888,2.7437694370746613e-05,True
3,16,16,1,1,32,524288,torch.bfloat16,0.4616399765014648,1207959552,2.7437694370746613e-05,True
3,16,16,1,1,1,1048576,torch.bfloat16,0.1812991976737976,75497472,2.7437694370746613e-05,True
3,16,16,1,1,8,1048576,torch.bfloat16,0.3099280118942261,603979776,2.7437694370746613e-05,True
3,16,16,1,1,32,1048576,torch.bfloat16,0.7009024143218994,2415919104,2.7437694370746613e-05,True
3,16,16,1,1,1,8192,torch.float8_e4m3fn,0.1452288031578064,294912,0.0002461741678416729,True
3,16,16,1,1,8,8192,torch.float8_e4m3fn,0.16333600282669067,2359296,0.0002461741678416729,True
3,16,16,1,1,32,8192,torch.float8_e4m3fn,0.2015023946762085,9437184,0.0002461741678416729,True
3,16,16,1,1,1,32768,torch.float8_e4m3fn,0.1471392035484314,1179648,0.0002461741678416729,True
3,16,16,1,1,8,32768,torch.float8_e4m3fn,0.17273919582366942,9437184,0.0002461741678416729,True
3,16,16,1,1,32,32768,torch.float8_e4m3fn,0.2255631923675537,37748736,0.0002461741678416729,True
3,16,16,1,1,1,131072,torch.float8_e4m3fn,0.15153440237045288,4718592,0.0002461741678416729,True
3,16,16,1,1,8,131072,torch.float8_e4m3fn,0.17627840042114257,37748736,0.0002461741678416729,True
3,16,16,1,1,32,131072,torch.float8_e4m3fn,0.2566800117492676,150994944,0.0002461741678416729,True
3,16,16,1,1,1,524288,torch.float8_e4m3fn,0.1627519965171814,18874368,0.0002461741678416729,True
3,16,16,1,1,8,524288,torch.float8_e4m3fn,0.22616000175476075,150994944,0.0002461741678416729,True
3,16,16,1,1,32,524288,torch.float8_e4m3fn,0.35980000495910647,603979776,0.0002461741678416729,True
3,16,16,1,1,1,1048576,torch.float8_e4m3fn,0.16638560295104982,37748736,0.0002461741678416729,True
3,16,16,1,1,8,1048576,torch.float8_e4m3fn,0.2516767978668213,301989888,0.0002461741678416729,True
3,16,16,1,1,32,1048576,torch.float8_e4m3fn,0.49314241409301757,1207959552,0.0002461741678416729,True
3,8,1,8,2,1,1024,torch.bfloat16,0.014532800018787383,1179648,8.508935570716858e-05,True
3,8,1,8,2,8,1024,torch.bfloat16,0.01449120044708252,9437184,8.508935570716858e-05,True
3,8,1,8,2,32,1024,torch.bfloat16,0.016620799899101257,37748736,8.508935570716858e-05,True
3,8,1,8,2,1,8192,torch.bfloat16,0.016735999286174773,9437184,8.508935570716858e-05,True
3,8,1,8,2,8,8192,torch.bfloat16,0.020472000539302825,75497472,8.508935570716858e-05,True
3,8,1,8,2,32,8192,torch.bfloat16,0.06923199892044067,301989888,8.508935570716858e-05,True
3,8,1,8,2,1,32768,torch.bfloat16,0.026903998851776124,37748736,8.508935570716858e-05,True
3,8,1,8,2,8,32768,torch.bfloat16,0.06718400120735168,301989888,8.508935570716858e-05,True
3,8,1,8,2,32,32768,torch.bfloat16,0.22433919906616212,1207959552,8.508935570716858e-05,True
3,8,1,8,2,1,131072,torch.bfloat16,0.05297759771347046,150994944,8.508935570716858e-05,True
3,8,1,8,2,8,131072,torch.bfloat16,0.23112800121307372,1207959552,8.508935570716858e-05,True
3,8,1,8,2,32,131072,torch.bfloat16,0.8317168235778809,4831838208,8.508935570716858e-05,True
3,8,1,8,2,1,524288,torch.bfloat16,0.13863999843597413,603979776,8.508935570716858e-05,True
3,8,1,8,2,8,524288,torch.bfloat16,0.791596794128418,4831838208,8.508935570716858e-05,True
3,8,1,8,2,32,524288,torch.bfloat16,3.284017562866211,19327352832,8.508935570716858e-05,True
3,8,1,8,2,1,1048576,torch.bfloat16,0.2543103933334351,1207959552,8.508935570716858e-05,True
3,8,1,8,2,8,1048576,torch.bfloat16,1.5710975646972656,9663676416,8.508935570716858e-05,True
3,8,1,8,2,32,1048576,torch.bfloat16,6.461128234863281,38654705664,8.508935570716858e-05,True
3,8,1,8,2,1,1024,torch.float8_e4m3fn,0.012539200484752655,589824,0.0008275881409645081,True
3,8,1,8,2,8,1024,torch.float8_e4m3fn,0.012532800436019897,4718592,0.0008275881409645081,True
3,8,1,8,2,32,1024,torch.float8_e4m3fn,0.014606399834156037,18874368,0.0008275881409645081,True
3,8,1,8,2,1,8192,torch.float8_e4m3fn,0.014558400213718414,4718592,0.0008275881409645081,True
3,8,1,8,2,8,8192,torch.float8_e4m3fn,0.016737599670886994,37748736,0.0008275881409645081,True
3,8,1,8,2,32,8192,torch.float8_e4m3fn,0.0370959997177124,150994944,0.0008275881409645081,True
3,8,1,8,2,1,32768,torch.float8_e4m3fn,0.022679999470710754,18874368,0.0008275881409645081,True
3,8,1,8,2,8,32768,torch.float8_e4m3fn,0.038071998953819276,150994944,0.0008275881409645081,True
3,8,1,8,2,32,32768,torch.float8_e4m3fn,0.10316159725189208,603979776,0.0008275881409645081,True
3,8,1,8,2,1,131072,torch.float8_e4m3fn,0.0311024010181427,75497472,0.0008275881409645081,True
3,8,1,8,2,8,131072,torch.float8_e4m3fn,0.10144319534301757,603979776,0.0008275881409645081,True
3,8,1,8,2,32,131072,torch.float8_e4m3fn,0.3647023916244507,2415919104,0.0008275881409645081,True
3,8,1,8,2,1,524288,torch.float8_e4m3fn,0.07402719855308533,301989888,0.0008275881409645081,True
3,8,1,8,2,8,524288,torch.float8_e4m3fn,0.3491904020309448,2415919104,0.0008275881409645081,True
3,8,1,8,2,32,524288,torch.float8_e4m3fn,1.4206735610961914,9663676416,0.0008275881409645081,True
3,8,1,8,2,1,1048576,torch.float8_e4m3fn,0.12551039457321167,603979776,0.0008275881409645081,True
3,8,1,8,2,8,1048576,torch.float8_e4m3fn,0.6820847988128662,4831838208,0.0008275881409645081,True
3,8,1,8,2,32,1048576,torch.float8_e4m3fn,2.8777599334716797,19327352832,0.0008275881409645081,True
3,8,2,4,2,1,1024,torch.bfloat16,0.0583728015422821,589824,0.00010588020086288452,True
3,8,2,4,2,8,1024,torch.bfloat16,0.06875680088996887,4718592,0.00010588020086288452,True
3,8,2,4,2,32,1024,torch.bfloat16,0.07779679894447326,18874368,0.00010588020086288452,True
3,8,2,4,2,1,8192,torch.bfloat16,0.06249920129776001,4718592,0.00010588020086288452,True
3,8,2,4,2,8,8192,torch.bfloat16,0.07634559869766236,37748736,0.00010588020086288452,True
3,8,2,4,2,32,8192,torch.bfloat16,0.13547680377960206,150994944,0.00010588020086288452,True
3,8,2,4,2,1,32768,torch.bfloat16,0.06818879842758178,18874368,0.00010588020086288452,True
3,8,2,4,2,8,32768,torch.bfloat16,0.1248128056526184,150994944,0.00010588020086288452,True
3,8,2,4,2,32,32768,torch.bfloat16,0.24659841060638427,603979776,0.00010588020086288452,True
3,8,2,4,2,1,131072,torch.bfloat16,0.09836480021476746,75497472,0.00010588020086288452,True
3,8,2,4,2,8,131072,torch.bfloat16,0.22790238857269288,603979776,0.00010588020086288452,True
3,8,2,4,2,32,131072,torch.bfloat16,0.7041728019714355,2415919104,0.00010588020086288452,True
3,8,2,4,2,1,524288,torch.bfloat16,0.1750815987586975,301989888,0.00010588020086288452,True
3,8,2,4,2,8,524288,torch.bfloat16,0.6440959930419922,2415919104,0.00010588020086288452,True
3,8,2,4,2,32,524288,torch.bfloat16,2.5164575576782227,9663676416,0.00010588020086288452,True
3,8,2,4,2,1,1048576,torch.bfloat16,0.2733936071395874,603979776,0.00010588020086288452,True
3,8,2,4,2,8,1048576,torch.bfloat16,1.2015935897827148,4831838208,0.00010588020086288452,True
3,8,2,4,2,32,1048576,torch.bfloat16,4.924480056762695,19327352832,0.00010588020086288452,True
3,8,2,4,2,1,1024,torch.float8_e4m3fn,0.05648159980773926,294912,0.0005895192734897137,True
3,8,2,4,2,8,1024,torch.float8_e4m3fn,0.06676160097122193,2359296,0.0005895192734897137,True
3,8,2,4,2,32,1024,torch.float8_e4m3fn,0.0740239977836609,9437184,0.0005895192734897137,True
3,8,2,4,2,1,8192,torch.float8_e4m3fn,0.05912960171699524,2359296,0.0005895192734897137,True
3,8,2,4,2,8,8192,torch.float8_e4m3fn,0.07339839935302735,18874368,0.0005895192734897137,True
3,8,2,4,2,32,8192,torch.float8_e4m3fn,0.09279680252075195,75497472,0.0005895192734897137,True
3,8,2,4,2,1,32768,torch.float8_e4m3fn,0.06572960019111633,9437184,0.0005895192734897137,True
3,8,2,4,2,8,32768,torch.float8_e4m3fn,0.08789439797401429,75497472,0.0005895192734897137,True
3,8,2,4,2,32,32768,torch.float8_e4m3fn,0.16021280288696288,301989888,0.0005895192734897137,True
3,8,2,4,2,1,131072,torch.float8_e4m3fn,0.07259359955787659,37748736,0.0005895192734897137,True
3,8,2,4,2,8,131072,torch.float8_e4m3fn,0.1505071997642517,301989888,0.0005895192734897137,True
3,8,2,4,2,32,131072,torch.float8_e4m3fn,0.36926560401916503,1207959552,0.0005895192734897137,True
3,8,2,4,2,1,524288,torch.float8_e4m3fn,0.11792320013046265,150994944,0.0005895192734897137,True
3,8,2,4,2,8,524288,torch.float8_e4m3fn,0.3445888042449951,1207959552,0.0005895192734897137,True
3,8,2,4,2,32,524288,torch.float8_e4m3fn,1.1876208305358886,4831838208,0.0005895192734897137,True
3,8,2,4,2,1,1048576,torch.float8_e4m3fn,0.16581120491027831,301989888,0.0005895192734897137,True
3,8,2,4,2,8,1048576,torch.float8_e4m3fn,0.5938704013824463,2415919104,0.0005895192734897137,True
3,8,2,4,2,32,1048576,torch.float8_e4m3fn,2.3097759246826173,9663676416,0.0005895192734897137,True
3,8,4,2,2,1,1024,torch.bfloat16,0.06664959788322448,294912,5.9723854064941406e-05,True
3,8,4,2,2,8,1024,torch.bfloat16,0.07472800016403199,2359296,5.9723854064941406e-05,True
3,8,4,2,2,32,1024,torch.bfloat16,0.09579520225524903,9437184,5.9723854064941406e-05,True
3,8,4,2,2,1,8192,torch.bfloat16,0.07112799882888794,2359296,5.9723854064941406e-05,True
3,8,4,2,2,8,8192,torch.bfloat16,0.0838591992855072,18874368,5.9723854064941406e-05,True
3,8,4,2,2,32,8192,torch.bfloat16,0.11462559700012206,75497472,5.9723854064941406e-05,True
3,8,4,2,2,1,32768,torch.bfloat16,0.07838400006294251,9437184,5.9723854064941406e-05,True
3,8,4,2,2,8,32768,torch.bfloat16,0.09367039799690247,75497472,5.9723854064941406e-05,True
3,8,4,2,2,32,32768,torch.bfloat16,0.16892000436782836,301989888,5.9723854064941406e-05,True
3,8,4,2,2,1,131072,torch.bfloat16,0.09101439714431762,37748736,5.9723854064941406e-05,True
3,8,4,2,2,8,131072,torch.bfloat16,0.14813120365142823,301989888,5.9723854064941406e-05,True
3,8,4,2,2,32,131072,torch.bfloat16,0.325929594039917,1207959552,5.9723854064941406e-05,True
3,8,4,2,2,1,524288,torch.bfloat16,0.12579200267791749,150994944,5.9723854064941406e-05,True
3,8,4,2,2,8,524288,torch.bfloat16,0.31768319606781004,1207959552,5.9723854064941406e-05,True
3,8,4,2,2,32,524288,torch.bfloat16,0.9539615631103515,4831838208,5.9723854064941406e-05,True
3,8,4,2,2,1,1048576,torch.bfloat16,0.16772960424423217,301989888,5.9723854064941406e-05,True
3,8,4,2,2,8,1048576,torch.bfloat16,0.5149343967437744,2415919104,5.9723854064941406e-05,True
3,8,4,2,2,32,1048576,torch.bfloat16,1.8270463943481445,9663676416,5.9723854064941406e-05,True
3,8,4,2,2,1,1024,torch.float8_e4m3fn,0.06645280122756958,147456,0.0004489090060815215,True
3,8,4,2,2,8,1024,torch.float8_e4m3fn,0.07310079932212829,1179648,0.0004489090060815215,True
3,8,4,2,2,32,1024,torch.float8_e4m3fn,0.09031040072441102,4718592,0.0004489090060815215,True
3,8,4,2,2,1,8192,torch.float8_e4m3fn,0.07114719748497009,1179648,0.0004489090060815215,True
3,8,4,2,2,8,8192,torch.float8_e4m3fn,0.07831519842147827,9437184,0.0004489090060815215,True
3,8,4,2,2,32,8192,torch.float8_e4m3fn,0.0976207971572876,37748736,0.0004489090060815215,True
3,8,4,2,2,1,32768,torch.float8_e4m3fn,0.07334240078926087,4718592,0.0004489090060815215,True
3,8,4,2,2,8,32768,torch.float8_e4m3fn,0.08883839845657349,37748736,0.0004489090060815215,True
3,8,4,2,2,32,32768,torch.float8_e4m3fn,0.13513120412826538,150994944,0.0004489090060815215,True
3,8,4,2,2,1,131072,torch.float8_e4m3fn,0.08089920282363891,18874368,0.0004489090060815215,True
3,8,4,2,2,8,131072,torch.float8_e4m3fn,0.11970880031585693,150994944,0.0004489090060815215,True
3,8,4,2,2,32,131072,torch.float8_e4m3fn,0.22778398990631105,603979776,0.0004489090060815215,True
3,8,4,2,2,1,524288,torch.float8_e4m3fn,0.10320639610290527,75497472,0.0004489090060815215,True
3,8,4,2,2,8,524288,torch.float8_e4m3fn,0.201963210105896,603979776,0.0004489090060815215,True
3,8,4,2,2,32,524288,torch.float8_e4m3fn,0.5660240173339843,2415919104,0.0004489090060815215,True
3,8,4,2,2,1,1048576,torch.float8_e4m3fn,0.13218239545822144,150994944,0.0004489090060815215,True
3,8,4,2,2,8,1048576,torch.float8_e4m3fn,0.30368480682373045,1207959552,0.0004489090060815215,True
3,8,4,2,2,32,1048576,torch.float8_e4m3fn,1.023630428314209,4831838208,0.0004489090060815215,True
3,8,8,1,2,1,1024,torch.bfloat16,0.10005600452423095,147456,4.2071565985679626e-05,True
3,8,8,1,2,8,1024,torch.bfloat16,0.11467360258102417,1179648,4.2071565985679626e-05,True
3,8,8,1,2,32,1024,torch.bfloat16,0.1659119963645935,4718592,4.2071565985679626e-05,True
3,8,8,1,2,1,8192,torch.bfloat16,0.10387040376663208,1179648,4.2071565985679626e-05,True
3,8,8,1,2,8,8192,torch.bfloat16,0.12390079498291015,9437184,4.2071565985679626e-05,True
3,8,8,1,2,32,8192,torch.bfloat16,0.19398560523986816,37748736,4.2071565985679626e-05,True
3,8,8,1,2,1,32768,torch.bfloat16,0.10784480571746827,4718592,4.2071565985679626e-05,True
3,8,8,1,2,8,32768,torch.bfloat16,0.12433120012283325,37748736,4.2071565985679626e-05,True
3,8,8,1,2,32,32768,torch.bfloat16,0.22507200241088868,150994944,4.2071565985679626e-05,True
3,8,8,1,2,1,131072,torch.bfloat16,0.12465120553970337,18874368,4.2071565985679626e-05,True
3,8,8,1,2,8,131072,torch.bfloat16,0.159825599193573,150994944,4.2071565985679626e-05,True
3,8,8,1,2,32,131072,torch.bfloat16,0.3117568016052246,603979776,4.2071565985679626e-05,True
3,8,8,1,2,1,524288,torch.bfloat16,0.12522239685058595,75497472,4.2071565985679626e-05,True
3,8,8,1,2,8,524288,torch.bfloat16,0.24495360851287842,603979776,4.2071565985679626e-05,True
3,8,8,1,2,32,524288,torch.bfloat16,0.6510735988616944,2415919104,4.2071565985679626e-05,True
3,8,8,1,2,1,1048576,torch.bfloat16,0.15709439516067505,150994944,4.2071565985679626e-05,True
3,8,8,1,2,8,1048576,torch.bfloat16,0.3475231885910034,1207959552,4.2071565985679626e-05,True
3,8,8,1,2,32,1048576,torch.bfloat16,1.1422271728515625,4831838208,4.2071565985679626e-05,True
3,8,8,1,2,1,1024,torch.float8_e4m3fn,0.11887199878692627,73728,0.00032080174423754215,True
3,8,8,1,2,8,1024,torch.float8_e4m3fn,0.11329280138015747,589824,0.00032080174423754215,True
3,8,8,1,2,32,1024,torch.float8_e4m3fn,0.16202880144119264,2359296,0.00032080174423754215,True
3,8,8,1,2,1,8192,torch.float8_e4m3fn,0.10180319547653198,589824,0.00032080174423754215,True
3,8,8,1,2,8,8192,torch.float8_e4m3fn,0.1184880018234253,4718592,0.00032080174423754215,True
3,8,8,1,2,32,8192,torch.float8_e4m3fn,0.17298400402069092,18874368,0.00032080174423754215,True
3,8,8,1,2,1,32768,torch.float8_e4m3fn,0.10497759580612183,2359296,0.00032080174423754215,True
3,8,8,1,2,8,32768,torch.float8_e4m3fn,0.12305439710617065,18874368,0.00032080174423754215,True
3,8,8,1,2,32,32768,torch.float8_e4m3fn,0.20092320442199707,75497472,0.00032080174423754215,True
3,8,8,1,2,1,131072,torch.float8_e4m3fn,0.11536959409713746,9437184,0.00032080174423754215,True
3,8,8,1,2,8,131072,torch.float8_e4m3fn,0.13762240409851073,75497472,0.00032080174423754215,True
3,8,8,1,2,32,131072,torch.float8_e4m3fn,0.2514143943786621,301989888,0.00032080174423754215,True
3,8,8,1,2,1,524288,torch.float8_e4m3fn,0.12223680019378662,37748736,0.00032080174423754215,True
3,8,8,1,2,8,524288,torch.float8_e4m3fn,0.18814560174942016,301989888,0.00032080174423754215,True
3,8,8,1,2,32,524288,torch.float8_e4m3fn,0.4459231853485107,1207959552,0.00032080174423754215,True
3,8,8,1,2,1,1048576,torch.float8_e4m3fn,0.13019520044326782,75497472,0.00032080174423754215,True
3,8,8,1,2,8,1048576,torch.float8_e4m3fn,0.2590111970901489,603979776,0.00032080174423754215,True
3,8,8,1,2,32,1048576,torch.float8_e4m3fn,0.7067423820495605,2415919104,0.00032080174423754215,True
3,4,1,4,4,1,1024,torch.bfloat16,0.018824000656604768,1179648,9.337067604064941e-05,True
3,4,1,4,4,8,1024,torch.bfloat16,0.02279680073261261,9437184,9.337067604064941e-05,True
3,4,1,4,4,32,1024,torch.bfloat16,0.02885119915008545,37748736,9.337067604064941e-05,True
3,4,1,4,4,1,8192,torch.bfloat16,0.019555200636386872,9437184,9.337067604064941e-05,True
3,4,1,4,4,8,8192,torch.bfloat16,0.03904159963130951,75497472,9.337067604064941e-05,True
3,4,1,4,4,32,8192,torch.bfloat16,0.1043328046798706,301989888,9.337067604064941e-05,True
3,4,1,4,4,1,32768,torch.bfloat16,0.031112000346183777,37748736,9.337067604064941e-05,True
3,4,1,4,4,8,32768,torch.bfloat16,0.10100480318069457,301989888,9.337067604064941e-05,True
3,4,1,4,4,32,32768,torch.bfloat16,0.33157920837402344,1207959552,9.337067604064941e-05,True
3,4,1,4,4,1,131072,torch.bfloat16,0.07269600033760071,150994944,9.337067604064941e-05,True
3,4,1,4,4,8,131072,torch.bfloat16,0.30567359924316406,1207959552,9.337067604064941e-05,True
3,4,1,4,4,32,131072,torch.bfloat16,1.2381919860839843,4831838208,9.337067604064941e-05,True
3,4,1,4,4,1,524288,torch.bfloat16,0.21856000423431396,603979776,9.337067604064941e-05,True
3,4,1,4,4,8,524288,torch.bfloat16,1.1403823852539063,4831838208,9.337067604064941e-05,True
3,4,1,4,4,32,524288,torch.bfloat16,4.854103851318359,19327352832,9.337067604064941e-05,True
3,4,1,4,4,1,1048576,torch.bfloat16,0.4137904167175293,1207959552,9.337067604064941e-05,True
3,4,1,4,4,8,1048576,torch.bfloat16,2.261465644836426,9663676416,9.337067604064941e-05,True
3,4,1,4,4,32,1048576,torch.bfloat16,9.6600830078125,38654705664,9.337067604064941e-05,True
3,4,1,4,4,1,1024,torch.float8_e4m3fn,0.016571199893951415,589824,0.0008889741729944944,True
3,4,1,4,4,8,1024,torch.float8_e4m3fn,0.020745599269866945,4718592,0.0008889741729944944,True
3,4,1,4,4,32,1024,torch.float8_e4m3fn,0.024539199471473695,18874368,0.0008889741729944944,True
3,4,1,4,4,1,8192,torch.float8_e4m3fn,0.016788800060749055,4718592,0.0008889741729944944,True
3,4,1,4,4,8,8192,torch.float8_e4m3fn,0.026822400093078614,37748736,0.0008889741729944944,True
3,4,1,4,4,32,8192,torch.float8_e4m3fn,0.06128159761428833,150994944,0.0008889741729944944,True
3,4,1,4,4,1,32768,torch.float8_e4m3fn,0.024905599653720856,18874368,0.0008889741729944944,True
3,4,1,4,4,8,32768,torch.float8_e4m3fn,0.059387201070785524,150994944,0.0008889741729944944,True
3,4,1,4,4,32,32768,torch.float8_e4m3fn,0.16431360244750975,603979776,0.0008889741729944944,True
3,4,1,4,4,1,131072,torch.float8_e4m3fn,0.04331679940223694,75497472,0.0008889741729944944,True
3,4,1,4,4,8,131072,torch.float8_e4m3fn,0.15272159576416017,603979776,0.0008889741729944944,True
3,4,1,4,4,32,131072,torch.float8_e4m3fn,0.5724847793579102,2415919104,0.0008889741729944944,True
3,4,1,4,4,1,524288,torch.float8_e4m3fn,0.1102720022201538,301989888,0.0008889741729944944,True
3,4,1,4,4,8,524288,torch.float8_e4m3fn,0.5317584037780761,2415919104,0.0008889741729944944,True
3,4,1,4,4,32,524288,torch.float8_e4m3fn,2.283255958557129,9663676416,0.0008889741729944944,True
3,4,1,4,4,1,1048576,torch.float8_e4m3fn,0.19800159931182862,603979776,0.0008889741729944944,True
3,4,1,4,4,8,1048576,torch.float8_e4m3fn,1.0329343795776367,4831838208,0.0008889741729944944,True
3,4,1,4,4,32,1048576,torch.float8_e4m3fn,4.58940315246582,19327352832,0.0008889741729944944,True
3,4,2,2,4,1,1024,torch.bfloat16,0.05493280291557312,589824,0.0001168232411146164,True
3,4,2,2,4,8,1024,torch.bfloat16,0.06510400176048278,4718592,0.0001168232411146164,True
3,4,2,2,4,32,1024,torch.bfloat16,0.08664960265159607,18874368,0.0001168232411146164,True
3,4,2,2,4,1,8192,torch.bfloat16,0.06022080183029175,4718592,0.0001168232411146164,True
3,4,2,2,4,8,8192,torch.bfloat16,0.0801360011100769,37748736,0.0001168232411146164,True
3,4,2,2,4,32,8192,torch.bfloat16,0.1276047945022583,150994944,0.0001168232411146164,True
3,4,2,2,4,1,32768,torch.bfloat16,0.07115679979324341,18874368,0.0001168232411146164,True
3,4,2,2,4,8,32768,torch.bfloat16,0.11094239950180054,150994944,0.0001168232411146164,True
3,4,2,2,4,32,32768,torch.bfloat16,0.21367359161376953,603979776,0.0001168232411146164,True
3,4,2,2,4,1,131072,torch.bfloat16,0.08691999912261963,75497472,0.0001168232411146164,True
3,4,2,2,4,8,131072,torch.bfloat16,0.18951359987258912,603979776,0.0001168232411146164,True
3,4,2,2,4,32,131072,torch.bfloat16,0.5229311943054199,2415919104,0.0001168232411146164,True
3,4,2,2,4,1,524288,torch.bfloat16,0.14764959812164308,301989888,0.0001168232411146164,True
3,4,2,2,4,8,524288,torch.bfloat16,0.501955223083496,2415919104,0.0001168232411146164,True
3,4,2,2,4,32,524288,torch.bfloat16,1.8127599716186524,9663676416,0.0001168232411146164,True
3,4,2,2,4,1,1048576,torch.bfloat16,0.21443359851837157,603979776,0.0001168232411146164,True
3,4,2,2,4,8,1048576,torch.bfloat16,0.9022480010986328,4831838208,0.0001168232411146164,True
3,4,2,2,4,32,1048576,torch.bfloat16,3.791718292236328,19327352832,0.0001168232411146164,True
3,4,2,2,4,1,1024,torch.float8_e4m3fn,0.0543936014175415,294912,0.0006483551114797592,True
3,4,2,2,4,8,1024,torch.float8_e4m3fn,0.06032000184059143,2359296,0.0006483551114797592,True
3,4,2,2,4,32,1024,torch.float8_e4m3fn,0.07952319979667663,9437184,0.0006483551114797592,True
3,4,2,2,4,1,8192,torch.float8_e4m3fn,0.06030880212783814,2359296,0.0006483551114797592,True
3,4,2,2,4,8,8192,torch.float8_e4m3fn,0.06913440227508545,18874368,0.0006483551114797592,True
3,4,2,2,4,32,8192,torch.float8_e4m3fn,0.09547520279884339,75497472,0.0006483551114797592,True
3,4,2,2,4,1,32768,torch.float8_e4m3fn,0.06351040005683899,9437184,0.0006483551114797592,True
3,4,2,2,4,8,32768,torch.float8_e4m3fn,0.07882720232009888,75497472,0.0006483551114797592,True
3,4,2,2,4,32,32768,torch.float8_e4m3fn,0.15069760084152223,301989888,0.0006483551114797592,True
3,4,2,2,4,1,131072,torch.float8_e4m3fn,0.07436800003051758,37748736,0.0006483551114797592,True
3,4,2,2,4,8,131072,torch.float8_e4m3fn,0.13125920295715332,301989888,0.0006483551114797592,True
3,4,2,2,4,32,131072,torch.float8_e4m3fn,0.3228928089141846,1207959552,0.0006483551114797592,True
3,4,2,2,4,1,524288,torch.float8_e4m3fn,0.11717599630355835,150994944,0.0006483551114797592,True
3,4,2,2,4,8,524288,torch.float8_e4m3fn,0.2889024019241333,1207959552,0.0006483551114797592,True
3,4,2,2,4,32,524288,torch.float8_e4m3fn,0.9965151786804199,4831838208,0.0006483551114797592,True
3,4,2,2,4,1,1048576,torch.float8_e4m3fn,0.15531359910964965,301989888,0.0006483551114797592,True
3,4,2,2,4,8,1048576,torch.float8_e4m3fn,0.49774880409240724,2415919104,0.0006483551114797592,True
3,4,2,2,4,32,1048576,torch.float8_e4m3fn,2.0610624313354493,9663676416,0.0006483551114797592,True
3,4,4,1,4,1,1024,torch.bfloat16,0.07046560049057007,294912,8.902698755264282e-05,True
3,4,4,1,4,8,1024,torch.bfloat16,0.09035680294036866,2359296,8.902698755264282e-05,True
3,4,4,1,4,32,1024,torch.bfloat16,0.13111840486526488,9437184,8.902698755264282e-05,True
3,4,4,1,4,1,8192,torch.bfloat16,0.07802240252494812,2359296,8.902698755264282e-05,True
3,4,4,1,4,8,8192,torch.bfloat16,0.10579359531402588,18874368,8.902698755264282e-05,True
3,4,4,1,4,32,8192,torch.bfloat16,0.1645792007446289,75497472,8.902698755264282e-05,True
3,4,4,1,4,1,32768,torch.bfloat16,0.08458719849586487,9437184,8.902698755264282e-05,True
3,4,4,1,4,8,32768,torch.bfloat16,0.11566879749298095,75497472,8.902698755264282e-05,True
3,4,4,1,4,32,32768,torch.bfloat16,0.21428320407867432,301989888,8.902698755264282e-05,True
3,4,4,1,4,1,131072,torch.bfloat16,0.09457600116729736,37748736,8.902698755264282e-05,True
3,4,4,1,4,8,131072,torch.bfloat16,0.16142560243606568,301989888,8.902698755264282e-05,True
3,4,4,1,4,32,131072,torch.bfloat16,0.3839184045791626,1207959552,8.902698755264282e-05,True
3,4,4,1,4,1,524288,torch.bfloat16,0.125763201713562,150994944,8.902698755264282e-05,True
3,4,4,1,4,8,524288,torch.bfloat16,0.3234783887863159,1207959552,8.902698755264282e-05,True
3,4,4,1,4,32,524288,torch.bfloat16,1.0991855621337892,4831838208,8.902698755264282e-05,True
3,4,4,1,4,1,1048576,torch.bfloat16,0.19340159893035888,301989888,8.902698755264282e-05,True
3,4,4,1,4,8,1048576,torch.bfloat16,0.5715375900268554,2415919104,8.902698755264282e-05,True
3,4,4,1,4,32,1048576,torch.bfloat16,2.1955215454101564,9663676416,8.902698755264282e-05,True
3,4,4,1,4,1,1024,torch.float8_e4m3fn,0.09603520035743714,147456,0.0005487864837050438,True
3,4,4,1,4,8,1024,torch.float8_e4m3fn,0.08611840009689331,1179648,0.0005487864837050438,True
3,4,4,1,4,32,1024,torch.float8_e4m3fn,0.12297919988632203,4718592,0.0005487864837050438,True
3,4,4,1,4,1,8192,torch.float8_e4m3fn,0.0757423996925354,1179648,0.0005487864837050438,True
3,4,4,1,4,8,8192,torch.float8_e4m3fn,0.09646080136299133,9437184,0.0005487864837050438,True
3,4,4,1,4,32,8192,torch.float8_e4m3fn,0.1443711996078491,37748736,0.0005487864837050438,True
3,4,4,1,4,1,32768,torch.float8_e4m3fn,0.08002560138702393,4718592,0.0005487864837050438,True
3,4,4,1,4,8,32768,torch.float8_e4m3fn,0.10009440183639526,37748736,0.0005487864837050438,True
3,4,4,1,4,32,32768,torch.float8_e4m3fn,0.17634719610214233,150994944,0.0005487864837050438,True
3,4,4,1,4,1,131072,torch.float8_e4m3fn,0.09167199730873107,18874368,0.0005487864837050438,True
3,4,4,1,4,8,131072,torch.float8_e4m3fn,0.134060800075531,150994944,0.0005487864837050438,True
3,4,4,1,4,32,131072,torch.float8_e4m3fn,0.2772000074386597,603979776,0.0005487864837050438,True
3,4,4,1,4,1,524288,torch.float8_e4m3fn,0.10433119535446167,75497472,0.0005487864837050438,True
3,4,4,1,4,8,524288,torch.float8_e4m3fn,0.23328158855438233,603979776,0.0005487864837050438,True
3,4,4,1,4,32,524288,torch.float8_e4m3fn,0.6648640155792236,2415919104,0.0005487864837050438,True
3,4,4,1,4,1,1048576,torch.float8_e4m3fn,0.13988159894943236,150994944,0.0005487864837050438,True
3,4,4,1,4,8,1048576,torch.float8_e4m3fn,0.35735039710998534,1207959552,0.0005487864837050438,True
3,4,4,1,4,32,1048576,torch.float8_e4m3fn,1.2419568061828614,4831838208,0.0005487864837050438,True
4,16,1,16,1,1,1024,torch.bfloat16,0.012531200051307678,1179648,8.394382894039154e-05,True
4,16,1,16,1,8,1024,torch.bfloat16,0.012641599774360657,9437184,8.394382894039154e-05,True
4,16,1,16,1,32,1024,torch.bfloat16,0.016463999450206757,37748736,8.394382894039154e-05,True
4,16,1,16,1,1,8192,torch.bfloat16,0.014689600467681885,9437184,8.394382894039154e-05,True
4,16,1,16,1,8,8192,torch.bfloat16,0.01873600035905838,75497472,8.394382894039154e-05,True
4,16,1,16,1,32,8192,torch.bfloat16,0.06767039895057678,301989888,8.394382894039154e-05,True
4,16,1,16,1,1,32768,torch.bfloat16,0.026812800765037538,37748736,8.394382894039154e-05,True
4,16,1,16,1,8,32768,torch.bfloat16,0.06712480187416077,301989888,8.394382894039154e-05,True
4,16,1,16,1,32,32768,torch.bfloat16,0.22187840938568115,1207959552,8.394382894039154e-05,True
4,16,1,16,1,1,131072,torch.bfloat16,0.05406079888343811,150994944,8.394382894039154e-05,True
4,16,1,16,1,8,131072,torch.bfloat16,0.21633601188659668,1207959552,8.394382894039154e-05,True
4,16,1,16,1,32,131072,torch.bfloat16,0.821724796295166,4831838208,8.394382894039154e-05,True
4,16,1,16,1,1,524288,torch.bfloat16,0.1390879988670349,603979776,8.394382894039154e-05,True
4,16,1,16,1,8,524288,torch.bfloat16,0.7858960151672363,4831838208,8.394382894039154e-05,True
4,16,1,16,1,32,524288,torch.bfloat16,3.266672134399414,19327352832,8.394382894039154e-05,True
4,16,1,16,1,1,1048576,torch.bfloat16,0.2537343978881836,1207959552,8.394382894039154e-05,True
4,16,1,16,1,8,1048576,torch.bfloat16,1.570094394683838,9663676416,8.394382894039154e-05,True
4,16,1,16,1,32,1048576,torch.bfloat16,6.4060417175292965,38654705664,8.394382894039154e-05,True
4,16,1,16,1,1,1024,torch.float8_e4m3fn,0.0123648002743721,589824,0.0007438790053129196,True
4,16,1,16,1,8,1024,torch.float8_e4m3fn,0.012353599816560746,4718592,0.0007438790053129196,True
4,16,1,16,1,32,1024,torch.float8_e4m3fn,0.01443679928779602,18874368,0.0007438790053129196,True
4,16,1,16,1,1,8192,torch.float8_e4m3fn,0.01438560038805008,4718592,0.0007438790053129196,True
4,16,1,16,1,8,8192,torch.float8_e4m3fn,0.01652960032224655,37748736,0.0007438790053129196,True
4,16,1,16,1,32,8192,torch.float8_e4m3fn,0.035543999075889586,150994944,0.0007438790053129196,True
4,16,1,16,1,1,32768,torch.float8_e4m3fn,0.0227183997631073,18874368,0.0007438790053129196,True
4,16,1,16,1,8,32768,torch.float8_e4m3fn,0.03711679875850678,150994944,0.0007438790053129196,True
4,16,1,16,1,32,32768,torch.float8_e4m3fn,0.10212639570236207,603979776,0.0007438790053129196,True
4,16,1,16,1,1,131072,torch.float8_e4m3fn,0.031036800146102904,75497472,0.0007438790053129196,True
4,16,1,16,1,8,131072,torch.float8_e4m3fn,0.10026240348815918,603979776,0.0007438790053129196,True
4,16,1,16,1,32,131072,torch.float8_e4m3fn,0.36702239513397217,2415919104,0.0007438790053129196,True
4,16,1,16,1,1,524288,torch.float8_e4m3fn,0.07587839961051941,301989888,0.0007438790053129196,True
4,16,1,16,1,8,524288,torch.float8_e4m3fn,0.349396800994873,2415919104,0.0007438790053129196,True
4,16,1,16,1,32,524288,torch.float8_e4m3fn,1.410001564025879,9663676416,0.0007438790053129196,True
4,16,1,16,1,1,1048576,torch.float8_e4m3fn,0.12792799472808838,603979776,0.0007438790053129196,True
4,16,1,16,1,8,1048576,torch.float8_e4m3fn,0.6799712181091309,4831838208,0.0007438790053129196,True
4,16,1,16,1,32,1048576,torch.float8_e4m3fn,2.812884712219238,19327352832,0.0007438790053129196,True
4,16,2,8,1,1,1024,torch.bfloat16,0.05399360060691834,589824,0.00010486878454685211,True
4,16,2,8,1,8,1024,torch.bfloat16,0.05889120101928711,4718592,0.00010486878454685211,True
4,16,2,8,1,32,1024,torch.bfloat16,0.06214560270309448,18874368,0.00010486878454685211,True
4,16,2,8,1,1,8192,torch.bfloat16,0.056227201223373414,4718592,0.00010486878454685211,True
4,16,2,8,1,8,8192,torch.bfloat16,0.06493120193481446,37748736,0.00010486878454685211,True
4,16,2,8,1,32,8192,torch.bfloat16,0.10859839916229248,150994944,0.00010486878454685211,True
4,16,2,8,1,1,32768,torch.bfloat16,0.0605679988861084,18874368,0.00010486878454685211,True
4,16,2,8,1,8,32768,torch.bfloat16,0.10208159685134888,150994944,0.00010486878454685211,True
4,16,2,8,1,32,32768,torch.bfloat16,0.18407360315322877,603979776,0.00010486878454685211,True
4,16,2,8,1,1,131072,torch.bfloat16,0.08262720108032226,75497472,0.00010486878454685211,True
4,16,2,8,1,8,131072,torch.bfloat16,0.17879680395126343,603979776,0.00010486878454685211,True
4,16,2,8,1,32,131072,torch.bfloat16,0.4899951934814453,2415919104,0.00010486878454685211,True
4,16,2,8,1,1,524288,torch.bfloat16,0.13570560216903688,301989888,0.00010486878454685211,True
4,16,2,8,1,8,524288,torch.bfloat16,0.48077759742736814,2415919104,0.00010486878454685211,True
4,16,2,8,1,32,524288,torch.bfloat16,1.6902399063110352,9663676416,0.00010486878454685211,True
4,16,2,8,1,1,1048576,torch.bfloat16,0.19468640089035033,603979776,0.00010486878454685211,True
4,16,2,8,1,8,1048576,torch.bfloat16,0.8572352409362793,4831838208,0.00010486878454685211,True
4,16,2,8,1,32,1048576,torch.bfloat16,3.349897766113281,19327352832,0.00010486878454685211,True
4,16,2,8,1,1,1024,torch.float8_e4m3fn,0.05172799825668335,294912,0.0006179921329021454,True
4,16,2,8,1,8,1024,torch.float8_e4m3fn,0.05575519800186157,2359296,0.0006179921329021454,True
4,16,2,8,1,32,1024,torch.float8_e4m3fn,0.05904960036277771,9437184,0.0006179921329021454,True
4,16,2,8,1,1,8192,torch.float8_e4m3fn,0.05447999835014343,2359296,0.0006179921329021454,True
4,16,2,8,1,8,8192,torch.float8_e4m3fn,0.06110240221023559,18874368,0.0006179921329021454,True
4,16,2,8,1,32,8192,torch.float8_e4m3fn,0.07153120040893554,75497472,0.0006179921329021454,True
4,16,2,8,1,1,32768,torch.float8_e4m3fn,0.057760000228881836,9437184,0.0006179921329021454,True
4,16,2,8,1,8,32768,torch.float8_e4m3fn,0.07099679708480836,75497472,0.0006179921329021454,True
4,16,2,8,1,32,32768,torch.float8_e4m3fn,0.1183135986328125,301989888,0.0006179921329021454,True
4,16,2,8,1,1,131072,torch.float8_e4m3fn,0.0694208025932312,37748736,0.0006179921329021454,True
4,16,2,8,1,8,131072,torch.float8_e4m3fn,0.11798239946365356,301989888,0.0006179921329021454,True
4,16,2,8,1,32,131072,torch.float8_e4m3fn,0.2522783994674683,1207959552,0.0006179921329021454,True
4,16,2,8,1,1,524288,torch.float8_e4m3fn,0.10053440332412719,150994944,0.0006179921329021454,True
4,16,2,8,1,8,524288,torch.float8_e4m3fn,0.24189279079437256,1207959552,0.0006179921329021454,True
4,16,2,8,1,32,524288,torch.float8_e4m3fn,0.7760543823242188,4831838208,0.0006179921329021454,True
4,16,2,8,1,1,1048576,torch.float8_e4m3fn,0.12730400562286376,301989888,0.0006179921329021454,True
4,16,2,8,1,8,1048576,torch.float8_e4m3fn,0.40812158584594727,2415919104,0.0006179921329021454,True
4,16,2,8,1,32,1048576,torch.float8_e4m3fn,1.476206398010254,9663676416,0.0006179921329021454,True
4,16,4,4,1,1,1024,torch.bfloat16,0.0669871985912323,294912,7.040891796350479e-05,True
4,16,4,4,1,8,1024,torch.bfloat16,0.08033279776573181,2359296,7.040891796350479e-05,True
4,16,4,4,1,32,1024,torch.bfloat16,0.08773120045661927,9437184,7.040891796350479e-05,True
4,16,4,4,1,1,8192,torch.bfloat16,0.07324000000953675,2359296,7.040891796350479e-05,True
4,16,4,4,1,8,8192,torch.bfloat16,0.08693600296974183,18874368,7.040891796350479e-05,True
4,16,4,4,1,32,8192,torch.bfloat16,0.12174240350723267,75497472,7.040891796350479e-05,True
4,16,4,4,1,1,32768,torch.bfloat16,0.07467679977416992,9437184,7.040891796350479e-05,True
4,16,4,4,1,8,32768,torch.bfloat16,0.10680160522460938,75497472,7.040891796350479e-05,True
4,16,4,4,1,32,32768,torch.bfloat16,0.18283679485321044,301989888,7.040891796350479e-05,True
4,16,4,4,1,1,131072,torch.bfloat16,0.08855680227279664,37748736,7.040891796350479e-05,True
4,16,4,4,1,8,131072,torch.bfloat16,0.17365920543670654,301989888,7.040891796350479e-05,True
4,16,4,4,1,32,131072,torch.bfloat16,0.413259220123291,1207959552,7.040891796350479e-05,True
4,16,4,4,1,1,524288,torch.bfloat16,0.13788479566574097,150994944,7.040891796350479e-05,True
4,16,4,4,1,8,524288,torch.bfloat16,0.379803204536438,1207959552,7.040891796350479e-05,True
4,16,4,4,1,32,524288,torch.bfloat16,1.3220479965209961,4831838208,7.040891796350479e-05,True
4,16,4,4,1,1,1048576,torch.bfloat16,0.18799680471420288,301989888,7.040891796350479e-05,True
4,16,4,4,1,8,1048576,torch.bfloat16,0.6581808090209961,2415919104,7.040891796350479e-05,True
4,16,4,4,1,32,1048576,torch.bfloat16,2.535171127319336,9663676416,7.040891796350479e-05,True
4,16,4,4,1,1,1024,torch.float8_e4m3fn,0.06583200097084045,147456,0.00042799394577741623,True
4,16,4,4,1,8,1024,torch.float8_e4m3fn,0.07779840230941773,1179648,0.00042799394577741623,True
4,16,4,4,1,32,1024,torch.float8_e4m3fn,0.08423839807510376,4718592,0.00042799394577741623,True
4,16,4,4,1,1,8192,torch.float8_e4m3fn,0.07176160216331481,1179648,0.00042799394577741623,True
4,16,4,4,1,8,8192,torch.float8_e4m3fn,0.08292800188064575,9437184,0.00042799394577741623,True
4,16,4,4,1,32,8192,torch.float8_e4m3fn,0.0959231972694397,37748736,0.00042799394577741623,True
4,16,4,4,1,1,32768,torch.float8_e4m3fn,0.07255520224571228,4718592,0.00042799394577741623,True
4,16,4,4,1,8,32768,torch.float8_e4m3fn,0.09108960032463073,37748736,0.00042799394577741623,True
4,16,4,4,1,32,32768,torch.float8_e4m3fn,0.13587679862976074,150994944,0.00042799394577741623,True
4,16,4,4,1,1,131072,torch.float8_e4m3fn,0.08221279978752136,18874368,0.00042799394577741623,True
4,16,4,4,1,8,131072,torch.float8_e4m3fn,0.13096319437026976,150994944,0.00042799394577741623,True
4,16,4,4,1,32,131072,torch.float8_e4m3fn,0.24311521053314208,603979776,0.00042799394577741623,True
4,16,4,4,1,1,524288,torch.float8_e4m3fn,0.1046447992324829,75497472,0.00042799394577741623,True
4,16,4,4,1,8,524288,torch.float8_e4m3fn,0.22662079334259033,603979776,0.00042799394577741623,True
4,16,4,4,1,32,524288,torch.float8_e4m3fn,0.6545584201812744,2415919104,0.00042799394577741623,True
4,16,4,4,1,1,1048576,torch.float8_e4m3fn,0.1283519983291626,150994944,0.00042799394577741623,True
4,16,4,4,1,8,1048576,torch.float8_e4m3fn,0.351913595199585,1207959552,0.00042799394577741623,True
4,16,4,4,1,32,1048576,torch.float8_e4m3fn,1.2038944244384766,4831838208,0.00042799394577741623,True
4,16,8,2,1,1,1024,torch.bfloat16,0.09573280215263366,147456,4.168599843978882e-05,True
4,16,8,2,1,8,1024,torch.bfloat16,0.10144640207290649,1179648,4.168599843978882e-05,True
4,16,8,2,1,32,1024,torch.bfloat16,0.12676000595092773,4718592,4.168599843978882e-05,True
4,16,8,2,1,1,8192,torch.bfloat16,0.09873440265655517,1179648,4.168599843978882e-05,True
4,16,8,2,1,8,8192,torch.bfloat16,0.10833439826965333,9437184,4.168599843978882e-05,True
4,16,8,2,1,32,8192,torch.bfloat16,0.1467344045639038,37748736,4.168599843978882e-05,True
4,16,8,2,1,1,32768,torch.bfloat16,0.09943360090255737,4718592,4.168599843978882e-05,True
4,16,8,2,1,8,32768,torch.bfloat16,0.11789599657058716,37748736,4.168599843978882e-05,True
4,16,8,2,1,32,32768,torch.bfloat16,0.18348319530487062,150994944,4.168599843978882e-05,True
4,16,8,2,1,1,131072,torch.bfloat16,0.1080847978591919,18874368,4.168599843978882e-05,True
4,16,8,2,1,8,131072,torch.bfloat16,0.14986399412155152,150994944,4.168599843978882e-05,True
4,16,8,2,1,32,131072,torch.bfloat16,0.26393120288848876,603979776,4.168599843978882e-05,True
4,16,8,2,1,1,524288,torch.bfloat16,0.12715840339660645,75497472,4.168599843978882e-05,True
4,16,8,2,1,8,524288,torch.bfloat16,0.23055520057678222,603979776,4.168599843978882e-05,True
4,16,8,2,1,32,524288,torch.bfloat16,0.5727776050567627,2415919104,4.168599843978882e-05,True
4,16,8,2,1,1,1048576,torch.bfloat16,0.15224479436874389,150994944,4.168599843978882e-05,True
4,16,8,2,1,8,1048576,torch.bfloat16,0.34265120029449464,1207959552,4.168599843978882e-05,True
4,16,8,2,1,32,1048576,torch.bfloat16,0.9919327735900879,4831838208,4.168599843978882e-05,True
4,16,8,2,1,1,1024,torch.float8_e4m3fn,0.09402400255203247,73728,0.0003719831584021449,True
4,16,8,2,1,8,1024,torch.float8_e4m3fn,0.1021888017654419,589824,0.0003719831584021449,True
4,16,8,2,1,32,1024,torch.float8_e4m3fn,0.12222399711608886,2359296,0.0003719831584021449,True
4,16,8,2,1,1,8192,torch.float8_e4m3fn,0.09458720088005065,589824,0.0003719831584021449,True
4,16,8,2,1,8,8192,torch.float8_e4m3fn,0.10407040119171143,4718592,0.0003719831584021449,True
4,16,8,2,1,32,8192,torch.float8_e4m3fn,0.12894079685211182,18874368,0.0003719831584021449,True
4,16,8,2,1,1,32768,torch.float8_e4m3fn,0.09813759922981262,2359296,0.0003719831584021449,True
4,16,8,2,1,8,32768,torch.float8_e4m3fn,0.10920319557189942,18874368,0.0003719831584021449,True
4,16,8,2,1,32,32768,torch.float8_e4m3fn,0.1548799991607666,75497472,0.0003719831584021449,True
4,16,8,2,1,1,131072,torch.float8_e4m3fn,0.1037775993347168,9437184,0.0003719831584021449,True
4,16,8,2,1,8,131072,torch.float8_e4m3fn,0.11769440174102783,75497472,0.0003719831584021449,True
4,16,8,2,1,32,131072,torch.float8_e4m3fn,0.20729279518127441,301989888,0.0003719831584021449,True
4,16,8,2,1,1,524288,torch.float8_e4m3fn,0.1142848014831543,37748736,0.0003719831584021449,True
4,16,8,2,1,8,524288,torch.float8_e4m3fn,0.1712656021118164,301989888,0.0003719831584021449,True
4,16,8,2,1,32,524288,torch.float8_e4m3fn,0.38014400005340576,1207959552,0.0003719831584021449,True
4,16,8,2,1,1,1048576,torch.float8_e4m3fn,0.12761759757995605,75497472,0.0003719831584021449,True
4,16,8,2,1,8,1048576,torch.float8_e4m3fn,0.2278064012527466,603979776,0.0003719831584021449,True
4,16,8,2,1,32,1048576,torch.float8_e4m3fn,0.6046160221099853,2415919104,0.0003719831584021449,True
4,16,16,1,1,1,8192,torch.bfloat16,0.1499552011489868,589824,2.9671471565961838e-05,True
4,16,16,1,1,8,8192,torch.bfloat16,0.16415200233459473,4718592,2.9671471565961838e-05,True
4,16,16,1,1,32,8192,torch.bfloat16,0.21713759899139404,18874368,2.9671471565961838e-05,True
4,16,16,1,1,1,32768,torch.bfloat16,0.15183680057525634,2359296,2.9671471565961838e-05,True
4,16,16,1,1,8,32768,torch.bfloat16,0.178713595867157,18874368,2.9671471565961838e-05,True
4,16,16,1,1,32,32768,torch.bfloat16,0.24488799571990966,75497472,2.9671471565961838e-05,True
4,16,16,1,1,1,131072,torch.bfloat16,0.16046080589294434,9437184,2.9671471565961838e-05,True
4,16,16,1,1,8,131072,torch.bfloat16,0.20302081108093262,75497472,2.9671471565961838e-05,True
4,16,16,1,1,32,131072,torch.bfloat16,0.29213919639587405,301989888,2.9671471565961838e-05,True
4,16,16,1,1,1,524288,torch.bfloat16,0.16919519901275634,37748736,2.9671471565961838e-05,True
4,16,16,1,1,8,524288,torch.bfloat16,0.2543872117996216,301989888,2.9671471565961838e-05,True
4,16,16,1,1,32,524288,torch.bfloat16,0.46179838180541993,1207959552,2.9671471565961838e-05,True
4,16,16,1,1,1,1048576,torch.bfloat16,0.1816223978996277,75497472,2.9671471565961838e-05,True
4,16,16,1,1,8,1048576,torch.bfloat16,0.3101200103759766,603979776,2.9671471565961838e-05,True
4,16,16,1,1,32,1048576,torch.bfloat16,0.700868797302246,2415919104,2.9671471565961838e-05,True
4,16,16,1,1,1,8192,torch.float8_e4m3fn,0.14521440267562866,294912,0.0002175570698454976,True
4,16,16,1,1,8,8192,torch.float8_e4m3fn,0.16340160369873047,2359296,0.0002175570698454976,True
4,16,16,1,1,32,8192,torch.float8_e4m3fn,0.2017967939376831,9437184,0.0002175570698454976,True
4,16,16,1,1,1,32768,torch.float8_e4m3fn,0.1473647952079773,1179648,0.0002175570698454976,True
4,16,16,1,1,8,32768,torch.float8_e4m3fn,0.17283519506454467,9437184,0.0002175570698454976,True
4,16,16,1,1,32,32768,torch.float8_e4m3fn,0.22562720775604247,37748736,0.0002175570698454976,True
4,16,16,1,1,1,131072,torch.float8_e4m3fn,0.15142079591751098,4718592,0.0002175570698454976,True
4,16,16,1,1,8,131072,torch.float8_e4m3fn,0.17633119821548462,37748736,0.0002175570698454976,True
4,16,16,1,1,32,131072,torch.float8_e4m3fn,0.257096004486084,150994944,0.0002175570698454976,True
4,16,16,1,1,1,524288,torch.float8_e4m3fn,0.1629040002822876,18874368,0.0002175570698454976,True
4,16,16,1,1,8,524288,torch.float8_e4m3fn,0.22630879878997803,150994944,0.0002175570698454976,True
4,16,16,1,1,32,524288,torch.float8_e4m3fn,0.3597536087036133,603979776,0.0002175570698454976,True
4,16,16,1,1,1,1048576,torch.float8_e4m3fn,0.16697920560836793,37748736,0.0002175570698454976,True
4,16,16,1,1,8,1048576,torch.float8_e4m3fn,0.2520400047302246,301989888,0.0002175570698454976,True
4,16,16,1,1,32,1048576,torch.float8_e4m3fn,0.49290881156921384,1207959552,0.0002175570698454976,True
4,8,1,8,2,1,1024,torch.bfloat16,0.014457599818706512,1179648,9.8448246717453e-05,True
4,8,1,8,2,8,1024,torch.bfloat16,0.014406399428844452,9437184,9.8448246717453e-05,True
4,8,1,8,2,32,1024,torch.bfloat16,0.01666879951953888,37748736,9.8448246717453e-05,True
4,8,1,8,2,1,8192,torch.bfloat16,0.015603199601173401,9437184,9.8448246717453e-05,True
4,8,1,8,2,8,8192,torch.bfloat16,0.019654400646686554,75497472,9.8448246717453e-05,True
4,8,1,8,2,32,8192,torch.bfloat16,0.0688975989818573,301989888,9.8448246717453e-05,True
4,8,1,8,2,1,32768,torch.bfloat16,0.026782399415969847,37748736,9.8448246717453e-05,True
4,8,1,8,2,8,32768,torch.bfloat16,0.06688479781150818,301989888,9.8448246717453e-05,True
4,8,1,8,2,32,32768,torch.bfloat16,0.22344160079956055,1207959552,9.8448246717453e-05,True
4,8,1,8,2,1,131072,torch.bfloat16,0.052830398082733154,150994944,9.8448246717453e-05,True
4,8,1,8,2,8,131072,torch.bfloat16,0.23121919631958007,1207959552,9.8448246717453e-05,True
4,8,1,8,2,32,131072,torch.bfloat16,0.832425594329834,4831838208,9.8448246717453e-05,True
4,8,1,8,2,1,524288,torch.bfloat16,0.13833760023117064,603979776,9.8448246717453e-05,True
4,8,1,8,2,8,524288,torch.bfloat16,0.7919087886810303,4831838208,9.8448246717453e-05,True
4,8,1,8,2,32,524288,torch.bfloat16,3.2757328033447264,19327352832,9.8448246717453e-05,True
4,8,1,8,2,1,1048576,torch.bfloat16,0.25319199562072753,1207959552,9.8448246717453e-05,True
4,8,1,8,2,8,1048576,torch.bfloat16,1.5715312004089355,9663676416,9.8448246717453e-05,True
4,8,1,8,2,32,1048576,torch.bfloat16,6.4554893493652346,38654705664,9.8448246717453e-05,True
4,8,1,8,2,1,1024,torch.float8_e4m3fn,0.012600000202655792,589824,0.0008488395251333714,True
4,8,1,8,2,8,1024,torch.float8_e4m3fn,0.012583999335765839,4718592,0.0008488395251333714,True
4,8,1,8,2,32,1024,torch.float8_e4m3fn,0.014537599682807923,18874368,0.0008488395251333714,True
4,8,1,8,2,1,8192,torch.float8_e4m3fn,0.01454399973154068,4718592,0.0008488395251333714,True
4,8,1,8,2,8,8192,torch.float8_e4m3fn,0.016667200624942778,37748736,0.0008488395251333714,True
4,8,1,8,2,32,8192,torch.float8_e4m3fn,0.03724640011787415,150994944,0.0008488395251333714,True
4,8,1,8,2,1,32768,torch.float8_e4m3fn,0.02268960028886795,18874368,0.0008488395251333714,True
4,8,1,8,2,8,32768,torch.float8_e4m3fn,0.03789120018482208,150994944,0.0008488395251333714,True
4,8,1,8,2,32,32768,torch.float8_e4m3fn,0.10295039415359497,603979776,0.0008488395251333714,True
4,8,1,8,2,1,131072,torch.float8_e4m3fn,0.030985599756240843,75497472,0.0008488395251333714,True
4,8,1,8,2,8,131072,torch.float8_e4m3fn,0.101363205909729,603979776,0.0008488395251333714,True
4,8,1,8,2,32,131072,torch.float8_e4m3fn,0.36406080722808837,2415919104,0.0008488395251333714,True
4,8,1,8,2,1,524288,torch.float8_e4m3fn,0.07399200201034546,301989888,0.0008488395251333714,True
4,8,1,8,2,8,524288,torch.float8_e4m3fn,0.34949119091033937,2415919104,0.0008488395251333714,True
4,8,1,8,2,32,524288,torch.float8_e4m3fn,1.4138544082641602,9663676416,0.0008488395251333714,True
4,8,1,8,2,1,1048576,torch.float8_e4m3fn,0.1262719988822937,603979776,0.0008488395251333714,True
4,8,1,8,2,8,1048576,torch.float8_e4m3fn,0.6811903953552246,4831838208,0.0008488395251333714,True
4,8,1,8,2,32,1048576,torch.float8_e4m3fn,2.8440927505493163,19327352832,0.0008488395251333714,True
4,8,2,4,2,1,1024,torch.bfloat16,0.05752320289611816,589824,0.00012516602873802185,True
4,8,2,4,2,8,1024,torch.bfloat16,0.06635519862174988,4718592,0.00012516602873802185,True
4,8,2,4,2,32,1024,torch.bfloat16,0.07700160145759583,18874368,0.00012516602873802185,True
4,8,2,4,2,1,8192,torch.bfloat16,0.061831998825073245,4718592,0.00012516602873802185,True
4,8,2,4,2,8,8192,torch.bfloat16,0.076419198513031,37748736,0.00012516602873802185,True
4,8,2,4,2,32,8192,torch.bfloat16,0.13377759456634522,150994944,0.00012516602873802185,True
4,8,2,4,2,1,32768,torch.bfloat16,0.06841440200805664,18874368,0.00012516602873802185,True
4,8,2,4,2,8,32768,torch.bfloat16,0.12367039918899536,150994944,0.00012516602873802185,True
4,8,2,4,2,32,32768,torch.bfloat16,0.2471695899963379,603979776,0.00012516602873802185,True
4,8,2,4,2,1,131072,torch.bfloat16,0.09839040040969849,75497472,0.00012516602873802185,True
4,8,2,4,2,8,131072,torch.bfloat16,0.22670719623565674,603979776,0.00012516602873802185,True
4,8,2,4,2,32,131072,torch.bfloat16,0.7026159763336182,2415919104,0.00012516602873802185,True
4,8,2,4,2,1,524288,torch.bfloat16,0.17448799610137938,301989888,0.00012516602873802185,True
4,8,2,4,2,8,524288,torch.bfloat16,0.6430928230285644,2415919104,0.00012516602873802185,True
4,8,2,4,2,32,524288,torch.bfloat16,2.5180192947387696,9663676416,0.00012516602873802185,True
4,8,2,4,2,1,1048576,torch.bfloat16,0.27236640453338623,603979776,0.00012516602873802185,True
4,8,2,4,2,8,1048576,torch.bfloat16,1.200540828704834,4831838208,0.00012516602873802185,True
4,8,2,4,2,32,1048576,torch.bfloat16,4.922011184692383,19327352832,0.00012516602873802185,True
4,8,2,4,2,1,1024,torch.float8_e4m3fn,0.05612480044364929,294912,0.0006179977208375931,True
4,8,2,4,2,8,1024,torch.float8_e4m3fn,0.06619679927825928,2359296,0.0006179977208375931,True
4,8,2,4,2,32,1024,torch.float8_e4m3fn,0.07569119930267335,9437184,0.0006179977208375931,True
4,8,2,4,2,1,8192,torch.float8_e4m3fn,0.05872960090637207,2359296,0.0006179977208375931,True
4,8,2,4,2,8,8192,torch.float8_e4m3fn,0.07334240078926087,18874368,0.0006179977208375931,True
4,8,2,4,2,32,8192,torch.float8_e4m3fn,0.09985120296478271,75497472,0.0006179977208375931,True
4,8,2,4,2,1,32768,torch.float8_e4m3fn,0.06511679887771607,9437184,0.0006179977208375931,True
4,8,2,4,2,8,32768,torch.float8_e4m3fn,0.089055997133255,75497472,0.0006179977208375931,True
4,8,2,4,2,32,32768,torch.float8_e4m3fn,0.15965759754180908,301989888,0.0006179977208375931,True
4,8,2,4,2,1,131072,torch.float8_e4m3fn,0.07154080271720886,37748736,0.0006179977208375931,True
4,8,2,4,2,8,131072,torch.float8_e4m3fn,0.14960319995880128,301989888,0.0006179977208375931,True
4,8,2,4,2,32,131072,torch.float8_e4m3fn,0.3686176061630249,1207959552,0.0006179977208375931,True
4,8,2,4,2,1,524288,torch.float8_e4m3fn,0.11726080179214478,150994944,0.0006179977208375931,True
4,8,2,4,2,8,524288,torch.float8_e4m3fn,0.34149599075317383,1207959552,0.0006179977208375931,True
4,8,2,4,2,32,524288,torch.float8_e4m3fn,1.1928159713745117,4831838208,0.0006179977208375931,True
4,8,2,4,2,1,1048576,torch.float8_e4m3fn,0.16455839872360228,301989888,0.0006179977208375931,True
4,8,2,4,2,8,1048576,torch.float8_e4m3fn,0.5907599925994873,2415919104,0.0006179977208375931,True
4,8,2,4,2,32,1048576,torch.float8_e4m3fn,2.3248432159423826,9663676416,0.0006179977208375931,True
4,8,4,2,2,1,1024,torch.bfloat16,0.06664479970932007,294912,7.040891796350479e-05,True
4,8,4,2,2,8,1024,torch.bfloat16,0.07504000067710877,2359296,7.040891796350479e-05,True
4,8,4,2,2,32,1024,torch.bfloat16,0.09640160202980042,9437184,7.040891796350479e-05,True
4,8,4,2,2,1,8192,torch.bfloat16,0.07188479900360108,2359296,7.040891796350479e-05,True
4,8,4,2,2,8,8192,torch.bfloat16,0.0837823987007141,18874368,7.040891796350479e-05,True
4,8,4,2,2,32,8192,torch.bfloat16,0.11418720483779907,75497472,7.040891796350479e-05,True
4,8,4,2,2,1,32768,torch.bfloat16,0.07894080281257629,9437184,7.040891796350479e-05,True
4,8,4,2,2,8,32768,torch.bfloat16,0.09365599751472473,75497472,7.040891796350479e-05,True
4,8,4,2,2,32,32768,torch.bfloat16,0.16881439685821534,301989888,7.040891796350479e-05,True
4,8,4,2,2,1,131072,torch.bfloat16,0.09094719886779785,37748736,7.040891796350479e-05,True
4,8,4,2,2,8,131072,torch.bfloat16,0.1483199954032898,301989888,7.040891796350479e-05,True
4,8,4,2,2,32,131072,torch.bfloat16,0.3250607967376709,1207959552,7.040891796350479e-05,True
4,8,4,2,2,1,524288,torch.bfloat16,0.12555040121078492,150994944,7.040891796350479e-05,True
4,8,4,2,2,8,524288,torch.bfloat16,0.3176095962524414,1207959552,7.040891796350479e-05,True
4,8,4,2,2,32,524288,torch.bfloat16,0.9521391868591309,4831838208,7.040891796350479e-05,True
4,8,4,2,2,1,1048576,torch.bfloat16,0.16479519605636597,301989888,7.040891796350479e-05,True
4,8,4,2,2,8,1048576,torch.bfloat16,0.5154784202575684,2415919104,7.040891796350479e-05,True
4,8,4,2,2,32,1048576,torch.bfloat16,1.8097360610961915,9663676416,7.040891796350479e-05,True
4,8,4,2,2,1,1024,torch.float8_e4m3fn,0.0741375982761383,147456,0.000541935209184885,True
4,8,4,2,2,8,1024,torch.float8_e4m3fn,0.07955999970436096,1179648,0.000541935209184885,True
4,8,4,2,2,32,1024,torch.float8_e4m3fn,0.09071679711341858,4718592,0.000541935209184885,True
4,8,4,2,2,1,8192,torch.float8_e4m3fn,0.0712336003780365,1179648,0.000541935209184885,True
4,8,4,2,2,8,8192,torch.float8_e4m3fn,0.0785535991191864,9437184,0.000541935209184885,True
4,8,4,2,2,32,8192,torch.float8_e4m3fn,0.0991424024105072,37748736,0.000541935209184885,True
4,8,4,2,2,1,32768,torch.float8_e4m3fn,0.07349920272827148,4718592,0.000541935209184885,True
4,8,4,2,2,8,32768,torch.float8_e4m3fn,0.08865759968757629,37748736,0.000541935209184885,True
4,8,4,2,2,32,32768,torch.float8_e4m3fn,0.13533439636230468,150994944,0.000541935209184885,True
4,8,4,2,2,1,131072,torch.float8_e4m3fn,0.08161919713020324,18874368,0.000541935209184885,True
4,8,4,2,2,8,131072,torch.float8_e4m3fn,0.12005280256271363,150994944,0.000541935209184885,True
4,8,4,2,2,32,131072,torch.float8_e4m3fn,0.22537760734558104,603979776,0.000541935209184885,True
4,8,4,2,2,1,524288,torch.float8_e4m3fn,0.10375039577484131,75497472,0.000541935209184885,True
4,8,4,2,2,8,524288,torch.float8_e4m3fn,0.2012320041656494,603979776,0.000541935209184885,True
4,8,4,2,2,32,524288,torch.float8_e4m3fn,0.5595983982086181,2415919104,0.000541935209184885,True
4,8,4,2,2,1,1048576,torch.float8_e4m3fn,0.13122719526290894,150994944,0.000541935209184885,True
4,8,4,2,2,8,1048576,torch.float8_e4m3fn,0.30090720653533937,1207959552,0.000541935209184885,True
4,8,4,2,2,32,1048576,torch.float8_e4m3fn,1.0095935821533204,4831838208,0.000541935209184885,True
4,8,8,1,2,1,1024,torch.bfloat16,0.10016640424728393,147456,4.168599843978882e-05,True
4,8,8,1,2,8,1024,torch.bfloat16,0.11463840007781982,1179648,4.168599843978882e-05,True
4,8,8,1,2,32,1024,torch.bfloat16,0.16578240394592286,4718592,4.168599843978882e-05,True
4,8,8,1,2,1,8192,torch.bfloat16,0.10376640558242797,1179648,4.168599843978882e-05,True
4,8,8,1,2,8,8192,torch.bfloat16,0.1243664026260376,9437184,4.168599843978882e-05,True
4,8,8,1,2,32,8192,torch.bfloat16,0.19424320459365846,37748736,4.168599843978882e-05,True
4,8,8,1,2,1,32768,torch.bfloat16,0.10784000158309937,4718592,4.168599843978882e-05,True
4,8,8,1,2,8,32768,torch.bfloat16,0.12427359819412231,37748736,4.168599843978882e-05,True
4,8,8,1,2,32,32768,torch.bfloat16,0.22489280700683595,150994944,4.168599843978882e-05,True
4,8,8,1,2,1,131072,torch.bfloat16,0.12477920055389405,18874368,4.168599843978882e-05,True
4,8,8,1,2,8,131072,torch.bfloat16,0.159716796875,150994944,4.168599843978882e-05,True
4,8,8,1,2,32,131072,torch.bfloat16,0.3117055892944336,603979776,4.168599843978882e-05,True
4,8,8,1,2,1,524288,torch.bfloat16,0.12541760206222535,75497472,4.168599843978882e-05,True
4,8,8,1,2,8,524288,torch.bfloat16,0.24496641159057617,603979776,4.168599843978882e-05,True
4,8,8,1,2,32,524288,torch.bfloat16,0.6510272026062012,2415919104,4.168599843978882e-05,True
4,8,8,1,2,1,1048576,torch.bfloat16,0.1571023941040039,150994944,4.168599843978882e-05,True
4,8,8,1,2,8,1048576,torch.bfloat16,0.3475519895553589,1207959552,4.168599843978882e-05,True
4,8,8,1,2,32,1048576,torch.bfloat16,1.1420751571655274,4831838208,4.168599843978882e-05,True
4,8,8,1,2,1,1024,torch.float8_e4m3fn,0.11893919706344605,73728,0.0003407001495361328,True
4,8,8,1,2,8,1024,torch.float8_e4m3fn,0.11332639455795288,589824,0.0003407001495361328,True
4,8,8,1,2,32,1024,torch.float8_e4m3fn,0.1625615954399109,2359296,0.0003407001495361328,True
4,8,8,1,2,1,8192,torch.float8_e4m3fn,0.1012112021446228,589824,0.0003407001495361328,True
4,8,8,1,2,8,8192,torch.float8_e4m3fn,0.11863520145416259,4718592,0.0003407001495361328,True
4,8,8,1,2,32,8192,torch.float8_e4m3fn,0.17293920516967773,18874368,0.0003407001495361328,True
4,8,8,1,2,1,32768,torch.float8_e4m3fn,0.10493600368499756,2359296,0.0003407001495361328,True
4,8,8,1,2,8,32768,torch.float8_e4m3fn,0.1231727957725525,18874368,0.0003407001495361328,True
4,8,8,1,2,32,32768,torch.float8_e4m3fn,0.20135679244995117,75497472,0.0003407001495361328,True
4,8,8,1,2,1,131072,torch.float8_e4m3fn,0.11609760522842408,9437184,0.0003407001495361328,True
4,8,8,1,2,8,131072,torch.float8_e4m3fn,0.1377760052680969,75497472,0.0003407001495361328,True
4,8,8,1,2,32,131072,torch.float8_e4m3fn,0.2513008117675781,301989888,0.0003407001495361328,True
4,8,8,1,2,1,524288,torch.float8_e4m3fn,0.12225600481033325,37748736,0.0003407001495361328,True
4,8,8,1,2,8,524288,torch.float8_e4m3fn,0.1888975977897644,301989888,0.0003407001495361328,True
4,8,8,1,2,32,524288,torch.float8_e4m3fn,0.4453775882720947,1207959552,0.0003407001495361328,True
4,8,8,1,2,1,1048576,torch.float8_e4m3fn,0.13041599988937377,75497472,0.0003407001495361328,True
4,8,8,1,2,8,1048576,torch.float8_e4m3fn,0.2591344118118286,603979776,0.0003407001495361328,True
4,8,8,1,2,32,1048576,torch.float8_e4m3fn,0.7067615985870361,2415919104,0.0003407001495361328,True
4,4,1,4,4,1,1024,torch.bfloat16,0.01669120043516159,1179648,9.8448246717453e-05,True
4,4,1,4,4,8,1024,torch.bfloat16,0.02279199957847595,9437184,9.8448246717453e-05,True
4,4,1,4,4,32,1024,torch.bfloat16,0.028860801458358766,37748736,9.8448246717453e-05,True
4,4,1,4,4,1,8192,torch.bfloat16,0.019363200664520262,9437184,9.8448246717453e-05,True
4,4,1,4,4,8,8192,torch.bfloat16,0.03896960020065308,75497472,9.8448246717453e-05,True
4,4,1,4,4,32,8192,torch.bfloat16,0.10440479516983033,301989888,9.8448246717453e-05,True
4,4,1,4,4,1,32768,torch.bfloat16,0.030980798602104186,37748736,9.8448246717453e-05,True
4,4,1,4,4,8,32768,torch.bfloat16,0.10090240240097045,301989888,9.8448246717453e-05,True
4,4,1,4,4,32,32768,torch.bfloat16,0.33085439205169676,1207959552,9.8448246717453e-05,True
4,4,1,4,4,1,131072,torch.bfloat16,0.07180960178375244,150994944,9.8448246717453e-05,True
4,4,1,4,4,8,131072,torch.bfloat16,0.3053440093994141,1207959552,9.8448246717453e-05,True
4,4,1,4,4,32,131072,torch.bfloat16,1.2378959655761719,4831838208,9.8448246717453e-05,True
4,4,1,4,4,1,524288,torch.bfloat16,0.21755199432373046,603979776,9.8448246717453e-05,True
4,4,1,4,4,8,524288,torch.bfloat16,1.137548828125,4831838208,9.8448246717453e-05,True
4,4,1,4,4,32,524288,torch.bfloat16,4.847185516357422,19327352832,9.8448246717453e-05,True
4,4,1,4,4,1,1048576,torch.bfloat16,0.41291041374206544,1207959552,9.8448246717453e-05,True
4,4,1,4,4,8,1048576,torch.bfloat16,2.2656576156616213,9663676416,9.8448246717453e-05,True
4,4,1,4,4,32,1048576,torch.bfloat16,9.656937408447266,38654705664,9.8448246717453e-05,True
4,4,1,4,4,1,1024,torch.float8_e4m3fn,0.01656000018119812,589824,0.0009246747940778732,True
4,4,1,4,4,8,1024,torch.float8_e4m3fn,0.020737600326538087,4718592,0.0009246747940778732,True
4,4,1,4,4,32,1024,torch.float8_e4m3fn,0.02301599979400635,18874368,0.0009246747940778732,True
4,4,1,4,4,1,8192,torch.float8_e4m3fn,0.01668799966573715,4718592,0.0009246747940778732,True
4,4,1,4,4,8,8192,torch.float8_e4m3fn,0.02688640058040619,37748736,0.0009246747940778732,True
4,4,1,4,4,32,8192,torch.float8_e4m3fn,0.06087520122528076,150994944,0.0009246747940778732,True
4,4,1,4,4,1,32768,torch.float8_e4m3fn,0.024876800179481507,18874368,0.0009246747940778732,True
4,4,1,4,4,8,32768,torch.float8_e4m3fn,0.05915359854698181,150994944,0.0009246747940778732,True
4,4,1,4,4,32,32768,torch.float8_e4m3fn,0.16393920183181762,603979776,0.0009246747940778732,True
4,4,1,4,4,1,131072,torch.float8_e4m3fn,0.043296000361442565,75497472,0.0009246747940778732,True
4,4,1,4,4,8,131072,torch.float8_e4m3fn,0.1516528010368347,603979776,0.0009246747940778732,True
4,4,1,4,4,32,131072,torch.float8_e4m3fn,0.5706111907958984,2415919104,0.0009246747940778732,True
4,4,1,4,4,1,524288,torch.float8_e4m3fn,0.10887360572814941,301989888,0.0009246747940778732,True
4,4,1,4,4,8,524288,torch.float8_e4m3fn,0.5286143779754638,2415919104,0.0009246747940778732,True
4,4,1,4,4,32,524288,torch.float8_e4m3fn,2.2558416366577148,9663676416,0.0009246747940778732,True
4,4,1,4,4,1,1048576,torch.float8_e4m3fn,0.19761600494384765,603979776,0.0009246747940778732,True
4,4,1,4,4,8,1048576,torch.float8_e4m3fn,1.0278575897216797,4831838208,0.0009246747940778732,True
4,4,1,4,4,32,1048576,torch.float8_e4m3fn,4.500596618652343,19327352832,0.0009246747940778732,True
4,4,2,2,4,1,1024,torch.bfloat16,0.05555840134620667,589824,0.00012516602873802185,True
4,4,2,2,4,8,1024,torch.bfloat16,0.06345279812812805,4718592,0.00012516602873802185,True
4,4,2,2,4,32,1024,torch.bfloat16,0.08616639971733094,18874368,0.00012516602873802185,True
4,4,2,2,4,1,8192,torch.bfloat16,0.059761601686477664,4718592,0.00012516602873802185,True
4,4,2,2,4,8,8192,torch.bfloat16,0.07921280264854431,37748736,0.00012516602873802185,True
4,4,2,2,4,32,8192,torch.bfloat16,0.1268895983695984,150994944,0.00012516602873802185,True
4,4,2,2,4,1,32768,torch.bfloat16,0.07052000164985657,18874368,0.00012516602873802185,True
4,4,2,2,4,8,32768,torch.bfloat16,0.11012159585952759,150994944,0.00012516602873802185,True
4,4,2,2,4,32,32768,torch.bfloat16,0.21132640838623046,603979776,0.00012516602873802185,True
4,4,2,2,4,1,131072,torch.bfloat16,0.08624799847602845,75497472,0.00012516602873802185,True
4,4,2,2,4,8,131072,torch.bfloat16,0.18745919466018676,603979776,0.00012516602873802185,True
4,4,2,2,4,32,131072,torch.bfloat16,0.5202047824859619,2415919104,0.00012516602873802185,True
4,4,2,2,4,1,524288,torch.bfloat16,0.1456015944480896,301989888,0.00012516602873802185,True
4,4,2,2,4,8,524288,torch.bfloat16,0.4999728202819824,2415919104,0.00012516602873802185,True
4,4,2,2,4,32,524288,torch.bfloat16,1.8196943283081055,9663676416,0.00012516602873802185,True
4,4,2,2,4,1,1048576,torch.bfloat16,0.2439728021621704,603979776,0.00012516602873802185,True
4,4,2,2,4,8,1048576,torch.bfloat16,0.8963664054870606,4831838208,0.00012516602873802185,True
4,4,2,2,4,32,1048576,torch.bfloat16,3.7309585571289063,19327352832,0.00012516602873802185,True
4,4,2,2,4,1,1024,torch.float8_e4m3fn,0.053832000494003295,294912,0.000679786317050457,True
4,4,2,2,4,8,1024,torch.float8_e4m3fn,0.0606719970703125,2359296,0.000679786317050457,True
4,4,2,2,4,32,1024,torch.float8_e4m3fn,0.07986080050468444,9437184,0.000679786317050457,True
4,4,2,2,4,1,8192,torch.float8_e4m3fn,0.059920001029968264,2359296,0.000679786317050457,True
4,4,2,2,4,8,8192,torch.float8_e4m3fn,0.06820160150527954,18874368,0.000679786317050457,True
4,4,2,2,4,32,8192,torch.float8_e4m3fn,0.09459199905395507,75497472,0.000679786317050457,True
4,4,2,2,4,1,32768,torch.float8_e4m3fn,0.06204959750175476,9437184,0.000679786317050457,True
4,4,2,2,4,8,32768,torch.float8_e4m3fn,0.07930560111999511,75497472,0.000679786317050457,True
4,4,2,2,4,32,32768,torch.float8_e4m3fn,0.1501871943473816,301989888,0.000679786317050457,True
4,4,2,2,4,1,131072,torch.float8_e4m3fn,0.07582079768180847,37748736,0.000679786317050457,True
4,4,2,2,4,8,131072,torch.float8_e4m3fn,0.13069599866867065,301989888,0.000679786317050457,True
4,4,2,2,4,32,131072,torch.float8_e4m3fn,0.32051360607147217,1207959552,0.000679786317050457,True
4,4,2,2,4,1,524288,torch.float8_e4m3fn,0.11693919897079467,150994944,0.000679786317050457,True
4,4,2,2,4,8,524288,torch.float8_e4m3fn,0.287553596496582,1207959552,0.000679786317050457,True
4,4,2,2,4,32,524288,torch.float8_e4m3fn,0.9862735748291016,4831838208,0.000679786317050457,True
4,4,2,2,4,1,1048576,torch.float8_e4m3fn,0.15412640571594238,301989888,0.000679786317050457,True
4,4,2,2,4,8,1048576,torch.float8_e4m3fn,0.48586721420288087,2415919104,0.000679786317050457,True
4,4,2,2,4,32,1048576,torch.float8_e4m3fn,1.9233680725097657,9663676416,0.000679786317050457,True
4,4,4,1,4,1,1024,torch.bfloat16,0.07445920109748841,294912,9.47713851928711e-05,True
4,4,4,1,4,8,1024,torch.bfloat16,0.09086239933967591,2359296,9.47713851928711e-05,True
4,4,4,1,4,32,1024,torch.bfloat16,0.13108479976654053,9437184,9.47713851928711e-05,True
4,4,4,1,4,1,8192,torch.bfloat16,0.07800480127334594,2359296,9.47713851928711e-05,True
4,4,4,1,4,8,8192,torch.bfloat16,0.10557760000228882,18874368,9.47713851928711e-05,True
4,4,4,1,4,32,8192,torch.bfloat16,0.16517119407653807,75497472,9.47713851928711e-05,True
4,4,4,1,4,1,32768,torch.bfloat16,0.08463680148124694,9437184,9.47713851928711e-05,True
4,4,4,1,4,8,32768,torch.bfloat16,0.11477440595626831,75497472,9.47713851928711e-05,True
4,4,4,1,4,32,32768,torch.bfloat16,0.213753604888916,301989888,9.47713851928711e-05,True
4,4,4,1,4,1,131072,torch.bfloat16,0.0946175992488861,37748736,9.47713851928711e-05,True
4,4,4,1,4,8,131072,torch.bfloat16,0.16096800565719604,301989888,9.47713851928711e-05,True
4,4,4,1,4,32,131072,torch.bfloat16,0.3805936098098755,1207959552,9.47713851928711e-05,True
4,4,4,1,4,1,524288,torch.bfloat16,0.12565920352935792,150994944,9.47713851928711e-05,True
4,4,4,1,4,8,524288,torch.bfloat16,0.32132320404052733,1207959552,9.47713851928711e-05,True
4,4,4,1,4,32,524288,torch.bfloat16,1.0888319969177247,4831838208,9.47713851928711e-05,True
4,4,4,1,4,1,1048576,torch.bfloat16,0.19661600589752198,301989888,9.47713851928711e-05,True
4,4,4,1,4,8,1048576,torch.bfloat16,0.5336175918579101,2415919104,9.47713851928711e-05,True
4,4,4,1,4,32,1048576,torch.bfloat16,2.1475008010864256,9663676416,9.47713851928711e-05,True
4,4,4,1,4,1,1024,torch.float8_e4m3fn,0.08895999789237977,147456,0.0004699311684817076,True
4,4,4,1,4,8,1024,torch.float8_e4m3fn,0.08615840077400208,1179648,0.0004699311684817076,True
4,4,4,1,4,32,1024,torch.float8_e4m3fn,0.12313599586486816,4718592,0.0004699311684817076,True
4,4,4,1,4,1,8192,torch.float8_e4m3fn,0.07630720138549804,1179648,0.0004699311684817076,True
4,4,4,1,4,8,8192,torch.float8_e4m3fn,0.09643359780311585,9437184,0.0004699311684817076,True
4,4,4,1,4,32,8192,torch.float8_e4m3fn,0.14428479671478273,37748736,0.0004699311684817076,True
4,4,4,1,4,1,32768,torch.float8_e4m3fn,0.08039680123329163,4718592,0.0004699311684817076,True
4,4,4,1,4,8,32768,torch.float8_e4m3fn,0.10002559423446655,37748736,0.0004699311684817076,True
4,4,4,1,4,32,32768,torch.float8_e4m3fn,0.1763759970664978,150994944,0.0004699311684817076,True
4,4,4,1,4,1,131072,torch.float8_e4m3fn,0.0913968026638031,18874368,0.0004699311684817076,True
4,4,4,1,4,8,131072,torch.float8_e4m3fn,0.1340224027633667,150994944,0.0004699311684817076,True
4,4,4,1,4,32,131072,torch.float8_e4m3fn,0.2728624105453491,603979776,0.0004699311684817076,True
4,4,4,1,4,1,524288,torch.float8_e4m3fn,0.10404000282287598,75497472,0.0004699311684817076,True
4,4,4,1,4,8,524288,torch.float8_e4m3fn,0.23066880702972412,603979776,0.0004699311684817076,True
4,4,4,1,4,32,524288,torch.float8_e4m3fn,0.6614799976348877,2415919104,0.0004699311684817076,True
4,4,4,1,4,1,1048576,torch.float8_e4m3fn,0.1250159978866577,150994944,0.0004699311684817076,True
4,4,4,1,4,8,1048576,torch.float8_e4m3fn,0.351524806022644,1207959552,0.0004699311684817076,True
4,4,4,1,4,32,1048576,torch.float8_e4m3fn,1.2365311622619628,4831838208,0.0004699311684817076,True
5,16,1,16,1,1,1024,torch.bfloat16,0.014336000382900237,1179648,8.505955338478088e-05,True
5,16,1,16,1,8,1024,torch.bfloat16,0.012510399520397186,9437184,8.505955338478088e-05,True
5,16,1,16,1,32,1024,torch.bfloat16,0.016527999937534333,37748736,8.505955338478088e-05,True
5,16,1,16,1,1,8192,torch.bfloat16,0.014577600359916686,9437184,8.505955338478088e-05,True
5,16,1,16,1,8,8192,torch.bfloat16,0.018969599902629853,75497472,8.505955338478088e-05,True
5,16,1,16,1,32,8192,torch.bfloat16,0.0675823986530304,301989888,8.505955338478088e-05,True
5,16,1,16,1,1,32768,torch.bfloat16,0.026771199703216553,37748736,8.505955338478088e-05,True
5,16,1,16,1,8,32768,torch.bfloat16,0.0676751971244812,301989888,8.505955338478088e-05,True
5,16,1,16,1,32,32768,torch.bfloat16,0.22236480712890624,1207959552,8.505955338478088e-05,True
5,16,1,16,1,1,131072,torch.bfloat16,0.054097598791122435,150994944,8.505955338478088e-05,True
5,16,1,16,1,8,131072,torch.bfloat16,0.21644959449768067,1207959552,8.505955338478088e-05,True
5,16,1,16,1,32,131072,torch.bfloat16,0.8243408203125,4831838208,8.505955338478088e-05,True
5,16,1,16,1,1,524288,torch.bfloat16,0.13982720375061036,603979776,8.505955338478088e-05,True
5,16,1,16,1,8,524288,torch.bfloat16,0.7886079788208008,4831838208,8.505955338478088e-05,True
5,16,1,16,1,32,524288,torch.bfloat16,3.2664417266845702,19327352832,8.505955338478088e-05,True
5,16,1,16,1,1,1048576,torch.bfloat16,0.2533423900604248,1207959552,8.505955338478088e-05,True
5,16,1,16,1,8,1048576,torch.bfloat16,1.5690320014953614,9663676416,8.505955338478088e-05,True
5,16,1,16,1,32,1048576,torch.bfloat16,6.403132629394531,38654705664,8.505955338478088e-05,True
5,16,1,16,1,1,1024,torch.float8_e4m3fn,0.01239520013332367,589824,0.0008680112659931183,True
5,16,1,16,1,8,1024,torch.float8_e4m3fn,0.012412799894809723,4718592,0.0008680112659931183,True
5,16,1,16,1,32,1024,torch.float8_e4m3fn,0.01435679942369461,18874368,0.0008680112659931183,True
5,16,1,16,1,1,8192,torch.float8_e4m3fn,0.01441120058298111,4718592,0.0008680112659931183,True
5,16,1,16,1,8,8192,torch.float8_e4m3fn,0.016471999883651733,37748736,0.0008680112659931183,True
5,16,1,16,1,32,8192,torch.float8_e4m3fn,0.03562560081481934,150994944,0.0008680112659931183,True
5,16,1,16,1,1,32768,torch.float8_e4m3fn,0.022654399275779724,18874368,0.0008680112659931183,True
5,16,1,16,1,8,32768,torch.float8_e4m3fn,0.03712640106678009,150994944,0.0008680112659931183,True
5,16,1,16,1,32,32768,torch.float8_e4m3fn,0.10238080024719239,603979776,0.0008680112659931183,True
5,16,1,16,1,1,131072,torch.float8_e4m3fn,0.031615999341011045,75497472,0.0008680112659931183,True
5,16,1,16,1,8,131072,torch.float8_e4m3fn,0.1006127953529358,603979776,0.0008680112659931183,True
5,16,1,16,1,32,131072,torch.float8_e4m3fn,0.36708478927612304,2415919104,0.0008680112659931183,True
5,16,1,16,1,1,524288,torch.float8_e4m3fn,0.07494080066680908,301989888,0.0008680112659931183,True
5,16,1,16,1,8,524288,torch.float8_e4m3fn,0.34963359832763674,2415919104,0.0008680112659931183,True
5,16,1,16,1,32,524288,torch.float8_e4m3fn,1.410364818572998,9663676416,0.0008680112659931183,True
5,16,1,16,1,1,1048576,torch.float8_e4m3fn,0.12692320346832275,603979776,0.0008680112659931183,True
5,16,1,16,1,8,1048576,torch.float8_e4m3fn,0.680076789855957,4831838208,0.0008680112659931183,True
5,16,1,16,1,32,1048576,torch.float8_e4m3fn,2.8240991592407227,19327352832,0.0008680112659931183,True
5,16,2,8,1,1,1024,torch.bfloat16,0.05387679934501648,589824,0.00010022521018981934,True
5,16,2,8,1,8,1024,torch.bfloat16,0.058804798126220706,4718592,0.00010022521018981934,True
5,16,2,8,1,32,1024,torch.bfloat16,0.06224640011787415,18874368,0.00010022521018981934,True
5,16,2,8,1,1,8192,torch.bfloat16,0.05645279884338379,4718592,0.00010022521018981934,True
5,16,2,8,1,8,8192,torch.bfloat16,0.06511200070381165,37748736,0.00010022521018981934,True
5,16,2,8,1,32,8192,torch.bfloat16,0.1085744023323059,150994944,0.00010022521018981934,True
5,16,2,8,1,1,32768,torch.bfloat16,0.06042400002479553,18874368,0.00010022521018981934,True
5,16,2,8,1,8,32768,torch.bfloat16,0.1022271990776062,150994944,0.00010022521018981934,True
5,16,2,8,1,32,32768,torch.bfloat16,0.18408000469207764,603979776,0.00010022521018981934,True
5,16,2,8,1,1,131072,torch.bfloat16,0.0827072024345398,75497472,0.00010022521018981934,True
5,16,2,8,1,8,131072,torch.bfloat16,0.1790303945541382,603979776,0.00010022521018981934,True
5,16,2,8,1,32,131072,torch.bfloat16,0.4898975849151611,2415919104,0.00010022521018981934,True
5,16,2,8,1,1,524288,torch.bfloat16,0.13574719429016113,301989888,0.00010022521018981934,True
5,16,2,8,1,8,524288,torch.bfloat16,0.48075199127197266,2415919104,0.00010022521018981934,True
5,16,2,8,1,32,524288,torch.bfloat16,1.6902639389038085,9663676416,0.00010022521018981934,True
5,16,2,8,1,1,1048576,torch.bfloat16,0.19457279443740844,603979776,0.00010022521018981934,True
5,16,2,8,1,8,1048576,torch.bfloat16,0.857323169708252,4831838208,0.00010022521018981934,True
5,16,2,8,1,32,1048576,torch.bfloat16,3.349873733520508,19327352832,0.00010022521018981934,True
5,16,2,8,1,1,1024,torch.float8_e4m3fn,0.051948797702789304,294912,0.0006040469743311405,True
5,16,2,8,1,8,1024,torch.float8_e4m3fn,0.05565119981765747,2359296,0.0006040469743311405,True
5,16,2,8,1,32,1024,torch.float8_e4m3fn,0.059064000844955444,9437184,0.0006040469743311405,True
5,16,2,8,1,1,8192,torch.float8_e4m3fn,0.05463520288467407,2359296,0.0006040469743311405,True
5,16,2,8,1,8,8192,torch.float8_e4m3fn,0.060952001810073854,18874368,0.0006040469743311405,True
5,16,2,8,1,32,8192,torch.float8_e4m3fn,0.0717136025428772,75497472,0.0006040469743311405,True
5,16,2,8,1,1,32768,torch.float8_e4m3fn,0.05772320032119751,9437184,0.0006040469743311405,True
5,16,2,8,1,8,32768,torch.float8_e4m3fn,0.07099679708480836,75497472,0.0006040469743311405,True
5,16,2,8,1,32,32768,torch.float8_e4m3fn,0.11832959651947021,301989888,0.0006040469743311405,True
5,16,2,8,1,1,131072,torch.float8_e4m3fn,0.06956639885902405,37748736,0.0006040469743311405,True
5,16,2,8,1,8,131072,torch.float8_e4m3fn,0.11793919801712036,301989888,0.0006040469743311405,True
5,16,2,8,1,32,131072,torch.float8_e4m3fn,0.2523871898651123,1207959552,0.0006040469743311405,True
5,16,2,8,1,1,524288,torch.float8_e4m3fn,0.10059520006179809,150994944,0.0006040469743311405,True
5,16,2,8,1,8,524288,torch.float8_e4m3fn,0.24195520877838134,1207959552,0.0006040469743311405,True
5,16,2,8,1,32,524288,torch.float8_e4m3fn,0.7761119842529297,4831838208,0.0006040469743311405,True
5,16,2,8,1,1,1048576,torch.float8_e4m3fn,0.12749439477920532,301989888,0.0006040469743311405,True
5,16,2,8,1,8,1048576,torch.float8_e4m3fn,0.4082752227783203,2415919104,0.0006040469743311405,True
5,16,2,8,1,32,1048576,torch.float8_e4m3fn,1.4760064125061034,9663676416,0.0006040469743311405,True
5,16,4,4,1,1,1024,torch.bfloat16,0.06700320243835449,294912,6.611179560422897e-05,True
5,16,4,4,1,8,1024,torch.bfloat16,0.08052160143852234,2359296,6.611179560422897e-05,True
5,16,4,4,1,32,1024,torch.bfloat16,0.08790240287780762,9437184,6.611179560422897e-05,True
5,16,4,4,1,1,8192,torch.bfloat16,0.07346559762954712,2359296,6.611179560422897e-05,True
5,16,4,4,1,8,8192,torch.bfloat16,0.08715999722480774,18874368,6.611179560422897e-05,True
5,16,4,4,1,32,8192,torch.bfloat16,0.12182400226593018,75497472,6.611179560422897e-05,True
5,16,4,4,1,1,32768,torch.bfloat16,0.07484319806098938,9437184,6.611179560422897e-05,True
5,16,4,4,1,8,32768,torch.bfloat16,0.10675359964370727,75497472,6.611179560422897e-05,True
5,16,4,4,1,32,32768,torch.bfloat16,0.18281919956207277,301989888,6.611179560422897e-05,True
5,16,4,4,1,1,131072,torch.bfloat16,0.08867200016975403,37748736,6.611179560422897e-05,True
5,16,4,4,1,8,131072,torch.bfloat16,0.17399519681930542,301989888,6.611179560422897e-05,True
5,16,4,4,1,32,131072,torch.bfloat16,0.4133584022521973,1207959552,6.611179560422897e-05,True
5,16,4,4,1,1,524288,torch.bfloat16,0.13789600133895874,150994944,6.611179560422897e-05,True
5,16,4,4,1,8,524288,torch.bfloat16,0.3800704002380371,1207959552,6.611179560422897e-05,True
5,16,4,4,1,32,524288,torch.bfloat16,1.3220671653747558,4831838208,6.611179560422897e-05,True
5,16,4,4,1,1,1048576,torch.bfloat16,0.1880944013595581,301989888,6.611179560422897e-05,True
5,16,4,4,1,8,1048576,torch.bfloat16,0.6582287788391114,2415919104,6.611179560422897e-05,True
5,16,4,4,1,32,1048576,torch.bfloat16,2.535147285461426,9663676416,6.611179560422897e-05,True
5,16,4,4,1,1,1024,torch.float8_e4m3fn,0.06581119894981384,147456,0.0003996978630311787,True
5,16,4,4,1,8,1024,torch.float8_e4m3fn,0.07781919836997986,1179648,0.0003996978630311787,True
5,16,4,4,1,32,1024,torch.float8_e4m3fn,0.08422880172729492,4718592,0.0003996978630311787,True
5,16,4,4,1,1,8192,torch.float8_e4m3fn,0.07185119986534119,1179648,0.0003996978630311787,True
5,16,4,4,1,8,8192,torch.float8_e4m3fn,0.08300799727439881,9437184,0.0003996978630311787,True
5,16,4,4,1,32,8192,torch.float8_e4m3fn,0.09588000178337097,37748736,0.0003996978630311787,True
5,16,4,4,1,1,32768,torch.float8_e4m3fn,0.07250880002975464,4718592,0.0003996978630311787,True
5,16,4,4,1,8,32768,torch.float8_e4m3fn,0.09111999869346618,37748736,0.0003996978630311787,True
5,16,4,4,1,32,32768,torch.float8_e4m3fn,0.1359279990196228,150994944,0.0003996978630311787,True
5,16,4,4,1,1,131072,torch.float8_e4m3fn,0.08224160075187684,18874368,0.0003996978630311787,True
5,16,4,4,1,8,131072,torch.float8_e4m3fn,0.13108479976654053,150994944,0.0003996978630311787,True
5,16,4,4,1,32,131072,torch.float8_e4m3fn,0.2431135892868042,603979776,0.0003996978630311787,True
5,16,4,4,1,1,524288,torch.float8_e4m3fn,0.10475360155105591,75497472,0.0003996978630311787,True
5,16,4,4,1,8,524288,torch.float8_e4m3fn,0.22677280902862548,603979776,0.0003996978630311787,True
5,16,4,4,1,32,524288,torch.float8_e4m3fn,0.6546031951904296,2415919104,0.0003996978630311787,True
5,16,4,4,1,1,1048576,torch.float8_e4m3fn,0.1283455967903137,150994944,0.0003996978630311787,True
5,16,4,4,1,8,1048576,torch.float8_e4m3fn,0.35192320346832273,1207959552,0.0003996978630311787,True
5,16,4,4,1,32,1048576,torch.float8_e4m3fn,1.2039183616638183,4831838208,0.0003996978630311787,True
5,16,8,2,1,1,1024,torch.bfloat16,0.0955951988697052,147456,4.518963396549225e-05,True
5,16,8,2,1,8,1024,torch.bfloat16,0.10139520168304443,1179648,4.518963396549225e-05,True
5,16,8,2,1,32,1024,torch.bfloat16,0.12689919471740724,4718592,4.518963396549225e-05,True
5,16,8,2,1,1,8192,torch.bfloat16,0.09865440130233764,1179648,4.518963396549225e-05,True
5,16,8,2,1,8,8192,torch.bfloat16,0.10846400260925293,9437184,4.518963396549225e-05,True
5,16,8,2,1,32,8192,torch.bfloat16,0.14683680534362792,37748736,4.518963396549225e-05,True
5,16,8,2,1,1,32768,torch.bfloat16,0.09959679841995239,4718592,4.518963396549225e-05,True
5,16,8,2,1,8,32768,torch.bfloat16,0.11794240474700927,37748736,4.518963396549225e-05,True
5,16,8,2,1,32,32768,torch.bfloat16,0.1833232045173645,150994944,4.518963396549225e-05,True
5,16,8,2,1,1,131072,torch.bfloat16,0.10816800594329834,18874368,4.518963396549225e-05,True
5,16,8,2,1,8,131072,torch.bfloat16,0.1498800039291382,150994944,4.518963396549225e-05,True
5,16,8,2,1,32,131072,torch.bfloat16,0.26410560607910155,603979776,4.518963396549225e-05,True
5,16,8,2,1,1,524288,torch.bfloat16,0.12710880041122435,75497472,4.518963396549225e-05,True
5,16,8,2,1,8,524288,torch.bfloat16,0.23038239479064943,603979776,4.518963396549225e-05,True
5,16,8,2,1,32,524288,torch.bfloat16,0.5726160049438477,2415919104,4.518963396549225e-05,True
5,16,8,2,1,1,1048576,torch.bfloat16,0.15225600004196166,150994944,4.518963396549225e-05,True
5,16,8,2,1,8,1048576,torch.bfloat16,0.34262239933013916,1207959552,4.518963396549225e-05,True
5,16,8,2,1,32,1048576,torch.bfloat16,0.9919008255004883,4831838208,4.518963396549225e-05,True
5,16,8,2,1,1,1024,torch.float8_e4m3fn,0.09422720074653626,73728,0.0003297391813248396,True
5,16,8,2,1,8,1024,torch.float8_e4m3fn,0.10195519924163818,589824,0.0003297391813248396,True
5,16,8,2,1,32,1024,torch.float8_e4m3fn,0.1222432017326355,2359296,0.0003297391813248396,True
5,16,8,2,1,1,8192,torch.float8_e4m3fn,0.09454879760742188,589824,0.0003297391813248396,True
5,16,8,2,1,8,8192,torch.float8_e4m3fn,0.10388799905776977,4718592,0.0003297391813248396,True
5,16,8,2,1,32,8192,torch.float8_e4m3fn,0.12890880107879638,18874368,0.0003297391813248396,True
5,16,8,2,1,1,32768,torch.float8_e4m3fn,0.0982479989528656,2359296,0.0003297391813248396,True
5,16,8,2,1,8,32768,torch.float8_e4m3fn,0.1092960000038147,18874368,0.0003297391813248396,True
5,16,8,2,1,32,32768,torch.float8_e4m3fn,0.15499039888381957,75497472,0.0003297391813248396,True
5,16,8,2,1,1,131072,torch.float8_e4m3fn,0.10397119522094726,9437184,0.0003297391813248396,True
5,16,8,2,1,8,131072,torch.float8_e4m3fn,0.1176367998123169,75497472,0.0003297391813248396,True
5,16,8,2,1,32,131072,torch.float8_e4m3fn,0.207207989692688,301989888,0.0003297391813248396,True
5,16,8,2,1,1,524288,torch.float8_e4m3fn,0.1142848014831543,37748736,0.0003297391813248396,True
5,16,8,2,1,8,524288,torch.float8_e4m3fn,0.17123359441757202,301989888,0.0003297391813248396,True
5,16,8,2,1,32,524288,torch.float8_e4m3fn,0.38010880947113035,1207959552,0.0003297391813248396,True
5,16,8,2,1,1,1048576,torch.float8_e4m3fn,0.12765920162200928,75497472,0.0003297391813248396,True
5,16,8,2,1,8,1048576,torch.float8_e4m3fn,0.22795679569244384,603979776,0.0003297391813248396,True
5,16,8,2,1,32,1048576,torch.float8_e4m3fn,0.604529619216919,2415919104,0.0003297391813248396,True
5,16,16,1,1,1,8192,torch.bfloat16,0.14992480278015136,589824,3.385497257113457e-05,True
5,16,16,1,1,8,8192,torch.bfloat16,0.16419680118560792,4718592,3.385497257113457e-05,True
5,16,16,1,1,32,8192,torch.bfloat16,0.21723999977111816,18874368,3.385497257113457e-05,True
5,16,16,1,1,1,32768,torch.bfloat16,0.1519327998161316,2359296,3.385497257113457e-05,True
5,16,16,1,1,8,32768,torch.bfloat16,0.17811520099639894,18874368,3.385497257113457e-05,True
5,16,16,1,1,32,32768,torch.bfloat16,0.24490559101104736,75497472,3.385497257113457e-05,True
5,16,16,1,1,1,131072,torch.bfloat16,0.16046080589294434,9437184,3.385497257113457e-05,True
5,16,16,1,1,8,131072,torch.bfloat16,0.20306079387664794,75497472,3.385497257113457e-05,True
5,16,16,1,1,32,131072,torch.bfloat16,0.2921567916870117,301989888,3.385497257113457e-05,True
5,16,16,1,1,1,524288,torch.bfloat16,0.1691648006439209,37748736,3.385497257113457e-05,True
5,16,16,1,1,8,524288,torch.bfloat16,0.2546207904815674,301989888,3.385497257113457e-05,True
5,16,16,1,1,32,524288,torch.bfloat16,0.4618624210357666,1207959552,3.385497257113457e-05,True
5,16,16,1,1,1,1048576,torch.bfloat16,0.1816864013671875,75497472,3.385497257113457e-05,True
5,16,16,1,1,8,1048576,torch.bfloat16,0.3102783918380737,603979776,3.385497257113457e-05,True
5,16,16,1,1,32,1048576,torch.bfloat16,0.7009727954864502,2415919104,3.385497257113457e-05,True
5,16,16,1,1,1,8192,torch.float8_e4m3fn,0.14447200298309326,294912,0.0002410516608506441,True
5,16,16,1,1,8,8192,torch.float8_e4m3fn,0.1635807991027832,2359296,0.0002410516608506441,True
5,16,16,1,1,32,8192,torch.float8_e4m3fn,0.20177121162414552,9437184,0.0002410516608506441,True
5,16,16,1,1,1,32768,torch.float8_e4m3fn,0.14744640588760377,1179648,0.0002410516608506441,True
5,16,16,1,1,8,32768,torch.float8_e4m3fn,0.17297120094299318,9437184,0.0002410516608506441,True
5,16,16,1,1,32,32768,torch.float8_e4m3fn,0.22568318843841553,37748736,0.0002410516608506441,True
5,16,16,1,1,1,131072,torch.float8_e4m3fn,0.15158400535583497,4718592,0.0002410516608506441,True
5,16,16,1,1,8,131072,torch.float8_e4m3fn,0.176310396194458,37748736,0.0002410516608506441,True
5,16,16,1,1,32,131072,torch.float8_e4m3fn,0.2570847988128662,150994944,0.0002410516608506441,True
5,16,16,1,1,1,524288,torch.float8_e4m3fn,0.16291680335998535,18874368,0.0002410516608506441,True
5,16,16,1,1,8,524288,torch.float8_e4m3fn,0.22640640735626222,150994944,0.0002410516608506441,True
5,16,16,1,1,32,524288,torch.float8_e4m3fn,0.36003520488739016,603979776,0.0002410516608506441,True
5,16,16,1,1,1,1048576,torch.float8_e4m3fn,0.1670016050338745,37748736,0.0002410516608506441,True
5,16,16,1,1,8,1048576,torch.float8_e4m3fn,0.25199840068817136,301989888,0.0002410516608506441,True
5,16,16,1,1,32,1048576,torch.float8_e4m3fn,0.4931215763092041,1207959552,0.0002410516608506441,True
5,8,1,8,2,1,1024,torch.bfloat16,0.0144896000623703,1179648,8.520297706127167e-05,True
5,8,1,8,2,8,1024,torch.bfloat16,0.014519999921321868,9437184,8.520297706127167e-05,True
5,8,1,8,2,32,1024,torch.bfloat16,0.016590400040149687,37748736,8.520297706127167e-05,True
5,8,1,8,2,1,8192,torch.bfloat16,0.01639840006828308,9437184,8.520297706127167e-05,True
5,8,1,8,2,8,8192,torch.bfloat16,0.020606400072574617,75497472,8.520297706127167e-05,True
5,8,1,8,2,32,8192,torch.bfloat16,0.06903520226478577,301989888,8.520297706127167e-05,True
5,8,1,8,2,1,32768,torch.bfloat16,0.026878398656845093,37748736,8.520297706127167e-05,True
5,8,1,8,2,8,32768,torch.bfloat16,0.06687039732933045,301989888,8.520297706127167e-05,True
5,8,1,8,2,32,32768,torch.bfloat16,0.2238192081451416,1207959552,8.520297706127167e-05,True
5,8,1,8,2,1,131072,torch.bfloat16,0.05316320061683655,150994944,8.520297706127167e-05,True
5,8,1,8,2,8,131072,torch.bfloat16,0.22953600883483888,1207959552,8.520297706127167e-05,True
5,8,1,8,2,32,131072,torch.bfloat16,0.8321120262145996,4831838208,8.520297706127167e-05,True
5,8,1,8,2,1,524288,torch.bfloat16,0.13873120546340942,603979776,8.520297706127167e-05,True
5,8,1,8,2,8,524288,torch.bfloat16,0.7911871910095215,4831838208,8.520297706127167e-05,True
5,8,1,8,2,32,524288,torch.bfloat16,3.2752655029296873,19327352832,8.520297706127167e-05,True
5,8,1,8,2,1,1048576,torch.bfloat16,0.25414400100708007,1207959552,8.520297706127167e-05,True
5,8,1,8,2,8,1048576,torch.bfloat16,1.5746447563171386,9663676416,8.520297706127167e-05,True
5,8,1,8,2,32,1048576,torch.bfloat16,6.4542083740234375,38654705664,8.520297706127167e-05,True
5,8,1,8,2,1,1024,torch.float8_e4m3fn,0.012579199671745301,589824,0.0009899884462356567,True
5,8,1,8,2,8,1024,torch.float8_e4m3fn,0.01266240030527115,4718592,0.0009899884462356567,True
5,8,1,8,2,32,1024,torch.float8_e4m3fn,0.014577600359916686,18874368,0.0009899884462356567,True
5,8,1,8,2,1,8192,torch.float8_e4m3fn,0.014552000164985656,4718592,0.0009899884462356567,True
5,8,1,8,2,8,8192,torch.float8_e4m3fn,0.01663520038127899,37748736,0.0009899884462356567,True
5,8,1,8,2,32,8192,torch.float8_e4m3fn,0.037176001071929934,150994944,0.0009899884462356567,True
5,8,1,8,2,1,32768,torch.float8_e4m3fn,0.022756800055503845,18874368,0.0009899884462356567,True
5,8,1,8,2,8,32768,torch.float8_e4m3fn,0.03877919912338257,150994944,0.0009899884462356567,True
5,8,1,8,2,32,32768,torch.float8_e4m3fn,0.10334080457687378,603979776,0.0009899884462356567,True
5,8,1,8,2,1,131072,torch.float8_e4m3fn,0.03294239938259125,75497472,0.0009899884462356567,True
5,8,1,8,2,8,131072,torch.float8_e4m3fn,0.10172319412231445,603979776,0.0009899884462356567,True
5,8,1,8,2,32,131072,torch.float8_e4m3fn,0.36402881145477295,2415919104,0.0009899884462356567,True
5,8,1,8,2,1,524288,torch.float8_e4m3fn,0.07448639869689941,301989888,0.0009899884462356567,True
5,8,1,8,2,8,524288,torch.float8_e4m3fn,0.34947519302368163,2415919104,0.0009899884462356567,True
5,8,1,8,2,32,524288,torch.float8_e4m3fn,1.420025634765625,9663676416,0.0009899884462356567,True
5,8,1,8,2,1,1048576,torch.float8_e4m3fn,0.12596160173416138,603979776,0.0009899884462356567,True
5,8,1,8,2,8,1048576,torch.float8_e4m3fn,0.6818367958068847,4831838208,0.0009899884462356567,True
5,8,1,8,2,32,1048576,torch.float8_e4m3fn,2.859280014038086,19327352832,0.0009899884462356567,True
5,8,2,4,2,1,1024,torch.bfloat16,0.05757759809494019,589824,0.00011651590466499329,True
5,8,2,4,2,8,1024,torch.bfloat16,0.06637120246887207,4718592,0.00011651590466499329,True
5,8,2,4,2,32,1024,torch.bfloat16,0.07717919945716858,18874368,0.00011651590466499329,True
5,8,2,4,2,1,8192,torch.bfloat16,0.061817598342895505,4718592,0.00011651590466499329,True
5,8,2,4,2,8,8192,torch.bfloat16,0.07632799744606018,37748736,0.00011651590466499329,True
5,8,2,4,2,32,8192,torch.bfloat16,0.13381119966506957,150994944,0.00011651590466499329,True
5,8,2,4,2,1,32768,torch.bfloat16,0.06839839816093445,18874368,0.00011651590466499329,True
5,8,2,4,2,8,32768,torch.bfloat16,0.12395999431610108,150994944,0.00011651590466499329,True
5,8,2,4,2,32,32768,torch.bfloat16,0.2472464084625244,603979776,0.00011651590466499329,True
5,8,2,4,2,1,131072,torch.bfloat16,0.09844800233840942,75497472,0.00011651590466499329,True
5,8,2,4,2,8,131072,torch.bfloat16,0.22664320468902588,603979776,0.00011651590466499329,True
5,8,2,4,2,32,131072,torch.bfloat16,0.7026256084442138,2415919104,0.00011651590466499329,True
5,8,2,4,2,1,524288,torch.bfloat16,0.17442719936370848,301989888,0.00011651590466499329,True
5,8,2,4,2,8,524288,torch.bfloat16,0.6431615829467774,2415919104,0.00011651590466499329,True
5,8,2,4,2,32,524288,torch.bfloat16,2.5181455612182617,9663676416,0.00011651590466499329,True
5,8,2,4,2,1,1048576,torch.bfloat16,0.272377610206604,603979776,0.00011651590466499329,True
5,8,2,4,2,8,1048576,torch.bfloat16,1.1998175621032714,4831838208,0.00011651590466499329,True
5,8,2,4,2,32,1048576,torch.bfloat16,4.92304801940918,19327352832,0.00011651590466499329,True
5,8,2,4,2,1,1024,torch.float8_e4m3fn,0.05618079900741577,294912,0.0007452890276908875,True
5,8,2,4,2,8,1024,torch.float8_e4m3fn,0.06643360257148742,2359296,0.0007452890276908875,True
5,8,2,4,2,32,1024,torch.float8_e4m3fn,0.07570400238037109,9437184,0.0007452890276908875,True
5,8,2,4,2,1,8192,torch.float8_e4m3fn,0.05881119966506958,2359296,0.0007452890276908875,True
5,8,2,4,2,8,8192,torch.float8_e4m3fn,0.07367680072784424,18874368,0.0007452890276908875,True
5,8,2,4,2,32,8192,torch.float8_e4m3fn,0.09991679787635803,75497472,0.0007452890276908875,True
5,8,2,4,2,1,32768,torch.float8_e4m3fn,0.06523839831352234,9437184,0.0007452890276908875,True
5,8,2,4,2,8,32768,torch.float8_e4m3fn,0.08913599848747253,75497472,0.0007452890276908875,True
5,8,2,4,2,32,32768,torch.float8_e4m3fn,0.1599295973777771,301989888,0.0007452890276908875,True
5,8,2,4,2,1,131072,torch.float8_e4m3fn,0.07168480157852172,37748736,0.0007452890276908875,True
5,8,2,4,2,8,131072,torch.float8_e4m3fn,0.14985599517822265,301989888,0.0007452890276908875,True
5,8,2,4,2,32,131072,torch.float8_e4m3fn,0.3685087919235229,1207959552,0.0007452890276908875,True
5,8,2,4,2,1,524288,torch.float8_e4m3fn,0.1174239993095398,150994944,0.0007452890276908875,True
5,8,2,4,2,8,524288,torch.float8_e4m3fn,0.3415359973907471,1207959552,0.0007452890276908875,True
5,8,2,4,2,32,524288,torch.float8_e4m3fn,1.1931455612182618,4831838208,0.0007452890276908875,True
5,8,2,4,2,1,1048576,torch.float8_e4m3fn,0.16476479768753052,301989888,0.0007452890276908875,True
5,8,2,4,2,8,1048576,torch.float8_e4m3fn,0.5907695770263672,2415919104,0.0007452890276908875,True
5,8,2,4,2,32,1048576,torch.float8_e4m3fn,2.3247648239135743,9663676416,0.0007452890276908875,True
5,8,4,2,2,1,1024,torch.bfloat16,0.06685119867324829,294912,9.02470201253891e-05,True
5,8,4,2,2,8,1024,torch.bfloat16,0.07511519789695739,2359296,9.02470201253891e-05,True
5,8,4,2,2,32,1024,torch.bfloat16,0.09644799828529357,9437184,9.02470201253891e-05,True
5,8,4,2,2,1,8192,torch.bfloat16,0.07212799787521362,2359296,9.02470201253891e-05,True
5,8,4,2,2,8,8192,torch.bfloat16,0.08394719958305359,18874368,9.02470201253891e-05,True
5,8,4,2,2,32,8192,torch.bfloat16,0.11436799764633179,75497472,9.02470201253891e-05,True
5,8,4,2,2,1,32768,torch.bfloat16,0.0791647970676422,9437184,9.02470201253891e-05,True
5,8,4,2,2,8,32768,torch.bfloat16,0.09419199824333191,75497472,9.02470201253891e-05,True
5,8,4,2,2,32,32768,torch.bfloat16,0.16892160177230836,301989888,9.02470201253891e-05,True
5,8,4,2,2,1,131072,torch.bfloat16,0.09103360176086425,37748736,9.02470201253891e-05,True
5,8,4,2,2,8,131072,torch.bfloat16,0.14872159957885742,301989888,9.02470201253891e-05,True
5,8,4,2,2,32,131072,torch.bfloat16,0.3250447988510132,1207959552,9.02470201253891e-05,True
5,8,4,2,2,1,524288,torch.bfloat16,0.1257472038269043,150994944,9.02470201253891e-05,True
5,8,4,2,2,8,524288,torch.bfloat16,0.3177328109741211,1207959552,9.02470201253891e-05,True
5,8,4,2,2,32,524288,torch.bfloat16,0.952184009552002,4831838208,9.02470201253891e-05,True
5,8,4,2,2,1,1048576,torch.bfloat16,0.16503039598464966,301989888,9.02470201253891e-05,True
5,8,4,2,2,8,1048576,torch.bfloat16,0.5157311916351318,2415919104,9.02470201253891e-05,True
5,8,4,2,2,32,1048576,torch.bfloat16,1.810054397583008,9663676416,9.02470201253891e-05,True
5,8,4,2,2,1,1024,torch.float8_e4m3fn,0.07423840165138244,147456,0.00045144278556108475,True
5,8,4,2,2,8,1024,torch.float8_e4m3fn,0.07963520288467407,1179648,0.00045144278556108475,True
5,8,4,2,2,32,1024,torch.float8_e4m3fn,0.09095680117607116,4718592,0.00045144278556108475,True
5,8,4,2,2,1,8192,torch.float8_e4m3fn,0.0713375985622406,1179648,0.00045144278556108475,True
5,8,4,2,2,8,8192,torch.float8_e4m3fn,0.07890400290489197,9437184,0.00045144278556108475,True
5,8,4,2,2,32,8192,torch.float8_e4m3fn,0.09934399724006653,37748736,0.00045144278556108475,True
5,8,4,2,2,1,32768,torch.float8_e4m3fn,0.07366719841957092,4718592,0.00045144278556108475,True
5,8,4,2,2,8,32768,torch.float8_e4m3fn,0.08870239853858948,37748736,0.00045144278556108475,True
5,8,4,2,2,32,32768,torch.float8_e4m3fn,0.13543519973754883,150994944,0.00045144278556108475,True
5,8,4,2,2,1,131072,torch.float8_e4m3fn,0.08175519704818726,18874368,0.00045144278556108475,True
5,8,4,2,2,8,131072,torch.float8_e4m3fn,0.12016960382461547,150994944,0.00045144278556108475,True
5,8,4,2,2,32,131072,torch.float8_e4m3fn,0.22570559978485108,603979776,0.00045144278556108475,True
5,8,4,2,2,1,524288,torch.float8_e4m3fn,0.10380159616470337,75497472,0.00045144278556108475,True
5,8,4,2,2,8,524288,torch.float8_e4m3fn,0.20135679244995117,603979776,0.00045144278556108475,True
5,8,4,2,2,32,524288,torch.float8_e4m3fn,0.5595967769622803,2415919104,0.00045144278556108475,True
5,8,4,2,2,1,1048576,torch.float8_e4m3fn,0.13142720460891724,150994944,0.00045144278556108475,True
5,8,4,2,2,8,1048576,torch.float8_e4m3fn,0.3009887933731079,1207959552,0.00045144278556108475,True
5,8,4,2,2,32,1048576,torch.float8_e4m3fn,1.009768009185791,4831838208,0.00045144278556108475,True
5,8,8,1,2,1,1024,torch.bfloat16,0.10045919418334961,147456,4.330649971961975e-05,True
5,8,8,1,2,8,1024,torch.bfloat16,0.11465439796447754,1179648,4.330649971961975e-05,True
5,8,8,1,2,32,1024,torch.bfloat16,0.16606719493865968,4718592,4.330649971961975e-05,True
5,8,8,1,2,1,8192,torch.bfloat16,0.10407040119171143,1179648,4.330649971961975e-05,True
5,8,8,1,2,8,8192,torch.bfloat16,0.12458399534225464,9437184,4.330649971961975e-05,True
5,8,8,1,2,32,8192,torch.bfloat16,0.1952831983566284,37748736,4.330649971961975e-05,True
5,8,8,1,2,1,32768,torch.bfloat16,0.10787999629974365,4718592,4.330649971961975e-05,True
5,8,8,1,2,8,32768,torch.bfloat16,0.12453919649124146,37748736,4.330649971961975e-05,True
5,8,8,1,2,32,32768,torch.bfloat16,0.22501919269561768,150994944,4.330649971961975e-05,True
5,8,8,1,2,1,131072,torch.bfloat16,0.12483199834823608,18874368,4.330649971961975e-05,True
5,8,8,1,2,8,131072,torch.bfloat16,0.15979039669036865,150994944,4.330649971961975e-05,True
5,8,8,1,2,32,131072,torch.bfloat16,0.3119263887405396,603979776,4.330649971961975e-05,True
5,8,8,1,2,1,524288,torch.bfloat16,0.12556960582733154,75497472,4.330649971961975e-05,True
5,8,8,1,2,8,524288,torch.bfloat16,0.24519999027252198,603979776,4.330649971961975e-05,True
5,8,8,1,2,32,524288,torch.bfloat16,0.6511792182922364,2415919104,4.330649971961975e-05,True
5,8,8,1,2,1,1048576,torch.bfloat16,0.15721280574798585,150994944,4.330649971961975e-05,True
5,8,8,1,2,8,1048576,torch.bfloat16,0.3475568056106567,1207959552,4.330649971961975e-05,True
5,8,8,1,2,32,1048576,torch.bfloat16,1.142142391204834,4831838208,4.330649971961975e-05,True
5,8,8,1,2,1,1024,torch.float8_e4m3fn,0.11907839775085449,73728,0.00033140694722533226,True
5,8,8,1,2,8,1024,torch.float8_e4m3fn,0.11344640254974366,589824,0.00033140694722533226,True
5,8,8,1,2,32,1024,torch.float8_e4m3fn,0.16276639699935913,2359296,0.00033140694722533226,True
5,8,8,1,2,1,8192,torch.float8_e4m3fn,0.10210560560226441,589824,0.00033140694722533226,True
5,8,8,1,2,8,8192,torch.float8_e4m3fn,0.11872960329055786,4718592,0.00033140694722533226,True
5,8,8,1,2,32,8192,torch.float8_e4m3fn,0.17304639816284179,18874368,0.00033140694722533226,True
5,8,8,1,2,1,32768,torch.float8_e4m3fn,0.10503360033035278,2359296,0.00033140694722533226,True
5,8,8,1,2,8,32768,torch.float8_e4m3fn,0.12315679788589477,18874368,0.00033140694722533226,True
5,8,8,1,2,32,32768,torch.float8_e4m3fn,0.20135679244995117,75497472,0.00033140694722533226,True
5,8,8,1,2,1,131072,torch.float8_e4m3fn,0.11614559888839722,9437184,0.00033140694722533226,True
5,8,8,1,2,8,131072,torch.float8_e4m3fn,0.13795039653778077,75497472,0.00033140694722533226,True
5,8,8,1,2,32,131072,torch.float8_e4m3fn,0.2514591932296753,301989888,0.00033140694722533226,True
5,8,8,1,2,1,524288,torch.float8_e4m3fn,0.12225120067596436,37748736,0.00033140694722533226,True
5,8,8,1,2,8,524288,torch.float8_e4m3fn,0.18918240070343018,301989888,0.00033140694722533226,True
5,8,8,1,2,32,524288,torch.float8_e4m3fn,0.4455872058868408,1207959552,0.00033140694722533226,True
5,8,8,1,2,1,1048576,torch.float8_e4m3fn,0.13033599853515626,75497472,0.00033140694722533226,True
5,8,8,1,2,8,1048576,torch.float8_e4m3fn,0.2592927932739258,603979776,0.00033140694722533226,True
5,8,8,1,2,32,1048576,torch.float8_e4m3fn,0.7068960189819335,2415919104,0.00033140694722533226,True
5,4,1,4,4,1,1024,torch.bfloat16,0.016575999557971954,1179648,8.716247975826263e-05,True
5,4,1,4,4,8,1024,torch.bfloat16,0.02282399982213974,9437184,8.716247975826263e-05,True
5,4,1,4,4,32,1024,torch.bfloat16,0.02887519896030426,37748736,8.716247975826263e-05,True
5,4,1,4,4,1,8192,torch.bfloat16,0.019368000328540802,9437184,8.716247975826263e-05,True
5,4,1,4,4,8,8192,torch.bfloat16,0.03811360001564026,75497472,8.716247975826263e-05,True
5,4,1,4,4,32,8192,torch.bfloat16,0.10400160551071166,301989888,8.716247975826263e-05,True
5,4,1,4,4,1,32768,torch.bfloat16,0.030961599946022034,37748736,8.716247975826263e-05,True
5,4,1,4,4,8,32768,torch.bfloat16,0.10081280469894409,301989888,8.716247975826263e-05,True
5,4,1,4,4,32,32768,torch.bfloat16,0.330678391456604,1207959552,8.716247975826263e-05,True
5,4,1,4,4,1,131072,torch.bfloat16,0.07220159769058228,150994944,8.716247975826263e-05,True
5,4,1,4,4,8,131072,torch.bfloat16,0.3053231954574585,1207959552,8.716247975826263e-05,True
5,4,1,4,4,32,131072,torch.bfloat16,1.2409983634948731,4831838208,8.716247975826263e-05,True
5,4,1,4,4,1,524288,torch.bfloat16,0.21835520267486572,603979776,8.716247975826263e-05,True
5,4,1,4,4,8,524288,torch.bfloat16,1.140556812286377,4831838208,8.716247975826263e-05,True
5,4,1,4,4,32,524288,torch.bfloat16,4.858756637573242,19327352832,8.716247975826263e-05,True
5,4,1,4,4,1,1048576,torch.bfloat16,0.41223678588867185,1207959552,8.716247975826263e-05,True
5,4,1,4,4,8,1048576,torch.bfloat16,2.254452705383301,9663676416,8.716247975826263e-05,True
5,4,1,4,4,32,1048576,torch.bfloat16,9.66439208984375,38654705664,8.716247975826263e-05,True
5,4,1,4,4,1,1024,torch.float8_e4m3fn,0.016441600024700166,589824,0.000897151418030262,True
5,4,1,4,4,8,1024,torch.float8_e4m3fn,0.02129279971122742,4718592,0.000897151418030262,True
5,4,1,4,4,32,1024,torch.float8_e4m3fn,0.02465119957923889,18874368,0.000897151418030262,True
5,4,1,4,4,1,8192,torch.float8_e4m3fn,0.016710400581359863,4718592,0.000897151418030262,True
5,4,1,4,4,8,8192,torch.float8_e4m3fn,0.02735520005226135,37748736,0.000897151418030262,True
5,4,1,4,4,32,8192,torch.float8_e4m3fn,0.061377602815628055,150994944,0.000897151418030262,True
5,4,1,4,4,1,32768,torch.float8_e4m3fn,0.026736000180244447,18874368,0.000897151418030262,True
5,4,1,4,4,8,32768,torch.float8_e4m3fn,0.05883520245552063,150994944,0.000897151418030262,True
5,4,1,4,4,32,32768,torch.float8_e4m3fn,0.16550400257110595,603979776,0.000897151418030262,True
5,4,1,4,4,1,131072,torch.float8_e4m3fn,0.04346559941768646,75497472,0.000897151418030262,True
5,4,1,4,4,8,131072,torch.float8_e4m3fn,0.15195200443267823,603979776,0.000897151418030262,True
5,4,1,4,4,32,131072,torch.float8_e4m3fn,0.5741888046264648,2415919104,0.000897151418030262,True
5,4,1,4,4,1,524288,torch.float8_e4m3fn,0.10899360179901123,301989888,0.000897151418030262,True
5,4,1,4,4,8,524288,torch.float8_e4m3fn,0.5268832206726074,2415919104,0.000897151418030262,True
5,4,1,4,4,32,524288,torch.float8_e4m3fn,2.3026592254638674,9663676416,0.000897151418030262,True
5,4,1,4,4,1,1048576,torch.float8_e4m3fn,0.196561598777771,603979776,0.000897151418030262,True
5,4,1,4,4,8,1048576,torch.float8_e4m3fn,1.0304287910461425,4831838208,0.000897151418030262,True
5,4,1,4,4,32,1048576,torch.float8_e4m3fn,4.583091354370117,19327352832,0.000897151418030262,True
5,4,2,2,4,1,1024,torch.bfloat16,0.05576800107955933,589824,0.00011826865375041962,True
5,4,2,2,4,8,1024,torch.bfloat16,0.063673597574234,4718592,0.00011826865375041962,True
5,4,2,2,4,32,1024,torch.bfloat16,0.08618559837341308,18874368,0.00011826865375041962,True
5,4,2,2,4,1,8192,torch.bfloat16,0.059969598054885866,4718592,0.00011826865375041962,True
5,4,2,2,4,8,8192,torch.bfloat16,0.0792847990989685,37748736,0.00011826865375041962,True
5,4,2,2,4,32,8192,torch.bfloat16,0.1269984006881714,150994944,0.00011826865375041962,True
5,4,2,2,4,1,32768,torch.bfloat16,0.07029439806938172,18874368,0.00011826865375041962,True
5,4,2,2,4,8,32768,torch.bfloat16,0.11022399663925171,150994944,0.00011826865375041962,True
5,4,2,2,4,32,32768,torch.bfloat16,0.2117408037185669,603979776,0.00011826865375041962,True
5,4,2,2,4,1,131072,torch.bfloat16,0.08641120195388793,75497472,0.00011826865375041962,True
5,4,2,2,4,8,131072,torch.bfloat16,0.1877616047859192,603979776,0.00011826865375041962,True
5,4,2,2,4,32,131072,torch.bfloat16,0.5201151847839356,2415919104,0.00011826865375041962,True
5,4,2,2,4,1,524288,torch.bfloat16,0.14521600008010865,301989888,0.00011826865375041962,True
5,4,2,2,4,8,524288,torch.bfloat16,0.5001552104949951,2415919104,0.00011826865375041962,True
5,4,2,2,4,32,524288,torch.bfloat16,1.8197904586791993,9663676416,0.00011826865375041962,True
5,4,2,2,4,1,1048576,torch.bfloat16,0.24419839382171632,603979776,0.00011826865375041962,True
5,4,2,2,4,8,1048576,torch.bfloat16,0.8964015960693359,4831838208,0.00011826865375041962,True
5,4,2,2,4,32,1048576,torch.bfloat16,3.7305057525634764,19327352832,0.00011826865375041962,True
5,4,2,2,4,1,1024,torch.float8_e4m3fn,0.05400320291519165,294912,0.000715616624802351,True
5,4,2,2,4,8,1024,torch.float8_e4m3fn,0.0608847975730896,2359296,0.000715616624802351,True
5,4,2,2,4,32,1024,torch.float8_e4m3fn,0.07990880012512207,9437184,0.000715616624802351,True
5,4,2,2,4,1,8192,torch.float8_e4m3fn,0.060012799501419065,2359296,0.000715616624802351,True
5,4,2,2,4,8,8192,torch.float8_e4m3fn,0.06837760210037232,18874368,0.000715616624802351,True
5,4,2,2,4,32,8192,torch.float8_e4m3fn,0.09467520117759705,75497472,0.000715616624802351,True
5,4,2,2,4,1,32768,torch.float8_e4m3fn,0.062254399061203,9437184,0.000715616624802351,True
5,4,2,2,4,8,32768,torch.float8_e4m3fn,0.07949439883232116,75497472,0.000715616624802351,True
5,4,2,2,4,32,32768,torch.float8_e4m3fn,0.15040160417556764,301989888,0.000715616624802351,True
5,4,2,2,4,1,131072,torch.float8_e4m3fn,0.07549600005149841,37748736,0.000715616624802351,True
5,4,2,2,4,8,131072,torch.float8_e4m3fn,0.13098399639129638,301989888,0.000715616624802351,True
5,4,2,2,4,32,131072,torch.float8_e4m3fn,0.3208944082260132,1207959552,0.000715616624802351,True
5,4,2,2,4,1,524288,torch.float8_e4m3fn,0.1166767954826355,150994944,0.000715616624802351,True
5,4,2,2,4,8,524288,torch.float8_e4m3fn,0.2877424001693726,1207959552,0.000715616624802351,True
5,4,2,2,4,32,524288,torch.float8_e4m3fn,0.9865344047546387,4831838208,0.000715616624802351,True
5,4,2,2,4,1,1048576,torch.float8_e4m3fn,0.15435359477996827,301989888,0.000715616624802351,True
5,4,2,2,4,8,1048576,torch.float8_e4m3fn,0.4860879898071289,2415919104,0.000715616624802351,True
5,4,2,2,4,32,1048576,torch.float8_e4m3fn,1.9228479385375976,9663676416,0.000715616624802351,True
5,4,4,1,4,1,1024,torch.bfloat16,0.07466880083084107,294912,8.158758282661438e-05,True
5,4,4,1,4,8,1024,torch.bfloat16,0.09099519848823548,2359296,8.158758282661438e-05,True
5,4,4,1,4,32,1024,torch.bfloat16,0.1310752034187317,9437184,8.158758282661438e-05,True
5,4,4,1,4,1,8192,torch.bfloat16,0.07809919714927674,2359296,8.158758282661438e-05,True
5,4,4,1,4,8,8192,torch.bfloat16,0.10566879510879516,18874368,8.158758282661438e-05,True
5,4,4,1,4,32,8192,torch.bfloat16,0.16538079977035522,75497472,8.158758282661438e-05,True
5,4,4,1,4,1,32768,torch.bfloat16,0.08481600284576415,9437184,8.158758282661438e-05,True
5,4,4,1,4,8,32768,torch.bfloat16,0.11496000289916992,75497472,8.158758282661438e-05,True
5,4,4,1,4,32,32768,torch.bfloat16,0.21379680633544923,301989888,8.158758282661438e-05,True
5,4,4,1,4,1,131072,torch.bfloat16,0.0947759985923767,37748736,8.158758282661438e-05,True
5,4,4,1,4,8,131072,torch.bfloat16,0.16112639904022216,301989888,8.158758282661438e-05,True
5,4,4,1,4,32,131072,torch.bfloat16,0.38092000484466554,1207959552,8.158758282661438e-05,True
5,4,4,1,4,1,524288,torch.bfloat16,0.12577760219573975,150994944,8.158758282661438e-05,True
5,4,4,1,4,8,524288,torch.bfloat16,0.32139201164245607,1207959552,8.158758282661438e-05,True
5,4,4,1,4,32,524288,torch.bfloat16,1.0889375686645508,4831838208,8.158758282661438e-05,True
5,4,4,1,4,1,1048576,torch.bfloat16,0.19674400091171265,301989888,8.158758282661438e-05,True
5,4,4,1,4,8,1048576,torch.bfloat16,0.5337696075439453,2415919104,8.158758282661438e-05,True
5,4,4,1,4,32,1048576,torch.bfloat16,2.147915267944336,9663676416,8.158758282661438e-05,True
5,4,4,1,4,1,1024,torch.float8_e4m3fn,0.08898079991340638,147456,0.0004726692568510771,True
5,4,4,1,4,8,1024,torch.float8_e4m3fn,0.08635519742965699,1179648,0.0004726692568510771,True
5,4,4,1,4,32,1024,torch.float8_e4m3fn,0.12324479818344117,4718592,0.0004726692568510771,True
5,4,4,1,4,1,8192,torch.float8_e4m3fn,0.0764415979385376,1179648,0.0004726692568510771,True
5,4,4,1,4,8,8192,torch.float8_e4m3fn,0.09667519927024841,9437184,0.0004726692568510771,True
5,4,4,1,4,32,8192,torch.float8_e4m3fn,0.14436160326004027,37748736,0.0004726692568510771,True
5,4,4,1,4,1,32768,torch.float8_e4m3fn,0.08058400154113769,4718592,0.0004726692568510771,True
5,4,4,1,4,8,32768,torch.float8_e4m3fn,0.10009440183639526,37748736,0.0004726692568510771,True
5,4,4,1,4,32,32768,torch.float8_e4m3fn,0.17664159536361695,150994944,0.0004726692568510771,True
5,4,4,1,4,1,131072,torch.float8_e4m3fn,0.09161440134048462,18874368,0.0004726692568510771,True
5,4,4,1,4,8,131072,torch.float8_e4m3fn,0.13407679796218872,150994944,0.0004726692568510771,True
5,4,4,1,4,32,131072,torch.float8_e4m3fn,0.27307519912719724,603979776,0.0004726692568510771,True
5,4,4,1,4,1,524288,torch.float8_e4m3fn,0.10424000024795532,75497472,0.0004726692568510771,True
5,4,4,1,4,8,524288,torch.float8_e4m3fn,0.23105919361114502,603979776,0.0004726692568510771,True
5,4,4,1,4,32,524288,torch.float8_e4m3fn,0.6616223812103271,2415919104,0.0004726692568510771,True
5,4,4,1,4,1,1048576,torch.float8_e4m3fn,0.12536799907684326,150994944,0.0004726692568510771,True
5,4,4,1,4,8,1048576,torch.float8_e4m3fn,0.35151519775390627,1207959552,0.0004726692568510771,True
5,4,4,1,4,32,1048576,torch.float8_e4m3fn,1.2367072105407715,4831838208,0.0004726692568510771,True
6,16,1,16,1,1,1024,torch.bfloat16,0.012481600046157837,1179648,9.188428521156311e-05,True
6,16,1,16,1,8,1024,torch.bfloat16,0.012491200119256973,9437184,9.188428521156311e-05,True
6,16,1,16,1,32,1024,torch.bfloat16,0.01650879979133606,37748736,9.188428521156311e-05,True
6,16,1,16,1,1,8192,torch.bfloat16,0.01454080045223236,9437184,9.188428521156311e-05,True
6,16,1,16,1,8,8192,torch.bfloat16,0.018639999628067016,75497472,9.188428521156311e-05,True
6,16,1,16,1,32,8192,torch.bfloat16,0.06721280217170715,301989888,9.188428521156311e-05,True
6,16,1,16,1,1,32768,torch.bfloat16,0.026700800657272337,37748736,9.188428521156311e-05,True
6,16,1,16,1,8,32768,torch.bfloat16,0.06679999828338623,301989888,9.188428521156311e-05,True
6,16,1,16,1,32,32768,torch.bfloat16,0.22155520915985108,1207959552,9.188428521156311e-05,True
6,16,1,16,1,1,131072,torch.bfloat16,0.05402719974517822,150994944,9.188428521156311e-05,True
6,16,1,16,1,8,131072,torch.bfloat16,0.2159424066543579,1207959552,9.188428521156311e-05,True
6,16,1,16,1,32,131072,torch.bfloat16,0.8226127624511719,4831838208,9.188428521156311e-05,True
6,16,1,16,1,1,524288,torch.bfloat16,0.1391216039657593,603979776,9.188428521156311e-05,True
6,16,1,16,1,8,524288,torch.bfloat16,0.7867663860321045,4831838208,9.188428521156311e-05,True
6,16,1,16,1,32,524288,torch.bfloat16,3.265884780883789,19327352832,9.188428521156311e-05,True
6,16,1,16,1,1,1048576,torch.bfloat16,0.2542128086090088,1207959552,9.188428521156311e-05,True
6,16,1,16,1,8,1048576,torch.bfloat16,1.5625823974609374,9663676416,9.188428521156311e-05,True
6,16,1,16,1,32,1048576,torch.bfloat16,6.412375640869141,38654705664,9.188428521156311e-05,True
6,16,1,16,1,1,1024,torch.float8_e4m3fn,0.012355200201272964,589824,0.0008761533536016941,True
6,16,1,16,1,8,1024,torch.float8_e4m3fn,0.012366399914026261,4718592,0.0008761533536016941,True
6,16,1,16,1,32,1024,torch.float8_e4m3fn,0.014440000057220459,18874368,0.0008761533536016941,True
6,16,1,16,1,1,8192,torch.float8_e4m3fn,0.014440000057220459,4718592,0.0008761533536016941,True
6,16,1,16,1,8,8192,torch.float8_e4m3fn,0.016542400419712066,37748736,0.0008761533536016941,True
6,16,1,16,1,32,8192,torch.float8_e4m3fn,0.03519999980926514,150994944,0.0008761533536016941,True
6,16,1,16,1,1,32768,torch.float8_e4m3fn,0.02253279983997345,18874368,0.0008761533536016941,True
6,16,1,16,1,8,32768,torch.float8_e4m3fn,0.03700000047683716,150994944,0.0008761533536016941,True
6,16,1,16,1,32,32768,torch.float8_e4m3fn,0.10223040580749512,603979776,0.0008761533536016941,True
6,16,1,16,1,1,131072,torch.float8_e4m3fn,0.03278880119323731,75497472,0.0008761533536016941,True
6,16,1,16,1,8,131072,torch.float8_e4m3fn,0.10032800436019898,603979776,0.0008761533536016941,True
6,16,1,16,1,32,131072,torch.float8_e4m3fn,0.3670464038848877,2415919104,0.0008761533536016941,True
6,16,1,16,1,1,524288,torch.float8_e4m3fn,0.07530559897422791,301989888,0.0008761533536016941,True
6,16,1,16,1,8,524288,torch.float8_e4m3fn,0.3492127895355225,2415919104,0.0008761533536016941,True
6,16,1,16,1,32,524288,torch.float8_e4m3fn,1.40960636138916,9663676416,0.0008761533536016941,True
6,16,1,16,1,1,1048576,torch.float8_e4m3fn,0.1265887975692749,603979776,0.0008761533536016941,True
6,16,1,16,1,8,1048576,torch.float8_e4m3fn,0.6803904056549073,4831838208,0.0008761533536016941,True
6,16,1,16,1,32,1048576,torch.float8_e4m3fn,2.8112415313720702,19327352832,0.0008761533536016941,True
6,16,2,8,1,1,1024,torch.bfloat16,0.053478401899337766,589824,0.00010199472308158875,True
6,16,2,8,1,8,1024,torch.bfloat16,0.057580798864364624,4718592,0.00010199472308158875,True
6,16,2,8,1,32,1024,torch.bfloat16,0.06298559904098511,18874368,0.00010199472308158875,True
6,16,2,8,1,1,8192,torch.bfloat16,0.055718398094177245,4718592,0.00010199472308158875,True
6,16,2,8,1,8,8192,torch.bfloat16,0.06522399783134461,37748736,0.00010199472308158875,True
6,16,2,8,1,32,8192,torch.bfloat16,0.10721919536590577,150994944,0.00010199472308158875,True
6,16,2,8,1,1,32768,torch.bfloat16,0.06002399921417236,18874368,0.00010199472308158875,True
6,16,2,8,1,8,32768,torch.bfloat16,0.10124000310897827,150994944,0.00010199472308158875,True
6,16,2,8,1,32,32768,torch.bfloat16,0.18320000171661377,603979776,0.00010199472308158875,True
6,16,2,8,1,1,131072,torch.bfloat16,0.08139039874076844,75497472,0.00010199472308158875,True
6,16,2,8,1,8,131072,torch.bfloat16,0.17803839445114136,603979776,0.00010199472308158875,True
6,16,2,8,1,32,131072,torch.bfloat16,0.4888175964355469,2415919104,0.00010199472308158875,True
6,16,2,8,1,1,524288,torch.bfloat16,0.1341248035430908,301989888,0.00010199472308158875,True
6,16,2,8,1,8,524288,torch.bfloat16,0.4793231964111328,2415919104,0.00010199472308158875,True
6,16,2,8,1,32,524288,torch.bfloat16,1.6892255783081054,9663676416,0.00010199472308158875,True
6,16,2,8,1,1,1048576,torch.bfloat16,0.1931007981300354,603979776,0.00010199472308158875,True
6,16,2,8,1,8,1048576,torch.bfloat16,0.8507552146911621,4831838208,0.00010199472308158875,True
6,16,2,8,1,32,1048576,torch.bfloat16,3.3478607177734374,19327352832,0.00010199472308158875,True
6,16,2,8,1,1,1024,torch.float8_e4m3fn,0.049825599789619444,294912,0.0006169573753140867,True
6,16,2,8,1,8,1024,torch.float8_e4m3fn,0.055232000350952146,2359296,0.0006169573753140867,True
6,16,2,8,1,32,1024,torch.float8_e4m3fn,0.05778719782829285,9437184,0.0006169573753140867,True
6,16,2,8,1,1,8192,torch.float8_e4m3fn,0.05366399884223938,2359296,0.0006169573753140867,True
6,16,2,8,1,8,8192,torch.float8_e4m3fn,0.061260801553726194,18874368,0.0006169573753140867,True
6,16,2,8,1,32,8192,torch.float8_e4m3fn,0.06925439834594727,75497472,0.0006169573753140867,True
6,16,2,8,1,1,32768,torch.float8_e4m3fn,0.05718719959259033,9437184,0.0006169573753140867,True
6,16,2,8,1,8,32768,torch.float8_e4m3fn,0.06987680196762085,75497472,0.0006169573753140867,True
6,16,2,8,1,32,32768,torch.float8_e4m3fn,0.11699520349502564,301989888,0.0006169573753140867,True
6,16,2,8,1,1,131072,torch.float8_e4m3fn,0.06781920194625854,37748736,0.0006169573753140867,True
6,16,2,8,1,8,131072,torch.float8_e4m3fn,0.1156048059463501,301989888,0.0006169573753140867,True
6,16,2,8,1,32,131072,torch.float8_e4m3fn,0.2508464097976685,1207959552,0.0006169573753140867,True
6,16,2,8,1,1,524288,torch.float8_e4m3fn,0.09914720058441162,150994944,0.0006169573753140867,True
6,16,2,8,1,8,524288,torch.float8_e4m3fn,0.23987360000610353,1207959552,0.0006169573753140867,True
6,16,2,8,1,32,524288,torch.float8_e4m3fn,0.7740672111511231,4831838208,0.0006169573753140867,True
6,16,2,8,1,1,1048576,torch.float8_e4m3fn,0.12574559450149536,301989888,0.0006169573753140867,True
6,16,2,8,1,8,1048576,torch.float8_e4m3fn,0.4070720195770264,2415919104,0.0006169573753140867,True
6,16,2,8,1,32,1048576,torch.float8_e4m3fn,1.4745792388916015,9663676416,0.0006169573753140867,True
6,16,4,4,1,1,1024,torch.bfloat16,0.0671072006225586,294912,7.787160575389862e-05,True
6,16,4,4,1,8,1024,torch.bfloat16,0.0804527997970581,2359296,7.787160575389862e-05,True
6,16,4,4,1,32,1024,torch.bfloat16,0.08798720240592957,9437184,7.787160575389862e-05,True
6,16,4,4,1,1,8192,torch.bfloat16,0.07360159754753112,2359296,7.787160575389862e-05,True
6,16,4,4,1,8,8192,torch.bfloat16,0.08721280097961426,18874368,7.787160575389862e-05,True
6,16,4,4,1,32,8192,torch.bfloat16,0.12181279659271241,75497472,7.787160575389862e-05,True
6,16,4,4,1,1,32768,torch.bfloat16,0.07480000257492066,9437184,7.787160575389862e-05,True
6,16,4,4,1,8,32768,torch.bfloat16,0.10695359706878663,75497472,7.787160575389862e-05,True
6,16,4,4,1,32,32768,torch.bfloat16,0.18291679620742798,301989888,7.787160575389862e-05,True
6,16,4,4,1,1,131072,torch.bfloat16,0.08868319988250732,37748736,7.787160575389862e-05,True
6,16,4,4,1,8,131072,torch.bfloat16,0.17396639585494994,301989888,7.787160575389862e-05,True
6,16,4,4,1,32,131072,torch.bfloat16,0.4135216236114502,1207959552,7.787160575389862e-05,True
6,16,4,4,1,1,524288,torch.bfloat16,0.1379631996154785,150994944,7.787160575389862e-05,True
6,16,4,4,1,8,524288,torch.bfloat16,0.38024799823760985,1207959552,7.787160575389862e-05,True
6,16,4,4,1,32,524288,torch.bfloat16,1.3221551895141601,4831838208,7.787160575389862e-05,True
6,16,4,4,1,1,1048576,torch.bfloat16,0.1881775975227356,301989888,7.787160575389862e-05,True
6,16,4,4,1,8,1048576,torch.bfloat16,0.6583439826965332,2415919104,7.787160575389862e-05,True
6,16,4,4,1,32,1048576,torch.bfloat16,2.535228729248047,9663676416,7.787160575389862e-05,True
6,16,4,4,1,1,1024,torch.float8_e4m3fn,0.06590719819068909,147456,0.0004543557297438383,True
6,16,4,4,1,8,1024,torch.float8_e4m3fn,0.0777999997138977,1179648,0.0004543557297438383,True
6,16,4,4,1,32,1024,torch.float8_e4m3fn,0.08425760269165039,4718592,0.0004543557297438383,True
6,16,4,4,1,1,8192,torch.float8_e4m3fn,0.07174400091171265,1179648,0.0004543557297438383,True
6,16,4,4,1,8,8192,torch.float8_e4m3fn,0.0830128014087677,9437184,0.0004543557297438383,True
6,16,4,4,1,32,8192,torch.float8_e4m3fn,0.09587039947509765,37748736,0.0004543557297438383,True
6,16,4,4,1,1,32768,torch.float8_e4m3fn,0.07261120080947876,4718592,0.0004543557297438383,True
6,16,4,4,1,8,32768,torch.float8_e4m3fn,0.09113280177116394,37748736,0.0004543557297438383,True
6,16,4,4,1,32,32768,torch.float8_e4m3fn,0.13617600202560426,150994944,0.0004543557297438383,True
6,16,4,4,1,1,131072,torch.float8_e4m3fn,0.08233439922332764,18874368,0.0004543557297438383,True
6,16,4,4,1,8,131072,torch.float8_e4m3fn,0.1310927987098694,150994944,0.0004543557297438383,True
6,16,4,4,1,32,131072,torch.float8_e4m3fn,0.24312798976898192,603979776,0.0004543557297438383,True
6,16,4,4,1,1,524288,torch.float8_e4m3fn,0.10485440492630005,75497472,0.0004543557297438383,True
6,16,4,4,1,8,524288,torch.float8_e4m3fn,0.22679998874664306,603979776,0.0004543557297438383,True
6,16,4,4,1,32,524288,torch.float8_e4m3fn,0.6546239852905273,2415919104,0.0004543557297438383,True
6,16,4,4,1,1,1048576,torch.float8_e4m3fn,0.12857279777526856,150994944,0.0004543557297438383,True
6,16,4,4,1,8,1048576,torch.float8_e4m3fn,0.351910400390625,1207959552,0.0004543557297438383,True
6,16,4,4,1,32,1048576,torch.float8_e4m3fn,1.204036808013916,4831838208,0.0004543557297438383,True
6,16,8,2,1,1,1024,torch.bfloat16,0.0958079993724823,147456,4.0883198380470276e-05,True
6,16,8,2,1,8,1024,torch.bfloat16,0.10146080255508423,1179648,4.0883198380470276e-05,True
6,16,8,2,1,32,1024,torch.bfloat16,0.12691680192947388,4718592,4.0883198380470276e-05,True
6,16,8,2,1,1,8192,torch.bfloat16,0.09895679950714112,1179648,4.0883198380470276e-05,True
6,16,8,2,1,8,8192,torch.bfloat16,0.10826719999313354,9437184,4.0883198380470276e-05,True
6,16,8,2,1,32,8192,torch.bfloat16,0.14683519601821898,37748736,4.0883198380470276e-05,True
6,16,8,2,1,1,32768,torch.bfloat16,0.09962559938430786,4718592,4.0883198380470276e-05,True
6,16,8,2,1,8,32768,torch.bfloat16,0.11809600591659546,37748736,4.0883198380470276e-05,True
6,16,8,2,1,32,32768,torch.bfloat16,0.18359359502792358,150994944,4.0883198380470276e-05,True
6,16,8,2,1,1,131072,torch.bfloat16,0.10816160440444947,18874368,4.0883198380470276e-05,True
6,16,8,2,1,8,131072,torch.bfloat16,0.14991680383682252,150994944,4.0883198380470276e-05,True
6,16,8,2,1,32,131072,torch.bfloat16,0.2642080068588257,603979776,4.0883198380470276e-05,True
6,16,8,2,1,1,524288,torch.bfloat16,0.12737280130386353,75497472,4.0883198380470276e-05,True
6,16,8,2,1,8,524288,torch.bfloat16,0.2306272029876709,603979776,4.0883198380470276e-05,True
6,16,8,2,1,32,524288,torch.bfloat16,0.5726096153259277,2415919104,4.0883198380470276e-05,True
6,16,8,2,1,1,1048576,torch.bfloat16,0.15241919755935668,150994944,4.0883198380470276e-05,True
6,16,8,2,1,8,1048576,torch.bfloat16,0.3426784038543701,1207959552,4.0883198380470276e-05,True
6,16,8,2,1,32,1048576,torch.bfloat16,0.9920495986938477,4831838208,4.0883198380470276e-05,True
6,16,8,2,1,1,1024,torch.float8_e4m3fn,0.09439359903335572,73728,0.00032263342291116714,True
6,16,8,2,1,8,1024,torch.float8_e4m3fn,0.10223679542541504,589824,0.00032263342291116714,True
6,16,8,2,1,32,1024,torch.float8_e4m3fn,0.12253600358963013,2359296,0.00032263342291116714,True
6,16,8,2,1,1,8192,torch.float8_e4m3fn,0.09472640156745911,589824,0.00032263342291116714,True
6,16,8,2,1,8,8192,torch.float8_e4m3fn,0.10410560369491577,4718592,0.00032263342291116714,True
6,16,8,2,1,32,8192,torch.float8_e4m3fn,0.12887519598007202,18874368,0.00032263342291116714,True
6,16,8,2,1,1,32768,torch.float8_e4m3fn,0.0983135998249054,2359296,0.00032263342291116714,True
6,16,8,2,1,8,32768,torch.float8_e4m3fn,0.10926719903945922,18874368,0.00032263342291116714,True
6,16,8,2,1,32,32768,torch.float8_e4m3fn,0.15508480072021485,75497472,0.00032263342291116714,True
6,16,8,2,1,1,131072,torch.float8_e4m3fn,0.1040079951286316,9437184,0.00032263342291116714,True
6,16,8,2,1,8,131072,torch.float8_e4m3fn,0.1177631974220276,75497472,0.00032263342291116714,True
6,16,8,2,1,32,131072,torch.float8_e4m3fn,0.20740320682525634,301989888,0.00032263342291116714,True
6,16,8,2,1,1,524288,torch.float8_e4m3fn,0.11440479755401611,37748736,0.00032263342291116714,True
6,16,8,2,1,8,524288,torch.float8_e4m3fn,0.17137279510498046,301989888,0.00032263342291116714,True
6,16,8,2,1,32,524288,torch.float8_e4m3fn,0.38053920269012453,1207959552,0.00032263342291116714,True
6,16,8,2,1,1,1048576,torch.float8_e4m3fn,0.1277456045150757,75497472,0.00032263342291116714,True
6,16,8,2,1,8,1048576,torch.float8_e4m3fn,0.2281167984008789,603979776,0.00032263342291116714,True
6,16,8,2,1,32,1048576,torch.float8_e4m3fn,0.6048783779144287,2415919104,0.00032263342291116714,True
6,16,16,1,1,1,8192,torch.bfloat16,0.1500607967376709,589824,2.708006650209427e-05,True
6,16,16,1,1,8,8192,torch.bfloat16,0.16422239542007447,4718592,2.708006650209427e-05,True
6,16,16,1,1,32,8192,torch.bfloat16,0.217305588722229,18874368,2.708006650209427e-05,True
6,16,16,1,1,1,32768,torch.bfloat16,0.15207840204238893,2359296,2.708006650209427e-05,True
6,16,16,1,1,8,32768,torch.bfloat16,0.17925599813461304,18874368,2.708006650209427e-05,True
6,16,16,1,1,32,32768,torch.bfloat16,0.24502239227294922,75497472,2.708006650209427e-05,True
6,16,16,1,1,1,131072,torch.bfloat16,0.16052960157394408,9437184,2.708006650209427e-05,True
6,16,16,1,1,8,131072,torch.bfloat16,0.20331039428710937,75497472,2.708006650209427e-05,True
6,16,16,1,1,32,131072,torch.bfloat16,0.29241759777069093,301989888,2.708006650209427e-05,True
6,16,16,1,1,1,524288,torch.bfloat16,0.16915680170059205,37748736,2.708006650209427e-05,True
6,16,16,1,1,8,524288,torch.bfloat16,0.25463840961456297,301989888,2.708006650209427e-05,True
6,16,16,1,1,32,524288,torch.bfloat16,0.4619455814361572,1207959552,2.708006650209427e-05,True
6,16,16,1,1,1,1048576,torch.bfloat16,0.18184000253677368,75497472,2.708006650209427e-05,True
6,16,16,1,1,8,1048576,torch.bfloat16,0.31014559268951414,603979776,2.708006650209427e-05,True
6,16,16,1,1,32,1048576,torch.bfloat16,0.7004176139831543,2415919104,2.708006650209427e-05,True
6,16,16,1,1,1,8192,torch.float8_e4m3fn,0.14561280012130737,294912,0.00023594230879098177,True
6,16,16,1,1,8,8192,torch.float8_e4m3fn,0.16373440027236938,2359296,0.00023594230879098177,True
6,16,16,1,1,32,8192,torch.float8_e4m3fn,0.20194239616394044,9437184,0.00023594230879098177,True
6,16,16,1,1,1,32768,torch.float8_e4m3fn,0.14740159511566162,1179648,0.00023594230879098177,True
6,16,16,1,1,8,32768,torch.float8_e4m3fn,0.17348159551620485,9437184,0.00023594230879098177,True
6,16,16,1,1,32,32768,torch.float8_e4m3fn,0.2258080005645752,37748736,0.00023594230879098177,True
6,16,16,1,1,1,131072,torch.float8_e4m3fn,0.1516095995903015,4718592,0.00023594230879098177,True
6,16,16,1,1,8,131072,torch.float8_e4m3fn,0.17642879486083984,37748736,0.00023594230879098177,True
6,16,16,1,1,32,131072,torch.float8_e4m3fn,0.2571952104568481,150994944,0.00023594230879098177,True
6,16,16,1,1,1,524288,torch.float8_e4m3fn,0.163099205493927,18874368,0.00023594230879098177,True
6,16,16,1,1,8,524288,torch.float8_e4m3fn,0.22643680572509767,150994944,0.00023594230879098177,True
6,16,16,1,1,32,524288,torch.float8_e4m3fn,0.36110720634460447,603979776,0.00023594230879098177,True
6,16,16,1,1,1,1048576,torch.float8_e4m3fn,0.1669600009918213,37748736,0.00023594230879098177,True
6,16,16,1,1,8,1048576,torch.float8_e4m3fn,0.2518336057662964,301989888,0.00023594230879098177,True
6,16,16,1,1,32,1048576,torch.float8_e4m3fn,0.4931024074554443,1207959552,0.00023594230879098177,True
6,8,1,8,2,1,1024,torch.bfloat16,0.014416000247001648,1179648,0.00011819973587989807,True
6,8,1,8,2,8,1024,torch.bfloat16,0.014435200393199921,9437184,0.00011819973587989807,True
6,8,1,8,2,32,1024,torch.bfloat16,0.016476799547672272,37748736,0.00011819973587989807,True
6,8,1,8,2,1,8192,torch.bfloat16,0.01652639955282211,9437184,0.00011819973587989807,True
6,8,1,8,2,8,8192,torch.bfloat16,0.01912959963083267,75497472,0.00011819973587989807,True
6,8,1,8,2,32,8192,torch.bfloat16,0.0689520001411438,301989888,0.00011819973587989807,True
6,8,1,8,2,1,32768,torch.bfloat16,0.026712000370025635,37748736,0.00011819973587989807,True
6,8,1,8,2,8,32768,torch.bfloat16,0.06666399836540222,301989888,0.00011819973587989807,True
6,8,1,8,2,32,32768,torch.bfloat16,0.22372961044311523,1207959552,0.00011819973587989807,True
6,8,1,8,2,1,131072,torch.bfloat16,0.05281440019607544,150994944,0.00011819973587989807,True
6,8,1,8,2,8,131072,torch.bfloat16,0.22966721057891845,1207959552,0.00011819973587989807,True
6,8,1,8,2,32,131072,torch.bfloat16,0.8311984062194824,4831838208,0.00011819973587989807,True
6,8,1,8,2,1,524288,torch.bfloat16,0.1385807991027832,603979776,0.00011819973587989807,True
6,8,1,8,2,8,524288,torch.bfloat16,0.7901711940765381,4831838208,0.00011819973587989807,True
6,8,1,8,2,32,524288,torch.bfloat16,3.2756206512451174,19327352832,0.00011819973587989807,True
6,8,1,8,2,1,1048576,torch.bfloat16,0.2533152103424072,1207959552,0.00011819973587989807,True
6,8,1,8,2,8,1048576,torch.bfloat16,1.5612832069396974,9663676416,0.00011819973587989807,True
6,8,1,8,2,32,1048576,torch.bfloat16,6.460089874267578,38654705664,0.00011819973587989807,True
6,8,1,8,2,1,1024,torch.float8_e4m3fn,0.012511999905109405,589824,0.0008761533536016941,True
6,8,1,8,2,8,1024,torch.float8_e4m3fn,0.012494400143623352,4718592,0.0008761533536016941,True
6,8,1,8,2,32,1024,torch.float8_e4m3fn,0.014433600008487701,18874368,0.0008761533536016941,True
6,8,1,8,2,1,8192,torch.float8_e4m3fn,0.014496000111103058,4718592,0.0008761533536016941,True
6,8,1,8,2,8,8192,torch.float8_e4m3fn,0.016539199650287627,37748736,0.0008761533536016941,True
6,8,1,8,2,32,8192,torch.float8_e4m3fn,0.03705280125141144,150994944,0.0008761533536016941,True
6,8,1,8,2,1,32768,torch.float8_e4m3fn,0.022623999416828154,18874368,0.0008761533536016941,True
6,8,1,8,2,8,32768,torch.float8_e4m3fn,0.037868800759315493,150994944,0.0008761533536016941,True
6,8,1,8,2,32,32768,torch.float8_e4m3fn,0.10277279615402221,603979776,0.0008761533536016941,True
6,8,1,8,2,1,131072,torch.float8_e4m3fn,0.032950401306152344,75497472,0.0008761533536016941,True
6,8,1,8,2,8,131072,torch.float8_e4m3fn,0.10112639665603637,603979776,0.0008761533536016941,True
6,8,1,8,2,32,131072,torch.float8_e4m3fn,0.3641200065612793,2415919104,0.0008761533536016941,True
6,8,1,8,2,1,524288,torch.float8_e4m3fn,0.0739184021949768,301989888,0.0008761533536016941,True
6,8,1,8,2,8,524288,torch.float8_e4m3fn,0.3489952087402344,2415919104,0.0008761533536016941,True
6,8,1,8,2,32,524288,torch.float8_e4m3fn,1.4138352394104003,9663676416,0.0008761533536016941,True
6,8,1,8,2,1,1048576,torch.float8_e4m3fn,0.12617919445037842,603979776,0.0008761533536016941,True
6,8,1,8,2,8,1048576,torch.float8_e4m3fn,0.6803455829620362,4831838208,0.0008761533536016941,True
6,8,1,8,2,32,1048576,torch.float8_e4m3fn,2.8367359161376955,19327352832,0.0008761533536016941,True
6,8,2,4,2,1,1024,torch.bfloat16,0.05618879795074463,589824,0.00010202638804912567,True
6,8,2,4,2,8,1024,torch.bfloat16,0.06603519916534424,4718592,0.00010202638804912567,True
6,8,2,4,2,32,1024,torch.bfloat16,0.0765168011188507,18874368,0.00010202638804912567,True
6,8,2,4,2,1,8192,torch.bfloat16,0.06071360111236572,4718592,0.00010202638804912567,True
6,8,2,4,2,8,8192,torch.bfloat16,0.07447680234909057,37748736,0.00010202638804912567,True
6,8,2,4,2,32,8192,torch.bfloat16,0.13180160522460938,150994944,0.00010202638804912567,True
6,8,2,4,2,1,32768,torch.bfloat16,0.06775519847869874,18874368,0.00010202638804912567,True
6,8,2,4,2,8,32768,torch.bfloat16,0.12319040298461914,150994944,0.00010202638804912567,True
6,8,2,4,2,32,32768,torch.bfloat16,0.24581599235534668,603979776,0.00010202638804912567,True
6,8,2,4,2,1,131072,torch.bfloat16,0.09660800099372864,75497472,0.00010202638804912567,True
6,8,2,4,2,8,131072,torch.bfloat16,0.22597761154174806,603979776,0.00010202638804912567,True
6,8,2,4,2,32,131072,torch.bfloat16,0.703979206085205,2415919104,0.00010202638804912567,True
6,8,2,4,2,1,524288,torch.bfloat16,0.17297760248184205,301989888,0.00010202638804912567,True
6,8,2,4,2,8,524288,torch.bfloat16,0.6417136192321777,2415919104,0.00010202638804912567,True
6,8,2,4,2,32,524288,torch.bfloat16,2.5195663452148436,9663676416,0.00010202638804912567,True
6,8,2,4,2,1,1048576,torch.bfloat16,0.2719007968902588,603979776,0.00010202638804912567,True
6,8,2,4,2,8,1048576,torch.bfloat16,1.1987008094787597,4831838208,0.00010202638804912567,True
6,8,2,4,2,32,1048576,torch.bfloat16,4.932073593139648,19327352832,0.00010202638804912567,True
6,8,2,4,2,1,1024,torch.float8_e4m3fn,0.05535200238227844,294912,0.0006132330745458603,True
6,8,2,4,2,8,1024,torch.float8_e4m3fn,0.06552799940109252,2359296,0.0006132330745458603,True
6,8,2,4,2,32,1024,torch.float8_e4m3fn,0.07314720153808593,9437184,0.0006132330745458603,True
6,8,2,4,2,1,8192,torch.float8_e4m3fn,0.05711680054664612,2359296,0.0006132330745458603,True
6,8,2,4,2,8,8192,torch.float8_e4m3fn,0.07197440266609192,18874368,0.0006132330745458603,True
6,8,2,4,2,32,8192,torch.float8_e4m3fn,0.09668639898300171,75497472,0.0006132330745458603,True
6,8,2,4,2,1,32768,torch.float8_e4m3fn,0.06372479796409607,9437184,0.0006132330745458603,True
6,8,2,4,2,8,32768,torch.float8_e4m3fn,0.0866159975528717,75497472,0.0006132330745458603,True
6,8,2,4,2,32,32768,torch.float8_e4m3fn,0.15851999521255494,301989888,0.0006132330745458603,True
6,8,2,4,2,1,131072,torch.float8_e4m3fn,0.07164639830589295,37748736,0.0006132330745458603,True
6,8,2,4,2,8,131072,torch.float8_e4m3fn,0.14847040176391602,301989888,0.0006132330745458603,True
6,8,2,4,2,32,131072,torch.float8_e4m3fn,0.3666048049926758,1207959552,0.0006132330745458603,True
6,8,2,4,2,1,524288,torch.float8_e4m3fn,0.11593120098114014,150994944,0.0006132330745458603,True
6,8,2,4,2,8,524288,torch.float8_e4m3fn,0.33797919750213623,1207959552,0.0006132330745458603,True
6,8,2,4,2,32,524288,torch.float8_e4m3fn,1.187172794342041,4831838208,0.0006132330745458603,True
6,8,2,4,2,1,1048576,torch.float8_e4m3fn,0.1618831992149353,301989888,0.0006132330745458603,True
6,8,2,4,2,8,1048576,torch.float8_e4m3fn,0.5870912075042725,2415919104,0.0006132330745458603,True
6,8,2,4,2,32,1048576,torch.float8_e4m3fn,2.303219223022461,9663676416,0.0006132330745458603,True
6,8,4,2,2,1,1024,torch.bfloat16,0.06669440269470214,294912,6.419792771339417e-05,True
6,8,4,2,2,8,1024,torch.bfloat16,0.07525759935379028,2359296,6.419792771339417e-05,True
6,8,4,2,2,32,1024,torch.bfloat16,0.09655680060386658,9437184,6.419792771339417e-05,True
6,8,4,2,2,1,8192,torch.bfloat16,0.07225440144538879,2359296,6.419792771339417e-05,True
6,8,4,2,2,8,8192,torch.bfloat16,0.08393599987030029,18874368,6.419792771339417e-05,True
6,8,4,2,2,32,8192,torch.bfloat16,0.11437760591506958,75497472,6.419792771339417e-05,True
6,8,4,2,2,1,32768,torch.bfloat16,0.0793008029460907,9437184,6.419792771339417e-05,True
6,8,4,2,2,8,32768,torch.bfloat16,0.0940496027469635,75497472,6.419792771339417e-05,True
6,8,4,2,2,32,32768,torch.bfloat16,0.1690816044807434,301989888,6.419792771339417e-05,True
6,8,4,2,2,1,131072,torch.bfloat16,0.09122080206871033,37748736,6.419792771339417e-05,True
6,8,4,2,2,8,131072,torch.bfloat16,0.14890880584716798,301989888,6.419792771339417e-05,True
6,8,4,2,2,32,131072,torch.bfloat16,0.3251712083816528,1207959552,6.419792771339417e-05,True
6,8,4,2,2,1,524288,torch.bfloat16,0.1257375955581665,150994944,6.419792771339417e-05,True
6,8,4,2,2,8,524288,torch.bfloat16,0.3178544044494629,1207959552,6.419792771339417e-05,True
6,8,4,2,2,32,524288,torch.bfloat16,0.9523247718811035,4831838208,6.419792771339417e-05,True
6,8,4,2,2,1,1048576,torch.bfloat16,0.16509920358657837,301989888,6.419792771339417e-05,True
6,8,4,2,2,8,1048576,torch.bfloat16,0.5155871868133545,2415919104,6.419792771339417e-05,True
6,8,4,2,2,32,1048576,torch.bfloat16,1.8100175857543945,9663676416,6.419792771339417e-05,True
6,8,4,2,2,1,1024,torch.float8_e4m3fn,0.07429919838905334,147456,0.0004855431616306305,True
6,8,4,2,2,8,1024,torch.float8_e4m3fn,0.0799023985862732,1179648,0.0004855431616306305,True
6,8,4,2,2,32,1024,torch.float8_e4m3fn,0.09114080071449279,4718592,0.0004855431616306305,True
6,8,4,2,2,1,8192,torch.float8_e4m3fn,0.07173759937286377,1179648,0.0004855431616306305,True
6,8,4,2,2,8,8192,torch.float8_e4m3fn,0.0790224015712738,9437184,0.0004855431616306305,True
6,8,4,2,2,32,8192,torch.float8_e4m3fn,0.09922720193862915,37748736,0.0004855431616306305,True
6,8,4,2,2,1,32768,torch.float8_e4m3fn,0.07392799854278564,4718592,0.0004855431616306305,True
6,8,4,2,2,8,32768,torch.float8_e4m3fn,0.08904479742050171,37748736,0.0004855431616306305,True
6,8,4,2,2,32,32768,torch.float8_e4m3fn,0.13543519973754883,150994944,0.0004855431616306305,True
6,8,4,2,2,1,131072,torch.float8_e4m3fn,0.08171679973602294,18874368,0.0004855431616306305,True
6,8,4,2,2,8,131072,torch.float8_e4m3fn,0.12042399644851684,150994944,0.0004855431616306305,True
6,8,4,2,2,32,131072,torch.float8_e4m3fn,0.2257375955581665,603979776,0.0004855431616306305,True
6,8,4,2,2,1,524288,torch.float8_e4m3fn,0.10383520126342774,75497472,0.0004855431616306305,True
6,8,4,2,2,8,524288,torch.float8_e4m3fn,0.20144801139831542,603979776,0.0004855431616306305,True
6,8,4,2,2,32,524288,torch.float8_e4m3fn,0.559771203994751,2415919104,0.0004855431616306305,True
6,8,4,2,2,1,1048576,torch.float8_e4m3fn,0.13135839700698854,150994944,0.0004855431616306305,True
6,8,4,2,2,8,1048576,torch.float8_e4m3fn,0.3011919975280762,1207959552,0.0004855431616306305,True
6,8,4,2,2,32,1048576,torch.float8_e4m3fn,1.0099599838256836,4831838208,0.0004855431616306305,True
6,8,8,1,2,1,1024,torch.bfloat16,0.10055040121078491,147456,5.1095150411129e-05,True
6,8,8,1,2,8,1024,torch.bfloat16,0.11484960317611695,1179648,5.1095150411129e-05,True
6,8,8,1,2,32,1024,torch.bfloat16,0.16620800495147706,4718592,5.1095150411129e-05,True
6,8,8,1,2,1,8192,torch.bfloat16,0.10421919822692871,1179648,5.1095150411129e-05,True
6,8,8,1,2,8,8192,torch.bfloat16,0.12470719814300538,9437184,5.1095150411129e-05,True
6,8,8,1,2,32,8192,torch.bfloat16,0.1954624056816101,37748736,5.1095150411129e-05,True
6,8,8,1,2,1,32768,torch.bfloat16,0.10792959928512573,4718592,5.1095150411129e-05,True
6,8,8,1,2,8,32768,torch.bfloat16,0.12465280294418335,37748736,5.1095150411129e-05,True
6,8,8,1,2,32,32768,torch.bfloat16,0.22501440048217775,150994944,5.1095150411129e-05,True
6,8,8,1,2,1,131072,torch.bfloat16,0.12503360509872435,18874368,5.1095150411129e-05,True
6,8,8,1,2,8,131072,torch.bfloat16,0.15983999967575074,150994944,5.1095150411129e-05,True
6,8,8,1,2,32,131072,torch.bfloat16,0.31206560134887695,603979776,5.1095150411129e-05,True
6,8,8,1,2,1,524288,torch.bfloat16,0.12572480440139772,75497472,5.1095150411129e-05,True
6,8,8,1,2,8,524288,torch.bfloat16,0.2452672004699707,603979776,5.1095150411129e-05,True
6,8,8,1,2,32,524288,torch.bfloat16,0.6513775825500489,2415919104,5.1095150411129e-05,True
6,8,8,1,2,1,1048576,torch.bfloat16,0.15748319625854493,150994944,5.1095150411129e-05,True
6,8,8,1,2,8,1048576,torch.bfloat16,0.3478127956390381,1207959552,5.1095150411129e-05,True
6,8,8,1,2,32,1048576,torch.bfloat16,1.1422927856445313,4831838208,5.1095150411129e-05,True
6,8,8,1,2,1,1024,torch.float8_e4m3fn,0.11918560266494752,73728,0.00032263342291116714,True
6,8,8,1,2,8,1024,torch.float8_e4m3fn,0.11360640525817871,589824,0.00032263342291116714,True
6,8,8,1,2,32,1024,torch.float8_e4m3fn,0.16273119449615478,2359296,0.00032263342291116714,True
6,8,8,1,2,1,8192,torch.float8_e4m3fn,0.10261600017547608,589824,0.00032263342291116714,True
6,8,8,1,2,8,8192,torch.float8_e4m3fn,0.1189039945602417,4718592,0.00032263342291116714,True
6,8,8,1,2,32,8192,torch.float8_e4m3fn,0.17314239740371704,18874368,0.00032263342291116714,True
6,8,8,1,2,1,32768,torch.float8_e4m3fn,0.10519839525222778,2359296,0.00032263342291116714,True
6,8,8,1,2,8,32768,torch.float8_e4m3fn,0.12332160472869873,18874368,0.00032263342291116714,True
6,8,8,1,2,32,32768,torch.float8_e4m3fn,0.20154879093170167,75497472,0.00032263342291116714,True
6,8,8,1,2,1,131072,torch.float8_e4m3fn,0.11600960493087768,9437184,0.00032263342291116714,True
6,8,8,1,2,8,131072,torch.float8_e4m3fn,0.13813120126724243,75497472,0.00032263342291116714,True
6,8,8,1,2,32,131072,torch.float8_e4m3fn,0.25156800746917723,301989888,0.00032263342291116714,True
6,8,8,1,2,1,524288,torch.float8_e4m3fn,0.12244319915771484,37748736,0.00032263342291116714,True
6,8,8,1,2,8,524288,torch.float8_e4m3fn,0.18921120166778566,301989888,0.00032263342291116714,True
6,8,8,1,2,32,524288,torch.float8_e4m3fn,0.4461696147918701,1207959552,0.00032263342291116714,True
6,8,8,1,2,1,1048576,torch.float8_e4m3fn,0.13070080280303956,75497472,0.00032263342291116714,True
6,8,8,1,2,8,1048576,torch.float8_e4m3fn,0.25944159030914304,603979776,0.00032263342291116714,True
6,8,8,1,2,32,1048576,torch.float8_e4m3fn,0.7069407939910889,2415919104,0.00032263342291116714,True
6,4,1,4,4,1,1024,torch.bfloat16,0.016463999450206757,1179648,0.00011113286018371582,True
6,4,1,4,4,8,1024,torch.bfloat16,0.02274879962205887,9437184,0.00011113286018371582,True
6,4,1,4,4,32,1024,torch.bfloat16,0.028806400299072266,37748736,0.00011113286018371582,True
6,4,1,4,4,1,8192,torch.bfloat16,0.018611200153827667,9437184,0.00011113286018371582,True
6,4,1,4,4,8,8192,torch.bfloat16,0.03707199990749359,75497472,0.00011113286018371582,True
6,4,1,4,4,32,8192,torch.bfloat16,0.10399199724197387,301989888,0.00011113286018371582,True
6,4,1,4,4,1,32768,torch.bfloat16,0.03094240128993988,37748736,0.00011113286018371582,True
6,4,1,4,4,8,32768,torch.bfloat16,0.10076320171356201,301989888,0.00011113286018371582,True
6,4,1,4,4,32,32768,torch.bfloat16,0.33079359531402586,1207959552,0.00011113286018371582,True
6,4,1,4,4,1,131072,torch.bfloat16,0.07116960287094116,150994944,0.00011113286018371582,True
6,4,1,4,4,8,131072,torch.bfloat16,0.3055072069168091,1207959552,0.00011113286018371582,True
6,4,1,4,4,32,131072,torch.bfloat16,1.2394160270690917,4831838208,0.00011113286018371582,True
6,4,1,4,4,1,524288,torch.bfloat16,0.21731679439544677,603979776,0.00011113286018371582,True
6,4,1,4,4,8,524288,torch.bfloat16,1.1385631561279297,4831838208,0.00011113286018371582,True
6,4,1,4,4,32,524288,torch.bfloat16,4.867865753173828,19327352832,0.00011113286018371582,True
6,4,1,4,4,1,1048576,torch.bfloat16,0.41232800483703613,1207959552,0.00011113286018371582,True
6,4,1,4,4,8,1048576,torch.bfloat16,2.250771141052246,9663676416,0.00011113286018371582,True
6,4,1,4,4,32,1048576,torch.bfloat16,9.696849822998047,38654705664,0.00011113286018371582,True
6,4,1,4,4,1,1024,torch.float8_e4m3fn,0.016468800604343414,589824,0.0009734432678669691,True
6,4,1,4,4,8,1024,torch.float8_e4m3fn,0.020670400559902193,4718592,0.0009734432678669691,True
6,4,1,4,4,32,1024,torch.float8_e4m3fn,0.024297599494457246,18874368,0.0009734432678669691,True
6,4,1,4,4,1,8192,torch.float8_e4m3fn,0.016569599509239197,4718592,0.0009734432678669691,True
6,4,1,4,4,8,8192,torch.float8_e4m3fn,0.02683840095996857,37748736,0.0009734432678669691,True
6,4,1,4,4,32,8192,torch.float8_e4m3fn,0.06099519729614258,150994944,0.0009734432678669691,True
6,4,1,4,4,1,32768,torch.float8_e4m3fn,0.02473440021276474,18874368,0.0009734432678669691,True
6,4,1,4,4,8,32768,torch.float8_e4m3fn,0.05888320207595825,150994944,0.0009734432678669691,True
6,4,1,4,4,32,32768,torch.float8_e4m3fn,0.1650720000267029,603979776,0.0009734432678669691,True
6,4,1,4,4,1,131072,torch.float8_e4m3fn,0.04391840100288391,75497472,0.0009734432678669691,True
6,4,1,4,4,8,131072,torch.float8_e4m3fn,0.1511904001235962,603979776,0.0009734432678669691,True
6,4,1,4,4,32,131072,torch.float8_e4m3fn,0.5724703788757324,2415919104,0.0009734432678669691,True
6,4,1,4,4,1,524288,torch.float8_e4m3fn,0.10832959413528442,301989888,0.0009734432678669691,True
6,4,1,4,4,8,524288,torch.float8_e4m3fn,0.5274655818939209,2415919104,0.0009734432678669691,True
6,4,1,4,4,32,524288,torch.float8_e4m3fn,2.2403711318969726,9663676416,0.0009734432678669691,True
6,4,1,4,4,1,1048576,torch.float8_e4m3fn,0.19555200338363649,603979776,0.0009734432678669691,True
6,4,1,4,4,8,1048576,torch.float8_e4m3fn,1.031651210784912,4831838208,0.0009734432678669691,True
6,4,1,4,4,32,1048576,torch.float8_e4m3fn,4.513142395019531,19327352832,0.0009734432678669691,True
6,4,2,2,4,1,1024,torch.bfloat16,0.053615999221801755,589824,0.00011443346738815308,True
6,4,2,2,4,8,1024,torch.bfloat16,0.06278240084648132,4718592,0.00011443346738815308,True
6,4,2,2,4,32,1024,torch.bfloat16,0.08447679877281189,18874368,0.00011443346738815308,True
6,4,2,2,4,1,8192,torch.bfloat16,0.05864319801330566,4718592,0.00011443346738815308,True
6,4,2,2,4,8,8192,torch.bfloat16,0.076801598072052,37748736,0.00011443346738815308,True
6,4,2,2,4,32,8192,torch.bfloat16,0.12573920488357543,150994944,0.00011443346738815308,True
6,4,2,2,4,1,32768,torch.bfloat16,0.06801279783248901,18874368,0.00011443346738815308,True
6,4,2,2,4,8,32768,torch.bfloat16,0.10854239463806152,150994944,0.00011443346738815308,True
6,4,2,2,4,32,32768,torch.bfloat16,0.20975840091705322,603979776,0.00011443346738815308,True
6,4,2,2,4,1,131072,torch.bfloat16,0.08553439974784852,75497472,0.00011443346738815308,True
6,4,2,2,4,8,131072,torch.bfloat16,0.18670079708099366,603979776,0.00011443346738815308,True
6,4,2,2,4,32,131072,torch.bfloat16,0.5176256179809571,2415919104,0.00011443346738815308,True
6,4,2,2,4,1,524288,torch.bfloat16,0.14305440187454224,301989888,0.00011443346738815308,True
6,4,2,2,4,8,524288,torch.bfloat16,0.5004079818725586,2415919104,0.00011443346738815308,True
6,4,2,2,4,32,524288,torch.bfloat16,1.7926063537597656,9663676416,0.00011443346738815308,True
6,4,2,2,4,1,1048576,torch.bfloat16,0.21216959953308107,603979776,0.00011443346738815308,True
6,4,2,2,4,8,1048576,torch.bfloat16,0.8862480163574219,4831838208,0.00011443346738815308,True
6,4,2,2,4,32,1048576,torch.bfloat16,3.658396911621094,19327352832,0.00011443346738815308,True
6,4,2,2,4,1,1024,torch.float8_e4m3fn,0.052399998903274535,294912,0.000784718431532383,True
6,4,2,2,4,8,1024,torch.float8_e4m3fn,0.05958399772644043,2359296,0.000784718431532383,True
6,4,2,2,4,32,1024,torch.float8_e4m3fn,0.07816640138626099,9437184,0.000784718431532383,True
6,4,2,2,4,1,8192,torch.float8_e4m3fn,0.05761119723320007,2359296,0.000784718431532383,True
6,4,2,2,4,8,8192,torch.float8_e4m3fn,0.06776800155639648,18874368,0.000784718431532383,True
6,4,2,2,4,32,8192,torch.float8_e4m3fn,0.09401440024375915,75497472,0.000784718431532383,True
6,4,2,2,4,1,32768,torch.float8_e4m3fn,0.061660802364349364,9437184,0.000784718431532383,True
6,4,2,2,4,8,32768,torch.float8_e4m3fn,0.07761279940605163,75497472,0.000784718431532383,True
6,4,2,2,4,32,32768,torch.float8_e4m3fn,0.14884799718856812,301989888,0.000784718431532383,True
6,4,2,2,4,1,131072,torch.float8_e4m3fn,0.07359039783477783,37748736,0.000784718431532383,True
6,4,2,2,4,8,131072,torch.float8_e4m3fn,0.12966079711914064,301989888,0.000784718431532383,True
6,4,2,2,4,32,131072,torch.float8_e4m3fn,0.31847519874572755,1207959552,0.000784718431532383,True
6,4,2,2,4,1,524288,torch.float8_e4m3fn,0.11517599821090699,150994944,0.000784718431532383,True
6,4,2,2,4,8,524288,torch.float8_e4m3fn,0.284169602394104,1207959552,0.000784718431532383,True
6,4,2,2,4,32,524288,torch.float8_e4m3fn,0.9900431632995605,4831838208,0.000784718431532383,True
6,4,2,2,4,1,1048576,torch.float8_e4m3fn,0.15313760042190552,301989888,0.000784718431532383,True
6,4,2,2,4,8,1048576,torch.float8_e4m3fn,0.48726401329040525,2415919104,0.000784718431532383,True
6,4,2,2,4,32,1048576,torch.float8_e4m3fn,1.9748767852783202,9663676416,0.000784718431532383,True
6,4,4,1,4,1,1024,torch.bfloat16,0.07476959824562072,294912,6.884709000587463e-05,True
6,4,4,1,4,8,1024,torch.bfloat16,0.09110879898071289,2359296,6.884709000587463e-05,True
6,4,4,1,4,32,1024,torch.bfloat16,0.1312816023826599,9437184,6.884709000587463e-05,True
6,4,4,1,4,1,8192,torch.bfloat16,0.07823359966278076,2359296,6.884709000587463e-05,True
6,4,4,1,4,8,8192,torch.bfloat16,0.10584319829940796,18874368,6.884709000587463e-05,True
6,4,4,1,4,32,8192,torch.bfloat16,0.165392005443573,75497472,6.884709000587463e-05,True
6,4,4,1,4,1,32768,torch.bfloat16,0.0849295973777771,9437184,6.884709000587463e-05,True
6,4,4,1,4,8,32768,torch.bfloat16,0.1150048017501831,75497472,6.884709000587463e-05,True
6,4,4,1,4,32,32768,torch.bfloat16,0.2139888048171997,301989888,6.884709000587463e-05,True
6,4,4,1,4,1,131072,torch.bfloat16,0.09487519860267639,37748736,6.884709000587463e-05,True
6,4,4,1,4,8,131072,torch.bfloat16,0.16119680404663086,301989888,6.884709000587463e-05,True
6,4,4,1,4,32,131072,torch.bfloat16,0.3809151887893677,1207959552,6.884709000587463e-05,True
6,4,4,1,4,1,524288,torch.bfloat16,0.125764799118042,150994944,6.884709000587463e-05,True
6,4,4,1,4,8,524288,torch.bfloat16,0.3216768026351929,1207959552,6.884709000587463e-05,True
6,4,4,1,4,32,524288,torch.bfloat16,1.0888607978820801,4831838208,6.884709000587463e-05,True
6,4,4,1,4,1,1048576,torch.bfloat16,0.1970304012298584,301989888,6.884709000587463e-05,True
6,4,4,1,4,8,1048576,torch.bfloat16,0.5339136123657227,2415919104,6.884709000587463e-05,True
6,4,4,1,4,32,1048576,torch.bfloat16,2.1478368759155275,9663676416,6.884709000587463e-05,True
6,4,4,1,4,1,1024,torch.float8_e4m3fn,0.08913120031356811,147456,0.0004955502226948738,True
6,4,4,1,4,8,1024,torch.float8_e4m3fn,0.08646559715270996,1179648,0.0004955502226948738,True
6,4,4,1,4,32,1024,torch.float8_e4m3fn,0.12326879501342773,4718592,0.0004955502226948738,True
6,4,4,1,4,1,8192,torch.float8_e4m3fn,0.07657439708709717,1179648,0.0004955502226948738,True
6,4,4,1,4,8,8192,torch.float8_e4m3fn,0.09653599858283997,9437184,0.0004955502226948738,True
6,4,4,1,4,32,8192,torch.float8_e4m3fn,0.14451520442962645,37748736,0.0004955502226948738,True
6,4,4,1,4,1,32768,torch.float8_e4m3fn,0.08050240278244018,4718592,0.0004955502226948738,True
6,4,4,1,4,8,32768,torch.float8_e4m3fn,0.1001855969429016,37748736,0.0004955502226948738,True
6,4,4,1,4,32,32768,torch.float8_e4m3fn,0.17674720287322998,150994944,0.0004955502226948738,True
6,4,4,1,4,1,131072,torch.float8_e4m3fn,0.09180960059165955,18874368,0.0004955502226948738,True
6,4,4,1,4,8,131072,torch.float8_e4m3fn,0.13426400423049928,150994944,0.0004955502226948738,True
6,4,4,1,4,32,131072,torch.float8_e4m3fn,0.27317759990692136,603979776,0.0004955502226948738,True
6,4,4,1,4,1,524288,torch.float8_e4m3fn,0.10430400371551514,75497472,0.0004955502226948738,True
6,4,4,1,4,8,524288,torch.float8_e4m3fn,0.23113598823547363,603979776,0.0004955502226948738,True
6,4,4,1,4,32,524288,torch.float8_e4m3fn,0.6617792129516602,2415919104,0.0004955502226948738,True
6,4,4,1,4,1,1048576,torch.float8_e4m3fn,0.12539680004119874,150994944,0.0004955502226948738,True
6,4,4,1,4,8,1048576,torch.float8_e4m3fn,0.35174078941345216,1207959552,0.0004955502226948738,True
6,4,4,1,4,32,1048576,torch.float8_e4m3fn,1.23678560256958,4831838208,0.0004955502226948738,True
7,16,1,16,1,1,1024,torch.bfloat16,0.01252799928188324,1179648,8.679181337356567e-05,True
7,16,1,16,1,8,1024,torch.bfloat16,0.012511999905109405,9437184,8.679181337356567e-05,True
7,16,1,16,1,32,1024,torch.bfloat16,0.016495999693870545,37748736,8.679181337356567e-05,True
7,16,1,16,1,1,8192,torch.bfloat16,0.014548799395561219,9437184,8.679181337356567e-05,True
7,16,1,16,1,8,8192,torch.bfloat16,0.01858240067958832,75497472,8.679181337356567e-05,True
7,16,1,16,1,32,8192,torch.bfloat16,0.06769599914550781,301989888,8.679181337356567e-05,True
7,16,1,16,1,1,32768,torch.bfloat16,0.026737600564956665,37748736,8.679181337356567e-05,True
7,16,1,16,1,8,32768,torch.bfloat16,0.06692000031471253,301989888,8.679181337356567e-05,True
7,16,1,16,1,32,32768,torch.bfloat16,0.22177600860595703,1207959552,8.679181337356567e-05,True
7,16,1,16,1,1,131072,torch.bfloat16,0.053943997621536253,150994944,8.679181337356567e-05,True
7,16,1,16,1,8,131072,torch.bfloat16,0.21591041088104249,1207959552,8.679181337356567e-05,True
7,16,1,16,1,32,131072,torch.bfloat16,0.8223983764648437,4831838208,8.679181337356567e-05,True
7,16,1,16,1,1,524288,torch.bfloat16,0.13947839736938478,603979776,8.679181337356567e-05,True
7,16,1,16,1,8,524288,torch.bfloat16,0.7863344192504883,4831838208,8.679181337356567e-05,True
7,16,1,16,1,32,524288,torch.bfloat16,3.270489501953125,19327352832,8.679181337356567e-05,True
7,16,1,16,1,1,1048576,torch.bfloat16,0.2537712097167969,1207959552,8.679181337356567e-05,True
7,16,1,16,1,8,1048576,torch.bfloat16,1.568990421295166,9663676416,8.679181337356567e-05,True
7,16,1,16,1,32,1048576,torch.bfloat16,6.412598419189453,38654705664,8.679181337356567e-05,True
7,16,1,16,1,1,1024,torch.float8_e4m3fn,0.012399999797344208,589824,0.0009109880775213242,True
7,16,1,16,1,8,1024,torch.float8_e4m3fn,0.012380799651145935,4718592,0.0009109880775213242,True
7,16,1,16,1,32,1024,torch.float8_e4m3fn,0.014451199769973755,18874368,0.0009109880775213242,True
7,16,1,16,1,1,8192,torch.float8_e4m3fn,0.014446400105953217,4718592,0.0009109880775213242,True
7,16,1,16,1,8,8192,torch.float8_e4m3fn,0.01647839993238449,37748736,0.0009109880775213242,True
7,16,1,16,1,32,8192,torch.float8_e4m3fn,0.035174399614334106,150994944,0.0009109880775213242,True
7,16,1,16,1,1,32768,torch.float8_e4m3fn,0.022657600045204163,18874368,0.0009109880775213242,True
7,16,1,16,1,8,32768,torch.float8_e4m3fn,0.03702400028705597,150994944,0.0009109880775213242,True
7,16,1,16,1,32,32768,torch.float8_e4m3fn,0.10198080539703369,603979776,0.0009109880775213242,True
7,16,1,16,1,1,131072,torch.float8_e4m3fn,0.03091680109500885,75497472,0.0009109880775213242,True
7,16,1,16,1,8,131072,torch.float8_e4m3fn,0.10039680004119873,603979776,0.0009109880775213242,True
7,16,1,16,1,32,131072,torch.float8_e4m3fn,0.3668463945388794,2415919104,0.0009109880775213242,True
7,16,1,16,1,1,524288,torch.float8_e4m3fn,0.07532479763031005,301989888,0.0009109880775213242,True
7,16,1,16,1,8,524288,torch.float8_e4m3fn,0.34893438816070554,2415919104,0.0009109880775213242,True
7,16,1,16,1,32,524288,torch.float8_e4m3fn,1.4110655784606934,9663676416,0.0009109880775213242,True
7,16,1,16,1,1,1048576,torch.float8_e4m3fn,0.12717759609222412,603979776,0.0009109880775213242,True
7,16,1,16,1,8,1048576,torch.float8_e4m3fn,0.6798751831054688,4831838208,0.0009109880775213242,True
7,16,1,16,1,32,1048576,torch.float8_e4m3fn,2.811515235900879,19327352832,0.0009109880775213242,True
7,16,2,8,1,1,1024,torch.bfloat16,0.05333439707756042,589824,0.00012158229947090149,True
7,16,2,8,1,8,1024,torch.bfloat16,0.05743359923362732,4718592,0.00012158229947090149,True
7,16,2,8,1,32,1024,torch.bfloat16,0.06275680065155029,18874368,0.00012158229947090149,True
7,16,2,8,1,1,8192,torch.bfloat16,0.05553920269012451,4718592,0.00012158229947090149,True
7,16,2,8,1,8,8192,torch.bfloat16,0.06515039801597595,37748736,0.00012158229947090149,True
7,16,2,8,1,32,8192,torch.bfloat16,0.10698879957199096,150994944,0.00012158229947090149,True
7,16,2,8,1,1,32768,torch.bfloat16,0.05980479717254639,18874368,0.00012158229947090149,True
7,16,2,8,1,8,32768,torch.bfloat16,0.10110559463500976,150994944,0.00012158229947090149,True
7,16,2,8,1,32,32768,torch.bfloat16,0.18292160034179689,603979776,0.00012158229947090149,True
7,16,2,8,1,1,131072,torch.bfloat16,0.08116160035133362,75497472,0.00012158229947090149,True
7,16,2,8,1,8,131072,torch.bfloat16,0.17790240049362183,603979776,0.00012158229947090149,True
7,16,2,8,1,32,131072,torch.bfloat16,0.48871679306030275,2415919104,0.00012158229947090149,True
7,16,2,8,1,1,524288,torch.bfloat16,0.13400160074234008,301989888,0.00012158229947090149,True
7,16,2,8,1,8,524288,torch.bfloat16,0.47924160957336426,2415919104,0.00012158229947090149,True
7,16,2,8,1,32,524288,torch.bfloat16,1.6891775131225586,9663676416,0.00012158229947090149,True
7,16,2,8,1,1,1048576,torch.bfloat16,0.19304319620132446,603979776,0.00012158229947090149,True
7,16,2,8,1,8,1048576,torch.bfloat16,0.8513263702392578,4831838208,0.00012158229947090149,True
7,16,2,8,1,32,1048576,torch.bfloat16,3.3477199554443358,19327352832,0.00012158229947090149,True
7,16,2,8,1,1,1024,torch.float8_e4m3fn,0.049665600061416626,294912,0.0006689522415399551,True
7,16,2,8,1,8,1024,torch.float8_e4m3fn,0.055105602741241454,2359296,0.0006689522415399551,True
7,16,2,8,1,32,1024,torch.float8_e4m3fn,0.05769439935684204,9437184,0.0006689522415399551,True
7,16,2,8,1,1,8192,torch.float8_e4m3fn,0.05340800285339355,2359296,0.0006689522415399551,True
7,16,2,8,1,8,8192,torch.float8_e4m3fn,0.061103999614715576,18874368,0.0006689522415399551,True
7,16,2,8,1,32,8192,torch.float8_e4m3fn,0.06907839775085449,75497472,0.0006689522415399551,True
7,16,2,8,1,1,32768,torch.float8_e4m3fn,0.05710399746894836,9437184,0.0006689522415399551,True
7,16,2,8,1,8,32768,torch.float8_e4m3fn,0.06985920071601867,75497472,0.0006689522415399551,True
7,16,2,8,1,32,32768,torch.float8_e4m3fn,0.11686240434646607,301989888,0.0006689522415399551,True
7,16,2,8,1,1,131072,torch.float8_e4m3fn,0.06762080192565918,37748736,0.0006689522415399551,True
7,16,2,8,1,8,131072,torch.float8_e4m3fn,0.11550719738006592,301989888,0.0006689522415399551,True
7,16,2,8,1,32,131072,torch.float8_e4m3fn,0.25066399574279785,1207959552,0.0006689522415399551,True
7,16,2,8,1,1,524288,torch.float8_e4m3fn,0.09896640181541443,150994944,0.0006689522415399551,True
7,16,2,8,1,8,524288,torch.float8_e4m3fn,0.23981599807739257,1207959552,0.0006689522415399551,True
7,16,2,8,1,32,524288,torch.float8_e4m3fn,0.7738768100738526,4831838208,0.0006689522415399551,True
7,16,2,8,1,1,1048576,torch.float8_e4m3fn,0.12575680017471313,301989888,0.0006689522415399551,True
7,16,2,8,1,8,1048576,torch.float8_e4m3fn,0.40705599784851076,2415919104,0.0006689522415399551,True
7,16,2,8,1,32,1048576,torch.float8_e4m3fn,1.4744447708129882,9663676416,0.0006689522415399551,True
7,16,4,4,1,1,1024,torch.bfloat16,0.06700000166893005,294912,6.992369890213013e-05,True
7,16,4,4,1,8,1024,torch.bfloat16,0.08037279844284058,2359296,6.992369890213013e-05,True
7,16,4,4,1,32,1024,torch.bfloat16,0.08786240220069885,9437184,6.992369890213013e-05,True
7,16,4,4,1,1,8192,torch.bfloat16,0.07345600128173828,2359296,6.992369890213013e-05,True
7,16,4,4,1,8,8192,torch.bfloat16,0.08676000237464905,18874368,6.992369890213013e-05,True
7,16,4,4,1,32,8192,torch.bfloat16,0.12172960042953491,75497472,6.992369890213013e-05,True
7,16,4,4,1,1,32768,torch.bfloat16,0.07485120296478272,9437184,6.992369890213013e-05,True
7,16,4,4,1,8,32768,torch.bfloat16,0.10678720474243164,75497472,6.992369890213013e-05,True
7,16,4,4,1,32,32768,torch.bfloat16,0.18289120197296144,301989888,6.992369890213013e-05,True
7,16,4,4,1,1,131072,torch.bfloat16,0.08863679766654968,37748736,6.992369890213013e-05,True
7,16,4,4,1,8,131072,torch.bfloat16,0.17383359670639037,301989888,6.992369890213013e-05,True
7,16,4,4,1,32,131072,torch.bfloat16,0.41347360610961914,1207959552,6.992369890213013e-05,True
7,16,4,4,1,1,524288,torch.bfloat16,0.13793280124664306,150994944,6.992369890213013e-05,True
7,16,4,4,1,8,524288,torch.bfloat16,0.3800335884094238,1207959552,6.992369890213013e-05,True
7,16,4,4,1,32,524288,torch.bfloat16,1.32193603515625,4831838208,6.992369890213013e-05,True
7,16,4,4,1,1,1048576,torch.bfloat16,0.18797600269317627,301989888,6.992369890213013e-05,True
7,16,4,4,1,8,1048576,torch.bfloat16,0.6582672119140625,2415919104,6.992369890213013e-05,True
7,16,4,4,1,32,1048576,torch.bfloat16,2.535103988647461,9663676416,6.992369890213013e-05,True
7,16,4,4,1,1,1024,torch.float8_e4m3fn,0.06570720076560974,147456,0.00042355991899967194,True
7,16,4,4,1,8,1024,torch.float8_e4m3fn,0.07786399722099305,1179648,0.00042355991899967194,True
7,16,4,4,1,32,1024,torch.float8_e4m3fn,0.08418560028076172,4718592,0.00042355991899967194,True
7,16,4,4,1,1,8192,torch.float8_e4m3fn,0.07169119715690613,1179648,0.00042355991899967194,True
7,16,4,4,1,8,8192,torch.float8_e4m3fn,0.08287199735641479,9437184,0.00042355991899967194,True
7,16,4,4,1,32,8192,torch.float8_e4m3fn,0.09583359956741333,37748736,0.00042355991899967194,True
7,16,4,4,1,1,32768,torch.float8_e4m3fn,0.07254400253295898,4718592,0.00042355991899967194,True
7,16,4,4,1,8,32768,torch.float8_e4m3fn,0.09108480215072631,37748736,0.00042355991899967194,True
7,16,4,4,1,32,32768,torch.float8_e4m3fn,0.13596320152282715,150994944,0.00042355991899967194,True
7,16,4,4,1,1,131072,torch.float8_e4m3fn,0.0821344017982483,18874368,0.00042355991899967194,True
7,16,4,4,1,8,131072,torch.float8_e4m3fn,0.13101279735565186,150994944,0.00042355991899967194,True
7,16,4,4,1,32,131072,torch.float8_e4m3fn,0.24319040775299072,603979776,0.00042355991899967194,True
7,16,4,4,1,1,524288,torch.float8_e4m3fn,0.10454720258712769,75497472,0.00042355991899967194,True
7,16,4,4,1,8,524288,torch.float8_e4m3fn,0.2266144037246704,603979776,0.00042355991899967194,True
7,16,4,4,1,32,524288,torch.float8_e4m3fn,0.6545504093170166,2415919104,0.00042355991899967194,True
7,16,4,4,1,1,1048576,torch.float8_e4m3fn,0.1283344030380249,150994944,0.00042355991899967194,True
7,16,4,4,1,8,1048576,torch.float8_e4m3fn,0.35185120105743406,1207959552,0.00042355991899967194,True
7,16,4,4,1,32,1048576,torch.float8_e4m3fn,1.2037952423095704,4831838208,0.00042355991899967194,True
7,16,8,2,1,1,1024,torch.bfloat16,0.09567360281944275,147456,3.813393414020538e-05,True
7,16,8,2,1,8,1024,torch.bfloat16,0.10144959688186646,1179648,3.813393414020538e-05,True
7,16,8,2,1,32,1024,torch.bfloat16,0.12685439586639405,4718592,3.813393414020538e-05,True
7,16,8,2,1,1,8192,torch.bfloat16,0.09890080094337464,1179648,3.813393414020538e-05,True
7,16,8,2,1,8,8192,torch.bfloat16,0.10830719470977783,9437184,3.813393414020538e-05,True
7,16,8,2,1,32,8192,torch.bfloat16,0.1467360019683838,37748736,3.813393414020538e-05,True
7,16,8,2,1,1,32768,torch.bfloat16,0.09946560263633727,4718592,3.813393414020538e-05,True
7,16,8,2,1,8,32768,torch.bfloat16,0.11802719831466675,37748736,3.813393414020538e-05,True
7,16,8,2,1,32,32768,torch.bfloat16,0.1833631992340088,150994944,3.813393414020538e-05,True
7,16,8,2,1,1,131072,torch.bfloat16,0.10810400247573852,18874368,3.813393414020538e-05,True
7,16,8,2,1,8,131072,torch.bfloat16,0.14989279508590697,150994944,3.813393414020538e-05,True
7,16,8,2,1,32,131072,torch.bfloat16,0.26403839588165284,603979776,3.813393414020538e-05,True
7,16,8,2,1,1,524288,torch.bfloat16,0.12724319696426392,75497472,3.813393414020538e-05,True
7,16,8,2,1,8,524288,torch.bfloat16,0.2303839921951294,603979776,3.813393414020538e-05,True
7,16,8,2,1,32,524288,torch.bfloat16,0.5726191997528076,2415919104,3.813393414020538e-05,True
7,16,8,2,1,1,1048576,torch.bfloat16,0.1521407961845398,150994944,3.813393414020538e-05,True
7,16,8,2,1,8,1048576,torch.bfloat16,0.3426111936569214,1207959552,3.813393414020538e-05,True
7,16,8,2,1,32,1048576,torch.bfloat16,0.9919391632080078,4831838208,3.813393414020538e-05,True
7,16,8,2,1,1,1024,torch.float8_e4m3fn,0.09430720210075379,73728,0.0003295572241768241,True
7,16,8,2,1,8,1024,torch.float8_e4m3fn,0.10206559896469117,589824,0.0003295572241768241,True
7,16,8,2,1,32,1024,torch.float8_e4m3fn,0.12224160432815552,2359296,0.0003295572241768241,True
7,16,8,2,1,1,8192,torch.float8_e4m3fn,0.0946016013622284,589824,0.0003295572241768241,True
7,16,8,2,1,8,8192,torch.float8_e4m3fn,0.10395519733428955,4718592,0.0003295572241768241,True
7,16,8,2,1,32,8192,torch.float8_e4m3fn,0.12859359979629517,18874368,0.0003295572241768241,True
7,16,8,2,1,1,32768,torch.float8_e4m3fn,0.09814559817314147,2359296,0.0003295572241768241,True
7,16,8,2,1,8,32768,torch.float8_e4m3fn,0.10935039520263672,18874368,0.0003295572241768241,True
7,16,8,2,1,32,32768,torch.float8_e4m3fn,0.15492960214614868,75497472,0.0003295572241768241,True
7,16,8,2,1,1,131072,torch.float8_e4m3fn,0.10393439531326294,9437184,0.0003295572241768241,True
7,16,8,2,1,8,131072,torch.float8_e4m3fn,0.11768480539321899,75497472,0.0003295572241768241,True
7,16,8,2,1,32,131072,torch.float8_e4m3fn,0.2071727991104126,301989888,0.0003295572241768241,True
7,16,8,2,1,1,524288,torch.float8_e4m3fn,0.11430560350418091,37748736,0.0003295572241768241,True
7,16,8,2,1,8,524288,torch.float8_e4m3fn,0.1713088035583496,301989888,0.0003295572241768241,True
7,16,8,2,1,32,524288,torch.float8_e4m3fn,0.3804160118103027,1207959552,0.0003295572241768241,True
7,16,8,2,1,1,1048576,torch.float8_e4m3fn,0.12764480113983154,75497472,0.0003295572241768241,True
7,16,8,2,1,8,1048576,torch.float8_e4m3fn,0.228003191947937,603979776,0.0003295572241768241,True
7,16,8,2,1,32,1048576,torch.float8_e4m3fn,0.6047999858856201,2415919104,0.0003295572241768241,True
7,16,16,1,1,1,8192,torch.bfloat16,0.14985599517822265,589824,2.8032809495925903e-05,True
7,16,16,1,1,8,8192,torch.bfloat16,0.16406559944152832,4718592,2.8032809495925903e-05,True
7,16,16,1,1,32,8192,torch.bfloat16,0.21716160774230958,18874368,2.8032809495925903e-05,True
7,16,16,1,1,1,32768,torch.bfloat16,0.1517791986465454,2359296,2.8032809495925903e-05,True
7,16,16,1,1,8,32768,torch.bfloat16,0.17818559408187867,18874368,2.8032809495925903e-05,True
7,16,16,1,1,32,32768,torch.bfloat16,0.2449552059173584,75497472,2.8032809495925903e-05,True
7,16,16,1,1,1,131072,torch.bfloat16,0.1603600025177002,9437184,2.8032809495925903e-05,True
7,16,16,1,1,8,131072,torch.bfloat16,0.20302879810333252,75497472,2.8032809495925903e-05,True
7,16,16,1,1,32,131072,torch.bfloat16,0.29218080043792727,301989888,2.8032809495925903e-05,True
7,16,16,1,1,1,524288,torch.bfloat16,0.1690351963043213,37748736,2.8032809495925903e-05,True
7,16,16,1,1,8,524288,torch.bfloat16,0.25451838970184326,301989888,2.8032809495925903e-05,True
7,16,16,1,1,32,524288,torch.bfloat16,0.46179838180541993,1207959552,2.8032809495925903e-05,True
7,16,16,1,1,1,1048576,torch.bfloat16,0.18165600299835205,75497472,2.8032809495925903e-05,True
7,16,16,1,1,8,1048576,torch.bfloat16,0.3101104021072388,603979776,2.8032809495925903e-05,True
7,16,16,1,1,32,1048576,torch.bfloat16,0.7009344100952148,2415919104,2.8032809495925903e-05,True
7,16,16,1,1,1,8192,torch.float8_e4m3fn,0.1442960023880005,294912,0.0002260992769151926,True
7,16,16,1,1,8,8192,torch.float8_e4m3fn,0.163481605052948,2359296,0.0002260992769151926,True
7,16,16,1,1,32,8192,torch.float8_e4m3fn,0.20177600383758545,9437184,0.0002260992769151926,True
7,16,16,1,1,1,32768,torch.float8_e4m3fn,0.14724160432815553,1179648,0.0002260992769151926,True
7,16,16,1,1,8,32768,torch.float8_e4m3fn,0.1728943943977356,9437184,0.0002260992769151926,True
7,16,16,1,1,32,32768,torch.float8_e4m3fn,0.2255712032318115,37748736,0.0002260992769151926,True
7,16,16,1,1,1,131072,torch.float8_e4m3fn,0.1514847993850708,4718592,0.0002260992769151926,True
7,16,16,1,1,8,131072,torch.float8_e4m3fn,0.1763808012008667,37748736,0.0002260992769151926,True
7,16,16,1,1,32,131072,torch.float8_e4m3fn,0.25706241130828855,150994944,0.0002260992769151926,True
7,16,16,1,1,1,524288,torch.float8_e4m3fn,0.16287360191345215,18874368,0.0002260992769151926,True
7,16,16,1,1,8,524288,torch.float8_e4m3fn,0.22625439167022704,150994944,0.0002260992769151926,True
7,16,16,1,1,32,524288,torch.float8_e4m3fn,0.35969440937042235,603979776,0.0002260992769151926,True
7,16,16,1,1,1,1048576,torch.float8_e4m3fn,0.1669551968574524,37748736,0.0002260992769151926,True
7,16,16,1,1,8,1048576,torch.float8_e4m3fn,0.25182878971099854,301989888,0.0002260992769151926,True
7,16,16,1,1,32,1048576,torch.float8_e4m3fn,0.49309282302856444,1207959552,0.0002260992769151926,True
7,8,1,8,2,1,1024,torch.bfloat16,0.014475199580192565,1179648,8.679181337356567e-05,True
7,8,1,8,2,8,1024,torch.bfloat16,0.01451359987258911,9437184,8.679181337356567e-05,True
7,8,1,8,2,32,1024,torch.bfloat16,0.016572800278663636,37748736,8.679181337356567e-05,True
7,8,1,8,2,1,8192,torch.bfloat16,0.014567999541759491,9437184,8.679181337356567e-05,True
7,8,1,8,2,8,8192,torch.bfloat16,0.018688000738620758,75497472,8.679181337356567e-05,True
7,8,1,8,2,32,8192,torch.bfloat16,0.06841920018196106,301989888,8.679181337356567e-05,True
7,8,1,8,2,1,32768,torch.bfloat16,0.02674719989299774,37748736,8.679181337356567e-05,True
7,8,1,8,2,8,32768,torch.bfloat16,0.06643999814987182,301989888,8.679181337356567e-05,True
7,8,1,8,2,32,32768,torch.bfloat16,0.22392640113830567,1207959552,8.679181337356567e-05,True
7,8,1,8,2,1,131072,torch.bfloat16,0.0523792028427124,150994944,8.679181337356567e-05,True
7,8,1,8,2,8,131072,torch.bfloat16,0.23095200061798096,1207959552,8.679181337356567e-05,True
7,8,1,8,2,32,131072,torch.bfloat16,0.8324367523193359,4831838208,8.679181337356567e-05,True
7,8,1,8,2,1,524288,torch.bfloat16,0.1381327986717224,603979776,8.679181337356567e-05,True
7,8,1,8,2,8,524288,torch.bfloat16,0.7926703929901123,4831838208,8.679181337356567e-05,True
7,8,1,8,2,32,524288,torch.bfloat16,3.280607986450195,19327352832,8.679181337356567e-05,True
7,8,1,8,2,1,1048576,torch.bfloat16,0.2532464027404785,1207959552,8.679181337356567e-05,True
7,8,1,8,2,8,1048576,torch.bfloat16,1.5725024223327637,9663676416,8.679181337356567e-05,True
7,8,1,8,2,32,1048576,torch.bfloat16,6.463510131835937,38654705664,8.679181337356567e-05,True
7,8,1,8,2,1,1024,torch.float8_e4m3fn,0.01247360035777092,589824,0.0009060446172952652,True
7,8,1,8,2,8,1024,torch.float8_e4m3fn,0.012515200674533844,4718592,0.0009060446172952652,True
7,8,1,8,2,32,1024,torch.float8_e4m3fn,0.014449599385261535,18874368,0.0009060446172952652,True
7,8,1,8,2,1,8192,torch.float8_e4m3fn,0.014478400349617004,4718592,0.0009060446172952652,True
7,8,1,8,2,8,8192,torch.float8_e4m3fn,0.016553600132465363,37748736,0.0009060446172952652,True
7,8,1,8,2,32,8192,torch.float8_e4m3fn,0.037064000964164734,150994944,0.0009060446172952652,True
7,8,1,8,2,1,32768,torch.float8_e4m3fn,0.022606399655342103,18874368,0.0009060446172952652,True
7,8,1,8,2,8,32768,torch.float8_e4m3fn,0.03746399879455566,150994944,0.0009060446172952652,True
7,8,1,8,2,32,32768,torch.float8_e4m3fn,0.10278719663619995,603979776,0.0009060446172952652,True
7,8,1,8,2,1,131072,torch.float8_e4m3fn,0.030932798981666565,75497472,0.0009060446172952652,True
7,8,1,8,2,8,131072,torch.float8_e4m3fn,0.10114079713821411,603979776,0.0009060446172952652,True
7,8,1,8,2,32,131072,torch.float8_e4m3fn,0.36388959884643557,2415919104,0.0009060446172952652,True
7,8,1,8,2,1,524288,torch.float8_e4m3fn,0.07398239970207214,301989888,0.0009060446172952652,True
7,8,1,8,2,8,524288,torch.float8_e4m3fn,0.3491199970245361,2415919104,0.0009060446172952652,True
7,8,1,8,2,32,524288,torch.float8_e4m3fn,1.4139504432678223,9663676416,0.0009060446172952652,True
7,8,1,8,2,1,1048576,torch.float8_e4m3fn,0.12563199996948243,603979776,0.0009060446172952652,True
7,8,1,8,2,8,1048576,torch.float8_e4m3fn,0.6813039779663086,4831838208,0.0009060446172952652,True
7,8,1,8,2,32,1048576,torch.float8_e4m3fn,2.8226112365722655,19327352832,0.0009060446172952652,True
7,8,2,4,2,1,1024,torch.bfloat16,0.05623520016670227,589824,0.00011358782649040222,True
7,8,2,4,2,8,1024,torch.bfloat16,0.06608160138130188,4718592,0.00011358782649040222,True
7,8,2,4,2,32,1024,torch.bfloat16,0.0763808012008667,18874368,0.00011358782649040222,True
7,8,2,4,2,1,8192,torch.bfloat16,0.060766398906707764,4718592,0.00011358782649040222,True
7,8,2,4,2,8,8192,torch.bfloat16,0.07441120147705078,37748736,0.00011358782649040222,True
7,8,2,4,2,32,8192,torch.bfloat16,0.13169280290603638,150994944,0.00011358782649040222,True
7,8,2,4,2,1,32768,torch.bfloat16,0.06770240068435669,18874368,0.00011358782649040222,True
7,8,2,4,2,8,32768,torch.bfloat16,0.12308160066604615,150994944,0.00011358782649040222,True
7,8,2,4,2,32,32768,torch.bfloat16,0.2458319902420044,603979776,0.00011358782649040222,True
7,8,2,4,2,1,131072,torch.bfloat16,0.09643200039863586,75497472,0.00011358782649040222,True
7,8,2,4,2,8,131072,torch.bfloat16,0.22595200538635254,603979776,0.00011358782649040222,True
7,8,2,4,2,32,131072,torch.bfloat16,0.703868818283081,2415919104,0.00011358782649040222,True
7,8,2,4,2,1,524288,torch.bfloat16,0.1730191946029663,301989888,0.00011358782649040222,True
7,8,2,4,2,8,524288,torch.bfloat16,0.6418064117431641,2415919104,0.00011358782649040222,True
7,8,2,4,2,32,524288,torch.bfloat16,2.519367980957031,9663676416,0.00011358782649040222,True
7,8,2,4,2,1,1048576,torch.bfloat16,0.2717616081237793,603979776,0.00011358782649040222,True
7,8,2,4,2,8,1048576,torch.bfloat16,1.1986191749572754,4831838208,0.00011358782649040222,True
7,8,2,4,2,32,1048576,torch.bfloat16,4.932017517089844,19327352832,0.00011358782649040222,True
7,8,2,4,2,1,1024,torch.float8_e4m3fn,0.0553600013256073,294912,0.0006689531728625298,True
7,8,2,4,2,8,1024,torch.float8_e4m3fn,0.06537759900093079,2359296,0.0006689531728625298,True
7,8,2,4,2,32,1024,torch.float8_e4m3fn,0.07308639883995056,9437184,0.0006689531728625298,True
7,8,2,4,2,1,8192,torch.float8_e4m3fn,0.05704479813575745,2359296,0.0006689531728625298,True
7,8,2,4,2,8,8192,torch.float8_e4m3fn,0.07187520265579224,18874368,0.0006689531728625298,True
7,8,2,4,2,32,8192,torch.float8_e4m3fn,0.09642720222473145,75497472,0.0006689531728625298,True
7,8,2,4,2,1,32768,torch.float8_e4m3fn,0.06365600228309631,9437184,0.0006689531728625298,True
7,8,2,4,2,8,32768,torch.float8_e4m3fn,0.08659999966621398,75497472,0.0006689531728625298,True
7,8,2,4,2,32,32768,torch.float8_e4m3fn,0.15862560272216797,301989888,0.0006689531728625298,True
7,8,2,4,2,1,131072,torch.float8_e4m3fn,0.07178559899330139,37748736,0.0006689531728625298,True
7,8,2,4,2,8,131072,torch.float8_e4m3fn,0.14832639694213867,301989888,0.0006689531728625298,True
7,8,2,4,2,32,131072,torch.float8_e4m3fn,0.3664815902709961,1207959552,0.0006689531728625298,True
7,8,2,4,2,1,524288,torch.float8_e4m3fn,0.11588640213012695,150994944,0.0006689531728625298,True
7,8,2,4,2,8,524288,torch.float8_e4m3fn,0.33802878856658936,1207959552,0.0006689531728625298,True
7,8,2,4,2,32,524288,torch.float8_e4m3fn,1.1870960235595702,4831838208,0.0006689531728625298,True
7,8,2,4,2,1,1048576,torch.float8_e4m3fn,0.16172000169754028,301989888,0.0006689531728625298,True
7,8,2,4,2,8,1048576,torch.float8_e4m3fn,0.5872288227081299,2415919104,0.0006689531728625298,True
7,8,2,4,2,32,1048576,torch.float8_e4m3fn,2.3032751083374023,9663676416,0.0006689531728625298,True
7,8,4,2,2,1,1024,torch.bfloat16,0.0669264018535614,294912,8.318759500980377e-05,True
7,8,4,2,2,8,1024,torch.bfloat16,0.07528480291366577,2359296,8.318759500980377e-05,True
7,8,4,2,2,32,1024,torch.bfloat16,0.09654560089111328,9437184,8.318759500980377e-05,True
7,8,4,2,2,1,8192,torch.bfloat16,0.07213919758796691,2359296,8.318759500980377e-05,True
7,8,4,2,2,8,8192,torch.bfloat16,0.08394560217857361,18874368,8.318759500980377e-05,True
7,8,4,2,2,32,8192,torch.bfloat16,0.11437280178070068,75497472,8.318759500980377e-05,True
7,8,4,2,2,1,32768,torch.bfloat16,0.07935519814491272,9437184,8.318759500980377e-05,True
7,8,4,2,2,8,32768,torch.bfloat16,0.09400799870491028,75497472,8.318759500980377e-05,True
7,8,4,2,2,32,32768,torch.bfloat16,0.1691200017929077,301989888,8.318759500980377e-05,True
7,8,4,2,2,1,131072,torch.bfloat16,0.09110879898071289,37748736,8.318759500980377e-05,True
7,8,4,2,2,8,131072,torch.bfloat16,0.14888960123062134,301989888,8.318759500980377e-05,True
7,8,4,2,2,32,131072,torch.bfloat16,0.3251391887664795,1207959552,8.318759500980377e-05,True
7,8,4,2,2,1,524288,torch.bfloat16,0.12566720247268676,150994944,8.318759500980377e-05,True
7,8,4,2,2,8,524288,torch.bfloat16,0.3177824020385742,1207959552,8.318759500980377e-05,True
7,8,4,2,2,32,524288,torch.bfloat16,0.9522368431091308,4831838208,8.318759500980377e-05,True
7,8,4,2,2,1,1048576,torch.bfloat16,0.16515519618988037,301989888,8.318759500980377e-05,True
7,8,4,2,2,8,1048576,torch.bfloat16,0.5156864166259766,2415919104,8.318759500980377e-05,True
7,8,4,2,2,32,1048576,torch.bfloat16,1.809881591796875,9663676416,8.318759500980377e-05,True
7,8,4,2,2,1,1024,torch.float8_e4m3fn,0.0743183970451355,147456,0.0004928940907120705,True
7,8,4,2,2,8,1024,torch.float8_e4m3fn,0.07985280156135559,1179648,0.0004928940907120705,True
7,8,4,2,2,32,1024,torch.float8_e4m3fn,0.09096639752388,4718592,0.0004928940907120705,True
7,8,4,2,2,1,8192,torch.float8_e4m3fn,0.07161279916763305,1179648,0.0004928940907120705,True
7,8,4,2,2,8,8192,torch.float8_e4m3fn,0.07895680069923401,9437184,0.0004928940907120705,True
7,8,4,2,2,32,8192,torch.float8_e4m3fn,0.09920480251312255,37748736,0.0004928940907120705,True
7,8,4,2,2,1,32768,torch.float8_e4m3fn,0.07388319969177246,4718592,0.0004928940907120705,True
7,8,4,2,2,8,32768,torch.float8_e4m3fn,0.08888959884643555,37748736,0.0004928940907120705,True
7,8,4,2,2,32,32768,torch.float8_e4m3fn,0.13530559539794923,150994944,0.0004928940907120705,True
7,8,4,2,2,1,131072,torch.float8_e4m3fn,0.0818992018699646,18874368,0.0004928940907120705,True
7,8,4,2,2,8,131072,torch.float8_e4m3fn,0.12039840221405029,150994944,0.0004928940907120705,True
7,8,4,2,2,32,131072,torch.float8_e4m3fn,0.22571198940277098,603979776,0.0004928940907120705,True
7,8,4,2,2,1,524288,torch.float8_e4m3fn,0.10390080213546753,75497472,0.0004928940907120705,True
7,8,4,2,2,8,524288,torch.float8_e4m3fn,0.20143039226531984,603979776,0.0004928940907120705,True
7,8,4,2,2,32,524288,torch.float8_e4m3fn,0.5598576068878174,2415919104,0.0004928940907120705,True
7,8,4,2,2,1,1048576,torch.float8_e4m3fn,0.13131840229034425,150994944,0.0004928940907120705,True
7,8,4,2,2,8,1048576,torch.float8_e4m3fn,0.3010031938552856,1207959552,0.0004928940907120705,True
7,8,4,2,2,32,1048576,torch.float8_e4m3fn,1.0097503662109375,4831838208,0.0004928940907120705,True
7,8,8,1,2,1,1024,torch.bfloat16,0.10047520399093628,147456,4.6236440539360046e-05,True
7,8,8,1,2,8,1024,torch.bfloat16,0.11474560499191284,1179648,4.6236440539360046e-05,True
7,8,8,1,2,32,1024,torch.bfloat16,0.1658959984779358,4718592,4.6236440539360046e-05,True
7,8,8,1,2,1,8192,torch.bfloat16,0.10400639772415161,1179648,4.6236440539360046e-05,True
7,8,8,1,2,8,8192,torch.bfloat16,0.12466399669647217,9437184,4.6236440539360046e-05,True
7,8,8,1,2,32,8192,torch.bfloat16,0.19541599750518798,37748736,4.6236440539360046e-05,True
7,8,8,1,2,1,32768,torch.bfloat16,0.10806080102920532,4718592,4.6236440539360046e-05,True
7,8,8,1,2,8,32768,torch.bfloat16,0.12459679841995239,37748736,4.6236440539360046e-05,True
7,8,8,1,2,32,32768,torch.bfloat16,0.225219202041626,150994944,4.6236440539360046e-05,True
7,8,8,1,2,1,131072,torch.bfloat16,0.12495520114898681,18874368,4.6236440539360046e-05,True
7,8,8,1,2,8,131072,torch.bfloat16,0.1598863959312439,150994944,4.6236440539360046e-05,True
7,8,8,1,2,32,131072,torch.bfloat16,0.3118783950805664,603979776,4.6236440539360046e-05,True
7,8,8,1,2,1,524288,torch.bfloat16,0.12560479640960692,75497472,4.6236440539360046e-05,True
7,8,8,1,2,8,524288,torch.bfloat16,0.24522559642791747,603979776,4.6236440539360046e-05,True
7,8,8,1,2,32,524288,torch.bfloat16,0.6512447834014893,2415919104,4.6236440539360046e-05,True
7,8,8,1,2,1,1048576,torch.bfloat16,0.1574496030807495,150994944,4.6236440539360046e-05,True
7,8,8,1,2,8,1048576,torch.bfloat16,0.34772799015045164,1207959552,4.6236440539360046e-05,True
7,8,8,1,2,32,1048576,torch.bfloat16,1.1423631668090821,4831838208,4.6236440539360046e-05,True
7,8,8,1,2,1,1024,torch.float8_e4m3fn,0.11907039880752564,73728,0.00035702658351510763,True
7,8,8,1,2,8,1024,torch.float8_e4m3fn,0.1135759949684143,589824,0.00035702658351510763,True
7,8,8,1,2,32,1024,torch.float8_e4m3fn,0.16287519931793212,2359296,0.00035702658351510763,True
7,8,8,1,2,1,8192,torch.float8_e4m3fn,0.10255199670791626,589824,0.00035702658351510763,True
7,8,8,1,2,8,8192,torch.float8_e4m3fn,0.1187391996383667,4718592,0.00035702658351510763,True
7,8,8,1,2,32,8192,torch.float8_e4m3fn,0.17315839529037474,18874368,0.00035702658351510763,True
7,8,8,1,2,1,32768,torch.float8_e4m3fn,0.10505280494689942,2359296,0.00035702658351510763,True
7,8,8,1,2,8,32768,torch.float8_e4m3fn,0.12331039905548095,18874368,0.00035702658351510763,True
7,8,8,1,2,32,32768,torch.float8_e4m3fn,0.201476788520813,75497472,0.00035702658351510763,True
7,8,8,1,2,1,131072,torch.float8_e4m3fn,0.11617920398712159,9437184,0.00035702658351510763,True
7,8,8,1,2,8,131072,torch.float8_e4m3fn,0.13816479444503785,75497472,0.00035702658351510763,True
7,8,8,1,2,32,131072,torch.float8_e4m3fn,0.2515120029449463,301989888,0.00035702658351510763,True
7,8,8,1,2,1,524288,torch.float8_e4m3fn,0.12236000299453735,37748736,0.00035702658351510763,True
7,8,8,1,2,8,524288,torch.float8_e4m3fn,0.18907999992370605,301989888,0.00035702658351510763,True
7,8,8,1,2,32,524288,torch.float8_e4m3fn,0.4459680080413818,1207959552,0.00035702658351510763,True
7,8,8,1,2,1,1048576,torch.float8_e4m3fn,0.13056960105895996,75497472,0.00035702658351510763,True
7,8,8,1,2,8,1048576,torch.float8_e4m3fn,0.2594703912734985,603979776,0.00035702658351510763,True
7,8,8,1,2,32,1048576,torch.float8_e4m3fn,0.7068831920623779,2415919104,0.00035702658351510763,True
7,4,1,4,4,1,1024,torch.bfloat16,0.016607999801635742,1179648,8.679181337356567e-05,True
7,4,1,4,4,8,1024,torch.bfloat16,0.024689599871635437,9437184,8.679181337356567e-05,True
7,4,1,4,4,32,1024,torch.bfloat16,0.03091199994087219,37748736,8.679181337356567e-05,True
7,4,1,4,4,1,8192,torch.bfloat16,0.018667200207710268,9437184,8.679181337356567e-05,True
7,4,1,4,4,8,8192,torch.bfloat16,0.03825919926166534,75497472,8.679181337356567e-05,True
7,4,1,4,4,32,8192,torch.bfloat16,0.10411039590835572,301989888,8.679181337356567e-05,True
7,4,1,4,4,1,32768,torch.bfloat16,0.030939200520515443,37748736,8.679181337356567e-05,True
7,4,1,4,4,8,32768,torch.bfloat16,0.10079679489135743,301989888,8.679181337356567e-05,True
7,4,1,4,4,32,32768,torch.bfloat16,0.33169920444488527,1207959552,8.679181337356567e-05,True
7,4,1,4,4,1,131072,torch.bfloat16,0.07187680006027222,150994944,8.679181337356567e-05,True
7,4,1,4,4,8,131072,torch.bfloat16,0.3054944038391113,1207959552,8.679181337356567e-05,True
7,4,1,4,4,32,131072,torch.bfloat16,1.2383520126342773,4831838208,8.679181337356567e-05,True
7,4,1,4,4,1,524288,torch.bfloat16,0.21745600700378417,603979776,8.679181337356567e-05,True
7,4,1,4,4,8,524288,torch.bfloat16,1.1390432357788085,4831838208,8.679181337356567e-05,True
7,4,1,4,4,32,524288,torch.bfloat16,4.85560302734375,19327352832,8.679181337356567e-05,True
7,4,1,4,4,1,1048576,torch.bfloat16,0.41269922256469727,1207959552,8.679181337356567e-05,True
7,4,1,4,4,8,1048576,torch.bfloat16,2.253273582458496,9663676416,8.679181337356567e-05,True
7,4,1,4,4,32,1048576,torch.bfloat16,9.669673919677734,38654705664,8.679181337356567e-05,True
7,4,1,4,4,1,1024,torch.float8_e4m3fn,0.015547199547290802,589824,0.0009143202332779765,True
7,4,1,4,4,8,1024,torch.float8_e4m3fn,0.020769600570201874,4718592,0.0009143202332779765,True
7,4,1,4,4,32,1024,torch.float8_e4m3fn,0.02428479939699173,18874368,0.0009143202332779765,True
7,4,1,4,4,1,8192,torch.float8_e4m3fn,0.016577599942684172,4718592,0.0009143202332779765,True
7,4,1,4,4,8,8192,torch.float8_e4m3fn,0.026833599805831908,37748736,0.0009143202332779765,True
7,4,1,4,4,32,8192,torch.float8_e4m3fn,0.060139197111129764,150994944,0.0009143202332779765,True
7,4,1,4,4,1,32768,torch.float8_e4m3fn,0.024801599979400634,18874368,0.0009143202332779765,True
7,4,1,4,4,8,32768,torch.float8_e4m3fn,0.059059202671051025,150994944,0.0009143202332779765,True
7,4,1,4,4,32,32768,torch.float8_e4m3fn,0.1635967969894409,603979776,0.0009143202332779765,True
7,4,1,4,4,1,131072,torch.float8_e4m3fn,0.04340640008449555,75497472,0.0009143202332779765,True
7,4,1,4,4,8,131072,torch.float8_e4m3fn,0.15176479816436766,603979776,0.0009143202332779765,True
7,4,1,4,4,32,131072,torch.float8_e4m3fn,0.570198392868042,2415919104,0.0009143202332779765,True
7,4,1,4,4,1,524288,torch.float8_e4m3fn,0.10901119709014892,301989888,0.0009143202332779765,True
7,4,1,4,4,8,524288,torch.float8_e4m3fn,0.5276271820068359,2415919104,0.0009143202332779765,True
7,4,1,4,4,32,524288,torch.float8_e4m3fn,2.2255168914794923,9663676416,0.0009143202332779765,True
7,4,1,4,4,1,1048576,torch.float8_e4m3fn,0.1970288038253784,603979776,0.0009143202332779765,True
7,4,1,4,4,8,1048576,torch.float8_e4m3fn,1.0285280227661133,4831838208,0.0009143202332779765,True
7,4,1,4,4,32,1048576,torch.float8_e4m3fn,4.430390548706055,19327352832,0.0009143202332779765,True
7,4,2,2,4,1,1024,torch.bfloat16,0.05356320142745972,589824,0.00012318044900894165,True
7,4,2,2,4,8,1024,torch.bfloat16,0.06281440258026123,4718592,0.00012318044900894165,True
7,4,2,2,4,32,1024,torch.bfloat16,0.08448320031166076,18874368,0.00012318044900894165,True
7,4,2,2,4,1,8192,torch.bfloat16,0.058606398105621335,4718592,0.00012318044900894165,True
7,4,2,2,4,8,8192,torch.bfloat16,0.07672640085220336,37748736,0.00012318044900894165,True
7,4,2,2,4,32,8192,torch.bfloat16,0.12584480047225952,150994944,0.00012318044900894165,True
7,4,2,2,4,1,32768,torch.bfloat16,0.06812639832496643,18874368,0.00012318044900894165,True
7,4,2,2,4,8,32768,torch.bfloat16,0.10854079723358154,150994944,0.00012318044900894165,True
7,4,2,2,4,32,32768,torch.bfloat16,0.2096911907196045,603979776,0.00012318044900894165,True
7,4,2,2,4,1,131072,torch.bfloat16,0.08546720147132873,75497472,0.00012318044900894165,True
7,4,2,2,4,8,131072,torch.bfloat16,0.1867295980453491,603979776,0.00012318044900894165,True
7,4,2,2,4,32,131072,torch.bfloat16,0.51768479347229,2415919104,0.00012318044900894165,True
7,4,2,2,4,1,524288,torch.bfloat16,0.14317439794540404,301989888,0.00012318044900894165,True
7,4,2,2,4,8,524288,torch.bfloat16,0.5003888130187988,2415919104,0.00012318044900894165,True
7,4,2,2,4,32,524288,torch.bfloat16,1.7925792694091798,9663676416,0.00012318044900894165,True
7,4,2,2,4,1,1048576,torch.bfloat16,0.212227201461792,603979776,0.00012318044900894165,True
7,4,2,2,4,8,1048576,torch.bfloat16,0.886350440979004,4831838208,0.00012318044900894165,True
7,4,2,2,4,32,1048576,torch.bfloat16,3.6584896087646483,19327352832,0.00012318044900894165,True
7,4,2,2,4,1,1024,torch.float8_e4m3fn,0.05241760015487671,294912,0.0006689522415399551,True
7,4,2,2,4,8,1024,torch.float8_e4m3fn,0.05961920022964477,2359296,0.0006689522415399551,True
7,4,2,2,4,32,1024,torch.float8_e4m3fn,0.07808160185813903,9437184,0.0006689522415399551,True
7,4,2,2,4,1,8192,torch.float8_e4m3fn,0.057662397623062134,2359296,0.0006689522415399551,True
7,4,2,2,4,8,8192,torch.float8_e4m3fn,0.06779519915580749,18874368,0.0006689522415399551,True
7,4,2,2,4,32,8192,torch.float8_e4m3fn,0.09397280216217041,75497472,0.0006689522415399551,True
7,4,2,2,4,1,32768,torch.float8_e4m3fn,0.061692798137664796,9437184,0.0006689522415399551,True
7,4,2,2,4,8,32768,torch.float8_e4m3fn,0.07772799730300903,75497472,0.0006689522415399551,True
7,4,2,2,4,32,32768,torch.float8_e4m3fn,0.14890880584716798,301989888,0.0006689522415399551,True
7,4,2,2,4,1,131072,torch.float8_e4m3fn,0.0736464023590088,37748736,0.0006689522415399551,True
7,4,2,2,4,8,131072,torch.float8_e4m3fn,0.12966879606246948,301989888,0.0006689522415399551,True
7,4,2,2,4,32,131072,torch.float8_e4m3fn,0.31838560104370117,1207959552,0.0006689522415399551,True
7,4,2,2,4,1,524288,torch.float8_e4m3fn,0.11515840291976928,150994944,0.0006689522415399551,True
7,4,2,2,4,8,524288,torch.float8_e4m3fn,0.2841536045074463,1207959552,0.0006689522415399551,True
7,4,2,2,4,32,524288,torch.float8_e4m3fn,0.989958381652832,4831838208,0.0006689522415399551,True
7,4,2,2,4,1,1048576,torch.float8_e4m3fn,0.15309120416641236,301989888,0.0006689522415399551,True
7,4,2,2,4,8,1048576,torch.float8_e4m3fn,0.48722238540649415,2415919104,0.0006689522415399551,True
7,4,2,2,4,32,1048576,torch.float8_e4m3fn,1.9748592376708984,9663676416,0.0006689522415399551,True
7,4,4,1,4,1,1024,torch.bfloat16,0.07468479871749878,294912,7.315538823604584e-05,True
7,4,4,1,4,8,1024,torch.bfloat16,0.09105280041694641,2359296,7.315538823604584e-05,True
7,4,4,1,4,32,1024,torch.bfloat16,0.13106080293655395,9437184,7.315538823604584e-05,True
7,4,4,1,4,1,8192,torch.bfloat16,0.07824959754943847,2359296,7.315538823604584e-05,True
7,4,4,1,4,8,8192,torch.bfloat16,0.10576800107955933,18874368,7.315538823604584e-05,True
7,4,4,1,4,32,8192,torch.bfloat16,0.16542240381240844,75497472,7.315538823604584e-05,True
7,4,4,1,4,1,32768,torch.bfloat16,0.08484479784965515,9437184,7.315538823604584e-05,True
7,4,4,1,4,8,32768,torch.bfloat16,0.1149135947227478,75497472,7.315538823604584e-05,True
7,4,4,1,4,32,32768,torch.bfloat16,0.21400001049041747,301989888,7.315538823604584e-05,True
7,4,4,1,4,1,131072,torch.bfloat16,0.09479039907455444,37748736,7.315538823604584e-05,True
7,4,4,1,4,8,131072,torch.bfloat16,0.1611807942390442,301989888,7.315538823604584e-05,True
7,4,4,1,4,32,131072,torch.bfloat16,0.380948805809021,1207959552,7.315538823604584e-05,True
7,4,4,1,4,1,524288,torch.bfloat16,0.1258687973022461,150994944,7.315538823604584e-05,True
7,4,4,1,4,8,524288,torch.bfloat16,0.32153279781341554,1207959552,7.315538823604584e-05,True
7,4,4,1,4,32,524288,torch.bfloat16,1.0893600463867188,4831838208,7.315538823604584e-05,True
7,4,4,1,4,1,1048576,torch.bfloat16,0.1968400001525879,301989888,7.315538823604584e-05,True
7,4,4,1,4,8,1048576,torch.bfloat16,0.5337999820709228,2415919104,7.315538823604584e-05,True
7,4,4,1,4,32,1048576,torch.bfloat16,2.1478063583374025,9663676416,7.315538823604584e-05,True
7,4,4,1,4,1,1024,torch.float8_e4m3fn,0.08902400135993957,147456,0.000454470282420516,True
7,4,4,1,4,8,1024,torch.float8_e4m3fn,0.08661919832229614,1179648,0.000454470282420516,True
7,4,4,1,4,32,1024,torch.float8_e4m3fn,0.1232367992401123,4718592,0.000454470282420516,True
7,4,4,1,4,1,8192,torch.float8_e4m3fn,0.076665598154068,1179648,0.000454470282420516,True
7,4,4,1,4,8,8192,torch.float8_e4m3fn,0.09683359861373901,9437184,0.000454470282420516,True
7,4,4,1,4,32,8192,torch.float8_e4m3fn,0.14445600509643555,37748736,0.000454470282420516,True
7,4,4,1,4,1,32768,torch.float8_e4m3fn,0.08056480288505555,4718592,0.000454470282420516,True
7,4,4,1,4,8,32768,torch.float8_e4m3fn,0.10021920204162597,37748736,0.000454470282420516,True
7,4,4,1,4,32,32768,torch.float8_e4m3fn,0.17677439451217652,150994944,0.000454470282420516,True
7,4,4,1,4,1,131072,torch.float8_e4m3fn,0.09164959788322449,18874368,0.000454470282420516,True
7,4,4,1,4,8,131072,torch.float8_e4m3fn,0.1343008041381836,150994944,0.000454470282420516,True
7,4,4,1,4,32,131072,torch.float8_e4m3fn,0.2730256080627441,603979776,0.000454470282420516,True
7,4,4,1,4,1,524288,torch.float8_e4m3fn,0.10436160564422607,75497472,0.000454470282420516,True
7,4,4,1,4,8,524288,torch.float8_e4m3fn,0.23076798915863037,603979776,0.000454470282420516,True
7,4,4,1,4,32,524288,torch.float8_e4m3fn,0.6617919921875,2415919104,0.000454470282420516,True
7,4,4,1,4,1,1048576,torch.float8_e4m3fn,0.12532320022583007,150994944,0.000454470282420516,True
7,4,4,1,4,8,1048576,torch.float8_e4m3fn,0.3515984058380127,1207959552,0.000454470282420516,True
7,4,4,1,4,32,1048576,torch.float8_e4m3fn,1.2371711730957031,4831838208,0.000454470282420516,True
8,16,1,16,1,1,1024,torch.bfloat16,0.01435679942369461,1179648,7.863715291023254e-05,True
8,16,1,16,1,8,1024,torch.bfloat16,0.013689599931240082,9437184,7.863715291023254e-05,True
8,16,1,16,1,32,1024,torch.bfloat16,0.016470399498939515,37748736,7.863715291023254e-05,True
8,16,1,16,1,1,8192,torch.bfloat16,0.014526399970054626,9437184,7.863715291023254e-05,True
8,16,1,16,1,8,8192,torch.bfloat16,0.018849599361419677,75497472,7.863715291023254e-05,True
8,16,1,16,1,32,8192,torch.bfloat16,0.06778560280799865,301989888,7.863715291023254e-05,True
8,16,1,16,1,1,32768,torch.bfloat16,0.026743999123573302,37748736,7.863715291023254e-05,True
8,16,1,16,1,8,32768,torch.bfloat16,0.06743360161781312,301989888,7.863715291023254e-05,True
8,16,1,16,1,32,32768,torch.bfloat16,0.22168478965759278,1207959552,7.863715291023254e-05,True
8,16,1,16,1,1,131072,torch.bfloat16,0.05382239818572998,150994944,7.863715291023254e-05,True
8,16,1,16,1,8,131072,torch.bfloat16,0.21620800495147705,1207959552,7.863715291023254e-05,True
8,16,1,16,1,32,131072,torch.bfloat16,0.8222767829895019,4831838208,7.863715291023254e-05,True
8,16,1,16,1,1,524288,torch.bfloat16,0.14018080234527588,603979776,7.863715291023254e-05,True
8,16,1,16,1,8,524288,torch.bfloat16,0.7874688148498535,4831838208,7.863715291023254e-05,True
8,16,1,16,1,32,524288,torch.bfloat16,3.263385772705078,19327352832,7.863715291023254e-05,True
8,16,1,16,1,1,1048576,torch.bfloat16,0.2532128095626831,1207959552,7.863715291023254e-05,True
8,16,1,16,1,8,1048576,torch.bfloat16,1.5614463806152343,9663676416,7.863715291023254e-05,True
8,16,1,16,1,32,1048576,torch.bfloat16,6.402398681640625,38654705664,7.863715291023254e-05,True
8,16,1,16,1,1,1024,torch.float8_e4m3fn,0.01241919994354248,589824,0.0008809659630060196,True
8,16,1,16,1,8,1024,torch.float8_e4m3fn,0.012363199889659882,4718592,0.0008809659630060196,True
8,16,1,16,1,32,1024,torch.float8_e4m3fn,0.01446399986743927,18874368,0.0008809659630060196,True
8,16,1,16,1,1,8192,torch.float8_e4m3fn,0.014443199336528777,4718592,0.0008809659630060196,True
8,16,1,16,1,8,8192,torch.float8_e4m3fn,0.01653600037097931,37748736,0.0008809659630060196,True
8,16,1,16,1,32,8192,torch.float8_e4m3fn,0.035713601112365725,150994944,0.0008809659630060196,True
8,16,1,16,1,1,32768,torch.float8_e4m3fn,0.022620800137519836,18874368,0.0008809659630060196,True
8,16,1,16,1,8,32768,torch.float8_e4m3fn,0.037118399143218996,150994944,0.0008809659630060196,True
8,16,1,16,1,32,32768,torch.float8_e4m3fn,0.1025056004524231,603979776,0.0008809659630060196,True
8,16,1,16,1,1,131072,torch.float8_e4m3fn,0.03181920051574707,75497472,0.0008809659630060196,True
8,16,1,16,1,8,131072,torch.float8_e4m3fn,0.10058399438858032,603979776,0.0008809659630060196,True
8,16,1,16,1,32,131072,torch.float8_e4m3fn,0.36700479984283446,2415919104,0.0008809659630060196,True
8,16,1,16,1,1,524288,torch.float8_e4m3fn,0.07495520114898682,301989888,0.0008809659630060196,True
8,16,1,16,1,8,524288,torch.float8_e4m3fn,0.3494607925415039,2415919104,0.0008809659630060196,True
8,16,1,16,1,32,524288,torch.float8_e4m3fn,1.4100576400756837,9663676416,0.0008809659630060196,True
8,16,1,16,1,1,1048576,torch.float8_e4m3fn,0.1264623999595642,603979776,0.0008809659630060196,True
8,16,1,16,1,8,1048576,torch.float8_e4m3fn,0.6801087856292725,4831838208,0.0008809659630060196,True
8,16,1,16,1,32,1048576,torch.float8_e4m3fn,2.830806350708008,19327352832,0.0008809659630060196,True
8,16,2,8,1,1,1024,torch.bfloat16,0.05451840162277222,589824,9.161233901977539e-05,True
8,16,2,8,1,8,1024,torch.bfloat16,0.05895839929580689,4718592,9.161233901977539e-05,True
8,16,2,8,1,32,1024,torch.bfloat16,0.06304640173912049,18874368,9.161233901977539e-05,True
8,16,2,8,1,1,8192,torch.bfloat16,0.05695040225982666,4718592,9.161233901977539e-05,True
8,16,2,8,1,8,8192,torch.bfloat16,0.06625599861145019,37748736,9.161233901977539e-05,True
8,16,2,8,1,32,8192,torch.bfloat16,0.10944479703903198,150994944,9.161233901977539e-05,True
8,16,2,8,1,1,32768,torch.bfloat16,0.061187201738357545,18874368,9.161233901977539e-05,True
8,16,2,8,1,8,32768,torch.bfloat16,0.10272320508956909,150994944,9.161233901977539e-05,True
8,16,2,8,1,32,32768,torch.bfloat16,0.18374240398406982,603979776,9.161233901977539e-05,True
8,16,2,8,1,1,131072,torch.bfloat16,0.08475840091705322,75497472,9.161233901977539e-05,True
8,16,2,8,1,8,131072,torch.bfloat16,0.1797376036643982,603979776,9.161233901977539e-05,True
8,16,2,8,1,32,131072,torch.bfloat16,0.4895343780517578,2415919104,9.161233901977539e-05,True
8,16,2,8,1,1,524288,torch.bfloat16,0.13600159883499147,301989888,9.161233901977539e-05,True
8,16,2,8,1,8,524288,torch.bfloat16,0.479856014251709,2415919104,9.161233901977539e-05,True
8,16,2,8,1,32,524288,torch.bfloat16,1.691352081298828,9663676416,9.161233901977539e-05,True
8,16,2,8,1,1,1048576,torch.bfloat16,0.19507360458374023,603979776,9.161233901977539e-05,True
8,16,2,8,1,8,1048576,torch.bfloat16,0.8516736030578613,4831838208,9.161233901977539e-05,True
8,16,2,8,1,32,1048576,torch.bfloat16,3.349371337890625,19327352832,9.161233901977539e-05,True
8,16,2,8,1,1,1024,torch.float8_e4m3fn,0.05196639895439148,294912,0.000627727247774601,True
8,16,2,8,1,8,1024,torch.float8_e4m3fn,0.05602399706840515,2359296,0.000627727247774601,True
8,16,2,8,1,32,1024,torch.float8_e4m3fn,0.059703999757766725,9437184,0.000627727247774601,True
8,16,2,8,1,1,8192,torch.float8_e4m3fn,0.05436800122261047,2359296,0.000627727247774601,True
8,16,2,8,1,8,8192,torch.float8_e4m3fn,0.06263200044631959,18874368,0.000627727247774601,True
8,16,2,8,1,32,8192,torch.float8_e4m3fn,0.0716863989830017,75497472,0.000627727247774601,True
8,16,2,8,1,1,32768,torch.float8_e4m3fn,0.05793600082397461,9437184,0.000627727247774601,True
8,16,2,8,1,8,32768,torch.float8_e4m3fn,0.07087839841842651,75497472,0.000627727247774601,True
8,16,2,8,1,32,32768,torch.float8_e4m3fn,0.11885759830474854,301989888,0.000627727247774601,True
8,16,2,8,1,1,131072,torch.float8_e4m3fn,0.0703216016292572,37748736,0.000627727247774601,True
8,16,2,8,1,8,131072,torch.float8_e4m3fn,0.11772160530090332,301989888,0.000627727247774601,True
8,16,2,8,1,32,131072,torch.float8_e4m3fn,0.25226559638977053,1207959552,0.000627727247774601,True
8,16,2,8,1,1,524288,torch.float8_e4m3fn,0.10173599720001221,150994944,0.000627727247774601,True
8,16,2,8,1,8,524288,torch.float8_e4m3fn,0.24236319065093995,1207959552,0.000627727247774601,True
8,16,2,8,1,32,524288,torch.float8_e4m3fn,0.7759952068328857,4831838208,0.000627727247774601,True
8,16,2,8,1,1,1048576,torch.float8_e4m3fn,0.12842400074005128,301989888,0.000627727247774601,True
8,16,2,8,1,8,1048576,torch.float8_e4m3fn,0.40960159301757815,2415919104,0.000627727247774601,True
8,16,2,8,1,32,1048576,torch.float8_e4m3fn,1.4811840057373047,9663676416,0.000627727247774601,True
8,16,4,4,1,1,1024,torch.bfloat16,0.06870880126953124,294912,5.375593900680542e-05,True
8,16,4,4,1,8,1024,torch.bfloat16,0.08054720163345337,2359296,5.375593900680542e-05,True
8,16,4,4,1,32,1024,torch.bfloat16,0.08843039870262145,9437184,5.375593900680542e-05,True
8,16,4,4,1,1,8192,torch.bfloat16,0.07465599775314331,2359296,5.375593900680542e-05,True
8,16,4,4,1,8,8192,torch.bfloat16,0.08771359920501709,18874368,5.375593900680542e-05,True
8,16,4,4,1,32,8192,torch.bfloat16,0.12862880229949952,75497472,5.375593900680542e-05,True
8,16,4,4,1,1,32768,torch.bfloat16,0.07539680004119872,9437184,5.375593900680542e-05,True
8,16,4,4,1,8,32768,torch.bfloat16,0.1097823977470398,75497472,5.375593900680542e-05,True
8,16,4,4,1,32,32768,torch.bfloat16,0.1852288007736206,301989888,5.375593900680542e-05,True
8,16,4,4,1,1,131072,torch.bfloat16,0.08888159990310669,37748736,5.375593900680542e-05,True
8,16,4,4,1,8,131072,torch.bfloat16,0.17431199550628662,301989888,5.375593900680542e-05,True
8,16,4,4,1,32,131072,torch.bfloat16,0.4177855968475342,1207959552,5.375593900680542e-05,True
8,16,4,4,1,1,524288,torch.bfloat16,0.13778560161590575,150994944,5.375593900680542e-05,True
8,16,4,4,1,8,524288,torch.bfloat16,0.38026719093322753,1207959552,5.375593900680542e-05,True
8,16,4,4,1,32,524288,torch.bfloat16,1.331942367553711,4831838208,5.375593900680542e-05,True
8,16,4,4,1,1,1048576,torch.bfloat16,0.188809597492218,301989888,5.375593900680542e-05,True
8,16,4,4,1,8,1048576,torch.bfloat16,0.6586703777313232,2415919104,5.375593900680542e-05,True
8,16,4,4,1,32,1048576,torch.bfloat16,2.5584943771362303,9663676416,5.375593900680542e-05,True
8,16,4,4,1,1,1024,torch.float8_e4m3fn,0.06638240218162536,147456,0.00040800287388265133,True
8,16,4,4,1,8,1024,torch.float8_e4m3fn,0.0782751977443695,1179648,0.00040800287388265133,True
8,16,4,4,1,32,1024,torch.float8_e4m3fn,0.08439199924468994,4718592,0.00040800287388265133,True
8,16,4,4,1,1,8192,torch.float8_e4m3fn,0.07141600251197815,1179648,0.00040800287388265133,True
8,16,4,4,1,8,8192,torch.float8_e4m3fn,0.08328959941864014,9437184,0.00040800287388265133,True
8,16,4,4,1,32,8192,torch.float8_e4m3fn,0.09650560021400452,37748736,0.00040800287388265133,True
8,16,4,4,1,1,32768,torch.float8_e4m3fn,0.07296640276908875,4718592,0.00040800287388265133,True
8,16,4,4,1,8,32768,torch.float8_e4m3fn,0.09161760210990906,37748736,0.00040800287388265133,True
8,16,4,4,1,32,32768,torch.float8_e4m3fn,0.13633279800415038,150994944,0.00040800287388265133,True
8,16,4,4,1,1,131072,torch.float8_e4m3fn,0.08247200250625611,18874368,0.00040800287388265133,True
8,16,4,4,1,8,131072,torch.float8_e4m3fn,0.13116320371627807,150994944,0.00040800287388265133,True
8,16,4,4,1,32,131072,torch.float8_e4m3fn,0.24482240676879882,603979776,0.00040800287388265133,True
8,16,4,4,1,1,524288,torch.float8_e4m3fn,0.10482879877090454,75497472,0.00040800287388265133,True
8,16,4,4,1,8,524288,torch.float8_e4m3fn,0.22848000526428222,603979776,0.00040800287388265133,True
8,16,4,4,1,32,524288,torch.float8_e4m3fn,0.6624112129211426,2415919104,0.00040800287388265133,True
8,16,4,4,1,1,1048576,torch.float8_e4m3fn,0.12862399816513062,150994944,0.00040800287388265133,True
8,16,4,4,1,8,1048576,torch.float8_e4m3fn,0.3563823938369751,1207959552,0.00040800287388265133,True
8,16,4,4,1,32,1048576,torch.float8_e4m3fn,1.218496036529541,4831838208,0.00040800287388265133,True
8,16,8,2,1,1,1024,torch.bfloat16,0.09584479928016662,147456,3.891997039318085e-05,True
8,16,8,2,1,8,1024,torch.bfloat16,0.10210239887237549,1179648,3.891997039318085e-05,True
8,16,8,2,1,32,1024,torch.bfloat16,0.12804000377655028,4718592,3.891997039318085e-05,True
8,16,8,2,1,1,8192,torch.bfloat16,0.10032800436019898,1179648,3.891997039318085e-05,True
8,16,8,2,1,8,8192,torch.bfloat16,0.10961600542068481,9437184,3.891997039318085e-05,True
8,16,8,2,1,32,8192,torch.bfloat16,0.148198401927948,37748736,3.891997039318085e-05,True
8,16,8,2,1,1,32768,torch.bfloat16,0.10044480562210083,4718592,3.891997039318085e-05,True
8,16,8,2,1,8,32768,torch.bfloat16,0.11819679737091064,37748736,3.891997039318085e-05,True
8,16,8,2,1,32,32768,torch.bfloat16,0.18443520069122316,150994944,3.891997039318085e-05,True
8,16,8,2,1,1,131072,torch.bfloat16,0.10911359786987304,18874368,3.891997039318085e-05,True
8,16,8,2,1,8,131072,torch.bfloat16,0.15039680004119874,150994944,3.891997039318085e-05,True
8,16,8,2,1,32,131072,torch.bfloat16,0.264247989654541,603979776,3.891997039318085e-05,True
8,16,8,2,1,1,524288,torch.bfloat16,0.1287551999092102,75497472,3.891997039318085e-05,True
8,16,8,2,1,8,524288,torch.bfloat16,0.23170878887176513,603979776,3.891997039318085e-05,True
8,16,8,2,1,32,524288,torch.bfloat16,0.5735551834106445,2415919104,3.891997039318085e-05,True
8,16,8,2,1,1,1048576,torch.bfloat16,0.15309760570526124,150994944,3.891997039318085e-05,True
8,16,8,2,1,8,1048576,torch.bfloat16,0.3436239957809448,1207959552,3.891997039318085e-05,True
8,16,8,2,1,32,1048576,torch.bfloat16,0.9996496200561523,4831838208,3.891997039318085e-05,True
8,16,8,2,1,1,1024,torch.float8_e4m3fn,0.09717599749565124,73728,0.0002931896597146988,True
8,16,8,2,1,8,1024,torch.float8_e4m3fn,0.10520000457763672,589824,0.0002931896597146988,True
8,16,8,2,1,32,1024,torch.float8_e4m3fn,0.12228319644927979,2359296,0.0002931896597146988,True
8,16,8,2,1,1,8192,torch.float8_e4m3fn,0.09582880139350891,589824,0.0002931896597146988,True
8,16,8,2,1,8,8192,torch.float8_e4m3fn,0.1045680046081543,4718592,0.0002931896597146988,True
8,16,8,2,1,32,8192,torch.float8_e4m3fn,0.12980159521102905,18874368,0.0002931896597146988,True
8,16,8,2,1,1,32768,torch.float8_e4m3fn,0.09879680275917054,2359296,0.0002931896597146988,True
8,16,8,2,1,8,32768,torch.float8_e4m3fn,0.10996799468994141,18874368,0.0002931896597146988,True
8,16,8,2,1,32,32768,torch.float8_e4m3fn,0.15484960079193116,75497472,0.0002931896597146988,True
8,16,8,2,1,1,131072,torch.float8_e4m3fn,0.10449919700622559,9437184,0.0002931896597146988,True
8,16,8,2,1,8,131072,torch.float8_e4m3fn,0.11851040124893189,75497472,0.0002931896597146988,True
8,16,8,2,1,32,131072,torch.float8_e4m3fn,0.20744800567626953,301989888,0.0002931896597146988,True
8,16,8,2,1,1,524288,torch.float8_e4m3fn,0.11572320461273193,37748736,0.0002931896597146988,True
8,16,8,2,1,8,524288,torch.float8_e4m3fn,0.17163679599761963,301989888,0.0002931896597146988,True
8,16,8,2,1,32,524288,torch.float8_e4m3fn,0.3804447889328003,1207959552,0.0002931896597146988,True
8,16,8,2,1,1,1048576,torch.float8_e4m3fn,0.12802400588989257,75497472,0.0002931896597146988,True
8,16,8,2,1,8,1048576,torch.float8_e4m3fn,0.2273008108139038,603979776,0.0002931896597146988,True
8,16,8,2,1,32,1048576,torch.float8_e4m3fn,0.6048831939697266,2415919104,0.0002931896597146988,True
8,16,16,1,1,1,8192,torch.bfloat16,0.14976320266723633,589824,2.6168767362833023e-05,True
8,16,16,1,1,8,8192,torch.bfloat16,0.1642591953277588,4718592,2.6168767362833023e-05,True
8,16,16,1,1,32,8192,torch.bfloat16,0.21705279350280762,18874368,2.6168767362833023e-05,True
8,16,16,1,1,1,32768,torch.bfloat16,0.1516528010368347,2359296,2.6168767362833023e-05,True
8,16,16,1,1,8,32768,torch.bfloat16,0.17929919958114623,18874368,2.6168767362833023e-05,True
8,16,16,1,1,32,32768,torch.bfloat16,0.24489281177520753,75497472,2.6168767362833023e-05,True
8,16,16,1,1,1,131072,torch.bfloat16,0.1602720022201538,9437184,2.6168767362833023e-05,True
8,16,16,1,1,8,131072,torch.bfloat16,0.2023776054382324,75497472,2.6168767362833023e-05,True
8,16,16,1,1,32,131072,torch.bfloat16,0.2921152114868164,301989888,2.6168767362833023e-05,True
8,16,16,1,1,1,524288,torch.bfloat16,0.16900320053100587,37748736,2.6168767362833023e-05,True
8,16,16,1,1,8,524288,torch.bfloat16,0.25462400913238525,301989888,2.6168767362833023e-05,True
8,16,16,1,1,32,524288,torch.bfloat16,0.46153922080993653,1207959552,2.6168767362833023e-05,True
8,16,16,1,1,1,1048576,torch.bfloat16,0.1815727949142456,75497472,2.6168767362833023e-05,True
8,16,16,1,1,8,1048576,torch.bfloat16,0.3100703954696655,603979776,2.6168767362833023e-05,True
8,16,16,1,1,32,1048576,torch.bfloat16,0.7009168148040772,2415919104,2.6168767362833023e-05,True
8,16,16,1,1,1,8192,torch.float8_e4m3fn,0.14561920166015624,294912,0.00023054704070091248,True
8,16,16,1,1,8,8192,torch.float8_e4m3fn,0.16371999979019164,2359296,0.00023054704070091248,True
8,16,16,1,1,32,8192,torch.float8_e4m3fn,0.20187680721282958,9437184,0.00023054704070091248,True
8,16,16,1,1,1,32768,torch.float8_e4m3fn,0.14742239713668823,1179648,0.00023054704070091248,True
8,16,16,1,1,8,32768,torch.float8_e4m3fn,0.17323039770126342,9437184,0.00023054704070091248,True
8,16,16,1,1,32,32768,torch.float8_e4m3fn,0.22566559314727783,37748736,0.00023054704070091248,True
8,16,16,1,1,1,131072,torch.float8_e4m3fn,0.15122400522232055,4718592,0.00023054704070091248,True
8,16,16,1,1,8,131072,torch.float8_e4m3fn,0.17555199861526488,37748736,0.00023054704070091248,True
8,16,16,1,1,32,131072,torch.float8_e4m3fn,0.25694239139556885,150994944,0.00023054704070091248,True
8,16,16,1,1,1,524288,torch.float8_e4m3fn,0.16295839548110963,18874368,0.00023054704070091248,True
8,16,16,1,1,8,524288,torch.float8_e4m3fn,0.22612640857696534,150994944,0.00023054704070091248,True
8,16,16,1,1,32,524288,torch.float8_e4m3fn,0.3611407995223999,603979776,0.00023054704070091248,True
8,16,16,1,1,1,1048576,torch.float8_e4m3fn,0.16701279878616332,37748736,0.00023054704070091248,True
8,16,16,1,1,8,1048576,torch.float8_e4m3fn,0.25214719772338867,301989888,0.00023054704070091248,True
8,16,16,1,1,32,1048576,torch.float8_e4m3fn,0.493071985244751,1207959552,0.00023054704070091248,True
8,8,1,8,2,1,1024,torch.bfloat16,0.014467200636863709,1179648,7.960572838783264e-05,True
8,8,1,8,2,8,1024,torch.bfloat16,0.014404800534248353,9437184,7.960572838783264e-05,True
8,8,1,8,2,32,1024,torch.bfloat16,0.016564799845218657,37748736,7.960572838783264e-05,True
8,8,1,8,2,1,8192,torch.bfloat16,0.016596800088882445,9437184,7.960572838783264e-05,True
8,8,1,8,2,8,8192,torch.bfloat16,0.020609599351882935,75497472,7.960572838783264e-05,True
8,8,1,8,2,32,8192,torch.bfloat16,0.06847360134124755,301989888,7.960572838783264e-05,True
8,8,1,8,2,1,32768,torch.bfloat16,0.02677919864654541,37748736,7.960572838783264e-05,True
8,8,1,8,2,8,32768,torch.bfloat16,0.06724159717559815,301989888,7.960572838783264e-05,True
8,8,1,8,2,32,32768,torch.bfloat16,0.2232032060623169,1207959552,7.960572838783264e-05,True
8,8,1,8,2,1,131072,torch.bfloat16,0.05320320129394531,150994944,7.960572838783264e-05,True
8,8,1,8,2,8,131072,torch.bfloat16,0.23004961013793945,1207959552,7.960572838783264e-05,True
8,8,1,8,2,32,131072,torch.bfloat16,0.8301327705383301,4831838208,7.960572838783264e-05,True
8,8,1,8,2,1,524288,torch.bfloat16,0.1400879979133606,603979776,7.960572838783264e-05,True
8,8,1,8,2,8,524288,torch.bfloat16,0.7908527851104736,4831838208,7.960572838783264e-05,True
8,8,1,8,2,32,524288,torch.bfloat16,3.2748046875,19327352832,7.960572838783264e-05,True
8,8,1,8,2,1,1048576,torch.bfloat16,0.25478880405426024,1207959552,7.960572838783264e-05,True
8,8,1,8,2,8,1048576,torch.bfloat16,1.5633888244628906,9663676416,7.960572838783264e-05,True
8,8,1,8,2,32,1048576,torch.bfloat16,6.454291534423828,38654705664,7.960572838783264e-05,True
8,8,1,8,2,1,1024,torch.float8_e4m3fn,0.012503999471664428,589824,0.0009317967924289405,True
8,8,1,8,2,8,1024,torch.float8_e4m3fn,0.012587200105190276,4718592,0.0009317967924289405,True
8,8,1,8,2,32,1024,torch.float8_e4m3fn,0.014451199769973755,18874368,0.0009317967924289405,True
8,8,1,8,2,1,8192,torch.float8_e4m3fn,0.014528000354766845,4718592,0.0009317967924289405,True
8,8,1,8,2,8,8192,torch.float8_e4m3fn,0.016612799465656282,37748736,0.0009317967924289405,True
8,8,1,8,2,32,8192,torch.float8_e4m3fn,0.037201601266860965,150994944,0.0009317967924289405,True
8,8,1,8,2,1,32768,torch.float8_e4m3fn,0.022652800381183624,18874368,0.0009317967924289405,True
8,8,1,8,2,8,32768,torch.float8_e4m3fn,0.03856959939002991,150994944,0.0009317967924289405,True
8,8,1,8,2,32,32768,torch.float8_e4m3fn,0.10328480005264282,603979776,0.0009317967924289405,True
8,8,1,8,2,1,131072,torch.float8_e4m3fn,0.03348160088062287,75497472,0.0009317967924289405,True
8,8,1,8,2,8,131072,torch.float8_e4m3fn,0.10198080539703369,603979776,0.0009317967924289405,True
8,8,1,8,2,32,131072,torch.float8_e4m3fn,0.3642127990722656,2415919104,0.0009317967924289405,True
8,8,1,8,2,1,524288,torch.float8_e4m3fn,0.07444159984588623,301989888,0.0009317967924289405,True
8,8,1,8,2,8,524288,torch.float8_e4m3fn,0.3492784023284912,2415919104,0.0009317967924289405,True
8,8,1,8,2,32,524288,torch.float8_e4m3fn,1.4117072105407715,9663676416,0.0009317967924289405,True
8,8,1,8,2,1,1048576,torch.float8_e4m3fn,0.1271008014678955,603979776,0.0009317967924289405,True
8,8,1,8,2,8,1048576,torch.float8_e4m3fn,0.6814976215362549,4831838208,0.0009317967924289405,True
8,8,1,8,2,32,1048576,torch.float8_e4m3fn,2.868084716796875,19327352832,0.0009317967924289405,True
8,8,2,4,2,1,1024,torch.bfloat16,0.05875679850578308,589824,9.160861372947693e-05,True
8,8,2,4,2,8,1024,torch.bfloat16,0.06751999855041504,4718592,9.160861372947693e-05,True
8,8,2,4,2,32,1024,torch.bfloat16,0.07764319777488708,18874368,9.160861372947693e-05,True
8,8,2,4,2,1,8192,torch.bfloat16,0.06292480230331421,4718592,9.160861372947693e-05,True
8,8,2,4,2,8,8192,torch.bfloat16,0.07655199766159057,37748736,9.160861372947693e-05,True
8,8,2,4,2,32,8192,torch.bfloat16,0.13526560068130494,150994944,9.160861372947693e-05,True
8,8,2,4,2,1,32768,torch.bfloat16,0.06819999814033509,18874368,9.160861372947693e-05,True
8,8,2,4,2,8,32768,torch.bfloat16,0.1238752007484436,150994944,9.160861372947693e-05,True
8,8,2,4,2,32,32768,torch.bfloat16,0.24927198886871338,603979776,9.160861372947693e-05,True
8,8,2,4,2,1,131072,torch.bfloat16,0.09776960015296936,75497472,9.160861372947693e-05,True
8,8,2,4,2,8,131072,torch.bfloat16,0.22739040851593018,603979776,9.160861372947693e-05,True
8,8,2,4,2,32,131072,torch.bfloat16,0.7092527866363525,2415919104,9.160861372947693e-05,True
8,8,2,4,2,1,524288,torch.bfloat16,0.1752128005027771,301989888,9.160861372947693e-05,True
8,8,2,4,2,8,524288,torch.bfloat16,0.6449088096618653,2415919104,9.160861372947693e-05,True
8,8,2,4,2,32,524288,torch.bfloat16,2.5511999130249023,9663676416,9.160861372947693e-05,True
8,8,2,4,2,1,1048576,torch.bfloat16,0.2728463888168335,603979776,9.160861372947693e-05,True
8,8,2,4,2,8,1048576,torch.bfloat16,1.208512020111084,4831838208,9.160861372947693e-05,True
8,8,2,4,2,32,1048576,torch.bfloat16,4.994811248779297,19327352832,9.160861372947693e-05,True
8,8,2,4,2,1,1024,torch.float8_e4m3fn,0.056032001972198486,294912,0.0006193119334056973,True
8,8,2,4,2,8,1024,torch.float8_e4m3fn,0.06557279825210571,2359296,0.0006193119334056973,True
8,8,2,4,2,32,1024,torch.float8_e4m3fn,0.07509279847145081,9437184,0.0006193119334056973,True
8,8,2,4,2,1,8192,torch.float8_e4m3fn,0.058739197254180905,2359296,0.0006193119334056973,True
8,8,2,4,2,8,8192,torch.float8_e4m3fn,0.07305279970169068,18874368,0.0006193119334056973,True
8,8,2,4,2,32,8192,torch.float8_e4m3fn,0.10569920539855956,75497472,0.0006193119334056973,True
8,8,2,4,2,1,32768,torch.float8_e4m3fn,0.06546880006790161,9437184,0.0006193119334056973,True
8,8,2,4,2,8,32768,torch.float8_e4m3fn,0.09182400107383729,75497472,0.0006193119334056973,True
8,8,2,4,2,32,32768,torch.float8_e4m3fn,0.16036319732666016,301989888,0.0006193119334056973,True
8,8,2,4,2,1,131072,torch.float8_e4m3fn,0.07251200079917908,37748736,0.0006193119334056973,True
8,8,2,4,2,8,131072,torch.float8_e4m3fn,0.15052319765090943,301989888,0.0006193119334056973,True
8,8,2,4,2,32,131072,torch.float8_e4m3fn,0.3735408067703247,1207959552,0.0006193119334056973,True
8,8,2,4,2,1,524288,torch.float8_e4m3fn,0.1169808030128479,150994944,0.0006193119334056973,True
8,8,2,4,2,8,524288,torch.float8_e4m3fn,0.342521595954895,1207959552,0.0006193119334056973,True
8,8,2,4,2,32,524288,torch.float8_e4m3fn,1.2280832290649415,4831838208,0.0006193119334056973,True
8,8,2,4,2,1,1048576,torch.float8_e4m3fn,0.16344640254974366,301989888,0.0006193119334056973,True
8,8,2,4,2,8,1048576,torch.float8_e4m3fn,0.5935503959655761,2415919104,0.0006193119334056973,True
8,8,2,4,2,32,1048576,torch.float8_e4m3fn,2.3670576095581053,9663676416,0.0006193119334056973,True
8,8,4,2,2,1,1024,torch.bfloat16,0.06687039732933045,294912,5.375593900680542e-05,True
8,8,4,2,2,8,1024,torch.bfloat16,0.07517920136451721,2359296,5.375593900680542e-05,True
8,8,4,2,2,32,1024,torch.bfloat16,0.09626079797744751,9437184,5.375593900680542e-05,True
8,8,4,2,2,1,8192,torch.bfloat16,0.07201600074768066,2359296,5.375593900680542e-05,True
8,8,4,2,2,8,8192,torch.bfloat16,0.08402720093727112,18874368,5.375593900680542e-05,True
8,8,4,2,2,32,8192,torch.bfloat16,0.11552480459213257,75497472,5.375593900680542e-05,True
8,8,4,2,2,1,32768,torch.bfloat16,0.07906720042228699,9437184,5.375593900680542e-05,True
8,8,4,2,2,8,32768,torch.bfloat16,0.09346240162849426,75497472,5.375593900680542e-05,True
8,8,4,2,2,32,32768,torch.bfloat16,0.16903040409088135,301989888,5.375593900680542e-05,True
8,8,4,2,2,1,131072,torch.bfloat16,0.09137759804725647,37748736,5.375593900680542e-05,True
8,8,4,2,2,8,131072,torch.bfloat16,0.14788479804992677,301989888,5.375593900680542e-05,True
8,8,4,2,2,32,131072,torch.bfloat16,0.3262752056121826,1207959552,5.375593900680542e-05,True
8,8,4,2,2,1,524288,torch.bfloat16,0.1253615975379944,150994944,5.375593900680542e-05,True
8,8,4,2,2,8,524288,torch.bfloat16,0.3167936086654663,1207959552,5.375593900680542e-05,True
8,8,4,2,2,32,524288,torch.bfloat16,0.9661567687988282,4831838208,5.375593900680542e-05,True
8,8,4,2,2,1,1048576,torch.bfloat16,0.17301440238952637,301989888,5.375593900680542e-05,True
8,8,4,2,2,8,1048576,torch.bfloat16,0.5151296138763428,2415919104,5.375593900680542e-05,True
8,8,4,2,2,32,1048576,torch.bfloat16,1.8613439559936524,9663676416,5.375593900680542e-05,True
8,8,4,2,2,1,1024,torch.float8_e4m3fn,0.07311999797821045,147456,0.00045741721987724304,True
8,8,4,2,2,8,1024,torch.float8_e4m3fn,0.07348799705505371,1179648,0.00045741721987724304,True
8,8,4,2,2,32,1024,torch.float8_e4m3fn,0.0906768023967743,4718592,0.00045741721987724304,True
8,8,4,2,2,1,8192,torch.float8_e4m3fn,0.07139520049095154,1179648,0.00045741721987724304,True
8,8,4,2,2,8,8192,torch.float8_e4m3fn,0.07863360047340393,9437184,0.00045741721987724304,True
8,8,4,2,2,32,8192,torch.float8_e4m3fn,0.0996832013130188,37748736,0.00045741721987724304,True
8,8,4,2,2,1,32768,torch.float8_e4m3fn,0.07482240200042725,4718592,0.00045741721987724304,True
8,8,4,2,2,8,32768,torch.float8_e4m3fn,0.08904320001602173,37748736,0.00045741721987724304,True
8,8,4,2,2,32,32768,torch.float8_e4m3fn,0.13589279651641845,150994944,0.00045741721987724304,True
8,8,4,2,2,1,131072,torch.float8_e4m3fn,0.08210880160331727,18874368,0.00045741721987724304,True
8,8,4,2,2,8,131072,torch.float8_e4m3fn,0.12031680345535278,150994944,0.00045741721987724304,True
8,8,4,2,2,32,131072,torch.float8_e4m3fn,0.22561440467834473,603979776,0.00045741721987724304,True
8,8,4,2,2,1,524288,torch.float8_e4m3fn,0.10404160022735595,75497472,0.00045741721987724304,True
8,8,4,2,2,8,524288,torch.float8_e4m3fn,0.20160319805145263,603979776,0.00045741721987724304,True
8,8,4,2,2,32,524288,torch.float8_e4m3fn,0.5609072208404541,2415919104,0.00045741721987724304,True
8,8,4,2,2,1,1048576,torch.float8_e4m3fn,0.13415679931640626,150994944,0.00045741721987724304,True
8,8,4,2,2,8,1048576,torch.float8_e4m3fn,0.3023263931274414,1207959552,0.00045741721987724304,True
8,8,4,2,2,32,1048576,torch.float8_e4m3fn,1.042427158355713,4831838208,0.00045741721987724304,True
8,8,8,1,2,1,1024,torch.bfloat16,0.09856320023536683,147456,3.8821250200271606e-05,True
8,8,8,1,2,8,1024,torch.bfloat16,0.11518720388412476,1179648,3.8821250200271606e-05,True
8,8,8,1,2,32,1024,torch.bfloat16,0.16817280054092407,4718592,3.8821250200271606e-05,True
8,8,8,1,2,1,8192,torch.bfloat16,0.10493760108947754,1179648,3.8821250200271606e-05,True
8,8,8,1,2,8,8192,torch.bfloat16,0.12391040325164795,9437184,3.8821250200271606e-05,True
8,8,8,1,2,32,8192,torch.bfloat16,0.19494240283966063,37748736,3.8821250200271606e-05,True
8,8,8,1,2,1,32768,torch.bfloat16,0.10878880023956299,4718592,3.8821250200271606e-05,True
8,8,8,1,2,8,32768,torch.bfloat16,0.12471519708633423,37748736,3.8821250200271606e-05,True
8,8,8,1,2,32,32768,torch.bfloat16,0.22638239860534667,150994944,3.8821250200271606e-05,True
8,8,8,1,2,1,131072,torch.bfloat16,0.12526079416275024,18874368,3.8821250200271606e-05,True
8,8,8,1,2,8,131072,torch.bfloat16,0.1598896026611328,150994944,3.8821250200271606e-05,True
8,8,8,1,2,32,131072,torch.bfloat16,0.3122848033905029,603979776,3.8821250200271606e-05,True
8,8,8,1,2,1,524288,torch.bfloat16,0.12586560249328613,75497472,3.8821250200271606e-05,True
8,8,8,1,2,8,524288,torch.bfloat16,0.24453279972076417,603979776,3.8821250200271606e-05,True
8,8,8,1,2,32,524288,torch.bfloat16,0.6540095806121826,2415919104,3.8821250200271606e-05,True
8,8,8,1,2,1,1048576,torch.bfloat16,0.16096800565719604,150994944,3.8821250200271606e-05,True
8,8,8,1,2,8,1048576,torch.bfloat16,0.34699039459228515,1207959552,3.8821250200271606e-05,True
8,8,8,1,2,32,1048576,torch.bfloat16,1.143280029296875,4831838208,3.8821250200271606e-05,True
8,8,8,1,2,1,1024,torch.float8_e4m3fn,0.11089119911193848,73728,0.00031528063118457794,True
8,8,8,1,2,8,1024,torch.float8_e4m3fn,0.12382719516754151,589824,0.00031528063118457794,True
8,8,8,1,2,32,1024,torch.float8_e4m3fn,0.16307679414749146,2359296,0.00031528063118457794,True
8,8,8,1,2,1,8192,torch.float8_e4m3fn,0.10215040445327758,589824,0.00031528063118457794,True
8,8,8,1,2,8,8192,torch.float8_e4m3fn,0.11956319808959961,4718592,0.00031528063118457794,True
8,8,8,1,2,32,8192,torch.float8_e4m3fn,0.1747439980506897,18874368,0.00031528063118457794,True
8,8,8,1,2,1,32768,torch.float8_e4m3fn,0.1055616021156311,2359296,0.00031528063118457794,True
8,8,8,1,2,8,32768,torch.float8_e4m3fn,0.12385120391845703,18874368,0.00031528063118457794,True
8,8,8,1,2,32,32768,torch.float8_e4m3fn,0.20202078819274902,75497472,0.00031528063118457794,True
8,8,8,1,2,1,131072,torch.float8_e4m3fn,0.11614079475402832,9437184,0.00031528063118457794,True
8,8,8,1,2,8,131072,torch.float8_e4m3fn,0.13700640201568604,75497472,0.00031528063118457794,True
8,8,8,1,2,32,131072,torch.float8_e4m3fn,0.2515007972717285,301989888,0.00031528063118457794,True
8,8,8,1,2,1,524288,torch.float8_e4m3fn,0.12315679788589477,37748736,0.00031528063118457794,True
8,8,8,1,2,8,524288,torch.float8_e4m3fn,0.18898240327835084,301989888,0.00031528063118457794,True
8,8,8,1,2,32,524288,torch.float8_e4m3fn,0.44293599128723143,1207959552,0.00031528063118457794,True
8,8,8,1,2,1,1048576,torch.float8_e4m3fn,0.13181600570678711,75497472,0.00031528063118457794,True
8,8,8,1,2,8,1048576,torch.float8_e4m3fn,0.2599695920944214,603979776,0.00031528063118457794,True
8,8,8,1,2,32,1048576,torch.float8_e4m3fn,0.7098688125610352,2415919104,0.00031528063118457794,True
8,4,1,4,4,1,1024,torch.bfloat16,0.01865279972553253,1179648,8.834898471832275e-05,True
8,4,1,4,4,8,1024,torch.bfloat16,0.02322559952735901,9437184,8.834898471832275e-05,True
8,4,1,4,4,32,1024,torch.bfloat16,0.02886880040168762,37748736,8.834898471832275e-05,True
8,4,1,4,4,1,8192,torch.bfloat16,0.0189423993229866,9437184,8.834898471832275e-05,True
8,4,1,4,4,8,8192,torch.bfloat16,0.04030880033969879,75497472,8.834898471832275e-05,True
8,4,1,4,4,32,8192,torch.bfloat16,0.10465279817581177,301989888,8.834898471832275e-05,True
8,4,1,4,4,1,32768,torch.bfloat16,0.030847999453544616,37748736,8.834898471832275e-05,True
8,4,1,4,4,8,32768,torch.bfloat16,0.10083039999008178,301989888,8.834898471832275e-05,True
8,4,1,4,4,32,32768,torch.bfloat16,0.3313999891281128,1207959552,8.834898471832275e-05,True
8,4,1,4,4,1,131072,torch.bfloat16,0.07193599939346314,150994944,8.834898471832275e-05,True
8,4,1,4,4,8,131072,torch.bfloat16,0.30727200508117675,1207959552,8.834898471832275e-05,True
8,4,1,4,4,32,131072,torch.bfloat16,1.2385055541992187,4831838208,8.834898471832275e-05,True
8,4,1,4,4,1,524288,torch.bfloat16,0.21866400241851808,603979776,8.834898471832275e-05,True
8,4,1,4,4,8,524288,torch.bfloat16,1.144820785522461,4831838208,8.834898471832275e-05,True
8,4,1,4,4,32,524288,torch.bfloat16,4.865723037719727,19327352832,8.834898471832275e-05,True
8,4,1,4,4,1,1048576,torch.bfloat16,0.41321601867675783,1207959552,8.834898471832275e-05,True
8,4,1,4,4,8,1048576,torch.bfloat16,2.267635154724121,9663676416,8.834898471832275e-05,True
8,4,1,4,4,32,1048576,torch.bfloat16,9.67666244506836,38654705664,8.834898471832275e-05,True
8,4,1,4,4,1,1024,torch.float8_e4m3fn,0.016551999747753142,589824,0.0009317967924289405,True
8,4,1,4,4,8,1024,torch.float8_e4m3fn,0.02260479927062988,4718592,0.0009317967924289405,True
8,4,1,4,4,32,1024,torch.float8_e4m3fn,0.024648000299930573,18874368,0.0009317967924289405,True
8,4,1,4,4,1,8192,torch.float8_e4m3fn,0.016806399822235106,4718592,0.0009317967924289405,True
8,4,1,4,4,8,8192,torch.float8_e4m3fn,0.027008000016212463,37748736,0.0009317967924289405,True
8,4,1,4,4,32,8192,torch.float8_e4m3fn,0.06144319772720337,150994944,0.0009317967924289405,True
8,4,1,4,4,1,32768,torch.float8_e4m3fn,0.02543199956417084,18874368,0.0009317967924289405,True
8,4,1,4,4,8,32768,torch.float8_e4m3fn,0.05877439975738526,150994944,0.0009317967924289405,True
8,4,1,4,4,32,32768,torch.float8_e4m3fn,0.16561919450759888,603979776,0.0009317967924289405,True
8,4,1,4,4,1,131072,torch.float8_e4m3fn,0.04328480064868927,75497472,0.0009317967924289405,True
8,4,1,4,4,8,131072,torch.float8_e4m3fn,0.15203839540481567,603979776,0.0009317967924289405,True
8,4,1,4,4,32,131072,torch.float8_e4m3fn,0.5744976043701172,2415919104,0.0009317967924289405,True
8,4,1,4,4,1,524288,torch.float8_e4m3fn,0.10874079465866089,301989888,0.0009317967924289405,True
8,4,1,4,4,8,524288,torch.float8_e4m3fn,0.5322400093078613,2415919104,0.0009317967924289405,True
8,4,1,4,4,32,524288,torch.float8_e4m3fn,2.282150459289551,9663676416,0.0009317967924289405,True
8,4,1,4,4,1,1048576,torch.float8_e4m3fn,0.19674240350723265,603979776,0.0009317967924289405,True
8,4,1,4,4,8,1048576,torch.float8_e4m3fn,1.0391776084899902,4831838208,0.0009317967924289405,True
8,4,1,4,4,32,1048576,torch.float8_e4m3fn,4.56761589050293,19327352832,0.0009317967924289405,True
8,4,2,2,4,1,1024,torch.bfloat16,0.05596640110015869,589824,0.00011806003749370575,True
8,4,2,2,4,8,1024,torch.bfloat16,0.06494719982147217,4718592,0.00011806003749370575,True
8,4,2,2,4,32,1024,torch.bfloat16,0.0875711977481842,18874368,0.00011806003749370575,True
8,4,2,2,4,1,8192,torch.bfloat16,0.06017919778823853,4718592,0.00011806003749370575,True
8,4,2,2,4,8,8192,torch.bfloat16,0.0790831983089447,37748736,0.00011806003749370575,True
8,4,2,2,4,32,8192,torch.bfloat16,0.12739200592041017,150994944,0.00011806003749370575,True
8,4,2,2,4,1,32768,torch.bfloat16,0.07085279822349548,18874368,0.00011806003749370575,True
8,4,2,2,4,8,32768,torch.bfloat16,0.11006400585174561,150994944,0.00011806003749370575,True
8,4,2,2,4,32,32768,torch.bfloat16,0.21152160167694092,603979776,0.00011806003749370575,True
8,4,2,2,4,1,131072,torch.bfloat16,0.08859519958496094,75497472,0.00011806003749370575,True
8,4,2,2,4,8,131072,torch.bfloat16,0.18800640106201172,603979776,0.00011806003749370575,True
8,4,2,2,4,32,131072,torch.bfloat16,0.52085280418396,2415919104,0.00011806003749370575,True
8,4,2,2,4,1,524288,torch.bfloat16,0.14856959581375123,301989888,0.00011806003749370575,True
8,4,2,2,4,8,524288,torch.bfloat16,0.5002863883972168,2415919104,0.00011806003749370575,True
8,4,2,2,4,32,524288,torch.bfloat16,1.8053312301635742,9663676416,0.00011806003749370575,True
8,4,2,2,4,1,1048576,torch.bfloat16,0.23943040370941163,603979776,0.00011806003749370575,True
8,4,2,2,4,8,1048576,torch.bfloat16,0.8889375686645508,4831838208,0.00011806003749370575,True
8,4,2,2,4,32,1048576,torch.bfloat16,3.7803695678710936,19327352832,0.00011806003749370575,True
8,4,2,2,4,1,1024,torch.float8_e4m3fn,0.05361440181732178,294912,0.0007653674110770226,True
8,4,2,2,4,8,1024,torch.float8_e4m3fn,0.060577601194381714,2359296,0.0007653674110770226,True
8,4,2,2,4,32,1024,torch.float8_e4m3fn,0.07902719974517822,9437184,0.0007653674110770226,True
8,4,2,2,4,1,8192,torch.float8_e4m3fn,0.06011040210723877,2359296,0.0007653674110770226,True
8,4,2,2,4,8,8192,torch.float8_e4m3fn,0.06821439862251281,18874368,0.0007653674110770226,True
8,4,2,2,4,32,8192,torch.float8_e4m3fn,0.09564639925956726,75497472,0.0007653674110770226,True
8,4,2,2,4,1,32768,torch.float8_e4m3fn,0.06357439756393432,9437184,0.0007653674110770226,True
8,4,2,2,4,8,32768,torch.float8_e4m3fn,0.0787231981754303,75497472,0.0007653674110770226,True
8,4,2,2,4,32,32768,torch.float8_e4m3fn,0.15050079822540283,301989888,0.0007653674110770226,True
8,4,2,2,4,1,131072,torch.float8_e4m3fn,0.07417119741439819,37748736,0.0007653674110770226,True
8,4,2,2,4,8,131072,torch.float8_e4m3fn,0.13104959726333618,301989888,0.0007653674110770226,True
8,4,2,2,4,32,131072,torch.float8_e4m3fn,0.32125439643859866,1207959552,0.0007653674110770226,True
8,4,2,2,4,1,524288,torch.float8_e4m3fn,0.11673599481582642,150994944,0.0007653674110770226,True
8,4,2,2,4,8,524288,torch.float8_e4m3fn,0.2875600099563599,1207959552,0.0007653674110770226,True
8,4,2,2,4,32,524288,torch.float8_e4m3fn,1.0052191734313964,4831838208,0.0007653674110770226,True
8,4,2,2,4,1,1048576,torch.float8_e4m3fn,0.15476000308990479,301989888,0.0007653674110770226,True
8,4,2,2,4,8,1048576,torch.float8_e4m3fn,0.48968801498413084,2415919104,0.0007653674110770226,True
8,4,2,2,4,32,1048576,torch.float8_e4m3fn,2.0373968124389648,9663676416,0.0007653674110770226,True
8,4,4,1,4,1,1024,torch.bfloat16,0.07095199823379517,294912,5.91399148106575e-05,True
8,4,4,1,4,8,1024,torch.bfloat16,0.09078559875488282,2359296,5.91399148106575e-05,True
8,4,4,1,4,32,1024,torch.bfloat16,0.13049279451370238,9437184,5.91399148106575e-05,True
8,4,4,1,4,1,8192,torch.bfloat16,0.07925440073013305,2359296,5.91399148106575e-05,True
8,4,4,1,4,8,8192,torch.bfloat16,0.10586400032043457,18874368,5.91399148106575e-05,True
8,4,4,1,4,32,8192,torch.bfloat16,0.16554720401763917,75497472,5.91399148106575e-05,True
8,4,4,1,4,1,32768,torch.bfloat16,0.08469280004501342,9437184,5.91399148106575e-05,True
8,4,4,1,4,8,32768,torch.bfloat16,0.11485600471496582,75497472,5.91399148106575e-05,True
8,4,4,1,4,32,32768,torch.bfloat16,0.21427359580993652,301989888,5.91399148106575e-05,True
8,4,4,1,4,1,131072,torch.bfloat16,0.09460960030555725,37748736,5.91399148106575e-05,True
8,4,4,1,4,8,131072,torch.bfloat16,0.16117600202560425,301989888,5.91399148106575e-05,True
8,4,4,1,4,32,131072,torch.bfloat16,0.3833343982696533,1207959552,5.91399148106575e-05,True
8,4,4,1,4,1,524288,torch.bfloat16,0.1255839943885803,150994944,5.91399148106575e-05,True
8,4,4,1,4,8,524288,torch.bfloat16,0.3227296113967896,1207959552,5.91399148106575e-05,True
8,4,4,1,4,32,524288,torch.bfloat16,1.100374412536621,4831838208,5.91399148106575e-05,True
8,4,4,1,4,1,1048576,torch.bfloat16,0.183571195602417,301989888,5.91399148106575e-05,True
8,4,4,1,4,8,1048576,torch.bfloat16,0.5404640197753906,2415919104,5.91399148106575e-05,True
8,4,4,1,4,32,1048576,torch.bfloat16,2.136033630371094,9663676416,5.91399148106575e-05,True
8,4,4,1,4,1,1024,torch.float8_e4m3fn,0.09146559834480286,147456,0.0004448704421520233,True
8,4,4,1,4,8,1024,torch.float8_e4m3fn,0.0864192008972168,1179648,0.0004448704421520233,True
8,4,4,1,4,32,1024,torch.float8_e4m3fn,0.12354880571365356,4718592,0.0004448704421520233,True
8,4,4,1,4,1,8192,torch.float8_e4m3fn,0.07632960081100464,1179648,0.0004448704421520233,True
8,4,4,1,4,8,8192,torch.float8_e4m3fn,0.09637119770050048,9437184,0.0004448704421520233,True
8,4,4,1,4,32,8192,torch.float8_e4m3fn,0.14534720182418823,37748736,0.0004448704421520233,True
8,4,4,1,4,1,32768,torch.float8_e4m3fn,0.08063679933547974,4718592,0.0004448704421520233,True
8,4,4,1,4,8,32768,torch.float8_e4m3fn,0.0999504029750824,37748736,0.0004448704421520233,True
8,4,4,1,4,32,32768,torch.float8_e4m3fn,0.17581119537353515,150994944,0.0004448704421520233,True
8,4,4,1,4,1,131072,torch.float8_e4m3fn,0.09240959882736206,18874368,0.0004448704421520233,True
8,4,4,1,4,8,131072,torch.float8_e4m3fn,0.1344223976135254,150994944,0.0004448704421520233,True
8,4,4,1,4,32,131072,torch.float8_e4m3fn,0.27455840110778806,603979776,0.0004448704421520233,True
8,4,4,1,4,1,524288,torch.float8_e4m3fn,0.10328320264816285,75497472,0.0004448704421520233,True
8,4,4,1,4,8,524288,torch.float8_e4m3fn,0.23168001174926758,603979776,0.0004448704421520233,True
8,4,4,1,4,32,524288,torch.float8_e4m3fn,0.6587552070617676,2415919104,0.0004448704421520233,True
8,4,4,1,4,1,1048576,torch.float8_e4m3fn,0.13703839778900145,150994944,0.0004448704421520233,True
8,4,4,1,4,8,1048576,torch.float8_e4m3fn,0.35533440113067627,1207959552,0.0004448704421520233,True
8,4,4,1,4,32,1048576,torch.float8_e4m3fn,1.3751919746398926,4831838208,0.0004448704421520233,True
9,16,1,16,1,1,1024,torch.bfloat16,0.013048000633716583,1179648,9.597465395927429e-05,True
9,16,1,16,1,8,1024,torch.bfloat16,0.01263200044631958,9437184,9.597465395927429e-05,True
9,16,1,16,1,32,1024,torch.bfloat16,0.016420799493789672,37748736,9.597465395927429e-05,True
9,16,1,16,1,1,8192,torch.bfloat16,0.014519999921321868,9437184,9.597465395927429e-05,True
9,16,1,16,1,8,8192,torch.bfloat16,0.019179199635982514,75497472,9.597465395927429e-05,True
9,16,1,16,1,32,8192,torch.bfloat16,0.06745280027389526,301989888,9.597465395927429e-05,True
9,16,1,16,1,1,32768,torch.bfloat16,0.026686400175094604,37748736,9.597465395927429e-05,True
9,16,1,16,1,8,32768,torch.bfloat16,0.0672655999660492,301989888,9.597465395927429e-05,True
9,16,1,16,1,32,32768,torch.bfloat16,0.22243518829345704,1207959552,9.597465395927429e-05,True
9,16,1,16,1,1,131072,torch.bfloat16,0.05429760217666626,150994944,9.597465395927429e-05,True
9,16,1,16,1,8,131072,torch.bfloat16,0.21638240814208984,1207959552,9.597465395927429e-05,True
9,16,1,16,1,32,131072,torch.bfloat16,0.8222208023071289,4831838208,9.597465395927429e-05,True
9,16,1,16,1,1,524288,torch.bfloat16,0.1394752025604248,603979776,9.597465395927429e-05,True
9,16,1,16,1,8,524288,torch.bfloat16,0.7853472232818604,4831838208,9.597465395927429e-05,True
9,16,1,16,1,32,524288,torch.bfloat16,3.264771270751953,19327352832,9.597465395927429e-05,True
9,16,1,16,1,1,1048576,torch.bfloat16,0.2540287971496582,1207959552,9.597465395927429e-05,True
9,16,1,16,1,8,1048576,torch.bfloat16,1.5600223541259766,9663676416,9.597465395927429e-05,True
9,16,1,16,1,32,1048576,torch.bfloat16,6.403998565673828,38654705664,9.597465395927429e-05,True
9,16,1,16,1,1,1024,torch.float8_e4m3fn,0.012398400157690049,589824,0.0007922248914837837,True
9,16,1,16,1,8,1024,torch.float8_e4m3fn,0.012432000041007996,4718592,0.0007922248914837837,True
9,16,1,16,1,32,1024,torch.float8_e4m3fn,0.014468799531459808,18874368,0.0007922248914837837,True
9,16,1,16,1,1,8192,torch.float8_e4m3fn,0.014433600008487701,4718592,0.0007922248914837837,True
9,16,1,16,1,8,8192,torch.float8_e4m3fn,0.016470399498939515,37748736,0.0007922248914837837,True
9,16,1,16,1,32,8192,torch.float8_e4m3fn,0.03587999939918518,150994944,0.0007922248914837837,True
9,16,1,16,1,1,32768,torch.float8_e4m3fn,0.022499200701713563,18874368,0.0007922248914837837,True
9,16,1,16,1,8,32768,torch.float8_e4m3fn,0.037108799815177916,150994944,0.0007922248914837837,True
9,16,1,16,1,32,32768,torch.float8_e4m3fn,0.10267360210418701,603979776,0.0007922248914837837,True
9,16,1,16,1,1,131072,torch.float8_e4m3fn,0.03292160034179688,75497472,0.0007922248914837837,True
9,16,1,16,1,8,131072,torch.float8_e4m3fn,0.10042239427566528,603979776,0.0007922248914837837,True
9,16,1,16,1,32,131072,torch.float8_e4m3fn,0.3665616035461426,2415919104,0.0007922248914837837,True
9,16,1,16,1,1,524288,torch.float8_e4m3fn,0.07508800029754639,301989888,0.0007922248914837837,True
9,16,1,16,1,8,524288,torch.float8_e4m3fn,0.349289608001709,2415919104,0.0007922248914837837,True
9,16,1,16,1,32,524288,torch.float8_e4m3fn,1.4100175857543946,9663676416,0.0007922248914837837,True
9,16,1,16,1,1,1048576,torch.float8_e4m3fn,0.12715840339660645,603979776,0.0007922248914837837,True
9,16,1,16,1,8,1048576,torch.float8_e4m3fn,0.6795487880706788,4831838208,0.0007922248914837837,True
9,16,1,16,1,32,1048576,torch.float8_e4m3fn,2.8249135971069337,19327352832,0.0007922248914837837,True
9,16,2,8,1,1,1024,torch.bfloat16,0.05406399965286255,589824,0.0001124013215303421,True
9,16,2,8,1,8,1024,torch.bfloat16,0.05870720148086548,4718592,0.0001124013215303421,True
9,16,2,8,1,32,1024,torch.bfloat16,0.0624064028263092,18874368,0.0001124013215303421,True
9,16,2,8,1,1,8192,torch.bfloat16,0.056617599725723264,4718592,0.0001124013215303421,True
9,16,2,8,1,8,8192,torch.bfloat16,0.0660431981086731,37748736,0.0001124013215303421,True
9,16,2,8,1,32,8192,torch.bfloat16,0.10943200588226318,150994944,0.0001124013215303421,True
9,16,2,8,1,1,32768,torch.bfloat16,0.06068959832191467,18874368,0.0001124013215303421,True
9,16,2,8,1,8,32768,torch.bfloat16,0.10242559909820556,150994944,0.0001124013215303421,True
9,16,2,8,1,32,32768,torch.bfloat16,0.18369439840316773,603979776,0.0001124013215303421,True
9,16,2,8,1,1,131072,torch.bfloat16,0.0846176028251648,75497472,0.0001124013215303421,True
9,16,2,8,1,8,131072,torch.bfloat16,0.17957119941711425,603979776,0.0001124013215303421,True
9,16,2,8,1,32,131072,torch.bfloat16,0.48936800956726073,2415919104,0.0001124013215303421,True
9,16,2,8,1,1,524288,torch.bfloat16,0.13564319610595704,301989888,0.0001124013215303421,True
9,16,2,8,1,8,524288,torch.bfloat16,0.47966718673706055,2415919104,0.0001124013215303421,True
9,16,2,8,1,32,524288,torch.bfloat16,1.691324806213379,9663676416,0.0001124013215303421,True
9,16,2,8,1,1,1048576,torch.bfloat16,0.1948192000389099,603979776,0.0001124013215303421,True
9,16,2,8,1,8,1048576,torch.bfloat16,0.8515839576721191,4831838208,0.0001124013215303421,True
9,16,2,8,1,32,1048576,torch.bfloat16,3.3491920471191405,19327352832,0.0001124013215303421,True
9,16,2,8,1,1,1024,torch.float8_e4m3fn,0.05184320211410522,294912,0.0005747780669480562,True
9,16,2,8,1,8,1024,torch.float8_e4m3fn,0.05589119791984558,2359296,0.0005747780669480562,True
9,16,2,8,1,32,1024,torch.float8_e4m3fn,0.059552001953125,9437184,0.0005747780669480562,True
9,16,2,8,1,1,8192,torch.float8_e4m3fn,0.0542527973651886,2359296,0.0005747780669480562,True
9,16,2,8,1,8,8192,torch.float8_e4m3fn,0.06247680187225342,18874368,0.0005747780669480562,True
9,16,2,8,1,32,8192,torch.float8_e4m3fn,0.07162079811096192,75497472,0.0005747780669480562,True
9,16,2,8,1,1,32768,torch.float8_e4m3fn,0.05790240168571472,9437184,0.0005747780669480562,True
9,16,2,8,1,8,32768,torch.float8_e4m3fn,0.07082880139350892,75497472,0.0005747780669480562,True
9,16,2,8,1,32,32768,torch.float8_e4m3fn,0.11826720237731933,301989888,0.0005747780669480562,True
9,16,2,8,1,1,131072,torch.float8_e4m3fn,0.0701471984386444,37748736,0.0005747780669480562,True
9,16,2,8,1,8,131072,torch.float8_e4m3fn,0.11738079786300659,301989888,0.0005747780669480562,True
9,16,2,8,1,32,131072,torch.float8_e4m3fn,0.25206239223480226,1207959552,0.0005747780669480562,True
9,16,2,8,1,1,524288,torch.float8_e4m3fn,0.10154080390930176,150994944,0.0005747780669480562,True
9,16,2,8,1,8,524288,torch.float8_e4m3fn,0.242248010635376,1207959552,0.0005747780669480562,True
9,16,2,8,1,32,524288,torch.float8_e4m3fn,0.7756783962249756,4831838208,0.0005747780669480562,True
9,16,2,8,1,1,1048576,torch.float8_e4m3fn,0.12817599773406982,301989888,0.0005747780669480562,True
9,16,2,8,1,8,1048576,torch.float8_e4m3fn,0.40939998626708984,2415919104,0.0005747780669480562,True
9,16,2,8,1,32,1048576,torch.float8_e4m3fn,1.481208038330078,9663676416,0.0005747780669480562,True
9,16,4,4,1,1,1024,torch.bfloat16,0.06759200096130372,294912,5.161203444004059e-05,True
9,16,4,4,1,8,1024,torch.bfloat16,0.0804032027721405,2359296,5.161203444004059e-05,True
9,16,4,4,1,32,1024,torch.bfloat16,0.08786560297012329,9437184,5.161203444004059e-05,True
9,16,4,4,1,1,8192,torch.bfloat16,0.07420160174369812,2359296,5.161203444004059e-05,True
9,16,4,4,1,8,8192,torch.bfloat16,0.08723359704017639,18874368,5.161203444004059e-05,True
9,16,4,4,1,32,8192,torch.bfloat16,0.12823200225830078,75497472,5.161203444004059e-05,True
9,16,4,4,1,1,32768,torch.bfloat16,0.07506080269813538,9437184,5.161203444004059e-05,True
9,16,4,4,1,8,32768,torch.bfloat16,0.10935839414596557,75497472,5.161203444004059e-05,True
9,16,4,4,1,32,32768,torch.bfloat16,0.18500159978866576,301989888,5.161203444004059e-05,True
9,16,4,4,1,1,131072,torch.bfloat16,0.08871999979019166,37748736,5.161203444004059e-05,True
9,16,4,4,1,8,131072,torch.bfloat16,0.1739423990249634,301989888,5.161203444004059e-05,True
9,16,4,4,1,32,131072,torch.bfloat16,0.41741118431091306,1207959552,5.161203444004059e-05,True
9,16,4,4,1,1,524288,torch.bfloat16,0.1376479983329773,150994944,5.161203444004059e-05,True
9,16,4,4,1,8,524288,torch.bfloat16,0.3801743984222412,1207959552,5.161203444004059e-05,True
9,16,4,4,1,32,524288,torch.bfloat16,1.3313728332519532,4831838208,5.161203444004059e-05,True
9,16,4,4,1,1,1048576,torch.bfloat16,0.1887231945991516,301989888,5.161203444004059e-05,True
9,16,4,4,1,8,1048576,torch.bfloat16,0.6583839893341065,2415919104,5.161203444004059e-05,True
9,16,4,4,1,32,1048576,torch.bfloat16,2.5581039428710937,9663676416,5.161203444004059e-05,True
9,16,4,4,1,1,1024,torch.float8_e4m3fn,0.06616799831390381,147456,0.00044812075793743134,True
9,16,4,4,1,8,1024,torch.float8_e4m3fn,0.0781167984008789,1179648,0.00044812075793743134,True
9,16,4,4,1,32,1024,torch.float8_e4m3fn,0.08434879779815674,4718592,0.00044812075793743134,True
9,16,4,4,1,1,8192,torch.float8_e4m3fn,0.07113119959831238,1179648,0.00044812075793743134,True
9,16,4,4,1,8,8192,torch.float8_e4m3fn,0.08298400044441223,9437184,0.00044812075793743134,True
9,16,4,4,1,32,8192,torch.float8_e4m3fn,0.09614880084991455,37748736,0.00044812075793743134,True
9,16,4,4,1,1,32768,torch.float8_e4m3fn,0.07244160175323486,4718592,0.00044812075793743134,True
9,16,4,4,1,8,32768,torch.float8_e4m3fn,0.091430401802063,37748736,0.00044812075793743134,True
9,16,4,4,1,32,32768,torch.float8_e4m3fn,0.13616960048675536,150994944,0.00044812075793743134,True
9,16,4,4,1,1,131072,torch.float8_e4m3fn,0.082259202003479,18874368,0.00044812075793743134,True
9,16,4,4,1,8,131072,torch.float8_e4m3fn,0.13092960119247438,150994944,0.00044812075793743134,True
9,16,4,4,1,32,131072,torch.float8_e4m3fn,0.24472320079803467,603979776,0.00044812075793743134,True
9,16,4,4,1,1,524288,torch.float8_e4m3fn,0.10458559989929199,75497472,0.00044812075793743134,True
9,16,4,4,1,8,524288,torch.float8_e4m3fn,0.2281696081161499,603979776,0.00044812075793743134,True
9,16,4,4,1,32,524288,torch.float8_e4m3fn,0.6624127864837647,2415919104,0.00044812075793743134,True
9,16,4,4,1,1,1048576,torch.float8_e4m3fn,0.12840319871902467,150994944,0.00044812075793743134,True
9,16,4,4,1,8,1048576,torch.float8_e4m3fn,0.3559024095535278,1207959552,0.00044812075793743134,True
9,16,4,4,1,32,1048576,torch.float8_e4m3fn,1.2171759605407715,4831838208,0.00044812075793743134,True
9,16,8,2,1,1,1024,torch.bfloat16,0.0957472026348114,147456,4.3161213397979736e-05,True
9,16,8,2,1,8,1024,torch.bfloat16,0.10180959701538086,1179648,4.3161213397979736e-05,True
9,16,8,2,1,32,1024,torch.bfloat16,0.12791359424591064,4718592,4.3161213397979736e-05,True
9,16,8,2,1,1,8192,torch.bfloat16,0.0998848021030426,1179648,4.3161213397979736e-05,True
9,16,8,2,1,8,8192,torch.bfloat16,0.10930240154266357,9437184,4.3161213397979736e-05,True
9,16,8,2,1,32,8192,torch.bfloat16,0.14773279428482056,37748736,4.3161213397979736e-05,True
9,16,8,2,1,1,32768,torch.bfloat16,0.10057920217514038,4718592,4.3161213397979736e-05,True
9,16,8,2,1,8,32768,torch.bfloat16,0.11817439794540405,37748736,4.3161213397979736e-05,True
9,16,8,2,1,32,32768,torch.bfloat16,0.1840335965156555,150994944,4.3161213397979736e-05,True
9,16,8,2,1,1,131072,torch.bfloat16,0.10886399745941162,18874368,4.3161213397979736e-05,True
9,16,8,2,1,8,131072,torch.bfloat16,0.15002399682998657,150994944,4.3161213397979736e-05,True
9,16,8,2,1,32,131072,torch.bfloat16,0.2641727924346924,603979776,4.3161213397979736e-05,True
9,16,8,2,1,1,524288,torch.bfloat16,0.128547203540802,75497472,4.3161213397979736e-05,True
9,16,8,2,1,8,524288,torch.bfloat16,0.2315727949142456,603979776,4.3161213397979736e-05,True
9,16,8,2,1,32,524288,torch.bfloat16,0.5734992027282715,2415919104,4.3161213397979736e-05,True
9,16,8,2,1,1,1048576,torch.bfloat16,0.15291520357131957,150994944,4.3161213397979736e-05,True
9,16,8,2,1,8,1048576,torch.bfloat16,0.3434112071990967,1207959552,4.3161213397979736e-05,True
9,16,8,2,1,32,1048576,torch.bfloat16,0.9995936393737793,4831838208,4.3161213397979736e-05,True
9,16,8,2,1,1,1024,torch.float8_e4m3fn,0.09703519940376282,73728,0.00030406692530959845,True
9,16,8,2,1,8,1024,torch.float8_e4m3fn,0.10519520044326783,589824,0.00030406692530959845,True
9,16,8,2,1,32,1024,torch.float8_e4m3fn,0.12229599952697753,2359296,0.00030406692530959845,True
9,16,8,2,1,1,8192,torch.float8_e4m3fn,0.09576159715652466,589824,0.00030406692530959845,True
9,16,8,2,1,8,8192,torch.float8_e4m3fn,0.10473120212554932,4718592,0.00030406692530959845,True
9,16,8,2,1,32,8192,torch.float8_e4m3fn,0.12968640327453612,18874368,0.00030406692530959845,True
9,16,8,2,1,1,32768,torch.float8_e4m3fn,0.09861599802970886,2359296,0.00030406692530959845,True
9,16,8,2,1,8,32768,torch.float8_e4m3fn,0.10978080034255981,18874368,0.00030406692530959845,True
9,16,8,2,1,32,32768,torch.float8_e4m3fn,0.1549280047416687,75497472,0.00030406692530959845,True
9,16,8,2,1,1,131072,torch.float8_e4m3fn,0.10427360534667969,9437184,0.00030406692530959845,True
9,16,8,2,1,8,131072,torch.float8_e4m3fn,0.118339204788208,75497472,0.00030406692530959845,True
9,16,8,2,1,32,131072,torch.float8_e4m3fn,0.207260799407959,301989888,0.00030406692530959845,True
9,16,8,2,1,1,524288,torch.float8_e4m3fn,0.1145408034324646,37748736,0.00030406692530959845,True
9,16,8,2,1,8,524288,torch.float8_e4m3fn,0.17150399684906006,301989888,0.00030406692530959845,True
9,16,8,2,1,32,524288,torch.float8_e4m3fn,0.38033599853515626,1207959552,0.00030406692530959845,True
9,16,8,2,1,1,1048576,torch.float8_e4m3fn,0.12773599624633789,75497472,0.00030406692530959845,True
9,16,8,2,1,8,1048576,torch.float8_e4m3fn,0.22709920406341552,603979776,0.00030406692530959845,True
9,16,8,2,1,32,1048576,torch.float8_e4m3fn,0.6044703960418701,2415919104,0.00030406692530959845,True
9,16,16,1,1,1,8192,torch.bfloat16,0.14945119619369507,589824,2.5311019271612167e-05,True
9,16,16,1,1,8,8192,torch.bfloat16,0.16409599781036377,4718592,2.5311019271612167e-05,True
9,16,16,1,1,32,8192,torch.bfloat16,0.21676158905029297,18874368,2.5311019271612167e-05,True
9,16,16,1,1,1,32768,torch.bfloat16,0.1512608051300049,2359296,2.5311019271612167e-05,True
9,16,16,1,1,8,32768,torch.bfloat16,0.17885600328445433,18874368,2.5311019271612167e-05,True
9,16,16,1,1,32,32768,torch.bfloat16,0.24475040435791015,75497472,2.5311019271612167e-05,True
9,16,16,1,1,1,131072,torch.bfloat16,0.1597391963005066,9437184,2.5311019271612167e-05,True
9,16,16,1,1,8,131072,torch.bfloat16,0.2024832010269165,75497472,2.5311019271612167e-05,True
9,16,16,1,1,32,131072,torch.bfloat16,0.291975998878479,301989888,2.5311019271612167e-05,True
9,16,16,1,1,1,524288,torch.bfloat16,0.16890079975128175,37748736,2.5311019271612167e-05,True
9,16,16,1,1,8,524288,torch.bfloat16,0.2539439916610718,301989888,2.5311019271612167e-05,True
9,16,16,1,1,32,524288,torch.bfloat16,0.46120800971984866,1207959552,2.5311019271612167e-05,True
9,16,16,1,1,1,1048576,torch.bfloat16,0.18123359680175782,75497472,2.5311019271612167e-05,True
9,16,16,1,1,8,1048576,torch.bfloat16,0.3100672006607056,603979776,2.5311019271612167e-05,True
9,16,16,1,1,32,1048576,torch.bfloat16,0.7006624221801758,2415919104,2.5311019271612167e-05,True
9,16,16,1,1,1,8192,torch.float8_e4m3fn,0.1454848051071167,294912,0.00022884545614942908,True
9,16,16,1,1,8,8192,torch.float8_e4m3fn,0.16352319717407227,2359296,0.00022884545614942908,True
9,16,16,1,1,32,8192,torch.float8_e4m3fn,0.2015712022781372,9437184,0.00022884545614942908,True
9,16,16,1,1,1,32768,torch.float8_e4m3fn,0.14726879596710205,1179648,0.00022884545614942908,True
9,16,16,1,1,8,32768,torch.float8_e4m3fn,0.17323839664459229,9437184,0.00022884545614942908,True
9,16,16,1,1,32,32768,torch.float8_e4m3fn,0.2254175901412964,37748736,0.00022884545614942908,True
9,16,16,1,1,1,131072,torch.float8_e4m3fn,0.15116000175476074,4718592,0.00022884545614942908,True
9,16,16,1,1,8,131072,torch.float8_e4m3fn,0.17524000406265258,37748736,0.00022884545614942908,True
9,16,16,1,1,32,131072,torch.float8_e4m3fn,0.25709118843078616,150994944,0.00022884545614942908,True
9,16,16,1,1,1,524288,torch.float8_e4m3fn,0.16289440393447877,18874368,0.00022884545614942908,True
9,16,16,1,1,8,524288,torch.float8_e4m3fn,0.22604639530181886,150994944,0.00022884545614942908,True
9,16,16,1,1,32,524288,torch.float8_e4m3fn,0.3609344005584717,603979776,0.00022884545614942908,True
9,16,16,1,1,1,1048576,torch.float8_e4m3fn,0.16650880575180055,37748736,0.00022884545614942908,True
9,16,16,1,1,8,1048576,torch.float8_e4m3fn,0.25195999145507814,301989888,0.00022884545614942908,True
9,16,16,1,1,32,1048576,torch.float8_e4m3fn,0.4928959846496582,1207959552,0.00022884545614942908,True
9,8,1,8,2,1,1024,torch.bfloat16,0.014457599818706512,1179648,9.500235319137573e-05,True
9,8,1,8,2,8,1024,torch.bfloat16,0.014470399916172027,9437184,9.500235319137573e-05,True
9,8,1,8,2,32,1024,torch.bfloat16,0.01648640036582947,37748736,9.500235319137573e-05,True
9,8,1,8,2,1,8192,torch.bfloat16,0.016281600296497344,9437184,9.500235319137573e-05,True
9,8,1,8,2,8,8192,torch.bfloat16,0.019515199959278105,75497472,9.500235319137573e-05,True
9,8,1,8,2,32,8192,torch.bfloat16,0.06867200136184692,301989888,9.500235319137573e-05,True
9,8,1,8,2,1,32768,torch.bfloat16,0.02689119875431061,37748736,9.500235319137573e-05,True
9,8,1,8,2,8,32768,torch.bfloat16,0.06745439767837524,301989888,9.500235319137573e-05,True
9,8,1,8,2,32,32768,torch.bfloat16,0.22382240295410155,1207959552,9.500235319137573e-05,True
9,8,1,8,2,1,131072,torch.bfloat16,0.053350400924682614,150994944,9.500235319137573e-05,True
9,8,1,8,2,8,131072,torch.bfloat16,0.22966399192810058,1207959552,9.500235319137573e-05,True
9,8,1,8,2,32,131072,torch.bfloat16,0.8314944267272949,4831838208,9.500235319137573e-05,True
9,8,1,8,2,1,524288,torch.bfloat16,0.1392575979232788,603979776,9.500235319137573e-05,True
9,8,1,8,2,8,524288,torch.bfloat16,0.790934419631958,4831838208,9.500235319137573e-05,True
9,8,1,8,2,32,524288,torch.bfloat16,3.2732494354248045,19327352832,9.500235319137573e-05,True
9,8,1,8,2,1,1048576,torch.bfloat16,0.25340158939361573,1207959552,9.500235319137573e-05,True
9,8,1,8,2,8,1048576,torch.bfloat16,1.5621935844421386,9663676416,9.500235319137573e-05,True
9,8,1,8,2,32,1048576,torch.bfloat16,6.446137237548828,38654705664,9.500235319137573e-05,True
9,8,1,8,2,1,1024,torch.float8_e4m3fn,0.012503999471664428,589824,0.0008480455726385117,True
9,8,1,8,2,8,1024,torch.float8_e4m3fn,0.012558400630950928,4718592,0.0008480455726385117,True
9,8,1,8,2,32,1024,torch.float8_e4m3fn,0.014424000680446625,18874368,0.0008480455726385117,True
9,8,1,8,2,1,8192,torch.float8_e4m3fn,0.014579200744628906,4718592,0.0008480455726385117,True
9,8,1,8,2,8,8192,torch.float8_e4m3fn,0.016548800468444824,37748736,0.0008480455726385117,True
9,8,1,8,2,32,8192,torch.float8_e4m3fn,0.03720000088214874,150994944,0.0008480455726385117,True
9,8,1,8,2,1,32768,torch.float8_e4m3fn,0.022759999334812164,18874368,0.0008480455726385117,True
9,8,1,8,2,8,32768,torch.float8_e4m3fn,0.03827680051326752,150994944,0.0008480455726385117,True
9,8,1,8,2,32,32768,torch.float8_e4m3fn,0.10331679582595825,603979776,0.0008480455726385117,True
9,8,1,8,2,1,131072,torch.float8_e4m3fn,0.033107200264930726,75497472,0.0008480455726385117,True
9,8,1,8,2,8,131072,torch.float8_e4m3fn,0.1017151951789856,603979776,0.0008480455726385117,True
9,8,1,8,2,32,131072,torch.float8_e4m3fn,0.364300799369812,2415919104,0.0008480455726385117,True
9,8,1,8,2,1,524288,torch.float8_e4m3fn,0.0747215986251831,301989888,0.0008480455726385117,True
9,8,1,8,2,8,524288,torch.float8_e4m3fn,0.34983680248260496,2415919104,0.0008480455726385117,True
9,8,1,8,2,32,524288,torch.float8_e4m3fn,1.4122063636779785,9663676416,0.0008480455726385117,True
9,8,1,8,2,1,1048576,torch.float8_e4m3fn,0.12731200456619263,603979776,0.0008480455726385117,True
9,8,1,8,2,8,1048576,torch.float8_e4m3fn,0.6813983917236328,4831838208,0.0008480455726385117,True
9,8,1,8,2,32,1048576,torch.float8_e4m3fn,2.869246482849121,19327352832,0.0008480455726385117,True
9,8,2,4,2,1,1024,torch.bfloat16,0.05827680230140686,589824,0.00011239945888519287,True
9,8,2,4,2,8,1024,torch.bfloat16,0.06707519888877869,4718592,0.00011239945888519287,True
9,8,2,4,2,32,1024,torch.bfloat16,0.07725120186805726,18874368,0.00011239945888519287,True
9,8,2,4,2,1,8192,torch.bfloat16,0.062217599153518675,4718592,0.00011239945888519287,True
9,8,2,4,2,8,8192,torch.bfloat16,0.07634080052375794,37748736,0.00011239945888519287,True
9,8,2,4,2,32,8192,torch.bfloat16,0.13497120141983032,150994944,0.00011239945888519287,True
9,8,2,4,2,1,32768,torch.bfloat16,0.0681775987148285,18874368,0.00011239945888519287,True
9,8,2,4,2,8,32768,torch.bfloat16,0.123580801486969,150994944,0.00011239945888519287,True
9,8,2,4,2,32,32768,torch.bfloat16,0.2493056058883667,603979776,0.00011239945888519287,True
9,8,2,4,2,1,131072,torch.bfloat16,0.09746559858322143,75497472,0.00011239945888519287,True
9,8,2,4,2,8,131072,torch.bfloat16,0.227239990234375,603979776,0.00011239945888519287,True
9,8,2,4,2,32,131072,torch.bfloat16,0.709276819229126,2415919104,0.00011239945888519287,True
9,8,2,4,2,1,524288,torch.bfloat16,0.1745296001434326,301989888,0.00011239945888519287,True
9,8,2,4,2,8,524288,torch.bfloat16,0.6442880153656005,2415919104,0.00011239945888519287,True
9,8,2,4,2,32,524288,torch.bfloat16,2.55086727142334,9663676416,0.00011239945888519287,True
9,8,2,4,2,1,1048576,torch.bfloat16,0.27288479804992677,603979776,0.00011239945888519287,True
9,8,2,4,2,8,1048576,torch.bfloat16,1.2080368041992187,4831838208,0.00011239945888519287,True
9,8,2,4,2,32,1048576,torch.bfloat16,4.994311904907226,19327352832,0.00011239945888519287,True
9,8,2,4,2,1,1024,torch.float8_e4m3fn,0.055908799171447754,294912,0.0005971584469079971,True
9,8,2,4,2,8,1024,torch.float8_e4m3fn,0.06568319797515869,2359296,0.0005971584469079971,True
9,8,2,4,2,32,1024,torch.float8_e4m3fn,0.07480319738388061,9437184,0.0005971584469079971,True
9,8,2,4,2,1,8192,torch.float8_e4m3fn,0.05882560014724732,2359296,0.0005971584469079971,True
9,8,2,4,2,8,8192,torch.float8_e4m3fn,0.07306079864501953,18874368,0.0005971584469079971,True
9,8,2,4,2,32,8192,torch.float8_e4m3fn,0.10532959699630737,75497472,0.0005971584469079971,True
9,8,2,4,2,1,32768,torch.float8_e4m3fn,0.0655456006526947,9437184,0.0005971584469079971,True
9,8,2,4,2,8,32768,torch.float8_e4m3fn,0.09185439944267274,75497472,0.0005971584469079971,True
9,8,2,4,2,32,32768,torch.float8_e4m3fn,0.16027359962463378,301989888,0.0005971584469079971,True
9,8,2,4,2,1,131072,torch.float8_e4m3fn,0.07255839705467224,37748736,0.0005971584469079971,True
9,8,2,4,2,8,131072,torch.float8_e4m3fn,0.15016000270843505,301989888,0.0005971584469079971,True
9,8,2,4,2,32,131072,torch.float8_e4m3fn,0.37404959201812743,1207959552,0.0005971584469079971,True
9,8,2,4,2,1,524288,torch.float8_e4m3fn,0.11706080436706542,150994944,0.0005971584469079971,True
9,8,2,4,2,8,524288,torch.float8_e4m3fn,0.3431119918823242,1207959552,0.0005971584469079971,True
9,8,2,4,2,32,524288,torch.float8_e4m3fn,1.2282416343688964,4831838208,0.0005971584469079971,True
9,8,2,4,2,1,1048576,torch.float8_e4m3fn,0.16351360082626343,301989888,0.0005971584469079971,True
9,8,2,4,2,8,1048576,torch.float8_e4m3fn,0.5938816070556641,2415919104,0.0005971584469079971,True
9,8,2,4,2,32,1048576,torch.float8_e4m3fn,2.3673023223876952,9663676416,0.0005971584469079971,True
9,8,4,2,2,1,1024,torch.bfloat16,0.06701760292053223,294912,6.400328129529953e-05,True
9,8,4,2,2,8,1024,torch.bfloat16,0.07516800165176392,2359296,6.400328129529953e-05,True
9,8,4,2,2,32,1024,torch.bfloat16,0.09649760127067566,9437184,6.400328129529953e-05,True
9,8,4,2,2,1,8192,torch.bfloat16,0.07200639843940734,2359296,6.400328129529953e-05,True
9,8,4,2,2,8,8192,torch.bfloat16,0.08427519798278808,18874368,6.400328129529953e-05,True
9,8,4,2,2,32,8192,torch.bfloat16,0.11567519903182984,75497472,6.400328129529953e-05,True
9,8,4,2,2,1,32768,torch.bfloat16,0.0791375994682312,9437184,6.400328129529953e-05,True
9,8,4,2,2,8,32768,torch.bfloat16,0.09365119934082031,75497472,6.400328129529953e-05,True
9,8,4,2,2,32,32768,torch.bfloat16,0.16916799545288086,301989888,6.400328129529953e-05,True
9,8,4,2,2,1,131072,torch.bfloat16,0.09159839749336243,37748736,6.400328129529953e-05,True
9,8,4,2,2,8,131072,torch.bfloat16,0.14779360294342042,301989888,6.400328129529953e-05,True
9,8,4,2,2,32,131072,torch.bfloat16,0.32686240673065187,1207959552,6.400328129529953e-05,True
9,8,4,2,2,1,524288,torch.bfloat16,0.1255568027496338,150994944,6.400328129529953e-05,True
9,8,4,2,2,8,524288,torch.bfloat16,0.3167311906814575,1207959552,6.400328129529953e-05,True
9,8,4,2,2,32,524288,torch.bfloat16,0.9659680366516114,4831838208,6.400328129529953e-05,True
9,8,4,2,2,1,1048576,torch.bfloat16,0.17306079864501953,301989888,6.400328129529953e-05,True
9,8,4,2,2,8,1048576,torch.bfloat16,0.5158192157745362,2415919104,6.400328129529953e-05,True
9,8,4,2,2,32,1048576,torch.bfloat16,1.8617216110229493,9663676416,6.400328129529953e-05,True
9,8,4,2,2,1,1024,torch.float8_e4m3fn,0.07281280159950257,147456,0.000467721838504076,True
9,8,4,2,2,8,1024,torch.float8_e4m3fn,0.07348319888114929,1179648,0.000467721838504076,True
9,8,4,2,2,32,1024,torch.float8_e4m3fn,0.09068959951400757,4718592,0.000467721838504076,True
9,8,4,2,2,1,8192,torch.float8_e4m3fn,0.07166879773139953,1179648,0.000467721838504076,True
9,8,4,2,2,8,8192,torch.float8_e4m3fn,0.07889919877052307,9437184,0.000467721838504076,True
9,8,4,2,2,32,8192,torch.float8_e4m3fn,0.10004479885101318,37748736,0.000467721838504076,True
9,8,4,2,2,1,32768,torch.float8_e4m3fn,0.074099200963974,4718592,0.000467721838504076,True
9,8,4,2,2,8,32768,torch.float8_e4m3fn,0.08951039910316468,37748736,0.000467721838504076,True
9,8,4,2,2,32,32768,torch.float8_e4m3fn,0.13579519987106323,150994944,0.000467721838504076,True
9,8,4,2,2,1,131072,torch.float8_e4m3fn,0.08231040239334106,18874368,0.000467721838504076,True
9,8,4,2,2,8,131072,torch.float8_e4m3fn,0.11976640224456787,150994944,0.000467721838504076,True
9,8,4,2,2,32,131072,torch.float8_e4m3fn,0.2260416030883789,603979776,0.000467721838504076,True
9,8,4,2,2,1,524288,torch.float8_e4m3fn,0.10423359870910645,75497472,0.000467721838504076,True
9,8,4,2,2,8,524288,torch.float8_e4m3fn,0.20198559761047363,603979776,0.000467721838504076,True
9,8,4,2,2,32,524288,torch.float8_e4m3fn,0.5612031936645507,2415919104,0.000467721838504076,True
9,8,4,2,2,1,1048576,torch.float8_e4m3fn,0.13464319705963135,150994944,0.000467721838504076,True
9,8,4,2,2,8,1048576,torch.float8_e4m3fn,0.30242879390716554,1207959552,0.000467721838504076,True
9,8,4,2,2,32,1048576,torch.float8_e4m3fn,1.0417936325073243,4831838208,0.000467721838504076,True
9,8,8,1,2,1,1024,torch.bfloat16,0.0985535979270935,147456,4.3082982301712036e-05,True
9,8,8,1,2,8,1024,torch.bfloat16,0.11532959938049317,1179648,4.3082982301712036e-05,True
9,8,8,1,2,32,1024,torch.bfloat16,0.16809600591659546,4718592,4.3082982301712036e-05,True
9,8,8,1,2,1,8192,torch.bfloat16,0.10457760095596313,1179648,4.3082982301712036e-05,True
9,8,8,1,2,8,8192,torch.bfloat16,0.12427359819412231,9437184,4.3082982301712036e-05,True
9,8,8,1,2,32,8192,torch.bfloat16,0.19501919746398927,37748736,4.3082982301712036e-05,True
9,8,8,1,2,1,32768,torch.bfloat16,0.10853919982910157,4718592,4.3082982301712036e-05,True
9,8,8,1,2,8,32768,torch.bfloat16,0.12477120161056518,37748736,4.3082982301712036e-05,True
9,8,8,1,2,32,32768,torch.bfloat16,0.22650880813598634,150994944,4.3082982301712036e-05,True
9,8,8,1,2,1,131072,torch.bfloat16,0.12571840286254882,18874368,4.3082982301712036e-05,True
9,8,8,1,2,8,131072,torch.bfloat16,0.1601088047027588,150994944,4.3082982301712036e-05,True
9,8,8,1,2,32,131072,torch.bfloat16,0.31232318878173826,603979776,4.3082982301712036e-05,True
9,8,8,1,2,1,524288,torch.bfloat16,0.12605279684066772,75497472,4.3082982301712036e-05,True
9,8,8,1,2,8,524288,torch.bfloat16,0.24460480213165284,603979776,4.3082982301712036e-05,True
9,8,8,1,2,32,524288,torch.bfloat16,0.6549967765808106,2415919104,4.3082982301712036e-05,True
9,8,8,1,2,1,1048576,torch.bfloat16,0.1610159993171692,150994944,4.3082982301712036e-05,True
9,8,8,1,2,8,1048576,torch.bfloat16,0.34710719585418703,1207959552,4.3082982301712036e-05,True
9,8,8,1,2,32,1048576,torch.bfloat16,1.1428064346313476,4831838208,4.3082982301712036e-05,True
9,8,8,1,2,1,1024,torch.float8_e4m3fn,0.11084320545196533,73728,0.00034166453406214714,True
9,8,8,1,2,8,1024,torch.float8_e4m3fn,0.12361760139465332,589824,0.00034166453406214714,True
9,8,8,1,2,32,1024,torch.float8_e4m3fn,0.1630560040473938,2359296,0.00034166453406214714,True
9,8,8,1,2,1,8192,torch.float8_e4m3fn,0.10180480480194092,589824,0.00034166453406214714,True
9,8,8,1,2,8,8192,torch.float8_e4m3fn,0.11964800357818603,4718592,0.00034166453406214714,True
9,8,8,1,2,32,8192,torch.float8_e4m3fn,0.17422879934310914,18874368,0.00034166453406214714,True
9,8,8,1,2,1,32768,torch.float8_e4m3fn,0.10569920539855956,2359296,0.00034166453406214714,True
9,8,8,1,2,8,32768,torch.float8_e4m3fn,0.12381919622421264,18874368,0.00034166453406214714,True
9,8,8,1,2,32,32768,torch.float8_e4m3fn,0.20211679935455323,75497472,0.00034166453406214714,True
9,8,8,1,2,1,131072,torch.float8_e4m3fn,0.11619360446929931,9437184,0.00034166453406214714,True
9,8,8,1,2,8,131072,torch.float8_e4m3fn,0.13731199502944946,75497472,0.00034166453406214714,True
9,8,8,1,2,32,131072,torch.float8_e4m3fn,0.2517119884490967,301989888,0.00034166453406214714,True
9,8,8,1,2,1,524288,torch.float8_e4m3fn,0.1233680009841919,37748736,0.00034166453406214714,True
9,8,8,1,2,8,524288,torch.float8_e4m3fn,0.1891744017601013,301989888,0.00034166453406214714,True
9,8,8,1,2,32,524288,torch.float8_e4m3fn,0.443174409866333,1207959552,0.00034166453406214714,True
9,8,8,1,2,1,1048576,torch.float8_e4m3fn,0.13207520246505738,75497472,0.00034166453406214714,True
9,8,8,1,2,8,1048576,torch.float8_e4m3fn,0.25938880443573,603979776,0.00034166453406214714,True
9,8,8,1,2,32,1048576,torch.float8_e4m3fn,0.7105760097503662,2415919104,0.00034166453406214714,True
9,4,1,4,4,1,1024,torch.bfloat16,0.018836799263954162,1179648,0.00011970475316047668,True
9,4,1,4,4,8,1024,torch.bfloat16,0.022819200158119203,9437184,0.00011970475316047668,True
9,4,1,4,4,32,1024,torch.bfloat16,0.028867200016975403,37748736,0.00011970475316047668,True
9,4,1,4,4,1,8192,torch.bfloat16,0.018795199692249298,9437184,0.00011970475316047668,True
9,4,1,4,4,8,8192,torch.bfloat16,0.041428801417350766,75497472,0.00011970475316047668,True
9,4,1,4,4,32,8192,torch.bfloat16,0.1063696026802063,301989888,0.00011970475316047668,True
9,4,1,4,4,1,32768,torch.bfloat16,0.03100320100784302,37748736,0.00011970475316047668,True
9,4,1,4,4,8,32768,torch.bfloat16,0.10129760503768921,301989888,0.00011970475316047668,True
9,4,1,4,4,32,32768,torch.bfloat16,0.33465919494628904,1207959552,0.00011970475316047668,True
9,4,1,4,4,1,131072,torch.bfloat16,0.07171840071678162,150994944,0.00011970475316047668,True
9,4,1,4,4,8,131072,torch.bfloat16,0.3076767921447754,1207959552,0.00011970475316047668,True
9,4,1,4,4,32,131072,torch.bfloat16,1.2528800010681151,4831838208,0.00011970475316047668,True
9,4,1,4,4,1,524288,torch.bfloat16,0.21743199825286866,603979776,0.00011970475316047668,True
9,4,1,4,4,8,524288,torch.bfloat16,1.148691177368164,4831838208,0.00011970475316047668,True
9,4,1,4,4,32,524288,torch.bfloat16,4.946123123168945,19327352832,0.00011970475316047668,True
9,4,1,4,4,1,1048576,torch.bfloat16,0.4107679843902588,1207959552,0.00011970475316047668,True
9,4,1,4,4,8,1048576,torch.bfloat16,2.268217658996582,9663676416,0.00011970475316047668,True
9,4,1,4,4,32,1048576,torch.bfloat16,9.857398223876952,38654705664,0.00011970475316047668,True
9,4,1,4,4,1,1024,torch.float8_e4m3fn,0.01650879979133606,589824,0.000868561677634716,True
9,4,1,4,4,8,1024,torch.float8_e4m3fn,0.020772799849510193,4718592,0.000868561677634716,True
9,4,1,4,4,32,1024,torch.float8_e4m3fn,0.024140800535678863,18874368,0.000868561677634716,True
9,4,1,4,4,1,8192,torch.float8_e4m3fn,0.016787199676036833,4718592,0.000868561677634716,True
9,4,1,4,4,8,8192,torch.float8_e4m3fn,0.027020800113677978,37748736,0.000868561677634716,True
9,4,1,4,4,32,8192,torch.float8_e4m3fn,0.06133919954299927,150994944,0.000868561677634716,True
9,4,1,4,4,1,32768,torch.float8_e4m3fn,0.02497120052576065,18874368,0.000868561677634716,True
9,4,1,4,4,8,32768,torch.float8_e4m3fn,0.058582401275634764,150994944,0.000868561677634716,True
9,4,1,4,4,32,32768,torch.float8_e4m3fn,0.16645280122756959,603979776,0.000868561677634716,True
9,4,1,4,4,1,131072,torch.float8_e4m3fn,0.04344640076160431,75497472,0.000868561677634716,True
9,4,1,4,4,8,131072,torch.float8_e4m3fn,0.1524783968925476,603979776,0.000868561677634716,True
9,4,1,4,4,32,131072,torch.float8_e4m3fn,0.5828991889953613,2415919104,0.000868561677634716,True
9,4,1,4,4,1,524288,torch.float8_e4m3fn,0.10858559608459473,301989888,0.000868561677634716,True
9,4,1,4,4,8,524288,torch.float8_e4m3fn,0.5310319900512696,2415919104,0.000868561677634716,True
9,4,1,4,4,32,524288,torch.float8_e4m3fn,2.3113136291503906,9663676416,0.000868561677634716,True
9,4,1,4,4,1,1048576,torch.float8_e4m3fn,0.19614399671554567,603979776,0.000868561677634716,True
9,4,1,4,4,8,1048576,torch.float8_e4m3fn,1.0344688415527343,4831838208,0.000868561677634716,True
9,4,1,4,4,32,1048576,torch.float8_e4m3fn,4.650137710571289,19327352832,0.000868561677634716,True
9,4,2,2,4,1,1024,torch.bfloat16,0.055692797899246214,589824,0.0001124013215303421,True
9,4,2,2,4,8,1024,torch.bfloat16,0.06510400176048278,4718592,0.0001124013215303421,True
9,4,2,2,4,32,1024,torch.bfloat16,0.0873199999332428,18874368,0.0001124013215303421,True
9,4,2,2,4,1,8192,torch.bfloat16,0.05990239977836609,4718592,0.0001124013215303421,True
9,4,2,2,4,8,8192,torch.bfloat16,0.07936480045318603,37748736,0.0001124013215303421,True
9,4,2,2,4,32,8192,torch.bfloat16,0.1272447943687439,150994944,0.0001124013215303421,True
9,4,2,2,4,1,32768,torch.bfloat16,0.07077760100364686,18874368,0.0001124013215303421,True
9,4,2,2,4,8,32768,torch.bfloat16,0.11004480123519897,150994944,0.0001124013215303421,True
9,4,2,2,4,32,32768,torch.bfloat16,0.21138401031494142,603979776,0.0001124013215303421,True
9,4,2,2,4,1,131072,torch.bfloat16,0.0881168007850647,75497472,0.0001124013215303421,True
9,4,2,2,4,8,131072,torch.bfloat16,0.18702720403671264,603979776,0.0001124013215303421,True
9,4,2,2,4,32,131072,torch.bfloat16,0.5204832077026367,2415919104,0.0001124013215303421,True
9,4,2,2,4,1,524288,torch.bfloat16,0.14826879501342774,301989888,0.0001124013215303421,True
9,4,2,2,4,8,524288,torch.bfloat16,0.49997920989990235,2415919104,0.0001124013215303421,True
9,4,2,2,4,32,524288,torch.bfloat16,1.8053855895996094,9663676416,0.0001124013215303421,True
9,4,2,2,4,1,1048576,torch.bfloat16,0.2394160032272339,603979776,0.0001124013215303421,True
9,4,2,2,4,8,1048576,torch.bfloat16,0.8888447761535645,4831838208,0.0001124013215303421,True
9,4,2,2,4,32,1048576,torch.bfloat16,3.780059051513672,19327352832,0.0001124013215303421,True
9,4,2,2,4,1,1024,torch.float8_e4m3fn,0.05364959836006165,294912,0.0006519437301903963,True
9,4,2,2,4,8,1024,torch.float8_e4m3fn,0.060571199655532836,2359296,0.0006519437301903963,True
9,4,2,2,4,32,1024,torch.float8_e4m3fn,0.07854400277137756,9437184,0.0006519437301903963,True
9,4,2,2,4,1,8192,torch.float8_e4m3fn,0.059836798906326295,2359296,0.0006519437301903963,True
9,4,2,2,4,8,8192,torch.float8_e4m3fn,0.06826400160789489,18874368,0.0006519437301903963,True
9,4,2,2,4,32,8192,torch.float8_e4m3fn,0.0956719994544983,75497472,0.0006519437301903963,True
9,4,2,2,4,1,32768,torch.float8_e4m3fn,0.0631983995437622,9437184,0.0006519437301903963,True
9,4,2,2,4,8,32768,torch.float8_e4m3fn,0.07878080010414124,75497472,0.0006519437301903963,True
9,4,2,2,4,32,32768,torch.float8_e4m3fn,0.15072640180587768,301989888,0.0006519437301903963,True
9,4,2,2,4,1,131072,torch.float8_e4m3fn,0.07422559857368469,37748736,0.0006519437301903963,True
9,4,2,2,4,8,131072,torch.float8_e4m3fn,0.13100800514221192,301989888,0.0006519437301903963,True
9,4,2,2,4,32,131072,torch.float8_e4m3fn,0.32115199565887453,1207959552,0.0006519437301903963,True
9,4,2,2,4,1,524288,torch.float8_e4m3fn,0.11654080152511596,150994944,0.0006519437301903963,True
9,4,2,2,4,8,524288,torch.float8_e4m3fn,0.28758399486541747,1207959552,0.0006519437301903963,True
9,4,2,2,4,32,524288,torch.float8_e4m3fn,1.0067071914672852,4831838208,0.0006519437301903963,True
9,4,2,2,4,1,1048576,torch.float8_e4m3fn,0.15530240535736084,301989888,0.0006519437301903963,True
9,4,2,2,4,8,1048576,torch.float8_e4m3fn,0.4897200107574463,2415919104,0.0006519437301903963,True
9,4,2,2,4,32,1048576,torch.float8_e4m3fn,2.0377008438110353,9663676416,0.0006519437301903963,True
9,4,4,1,4,1,1024,torch.bfloat16,0.07104799747467042,294912,6.744638085365295e-05,True
9,4,4,1,4,8,1024,torch.bfloat16,0.0906831979751587,2359296,6.744638085365295e-05,True
9,4,4,1,4,32,1024,torch.bfloat16,0.13054399490356444,9437184,6.744638085365295e-05,True
9,4,4,1,4,1,8192,torch.bfloat16,0.07875360250473022,2359296,6.744638085365295e-05,True
9,4,4,1,4,8,8192,torch.bfloat16,0.10584160089492797,18874368,6.744638085365295e-05,True
9,4,4,1,4,32,8192,torch.bfloat16,0.16559200286865233,75497472,6.744638085365295e-05,True
9,4,4,1,4,1,32768,torch.bfloat16,0.0845408022403717,9437184,6.744638085365295e-05,True
9,4,4,1,4,8,32768,torch.bfloat16,0.11459840536117553,75497472,6.744638085365295e-05,True
9,4,4,1,4,32,32768,torch.bfloat16,0.21357440948486328,301989888,6.744638085365295e-05,True
9,4,4,1,4,1,131072,torch.bfloat16,0.09447360038757324,37748736,6.744638085365295e-05,True
9,4,4,1,4,8,131072,torch.bfloat16,0.16121599674224854,301989888,6.744638085365295e-05,True
9,4,4,1,4,32,131072,torch.bfloat16,0.3828239917755127,1207959552,6.744638085365295e-05,True
9,4,4,1,4,1,524288,torch.bfloat16,0.12571040391921998,150994944,6.744638085365295e-05,True
9,4,4,1,4,8,524288,torch.bfloat16,0.32279999256134034,1207959552,6.744638085365295e-05,True
9,4,4,1,4,32,524288,torch.bfloat16,1.100705623626709,4831838208,6.744638085365295e-05,True
9,4,4,1,4,1,1048576,torch.bfloat16,0.18380160331726075,301989888,6.744638085365295e-05,True
9,4,4,1,4,8,1048576,torch.bfloat16,0.5402639865875244,2415919104,6.744638085365295e-05,True
9,4,4,1,4,32,1048576,torch.bfloat16,2.1350095748901365,9663676416,6.744638085365295e-05,True
9,4,4,1,4,1,1024,torch.float8_e4m3fn,0.09146559834480286,147456,0.0004951325245201588,True
9,4,4,1,4,8,1024,torch.float8_e4m3fn,0.08625919818878174,1179648,0.0004951325245201588,True
9,4,4,1,4,32,1024,torch.float8_e4m3fn,0.12364640235900878,4718592,0.0004951325245201588,True
9,4,4,1,4,1,8192,torch.float8_e4m3fn,0.07642560005187989,1179648,0.0004951325245201588,True
9,4,4,1,4,8,8192,torch.float8_e4m3fn,0.09626719951629639,9437184,0.0004951325245201588,True
9,4,4,1,4,32,8192,torch.float8_e4m3fn,0.14494880437850952,37748736,0.0004951325245201588,True
9,4,4,1,4,1,32768,torch.float8_e4m3fn,0.0803871989250183,4718592,0.0004951325245201588,True
9,4,4,1,4,8,32768,torch.float8_e4m3fn,0.09951199889183045,37748736,0.0004951325245201588,True
9,4,4,1,4,32,32768,torch.float8_e4m3fn,0.17594079971313475,150994944,0.0004951325245201588,True
9,4,4,1,4,1,131072,torch.float8_e4m3fn,0.09196000099182129,18874368,0.0004951325245201588,True
9,4,4,1,4,8,131072,torch.float8_e4m3fn,0.1340656042098999,150994944,0.0004951325245201588,True
9,4,4,1,4,32,131072,torch.float8_e4m3fn,0.273905611038208,603979776,0.0004951325245201588,True
9,4,4,1,4,1,524288,torch.float8_e4m3fn,0.10315359830856323,75497472,0.0004951325245201588,True
9,4,4,1,4,8,524288,torch.float8_e4m3fn,0.2314608097076416,603979776,0.0004951325245201588,True
9,4,4,1,4,32,524288,torch.float8_e4m3fn,0.6591616153717041,2415919104,0.0004951325245201588,True
9,4,4,1,4,1,1048576,torch.float8_e4m3fn,0.13679039478302002,150994944,0.0004951325245201588,True
9,4,4,1,4,8,1048576,torch.float8_e4m3fn,0.3550735950469971,1207959552,0.0004951325245201588,True
9,4,4,1,4,32,1048576,torch.float8_e4m3fn,1.3751744270324706,4831838208,0.0004951325245201588,True
10,16,1,16,1,1,1024,torch.bfloat16,0.012403199821710587,1179648,8.497573435306549e-05,True
10,16,1,16,1,8,1024,torch.bfloat16,0.012462399899959564,9437184,8.497573435306549e-05,True
10,16,1,16,1,32,1024,torch.bfloat16,0.01650879979133606,37748736,8.497573435306549e-05,True
10,16,1,16,1,1,8192,torch.bfloat16,0.014481599628925323,9437184,8.497573435306549e-05,True
10,16,1,16,1,8,8192,torch.bfloat16,0.018598400056362152,75497472,8.497573435306549e-05,True
10,16,1,16,1,32,8192,torch.bfloat16,0.06745759844779968,301989888,8.497573435306549e-05,True
10,16,1,16,1,1,32768,torch.bfloat16,0.026764801144599913,37748736,8.497573435306549e-05,True
10,16,1,16,1,8,32768,torch.bfloat16,0.06652160286903382,301989888,8.497573435306549e-05,True
10,16,1,16,1,32,32768,torch.bfloat16,0.22132320404052735,1207959552,8.497573435306549e-05,True
10,16,1,16,1,1,131072,torch.bfloat16,0.053985601663589476,150994944,8.497573435306549e-05,True
10,16,1,16,1,8,131072,torch.bfloat16,0.21569280624389647,1207959552,8.497573435306549e-05,True
10,16,1,16,1,32,131072,torch.bfloat16,0.8217904090881347,4831838208,8.497573435306549e-05,True
10,16,1,16,1,1,524288,torch.bfloat16,0.1392240047454834,603979776,8.497573435306549e-05,True
10,16,1,16,1,8,524288,torch.bfloat16,0.7864895820617676,4831838208,8.497573435306549e-05,True
10,16,1,16,1,32,524288,torch.bfloat16,3.2649311065673827,19327352832,8.497573435306549e-05,True
10,16,1,16,1,1,1048576,torch.bfloat16,0.25347199440002444,1207959552,8.497573435306549e-05,True
10,16,1,16,1,8,1048576,torch.bfloat16,1.5682175636291504,9663676416,8.497573435306549e-05,True
10,16,1,16,1,32,1048576,torch.bfloat16,6.404666900634766,38654705664,8.497573435306549e-05,True
10,16,1,16,1,1,1024,torch.float8_e4m3fn,0.012380799651145935,589824,0.0007965294062159956,True
10,16,1,16,1,8,1024,torch.float8_e4m3fn,0.01239520013332367,4718592,0.0007965294062159956,True
10,16,1,16,1,32,1024,torch.float8_e4m3fn,0.014425599575042724,18874368,0.0007965294062159956,True
10,16,1,16,1,1,8192,torch.float8_e4m3fn,0.01441120058298111,4718592,0.0007965294062159956,True
10,16,1,16,1,8,8192,torch.float8_e4m3fn,0.016510400176048278,37748736,0.0007965294062159956,True
10,16,1,16,1,32,8192,torch.float8_e4m3fn,0.035094401240348815,150994944,0.0007965294062159956,True
10,16,1,16,1,1,32768,torch.float8_e4m3fn,0.02265920042991638,18874368,0.0007965294062159956,True
10,16,1,16,1,8,32768,torch.float8_e4m3fn,0.037110400199890134,150994944,0.0007965294062159956,True
10,16,1,16,1,32,32768,torch.float8_e4m3fn,0.10191839933395386,603979776,0.0007965294062159956,True
10,16,1,16,1,1,131072,torch.float8_e4m3fn,0.030943998694419862,75497472,0.0007965294062159956,True
10,16,1,16,1,8,131072,torch.float8_e4m3fn,0.10009119510650635,603979776,0.0007965294062159956,True
10,16,1,16,1,32,131072,torch.float8_e4m3fn,0.3665008068084717,2415919104,0.0007965294062159956,True
10,16,1,16,1,1,524288,torch.float8_e4m3fn,0.07495359778404236,301989888,0.0007965294062159956,True
10,16,1,16,1,8,524288,torch.float8_e4m3fn,0.3491152048110962,2415919104,0.0007965294062159956,True
10,16,1,16,1,32,524288,torch.float8_e4m3fn,1.4097359657287598,9663676416,0.0007965294062159956,True
10,16,1,16,1,1,1048576,torch.float8_e4m3fn,0.12694720029830933,603979776,0.0007965294062159956,True
10,16,1,16,1,8,1048576,torch.float8_e4m3fn,0.6796095848083497,4831838208,0.0007965294062159956,True
10,16,1,16,1,32,1048576,torch.float8_e4m3fn,2.835304069519043,19327352832,0.0007965294062159956,True
10,16,2,8,1,1,1024,torch.bfloat16,0.05185440182685852,589824,9.250268340110779e-05,True
10,16,2,8,1,8,1024,torch.bfloat16,0.05764319896697998,4718592,9.250268340110779e-05,True
10,16,2,8,1,32,1024,torch.bfloat16,0.06283040046691894,18874368,9.250268340110779e-05,True
10,16,2,8,1,1,8192,torch.bfloat16,0.055332797765731814,4718592,9.250268340110779e-05,True
10,16,2,8,1,8,8192,torch.bfloat16,0.06376960277557372,37748736,9.250268340110779e-05,True
10,16,2,8,1,32,8192,torch.bfloat16,0.10675040483474732,150994944,9.250268340110779e-05,True
10,16,2,8,1,1,32768,torch.bfloat16,0.05975840091705322,18874368,9.250268340110779e-05,True
10,16,2,8,1,8,32768,torch.bfloat16,0.10033440589904785,150994944,9.250268340110779e-05,True
10,16,2,8,1,32,32768,torch.bfloat16,0.1826192021369934,603979776,9.250268340110779e-05,True
10,16,2,8,1,1,131072,torch.bfloat16,0.08110079765319825,75497472,9.250268340110779e-05,True
10,16,2,8,1,8,131072,torch.bfloat16,0.17790080308914186,603979776,9.250268340110779e-05,True
10,16,2,8,1,32,131072,torch.bfloat16,0.48895998001098634,2415919104,9.250268340110779e-05,True
10,16,2,8,1,1,524288,torch.bfloat16,0.13387199640274047,301989888,9.250268340110779e-05,True
10,16,2,8,1,8,524288,torch.bfloat16,0.4797488212585449,2415919104,9.250268340110779e-05,True
10,16,2,8,1,32,524288,torch.bfloat16,1.688702392578125,9663676416,9.250268340110779e-05,True
10,16,2,8,1,1,1048576,torch.bfloat16,0.19443039894104003,603979776,9.250268340110779e-05,True
10,16,2,8,1,8,1048576,torch.bfloat16,0.8509920120239258,4831838208,9.250268340110779e-05,True
10,16,2,8,1,32,1048576,torch.bfloat16,3.3491870880126955,19327352832,9.250268340110779e-05,True
10,16,2,8,1,1,1024,torch.float8_e4m3fn,0.0496288001537323,294912,0.0005754695739597082,True
10,16,2,8,1,8,1024,torch.float8_e4m3fn,0.054872000217437746,2359296,0.0005754695739597082,True
10,16,2,8,1,32,1024,torch.float8_e4m3fn,0.05767520070075989,9437184,0.0005754695739597082,True
10,16,2,8,1,1,8192,torch.float8_e4m3fn,0.05333439707756042,2359296,0.0005754695739597082,True
10,16,2,8,1,8,8192,torch.float8_e4m3fn,0.06051679849624634,18874368,0.0005754695739597082,True
10,16,2,8,1,32,8192,torch.float8_e4m3fn,0.06955360174179077,75497472,0.0005754695739597082,True
10,16,2,8,1,1,32768,torch.float8_e4m3fn,0.05681440234184265,9437184,0.0005754695739597082,True
10,16,2,8,1,8,32768,torch.float8_e4m3fn,0.06956639885902405,75497472,0.0005754695739597082,True
10,16,2,8,1,32,32768,torch.float8_e4m3fn,0.11679840087890625,301989888,0.0005754695739597082,True
10,16,2,8,1,1,131072,torch.float8_e4m3fn,0.06760799884796143,37748736,0.0005754695739597082,True
10,16,2,8,1,8,131072,torch.float8_e4m3fn,0.11615999937057495,301989888,0.0005754695739597082,True
10,16,2,8,1,32,131072,torch.float8_e4m3fn,0.25069921016693114,1207959552,0.0005754695739597082,True
10,16,2,8,1,1,524288,torch.float8_e4m3fn,0.09951199889183045,150994944,0.0005754695739597082,True
10,16,2,8,1,8,524288,torch.float8_e4m3fn,0.24033279418945314,1207959552,0.0005754695739597082,True
10,16,2,8,1,32,524288,torch.float8_e4m3fn,0.7746928215026856,4831838208,0.0005754695739597082,True
10,16,2,8,1,1,1048576,torch.float8_e4m3fn,0.1252112030982971,301989888,0.0005754695739597082,True
10,16,2,8,1,8,1048576,torch.float8_e4m3fn,0.40749120712280273,2415919104,0.0005754695739597082,True
10,16,2,8,1,32,1048576,torch.float8_e4m3fn,1.474454402923584,9663676416,0.0005754695739597082,True
10,16,4,4,1,1,1024,torch.bfloat16,0.06875519752502442,294912,5.6702643632888794e-05,True
10,16,4,4,1,8,1024,torch.bfloat16,0.08050879836082458,2359296,5.6702643632888794e-05,True
10,16,4,4,1,32,1024,torch.bfloat16,0.08831040263175964,9437184,5.6702643632888794e-05,True
10,16,4,4,1,1,8192,torch.bfloat16,0.07432320117950439,2359296,5.6702643632888794e-05,True
10,16,4,4,1,8,8192,torch.bfloat16,0.08768640160560608,18874368,5.6702643632888794e-05,True
10,16,4,4,1,32,8192,torch.bfloat16,0.12848479747772218,75497472,5.6702643632888794e-05,True
10,16,4,4,1,1,32768,torch.bfloat16,0.07527999877929688,9437184,5.6702643632888794e-05,True
10,16,4,4,1,8,32768,torch.bfloat16,0.10980479717254639,75497472,5.6702643632888794e-05,True
10,16,4,4,1,32,32768,torch.bfloat16,0.18471839427947997,301989888,5.6702643632888794e-05,True
10,16,4,4,1,1,131072,torch.bfloat16,0.08883360028266907,37748736,5.6702643632888794e-05,True
10,16,4,4,1,8,131072,torch.bfloat16,0.1742176055908203,301989888,5.6702643632888794e-05,True
10,16,4,4,1,32,131072,torch.bfloat16,0.417632007598877,1207959552,5.6702643632888794e-05,True
10,16,4,4,1,1,524288,torch.bfloat16,0.13773759603500366,150994944,5.6702643632888794e-05,True
10,16,4,4,1,8,524288,torch.bfloat16,0.38022398948669434,1207959552,5.6702643632888794e-05,True
10,16,4,4,1,32,524288,torch.bfloat16,1.3315872192382812,4831838208,5.6702643632888794e-05,True
10,16,4,4,1,1,1048576,torch.bfloat16,0.18878719806671143,301989888,5.6702643632888794e-05,True
10,16,4,4,1,8,1048576,torch.bfloat16,0.6587503910064697,2415919104,5.6702643632888794e-05,True
10,16,4,4,1,32,1048576,torch.bfloat16,2.5583343505859375,9663676416,5.6702643632888794e-05,True
10,16,4,4,1,1,1024,torch.float8_e4m3fn,0.06631519794464111,147456,0.00043596280738711357,True
10,16,4,4,1,8,1024,torch.float8_e4m3fn,0.07815520167350769,1179648,0.00043596280738711357,True
10,16,4,4,1,32,1024,torch.float8_e4m3fn,0.08438400030136109,4718592,0.00043596280738711357,True
10,16,4,4,1,1,8192,torch.float8_e4m3fn,0.07124800086021424,1179648,0.00043596280738711357,True
10,16,4,4,1,8,8192,torch.float8_e4m3fn,0.08314080238342285,9437184,0.00043596280738711357,True
10,16,4,4,1,32,8192,torch.float8_e4m3fn,0.09632800221443176,37748736,0.00043596280738711357,True
10,16,4,4,1,1,32768,torch.float8_e4m3fn,0.07295839786529541,4718592,0.00043596280738711357,True
10,16,4,4,1,8,32768,torch.float8_e4m3fn,0.09166719913482665,37748736,0.00043596280738711357,True
10,16,4,4,1,32,32768,torch.float8_e4m3fn,0.13636480569839476,150994944,0.00043596280738711357,True
10,16,4,4,1,1,131072,torch.float8_e4m3fn,0.08245440125465393,18874368,0.00043596280738711357,True
10,16,4,4,1,8,131072,torch.float8_e4m3fn,0.13105440139770508,150994944,0.00043596280738711357,True
10,16,4,4,1,32,131072,torch.float8_e4m3fn,0.2448863983154297,603979776,0.00043596280738711357,True
10,16,4,4,1,1,524288,torch.float8_e4m3fn,0.10478559732437134,75497472,0.00043596280738711357,True
10,16,4,4,1,8,524288,torch.float8_e4m3fn,0.22824161052703856,603979776,0.00043596280738711357,True
10,16,4,4,1,32,524288,torch.float8_e4m3fn,0.6625743865966797,2415919104,0.00043596280738711357,True
10,16,4,4,1,1,1048576,torch.float8_e4m3fn,0.12870880365371704,150994944,0.00043596280738711357,True
10,16,4,4,1,8,1048576,torch.float8_e4m3fn,0.3564879894256592,1207959552,0.00043596280738711357,True
10,16,4,4,1,32,1048576,torch.float8_e4m3fn,1.2184880256652832,4831838208,0.00043596280738711357,True
10,16,8,2,1,1,1024,torch.bfloat16,0.09577440023422241,147456,3.4363940358161926e-05,True
10,16,8,2,1,8,1024,torch.bfloat16,0.10209759473800659,1179648,3.4363940358161926e-05,True
10,16,8,2,1,32,1024,torch.bfloat16,0.12804479598999025,4718592,3.4363940358161926e-05,True
10,16,8,2,1,1,8192,torch.bfloat16,0.10032479763031006,1179648,3.4363940358161926e-05,True
10,16,8,2,1,8,8192,torch.bfloat16,0.10970079898834229,9437184,3.4363940358161926e-05,True
10,16,8,2,1,32,8192,torch.bfloat16,0.1481775999069214,37748736,3.4363940358161926e-05,True
10,16,8,2,1,1,32768,torch.bfloat16,0.10046240091323852,4718592,3.4363940358161926e-05,True
10,16,8,2,1,8,32768,torch.bfloat16,0.11825599670410156,37748736,3.4363940358161926e-05,True
10,16,8,2,1,32,32768,torch.bfloat16,0.1844480037689209,150994944,3.4363940358161926e-05,True
10,16,8,2,1,1,131072,torch.bfloat16,0.10917919874191284,18874368,3.4363940358161926e-05,True
10,16,8,2,1,8,131072,torch.bfloat16,0.15032960176467897,150994944,3.4363940358161926e-05,True
10,16,8,2,1,32,131072,torch.bfloat16,0.2642431974411011,603979776,3.4363940358161926e-05,True
10,16,8,2,1,1,524288,torch.bfloat16,0.12873760461807252,75497472,3.4363940358161926e-05,True
10,16,8,2,1,8,524288,torch.bfloat16,0.23170080184936523,603979776,3.4363940358161926e-05,True
10,16,8,2,1,32,524288,torch.bfloat16,0.5734496116638184,2415919104,3.4363940358161926e-05,True
10,16,8,2,1,1,1048576,torch.bfloat16,0.15326399803161622,150994944,3.4363940358161926e-05,True
10,16,8,2,1,8,1048576,torch.bfloat16,0.3435679912567139,1207959552,3.4363940358161926e-05,True
10,16,8,2,1,32,1048576,torch.bfloat16,0.9996895790100098,4831838208,3.4363940358161926e-05,True
10,16,8,2,1,1,1024,torch.float8_e4m3fn,0.09725120067596435,73728,0.00030541408341377974,True
10,16,8,2,1,8,1024,torch.float8_e4m3fn,0.10525599718093873,589824,0.00030541408341377974,True
10,16,8,2,1,32,1024,torch.float8_e4m3fn,0.12237919569015503,2359296,0.00030541408341377974,True
10,16,8,2,1,1,8192,torch.float8_e4m3fn,0.09577440023422241,589824,0.00030541408341377974,True
10,16,8,2,1,8,8192,torch.float8_e4m3fn,0.104584002494812,4718592,0.00030541408341377974,True
10,16,8,2,1,32,8192,torch.float8_e4m3fn,0.12978399991989137,18874368,0.00030541408341377974,True
10,16,8,2,1,1,32768,torch.float8_e4m3fn,0.09881600141525268,2359296,0.00030541408341377974,True
10,16,8,2,1,8,32768,torch.float8_e4m3fn,0.10990719795227051,18874368,0.00030541408341377974,True
10,16,8,2,1,32,32768,torch.float8_e4m3fn,0.1548735976219177,75497472,0.00030541408341377974,True
10,16,8,2,1,1,131072,torch.float8_e4m3fn,0.10444960594177247,9437184,0.00030541408341377974,True
10,16,8,2,1,8,131072,torch.float8_e4m3fn,0.11833280324935913,75497472,0.00030541408341377974,True
10,16,8,2,1,32,131072,torch.float8_e4m3fn,0.20739359855651857,301989888,0.00030541408341377974,True
10,16,8,2,1,1,524288,torch.float8_e4m3fn,0.11545120477676392,37748736,0.00030541408341377974,True
10,16,8,2,1,8,524288,torch.float8_e4m3fn,0.1716928005218506,301989888,0.00030541408341377974,True
10,16,8,2,1,32,524288,torch.float8_e4m3fn,0.38043038845062255,1207959552,0.00030541408341377974,True
10,16,8,2,1,1,1048576,torch.float8_e4m3fn,0.1278272032737732,75497472,0.00030541408341377974,True
10,16,8,2,1,8,1048576,torch.float8_e4m3fn,0.22738239765167237,603979776,0.00030541408341377974,True
10,16,8,2,1,32,1048576,torch.float8_e4m3fn,0.6049136161804199,2415919104,0.00030541408341377974,True
10,16,16,1,1,1,8192,torch.bfloat16,0.14980640411376953,589824,2.4150125682353973e-05,True
10,16,16,1,1,8,8192,torch.bfloat16,0.1642192006111145,4718592,2.4150125682353973e-05,True
10,16,16,1,1,32,8192,torch.bfloat16,0.21725599765777587,18874368,2.4150125682353973e-05,True
10,16,16,1,1,1,32768,torch.bfloat16,0.15151519775390626,2359296,2.4150125682353973e-05,True
10,16,16,1,1,8,32768,torch.bfloat16,0.17932640314102172,18874368,2.4150125682353973e-05,True
10,16,16,1,1,32,32768,torch.bfloat16,0.24495999813079833,75497472,2.4150125682353973e-05,True
10,16,16,1,1,1,131072,torch.bfloat16,0.16033920049667358,9437184,2.4150125682353973e-05,True
10,16,16,1,1,8,131072,torch.bfloat16,0.20299038887023926,75497472,2.4150125682353973e-05,True
10,16,16,1,1,32,131072,torch.bfloat16,0.2921135902404785,301989888,2.4150125682353973e-05,True
10,16,16,1,1,1,524288,torch.bfloat16,0.16906880140304564,37748736,2.4150125682353973e-05,True
10,16,16,1,1,8,524288,torch.bfloat16,0.2545552015304565,301989888,2.4150125682353973e-05,True
10,16,16,1,1,32,524288,torch.bfloat16,0.4617775917053223,1207959552,2.4150125682353973e-05,True
10,16,16,1,1,1,1048576,torch.bfloat16,0.1817023992538452,75497472,2.4150125682353973e-05,True
10,16,16,1,1,8,1048576,torch.bfloat16,0.3100575923919678,603979776,2.4150125682353973e-05,True
10,16,16,1,1,32,1048576,torch.bfloat16,0.7009088039398194,2415919104,2.4150125682353973e-05,True
10,16,16,1,1,1,8192,torch.float8_e4m3fn,0.14550880193710328,294912,0.00025629065930843353,True
10,16,16,1,1,8,8192,torch.float8_e4m3fn,0.16360000371932984,2359296,0.00025629065930843353,True
10,16,16,1,1,32,8192,torch.float8_e4m3fn,0.20170400142669678,9437184,0.00025629065930843353,True
10,16,16,1,1,1,32768,torch.float8_e4m3fn,0.1474544048309326,1179648,0.00025629065930843353,True
10,16,16,1,1,8,32768,torch.float8_e4m3fn,0.17329759597778321,9437184,0.00025629065930843353,True
10,16,16,1,1,32,32768,torch.float8_e4m3fn,0.22562239170074463,37748736,0.00025629065930843353,True
10,16,16,1,1,1,131072,torch.float8_e4m3fn,0.15121760368347167,4718592,0.00025629065930843353,True
10,16,16,1,1,8,131072,torch.float8_e4m3fn,0.17588160037994385,37748736,0.00025629065930843353,True
10,16,16,1,1,32,131072,torch.float8_e4m3fn,0.256879997253418,150994944,0.00025629065930843353,True
10,16,16,1,1,1,524288,torch.float8_e4m3fn,0.16298880577087402,18874368,0.00025629065930843353,True
10,16,16,1,1,8,524288,torch.float8_e4m3fn,0.22620959281921388,150994944,0.00025629065930843353,True
10,16,16,1,1,32,524288,torch.float8_e4m3fn,0.36111838817596437,603979776,0.00025629065930843353,True
10,16,16,1,1,1,1048576,torch.float8_e4m3fn,0.16701600551605225,37748736,0.00025629065930843353,True
10,16,16,1,1,8,1048576,torch.float8_e4m3fn,0.2520495891571045,301989888,0.00025629065930843353,True
10,16,16,1,1,32,1048576,torch.float8_e4m3fn,0.49318718910217285,1207959552,0.00025629065930843353,True
10,8,1,8,2,1,1024,torch.bfloat16,0.014483200013637542,1179648,8.497573435306549e-05,True
10,8,1,8,2,8,1024,torch.bfloat16,0.01446239948272705,9437184,8.497573435306549e-05,True
10,8,1,8,2,32,1024,torch.bfloat16,0.016502399742603303,37748736,8.497573435306549e-05,True
10,8,1,8,2,1,8192,torch.bfloat16,0.014611199498176575,9437184,8.497573435306549e-05,True
10,8,1,8,2,8,8192,torch.bfloat16,0.018654400110244752,75497472,8.497573435306549e-05,True
10,8,1,8,2,32,8192,torch.bfloat16,0.06937119960784913,301989888,8.497573435306549e-05,True
10,8,1,8,2,1,32768,torch.bfloat16,0.026763200759887695,37748736,8.497573435306549e-05,True
10,8,1,8,2,8,32768,torch.bfloat16,0.0672976016998291,301989888,8.497573435306549e-05,True
10,8,1,8,2,32,32768,torch.bfloat16,0.22362239360809327,1207959552,8.497573435306549e-05,True
10,8,1,8,2,1,131072,torch.bfloat16,0.05256320238113403,150994944,8.497573435306549e-05,True
10,8,1,8,2,8,131072,torch.bfloat16,0.23085920810699462,1207959552,8.497573435306549e-05,True
10,8,1,8,2,32,131072,torch.bfloat16,0.8318767547607422,4831838208,8.497573435306549e-05,True
10,8,1,8,2,1,524288,torch.bfloat16,0.1377519965171814,603979776,8.497573435306549e-05,True
10,8,1,8,2,8,524288,torch.bfloat16,0.7925663948059082,4831838208,8.497573435306549e-05,True
10,8,1,8,2,32,524288,torch.bfloat16,3.2764846801757814,19327352832,8.497573435306549e-05,True
10,8,1,8,2,1,1048576,torch.bfloat16,0.253003191947937,1207959552,8.497573435306549e-05,True
10,8,1,8,2,8,1048576,torch.bfloat16,1.571025562286377,9663676416,8.497573435306549e-05,True
10,8,1,8,2,32,1048576,torch.bfloat16,6.454033660888672,38654705664,8.497573435306549e-05,True
10,8,1,8,2,1,1024,torch.float8_e4m3fn,0.012436799705028534,589824,0.0008677891455590725,True
10,8,1,8,2,8,1024,torch.float8_e4m3fn,0.012451200187206269,4718592,0.0008677891455590725,True
10,8,1,8,2,32,1024,torch.float8_e4m3fn,0.0144896000623703,18874368,0.0008677891455590725,True
10,8,1,8,2,1,8192,torch.float8_e4m3fn,0.014564800262451171,4718592,0.0008677891455590725,True
10,8,1,8,2,8,8192,torch.float8_e4m3fn,0.01652639955282211,37748736,0.0008677891455590725,True
10,8,1,8,2,32,8192,torch.float8_e4m3fn,0.03702560067176819,150994944,0.0008677891455590725,True
10,8,1,8,2,1,32768,torch.float8_e4m3fn,0.02268480062484741,18874368,0.0008677891455590725,True
10,8,1,8,2,8,32768,torch.float8_e4m3fn,0.03768480122089386,150994944,0.0008677891455590725,True
10,8,1,8,2,32,32768,torch.float8_e4m3fn,0.10264639854431153,603979776,0.0008677891455590725,True
10,8,1,8,2,1,131072,torch.float8_e4m3fn,0.030899199843406677,75497472,0.0008677891455590725,True
10,8,1,8,2,8,131072,torch.float8_e4m3fn,0.1011072039604187,603979776,0.0008677891455590725,True
10,8,1,8,2,32,131072,torch.float8_e4m3fn,0.3637183904647827,2415919104,0.0008677891455590725,True
10,8,1,8,2,1,524288,torch.float8_e4m3fn,0.07375839948654175,301989888,0.0008677891455590725,True
10,8,1,8,2,8,524288,torch.float8_e4m3fn,0.3488368034362793,2415919104,0.0008677891455590725,True
10,8,1,8,2,32,524288,torch.float8_e4m3fn,1.4108736038208007,9663676416,0.0008677891455590725,True
10,8,1,8,2,1,1048576,torch.float8_e4m3fn,0.1251055955886841,603979776,0.0008677891455590725,True
10,8,1,8,2,8,1048576,torch.float8_e4m3fn,0.6806128025054932,4831838208,0.0008677891455590725,True
10,8,1,8,2,32,1048576,torch.float8_e4m3fn,2.8640384674072266,19327352832,0.0008677891455590725,True
10,8,2,4,2,1,1024,torch.bfloat16,0.056992000341415404,589824,0.00010838732123374939,True
10,8,2,4,2,8,1024,torch.bfloat16,0.06594079732894897,4718592,0.00010838732123374939,True
10,8,2,4,2,32,1024,torch.bfloat16,0.07623680233955384,18874368,0.00010838732123374939,True
10,8,2,4,2,1,8192,torch.bfloat16,0.060545599460601805,4718592,0.00010838732123374939,True
10,8,2,4,2,8,8192,torch.bfloat16,0.07558879852294922,37748736,0.00010838732123374939,True
10,8,2,4,2,32,8192,torch.bfloat16,0.13208479881286622,150994944,0.00010838732123374939,True
10,8,2,4,2,1,32768,torch.bfloat16,0.0676576018333435,18874368,0.00010838732123374939,True
10,8,2,4,2,8,32768,torch.bfloat16,0.12260799407958985,150994944,0.00010838732123374939,True
10,8,2,4,2,32,32768,torch.bfloat16,0.2457103967666626,603979776,0.00010838732123374939,True
10,8,2,4,2,1,131072,torch.bfloat16,0.0961679995059967,75497472,0.00010838732123374939,True
10,8,2,4,2,8,131072,torch.bfloat16,0.22548799514770507,603979776,0.00010838732123374939,True
10,8,2,4,2,32,131072,torch.bfloat16,0.7027599811553955,2415919104,0.00010838732123374939,True
10,8,2,4,2,1,524288,torch.bfloat16,0.17319680452346803,301989888,0.00010838732123374939,True
10,8,2,4,2,8,524288,torch.bfloat16,0.6424143791198731,2415919104,0.00010838732123374939,True
10,8,2,4,2,32,524288,torch.bfloat16,2.5231887817382814,9663676416,0.00010838732123374939,True
10,8,2,4,2,1,1048576,torch.bfloat16,0.27061760425567627,603979776,0.00010838732123374939,True
10,8,2,4,2,8,1048576,torch.bfloat16,1.197548770904541,4831838208,0.00010838732123374939,True
10,8,2,4,2,32,1048576,torch.bfloat16,4.95948486328125,19327352832,0.00010838732123374939,True
10,8,2,4,2,1,1024,torch.float8_e4m3fn,0.05415199995040894,294912,0.0007018446922302246,True
10,8,2,4,2,8,1024,torch.float8_e4m3fn,0.06531040072441101,2359296,0.0007018446922302246,True
10,8,2,4,2,32,1024,torch.float8_e4m3fn,0.07213760018348694,9437184,0.0007018446922302246,True
10,8,2,4,2,1,8192,torch.float8_e4m3fn,0.05736799836158753,2359296,0.0007018446922302246,True
10,8,2,4,2,8,8192,torch.float8_e4m3fn,0.07191200256347656,18874368,0.0007018446922302246,True
10,8,2,4,2,32,8192,torch.float8_e4m3fn,0.09618080258369446,75497472,0.0007018446922302246,True
10,8,2,4,2,1,32768,torch.float8_e4m3fn,0.06346399784088134,9437184,0.0007018446922302246,True
10,8,2,4,2,8,32768,torch.float8_e4m3fn,0.08661280274391174,75497472,0.0007018446922302246,True
10,8,2,4,2,32,32768,torch.float8_e4m3fn,0.1585744023323059,301989888,0.0007018446922302246,True
10,8,2,4,2,1,131072,torch.float8_e4m3fn,0.07081279754638672,37748736,0.0007018446922302246,True
10,8,2,4,2,8,131072,torch.float8_e4m3fn,0.14844000339508057,301989888,0.0007018446922302246,True
10,8,2,4,2,32,131072,torch.float8_e4m3fn,0.368068790435791,1207959552,0.0007018446922302246,True
10,8,2,4,2,1,524288,torch.float8_e4m3fn,0.11559840440750122,150994944,0.0007018446922302246,True
10,8,2,4,2,8,524288,torch.float8_e4m3fn,0.34057600498199464,1207959552,0.0007018446922302246,True
10,8,2,4,2,32,524288,torch.float8_e4m3fn,1.2135935783386231,4831838208,0.0007018446922302246,True
10,8,2,4,2,1,1048576,torch.float8_e4m3fn,0.16255999803543092,301989888,0.0007018446922302246,True
10,8,2,4,2,8,1048576,torch.float8_e4m3fn,0.5896543979644775,2415919104,0.0007018446922302246,True
10,8,2,4,2,32,1048576,torch.float8_e4m3fn,2.3534223556518556,9663676416,0.0007018446922302246,True
10,8,4,2,2,1,1024,torch.bfloat16,0.06723359823226929,294912,6.015505641698837e-05,True
10,8,4,2,2,8,1024,torch.bfloat16,0.07543519735336304,2359296,6.015505641698837e-05,True
10,8,4,2,2,32,1024,torch.bfloat16,0.09647200107574463,9437184,6.015505641698837e-05,True
10,8,4,2,2,1,8192,torch.bfloat16,0.07260800004005433,2359296,6.015505641698837e-05,True
10,8,4,2,2,8,8192,torch.bfloat16,0.08438400030136109,18874368,6.015505641698837e-05,True
10,8,4,2,2,32,8192,torch.bfloat16,0.11579999923706055,75497472,6.015505641698837e-05,True
10,8,4,2,2,1,32768,torch.bfloat16,0.07934719920158387,9437184,6.015505641698837e-05,True
10,8,4,2,2,8,32768,torch.bfloat16,0.09395679831504822,75497472,6.015505641698837e-05,True
10,8,4,2,2,32,32768,torch.bfloat16,0.16941440105438232,301989888,6.015505641698837e-05,True
10,8,4,2,2,1,131072,torch.bfloat16,0.0921280026435852,37748736,6.015505641698837e-05,True
10,8,4,2,2,8,131072,torch.bfloat16,0.14810880422592163,301989888,6.015505641698837e-05,True
10,8,4,2,2,32,131072,torch.bfloat16,0.3271791934967041,1207959552,6.015505641698837e-05,True
10,8,4,2,2,1,524288,torch.bfloat16,0.12568000555038453,150994944,6.015505641698837e-05,True
10,8,4,2,2,8,524288,torch.bfloat16,0.31708641052246095,1207959552,6.015505641698837e-05,True
10,8,4,2,2,32,524288,torch.bfloat16,0.9661151885986328,4831838208,6.015505641698837e-05,True
10,8,4,2,2,1,1048576,torch.bfloat16,0.17351679801940917,301989888,6.015505641698837e-05,True
10,8,4,2,2,8,1048576,torch.bfloat16,0.516156816482544,2415919104,6.015505641698837e-05,True
10,8,4,2,2,32,1048576,torch.bfloat16,1.8619903564453124,9663676416,6.015505641698837e-05,True
10,8,4,2,2,1,1024,torch.float8_e4m3fn,0.07349759936332703,147456,0.0004520965740084648,True
10,8,4,2,2,8,1024,torch.float8_e4m3fn,0.07370880246162415,1179648,0.0004520965740084648,True
10,8,4,2,2,32,1024,torch.float8_e4m3fn,0.0911296010017395,4718592,0.0004520965740084648,True
10,8,4,2,2,1,8192,torch.float8_e4m3fn,0.07191519737243653,1179648,0.0004520965740084648,True
10,8,4,2,2,8,8192,torch.float8_e4m3fn,0.07896159887313843,9437184,0.0004520965740084648,True
10,8,4,2,2,32,8192,torch.float8_e4m3fn,0.10022720098495483,37748736,0.0004520965740084648,True
10,8,4,2,2,1,32768,torch.float8_e4m3fn,0.07492480278015137,4718592,0.0004520965740084648,True
10,8,4,2,2,8,32768,torch.float8_e4m3fn,0.08947200179100037,37748736,0.0004520965740084648,True
10,8,4,2,2,32,32768,torch.float8_e4m3fn,0.13620799779891968,150994944,0.0004520965740084648,True
10,8,4,2,2,1,131072,torch.float8_e4m3fn,0.08263360261917115,18874368,0.0004520965740084648,True
10,8,4,2,2,8,131072,torch.float8_e4m3fn,0.12113120555877685,150994944,0.0004520965740084648,True
10,8,4,2,2,32,131072,torch.float8_e4m3fn,0.22612481117248534,603979776,0.0004520965740084648,True
10,8,4,2,2,1,524288,torch.float8_e4m3fn,0.10436960458755493,75497472,0.0004520965740084648,True
10,8,4,2,2,8,524288,torch.float8_e4m3fn,0.20213119983673095,603979776,0.0004520965740084648,True
10,8,4,2,2,32,524288,torch.float8_e4m3fn,0.561407995223999,2415919104,0.0004520965740084648,True
10,8,4,2,2,1,1048576,torch.float8_e4m3fn,0.13462719917297364,150994944,0.0004520965740084648,True
10,8,4,2,2,8,1048576,torch.float8_e4m3fn,0.30267040729522704,1207959552,0.0004520965740084648,True
10,8,4,2,2,32,1048576,torch.float8_e4m3fn,1.0425536155700683,4831838208,0.0004520965740084648,True
10,8,8,1,2,1,1024,torch.bfloat16,0.09880800247192383,147456,4.025828093290329e-05,True
10,8,8,1,2,8,1024,torch.bfloat16,0.11548000574111938,1179648,4.025828093290329e-05,True
10,8,8,1,2,32,1024,torch.bfloat16,0.16836800575256347,4718592,4.025828093290329e-05,True
10,8,8,1,2,1,8192,torch.bfloat16,0.10501919984817505,1179648,4.025828093290329e-05,True
10,8,8,1,2,8,8192,torch.bfloat16,0.12470879554748535,9437184,4.025828093290329e-05,True
10,8,8,1,2,32,8192,torch.bfloat16,0.19519200325012206,37748736,4.025828093290329e-05,True
10,8,8,1,2,1,32768,torch.bfloat16,0.10911840200424194,4718592,4.025828093290329e-05,True
10,8,8,1,2,8,32768,torch.bfloat16,0.12484639883041382,37748736,4.025828093290329e-05,True
10,8,8,1,2,32,32768,torch.bfloat16,0.22665441036224365,150994944,4.025828093290329e-05,True
10,8,8,1,2,1,131072,torch.bfloat16,0.1257439970970154,18874368,4.025828093290329e-05,True
10,8,8,1,2,8,131072,torch.bfloat16,0.16032639741897584,150994944,4.025828093290329e-05,True
10,8,8,1,2,32,131072,torch.bfloat16,0.31231839656829835,603979776,4.025828093290329e-05,True
10,8,8,1,2,1,524288,torch.bfloat16,0.12609440088272095,75497472,4.025828093290329e-05,True
10,8,8,1,2,8,524288,torch.bfloat16,0.2450256109237671,603979776,4.025828093290329e-05,True
10,8,8,1,2,32,524288,torch.bfloat16,0.6552703857421875,2415919104,4.025828093290329e-05,True
10,8,8,1,2,1,1048576,torch.bfloat16,0.16128959655761718,150994944,4.025828093290329e-05,True
10,8,8,1,2,8,1048576,torch.bfloat16,0.3472800016403198,1207959552,4.025828093290329e-05,True
10,8,8,1,2,32,1048576,torch.bfloat16,1.1436703681945801,4831838208,4.025828093290329e-05,True
10,8,8,1,2,1,1024,torch.float8_e4m3fn,0.11100959777832031,73728,0.0003478522412478924,True
10,8,8,1,2,8,1024,torch.float8_e4m3fn,0.1242400050163269,589824,0.0003478522412478924,True
10,8,8,1,2,32,1024,torch.float8_e4m3fn,0.16328799724578857,2359296,0.0003478522412478924,True
10,8,8,1,2,1,8192,torch.float8_e4m3fn,0.10246880054473877,589824,0.0003478522412478924,True
10,8,8,1,2,8,8192,torch.float8_e4m3fn,0.11978880167007447,4718592,0.0003478522412478924,True
10,8,8,1,2,32,8192,torch.float8_e4m3fn,0.17560319900512694,18874368,0.0003478522412478924,True
10,8,8,1,2,1,32768,torch.float8_e4m3fn,0.10577919483184814,2359296,0.0003478522412478924,True
10,8,8,1,2,8,32768,torch.float8_e4m3fn,0.1240272045135498,18874368,0.0003478522412478924,True
10,8,8,1,2,32,32768,torch.float8_e4m3fn,0.20213119983673095,75497472,0.0003478522412478924,True
10,8,8,1,2,1,131072,torch.float8_e4m3fn,0.11638879776000977,9437184,0.0003478522412478924,True
10,8,8,1,2,8,131072,torch.float8_e4m3fn,0.13743360042572023,75497472,0.0003478522412478924,True
10,8,8,1,2,32,131072,torch.float8_e4m3fn,0.25175840854644777,301989888,0.0003478522412478924,True
10,8,8,1,2,1,524288,torch.float8_e4m3fn,0.1234671950340271,37748736,0.0003478522412478924,True
10,8,8,1,2,8,524288,torch.float8_e4m3fn,0.18925280570983888,301989888,0.0003478522412478924,True
10,8,8,1,2,32,524288,torch.float8_e4m3fn,0.4434192180633545,1207959552,0.0003478522412478924,True
10,8,8,1,2,1,1048576,torch.float8_e4m3fn,0.13254239559173583,75497472,0.0003478522412478924,True
10,8,8,1,2,8,1048576,torch.float8_e4m3fn,0.260313606262207,603979776,0.0003478522412478924,True
10,8,8,1,2,32,1048576,torch.float8_e4m3fn,0.7109663963317872,2415919104,0.0003478522412478924,True
10,4,1,4,4,1,1024,torch.bfloat16,0.01661120057106018,1179648,9.085610508918762e-05,True
10,4,1,4,4,8,1024,torch.bfloat16,0.02271520048379898,9437184,9.085610508918762e-05,True
10,4,1,4,4,32,1024,torch.bfloat16,0.028883200883865357,37748736,9.085610508918762e-05,True
10,4,1,4,4,1,8192,torch.bfloat16,0.018668800592422485,9437184,9.085610508918762e-05,True
10,4,1,4,4,8,8192,torch.bfloat16,0.03806079924106598,75497472,9.085610508918762e-05,True
10,4,1,4,4,32,8192,torch.bfloat16,0.10367840528488159,301989888,9.085610508918762e-05,True
10,4,1,4,4,1,32768,torch.bfloat16,0.030862399935722352,37748736,9.085610508918762e-05,True
10,4,1,4,4,8,32768,torch.bfloat16,0.10076800584793091,301989888,9.085610508918762e-05,True
10,4,1,4,4,32,32768,torch.bfloat16,0.33067200183868406,1207959552,9.085610508918762e-05,True
10,4,1,4,4,1,131072,torch.bfloat16,0.07196000218391418,150994944,9.085610508918762e-05,True
10,4,1,4,4,8,131072,torch.bfloat16,0.3044975996017456,1207959552,9.085610508918762e-05,True
10,4,1,4,4,32,131072,torch.bfloat16,1.2354975700378419,4831838208,9.085610508918762e-05,True
10,4,1,4,4,1,524288,torch.bfloat16,0.2171247959136963,603979776,9.085610508918762e-05,True
10,4,1,4,4,8,524288,torch.bfloat16,1.1363807678222657,4831838208,9.085610508918762e-05,True
10,4,1,4,4,32,524288,torch.bfloat16,4.8481792449951175,19327352832,9.085610508918762e-05,True
10,4,1,4,4,1,1048576,torch.bfloat16,0.4122320175170898,1207959552,9.085610508918762e-05,True
10,4,1,4,4,8,1048576,torch.bfloat16,2.264414405822754,9663676416,9.085610508918762e-05,True
10,4,1,4,4,32,1048576,torch.bfloat16,9.646721649169923,38654705664,9.085610508918762e-05,True
10,4,1,4,4,1,1024,torch.float8_e4m3fn,0.015727999806404113,589824,0.0009381643030792475,True
10,4,1,4,4,8,1024,torch.float8_e4m3fn,0.020686399936676026,4718592,0.0009381643030792475,True
10,4,1,4,4,32,1024,torch.float8_e4m3fn,0.022758400440216063,18874368,0.0009381643030792475,True
10,4,1,4,4,1,8192,torch.float8_e4m3fn,0.016638399660587312,4718592,0.0009381643030792475,True
10,4,1,4,4,8,8192,torch.float8_e4m3fn,0.026817598938941957,37748736,0.0009381643030792475,True
10,4,1,4,4,32,8192,torch.float8_e4m3fn,0.059996801614761355,150994944,0.0009381643030792475,True
10,4,1,4,4,1,32768,torch.float8_e4m3fn,0.024806399643421174,18874368,0.0009381643030792475,True
10,4,1,4,4,8,32768,torch.float8_e4m3fn,0.05829439759254455,150994944,0.0009381643030792475,True
10,4,1,4,4,32,32768,torch.float8_e4m3fn,0.1635151982307434,603979776,0.0009381643030792475,True
10,4,1,4,4,1,131072,torch.float8_e4m3fn,0.04318400025367737,75497472,0.0009381643030792475,True
10,4,1,4,4,8,131072,torch.float8_e4m3fn,0.15109599828720094,603979776,0.0009381643030792475,True
10,4,1,4,4,32,131072,torch.float8_e4m3fn,0.5700943946838379,2415919104,0.0009381643030792475,True
10,4,1,4,4,1,524288,torch.float8_e4m3fn,0.10817919969558716,301989888,0.0009381643030792475,True
10,4,1,4,4,8,524288,torch.float8_e4m3fn,0.5267663955688476,2415919104,0.0009381643030792475,True
10,4,1,4,4,32,524288,torch.float8_e4m3fn,2.2627487182617188,9663676416,0.0009381643030792475,True
10,4,1,4,4,1,1048576,torch.float8_e4m3fn,0.19555039405822755,603979776,0.0009381643030792475,True
10,4,1,4,4,8,1048576,torch.float8_e4m3fn,1.0272368431091308,4831838208,0.0009381643030792475,True
10,4,1,4,4,32,1048576,torch.float8_e4m3fn,4.516873550415039,19327352832,0.0009381643030792475,True
10,4,2,2,4,1,1024,torch.bfloat16,0.05357599854469299,589824,0.00012036971747875214,True
10,4,2,2,4,8,1024,torch.bfloat16,0.06337599754333496,4718592,0.00012036971747875214,True
10,4,2,2,4,32,1024,torch.bfloat16,0.08452320098876953,18874368,0.00012036971747875214,True
10,4,2,2,4,1,8192,torch.bfloat16,0.058843201398849486,4718592,0.00012036971747875214,True
10,4,2,2,4,8,8192,torch.bfloat16,0.0762880027294159,37748736,0.00012036971747875214,True
10,4,2,2,4,32,8192,torch.bfloat16,0.12555999755859376,150994944,0.00012036971747875214,True
10,4,2,2,4,1,32768,torch.bfloat16,0.0680624008178711,18874368,0.00012036971747875214,True
10,4,2,2,4,8,32768,torch.bfloat16,0.10875040292739868,150994944,0.00012036971747875214,True
10,4,2,2,4,32,32768,torch.bfloat16,0.20929598808288574,603979776,0.00012036971747875214,True
10,4,2,2,4,1,131072,torch.bfloat16,0.0849568009376526,75497472,0.00012036971747875214,True
10,4,2,2,4,8,131072,torch.bfloat16,0.18696320056915283,603979776,0.00012036971747875214,True
10,4,2,2,4,32,131072,torch.bfloat16,0.5198575973510742,2415919104,0.00012036971747875214,True
10,4,2,2,4,1,524288,torch.bfloat16,0.14830880165100097,301989888,0.00012036971747875214,True
10,4,2,2,4,8,524288,torch.bfloat16,0.49981279373168946,2415919104,0.00012036971747875214,True
10,4,2,2,4,32,524288,torch.bfloat16,1.8283151626586913,9663676416,0.00012036971747875214,True
10,4,2,2,4,1,1048576,torch.bfloat16,0.2123728036880493,603979776,0.00012036971747875214,True
10,4,2,2,4,8,1048576,torch.bfloat16,0.8899999618530273,4831838208,0.00012036971747875214,True
10,4,2,2,4,32,1048576,torch.bfloat16,3.854974365234375,19327352832,0.00012036971747875214,True
10,4,2,2,4,1,1024,torch.float8_e4m3fn,0.05246400237083435,294912,0.0006546312943100929,True
10,4,2,2,4,8,1024,torch.float8_e4m3fn,0.058723199367523196,2359296,0.0006546312943100929,True
10,4,2,2,4,32,1024,torch.float8_e4m3fn,0.0781279981136322,9437184,0.0006546312943100929,True
10,4,2,2,4,1,8192,torch.float8_e4m3fn,0.057062399387359616,2359296,0.0006546312943100929,True
10,4,2,2,4,8,8192,torch.float8_e4m3fn,0.0678991973400116,18874368,0.0006546312943100929,True
10,4,2,2,4,32,8192,torch.float8_e4m3fn,0.09300320148468018,75497472,0.0006546312943100929,True
10,4,2,2,4,1,32768,torch.float8_e4m3fn,0.06174399852752686,9437184,0.0006546312943100929,True
10,4,2,2,4,8,32768,torch.float8_e4m3fn,0.07728639841079712,75497472,0.0006546312943100929,True
10,4,2,2,4,32,32768,torch.float8_e4m3fn,0.14834719896316528,301989888,0.0006546312943100929,True
10,4,2,2,4,1,131072,torch.float8_e4m3fn,0.07272800207138061,37748736,0.0006546312943100929,True
10,4,2,2,4,8,131072,torch.float8_e4m3fn,0.1302448034286499,301989888,0.0006546312943100929,True
10,4,2,2,4,32,131072,torch.float8_e4m3fn,0.3201184034347534,1207959552,0.0006546312943100929,True
10,4,2,2,4,1,524288,torch.float8_e4m3fn,0.11472959518432617,150994944,0.0006546312943100929,True
10,4,2,2,4,8,524288,torch.float8_e4m3fn,0.28402879238128664,1207959552,0.0006546312943100929,True
10,4,2,2,4,32,524288,torch.float8_e4m3fn,1.0018336296081543,4831838208,0.0006546312943100929,True
10,4,2,2,4,1,1048576,torch.float8_e4m3fn,0.17334239482879638,301989888,0.0006546312943100929,True
10,4,2,2,4,8,1048576,torch.float8_e4m3fn,0.49065279960632324,2415919104,0.0006546312943100929,True
10,4,2,2,4,32,1048576,torch.float8_e4m3fn,2.097113609313965,9663676416,0.0006546312943100929,True
10,4,4,1,4,1,1024,torch.bfloat16,0.07094879746437073,294912,5.965307354927063e-05,True
10,4,4,1,4,8,1024,torch.bfloat16,0.09100000262260437,2359296,5.965307354927063e-05,True
10,4,4,1,4,32,1024,torch.bfloat16,0.1306928038597107,9437184,5.965307354927063e-05,True
10,4,4,1,4,1,8192,torch.bfloat16,0.07982720136642456,2359296,5.965307354927063e-05,True
10,4,4,1,4,8,8192,torch.bfloat16,0.10618879795074462,18874368,5.965307354927063e-05,True
10,4,4,1,4,32,8192,torch.bfloat16,0.1658671975135803,75497472,5.965307354927063e-05,True
10,4,4,1,4,1,32768,torch.bfloat16,0.08486400246620178,9437184,5.965307354927063e-05,True
10,4,4,1,4,8,32768,torch.bfloat16,0.11500799655914307,75497472,5.965307354927063e-05,True
10,4,4,1,4,32,32768,torch.bfloat16,0.21479039192199706,301989888,5.965307354927063e-05,True
10,4,4,1,4,1,131072,torch.bfloat16,0.09494240283966064,37748736,5.965307354927063e-05,True
10,4,4,1,4,8,131072,torch.bfloat16,0.16139999628067017,301989888,5.965307354927063e-05,True
10,4,4,1,4,32,131072,torch.bfloat16,0.3834912061691284,1207959552,5.965307354927063e-05,True
10,4,4,1,4,1,524288,torch.bfloat16,0.12597279548645018,150994944,5.965307354927063e-05,True
10,4,4,1,4,8,524288,torch.bfloat16,0.32279040813446047,1207959552,5.965307354927063e-05,True
10,4,4,1,4,32,524288,torch.bfloat16,1.100806427001953,4831838208,5.965307354927063e-05,True
10,4,4,1,4,1,1048576,torch.bfloat16,0.1837664008140564,301989888,5.965307354927063e-05,True
10,4,4,1,4,8,1048576,torch.bfloat16,0.5405424118041993,2415919104,5.965307354927063e-05,True
10,4,4,1,4,32,1048576,torch.bfloat16,2.136003112792969,9663676416,5.965307354927063e-05,True
10,4,4,1,4,1,1024,torch.float8_e4m3fn,0.09165279865264893,147456,0.00045209750533103943,True
10,4,4,1,4,8,1024,torch.float8_e4m3fn,0.086627197265625,1179648,0.00045209750533103943,True
10,4,4,1,4,32,1024,torch.float8_e4m3fn,0.12379839420318603,4718592,0.00045209750533103943,True
10,4,4,1,4,1,8192,torch.float8_e4m3fn,0.0765999972820282,1179648,0.00045209750533103943,True
10,4,4,1,4,8,8192,torch.float8_e4m3fn,0.09648320078849792,9437184,0.00045209750533103943,True
10,4,4,1,4,32,8192,torch.float8_e4m3fn,0.1457919955253601,37748736,0.00045209750533103943,True
10,4,4,1,4,1,32768,torch.float8_e4m3fn,0.08062559962272645,4718592,0.00045209750533103943,True
10,4,4,1,4,8,32768,torch.float8_e4m3fn,0.0998207986354828,37748736,0.00045209750533103943,True
10,4,4,1,4,32,32768,torch.float8_e4m3fn,0.1762287974357605,150994944,0.00045209750533103943,True
10,4,4,1,4,1,131072,torch.float8_e4m3fn,0.09255840182304383,18874368,0.00045209750533103943,True
10,4,4,1,4,8,131072,torch.float8_e4m3fn,0.13423839807510377,150994944,0.00045209750533103943,True
10,4,4,1,4,32,131072,torch.float8_e4m3fn,0.2745039939880371,603979776,0.00045209750533103943,True
10,4,4,1,4,1,524288,torch.float8_e4m3fn,0.10362880229949951,75497472,0.00045209750533103943,True
10,4,4,1,4,8,524288,torch.float8_e4m3fn,0.2315920114517212,603979776,0.00045209750533103943,True
10,4,4,1,4,32,524288,torch.float8_e4m3fn,0.6593679904937744,2415919104,0.00045209750533103943,True
10,4,4,1,4,1,1048576,torch.float8_e4m3fn,0.1371232032775879,150994944,0.00045209750533103943,True
10,4,4,1,4,8,1048576,torch.float8_e4m3fn,0.3553647994995117,1207959552,0.00045209750533103943,True
10,4,4,1,4,32,1048576,torch.float8_e4m3fn,1.3755200386047364,4831838208,0.00045209750533103943,True
11,16,1,16,1,1,1024,torch.bfloat16,0.012486399710178375,1179648,0.00010919943451881409,True
11,16,1,16,1,8,1024,torch.bfloat16,0.012511999905109405,9437184,0.00010919943451881409,True
11,16,1,16,1,32,1024,torch.bfloat16,0.016484799981117248,37748736,0.00010919943451881409,True
11,16,1,16,1,1,8192,torch.bfloat16,0.014476799964904785,9437184,0.00010919943451881409,True
11,16,1,16,1,8,8192,torch.bfloat16,0.018615999817848207,75497472,0.00010919943451881409,True
11,16,1,16,1,32,8192,torch.bfloat16,0.06757280230522156,301989888,0.00010919943451881409,True
11,16,1,16,1,1,32768,torch.bfloat16,0.02674719989299774,37748736,0.00010919943451881409,True
11,16,1,16,1,8,32768,torch.bfloat16,0.06714079976081848,301989888,0.00010919943451881409,True
11,16,1,16,1,32,32768,torch.bfloat16,0.22238559722900392,1207959552,0.00010919943451881409,True
11,16,1,16,1,1,131072,torch.bfloat16,0.053648000955581664,150994944,0.00010919943451881409,True
11,16,1,16,1,8,131072,torch.bfloat16,0.21604640483856202,1207959552,0.00010919943451881409,True
11,16,1,16,1,32,131072,torch.bfloat16,0.8227696418762207,4831838208,0.00010919943451881409,True
11,16,1,16,1,1,524288,torch.bfloat16,0.13954559564590455,603979776,0.00010919943451881409,True
11,16,1,16,1,8,524288,torch.bfloat16,0.7866864204406738,4831838208,0.00010919943451881409,True
11,16,1,16,1,32,524288,torch.bfloat16,3.265212631225586,19327352832,0.00010919943451881409,True
11,16,1,16,1,1,1048576,torch.bfloat16,0.25461759567260744,1207959552,0.00010919943451881409,True
11,16,1,16,1,8,1048576,torch.bfloat16,1.5644960403442383,9663676416,0.00010919943451881409,True
11,16,1,16,1,32,1048576,torch.bfloat16,6.40921630859375,38654705664,0.00010919943451881409,True
11,16,1,16,1,1,1024,torch.float8_e4m3fn,0.012383999675512314,589824,0.000867361668497324,True
11,16,1,16,1,8,1024,torch.float8_e4m3fn,0.0124208003282547,4718592,0.000867361668497324,True
11,16,1,16,1,32,1024,torch.float8_e4m3fn,0.014420799911022186,18874368,0.000867361668497324,True
11,16,1,16,1,1,8192,torch.float8_e4m3fn,0.014422400295734406,4718592,0.000867361668497324,True
11,16,1,16,1,8,8192,torch.float8_e4m3fn,0.016524800658226015,37748736,0.000867361668497324,True
11,16,1,16,1,32,8192,torch.float8_e4m3fn,0.03529120087623596,150994944,0.000867361668497324,True
11,16,1,16,1,1,32768,torch.float8_e4m3fn,0.022526399791240694,18874368,0.000867361668497324,True
11,16,1,16,1,8,32768,torch.float8_e4m3fn,0.037003201246261594,150994944,0.000867361668497324,True
11,16,1,16,1,32,32768,torch.float8_e4m3fn,0.1023103952407837,603979776,0.000867361668497324,True
11,16,1,16,1,1,131072,torch.float8_e4m3fn,0.03289119899272919,75497472,0.000867361668497324,True
11,16,1,16,1,8,131072,torch.float8_e4m3fn,0.10041600465774536,603979776,0.000867361668497324,True
11,16,1,16,1,32,131072,torch.float8_e4m3fn,0.36689438819885256,2415919104,0.000867361668497324,True
11,16,1,16,1,1,524288,torch.float8_e4m3fn,0.07535359859466553,301989888,0.000867361668497324,True
11,16,1,16,1,8,524288,torch.float8_e4m3fn,0.34940640926361083,2415919104,0.000867361668497324,True
11,16,1,16,1,32,524288,torch.float8_e4m3fn,1.4120800018310546,9663676416,0.000867361668497324,True
11,16,1,16,1,1,1048576,torch.float8_e4m3fn,0.12641439437866211,603979776,0.000867361668497324,True
11,16,1,16,1,8,1048576,torch.float8_e4m3fn,0.6797520160675049,4831838208,0.000867361668497324,True
11,16,1,16,1,32,1048576,torch.float8_e4m3fn,2.8653680801391603,19327352832,0.000867361668497324,True
11,16,2,8,1,1,1024,torch.bfloat16,0.05183839797973633,589824,9.292550384998322e-05,True
11,16,2,8,1,8,1024,torch.bfloat16,0.05751680135726929,4718592,9.292550384998322e-05,True
11,16,2,8,1,32,1024,torch.bfloat16,0.06271839737892151,18874368,9.292550384998322e-05,True
11,16,2,8,1,1,8192,torch.bfloat16,0.05543680191040039,4718592,9.292550384998322e-05,True
11,16,2,8,1,8,8192,torch.bfloat16,0.06390399932861328,37748736,9.292550384998322e-05,True
11,16,2,8,1,32,8192,torch.bfloat16,0.10692800283432007,150994944,9.292550384998322e-05,True
11,16,2,8,1,1,32768,torch.bfloat16,0.05990399718284607,18874368,9.292550384998322e-05,True
11,16,2,8,1,8,32768,torch.bfloat16,0.10038080215454101,150994944,9.292550384998322e-05,True
11,16,2,8,1,32,32768,torch.bfloat16,0.18259999752044678,603979776,9.292550384998322e-05,True
11,16,2,8,1,1,131072,torch.bfloat16,0.0811855971813202,75497472,9.292550384998322e-05,True
11,16,2,8,1,8,131072,torch.bfloat16,0.1779871940612793,603979776,9.292550384998322e-05,True
11,16,2,8,1,32,131072,torch.bfloat16,0.4889520168304443,2415919104,9.292550384998322e-05,True
11,16,2,8,1,1,524288,torch.bfloat16,0.1338096022605896,301989888,9.292550384998322e-05,True
11,16,2,8,1,8,524288,torch.bfloat16,0.47972960472106935,2415919104,9.292550384998322e-05,True
11,16,2,8,1,32,524288,torch.bfloat16,1.6887264251708984,9663676416,9.292550384998322e-05,True
11,16,2,8,1,1,1048576,torch.bfloat16,0.19445120096206664,603979776,9.292550384998322e-05,True
11,16,2,8,1,8,1048576,torch.bfloat16,0.8509519577026368,4831838208,9.292550384998322e-05,True
11,16,2,8,1,32,1048576,torch.bfloat16,3.3492816925048827,19327352832,9.292550384998322e-05,True
11,16,2,8,1,1,1024,torch.float8_e4m3fn,0.04963360130786896,294912,0.0006077683065086603,True
11,16,2,8,1,8,1024,torch.float8_e4m3fn,0.05460799932479858,2359296,0.0006077683065086603,True
11,16,2,8,1,32,1024,torch.float8_e4m3fn,0.05801439881324768,9437184,0.0006077683065086603,True
11,16,2,8,1,1,8192,torch.float8_e4m3fn,0.05347359776496887,2359296,0.0006077683065086603,True
11,16,2,8,1,8,8192,torch.float8_e4m3fn,0.06048319935798645,18874368,0.0006077683065086603,True
11,16,2,8,1,32,8192,torch.float8_e4m3fn,0.0695583999156952,75497472,0.0006077683065086603,True
11,16,2,8,1,1,32768,torch.float8_e4m3fn,0.05693920254707337,9437184,0.0006077683065086603,True
11,16,2,8,1,8,32768,torch.float8_e4m3fn,0.06971039772033691,75497472,0.0006077683065086603,True
11,16,2,8,1,32,32768,torch.float8_e4m3fn,0.11688640117645263,301989888,0.0006077683065086603,True
11,16,2,8,1,1,131072,torch.float8_e4m3fn,0.06768320202827453,37748736,0.0006077683065086603,True
11,16,2,8,1,8,131072,torch.float8_e4m3fn,0.11614400148391724,301989888,0.0006077683065086603,True
11,16,2,8,1,32,131072,torch.float8_e4m3fn,0.25050399303436277,1207959552,0.0006077683065086603,True
11,16,2,8,1,1,524288,torch.float8_e4m3fn,0.09952960014343262,150994944,0.0006077683065086603,True
11,16,2,8,1,8,524288,torch.float8_e4m3fn,0.24038240909576417,1207959552,0.0006077683065086603,True
11,16,2,8,1,32,524288,torch.float8_e4m3fn,0.7747007846832276,4831838208,0.0006077683065086603,True
11,16,2,8,1,1,1048576,torch.float8_e4m3fn,0.12531360387802123,301989888,0.0006077683065086603,True
11,16,2,8,1,8,1048576,torch.float8_e4m3fn,0.407150411605835,2415919104,0.0006077683065086603,True
11,16,2,8,1,32,1048576,torch.float8_e4m3fn,1.4744303703308106,9663676416,0.0006077683065086603,True
11,16,4,4,1,1,1024,torch.bfloat16,0.06877920031547546,294912,5.9450045228004456e-05,True
11,16,4,4,1,8,1024,torch.bfloat16,0.08046079874038696,2359296,5.9450045228004456e-05,True
11,16,4,4,1,32,1024,torch.bfloat16,0.08837599754333496,9437184,5.9450045228004456e-05,True
11,16,4,4,1,1,8192,torch.bfloat16,0.07445759773254394,2359296,5.9450045228004456e-05,True
11,16,4,4,1,8,8192,torch.bfloat16,0.08774880170822144,18874368,5.9450045228004456e-05,True
11,16,4,4,1,32,8192,torch.bfloat16,0.12857919931411743,75497472,5.9450045228004456e-05,True
11,16,4,4,1,1,32768,torch.bfloat16,0.0753920018672943,9437184,5.9450045228004456e-05,True
11,16,4,4,1,8,32768,torch.bfloat16,0.10971519947052003,75497472,5.9450045228004456e-05,True
11,16,4,4,1,32,32768,torch.bfloat16,0.18507360219955443,301989888,5.9450045228004456e-05,True
11,16,4,4,1,1,131072,torch.bfloat16,0.0887328028678894,37748736,5.9450045228004456e-05,True
11,16,4,4,1,8,131072,torch.bfloat16,0.1742128014564514,301989888,5.9450045228004456e-05,True
11,16,4,4,1,32,131072,torch.bfloat16,0.4177663803100586,1207959552,5.9450045228004456e-05,True
11,16,4,4,1,1,524288,torch.bfloat16,0.13779840469360352,150994944,5.9450045228004456e-05,True
11,16,4,4,1,8,524288,torch.bfloat16,0.38027999401092527,1207959552,5.9450045228004456e-05,True
11,16,4,4,1,32,524288,torch.bfloat16,1.331715202331543,4831838208,5.9450045228004456e-05,True
11,16,4,4,1,1,1048576,torch.bfloat16,0.1888703942298889,301989888,5.9450045228004456e-05,True
11,16,4,4,1,8,1048576,torch.bfloat16,0.658625602722168,2415919104,5.9450045228004456e-05,True
11,16,4,4,1,32,1048576,torch.bfloat16,2.5583168029785157,9663676416,5.9450045228004456e-05,True
11,16,4,4,1,1,1024,torch.float8_e4m3fn,0.06627839803695679,147456,0.0004413479473441839,True
11,16,4,4,1,8,1024,torch.float8_e4m3fn,0.07826399803161621,1179648,0.0004413479473441839,True
11,16,4,4,1,32,1024,torch.float8_e4m3fn,0.08456159830093384,4718592,0.0004413479473441839,True
11,16,4,4,1,1,8192,torch.float8_e4m3fn,0.07134079933166504,1179648,0.0004413479473441839,True
11,16,4,4,1,8,8192,torch.float8_e4m3fn,0.08312159776687622,9437184,0.0004413479473441839,True
11,16,4,4,1,32,8192,torch.float8_e4m3fn,0.0964959979057312,37748736,0.0004413479473441839,True
11,16,4,4,1,1,32768,torch.float8_e4m3fn,0.07304000258445739,4718592,0.0004413479473441839,True
11,16,4,4,1,8,32768,torch.float8_e4m3fn,0.09171839952468872,37748736,0.0004413479473441839,True
11,16,4,4,1,32,32768,torch.float8_e4m3fn,0.13636959791183473,150994944,0.0004413479473441839,True
11,16,4,4,1,1,131072,torch.float8_e4m3fn,0.0823472023010254,18874368,0.0004413479473441839,True
11,16,4,4,1,8,131072,torch.float8_e4m3fn,0.13111679553985595,150994944,0.0004413479473441839,True
11,16,4,4,1,32,131072,torch.float8_e4m3fn,0.2448863983154297,603979776,0.0004413479473441839,True
11,16,4,4,1,1,524288,torch.float8_e4m3fn,0.10487359762191772,75497472,0.0004413479473441839,True
11,16,4,4,1,8,524288,torch.float8_e4m3fn,0.22810719013214112,603979776,0.0004413479473441839,True
11,16,4,4,1,32,524288,torch.float8_e4m3fn,0.6625264167785645,2415919104,0.0004413479473441839,True
11,16,4,4,1,1,1048576,torch.float8_e4m3fn,0.1285696029663086,150994944,0.0004413479473441839,True
11,16,4,4,1,8,1048576,torch.float8_e4m3fn,0.35639519691467286,1207959552,0.0004413479473441839,True
11,16,4,4,1,32,1048576,torch.float8_e4m3fn,1.218500804901123,4831838208,0.0004413479473441839,True
11,16,8,2,1,1,1024,torch.bfloat16,0.09584479928016662,147456,4.772655665874481e-05,True
11,16,8,2,1,8,1024,torch.bfloat16,0.10223200321197509,1179648,4.772655665874481e-05,True
11,16,8,2,1,32,1024,torch.bfloat16,0.12805919647216796,4718592,4.772655665874481e-05,True
11,16,8,2,1,1,8192,torch.bfloat16,0.10028320550918579,1179648,4.772655665874481e-05,True
11,16,8,2,1,8,8192,torch.bfloat16,0.10961120128631592,9437184,4.772655665874481e-05,True
11,16,8,2,1,32,8192,torch.bfloat16,0.14812639951705933,37748736,4.772655665874481e-05,True
11,16,8,2,1,1,32768,torch.bfloat16,0.10048799514770508,4718592,4.772655665874481e-05,True
11,16,8,2,1,8,32768,torch.bfloat16,0.1182144045829773,37748736,4.772655665874481e-05,True
11,16,8,2,1,32,32768,torch.bfloat16,0.1845088005065918,150994944,4.772655665874481e-05,True
11,16,8,2,1,1,131072,torch.bfloat16,0.10917600393295288,18874368,4.772655665874481e-05,True
11,16,8,2,1,8,131072,torch.bfloat16,0.15043840408325196,150994944,4.772655665874481e-05,True
11,16,8,2,1,32,131072,torch.bfloat16,0.264352011680603,603979776,4.772655665874481e-05,True
11,16,8,2,1,1,524288,torch.bfloat16,0.12884479761123657,75497472,4.772655665874481e-05,True
11,16,8,2,1,8,524288,torch.bfloat16,0.2315648078918457,603979776,4.772655665874481e-05,True
11,16,8,2,1,32,524288,torch.bfloat16,0.5735407829284668,2415919104,4.772655665874481e-05,True
11,16,8,2,1,1,1048576,torch.bfloat16,0.1533504009246826,150994944,4.772655665874481e-05,True
11,16,8,2,1,8,1048576,torch.bfloat16,0.34355199337005615,1207959552,4.772655665874481e-05,True
11,16,8,2,1,32,1048576,torch.bfloat16,0.9996671676635742,4831838208,4.772655665874481e-05,True
11,16,8,2,1,1,1024,torch.float8_e4m3fn,0.09742879867553711,73728,0.0002933804062195122,True
11,16,8,2,1,8,1024,torch.float8_e4m3fn,0.10533119440078735,589824,0.0002933804062195122,True
11,16,8,2,1,32,1024,torch.float8_e4m3fn,0.1222864031791687,2359296,0.0002933804062195122,True
11,16,8,2,1,1,8192,torch.float8_e4m3fn,0.09577760100364685,589824,0.0002933804062195122,True
11,16,8,2,1,8,8192,torch.float8_e4m3fn,0.10479680299758912,4718592,0.0002933804062195122,True
11,16,8,2,1,32,8192,torch.float8_e4m3fn,0.12971680164337157,18874368,0.0002933804062195122,True
11,16,8,2,1,1,32768,torch.float8_e4m3fn,0.09882400035858155,2359296,0.0002933804062195122,True
11,16,8,2,1,8,32768,torch.float8_e4m3fn,0.11002399921417236,18874368,0.0002933804062195122,True
11,16,8,2,1,32,32768,torch.float8_e4m3fn,0.15490399599075316,75497472,0.0002933804062195122,True
11,16,8,2,1,1,131072,torch.float8_e4m3fn,0.10453920364379883,9437184,0.0002933804062195122,True
11,16,8,2,1,8,131072,torch.float8_e4m3fn,0.11851359605789184,75497472,0.0002933804062195122,True
11,16,8,2,1,32,131072,torch.float8_e4m3fn,0.20740480422973634,301989888,0.0002933804062195122,True
11,16,8,2,1,1,524288,torch.float8_e4m3fn,0.11543519496917724,37748736,0.0002933804062195122,True
11,16,8,2,1,8,524288,torch.float8_e4m3fn,0.17185920476913452,301989888,0.0002933804062195122,True
11,16,8,2,1,32,524288,torch.float8_e4m3fn,0.38053600788116454,1207959552,0.0002933804062195122,True
11,16,8,2,1,1,1048576,torch.float8_e4m3fn,0.12797759771347045,75497472,0.0002933804062195122,True
11,16,8,2,1,8,1048576,torch.float8_e4m3fn,0.22730400562286376,603979776,0.0002933804062195122,True
11,16,8,2,1,32,1048576,torch.float8_e4m3fn,0.6048351764678955,2415919104,0.0002933804062195122,True
11,16,16,1,1,1,8192,torch.bfloat16,0.14975680112838746,589824,2.623302862048149e-05,True
11,16,16,1,1,8,8192,torch.bfloat16,0.16428159475326537,4718592,2.623302862048149e-05,True
11,16,16,1,1,32,8192,torch.bfloat16,0.2172703981399536,18874368,2.623302862048149e-05,True
11,16,16,1,1,1,32768,torch.bfloat16,0.15179519653320311,2359296,2.623302862048149e-05,True
11,16,16,1,1,8,32768,torch.bfloat16,0.1793231964111328,18874368,2.623302862048149e-05,True
11,16,16,1,1,32,32768,torch.bfloat16,0.2448944091796875,75497472,2.623302862048149e-05,True
11,16,16,1,1,1,131072,torch.bfloat16,0.16027519702911378,9437184,2.623302862048149e-05,True
11,16,16,1,1,8,131072,torch.bfloat16,0.2031183958053589,75497472,2.623302862048149e-05,True
11,16,16,1,1,32,131072,torch.bfloat16,0.29182560443878175,301989888,2.623302862048149e-05,True
11,16,16,1,1,1,524288,torch.bfloat16,0.169051194190979,37748736,2.623302862048149e-05,True
11,16,16,1,1,8,524288,torch.bfloat16,0.25465281009674073,301989888,2.623302862048149e-05,True
11,16,16,1,1,32,524288,torch.bfloat16,0.4615903854370117,1207959552,2.623302862048149e-05,True
11,16,16,1,1,1,1048576,torch.bfloat16,0.18159359693527222,75497472,2.623302862048149e-05,True
11,16,16,1,1,8,1048576,torch.bfloat16,0.31015839576721194,603979776,2.623302862048149e-05,True
11,16,16,1,1,32,1048576,torch.bfloat16,0.7010000228881836,2415919104,2.623302862048149e-05,True
11,16,16,1,1,1,8192,torch.float8_e4m3fn,0.1456928014755249,294912,0.000256143044680357,True
11,16,16,1,1,8,8192,torch.float8_e4m3fn,0.16368479728698732,2359296,0.000256143044680357,True
11,16,16,1,1,32,8192,torch.float8_e4m3fn,0.2019184112548828,9437184,0.000256143044680357,True
11,16,16,1,1,1,32768,torch.float8_e4m3fn,0.14753600358963012,1179648,0.000256143044680357,True
11,16,16,1,1,8,32768,torch.float8_e4m3fn,0.17337599992752076,9437184,0.000256143044680357,True
11,16,16,1,1,32,32768,torch.float8_e4m3fn,0.22577118873596191,37748736,0.000256143044680357,True
11,16,16,1,1,1,131072,torch.float8_e4m3fn,0.151419198513031,4718592,0.000256143044680357,True
11,16,16,1,1,8,131072,torch.float8_e4m3fn,0.17605760097503662,37748736,0.000256143044680357,True
11,16,16,1,1,32,131072,torch.float8_e4m3fn,0.25690560340881347,150994944,0.000256143044680357,True
11,16,16,1,1,1,524288,torch.float8_e4m3fn,0.16316640377044678,18874368,0.000256143044680357,True
11,16,16,1,1,8,524288,torch.float8_e4m3fn,0.22618238925933837,150994944,0.000256143044680357,True
11,16,16,1,1,32,524288,torch.float8_e4m3fn,0.36126079559326174,603979776,0.000256143044680357,True
11,16,16,1,1,1,1048576,torch.float8_e4m3fn,0.167086398601532,37748736,0.000256143044680357,True
11,16,16,1,1,8,1048576,torch.float8_e4m3fn,0.2520479917526245,301989888,0.000256143044680357,True
11,16,16,1,1,32,1048576,torch.float8_e4m3fn,0.4931344032287598,1207959552,0.000256143044680357,True
11,8,1,8,2,1,1024,torch.bfloat16,0.014406399428844452,1179648,0.00010919943451881409,True
11,8,1,8,2,8,1024,torch.bfloat16,0.014435200393199921,9437184,0.00010919943451881409,True
11,8,1,8,2,32,1024,torch.bfloat16,0.01650719940662384,37748736,0.00010919943451881409,True
11,8,1,8,2,1,8192,torch.bfloat16,0.016468800604343414,9437184,0.00010919943451881409,True
11,8,1,8,2,8,8192,torch.bfloat16,0.01914079934358597,75497472,0.00010919943451881409,True
11,8,1,8,2,32,8192,torch.bfloat16,0.06832640171051026,301989888,0.00010919943451881409,True
11,8,1,8,2,1,32768,torch.bfloat16,0.026800000667572023,37748736,0.00010919943451881409,True
11,8,1,8,2,8,32768,torch.bfloat16,0.06684160232543945,301989888,0.00010919943451881409,True
11,8,1,8,2,32,32768,torch.bfloat16,0.22322399616241456,1207959552,0.00010919943451881409,True
11,8,1,8,2,1,131072,torch.bfloat16,0.05307679772377014,150994944,0.00010919943451881409,True
11,8,1,8,2,8,131072,torch.bfloat16,0.22987039089202882,1207959552,0.00010919943451881409,True
11,8,1,8,2,32,131072,torch.bfloat16,0.8309056282043457,4831838208,0.00010919943451881409,True
11,8,1,8,2,1,524288,torch.bfloat16,0.13872159719467164,603979776,0.00010919943451881409,True
11,8,1,8,2,8,524288,torch.bfloat16,0.7882895946502686,4831838208,0.00010919943451881409,True
11,8,1,8,2,32,524288,torch.bfloat16,3.280441665649414,19327352832,0.00010919943451881409,True
11,8,1,8,2,1,1048576,torch.bfloat16,0.25415520668029784,1207959552,0.00010919943451881409,True
11,8,1,8,2,8,1048576,torch.bfloat16,1.565456008911133,9663676416,0.00010919943451881409,True
11,8,1,8,2,32,1048576,torch.bfloat16,6.483812713623047,38654705664,0.00010919943451881409,True
11,8,1,8,2,1,1024,torch.float8_e4m3fn,0.012508800625801087,589824,0.0009336024522781372,True
11,8,1,8,2,8,1024,torch.float8_e4m3fn,0.012454400211572647,4718592,0.0009336024522781372,True
11,8,1,8,2,32,1024,torch.float8_e4m3fn,0.014455999433994293,18874368,0.0009336024522781372,True
11,8,1,8,2,1,8192,torch.float8_e4m3fn,0.014521600306034088,4718592,0.0009336024522781372,True
11,8,1,8,2,8,8192,torch.float8_e4m3fn,0.016476799547672272,37748736,0.0009336024522781372,True
11,8,1,8,2,32,8192,torch.float8_e4m3fn,0.03702560067176819,150994944,0.0009336024522781372,True
11,8,1,8,2,1,32768,torch.float8_e4m3fn,0.022705599665641785,18874368,0.0009336024522781372,True
11,8,1,8,2,8,32768,torch.float8_e4m3fn,0.03768480122089386,150994944,0.0009336024522781372,True
11,8,1,8,2,32,32768,torch.float8_e4m3fn,0.1027135968208313,603979776,0.0009336024522781372,True
11,8,1,8,2,1,131072,torch.float8_e4m3fn,0.032943999767303465,75497472,0.0009336024522781372,True
11,8,1,8,2,8,131072,torch.float8_e4m3fn,0.10162080526351928,603979776,0.0009336024522781372,True
11,8,1,8,2,32,131072,torch.float8_e4m3fn,0.36435999870300295,2415919104,0.0009336024522781372,True
11,8,1,8,2,1,524288,torch.float8_e4m3fn,0.07450399994850158,301989888,0.0009336024522781372,True
11,8,1,8,2,8,524288,torch.float8_e4m3fn,0.34935200214385986,2415919104,0.0009336024522781372,True
11,8,1,8,2,32,524288,torch.float8_e4m3fn,1.4192607879638672,9663676416,0.0009336024522781372,True
11,8,1,8,2,1,1048576,torch.float8_e4m3fn,0.12698240280151368,603979776,0.0009336024522781372,True
11,8,1,8,2,8,1048576,torch.float8_e4m3fn,0.6805520057678223,4831838208,0.0009336024522781372,True
11,8,1,8,2,32,1048576,torch.float8_e4m3fn,2.8957904815673827,19327352832,0.0009336024522781372,True
11,8,2,4,2,1,1024,torch.bfloat16,0.05690720081329346,589824,0.00010685250163078308,True
11,8,2,4,2,8,1024,torch.bfloat16,0.06587520241737366,4718592,0.00010685250163078308,True
11,8,2,4,2,32,1024,torch.bfloat16,0.07623040080070495,18874368,0.00010685250163078308,True
11,8,2,4,2,1,8192,torch.bfloat16,0.06058080196380615,4718592,0.00010685250163078308,True
11,8,2,4,2,8,8192,torch.bfloat16,0.07565919756889343,37748736,0.00010685250163078308,True
11,8,2,4,2,32,8192,torch.bfloat16,0.13201919794082642,150994944,0.00010685250163078308,True
11,8,2,4,2,1,32768,torch.bfloat16,0.06776639819145203,18874368,0.00010685250163078308,True
11,8,2,4,2,8,32768,torch.bfloat16,0.12265919446945191,150994944,0.00010685250163078308,True
11,8,2,4,2,32,32768,torch.bfloat16,0.24599359035491944,603979776,0.00010685250163078308,True
11,8,2,4,2,1,131072,torch.bfloat16,0.09617120027542114,75497472,0.00010685250163078308,True
11,8,2,4,2,8,131072,torch.bfloat16,0.2255647897720337,603979776,0.00010685250163078308,True
11,8,2,4,2,32,131072,torch.bfloat16,0.703003215789795,2415919104,0.00010685250163078308,True
11,8,2,4,2,1,524288,torch.bfloat16,0.1735311985015869,301989888,0.00010685250163078308,True
11,8,2,4,2,8,524288,torch.bfloat16,0.6431039810180664,2415919104,0.00010685250163078308,True
11,8,2,4,2,32,524288,torch.bfloat16,2.523151969909668,9663676416,0.00010685250163078308,True
11,8,2,4,2,1,1048576,torch.bfloat16,0.2707103967666626,603979776,0.00010685250163078308,True
11,8,2,4,2,8,1048576,torch.bfloat16,1.197704029083252,4831838208,0.00010685250163078308,True
11,8,2,4,2,32,1048576,torch.bfloat16,4.959439849853515,19327352832,0.00010685250163078308,True
11,8,2,4,2,1,1024,torch.float8_e4m3fn,0.05415999889373779,294912,0.0006352802738547325,True
11,8,2,4,2,8,1024,torch.float8_e4m3fn,0.0653711974620819,2359296,0.0006352802738547325,True
11,8,2,4,2,32,1024,torch.float8_e4m3fn,0.0722320020198822,9437184,0.0006352802738547325,True
11,8,2,4,2,1,8192,torch.float8_e4m3fn,0.05724480152130127,2359296,0.0006352802738547325,True
11,8,2,4,2,8,8192,torch.float8_e4m3fn,0.07191680073738098,18874368,0.0006352802738547325,True
11,8,2,4,2,32,8192,torch.float8_e4m3fn,0.09578719735145569,75497472,0.0006352802738547325,True
11,8,2,4,2,1,32768,torch.float8_e4m3fn,0.0633791983127594,9437184,0.0006352802738547325,True
11,8,2,4,2,8,32768,torch.float8_e4m3fn,0.08651040196418762,75497472,0.0006352802738547325,True
11,8,2,4,2,32,32768,torch.float8_e4m3fn,0.15858240127563478,301989888,0.0006352802738547325,True
11,8,2,4,2,1,131072,torch.float8_e4m3fn,0.07094079852104188,37748736,0.0006352802738547325,True
11,8,2,4,2,8,131072,torch.float8_e4m3fn,0.14846880435943605,301989888,0.0006352802738547325,True
11,8,2,4,2,32,131072,torch.float8_e4m3fn,0.36801919937133787,1207959552,0.0006352802738547325,True
11,8,2,4,2,1,524288,torch.float8_e4m3fn,0.11556799411773681,150994944,0.0006352802738547325,True
11,8,2,4,2,8,524288,torch.float8_e4m3fn,0.34032158851623534,1207959552,0.0006352802738547325,True
11,8,2,4,2,32,524288,torch.float8_e4m3fn,1.213484764099121,4831838208,0.0006352802738547325,True
11,8,2,4,2,1,1048576,torch.float8_e4m3fn,0.16263359785079956,301989888,0.0006352802738547325,True
11,8,2,4,2,8,1048576,torch.float8_e4m3fn,0.589566421508789,2415919104,0.0006352802738547325,True
11,8,2,4,2,32,1048576,torch.float8_e4m3fn,2.353556823730469,9663676416,0.0006352802738547325,True
11,8,4,2,2,1,1024,torch.bfloat16,0.06714239716529846,294912,5.9450045228004456e-05,True
11,8,4,2,2,8,1024,torch.bfloat16,0.07549920082092285,2359296,5.9450045228004456e-05,True
11,8,4,2,2,32,1024,torch.bfloat16,0.09656959772109985,9437184,5.9450045228004456e-05,True
11,8,4,2,2,1,8192,torch.bfloat16,0.07267839908599853,2359296,5.9450045228004456e-05,True
11,8,4,2,2,8,8192,torch.bfloat16,0.0842415988445282,18874368,5.9450045228004456e-05,True
11,8,4,2,2,32,8192,torch.bfloat16,0.11592639684677124,75497472,5.9450045228004456e-05,True
11,8,4,2,2,1,32768,torch.bfloat16,0.07932800054550171,9437184,5.9450045228004456e-05,True
11,8,4,2,2,8,32768,torch.bfloat16,0.09389119744300842,75497472,5.9450045228004456e-05,True
11,8,4,2,2,32,32768,torch.bfloat16,0.16945600509643555,301989888,5.9450045228004456e-05,True
11,8,4,2,2,1,131072,torch.bfloat16,0.09211999773979188,37748736,5.9450045228004456e-05,True
11,8,4,2,2,8,131072,torch.bfloat16,0.14816000461578369,301989888,5.9450045228004456e-05,True
11,8,4,2,2,32,131072,torch.bfloat16,0.32737278938293457,1207959552,5.9450045228004456e-05,True
11,8,4,2,2,1,524288,torch.bfloat16,0.1256976008415222,150994944,5.9450045228004456e-05,True
11,8,4,2,2,8,524288,torch.bfloat16,0.317139196395874,1207959552,5.9450045228004456e-05,True
11,8,4,2,2,32,524288,torch.bfloat16,0.966425609588623,4831838208,5.9450045228004456e-05,True
11,8,4,2,2,1,1048576,torch.bfloat16,0.1735360026359558,301989888,5.9450045228004456e-05,True
11,8,4,2,2,8,1048576,torch.bfloat16,0.5160848140716553,2415919104,5.9450045228004456e-05,True
11,8,4,2,2,32,1048576,torch.bfloat16,1.8616912841796875,9663676416,5.9450045228004456e-05,True
11,8,4,2,2,1,1024,torch.float8_e4m3fn,0.0736191987991333,147456,0.0004413479473441839,True
11,8,4,2,2,8,1024,torch.float8_e4m3fn,0.07372959852218627,1179648,0.0004413479473441839,True
11,8,4,2,2,32,1024,torch.float8_e4m3fn,0.0910863995552063,4718592,0.0004413479473441839,True
11,8,4,2,2,1,8192,torch.float8_e4m3fn,0.07184799909591674,1179648,0.0004413479473441839,True
11,8,4,2,2,8,8192,torch.float8_e4m3fn,0.07875999808311462,9437184,0.0004413479473441839,True
11,8,4,2,2,32,8192,torch.float8_e4m3fn,0.10029759407043456,37748736,0.0004413479473441839,True
11,8,4,2,2,1,32768,torch.float8_e4m3fn,0.075135999917984,4718592,0.0004413479473441839,True
11,8,4,2,2,8,32768,torch.float8_e4m3fn,0.08928959965705871,37748736,0.0004413479473441839,True
11,8,4,2,2,32,32768,torch.float8_e4m3fn,0.13624160289764403,150994944,0.0004413479473441839,True
11,8,4,2,2,1,131072,torch.float8_e4m3fn,0.08258879780769349,18874368,0.0004413479473441839,True
11,8,4,2,2,8,131072,torch.float8_e4m3fn,0.12108639478683472,150994944,0.0004413479473441839,True
11,8,4,2,2,32,131072,torch.float8_e4m3fn,0.22614240646362305,603979776,0.0004413479473441839,True
11,8,4,2,2,1,524288,torch.float8_e4m3fn,0.1040992021560669,75497472,0.0004413479473441839,True
11,8,4,2,2,8,524288,torch.float8_e4m3fn,0.20223839282989503,603979776,0.0004413479473441839,True
11,8,4,2,2,32,524288,torch.float8_e4m3fn,0.5613471984863281,2415919104,0.0004413479473441839,True
11,8,4,2,2,1,1048576,torch.float8_e4m3fn,0.13459999561309816,150994944,0.0004413479473441839,True
11,8,4,2,2,8,1048576,torch.float8_e4m3fn,0.30264160633087156,1207959552,0.0004413479473441839,True
11,8,4,2,2,32,1048576,torch.float8_e4m3fn,1.0428624153137207,4831838208,0.0004413479473441839,True
11,8,8,1,2,1,1024,torch.bfloat16,0.09880959987640381,147456,4.772655665874481e-05,True
11,8,8,1,2,8,1024,torch.bfloat16,0.11543519496917724,1179648,4.772655665874481e-05,True
11,8,8,1,2,32,1024,torch.bfloat16,0.1681023955345154,4718592,4.772655665874481e-05,True
11,8,8,1,2,1,8192,torch.bfloat16,0.10514400005340577,1179648,4.772655665874481e-05,True
11,8,8,1,2,8,8192,torch.bfloat16,0.12465759515762329,9437184,4.772655665874481e-05,True
11,8,8,1,2,32,8192,torch.bfloat16,0.19530240297317505,37748736,4.772655665874481e-05,True
11,8,8,1,2,1,32768,torch.bfloat16,0.10886399745941162,4718592,4.772655665874481e-05,True
11,8,8,1,2,8,32768,torch.bfloat16,0.12500640153884887,37748736,4.772655665874481e-05,True
11,8,8,1,2,32,32768,torch.bfloat16,0.2266592025756836,150994944,4.772655665874481e-05,True
11,8,8,1,2,1,131072,torch.bfloat16,0.12563040256500244,18874368,4.772655665874481e-05,True
11,8,8,1,2,8,131072,torch.bfloat16,0.15963040590286254,150994944,4.772655665874481e-05,True
11,8,8,1,2,32,131072,torch.bfloat16,0.3125407934188843,603979776,4.772655665874481e-05,True
11,8,8,1,2,1,524288,torch.bfloat16,0.1262511968612671,75497472,4.772655665874481e-05,True
11,8,8,1,2,8,524288,torch.bfloat16,0.24494719505310059,603979776,4.772655665874481e-05,True
11,8,8,1,2,32,524288,torch.bfloat16,0.6552303791046142,2415919104,4.772655665874481e-05,True
11,8,8,1,2,1,1048576,torch.bfloat16,0.16117279529571532,150994944,4.772655665874481e-05,True
11,8,8,1,2,8,1048576,torch.bfloat16,0.347324800491333,1207959552,4.772655665874481e-05,True
11,8,8,1,2,32,1048576,torch.bfloat16,1.1438384056091309,4831838208,4.772655665874481e-05,True
11,8,8,1,2,1,1024,torch.float8_e4m3fn,0.1110543966293335,73728,0.00035668211057782173,True
11,8,8,1,2,8,1024,torch.float8_e4m3fn,0.12416960000991821,589824,0.00035668211057782173,True
11,8,8,1,2,32,1024,torch.float8_e4m3fn,0.16329439878463745,2359296,0.00035668211057782173,True
11,8,8,1,2,1,8192,torch.float8_e4m3fn,0.10234240293502808,589824,0.00035668211057782173,True
11,8,8,1,2,8,8192,torch.float8_e4m3fn,0.11993919610977173,4718592,0.00035668211057782173,True
11,8,8,1,2,32,8192,torch.float8_e4m3fn,0.17562559843063355,18874368,0.00035668211057782173,True
11,8,8,1,2,1,32768,torch.float8_e4m3fn,0.1057360053062439,2359296,0.00035668211057782173,True
11,8,8,1,2,8,32768,torch.float8_e4m3fn,0.12401119470596314,18874368,0.00035668211057782173,True
11,8,8,1,2,32,32768,torch.float8_e4m3fn,0.2023360013961792,75497472,0.00035668211057782173,True
11,8,8,1,2,1,131072,torch.float8_e4m3fn,0.11643840074539184,9437184,0.00035668211057782173,True
11,8,8,1,2,8,131072,torch.float8_e4m3fn,0.13741919994354249,75497472,0.00035668211057782173,True
11,8,8,1,2,32,131072,torch.float8_e4m3fn,0.2516544103622437,301989888,0.00035668211057782173,True
11,8,8,1,2,1,524288,torch.float8_e4m3fn,0.12353440523147582,37748736,0.00035668211057782173,True
11,8,8,1,2,8,524288,torch.float8_e4m3fn,0.18925919532775878,301989888,0.00035668211057782173,True
11,8,8,1,2,32,524288,torch.float8_e4m3fn,0.4435135841369629,1207959552,0.00035668211057782173,True
11,8,8,1,2,1,1048576,torch.float8_e4m3fn,0.1324399948120117,75497472,0.00035668211057782173,True
11,8,8,1,2,8,1048576,torch.float8_e4m3fn,0.26047840118408205,603979776,0.00035668211057782173,True
11,8,8,1,2,32,1048576,torch.float8_e4m3fn,0.7110511779785156,2415919104,0.00035668211057782173,True
11,4,1,4,4,1,1024,torch.bfloat16,0.018619200587272643,1179648,0.00010919943451881409,True
11,4,1,4,4,8,1024,torch.bfloat16,0.026732799410820008,9437184,0.00010919943451881409,True
11,4,1,4,4,32,1024,torch.bfloat16,0.02874239981174469,37748736,0.00010919943451881409,True
11,4,1,4,4,1,8192,torch.bfloat16,0.018648000061511995,9437184,0.00010919943451881409,True
11,4,1,4,4,8,8192,torch.bfloat16,0.037089601159095764,75497472,0.00010919943451881409,True
11,4,1,4,4,32,8192,torch.bfloat16,0.10402239561080932,301989888,0.00010919943451881409,True
11,4,1,4,4,1,32768,torch.bfloat16,0.03079040050506592,37748736,0.00010919943451881409,True
11,4,1,4,4,8,32768,torch.bfloat16,0.10072640180587769,301989888,0.00010919943451881409,True
11,4,1,4,4,32,32768,torch.bfloat16,0.33189280033111573,1207959552,0.00010919943451881409,True
11,4,1,4,4,1,131072,torch.bfloat16,0.0712336003780365,150994944,0.00010919943451881409,True
11,4,1,4,4,8,131072,torch.bfloat16,0.30610558986663816,1207959552,0.00010919943451881409,True
11,4,1,4,4,32,131072,torch.bfloat16,1.2432016372680663,4831838208,0.00010919943451881409,True
11,4,1,4,4,1,524288,torch.bfloat16,0.21871039867401124,603979776,0.00010919943451881409,True
11,4,1,4,4,8,524288,torch.bfloat16,1.1406479835510255,4831838208,0.00010919943451881409,True
11,4,1,4,4,32,524288,torch.bfloat16,4.9000286102294925,19327352832,0.00010919943451881409,True
11,4,1,4,4,1,1048576,torch.bfloat16,0.41324801445007325,1207959552,0.00010919943451881409,True
11,4,1,4,4,8,1048576,torch.bfloat16,2.2790847778320313,9663676416,0.00010919943451881409,True
11,4,1,4,4,32,1048576,torch.bfloat16,9.791577911376953,38654705664,0.00010919943451881409,True
11,4,1,4,4,1,1024,torch.float8_e4m3fn,0.016286399960517884,589824,0.0010855495929718018,True
11,4,1,4,4,8,1024,torch.float8_e4m3fn,0.020635199546813966,4718592,0.0010855495929718018,True
11,4,1,4,4,32,1024,torch.float8_e4m3fn,0.02468640059232712,18874368,0.0010855495929718018,True
11,4,1,4,4,1,8192,torch.float8_e4m3fn,0.01658080071210861,4718592,0.0010855495929718018,True
11,4,1,4,4,8,8192,torch.float8_e4m3fn,0.0268640011548996,37748736,0.0010855495929718018,True
11,4,1,4,4,32,8192,torch.float8_e4m3fn,0.06111840009689331,150994944,0.0010855495929718018,True
11,4,1,4,4,1,32768,torch.float8_e4m3fn,0.024718399345874786,18874368,0.0010855495929718018,True
11,4,1,4,4,8,32768,torch.float8_e4m3fn,0.05866079926490784,150994944,0.0010855495929718018,True
11,4,1,4,4,32,32768,torch.float8_e4m3fn,0.1650223970413208,603979776,0.0010855495929718018,True
11,4,1,4,4,1,131072,torch.float8_e4m3fn,0.04364160001277924,75497472,0.0010855495929718018,True
11,4,1,4,4,8,131072,torch.float8_e4m3fn,0.15186400413513185,603979776,0.0010855495929718018,True
11,4,1,4,4,32,131072,torch.float8_e4m3fn,0.5730080127716064,2415919104,0.0010855495929718018,True
11,4,1,4,4,1,524288,torch.float8_e4m3fn,0.11385120153427124,301989888,0.0010855495929718018,True
11,4,1,4,4,8,524288,torch.float8_e4m3fn,0.5301136016845703,2415919104,0.0010855495929718018,True
11,4,1,4,4,32,524288,torch.float8_e4m3fn,2.2891040802001954,9663676416,0.0010855495929718018,True
11,4,1,4,4,1,1048576,torch.float8_e4m3fn,0.1974992036819458,603979776,0.0010855495929718018,True
11,4,1,4,4,8,1048576,torch.float8_e4m3fn,1.0305312156677247,4831838208,0.0010855495929718018,True
11,4,1,4,4,32,1048576,torch.float8_e4m3fn,4.732735824584961,19327352832,0.0010855495929718018,True
11,4,2,2,4,1,1024,torch.bfloat16,0.0536080002784729,589824,0.00011085718870162964,True
11,4,2,2,4,8,1024,torch.bfloat16,0.06337119936943054,4718592,0.00011085718870162964,True
11,4,2,2,4,32,1024,torch.bfloat16,0.0846176028251648,18874368,0.00011085718870162964,True
11,4,2,2,4,1,8192,torch.bfloat16,0.05881440043449402,4718592,0.00011085718870162964,True
11,4,2,2,4,8,8192,torch.bfloat16,0.0763696014881134,37748736,0.00011085718870162964,True
11,4,2,2,4,32,8192,torch.bfloat16,0.12571840286254882,150994944,0.00011085718870162964,True
11,4,2,2,4,1,32768,torch.bfloat16,0.06808159947395324,18874368,0.00011085718870162964,True
11,4,2,2,4,8,32768,torch.bfloat16,0.10875200033187866,150994944,0.00011085718870162964,True
11,4,2,2,4,32,32768,torch.bfloat16,0.20939040184020996,603979776,0.00011085718870162964,True
11,4,2,2,4,1,131072,torch.bfloat16,0.08505120277404785,75497472,0.00011085718870162964,True
11,4,2,2,4,8,131072,torch.bfloat16,0.18712320327758789,603979776,0.00011085718870162964,True
11,4,2,2,4,32,131072,torch.bfloat16,0.5198863983154297,2415919104,0.00011085718870162964,True
11,4,2,2,4,1,524288,torch.bfloat16,0.14826560020446777,301989888,0.00011085718870162964,True
11,4,2,2,4,8,524288,torch.bfloat16,0.49987521171569826,2415919104,0.00011085718870162964,True
11,4,2,2,4,32,524288,torch.bfloat16,1.8283376693725586,9663676416,0.00011085718870162964,True
11,4,2,2,4,1,1048576,torch.bfloat16,0.21229119300842286,603979776,0.00011085718870162964,True
11,4,2,2,4,8,1048576,torch.bfloat16,0.8901647567749024,4831838208,0.00011085718870162964,True
11,4,2,2,4,32,1048576,torch.bfloat16,3.855281448364258,19327352832,0.00011085718870162964,True
11,4,2,2,4,1,1024,torch.float8_e4m3fn,0.05254080295562744,294912,0.0006619328632950783,True
11,4,2,2,4,8,1024,torch.float8_e4m3fn,0.058739197254180905,2359296,0.0006619328632950783,True
11,4,2,2,4,32,1024,torch.float8_e4m3fn,0.07810400128364563,9437184,0.0006619328632950783,True
11,4,2,2,4,1,8192,torch.float8_e4m3fn,0.05716639757156372,2359296,0.0006619328632950783,True
11,4,2,2,4,8,8192,torch.float8_e4m3fn,0.06792479753494263,18874368,0.0006619328632950783,True
11,4,2,2,4,32,8192,torch.float8_e4m3fn,0.09298880100250244,75497472,0.0006619328632950783,True
11,4,2,2,4,1,32768,torch.float8_e4m3fn,0.06174399852752686,9437184,0.0006619328632950783,True
11,4,2,2,4,8,32768,torch.float8_e4m3fn,0.07737119793891907,75497472,0.0006619328632950783,True
11,4,2,2,4,32,32768,torch.float8_e4m3fn,0.148363196849823,301989888,0.0006619328632950783,True
11,4,2,2,4,1,131072,torch.float8_e4m3fn,0.07275999784469604,37748736,0.0006619328632950783,True
11,4,2,2,4,8,131072,torch.float8_e4m3fn,0.13025280237197875,301989888,0.0006619328632950783,True
11,4,2,2,4,32,131072,torch.float8_e4m3fn,0.3201136112213135,1207959552,0.0006619328632950783,True
11,4,2,2,4,1,524288,torch.float8_e4m3fn,0.11471519470214844,150994944,0.0006619328632950783,True
11,4,2,2,4,8,524288,torch.float8_e4m3fn,0.284116792678833,1207959552,0.0006619328632950783,True
11,4,2,2,4,32,524288,torch.float8_e4m3fn,1.0017135620117188,4831838208,0.0006619328632950783,True
11,4,2,2,4,1,1048576,torch.float8_e4m3fn,0.17347359657287598,301989888,0.0006619328632950783,True
11,4,2,2,4,8,1048576,torch.float8_e4m3fn,0.49065442085266114,2415919104,0.0006619328632950783,True
11,4,2,2,4,32,1048576,torch.float8_e4m3fn,2.0970319747924804,9663676416,0.0006619328632950783,True
11,4,4,1,4,1,1024,torch.bfloat16,0.07125120162963867,294912,5.944911390542984e-05,True
11,4,4,1,4,8,1024,torch.bfloat16,0.09102399945259095,2359296,5.944911390542984e-05,True
11,4,4,1,4,32,1024,torch.bfloat16,0.13080960512161255,9437184,5.944911390542984e-05,True
11,4,4,1,4,1,8192,torch.bfloat16,0.07916960120201111,2359296,5.944911390542984e-05,True
11,4,4,1,4,8,8192,torch.bfloat16,0.10619839429855346,18874368,5.944911390542984e-05,True
11,4,4,1,4,32,8192,torch.bfloat16,0.16600320339202881,75497472,5.944911390542984e-05,True
11,4,4,1,4,1,32768,torch.bfloat16,0.08483200073242188,9437184,5.944911390542984e-05,True
11,4,4,1,4,8,32768,torch.bfloat16,0.11508799791336059,75497472,5.944911390542984e-05,True
11,4,4,1,4,32,32768,torch.bfloat16,0.2147599935531616,301989888,5.944911390542984e-05,True
11,4,4,1,4,1,131072,torch.bfloat16,0.09495360255241395,37748736,5.944911390542984e-05,True
11,4,4,1,4,8,131072,torch.bfloat16,0.16136800050735473,301989888,5.944911390542984e-05,True
11,4,4,1,4,32,131072,torch.bfloat16,0.3837007999420166,1207959552,5.944911390542984e-05,True
11,4,4,1,4,1,524288,torch.bfloat16,0.12592320442199706,150994944,5.944911390542984e-05,True
11,4,4,1,4,8,524288,torch.bfloat16,0.32261760234832765,1207959552,5.944911390542984e-05,True
11,4,4,1,4,32,524288,torch.bfloat16,1.100710391998291,4831838208,5.944911390542984e-05,True
11,4,4,1,4,1,1048576,torch.bfloat16,0.1837504029273987,301989888,5.944911390542984e-05,True
11,4,4,1,4,8,1048576,torch.bfloat16,0.5405327796936035,2415919104,5.944911390542984e-05,True
11,4,4,1,4,32,1048576,torch.bfloat16,2.1361007690429688,9663676416,5.944911390542984e-05,True
11,4,4,1,4,1,1024,torch.float8_e4m3fn,0.09178400039672852,147456,0.0004413470160216093,True
11,4,4,1,4,8,1024,torch.float8_e4m3fn,0.08626239895820617,1179648,0.0004413470160216093,True
11,4,4,1,4,32,1024,torch.float8_e4m3fn,0.12378239631652832,4718592,0.0004413470160216093,True
11,4,4,1,4,1,8192,torch.float8_e4m3fn,0.07657120227813721,1179648,0.0004413470160216093,True
11,4,4,1,4,8,8192,torch.float8_e4m3fn,0.09644160270690919,9437184,0.0004413470160216093,True
11,4,4,1,4,32,8192,torch.float8_e4m3fn,0.1457152009010315,37748736,0.0004413470160216093,True
11,4,4,1,4,1,32768,torch.float8_e4m3fn,0.08079040050506592,4718592,0.0004413470160216093,True
11,4,4,1,4,8,32768,torch.float8_e4m3fn,0.10015039443969727,37748736,0.0004413470160216093,True
11,4,4,1,4,32,32768,torch.float8_e4m3fn,0.17615360021591187,150994944,0.0004413470160216093,True
11,4,4,1,4,1,131072,torch.float8_e4m3fn,0.09256160259246826,18874368,0.0004413470160216093,True
11,4,4,1,4,8,131072,torch.float8_e4m3fn,0.134443199634552,150994944,0.0004413470160216093,True
11,4,4,1,4,32,131072,torch.float8_e4m3fn,0.27469758987426757,603979776,0.0004413470160216093,True
11,4,4,1,4,1,524288,torch.float8_e4m3fn,0.10355039834976196,75497472,0.0004413470160216093,True
11,4,4,1,4,8,524288,torch.float8_e4m3fn,0.23172481060028077,603979776,0.0004413470160216093,True
11,4,4,1,4,32,524288,torch.float8_e4m3fn,0.6593135833740235,2415919104,0.0004413470160216093,True
11,4,4,1,4,1,1048576,torch.float8_e4m3fn,0.13723679780960082,150994944,0.0004413470160216093,True
11,4,4,1,4,8,1048576,torch.float8_e4m3fn,0.355350399017334,1207959552,0.0004413470160216093,True
11,4,4,1,4,32,1048576,torch.float8_e4m3fn,1.375100803375244,4831838208,0.0004413470160216093,True
12,16,1,16,1,1,1024,torch.bfloat16,0.012918399274349212,1179648,0.0001132078468799591,True
12,16,1,16,1,8,1024,torch.bfloat16,0.012827199697494508,9437184,0.0001132078468799591,True
12,16,1,16,1,32,1024,torch.bfloat16,0.016473600268363954,37748736,0.0001132078468799591,True
12,16,1,16,1,1,8192,torch.bfloat16,0.014643199741840363,9437184,0.0001132078468799591,True
12,16,1,16,1,8,8192,torch.bfloat16,0.01881919950246811,75497472,0.0001132078468799591,True
12,16,1,16,1,32,8192,torch.bfloat16,0.06745439767837524,301989888,0.0001132078468799591,True
12,16,1,16,1,1,32768,torch.bfloat16,0.026771199703216553,37748736,0.0001132078468799591,True
12,16,1,16,1,8,32768,torch.bfloat16,0.06742560267448425,301989888,0.0001132078468799591,True
12,16,1,16,1,32,32768,torch.bfloat16,0.22169599533081055,1207959552,0.0001132078468799591,True
12,16,1,16,1,1,131072,torch.bfloat16,0.05376960039138794,150994944,0.0001132078468799591,True
12,16,1,16,1,8,131072,torch.bfloat16,0.21612319946289063,1207959552,0.0001132078468799591,True
12,16,1,16,1,32,131072,torch.bfloat16,0.8229935646057129,4831838208,0.0001132078468799591,True
12,16,1,16,1,1,524288,torch.bfloat16,0.1398095965385437,603979776,0.0001132078468799591,True
12,16,1,16,1,8,524288,torch.bfloat16,0.7863215923309326,4831838208,0.0001132078468799591,True
12,16,1,16,1,32,524288,torch.bfloat16,3.2700641632080076,19327352832,0.0001132078468799591,True
12,16,1,16,1,1,1048576,torch.bfloat16,0.25527200698852537,1207959552,0.0001132078468799591,True
12,16,1,16,1,8,1048576,torch.bfloat16,1.5622847557067872,9663676416,0.0001132078468799591,True
12,16,1,16,1,32,1048576,torch.bfloat16,6.412181091308594,38654705664,0.0001132078468799591,True
12,16,1,16,1,1,1024,torch.float8_e4m3fn,0.012441600114107132,589824,0.0009275609627366066,True
12,16,1,16,1,8,1024,torch.float8_e4m3fn,0.01239679977297783,4718592,0.0009275609627366066,True
12,16,1,16,1,32,1024,torch.float8_e4m3fn,0.014507199823856353,18874368,0.0009275609627366066,True
12,16,1,16,1,1,8192,torch.float8_e4m3fn,0.014422400295734406,4718592,0.0009275609627366066,True
12,16,1,16,1,8,8192,torch.float8_e4m3fn,0.016542400419712066,37748736,0.0009275609627366066,True
12,16,1,16,1,32,8192,torch.float8_e4m3fn,0.0353520005941391,150994944,0.0009275609627366066,True
12,16,1,16,1,1,32768,torch.float8_e4m3fn,0.022643199563026427,18874368,0.0009275609627366066,True
12,16,1,16,1,8,32768,torch.float8_e4m3fn,0.037064000964164734,150994944,0.0009275609627366066,True
12,16,1,16,1,32,32768,torch.float8_e4m3fn,0.10232479572296142,603979776,0.0009275609627366066,True
12,16,1,16,1,1,131072,torch.float8_e4m3fn,0.03294560015201568,75497472,0.0009275609627366066,True
12,16,1,16,1,8,131072,torch.float8_e4m3fn,0.100547194480896,603979776,0.0009275609627366066,True
12,16,1,16,1,32,131072,torch.float8_e4m3fn,0.3668800115585327,2415919104,0.0009275609627366066,True
12,16,1,16,1,1,524288,torch.float8_e4m3fn,0.07536159753799439,301989888,0.0009275609627366066,True
12,16,1,16,1,8,524288,torch.float8_e4m3fn,0.34908480644226075,2415919104,0.0009275609627366066,True
12,16,1,16,1,32,524288,torch.float8_e4m3fn,1.4095312118530274,9663676416,0.0009275609627366066,True
12,16,1,16,1,1,1048576,torch.float8_e4m3fn,0.1276911973953247,603979776,0.0009275609627366066,True
12,16,1,16,1,8,1048576,torch.float8_e4m3fn,0.6800960063934326,4831838208,0.0009275609627366066,True
12,16,1,16,1,32,1048576,torch.float8_e4m3fn,2.8088623046875,19327352832,0.0009275609627366066,True
12,16,2,8,1,1,1024,torch.bfloat16,0.05422719717025757,589824,0.00011435896158218384,True
12,16,2,8,1,8,1024,torch.bfloat16,0.05856000185012818,4718592,0.00011435896158218384,True
12,16,2,8,1,32,1024,torch.bfloat16,0.06358559727668762,18874368,0.00011435896158218384,True
12,16,2,8,1,1,8192,torch.bfloat16,0.056550401449203494,4718592,0.00011435896158218384,True
12,16,2,8,1,8,8192,torch.bfloat16,0.0664255976676941,37748736,0.00011435896158218384,True
12,16,2,8,1,32,8192,torch.bfloat16,0.10882400274276734,150994944,0.00011435896158218384,True
12,16,2,8,1,1,32768,torch.bfloat16,0.06074399948120117,18874368,0.00011435896158218384,True
12,16,2,8,1,8,32768,torch.bfloat16,0.10248479843139649,150994944,0.00011435896158218384,True
12,16,2,8,1,32,32768,torch.bfloat16,0.18359359502792358,603979776,0.00011435896158218384,True
12,16,2,8,1,1,131072,torch.bfloat16,0.08264960050582885,75497472,0.00011435896158218384,True
12,16,2,8,1,8,131072,torch.bfloat16,0.17824959754943848,603979776,0.00011435896158218384,True
12,16,2,8,1,32,131072,torch.bfloat16,0.4909984111785889,2415919104,0.00011435896158218384,True
12,16,2,8,1,1,524288,torch.bfloat16,0.13466399908065796,301989888,0.00011435896158218384,True
12,16,2,8,1,8,524288,torch.bfloat16,0.48003520965576174,2415919104,0.00011435896158218384,True
12,16,2,8,1,32,524288,torch.bfloat16,1.6902063369750977,9663676416,0.00011435896158218384,True
12,16,2,8,1,1,1048576,torch.bfloat16,0.1939296007156372,603979776,0.00011435896158218384,True
12,16,2,8,1,8,1048576,torch.bfloat16,0.8517935752868653,4831838208,0.00011435896158218384,True
12,16,2,8,1,32,1048576,torch.bfloat16,3.353374481201172,19327352832,0.00011435896158218384,True
12,16,2,8,1,1,1024,torch.float8_e4m3fn,0.05156159996986389,294912,0.000608956441283226,True
12,16,2,8,1,8,1024,torch.float8_e4m3fn,0.05640479922294617,2359296,0.000608956441283226,True
12,16,2,8,1,32,1024,torch.float8_e4m3fn,0.05963039994239807,9437184,0.000608956441283226,True
12,16,2,8,1,1,8192,torch.float8_e4m3fn,0.05370079874992371,2359296,0.000608956441283226,True
12,16,2,8,1,8,8192,torch.float8_e4m3fn,0.061103999614715576,18874368,0.000608956441283226,True
12,16,2,8,1,32,8192,torch.float8_e4m3fn,0.07096160054206849,75497472,0.000608956441283226,True
12,16,2,8,1,1,32768,torch.float8_e4m3fn,0.058267199993133546,9437184,0.000608956441283226,True
12,16,2,8,1,8,32768,torch.float8_e4m3fn,0.07002720236778259,75497472,0.000608956441283226,True
12,16,2,8,1,32,32768,torch.float8_e4m3fn,0.1177664041519165,301989888,0.000608956441283226,True
12,16,2,8,1,1,131072,torch.float8_e4m3fn,0.06901440024375916,37748736,0.000608956441283226,True
12,16,2,8,1,8,131072,torch.float8_e4m3fn,0.11625440120697021,301989888,0.000608956441283226,True
12,16,2,8,1,32,131072,torch.float8_e4m3fn,0.2514656066894531,1207959552,0.000608956441283226,True
12,16,2,8,1,1,524288,torch.float8_e4m3fn,0.09973120093345642,150994944,0.000608956441283226,True
12,16,2,8,1,8,524288,torch.float8_e4m3fn,0.24098238945007325,1207959552,0.000608956441283226,True
12,16,2,8,1,32,524288,torch.float8_e4m3fn,0.7753456115722657,4831838208,0.000608956441283226,True
12,16,2,8,1,1,1048576,torch.float8_e4m3fn,0.1264464020729065,301989888,0.000608956441283226,True
12,16,2,8,1,8,1048576,torch.float8_e4m3fn,0.4082208156585693,2415919104,0.000608956441283226,True
12,16,2,8,1,32,1048576,torch.float8_e4m3fn,1.4752256393432617,9663676416,0.000608956441283226,True
12,16,4,4,1,1,1024,torch.bfloat16,0.06803839802742004,294912,5.538295954465866e-05,True
12,16,4,4,1,8,1024,torch.bfloat16,0.08088480234146118,2359296,5.538295954465866e-05,True
12,16,4,4,1,32,1024,torch.bfloat16,0.08808159828186035,9437184,5.538295954465866e-05,True
12,16,4,4,1,1,8192,torch.bfloat16,0.07403680086135864,2359296,5.538295954465866e-05,True
12,16,4,4,1,8,8192,torch.bfloat16,0.08763200044631958,18874368,5.538295954465866e-05,True
12,16,4,4,1,32,8192,torch.bfloat16,0.12014080286026001,75497472,5.538295954465866e-05,True
12,16,4,4,1,1,32768,torch.bfloat16,0.07542240023612976,9437184,5.538295954465866e-05,True
12,16,4,4,1,8,32768,torch.bfloat16,0.10599520206451415,75497472,5.538295954465866e-05,True
12,16,4,4,1,32,32768,torch.bfloat16,0.1842687964439392,301989888,5.538295954465866e-05,True
12,16,4,4,1,1,131072,torch.bfloat16,0.08866080045700073,37748736,5.538295954465866e-05,True
12,16,4,4,1,8,131072,torch.bfloat16,0.1735551953315735,301989888,5.538295954465866e-05,True
12,16,4,4,1,32,131072,torch.bfloat16,0.4143663883209229,1207959552,5.538295954465866e-05,True
12,16,4,4,1,1,524288,torch.bfloat16,0.13803199529647828,150994944,5.538295954465866e-05,True
12,16,4,4,1,8,524288,torch.bfloat16,0.3800479888916016,1207959552,5.538295954465866e-05,True
12,16,4,4,1,32,524288,torch.bfloat16,1.3222784042358398,4831838208,5.538295954465866e-05,True
12,16,4,4,1,1,1048576,torch.bfloat16,0.18872640132904053,301989888,5.538295954465866e-05,True
12,16,4,4,1,8,1048576,torch.bfloat16,0.6585728168487549,2415919104,5.538295954465866e-05,True
12,16,4,4,1,32,1048576,torch.bfloat16,2.5386432647705077,9663676416,5.538295954465866e-05,True
12,16,4,4,1,1,1024,torch.float8_e4m3fn,0.06628959774971008,147456,0.00046451378148049116,True
12,16,4,4,1,8,1024,torch.float8_e4m3fn,0.07799680233001709,1179648,0.00046451378148049116,True
12,16,4,4,1,32,1024,torch.float8_e4m3fn,0.08434399962425232,4718592,0.00046451378148049116,True
12,16,4,4,1,1,8192,torch.float8_e4m3fn,0.07131999731063843,1179648,0.00046451378148049116,True
12,16,4,4,1,8,8192,torch.float8_e4m3fn,0.08307999968528748,9437184,0.00046451378148049116,True
12,16,4,4,1,32,8192,torch.float8_e4m3fn,0.09645119905471802,37748736,0.00046451378148049116,True
12,16,4,4,1,1,32768,torch.float8_e4m3fn,0.07317759990692138,4718592,0.00046451378148049116,True
12,16,4,4,1,8,32768,torch.float8_e4m3fn,0.09112799763679505,37748736,0.00046451378148049116,True
12,16,4,4,1,32,32768,torch.float8_e4m3fn,0.13556480407714844,150994944,0.00046451378148049116,True
12,16,4,4,1,1,131072,torch.float8_e4m3fn,0.08215839862823486,18874368,0.00046451378148049116,True
12,16,4,4,1,8,131072,torch.float8_e4m3fn,0.1302240014076233,150994944,0.00046451378148049116,True
12,16,4,4,1,32,131072,torch.float8_e4m3fn,0.24451038837432862,603979776,0.00046451378148049116,True
12,16,4,4,1,1,524288,torch.float8_e4m3fn,0.10382879972457885,75497472,0.00046451378148049116,True
12,16,4,4,1,8,524288,torch.float8_e4m3fn,0.22637600898742677,603979776,0.00046451378148049116,True
12,16,4,4,1,32,524288,torch.float8_e4m3fn,0.6559760093688964,2415919104,0.00046451378148049116,True
12,16,4,4,1,1,1048576,torch.float8_e4m3fn,0.12853120565414428,150994944,0.00046451378148049116,True
12,16,4,4,1,8,1048576,torch.float8_e4m3fn,0.35210399627685546,1207959552,0.00046451378148049116,True
12,16,4,4,1,32,1048576,torch.float8_e4m3fn,1.2234928131103515,4831838208,0.00046451378148049116,True
12,16,8,2,1,1,1024,torch.bfloat16,0.0956112027168274,147456,4.6661123633384705e-05,True
12,16,8,2,1,8,1024,torch.bfloat16,0.101910400390625,1179648,4.6661123633384705e-05,True
12,16,8,2,1,32,1024,torch.bfloat16,0.12781280279159546,4718592,4.6661123633384705e-05,True
12,16,8,2,1,1,8192,torch.bfloat16,0.09994720220565796,1179648,4.6661123633384705e-05,True
12,16,8,2,1,8,8192,torch.bfloat16,0.10936959981918334,9437184,4.6661123633384705e-05,True
12,16,8,2,1,32,8192,torch.bfloat16,0.1479200005531311,37748736,4.6661123633384705e-05,True
12,16,8,2,1,1,32768,torch.bfloat16,0.10044480562210083,4718592,4.6661123633384705e-05,True
12,16,8,2,1,8,32768,torch.bfloat16,0.11782399415969849,37748736,4.6661123633384705e-05,True
12,16,8,2,1,32,32768,torch.bfloat16,0.18408000469207764,150994944,4.6661123633384705e-05,True
12,16,8,2,1,1,131072,torch.bfloat16,0.10898400545120239,18874368,4.6661123633384705e-05,True
12,16,8,2,1,8,131072,torch.bfloat16,0.1503664016723633,150994944,4.6661123633384705e-05,True
12,16,8,2,1,32,131072,torch.bfloat16,0.2641999959945679,603979776,4.6661123633384705e-05,True
12,16,8,2,1,1,524288,torch.bfloat16,0.12814559936523437,75497472,4.6661123633384705e-05,True
12,16,8,2,1,8,524288,torch.bfloat16,0.23143999576568602,603979776,4.6661123633384705e-05,True
12,16,8,2,1,32,524288,torch.bfloat16,0.5733967781066894,2415919104,4.6661123633384705e-05,True
12,16,8,2,1,1,1048576,torch.bfloat16,0.1528447985649109,150994944,4.6661123633384705e-05,True
12,16,8,2,1,8,1048576,torch.bfloat16,0.34332640171051027,1207959552,4.6661123633384705e-05,True
12,16,8,2,1,32,1048576,torch.bfloat16,0.9995535850524903,4831838208,4.6661123633384705e-05,True
12,16,8,2,1,1,1024,torch.float8_e4m3fn,0.0970304012298584,73728,0.00036939186975359917,True
12,16,8,2,1,8,1024,torch.float8_e4m3fn,0.10436320304870605,589824,0.00036939186975359917,True
12,16,8,2,1,32,1024,torch.float8_e4m3fn,0.1221776008605957,2359296,0.00036939186975359917,True
12,16,8,2,1,1,8192,torch.float8_e4m3fn,0.0957040011882782,589824,0.00036939186975359917,True
12,16,8,2,1,8,8192,torch.float8_e4m3fn,0.10448960065841675,4718592,0.00036939186975359917,True
12,16,8,2,1,32,8192,torch.float8_e4m3fn,0.1295456051826477,18874368,0.00036939186975359917,True
12,16,8,2,1,1,32768,torch.float8_e4m3fn,0.09852160215377807,2359296,0.00036939186975359917,True
12,16,8,2,1,8,32768,torch.float8_e4m3fn,0.10973279476165772,18874368,0.00036939186975359917,True
12,16,8,2,1,32,32768,torch.float8_e4m3fn,0.15480799674987794,75497472,0.00036939186975359917,True
12,16,8,2,1,1,131072,torch.float8_e4m3fn,0.10427360534667969,9437184,0.00036939186975359917,True
12,16,8,2,1,8,131072,torch.float8_e4m3fn,0.11846719980239868,75497472,0.00036939186975359917,True
12,16,8,2,1,32,131072,torch.float8_e4m3fn,0.20741119384765624,301989888,0.00036939186975359917,True
12,16,8,2,1,1,524288,torch.float8_e4m3fn,0.11452640295028686,37748736,0.00036939186975359917,True
12,16,8,2,1,8,524288,torch.float8_e4m3fn,0.17158559560775757,301989888,0.00036939186975359917,True
12,16,8,2,1,32,524288,torch.float8_e4m3fn,0.3803024053573608,1207959552,0.00036939186975359917,True
12,16,8,2,1,1,1048576,torch.float8_e4m3fn,0.12788959741592407,75497472,0.00036939186975359917,True
12,16,8,2,1,8,1048576,torch.float8_e4m3fn,0.22696959972381592,603979776,0.00036939186975359917,True
12,16,8,2,1,32,1048576,torch.float8_e4m3fn,0.6047088146209717,2415919104,0.00036939186975359917,True
12,16,16,1,1,1,8192,torch.bfloat16,0.14977120161056517,589824,2.7169939130544662e-05,True
12,16,16,1,1,8,8192,torch.bfloat16,0.1639664053916931,4718592,2.7169939130544662e-05,True
12,16,16,1,1,32,8192,torch.bfloat16,0.21725280284881593,18874368,2.7169939130544662e-05,True
12,16,16,1,1,1,32768,torch.bfloat16,0.151801598072052,2359296,2.7169939130544662e-05,True
12,16,16,1,1,8,32768,torch.bfloat16,0.17901760339736938,18874368,2.7169939130544662e-05,True
12,16,16,1,1,32,32768,torch.bfloat16,0.2446768045425415,75497472,2.7169939130544662e-05,True
12,16,16,1,1,1,131072,torch.bfloat16,0.16016160249710082,9437184,2.7169939130544662e-05,True
12,16,16,1,1,8,131072,torch.bfloat16,0.202239990234375,75497472,2.7169939130544662e-05,True
12,16,16,1,1,32,131072,torch.bfloat16,0.2919071912765503,301989888,2.7169939130544662e-05,True
12,16,16,1,1,1,524288,torch.bfloat16,0.16858240365982055,37748736,2.7169939130544662e-05,True
12,16,16,1,1,8,524288,torch.bfloat16,0.2545759916305542,301989888,2.7169939130544662e-05,True
12,16,16,1,1,32,524288,torch.bfloat16,0.46125121116638185,1207959552,2.7169939130544662e-05,True
12,16,16,1,1,1,1048576,torch.bfloat16,0.18148159980773926,75497472,2.7169939130544662e-05,True
12,16,16,1,1,8,1048576,torch.bfloat16,0.31003360748291015,603979776,2.7169939130544662e-05,True
12,16,16,1,1,32,1048576,torch.bfloat16,0.7008831977844239,2415919104,2.7169939130544662e-05,True
12,16,16,1,1,1,8192,torch.float8_e4m3fn,0.14531519412994384,294912,0.00022337189875543118,True
12,16,16,1,1,8,8192,torch.float8_e4m3fn,0.1634112000465393,2359296,0.00022337189875543118,True
12,16,16,1,1,32,8192,torch.float8_e4m3fn,0.20153920650482177,9437184,0.00022337189875543118,True
12,16,16,1,1,1,32768,torch.float8_e4m3fn,0.14721280336380005,1179648,0.00022337189875543118,True
12,16,16,1,1,8,32768,torch.float8_e4m3fn,0.17302559614181517,9437184,0.00022337189875543118,True
12,16,16,1,1,32,32768,torch.float8_e4m3fn,0.22549920082092284,37748736,0.00022337189875543118,True
12,16,16,1,1,1,131072,torch.float8_e4m3fn,0.15161759853363038,4718592,0.00022337189875543118,True
12,16,16,1,1,8,131072,torch.float8_e4m3fn,0.17603039741516113,37748736,0.00022337189875543118,True
12,16,16,1,1,32,131072,torch.float8_e4m3fn,0.2567487955093384,150994944,0.00022337189875543118,True
12,16,16,1,1,1,524288,torch.float8_e4m3fn,0.1629520058631897,18874368,0.00022337189875543118,True
12,16,16,1,1,8,524288,torch.float8_e4m3fn,0.2260080099105835,150994944,0.00022337189875543118,True
12,16,16,1,1,32,524288,torch.float8_e4m3fn,0.3608704090118408,603979776,0.00022337189875543118,True
12,16,16,1,1,1,1048576,torch.float8_e4m3fn,0.16682239770889282,37748736,0.00022337189875543118,True
12,16,16,1,1,8,1048576,torch.float8_e4m3fn,0.2520064115524292,301989888,0.00022337189875543118,True
12,16,16,1,1,32,1048576,torch.float8_e4m3fn,0.492793607711792,1207959552,0.00022337189875543118,True
12,8,1,8,2,1,1024,torch.bfloat16,0.014433600008487701,1179648,0.00012199953198432922,True
12,8,1,8,2,8,1024,torch.bfloat16,0.01456640064716339,9437184,0.00012199953198432922,True
12,8,1,8,2,32,1024,torch.bfloat16,0.01669120043516159,37748736,0.00012199953198432922,True
12,8,1,8,2,1,8192,torch.bfloat16,0.01652960032224655,9437184,0.00012199953198432922,True
12,8,1,8,2,8,8192,torch.bfloat16,0.019108800590038298,75497472,0.00012199953198432922,True
12,8,1,8,2,32,8192,torch.bfloat16,0.06868320107460021,301989888,0.00012199953198432922,True
12,8,1,8,2,1,32768,torch.bfloat16,0.026819199323654175,37748736,0.00012199953198432922,True
12,8,1,8,2,8,32768,torch.bfloat16,0.0668287992477417,301989888,0.00012199953198432922,True
12,8,1,8,2,32,32768,torch.bfloat16,0.22382240295410155,1207959552,0.00012199953198432922,True
12,8,1,8,2,1,131072,torch.bfloat16,0.052795201539993286,150994944,0.00012199953198432922,True
12,8,1,8,2,8,131072,torch.bfloat16,0.2294543981552124,1207959552,0.00012199953198432922,True
12,8,1,8,2,32,131072,torch.bfloat16,0.8314031600952149,4831838208,0.00012199953198432922,True
12,8,1,8,2,1,524288,torch.bfloat16,0.13926719427108764,603979776,0.00012199953198432922,True
12,8,1,8,2,8,524288,torch.bfloat16,0.7883664131164551,4831838208,0.00012199953198432922,True
12,8,1,8,2,32,524288,torch.bfloat16,3.280974578857422,19327352832,0.00012199953198432922,True
12,8,1,8,2,1,1048576,torch.bfloat16,0.2521424055099487,1207959552,0.00012199953198432922,True
12,8,1,8,2,8,1048576,torch.bfloat16,1.5604031562805176,9663676416,0.00012199953198432922,True
12,8,1,8,2,32,1048576,torch.bfloat16,6.456057739257813,38654705664,0.00012199953198432922,True
12,8,1,8,2,1,1024,torch.float8_e4m3fn,0.012595200538635254,589824,0.0009275609627366066,True
12,8,1,8,2,8,1024,torch.float8_e4m3fn,0.01265760064125061,4718592,0.0009275609627366066,True
12,8,1,8,2,32,1024,torch.float8_e4m3fn,0.014558400213718414,18874368,0.0009275609627366066,True
12,8,1,8,2,1,8192,torch.float8_e4m3fn,0.014571200311183929,4718592,0.0009275609627366066,True
12,8,1,8,2,8,8192,torch.float8_e4m3fn,0.01664000004529953,37748736,0.0009275609627366066,True
12,8,1,8,2,32,8192,torch.float8_e4m3fn,0.037118399143218996,150994944,0.0009275609627366066,True
12,8,1,8,2,1,32768,torch.float8_e4m3fn,0.02269600033760071,18874368,0.0009275609627366066,True
12,8,1,8,2,8,32768,torch.float8_e4m3fn,0.03784799873828888,150994944,0.0009275609627366066,True
12,8,1,8,2,32,32768,torch.float8_e4m3fn,0.10321760177612305,603979776,0.0009275609627366066,True
12,8,1,8,2,1,131072,torch.float8_e4m3fn,0.03324480056762695,75497472,0.0009275609627366066,True
12,8,1,8,2,8,131072,torch.float8_e4m3fn,0.10138239860534667,603979776,0.0009275609627366066,True
12,8,1,8,2,32,131072,torch.float8_e4m3fn,0.3639823913574219,2415919104,0.0009275609627366066,True
12,8,1,8,2,1,524288,torch.float8_e4m3fn,0.07488960027694702,301989888,0.0009275609627366066,True
12,8,1,8,2,8,524288,torch.float8_e4m3fn,0.349401593208313,2415919104,0.0009275609627366066,True
12,8,1,8,2,32,524288,torch.float8_e4m3fn,1.4137887954711914,9663676416,0.0009275609627366066,True
12,8,1,8,2,1,1048576,torch.float8_e4m3fn,0.1267680048942566,603979776,0.0009275609627366066,True
12,8,1,8,2,8,1048576,torch.float8_e4m3fn,0.680844783782959,4831838208,0.0009275609627366066,True
12,8,1,8,2,32,1048576,torch.float8_e4m3fn,2.816700744628906,19327352832,0.0009275609627366066,True
12,8,2,4,2,1,1024,torch.bfloat16,0.05775840282440185,589824,9.809806942939758e-05,True
12,8,2,4,2,8,1024,torch.bfloat16,0.06702399849891663,4718592,9.809806942939758e-05,True
12,8,2,4,2,32,1024,torch.bfloat16,0.07700799703598023,18874368,9.809806942939758e-05,True
12,8,2,4,2,1,8192,torch.bfloat16,0.06150559782981872,4718592,9.809806942939758e-05,True
12,8,2,4,2,8,8192,torch.bfloat16,0.0759168028831482,37748736,9.809806942939758e-05,True
12,8,2,4,2,32,8192,torch.bfloat16,0.13342080116271973,150994944,9.809806942939758e-05,True
12,8,2,4,2,1,32768,torch.bfloat16,0.06816319823265075,18874368,9.809806942939758e-05,True
12,8,2,4,2,8,32768,torch.bfloat16,0.12333120107650757,150994944,9.809806942939758e-05,True
12,8,2,4,2,32,32768,torch.bfloat16,0.24648959636688234,603979776,9.809806942939758e-05,True
12,8,2,4,2,1,131072,torch.bfloat16,0.09675840139389039,75497472,9.809806942939758e-05,True
12,8,2,4,2,8,131072,torch.bfloat16,0.226476788520813,603979776,9.809806942939758e-05,True
12,8,2,4,2,32,131072,torch.bfloat16,0.7034815788269043,2415919104,9.809806942939758e-05,True
12,8,2,4,2,1,524288,torch.bfloat16,0.17471840381622314,301989888,9.809806942939758e-05,True
12,8,2,4,2,8,524288,torch.bfloat16,0.6429823875427246,2415919104,9.809806942939758e-05,True
12,8,2,4,2,32,524288,torch.bfloat16,2.51900634765625,9663676416,9.809806942939758e-05,True
12,8,2,4,2,1,1048576,torch.bfloat16,0.2718976020812988,603979776,9.809806942939758e-05,True
12,8,2,4,2,8,1048576,torch.bfloat16,1.2005887985229493,4831838208,9.809806942939758e-05,True
12,8,2,4,2,32,1048576,torch.bfloat16,4.934612655639649,19327352832,9.809806942939758e-05,True
12,8,2,4,2,1,1024,torch.float8_e4m3fn,0.055339199304580686,294912,0.0006089545786380768,True
12,8,2,4,2,8,1024,torch.float8_e4m3fn,0.06591519713401794,2359296,0.0006089545786380768,True
12,8,2,4,2,32,1024,torch.float8_e4m3fn,0.07408159971237183,9437184,0.0006089545786380768,True
12,8,2,4,2,1,8192,torch.float8_e4m3fn,0.058350402116775515,2359296,0.0006089545786380768,True
12,8,2,4,2,8,8192,torch.float8_e4m3fn,0.07322400212287902,18874368,0.0006089545786380768,True
12,8,2,4,2,32,8192,torch.float8_e4m3fn,0.09796320199966431,75497472,0.0006089545786380768,True
12,8,2,4,2,1,32768,torch.float8_e4m3fn,0.06490880250930786,9437184,0.0006089545786380768,True
12,8,2,4,2,8,32768,torch.float8_e4m3fn,0.0870191991329193,75497472,0.0006089545786380768,True
12,8,2,4,2,32,32768,torch.float8_e4m3fn,0.15969280004501343,301989888,0.0006089545786380768,True
12,8,2,4,2,1,131072,torch.float8_e4m3fn,0.07102720141410827,37748736,0.0006089545786380768,True
12,8,2,4,2,8,131072,torch.float8_e4m3fn,0.14983999729156494,301989888,0.0006089545786380768,True
12,8,2,4,2,32,131072,torch.float8_e4m3fn,0.36870560646057127,1207959552,0.0006089545786380768,True
12,8,2,4,2,1,524288,torch.float8_e4m3fn,0.11701279878616333,150994944,0.0006089545786380768,True
12,8,2,4,2,8,524288,torch.float8_e4m3fn,0.340339207649231,1207959552,0.0006089545786380768,True
12,8,2,4,2,32,524288,torch.float8_e4m3fn,1.1916671752929688,4831838208,0.0006089545786380768,True
12,8,2,4,2,1,1048576,torch.float8_e4m3fn,0.16417920589447021,301989888,0.0006089545786380768,True
12,8,2,4,2,8,1048576,torch.float8_e4m3fn,0.5900352001190186,2415919104,0.0006089545786380768,True
12,8,2,4,2,32,1048576,torch.float8_e4m3fn,2.3007839202880858,9663676416,0.0006089545786380768,True
12,8,4,2,2,1,1024,torch.bfloat16,0.0674127995967865,294912,6.0570426285266876e-05,True
12,8,4,2,2,8,1024,torch.bfloat16,0.07445440292358399,2359296,6.0570426285266876e-05,True
12,8,4,2,2,32,1024,torch.bfloat16,0.09621120095252991,9437184,6.0570426285266876e-05,True
12,8,4,2,2,1,8192,torch.bfloat16,0.07212479710578919,2359296,6.0570426285266876e-05,True
12,8,4,2,2,8,8192,torch.bfloat16,0.08341280221939087,18874368,6.0570426285266876e-05,True
12,8,4,2,2,32,8192,torch.bfloat16,0.11422719955444335,75497472,6.0570426285266876e-05,True
12,8,4,2,2,1,32768,torch.bfloat16,0.07885599732398987,9437184,6.0570426285266876e-05,True
12,8,4,2,2,8,32768,torch.bfloat16,0.09374399781227112,75497472,6.0570426285266876e-05,True
12,8,4,2,2,32,32768,torch.bfloat16,0.16880160570144653,301989888,6.0570426285266876e-05,True
12,8,4,2,2,1,131072,torch.bfloat16,0.09173120260238647,37748736,6.0570426285266876e-05,True
12,8,4,2,2,8,131072,torch.bfloat16,0.1480479955673218,301989888,6.0570426285266876e-05,True
12,8,4,2,2,32,131072,torch.bfloat16,0.3254800081253052,1207959552,6.0570426285266876e-05,True
12,8,4,2,2,1,524288,torch.bfloat16,0.12583839893341064,150994944,6.0570426285266876e-05,True
12,8,4,2,2,8,524288,torch.bfloat16,0.3156800031661987,1207959552,6.0570426285266876e-05,True
12,8,4,2,2,32,524288,torch.bfloat16,0.9520992279052735,4831838208,6.0570426285266876e-05,True
12,8,4,2,2,1,1048576,torch.bfloat16,0.1583407998085022,301989888,6.0570426285266876e-05,True
12,8,4,2,2,8,1048576,torch.bfloat16,0.5139567852020264,2415919104,6.0570426285266876e-05,True
12,8,4,2,2,32,1048576,torch.bfloat16,1.8316095352172852,9663676416,6.0570426285266876e-05,True
12,8,4,2,2,1,1024,torch.float8_e4m3fn,0.06955040097236634,147456,0.00046451378148049116,True
12,8,4,2,2,8,1024,torch.float8_e4m3fn,0.07346720099449158,1179648,0.00046451378148049116,True
12,8,4,2,2,32,1024,torch.float8_e4m3fn,0.09086880087852478,4718592,0.00046451378148049116,True
12,8,4,2,2,1,8192,torch.float8_e4m3fn,0.07130399942398072,1179648,0.00046451378148049116,True
12,8,4,2,2,8,8192,torch.float8_e4m3fn,0.07820159792900086,9437184,0.00046451378148049116,True
12,8,4,2,2,32,8192,torch.float8_e4m3fn,0.09873279929161072,37748736,0.00046451378148049116,True
12,8,4,2,2,1,32768,torch.float8_e4m3fn,0.07465440034866333,4718592,0.00046451378148049116,True
12,8,4,2,2,8,32768,torch.float8_e4m3fn,0.08849279880523682,37748736,0.00046451378148049116,True
12,8,4,2,2,32,32768,torch.float8_e4m3fn,0.13593440055847167,150994944,0.00046451378148049116,True
12,8,4,2,2,1,131072,torch.float8_e4m3fn,0.08230080008506775,18874368,0.00046451378148049116,True
12,8,4,2,2,8,131072,torch.float8_e4m3fn,0.11948479413986206,150994944,0.00046451378148049116,True
12,8,4,2,2,32,131072,torch.float8_e4m3fn,0.22576799392700195,603979776,0.00046451378148049116,True
12,8,4,2,2,1,524288,torch.float8_e4m3fn,0.10504159927368165,75497472,0.00046451378148049116,True
12,8,4,2,2,8,524288,torch.float8_e4m3fn,0.20119841098785402,603979776,0.00046451378148049116,True
12,8,4,2,2,32,524288,torch.float8_e4m3fn,0.5592160224914551,2415919104,0.00046451378148049116,True
12,8,4,2,2,1,1048576,torch.float8_e4m3fn,0.1313423991203308,150994944,0.00046451378148049116,True
12,8,4,2,2,8,1048576,torch.float8_e4m3fn,0.30302720069885253,1207959552,0.00046451378148049116,True
12,8,4,2,2,32,1048576,torch.float8_e4m3fn,1.004734420776367,4831838208,0.00046451378148049116,True
12,8,8,1,2,1,1024,torch.bfloat16,0.09855520129203796,147456,4.40012663602829e-05,True
12,8,8,1,2,8,1024,torch.bfloat16,0.11520479917526245,1179648,4.40012663602829e-05,True
12,8,8,1,2,32,1024,torch.bfloat16,0.16810879707336426,4718592,4.40012663602829e-05,True
12,8,8,1,2,1,8192,torch.bfloat16,0.10491520166397095,1179648,4.40012663602829e-05,True
12,8,8,1,2,8,8192,torch.bfloat16,0.12446719408035278,9437184,4.40012663602829e-05,True
12,8,8,1,2,32,8192,torch.bfloat16,0.19493119716644286,37748736,4.40012663602829e-05,True
12,8,8,1,2,1,32768,torch.bfloat16,0.10893759727478028,4718592,4.40012663602829e-05,True
12,8,8,1,2,8,32768,torch.bfloat16,0.12486239671707153,37748736,4.40012663602829e-05,True
12,8,8,1,2,32,32768,torch.bfloat16,0.22657759189605714,150994944,4.40012663602829e-05,True
12,8,8,1,2,1,131072,torch.bfloat16,0.12554240226745605,18874368,4.40012663602829e-05,True
12,8,8,1,2,8,131072,torch.bfloat16,0.1600800037384033,150994944,4.40012663602829e-05,True
12,8,8,1,2,32,131072,torch.bfloat16,0.3122384071350098,603979776,4.40012663602829e-05,True
12,8,8,1,2,1,524288,torch.bfloat16,0.12580959796905516,75497472,4.40012663602829e-05,True
12,8,8,1,2,8,524288,torch.bfloat16,0.24482240676879882,603979776,4.40012663602829e-05,True
12,8,8,1,2,32,524288,torch.bfloat16,0.6549871921539306,2415919104,4.40012663602829e-05,True
12,8,8,1,2,1,1048576,torch.bfloat16,0.1609455943107605,150994944,4.40012663602829e-05,True
12,8,8,1,2,8,1048576,torch.bfloat16,0.347161602973938,1207959552,4.40012663602829e-05,True
12,8,8,1,2,32,1048576,torch.bfloat16,1.1427824020385742,4831838208,4.40012663602829e-05,True
12,8,8,1,2,1,1024,torch.float8_e4m3fn,0.11102399826049805,73728,0.00036939186975359917,True
12,8,8,1,2,8,1024,torch.float8_e4m3fn,0.12395520210266113,589824,0.00036939186975359917,True
12,8,8,1,2,32,1024,torch.float8_e4m3fn,0.16305919885635375,2359296,0.00036939186975359917,True
12,8,8,1,2,1,8192,torch.float8_e4m3fn,0.10219199657440185,589824,0.00036939186975359917,True
12,8,8,1,2,8,8192,torch.float8_e4m3fn,0.11973119974136352,4718592,0.00036939186975359917,True
12,8,8,1,2,32,8192,torch.float8_e4m3fn,0.17388479709625243,18874368,0.00036939186975359917,True
12,8,8,1,2,1,32768,torch.float8_e4m3fn,0.10585440397262573,2359296,0.00036939186975359917,True
12,8,8,1,2,8,32768,torch.float8_e4m3fn,0.12382240295410156,18874368,0.00036939186975359917,True
12,8,8,1,2,32,32768,torch.float8_e4m3fn,0.20216479301452636,75497472,0.00036939186975359917,True
12,8,8,1,2,1,131072,torch.float8_e4m3fn,0.11638879776000977,9437184,0.00036939186975359917,True
12,8,8,1,2,8,131072,torch.float8_e4m3fn,0.13725119829177856,75497472,0.00036939186975359917,True
12,8,8,1,2,32,131072,torch.float8_e4m3fn,0.251580810546875,301989888,0.00036939186975359917,True
12,8,8,1,2,1,524288,torch.float8_e4m3fn,0.12330880165100097,37748736,0.00036939186975359917,True
12,8,8,1,2,8,524288,torch.float8_e4m3fn,0.18905919790267944,301989888,0.00036939186975359917,True
12,8,8,1,2,32,524288,torch.float8_e4m3fn,0.44323039054870605,1207959552,0.00036939186975359917,True
12,8,8,1,2,1,1048576,torch.float8_e4m3fn,0.13181760311126708,75497472,0.00036939186975359917,True
12,8,8,1,2,8,1048576,torch.float8_e4m3fn,0.2598464012145996,603979776,0.00036939186975359917,True
12,8,8,1,2,32,1048576,torch.float8_e4m3fn,0.7106095790863037,2415919104,0.00036939186975359917,True
12,4,1,4,4,1,1024,torch.bfloat16,0.01658719927072525,1179648,0.0001353435218334198,True
12,4,1,4,4,8,1024,torch.bfloat16,0.022886399924755097,9437184,0.0001353435218334198,True
12,4,1,4,4,32,1024,torch.bfloat16,0.028785601258277893,37748736,0.0001353435218334198,True
12,4,1,4,4,1,8192,torch.bfloat16,0.01881600022315979,9437184,0.0001353435218334198,True
12,4,1,4,4,8,8192,torch.bfloat16,0.03718400001525879,75497472,0.0001353435218334198,True
12,4,1,4,4,32,8192,torch.bfloat16,0.1041375994682312,301989888,0.0001353435218334198,True
12,4,1,4,4,1,32768,torch.bfloat16,0.03099679946899414,37748736,0.0001353435218334198,True
12,4,1,4,4,8,32768,torch.bfloat16,0.10106559991836547,301989888,0.0001353435218334198,True
12,4,1,4,4,32,32768,torch.bfloat16,0.331060791015625,1207959552,0.0001353435218334198,True
12,4,1,4,4,1,131072,torch.bfloat16,0.07123839855194092,150994944,0.0001353435218334198,True
12,4,1,4,4,8,131072,torch.bfloat16,0.3056816101074219,1207959552,0.0001353435218334198,True
12,4,1,4,4,32,131072,torch.bfloat16,1.2397343635559082,4831838208,0.0001353435218334198,True
12,4,1,4,4,1,524288,torch.bfloat16,0.21776320934295654,603979776,0.0001353435218334198,True
12,4,1,4,4,8,524288,torch.bfloat16,1.1384672164916991,4831838208,0.0001353435218334198,True
12,4,1,4,4,32,524288,torch.bfloat16,4.871372985839844,19327352832,0.0001353435218334198,True
12,4,1,4,4,1,1048576,torch.bfloat16,0.4132544040679932,1207959552,0.0001353435218334198,True
12,4,1,4,4,8,1048576,torch.bfloat16,2.253811264038086,9663676416,0.0001353435218334198,True
12,4,1,4,4,32,1048576,torch.bfloat16,9.69676513671875,38654705664,0.0001353435218334198,True
12,4,1,4,4,1,1024,torch.float8_e4m3fn,0.016551999747753142,589824,0.000974179245531559,True
12,4,1,4,4,8,1024,torch.float8_e4m3fn,0.02083200067281723,4718592,0.000974179245531559,True
12,4,1,4,4,32,1024,torch.float8_e4m3fn,0.024060800671577454,18874368,0.000974179245531559,True
12,4,1,4,4,1,8192,torch.float8_e4m3fn,0.01674399971961975,4718592,0.000974179245531559,True
12,4,1,4,4,8,8192,torch.float8_e4m3fn,0.026902401447296144,37748736,0.000974179245531559,True
12,4,1,4,4,32,8192,torch.float8_e4m3fn,0.061191999912261964,150994944,0.000974179245531559,True
12,4,1,4,4,1,32768,torch.float8_e4m3fn,0.02483679950237274,18874368,0.000974179245531559,True
12,4,1,4,4,8,32768,torch.float8_e4m3fn,0.05891680121421814,150994944,0.000974179245531559,True
12,4,1,4,4,32,32768,torch.float8_e4m3fn,0.16573760509490967,603979776,0.000974179245531559,True
12,4,1,4,4,1,131072,torch.float8_e4m3fn,0.04418559968471527,75497472,0.000974179245531559,True
12,4,1,4,4,8,131072,torch.float8_e4m3fn,0.15169600248336793,603979776,0.000974179245531559,True
12,4,1,4,4,32,131072,torch.float8_e4m3fn,0.5744847774505615,2415919104,0.000974179245531559,True
12,4,1,4,4,1,524288,torch.float8_e4m3fn,0.10850080251693725,301989888,0.000974179245531559,True
12,4,1,4,4,8,524288,torch.float8_e4m3fn,0.528929615020752,2415919104,0.000974179245531559,True
12,4,1,4,4,32,524288,torch.float8_e4m3fn,2.2491552352905275,9663676416,0.000974179245531559,True
12,4,1,4,4,1,1048576,torch.float8_e4m3fn,0.19673440456390381,603979776,0.000974179245531559,True
12,4,1,4,4,8,1048576,torch.float8_e4m3fn,1.0280672073364259,4831838208,0.000974179245531559,True
12,4,1,4,4,32,1048576,torch.float8_e4m3fn,4.501728057861328,19327352832,0.000974179245531559,True
12,4,2,2,4,1,1024,torch.bfloat16,0.05398240089416504,589824,0.00013088621199131012,True
12,4,2,2,4,8,1024,torch.bfloat16,0.06372960209846497,4718592,0.00013088621199131012,True
12,4,2,2,4,32,1024,torch.bfloat16,0.08678719997406006,18874368,0.00013088621199131012,True
12,4,2,2,4,1,8192,torch.bfloat16,0.05942239761352539,4718592,0.00013088621199131012,True
12,4,2,2,4,8,8192,torch.bfloat16,0.08022559881210327,37748736,0.00013088621199131012,True
12,4,2,2,4,32,8192,torch.bfloat16,0.12740800380706788,150994944,0.00013088621199131012,True
12,4,2,2,4,1,32768,torch.bfloat16,0.06948800086975097,18874368,0.00013088621199131012,True
12,4,2,2,4,8,32768,torch.bfloat16,0.10934239625930786,150994944,0.00013088621199131012,True
12,4,2,2,4,32,32768,torch.bfloat16,0.21067359447479247,603979776,0.00013088621199131012,True
12,4,2,2,4,1,131072,torch.bfloat16,0.08671839833259583,75497472,0.00013088621199131012,True
12,4,2,2,4,8,131072,torch.bfloat16,0.18693759441375732,603979776,0.00013088621199131012,True
12,4,2,2,4,32,131072,torch.bfloat16,0.5196271896362304,2415919104,0.00013088621199131012,True
12,4,2,2,4,1,524288,torch.bfloat16,0.14441280364990233,301989888,0.00013088621199131012,True
12,4,2,2,4,8,524288,torch.bfloat16,0.5020048141479492,2415919104,0.00013088621199131012,True
12,4,2,2,4,32,524288,torch.bfloat16,1.7577119827270509,9663676416,0.00013088621199131012,True
12,4,2,2,4,1,1048576,torch.bfloat16,0.21152799129486083,603979776,0.00013088621199131012,True
12,4,2,2,4,8,1048576,torch.bfloat16,0.8930272102355957,4831838208,0.00013088621199131012,True
12,4,2,2,4,32,1048576,torch.bfloat16,3.6544334411621096,19327352832,0.00013088621199131012,True
12,4,2,2,4,1,1024,torch.float8_e4m3fn,0.05432959794998169,294912,0.0006435513496398926,True
12,4,2,2,4,8,1024,torch.float8_e4m3fn,0.0602944016456604,2359296,0.0006435513496398926,True
12,4,2,2,4,32,1024,torch.float8_e4m3fn,0.07847200036048889,9437184,0.0006435513496398926,True
12,4,2,2,4,1,8192,torch.float8_e4m3fn,0.059431999921798706,2359296,0.0006435513496398926,True
12,4,2,2,4,8,8192,torch.float8_e4m3fn,0.06798239946365356,18874368,0.0006435513496398926,True
12,4,2,2,4,32,8192,torch.float8_e4m3fn,0.09510239958763123,75497472,0.0006435513496398926,True
12,4,2,2,4,1,32768,torch.float8_e4m3fn,0.06261600255966186,9437184,0.0006435513496398926,True
12,4,2,2,4,8,32768,torch.float8_e4m3fn,0.07964479923248291,75497472,0.0006435513496398926,True
12,4,2,2,4,32,32768,torch.float8_e4m3fn,0.15029920339584352,301989888,0.0006435513496398926,True
12,4,2,2,4,1,131072,torch.float8_e4m3fn,0.074891197681427,37748736,0.0006435513496398926,True
12,4,2,2,4,8,131072,torch.float8_e4m3fn,0.13157119750976562,301989888,0.0006435513496398926,True
12,4,2,2,4,32,131072,torch.float8_e4m3fn,0.3212719917297363,1207959552,0.0006435513496398926,True
12,4,2,2,4,1,524288,torch.float8_e4m3fn,0.11695040464401245,150994944,0.0006435513496398926,True
12,4,2,2,4,8,524288,torch.float8_e4m3fn,0.28658881187438967,1207959552,0.0006435513496398926,True
12,4,2,2,4,32,524288,torch.float8_e4m3fn,0.983244800567627,4831838208,0.0006435513496398926,True
12,4,2,2,4,1,1048576,torch.float8_e4m3fn,0.1535215973854065,301989888,0.0006435513496398926,True
12,4,2,2,4,8,1048576,torch.float8_e4m3fn,0.4901535987854004,2415919104,0.0006435513496398926,True
12,4,2,2,4,32,1048576,torch.float8_e4m3fn,1.9315439224243165,9663676416,0.0006435513496398926,True
12,4,4,1,4,1,1024,torch.bfloat16,0.07179039716720581,294912,6.468500941991806e-05,True
12,4,4,1,4,8,1024,torch.bfloat16,0.09237920045852661,2359296,6.468500941991806e-05,True
12,4,4,1,4,32,1024,torch.bfloat16,0.13131040334701538,9437184,6.468500941991806e-05,True
12,4,4,1,4,1,8192,torch.bfloat16,0.07803679704666137,2359296,6.468500941991806e-05,True
12,4,4,1,4,8,8192,torch.bfloat16,0.10528800487518311,18874368,6.468500941991806e-05,True
12,4,4,1,4,32,8192,torch.bfloat16,0.16574079990386964,75497472,6.468500941991806e-05,True
12,4,4,1,4,1,32768,torch.bfloat16,0.08527039885520935,9437184,6.468500941991806e-05,True
12,4,4,1,4,8,32768,torch.bfloat16,0.11531360149383545,75497472,6.468500941991806e-05,True
12,4,4,1,4,32,32768,torch.bfloat16,0.21586720943450927,301989888,6.468500941991806e-05,True
12,4,4,1,4,1,131072,torch.bfloat16,0.09492319822311401,37748736,6.468500941991806e-05,True
12,4,4,1,4,8,131072,torch.bfloat16,0.1613808035850525,301989888,6.468500941991806e-05,True
12,4,4,1,4,32,131072,torch.bfloat16,0.38299520015716554,1207959552,6.468500941991806e-05,True
12,4,4,1,4,1,524288,torch.bfloat16,0.12612799406051636,150994944,6.468500941991806e-05,True
12,4,4,1,4,8,524288,torch.bfloat16,0.322708797454834,1207959552,6.468500941991806e-05,True
12,4,4,1,4,32,524288,torch.bfloat16,1.0655344009399415,4831838208,6.468500941991806e-05,True
12,4,4,1,4,1,1048576,torch.bfloat16,0.1883296012878418,301989888,6.468500941991806e-05,True
12,4,4,1,4,8,1048576,torch.bfloat16,0.534823989868164,2415919104,6.468500941991806e-05,True
12,4,4,1,4,32,1048576,torch.bfloat16,2.160611152648926,9663676416,6.468500941991806e-05,True
12,4,4,1,4,1,1024,torch.float8_e4m3fn,0.07826240062713623,147456,0.0005287595558911562,True
12,4,4,1,4,8,1024,torch.float8_e4m3fn,0.08631680011749268,1179648,0.0005287595558911562,True
12,4,4,1,4,32,1024,torch.float8_e4m3fn,0.1235967993736267,4718592,0.0005287595558911562,True
12,4,4,1,4,1,8192,torch.float8_e4m3fn,0.07613279819488525,1179648,0.0005287595558911562,True
12,4,4,1,4,8,8192,torch.float8_e4m3fn,0.09629439711570739,9437184,0.0005287595558911562,True
12,4,4,1,4,32,8192,torch.float8_e4m3fn,0.14412319660186768,37748736,0.0005287595558911562,True
12,4,4,1,4,1,32768,torch.float8_e4m3fn,0.0804527997970581,4718592,0.0005287595558911562,True
12,4,4,1,4,8,32768,torch.float8_e4m3fn,0.10013120174407959,37748736,0.0005287595558911562,True
12,4,4,1,4,32,32768,torch.float8_e4m3fn,0.1766543984413147,150994944,0.0005287595558911562,True
12,4,4,1,4,1,131072,torch.float8_e4m3fn,0.09192000031471252,18874368,0.0005287595558911562,True
12,4,4,1,4,8,131072,torch.float8_e4m3fn,0.1338752031326294,150994944,0.0005287595558911562,True
12,4,4,1,4,32,131072,torch.float8_e4m3fn,0.27442240715026855,603979776,0.0005287595558911562,True
12,4,4,1,4,1,524288,torch.float8_e4m3fn,0.1034208059310913,75497472,0.0005287595558911562,True
12,4,4,1,4,8,524288,torch.float8_e4m3fn,0.23297600746154784,603979776,0.0005287595558911562,True
12,4,4,1,4,32,524288,torch.float8_e4m3fn,0.6572815895080566,2415919104,0.0005287595558911562,True
12,4,4,1,4,1,1048576,torch.float8_e4m3fn,0.13511199951171876,150994944,0.0005287595558911562,True
12,4,4,1,4,8,1048576,torch.float8_e4m3fn,0.3477663993835449,1207959552,0.0005287595558911562,True
12,4,4,1,4,32,1048576,torch.float8_e4m3fn,1.2437552452087401,4831838208,0.0005287595558911562,True
13,16,1,16,1,1,1024,torch.bfloat16,0.01271039992570877,1179648,0.0001243390142917633,True
13,16,1,16,1,8,1024,torch.bfloat16,0.01252799928188324,9437184,0.0001243390142917633,True
13,16,1,16,1,32,1024,torch.bfloat16,0.01646080017089844,37748736,0.0001243390142917633,True
13,16,1,16,1,1,8192,torch.bfloat16,0.01467680037021637,9437184,0.0001243390142917633,True
13,16,1,16,1,8,8192,torch.bfloat16,0.020552000403404234,75497472,0.0001243390142917633,True
13,16,1,16,1,32,8192,torch.bfloat16,0.06802240014076233,301989888,0.0001243390142917633,True
13,16,1,16,1,1,32768,torch.bfloat16,0.026923200488090514,37748736,0.0001243390142917633,True
13,16,1,16,1,8,32768,torch.bfloat16,0.06719679832458496,301989888,0.0001243390142917633,True
13,16,1,16,1,32,32768,torch.bfloat16,0.22199680805206298,1207959552,0.0001243390142917633,True
13,16,1,16,1,1,131072,torch.bfloat16,0.05417119860649109,150994944,0.0001243390142917633,True
13,16,1,16,1,8,131072,torch.bfloat16,0.21650559902191163,1207959552,0.0001243390142917633,True
13,16,1,16,1,32,131072,torch.bfloat16,0.8230031967163086,4831838208,0.0001243390142917633,True
13,16,1,16,1,1,524288,torch.bfloat16,0.13956480026245116,603979776,0.0001243390142917633,True
13,16,1,16,1,8,524288,torch.bfloat16,0.7863391876220703,4831838208,0.0001243390142917633,True
13,16,1,16,1,32,524288,torch.bfloat16,3.271527862548828,19327352832,0.0001243390142917633,True
13,16,1,16,1,1,1048576,torch.bfloat16,0.25404160022735595,1207959552,0.0001243390142917633,True
13,16,1,16,1,8,1048576,torch.bfloat16,1.5677743911743165,9663676416,0.0001243390142917633,True
13,16,1,16,1,32,1048576,torch.bfloat16,6.413722991943359,38654705664,0.0001243390142917633,True
13,16,1,16,1,1,1024,torch.float8_e4m3fn,0.012470400333404541,589824,0.0008469186723232269,True
13,16,1,16,1,8,1024,torch.float8_e4m3fn,0.012628799676895142,4718592,0.0008469186723232269,True
13,16,1,16,1,32,1024,torch.float8_e4m3fn,0.014425599575042724,18874368,0.0008469186723232269,True
13,16,1,16,1,1,8192,torch.float8_e4m3fn,0.01440960019826889,4718592,0.0008469186723232269,True
13,16,1,16,1,8,8192,torch.float8_e4m3fn,0.016705599427223206,37748736,0.0008469186723232269,True
13,16,1,16,1,32,8192,torch.float8_e4m3fn,0.03593440055847168,150994944,0.0008469186723232269,True
13,16,1,16,1,1,32768,torch.float8_e4m3fn,0.022836799919605254,18874368,0.0008469186723232269,True
13,16,1,16,1,8,32768,torch.float8_e4m3fn,0.03733600080013275,150994944,0.0008469186723232269,True
13,16,1,16,1,32,32768,torch.float8_e4m3fn,0.10242719650268554,603979776,0.0008469186723232269,True
13,16,1,16,1,1,131072,torch.float8_e4m3fn,0.031041601300239564,75497472,0.0008469186723232269,True
13,16,1,16,1,8,131072,torch.float8_e4m3fn,0.10072480440139771,603979776,0.0008469186723232269,True
13,16,1,16,1,32,131072,torch.float8_e4m3fn,0.36708478927612304,2415919104,0.0008469186723232269,True
13,16,1,16,1,1,524288,torch.float8_e4m3fn,0.07537599802017211,301989888,0.0008469186723232269,True
13,16,1,16,1,8,524288,torch.float8_e4m3fn,0.3494704008102417,2415919104,0.0008469186723232269,True
13,16,1,16,1,32,524288,torch.float8_e4m3fn,1.410580825805664,9663676416,0.0008469186723232269,True
13,16,1,16,1,1,1048576,torch.float8_e4m3fn,0.12735999822616578,603979776,0.0008469186723232269,True
13,16,1,16,1,8,1048576,torch.float8_e4m3fn,0.6798848152160645,4831838208,0.0008469186723232269,True
13,16,1,16,1,32,1048576,torch.float8_e4m3fn,2.818815994262695,19327352832,0.0008469186723232269,True
13,16,2,8,1,1,1024,torch.bfloat16,0.05391680002212525,589824,0.0001020822674036026,True
13,16,2,8,1,8,1024,torch.bfloat16,0.05835199952125549,4718592,0.0001020822674036026,True
13,16,2,8,1,32,1024,torch.bfloat16,0.0627615988254547,18874368,0.0001020822674036026,True
13,16,2,8,1,1,8192,torch.bfloat16,0.05613759756088257,4718592,0.0001020822674036026,True
13,16,2,8,1,8,8192,torch.bfloat16,0.06584320068359376,37748736,0.0001020822674036026,True
13,16,2,8,1,32,8192,torch.bfloat16,0.10833120346069336,150994944,0.0001020822674036026,True
13,16,2,8,1,1,32768,torch.bfloat16,0.06035360097885132,18874368,0.0001020822674036026,True
13,16,2,8,1,8,32768,torch.bfloat16,0.10217759609222413,150994944,0.0001020822674036026,True
13,16,2,8,1,32,32768,torch.bfloat16,0.18373440504074096,603979776,0.0001020822674036026,True
13,16,2,8,1,1,131072,torch.bfloat16,0.08278880119323731,75497472,0.0001020822674036026,True
13,16,2,8,1,8,131072,torch.bfloat16,0.17837120294570924,603979776,0.0001020822674036026,True
13,16,2,8,1,32,131072,torch.bfloat16,0.4902207851409912,2415919104,0.0001020822674036026,True
13,16,2,8,1,1,524288,torch.bfloat16,0.134662401676178,301989888,0.0001020822674036026,True
13,16,2,8,1,8,524288,torch.bfloat16,0.4801472187042236,2415919104,0.0001020822674036026,True
13,16,2,8,1,32,524288,torch.bfloat16,1.6902576446533204,9663676416,0.0001020822674036026,True
13,16,2,8,1,1,1048576,torch.bfloat16,0.19384160041809081,603979776,0.0001020822674036026,True
13,16,2,8,1,8,1048576,torch.bfloat16,0.8524031639099121,4831838208,0.0001020822674036026,True
13,16,2,8,1,32,1048576,torch.bfloat16,3.353556823730469,19327352832,0.0001020822674036026,True
13,16,2,8,1,1,1024,torch.float8_e4m3fn,0.051737600564956666,294912,0.0006387748289853334,True
13,16,2,8,1,8,1024,torch.float8_e4m3fn,0.056251198053359985,2359296,0.0006387748289853334,True
13,16,2,8,1,32,1024,torch.float8_e4m3fn,0.059271997213363646,9437184,0.0006387748289853334,True
13,16,2,8,1,1,8192,torch.float8_e4m3fn,0.053660798072814944,2359296,0.0006387748289853334,True
13,16,2,8,1,8,8192,torch.float8_e4m3fn,0.0612496018409729,18874368,0.0006387748289853334,True
13,16,2,8,1,32,8192,torch.float8_e4m3fn,0.0710591971874237,75497472,0.0006387748289853334,True
13,16,2,8,1,1,32768,torch.float8_e4m3fn,0.058217602968215945,9437184,0.0006387748289853334,True
13,16,2,8,1,8,32768,torch.float8_e4m3fn,0.07017599940299987,75497472,0.0006387748289853334,True
13,16,2,8,1,32,32768,torch.float8_e4m3fn,0.11759840250015259,301989888,0.0006387748289853334,True
13,16,2,8,1,1,131072,torch.float8_e4m3fn,0.06883839964866638,37748736,0.0006387748289853334,True
13,16,2,8,1,8,131072,torch.float8_e4m3fn,0.11610080003738403,301989888,0.0006387748289853334,True
13,16,2,8,1,32,131072,torch.float8_e4m3fn,0.25148160457611085,1207959552,0.0006387748289853334,True
13,16,2,8,1,1,524288,torch.float8_e4m3fn,0.09979199767112731,150994944,0.0006387748289853334,True
13,16,2,8,1,8,524288,torch.float8_e4m3fn,0.24110078811645508,1207959552,0.0006387748289853334,True
13,16,2,8,1,32,524288,torch.float8_e4m3fn,0.7753024101257324,4831838208,0.0006387748289853334,True
13,16,2,8,1,1,1048576,torch.float8_e4m3fn,0.12652479410171508,301989888,0.0006387748289853334,True
13,16,2,8,1,8,1048576,torch.float8_e4m3fn,0.4082159996032715,2415919104,0.0006387748289853334,True
13,16,2,8,1,32,1048576,torch.float8_e4m3fn,1.4746992111206054,9663676416,0.0006387748289853334,True
13,16,4,4,1,1,1024,torch.bfloat16,0.06789439916610718,294912,6.931647658348083e-05,True
13,16,4,4,1,8,1024,torch.bfloat16,0.08072800040245057,2359296,6.931647658348083e-05,True
13,16,4,4,1,32,1024,torch.bfloat16,0.08820480108261108,9437184,6.931647658348083e-05,True
13,16,4,4,1,1,8192,torch.bfloat16,0.07386400103569031,2359296,6.931647658348083e-05,True
13,16,4,4,1,8,8192,torch.bfloat16,0.08772000074386596,18874368,6.931647658348083e-05,True
13,16,4,4,1,32,8192,torch.bfloat16,0.12003200054168701,75497472,6.931647658348083e-05,True
13,16,4,4,1,1,32768,torch.bfloat16,0.07544639706611633,9437184,6.931647658348083e-05,True
13,16,4,4,1,8,32768,torch.bfloat16,0.1061087965965271,75497472,6.931647658348083e-05,True
13,16,4,4,1,32,32768,torch.bfloat16,0.18425439596176146,301989888,6.931647658348083e-05,True
13,16,4,4,1,1,131072,torch.bfloat16,0.0889519989490509,37748736,6.931647658348083e-05,True
13,16,4,4,1,8,131072,torch.bfloat16,0.17364799976348877,301989888,6.931647658348083e-05,True
13,16,4,4,1,32,131072,torch.bfloat16,0.41445279121398926,1207959552,6.931647658348083e-05,True
13,16,4,4,1,1,524288,torch.bfloat16,0.13799840211868286,150994944,6.931647658348083e-05,True
13,16,4,4,1,8,524288,torch.bfloat16,0.38012959957122805,1207959552,6.931647658348083e-05,True
13,16,4,4,1,32,524288,torch.bfloat16,1.3226400375366212,4831838208,6.931647658348083e-05,True
13,16,4,4,1,1,1048576,torch.bfloat16,0.1885872006416321,301989888,6.931647658348083e-05,True
13,16,4,4,1,8,1048576,torch.bfloat16,0.6586336135864258,2415919104,6.931647658348083e-05,True
13,16,4,4,1,32,1048576,torch.bfloat16,2.538577651977539,9663676416,6.931647658348083e-05,True
13,16,4,4,1,1,1024,torch.float8_e4m3fn,0.06636800169944763,147456,0.00044739432632923126,True
13,16,4,4,1,8,1024,torch.float8_e4m3fn,0.07814080119132996,1179648,0.00044739432632923126,True
13,16,4,4,1,32,1024,torch.float8_e4m3fn,0.08436639904975891,4718592,0.00044739432632923126,True
13,16,4,4,1,1,8192,torch.float8_e4m3fn,0.07183200120925903,1179648,0.00044739432632923126,True
13,16,4,4,1,8,8192,torch.float8_e4m3fn,0.08312640190124512,9437184,0.00044739432632923126,True
13,16,4,4,1,32,8192,torch.float8_e4m3fn,0.09627519845962525,37748736,0.00044739432632923126,True
13,16,4,4,1,1,32768,torch.float8_e4m3fn,0.07327839732170105,4718592,0.00044739432632923126,True
13,16,4,4,1,8,32768,torch.float8_e4m3fn,0.09118880033493042,37748736,0.00044739432632923126,True
13,16,4,4,1,32,32768,torch.float8_e4m3fn,0.13560960292816163,150994944,0.00044739432632923126,True
13,16,4,4,1,1,131072,torch.float8_e4m3fn,0.08244479894638061,18874368,0.00044739432632923126,True
13,16,4,4,1,8,131072,torch.float8_e4m3fn,0.13017280101776124,150994944,0.00044739432632923126,True
13,16,4,4,1,32,131072,torch.float8_e4m3fn,0.24374399185180665,603979776,0.00044739432632923126,True
13,16,4,4,1,1,524288,torch.float8_e4m3fn,0.10376160144805908,75497472,0.00044739432632923126,True
13,16,4,4,1,8,524288,torch.float8_e4m3fn,0.22651200294494628,603979776,0.00044739432632923126,True
13,16,4,4,1,32,524288,torch.float8_e4m3fn,0.656003189086914,2415919104,0.00044739432632923126,True
13,16,4,4,1,1,1048576,torch.float8_e4m3fn,0.12842080593109131,150994944,0.00044739432632923126,True
13,16,4,4,1,8,1048576,torch.float8_e4m3fn,0.3523888111114502,1207959552,0.00044739432632923126,True
13,16,4,4,1,32,1048576,torch.float8_e4m3fn,1.223483180999756,4831838208,0.00044739432632923126,True
13,16,8,2,1,1,1024,torch.bfloat16,0.09557279944419861,147456,4.235329106450081e-05,True
13,16,8,2,1,8,1024,torch.bfloat16,0.10152159929275513,1179648,4.235329106450081e-05,True
13,16,8,2,1,32,1024,torch.bfloat16,0.12810080051422118,4718592,4.235329106450081e-05,True
13,16,8,2,1,1,8192,torch.bfloat16,0.09934719800949096,1179648,4.235329106450081e-05,True
13,16,8,2,1,8,8192,torch.bfloat16,0.1092687964439392,9437184,4.235329106450081e-05,True
13,16,8,2,1,32,8192,torch.bfloat16,0.14748159646987916,37748736,4.235329106450081e-05,True
13,16,8,2,1,1,32768,torch.bfloat16,0.10000799894332886,4718592,4.235329106450081e-05,True
13,16,8,2,1,8,32768,torch.bfloat16,0.11820160150527954,37748736,4.235329106450081e-05,True
13,16,8,2,1,32,32768,torch.bfloat16,0.18423999547958375,150994944,4.235329106450081e-05,True
13,16,8,2,1,1,131072,torch.bfloat16,0.10881600379943848,18874368,4.235329106450081e-05,True
13,16,8,2,1,8,131072,torch.bfloat16,0.15039360523223877,150994944,4.235329106450081e-05,True
13,16,8,2,1,32,131072,torch.bfloat16,0.26425600051879883,603979776,4.235329106450081e-05,True
13,16,8,2,1,1,524288,torch.bfloat16,0.12836799621582032,75497472,4.235329106450081e-05,True
13,16,8,2,1,8,524288,torch.bfloat16,0.2313375949859619,603979776,4.235329106450081e-05,True
13,16,8,2,1,32,524288,torch.bfloat16,0.5735328197479248,2415919104,4.235329106450081e-05,True
13,16,8,2,1,1,1048576,torch.bfloat16,0.1529904007911682,150994944,4.235329106450081e-05,True
13,16,8,2,1,8,1048576,torch.bfloat16,0.34333760738372804,1207959552,4.235329106450081e-05,True
13,16,8,2,1,32,1048576,torch.bfloat16,0.9995967864990234,4831838208,4.235329106450081e-05,True
13,16,8,2,1,1,1024,torch.float8_e4m3fn,0.09715999960899353,73728,0.00031882827170193195,True
13,16,8,2,1,8,1024,torch.float8_e4m3fn,0.10507680177688598,589824,0.00031882827170193195,True
13,16,8,2,1,32,1024,torch.float8_e4m3fn,0.12203999757766723,2359296,0.00031882827170193195,True
13,16,8,2,1,1,8192,torch.float8_e4m3fn,0.09561439752578735,589824,0.00031882827170193195,True
13,16,8,2,1,8,8192,torch.float8_e4m3fn,0.10441919565200805,4718592,0.00031882827170193195,True
13,16,8,2,1,32,8192,torch.float8_e4m3fn,0.12966079711914064,18874368,0.00031882827170193195,True
13,16,8,2,1,1,32768,torch.float8_e4m3fn,0.09864320158958435,2359296,0.00031882827170193195,True
13,16,8,2,1,8,32768,torch.float8_e4m3fn,0.10987520217895508,18874368,0.00031882827170193195,True
13,16,8,2,1,32,32768,torch.float8_e4m3fn,0.15483200550079346,75497472,0.00031882827170193195,True
13,16,8,2,1,1,131072,torch.float8_e4m3fn,0.10444159507751465,9437184,0.00031882827170193195,True
13,16,8,2,1,8,131072,torch.float8_e4m3fn,0.11804000139236451,75497472,0.00031882827170193195,True
13,16,8,2,1,32,131072,torch.float8_e4m3fn,0.2074592113494873,301989888,0.00031882827170193195,True
13,16,8,2,1,1,524288,torch.float8_e4m3fn,0.11440000534057618,37748736,0.00031882827170193195,True
13,16,8,2,1,8,524288,torch.float8_e4m3fn,0.17172479629516602,301989888,0.00031882827170193195,True
13,16,8,2,1,32,524288,torch.float8_e4m3fn,0.3803567886352539,1207959552,0.00031882827170193195,True
13,16,8,2,1,1,1048576,torch.float8_e4m3fn,0.12791520357131958,75497472,0.00031882827170193195,True
13,16,8,2,1,8,1048576,torch.float8_e4m3fn,0.22716159820556642,603979776,0.00031882827170193195,True
13,16,8,2,1,32,1048576,torch.float8_e4m3fn,0.6048575878143311,2415919104,0.00031882827170193195,True
13,16,16,1,1,1,8192,torch.bfloat16,0.1498128056526184,589824,2.8498470783233643e-05,True
13,16,16,1,1,8,8192,torch.bfloat16,0.16353759765625,4718592,2.8498470783233643e-05,True
13,16,16,1,1,32,8192,torch.bfloat16,0.21689438819885254,18874368,2.8498470783233643e-05,True
13,16,16,1,1,1,32768,torch.bfloat16,0.15165120363235474,2359296,2.8498470783233643e-05,True
13,16,16,1,1,8,32768,torch.bfloat16,0.17927680015563965,18874368,2.8498470783233643e-05,True
13,16,16,1,1,32,32768,torch.bfloat16,0.24468319416046141,75497472,2.8498470783233643e-05,True
13,16,16,1,1,1,131072,torch.bfloat16,0.1601871967315674,9437184,2.8498470783233643e-05,True
13,16,16,1,1,8,131072,torch.bfloat16,0.20234239101409912,75497472,2.8498470783233643e-05,True
13,16,16,1,1,32,131072,torch.bfloat16,0.2919359922409058,301989888,2.8498470783233643e-05,True
13,16,16,1,1,1,524288,torch.bfloat16,0.16891839504241943,37748736,2.8498470783233643e-05,True
13,16,16,1,1,8,524288,torch.bfloat16,0.254420804977417,301989888,2.8498470783233643e-05,True
13,16,16,1,1,32,524288,torch.bfloat16,0.4616352081298828,1207959552,2.8498470783233643e-05,True
13,16,16,1,1,1,1048576,torch.bfloat16,0.18105599880218506,75497472,2.8498470783233643e-05,True
13,16,16,1,1,8,1048576,torch.bfloat16,0.30971519947052,603979776,2.8498470783233643e-05,True
13,16,16,1,1,32,1048576,torch.bfloat16,0.7005951881408692,2415919104,2.8498470783233643e-05,True
13,16,16,1,1,1,8192,torch.float8_e4m3fn,0.14546719789505005,294912,0.00023795629385858774,True
13,16,16,1,1,8,8192,torch.float8_e4m3fn,0.16361440420150758,2359296,0.00023795629385858774,True
13,16,16,1,1,32,8192,torch.float8_e4m3fn,0.2011183977127075,9437184,0.00023795629385858774,True
13,16,16,1,1,1,32768,torch.float8_e4m3fn,0.14730080366134643,1179648,0.00023795629385858774,True
13,16,16,1,1,8,32768,torch.float8_e4m3fn,0.17138559818267823,9437184,0.00023795629385858774,True
13,16,16,1,1,32,32768,torch.float8_e4m3fn,0.22561440467834473,37748736,0.00023795629385858774,True
13,16,16,1,1,1,131072,torch.float8_e4m3fn,0.15139520168304443,4718592,0.00023795629385858774,True
13,16,16,1,1,8,131072,torch.float8_e4m3fn,0.1757248044013977,37748736,0.00023795629385858774,True
13,16,16,1,1,32,131072,torch.float8_e4m3fn,0.25667200088500974,150994944,0.00023795629385858774,True
13,16,16,1,1,1,524288,torch.float8_e4m3fn,0.16308159828186036,18874368,0.00023795629385858774,True
13,16,16,1,1,8,524288,torch.float8_e4m3fn,0.22591519355773926,150994944,0.00023795629385858774,True
13,16,16,1,1,32,524288,torch.float8_e4m3fn,0.35982398986816405,603979776,0.00023795629385858774,True
13,16,16,1,1,1,1048576,torch.float8_e4m3fn,0.16694240570068358,37748736,0.00023795629385858774,True
13,16,16,1,1,8,1048576,torch.float8_e4m3fn,0.25195200443267823,301989888,0.00023795629385858774,True
13,16,16,1,1,32,1048576,torch.float8_e4m3fn,0.4925839900970459,1207959552,0.00023795629385858774,True
13,8,1,8,2,1,1024,torch.bfloat16,0.014497600495815277,1179648,0.00011850520968437195,True
13,8,1,8,2,8,1024,torch.bfloat16,0.014390400052070618,9437184,0.00011850520968437195,True
13,8,1,8,2,32,1024,torch.bfloat16,0.01677599996328354,37748736,0.00011850520968437195,True
13,8,1,8,2,1,8192,torch.bfloat16,0.01644960045814514,9437184,0.00011850520968437195,True
13,8,1,8,2,8,8192,torch.bfloat16,0.020555199682712556,75497472,0.00011850520968437195,True
13,8,1,8,2,32,8192,torch.bfloat16,0.06942560076713562,301989888,0.00011850520968437195,True
13,8,1,8,2,1,32768,torch.bfloat16,0.026862400770187377,37748736,0.00011850520968437195,True
13,8,1,8,2,8,32768,torch.bfloat16,0.06711680293083191,301989888,0.00011850520968437195,True
13,8,1,8,2,32,32768,torch.bfloat16,0.2242192029953003,1207959552,0.00011850520968437195,True
13,8,1,8,2,1,131072,torch.bfloat16,0.05336639881134033,150994944,0.00011850520968437195,True
13,8,1,8,2,8,131072,torch.bfloat16,0.23176960945129393,1207959552,0.00011850520968437195,True
13,8,1,8,2,32,131072,torch.bfloat16,0.8306575775146484,4831838208,0.00011850520968437195,True
13,8,1,8,2,1,524288,torch.bfloat16,0.13847520351409912,603979776,0.00011850520968437195,True
13,8,1,8,2,8,524288,torch.bfloat16,0.7913055896759034,4831838208,0.00011850520968437195,True
13,8,1,8,2,32,524288,torch.bfloat16,3.2792640686035157,19327352832,0.00011850520968437195,True
13,8,1,8,2,1,1048576,torch.bfloat16,0.25349600315093995,1207959552,0.00011850520968437195,True
13,8,1,8,2,8,1048576,torch.bfloat16,1.5718208312988282,9663676416,0.00011850520968437195,True
13,8,1,8,2,32,1048576,torch.bfloat16,6.454357147216797,38654705664,0.00011850520968437195,True
13,8,1,8,2,1,1024,torch.float8_e4m3fn,0.012532800436019897,589824,0.0009519900195300579,True
13,8,1,8,2,8,1024,torch.float8_e4m3fn,0.012547199428081513,4718592,0.0009519900195300579,True
13,8,1,8,2,32,1024,torch.float8_e4m3fn,0.014569599926471711,18874368,0.0009519900195300579,True
13,8,1,8,2,1,8192,torch.float8_e4m3fn,0.01454080045223236,4718592,0.0009519900195300579,True
13,8,1,8,2,8,8192,torch.float8_e4m3fn,0.01669919937849045,37748736,0.0009519900195300579,True
13,8,1,8,2,32,8192,torch.float8_e4m3fn,0.03717919886112213,150994944,0.0009519900195300579,True
13,8,1,8,2,1,32768,torch.float8_e4m3fn,0.022920000553131103,18874368,0.0009519900195300579,True
13,8,1,8,2,8,32768,torch.float8_e4m3fn,0.03789759874343872,150994944,0.0009519900195300579,True
13,8,1,8,2,32,32768,torch.float8_e4m3fn,0.10299839973449706,603979776,0.0009519900195300579,True
13,8,1,8,2,1,131072,torch.float8_e4m3fn,0.031142398715019226,75497472,0.0009519900195300579,True
13,8,1,8,2,8,131072,torch.float8_e4m3fn,0.10157279968261719,603979776,0.0009519900195300579,True
13,8,1,8,2,32,131072,torch.float8_e4m3fn,0.364300799369812,2415919104,0.0009519900195300579,True
13,8,1,8,2,1,524288,torch.float8_e4m3fn,0.07456960082054138,301989888,0.0009519900195300579,True
13,8,1,8,2,8,524288,torch.float8_e4m3fn,0.34958720207214355,2415919104,0.0009519900195300579,True
13,8,1,8,2,32,524288,torch.float8_e4m3fn,1.4132623672485352,9663676416,0.0009519900195300579,True
13,8,1,8,2,1,1048576,torch.float8_e4m3fn,0.12586079835891723,603979776,0.0009519900195300579,True
13,8,1,8,2,8,1048576,torch.float8_e4m3fn,0.6810736179351806,4831838208,0.0009519900195300579,True
13,8,1,8,2,32,1048576,torch.float8_e4m3fn,2.8424415588378906,19327352832,0.0009519900195300579,True
13,8,2,4,2,1,1024,torch.bfloat16,0.0574288010597229,589824,0.00014333799481391907,True
13,8,2,4,2,8,1024,torch.bfloat16,0.06702399849891663,4718592,0.00014333799481391907,True
13,8,2,4,2,32,1024,torch.bfloat16,0.07718560099601746,18874368,0.00014333799481391907,True
13,8,2,4,2,1,8192,torch.bfloat16,0.061489599943161014,4718592,0.00014333799481391907,True
13,8,2,4,2,8,8192,torch.bfloat16,0.07602080106735229,37748736,0.00014333799481391907,True
13,8,2,4,2,32,8192,torch.bfloat16,0.13339040279388428,150994944,0.00014333799481391907,True
13,8,2,4,2,1,32768,torch.bfloat16,0.06812000274658203,18874368,0.00014333799481391907,True
13,8,2,4,2,8,32768,torch.bfloat16,0.12341439723968506,150994944,0.00014333799481391907,True
13,8,2,4,2,32,32768,torch.bfloat16,0.24658079147338868,603979776,0.00014333799481391907,True
13,8,2,4,2,1,131072,torch.bfloat16,0.09679200053215027,75497472,0.00014333799481391907,True
13,8,2,4,2,8,131072,torch.bfloat16,0.22645599842071534,603979776,0.00014333799481391907,True
13,8,2,4,2,32,131072,torch.bfloat16,0.7039072036743164,2415919104,0.00014333799481391907,True
13,8,2,4,2,1,524288,torch.bfloat16,0.17473119497299194,301989888,0.00014333799481391907,True
13,8,2,4,2,8,524288,torch.bfloat16,0.6431871891021729,2415919104,0.00014333799481391907,True
13,8,2,4,2,32,524288,torch.bfloat16,2.5183599472045897,9663676416,0.00014333799481391907,True
13,8,2,4,2,1,1048576,torch.bfloat16,0.27212479114532473,603979776,0.00014333799481391907,True
13,8,2,4,2,8,1048576,torch.bfloat16,1.1998671531677245,4831838208,0.00014333799481391907,True
13,8,2,4,2,32,1048576,torch.bfloat16,4.934151840209961,19327352832,0.00014333799481391907,True
13,8,2,4,2,1,1024,torch.float8_e4m3fn,0.05545920133590698,294912,0.0006387766916304827,True
13,8,2,4,2,8,1024,torch.float8_e4m3fn,0.06597279906272888,2359296,0.0006387766916304827,True
13,8,2,4,2,32,1024,torch.float8_e4m3fn,0.0741312026977539,9437184,0.0006387766916304827,True
13,8,2,4,2,1,8192,torch.float8_e4m3fn,0.05836480259895325,2359296,0.0006387766916304827,True
13,8,2,4,2,8,8192,torch.float8_e4m3fn,0.07326560020446778,18874368,0.0006387766916304827,True
13,8,2,4,2,32,8192,torch.float8_e4m3fn,0.09803040027618408,75497472,0.0006387766916304827,True
13,8,2,4,2,1,32768,torch.float8_e4m3fn,0.065038400888443,9437184,0.0006387766916304827,True
13,8,2,4,2,8,32768,torch.float8_e4m3fn,0.08728320002555848,75497472,0.0006387766916304827,True
13,8,2,4,2,32,32768,torch.float8_e4m3fn,0.1600335955619812,301989888,0.0006387766916304827,True
13,8,2,4,2,1,131072,torch.float8_e4m3fn,0.07119200229644776,37748736,0.0006387766916304827,True
13,8,2,4,2,8,131072,torch.float8_e4m3fn,0.14948480129241942,301989888,0.0006387766916304827,True
13,8,2,4,2,32,131072,torch.float8_e4m3fn,0.3687439918518066,1207959552,0.0006387766916304827,True
13,8,2,4,2,1,524288,torch.float8_e4m3fn,0.11715199947357177,150994944,0.0006387766916304827,True
13,8,2,4,2,8,524288,torch.float8_e4m3fn,0.3404320001602173,1207959552,0.0006387766916304827,True
13,8,2,4,2,32,524288,torch.float8_e4m3fn,1.1916879653930663,4831838208,0.0006387766916304827,True
13,8,2,4,2,1,1048576,torch.float8_e4m3fn,0.16422560214996337,301989888,0.0006387766916304827,True
13,8,2,4,2,8,1048576,torch.float8_e4m3fn,0.5903264045715332,2415919104,0.0006387766916304827,True
13,8,2,4,2,32,1048576,torch.float8_e4m3fn,2.3008960723876952,9663676416,0.0006387766916304827,True
13,8,4,2,2,1,1024,torch.bfloat16,0.06711040139198303,294912,5.8360397815704346e-05,True
13,8,4,2,2,8,1024,torch.bfloat16,0.07434399724006653,2359296,5.8360397815704346e-05,True
13,8,4,2,2,32,1024,torch.bfloat16,0.09630399942398071,9437184,5.8360397815704346e-05,True
13,8,4,2,2,1,8192,torch.bfloat16,0.07220960259437562,2359296,5.8360397815704346e-05,True
13,8,4,2,2,8,8192,torch.bfloat16,0.08348320126533508,18874368,5.8360397815704346e-05,True
13,8,4,2,2,32,8192,torch.bfloat16,0.1143280029296875,75497472,5.8360397815704346e-05,True
13,8,4,2,2,1,32768,torch.bfloat16,0.07907519936561584,9437184,5.8360397815704346e-05,True
13,8,4,2,2,8,32768,torch.bfloat16,0.0939296007156372,75497472,5.8360397815704346e-05,True
13,8,4,2,2,32,32768,torch.bfloat16,0.16888320446014404,301989888,5.8360397815704346e-05,True
13,8,4,2,2,1,131072,torch.bfloat16,0.0917631983757019,37748736,5.8360397815704346e-05,True
13,8,4,2,2,8,131072,torch.bfloat16,0.14787360429763793,301989888,5.8360397815704346e-05,True
13,8,4,2,2,32,131072,torch.bfloat16,0.3256623983383179,1207959552,5.8360397815704346e-05,True
13,8,4,2,2,1,524288,torch.bfloat16,0.12588800191879274,150994944,5.8360397815704346e-05,True
13,8,4,2,2,8,524288,torch.bfloat16,0.31573920249938964,1207959552,5.8360397815704346e-05,True
13,8,4,2,2,32,524288,torch.bfloat16,0.9518048286437988,4831838208,5.8360397815704346e-05,True
13,8,4,2,2,1,1048576,torch.bfloat16,0.15837440490722657,301989888,5.8360397815704346e-05,True
13,8,4,2,2,8,1048576,torch.bfloat16,0.5136591911315918,2415919104,5.8360397815704346e-05,True
13,8,4,2,2,32,1048576,torch.bfloat16,1.8315536499023437,9663676416,5.8360397815704346e-05,True
13,8,4,2,2,1,1024,torch.float8_e4m3fn,0.06953279972076416,147456,0.0005003660917282104,True
13,8,4,2,2,8,1024,torch.float8_e4m3fn,0.07356320023536682,1179648,0.0005003660917282104,True
13,8,4,2,2,32,1024,torch.float8_e4m3fn,0.09093440175056458,4718592,0.0005003660917282104,True
13,8,4,2,2,1,8192,torch.float8_e4m3fn,0.07140799760818481,1179648,0.0005003660917282104,True
13,8,4,2,2,8,8192,torch.float8_e4m3fn,0.07874400019645691,9437184,0.0005003660917282104,True
13,8,4,2,2,32,8192,torch.float8_e4m3fn,0.09891679883003235,37748736,0.0005003660917282104,True
13,8,4,2,2,1,32768,torch.float8_e4m3fn,0.07477279901504516,4718592,0.0005003660917282104,True
13,8,4,2,2,8,32768,torch.float8_e4m3fn,0.0886080026626587,37748736,0.0005003660917282104,True
13,8,4,2,2,32,32768,torch.float8_e4m3fn,0.13559999465942382,150994944,0.0005003660917282104,True
13,8,4,2,2,1,131072,torch.float8_e4m3fn,0.08226240277290345,18874368,0.0005003660917282104,True
13,8,4,2,2,8,131072,torch.float8_e4m3fn,0.1194000005722046,150994944,0.0005003660917282104,True
13,8,4,2,2,32,131072,torch.float8_e4m3fn,0.225816011428833,603979776,0.0005003660917282104,True
13,8,4,2,2,1,524288,torch.float8_e4m3fn,0.10490080118179321,75497472,0.0005003660917282104,True
13,8,4,2,2,8,524288,torch.float8_e4m3fn,0.20126559734344482,603979776,0.0005003660917282104,True
13,8,4,2,2,32,524288,torch.float8_e4m3fn,0.5594831943511963,2415919104,0.0005003660917282104,True
13,8,4,2,2,1,1048576,torch.float8_e4m3fn,0.1314255952835083,150994944,0.0005003660917282104,True
13,8,4,2,2,8,1048576,torch.float8_e4m3fn,0.30242719650268557,1207959552,0.0005003660917282104,True
13,8,4,2,2,32,1048576,torch.float8_e4m3fn,1.0047120094299316,4831838208,0.0005003660917282104,True
13,8,8,1,2,1,1024,torch.bfloat16,0.09865279793739319,147456,3.868900239467621e-05,True
13,8,8,1,2,8,1024,torch.bfloat16,0.1151968002319336,1179648,3.868900239467621e-05,True
13,8,8,1,2,32,1024,torch.bfloat16,0.16748000383377076,4718592,3.868900239467621e-05,True
13,8,8,1,2,1,8192,torch.bfloat16,0.10505119562149048,1179648,3.868900239467621e-05,True
13,8,8,1,2,8,8192,torch.bfloat16,0.12442879676818848,9437184,3.868900239467621e-05,True
13,8,8,1,2,32,8192,torch.bfloat16,0.19507039785385133,37748736,3.868900239467621e-05,True
13,8,8,1,2,1,32768,torch.bfloat16,0.108951997756958,4718592,3.868900239467621e-05,True
13,8,8,1,2,8,32768,torch.bfloat16,0.12492480278015136,37748736,3.868900239467621e-05,True
13,8,8,1,2,32,32768,torch.bfloat16,0.22593600749969484,150994944,3.868900239467621e-05,True
13,8,8,1,2,1,131072,torch.bfloat16,0.12549439668655396,18874368,3.868900239467621e-05,True
13,8,8,1,2,8,131072,torch.bfloat16,0.15984959602355958,150994944,3.868900239467621e-05,True
13,8,8,1,2,32,131072,torch.bfloat16,0.3123167991638184,603979776,3.868900239467621e-05,True
13,8,8,1,2,1,524288,torch.bfloat16,0.12615360021591188,75497472,3.868900239467621e-05,True
13,8,8,1,2,8,524288,torch.bfloat16,0.24471359252929686,603979776,3.868900239467621e-05,True
13,8,8,1,2,32,524288,torch.bfloat16,0.6537824153900147,2415919104,3.868900239467621e-05,True
13,8,8,1,2,1,1048576,torch.bfloat16,0.16088000535964966,150994944,3.868900239467621e-05,True
13,8,8,1,2,8,1048576,torch.bfloat16,0.3469919919967651,1207959552,3.868900239467621e-05,True
13,8,8,1,2,32,1048576,torch.bfloat16,1.1429023742675781,4831838208,3.868900239467621e-05,True
13,8,8,1,2,1,1024,torch.float8_e4m3fn,0.11113920211791992,73728,0.0003333417698740959,True
13,8,8,1,2,8,1024,torch.float8_e4m3fn,0.12418240308761597,589824,0.0003333417698740959,True
13,8,8,1,2,32,1024,torch.float8_e4m3fn,0.16297600269317628,2359296,0.0003333417698740959,True
13,8,8,1,2,1,8192,torch.float8_e4m3fn,0.10233440399169921,589824,0.0003333417698740959,True
13,8,8,1,2,8,8192,torch.float8_e4m3fn,0.11924159526824951,4718592,0.0003333417698740959,True
13,8,8,1,2,32,8192,torch.float8_e4m3fn,0.174072003364563,18874368,0.0003333417698740959,True
13,8,8,1,2,1,32768,torch.float8_e4m3fn,0.10576159954071045,2359296,0.0003333417698740959,True
13,8,8,1,2,8,32768,torch.float8_e4m3fn,0.12349599599838257,18874368,0.0003333417698740959,True
13,8,8,1,2,32,32768,torch.float8_e4m3fn,0.20214400291442872,75497472,0.0003333417698740959,True
13,8,8,1,2,1,131072,torch.float8_e4m3fn,0.11628320217132568,9437184,0.0003333417698740959,True
13,8,8,1,2,8,131072,torch.float8_e4m3fn,0.1372480034828186,75497472,0.0003333417698740959,True
13,8,8,1,2,32,131072,torch.float8_e4m3fn,0.2516495943069458,301989888,0.0003333417698740959,True
13,8,8,1,2,1,524288,torch.float8_e4m3fn,0.12316639423370361,37748736,0.0003333417698740959,True
13,8,8,1,2,8,524288,torch.float8_e4m3fn,0.18916640281677247,301989888,0.0003333417698740959,True
13,8,8,1,2,32,524288,torch.float8_e4m3fn,0.44323039054870605,1207959552,0.0003333417698740959,True
13,8,8,1,2,1,1048576,torch.float8_e4m3fn,0.13181600570678711,75497472,0.0003333417698740959,True
13,8,8,1,2,8,1048576,torch.float8_e4m3fn,0.2601439952850342,603979776,0.0003333417698740959,True
13,8,8,1,2,32,1048576,torch.float8_e4m3fn,0.7107903957366943,2415919104,0.0003333417698740959,True
13,4,1,4,4,1,1024,torch.bfloat16,0.016601599752902985,1179648,0.0001285560429096222,True
13,4,1,4,4,8,1024,torch.bfloat16,0.022832000255584718,9437184,0.0001285560429096222,True
13,4,1,4,4,32,1024,torch.bfloat16,0.02889440059661865,37748736,0.0001285560429096222,True
13,4,1,4,4,1,8192,torch.bfloat16,0.02050720006227493,9437184,0.0001285560429096222,True
13,4,1,4,4,8,8192,torch.bfloat16,0.03906719982624054,75497472,0.0001285560429096222,True
13,4,1,4,4,32,8192,torch.bfloat16,0.10462720394134521,301989888,0.0001285560429096222,True
13,4,1,4,4,1,32768,torch.bfloat16,0.030880001187324525,37748736,0.0001285560429096222,True
13,4,1,4,4,8,32768,torch.bfloat16,0.10133440494537353,301989888,0.0001285560429096222,True
13,4,1,4,4,32,32768,torch.bfloat16,0.3315279960632324,1207959552,0.0001285560429096222,True
13,4,1,4,4,1,131072,torch.bfloat16,0.0718895971775055,150994944,0.0001285560429096222,True
13,4,1,4,4,8,131072,torch.bfloat16,0.3062671899795532,1207959552,0.0001285560429096222,True
13,4,1,4,4,32,131072,torch.bfloat16,1.2376144409179688,4831838208,0.0001285560429096222,True
13,4,1,4,4,1,524288,torch.bfloat16,0.21796801090240478,603979776,0.0001285560429096222,True
13,4,1,4,4,8,524288,torch.bfloat16,1.1406415939331054,4831838208,0.0001285560429096222,True
13,4,1,4,4,32,524288,torch.bfloat16,4.84954719543457,19327352832,0.0001285560429096222,True
13,4,1,4,4,1,1048576,torch.bfloat16,0.4126751899719238,1207959552,0.0001285560429096222,True
13,4,1,4,4,8,1048576,torch.bfloat16,2.2510656356811523,9663676416,0.0001285560429096222,True
13,4,1,4,4,32,1048576,torch.bfloat16,9.651980590820312,38654705664,0.0001285560429096222,True
13,4,1,4,4,1,1024,torch.float8_e4m3fn,0.01581439971923828,589824,0.0010050446726381779,True
13,4,1,4,4,8,1024,torch.float8_e4m3fn,0.020734399557113647,4718592,0.0010050446726381779,True
13,4,1,4,4,32,1024,torch.float8_e4m3fn,0.02473759949207306,18874368,0.0010050446726381779,True
13,4,1,4,4,1,8192,torch.float8_e4m3fn,0.016755199432373045,4718592,0.0010050446726381779,True
13,4,1,4,4,8,8192,torch.float8_e4m3fn,0.027745598554611207,37748736,0.0010050446726381779,True
13,4,1,4,4,32,8192,torch.float8_e4m3fn,0.06028640270233154,150994944,0.0010050446726381779,True
13,4,1,4,4,1,32768,torch.float8_e4m3fn,0.024961599707603456,18874368,0.0010050446726381779,True
13,4,1,4,4,8,32768,torch.float8_e4m3fn,0.059569597244262695,150994944,0.0010050446726381779,True
13,4,1,4,4,32,32768,torch.float8_e4m3fn,0.1643247961997986,603979776,0.0010050446726381779,True
13,4,1,4,4,1,131072,torch.float8_e4m3fn,0.043315199017524716,75497472,0.0010050446726381779,True
13,4,1,4,4,8,131072,torch.float8_e4m3fn,0.15247999429702758,603979776,0.0010050446726381779,True
13,4,1,4,4,32,131072,torch.float8_e4m3fn,0.571120023727417,2415919104,0.0010050446726381779,True
13,4,1,4,4,1,524288,torch.float8_e4m3fn,0.10865919589996338,301989888,0.0010050446726381779,True
13,4,1,4,4,8,524288,torch.float8_e4m3fn,0.5284063816070557,2415919104,0.0010050446726381779,True
13,4,1,4,4,32,524288,torch.float8_e4m3fn,2.254209518432617,9663676416,0.0010050446726381779,True
13,4,1,4,4,1,1048576,torch.float8_e4m3fn,0.19842879772186278,603979776,0.0010050446726381779,True
13,4,1,4,4,8,1048576,torch.float8_e4m3fn,1.0296480178833007,4831838208,0.0010050446726381779,True
13,4,1,4,4,32,1048576,torch.float8_e4m3fn,4.485142517089844,19327352832,0.0010050446726381779,True
13,4,2,2,4,1,1024,torch.bfloat16,0.05459039807319641,589824,0.0001067575067281723,True
13,4,2,2,4,8,1024,torch.bfloat16,0.06392800211906433,4718592,0.0001067575067281723,True
13,4,2,2,4,32,1024,torch.bfloat16,0.08640480041503906,18874368,0.0001067575067281723,True
13,4,2,2,4,1,8192,torch.bfloat16,0.05949919819831848,4718592,0.0001067575067281723,True
13,4,2,2,4,8,8192,torch.bfloat16,0.07996159791946411,37748736,0.0001067575067281723,True
13,4,2,2,4,32,8192,torch.bfloat16,0.1272704005241394,150994944,0.0001067575067281723,True
13,4,2,2,4,1,32768,torch.bfloat16,0.06946560144424438,18874368,0.0001067575067281723,True
13,4,2,2,4,8,32768,torch.bfloat16,0.10945600271224976,150994944,0.0001067575067281723,True
13,4,2,2,4,32,32768,torch.bfloat16,0.21222400665283203,603979776,0.0001067575067281723,True
13,4,2,2,4,1,131072,torch.bfloat16,0.08664320111274719,75497472,0.0001067575067281723,True
13,4,2,2,4,8,131072,torch.bfloat16,0.18767199516296387,603979776,0.0001067575067281723,True
13,4,2,2,4,32,131072,torch.bfloat16,0.5195583820343017,2415919104,0.0001067575067281723,True
13,4,2,2,4,1,524288,torch.bfloat16,0.1444208025932312,301989888,0.0001067575067281723,True
13,4,2,2,4,8,524288,torch.bfloat16,0.5017471790313721,2415919104,0.0001067575067281723,True
13,4,2,2,4,32,524288,torch.bfloat16,1.7574495315551757,9663676416,0.0001067575067281723,True
13,4,2,2,4,1,1048576,torch.bfloat16,0.21133599281311036,603979776,0.0001067575067281723,True
13,4,2,2,4,8,1048576,torch.bfloat16,0.8927056312561035,4831838208,0.0001067575067281723,True
13,4,2,2,4,32,1048576,torch.bfloat16,3.654593658447266,19327352832,0.0001067575067281723,True
13,4,2,2,4,1,1024,torch.float8_e4m3fn,0.05405600070953369,294912,0.0006515539716929197,True
13,4,2,2,4,8,1024,torch.float8_e4m3fn,0.06035040020942688,2359296,0.0006515539716929197,True
13,4,2,2,4,32,1024,torch.float8_e4m3fn,0.0785040020942688,9437184,0.0006515539716929197,True
13,4,2,2,4,1,8192,torch.float8_e4m3fn,0.05898560285568237,2359296,0.0006515539716929197,True
13,4,2,2,4,8,8192,torch.float8_e4m3fn,0.0680288016796112,18874368,0.0006515539716929197,True
13,4,2,2,4,32,8192,torch.float8_e4m3fn,0.09527040123939515,75497472,0.0006515539716929197,True
13,4,2,2,4,1,32768,torch.float8_e4m3fn,0.06244800090789795,9437184,0.0006515539716929197,True
13,4,2,2,4,8,32768,torch.float8_e4m3fn,0.07947199940681457,75497472,0.0006515539716929197,True
13,4,2,2,4,32,32768,torch.float8_e4m3fn,0.15017919540405272,301989888,0.0006515539716929197,True
13,4,2,2,4,1,131072,torch.float8_e4m3fn,0.07463200092315674,37748736,0.0006515539716929197,True
13,4,2,2,4,8,131072,torch.float8_e4m3fn,0.131660795211792,301989888,0.0006515539716929197,True
13,4,2,2,4,32,131072,torch.float8_e4m3fn,0.32127840518951417,1207959552,0.0006515539716929197,True
13,4,2,2,4,1,524288,torch.float8_e4m3fn,0.11672639846801758,150994944,0.0006515539716929197,True
13,4,2,2,4,8,524288,torch.float8_e4m3fn,0.28642079830169676,1207959552,0.0006515539716929197,True
13,4,2,2,4,32,524288,torch.float8_e4m3fn,0.9833344459533692,4831838208,0.0006515539716929197,True
13,4,2,2,4,1,1048576,torch.float8_e4m3fn,0.15372960567474364,301989888,0.0006515539716929197,True
13,4,2,2,4,8,1048576,torch.float8_e4m3fn,0.49004478454589845,2415919104,0.0006515539716929197,True
13,4,2,2,4,32,1048576,torch.float8_e4m3fn,1.931528091430664,9663676416,0.0006515539716929197,True
13,4,4,1,4,1,1024,torch.bfloat16,0.07116479873657226,294912,5.875341594219208e-05,True
13,4,4,1,4,8,1024,torch.bfloat16,0.09194880127906799,2359296,5.875341594219208e-05,True
13,4,4,1,4,32,1024,torch.bfloat16,0.1309440016746521,9437184,5.875341594219208e-05,True
13,4,4,1,4,1,8192,torch.bfloat16,0.07805920243263245,2359296,5.875341594219208e-05,True
13,4,4,1,4,8,8192,torch.bfloat16,0.10534880161285401,18874368,5.875341594219208e-05,True
13,4,4,1,4,32,8192,torch.bfloat16,0.16539679765701293,75497472,5.875341594219208e-05,True
13,4,4,1,4,1,32768,torch.bfloat16,0.08532320261001587,9437184,5.875341594219208e-05,True
13,4,4,1,4,8,32768,torch.bfloat16,0.1149664044380188,75497472,5.875341594219208e-05,True
13,4,4,1,4,32,32768,torch.bfloat16,0.2161792039871216,301989888,5.875341594219208e-05,True
13,4,4,1,4,1,131072,torch.bfloat16,0.09484639763832092,37748736,5.875341594219208e-05,True
13,4,4,1,4,8,131072,torch.bfloat16,0.16119199991226196,301989888,5.875341594219208e-05,True
13,4,4,1,4,32,131072,torch.bfloat16,0.38292479515075684,1207959552,5.875341594219208e-05,True
13,4,4,1,4,1,524288,torch.bfloat16,0.12598559856414795,150994944,5.875341594219208e-05,True
13,4,4,1,4,8,524288,torch.bfloat16,0.32200961112976073,1207959552,5.875341594219208e-05,True
13,4,4,1,4,32,524288,torch.bfloat16,1.0658224105834961,4831838208,5.875341594219208e-05,True
13,4,4,1,4,1,1048576,torch.bfloat16,0.18837120532989501,301989888,5.875341594219208e-05,True
13,4,4,1,4,8,1048576,torch.bfloat16,0.534819221496582,2415919104,5.875341594219208e-05,True
13,4,4,1,4,32,1048576,torch.bfloat16,2.160470390319824,9663676416,5.875341594219208e-05,True
13,4,4,1,4,1,1024,torch.float8_e4m3fn,0.07811200022697448,147456,0.0005440121167339385,True
13,4,4,1,4,8,1024,torch.float8_e4m3fn,0.0864575982093811,1179648,0.0005440121167339385,True
13,4,4,1,4,32,1024,torch.float8_e4m3fn,0.1234976053237915,4718592,0.0005440121167339385,True
13,4,4,1,4,1,8192,torch.float8_e4m3fn,0.07621600031852722,1179648,0.0005440121167339385,True
13,4,4,1,4,8,8192,torch.float8_e4m3fn,0.0967136025428772,9437184,0.0005440121167339385,True
13,4,4,1,4,32,8192,torch.float8_e4m3fn,0.14412640333175658,37748736,0.0005440121167339385,True
13,4,4,1,4,1,32768,torch.float8_e4m3fn,0.0804639995098114,4718592,0.0005440121167339385,True
13,4,4,1,4,8,32768,torch.float8_e4m3fn,0.09992480278015137,37748736,0.0005440121167339385,True
13,4,4,1,4,32,32768,torch.float8_e4m3fn,0.1764143943786621,150994944,0.0005440121167339385,True
13,4,4,1,4,1,131072,torch.float8_e4m3fn,0.0919327974319458,18874368,0.0005440121167339385,True
13,4,4,1,4,8,131072,torch.float8_e4m3fn,0.13398720026016236,150994944,0.0005440121167339385,True
13,4,4,1,4,32,131072,torch.float8_e4m3fn,0.2740367889404297,603979776,0.0005440121167339385,True
13,4,4,1,4,1,524288,torch.float8_e4m3fn,0.10373760461807251,75497472,0.0005440121167339385,True
13,4,4,1,4,8,524288,torch.float8_e4m3fn,0.23212640285491942,603979776,0.0005440121167339385,True
13,4,4,1,4,32,524288,torch.float8_e4m3fn,0.6579408168792724,2415919104,0.0005440121167339385,True
13,4,4,1,4,1,1048576,torch.float8_e4m3fn,0.13530559539794923,150994944,0.0005440121167339385,True
13,4,4,1,4,8,1048576,torch.float8_e4m3fn,0.3484496116638184,1207959552,0.0005440121167339385,True
13,4,4,1,4,32,1048576,torch.float8_e4m3fn,1.243068790435791,4831838208,0.0005440121167339385,True
14,16,1,16,1,1,1024,torch.bfloat16,0.01244800016283989,1179648,8.322112262248993e-05,True
14,16,1,16,1,8,1024,torch.bfloat16,0.012542399764060973,9437184,8.322112262248993e-05,True
14,16,1,16,1,32,1024,torch.bfloat16,0.01648640036582947,37748736,8.322112262248993e-05,True
14,16,1,16,1,1,8192,torch.bfloat16,0.014553600549697876,9437184,8.322112262248993e-05,True
14,16,1,16,1,8,8192,torch.bfloat16,0.01865600049495697,75497472,8.322112262248993e-05,True
14,16,1,16,1,32,8192,torch.bfloat16,0.06777759790420532,301989888,8.322112262248993e-05,True
14,16,1,16,1,1,32768,torch.bfloat16,0.026759999990463256,37748736,8.322112262248993e-05,True
14,16,1,16,1,8,32768,torch.bfloat16,0.06697279810905457,301989888,8.322112262248993e-05,True
14,16,1,16,1,32,32768,torch.bfloat16,0.22239038944244385,1207959552,8.322112262248993e-05,True
14,16,1,16,1,1,131072,torch.bfloat16,0.05369120240211487,150994944,8.322112262248993e-05,True
14,16,1,16,1,8,131072,torch.bfloat16,0.21590080261230468,1207959552,8.322112262248993e-05,True
14,16,1,16,1,32,131072,torch.bfloat16,0.822815990447998,4831838208,8.322112262248993e-05,True
14,16,1,16,1,1,524288,torch.bfloat16,0.1400928020477295,603979776,8.322112262248993e-05,True
14,16,1,16,1,8,524288,torch.bfloat16,0.786515188217163,4831838208,8.322112262248993e-05,True
14,16,1,16,1,32,524288,torch.bfloat16,3.266793441772461,19327352832,8.322112262248993e-05,True
14,16,1,16,1,1,1048576,torch.bfloat16,0.2552000045776367,1207959552,8.322112262248993e-05,True
14,16,1,16,1,8,1048576,torch.bfloat16,1.5594688415527345,9663676416,8.322112262248993e-05,True
14,16,1,16,1,32,1048576,torch.bfloat16,6.415200042724609,38654705664,8.322112262248993e-05,True
14,16,1,16,1,1,1024,torch.float8_e4m3fn,0.012406399846076966,589824,0.000948609784245491,True
14,16,1,16,1,8,1024,torch.float8_e4m3fn,0.012516799569129943,4718592,0.000948609784245491,True
14,16,1,16,1,32,1024,torch.float8_e4m3fn,0.014475199580192565,18874368,0.000948609784245491,True
14,16,1,16,1,1,8192,torch.float8_e4m3fn,0.014435200393199921,4718592,0.000948609784245491,True
14,16,1,16,1,8,8192,torch.float8_e4m3fn,0.016667200624942778,37748736,0.000948609784245491,True
14,16,1,16,1,32,8192,torch.float8_e4m3fn,0.035678398609161374,150994944,0.000948609784245491,True
14,16,1,16,1,1,32768,torch.float8_e4m3fn,0.022673599421977997,18874368,0.000948609784245491,True
14,16,1,16,1,8,32768,torch.float8_e4m3fn,0.03707360029220581,150994944,0.000948609784245491,True
14,16,1,16,1,32,32768,torch.float8_e4m3fn,0.1023408055305481,603979776,0.000948609784245491,True
14,16,1,16,1,1,131072,torch.float8_e4m3fn,0.0329120010137558,75497472,0.000948609784245491,True
14,16,1,16,1,8,131072,torch.float8_e4m3fn,0.10042400360107422,603979776,0.000948609784245491,True
14,16,1,16,1,32,131072,torch.float8_e4m3fn,0.3671312093734741,2415919104,0.000948609784245491,True
14,16,1,16,1,1,524288,torch.float8_e4m3fn,0.07527520060539246,301989888,0.000948609784245491,True
14,16,1,16,1,8,524288,torch.float8_e4m3fn,0.3493583917617798,2415919104,0.000948609784245491,True
14,16,1,16,1,32,524288,torch.float8_e4m3fn,1.410092830657959,9663676416,0.000948609784245491,True
14,16,1,16,1,1,1048576,torch.float8_e4m3fn,0.12737760543823243,603979776,0.000948609784245491,True
14,16,1,16,1,8,1048576,torch.float8_e4m3fn,0.6804927825927735,4831838208,0.000948609784245491,True
14,16,1,16,1,32,1048576,torch.float8_e4m3fn,2.828323173522949,19327352832,0.000948609784245491,True
14,16,2,8,1,1,1024,torch.bfloat16,0.051913601160049436,589824,8.743815124034882e-05,True
14,16,2,8,1,8,1024,torch.bfloat16,0.057545602321624756,4718592,8.743815124034882e-05,True
14,16,2,8,1,32,1024,torch.bfloat16,0.06266080141067505,18874368,8.743815124034882e-05,True
14,16,2,8,1,1,8192,torch.bfloat16,0.05467680096626282,4718592,8.743815124034882e-05,True
14,16,2,8,1,8,8192,torch.bfloat16,0.06394079923629761,37748736,8.743815124034882e-05,True
14,16,2,8,1,32,8192,torch.bfloat16,0.10637120008468628,150994944,8.743815124034882e-05,True
14,16,2,8,1,1,32768,torch.bfloat16,0.05963039994239807,18874368,8.743815124034882e-05,True
14,16,2,8,1,8,32768,torch.bfloat16,0.10054240226745606,150994944,8.743815124034882e-05,True
14,16,2,8,1,32,32768,torch.bfloat16,0.18196159601211548,603979776,8.743815124034882e-05,True
14,16,2,8,1,1,131072,torch.bfloat16,0.08169119954109191,75497472,8.743815124034882e-05,True
14,16,2,8,1,8,131072,torch.bfloat16,0.17799359560012817,603979776,8.743815124034882e-05,True
14,16,2,8,1,32,131072,torch.bfloat16,0.48773760795593263,2415919104,8.743815124034882e-05,True
14,16,2,8,1,1,524288,torch.bfloat16,0.1340559959411621,301989888,8.743815124034882e-05,True
14,16,2,8,1,8,524288,torch.bfloat16,0.47753281593322755,2415919104,8.743815124034882e-05,True
14,16,2,8,1,32,524288,torch.bfloat16,1.6897279739379882,9663676416,8.743815124034882e-05,True
14,16,2,8,1,1,1048576,torch.bfloat16,0.19243839979171753,603979776,8.743815124034882e-05,True
14,16,2,8,1,8,1048576,torch.bfloat16,0.8482239723205567,4831838208,8.743815124034882e-05,True
14,16,2,8,1,32,1048576,torch.bfloat16,3.349611282348633,19327352832,8.743815124034882e-05,True
14,16,2,8,1,1,1024,torch.float8_e4m3fn,0.050235199928283694,294912,0.0006368856411427259,True
14,16,2,8,1,8,1024,torch.float8_e4m3fn,0.05502560138702393,2359296,0.0006368856411427259,True
14,16,2,8,1,32,1024,torch.float8_e4m3fn,0.05765600204467773,9437184,0.0006368856411427259,True
14,16,2,8,1,1,8192,torch.float8_e4m3fn,0.05288800001144409,2359296,0.0006368856411427259,True
14,16,2,8,1,8,8192,torch.float8_e4m3fn,0.059721601009368894,18874368,0.0006368856411427259,True
14,16,2,8,1,32,8192,torch.float8_e4m3fn,0.06959199905395508,75497472,0.0006368856411427259,True
14,16,2,8,1,1,32768,torch.float8_e4m3fn,0.05652639865875244,9437184,0.0006368856411427259,True
14,16,2,8,1,8,32768,torch.float8_e4m3fn,0.06930879950523376,75497472,0.0006368856411427259,True
14,16,2,8,1,32,32768,torch.float8_e4m3fn,0.11620479822158813,301989888,0.0006368856411427259,True
14,16,2,8,1,1,131072,torch.float8_e4m3fn,0.06785600185394287,37748736,0.0006368856411427259,True
14,16,2,8,1,8,131072,torch.float8_e4m3fn,0.11556479930877686,301989888,0.0006368856411427259,True
14,16,2,8,1,32,131072,torch.float8_e4m3fn,0.2505743980407715,1207959552,0.0006368856411427259,True
14,16,2,8,1,1,524288,torch.float8_e4m3fn,0.09967520236968994,150994944,0.0006368856411427259,True
14,16,2,8,1,8,524288,torch.float8_e4m3fn,0.23987360000610353,1207959552,0.0006368856411427259,True
14,16,2,8,1,32,524288,torch.float8_e4m3fn,0.7749023914337159,4831838208,0.0006368856411427259,True
14,16,2,8,1,1,1048576,torch.float8_e4m3fn,0.127455997467041,301989888,0.0006368856411427259,True
14,16,2,8,1,8,1048576,torch.float8_e4m3fn,0.406876802444458,2415919104,0.0006368856411427259,True
14,16,2,8,1,32,1048576,torch.float8_e4m3fn,1.478660774230957,9663676416,0.0006368856411427259,True
14,16,4,4,1,1,1024,torch.bfloat16,0.068094402551651,294912,5.021877586841583e-05,True
14,16,4,4,1,8,1024,torch.bfloat16,0.0808463990688324,2359296,5.021877586841583e-05,True
14,16,4,4,1,32,1024,torch.bfloat16,0.08838559985160828,9437184,5.021877586841583e-05,True
14,16,4,4,1,1,8192,torch.bfloat16,0.07407519817352295,2359296,5.021877586841583e-05,True
14,16,4,4,1,8,8192,torch.bfloat16,0.08795520067214965,18874368,5.021877586841583e-05,True
14,16,4,4,1,32,8192,torch.bfloat16,0.12023199796676635,75497472,5.021877586841583e-05,True
14,16,4,4,1,1,32768,torch.bfloat16,0.07568479776382446,9437184,5.021877586841583e-05,True
14,16,4,4,1,8,32768,torch.bfloat16,0.1063088059425354,75497472,5.021877586841583e-05,True
14,16,4,4,1,32,32768,torch.bfloat16,0.18441280126571655,301989888,5.021877586841583e-05,True
14,16,4,4,1,1,131072,torch.bfloat16,0.08907520174980163,37748736,5.021877586841583e-05,True
14,16,4,4,1,8,131072,torch.bfloat16,0.17380479574203492,301989888,5.021877586841583e-05,True
14,16,4,4,1,32,131072,torch.bfloat16,0.4147471904754639,1207959552,5.021877586841583e-05,True
14,16,4,4,1,1,524288,torch.bfloat16,0.13834880590438842,150994944,5.021877586841583e-05,True
14,16,4,4,1,8,524288,torch.bfloat16,0.3803744077682495,1207959552,5.021877586841583e-05,True
14,16,4,4,1,32,524288,torch.bfloat16,1.322980785369873,4831838208,5.021877586841583e-05,True
14,16,4,4,1,1,1048576,torch.bfloat16,0.18879519701004027,301989888,5.021877586841583e-05,True
14,16,4,4,1,8,1048576,torch.bfloat16,0.6587744235992432,2415919104,5.021877586841583e-05,True
14,16,4,4,1,32,1048576,torch.bfloat16,2.5389951705932616,9663676416,5.021877586841583e-05,True
14,16,4,4,1,1,1024,torch.float8_e4m3fn,0.06648799777030945,147456,0.00047453236766159534,True
14,16,4,4,1,8,1024,torch.float8_e4m3fn,0.07832959890365601,1179648,0.00047453236766159534,True
14,16,4,4,1,32,1024,torch.float8_e4m3fn,0.08447999954223633,4718592,0.00047453236766159534,True
14,16,4,4,1,1,8192,torch.float8_e4m3fn,0.07230719923973083,1179648,0.00047453236766159534,True
14,16,4,4,1,8,8192,torch.float8_e4m3fn,0.08327680230140685,9437184,0.00047453236766159534,True
14,16,4,4,1,32,8192,torch.float8_e4m3fn,0.09640480279922485,37748736,0.00047453236766159534,True
14,16,4,4,1,1,32768,torch.float8_e4m3fn,0.07347840070724487,4718592,0.00047453236766159534,True
14,16,4,4,1,8,32768,torch.float8_e4m3fn,0.09151679873466492,37748736,0.00047453236766159534,True
14,16,4,4,1,32,32768,torch.float8_e4m3fn,0.13579360246658326,150994944,0.00047453236766159534,True
14,16,4,4,1,1,131072,torch.float8_e4m3fn,0.08258879780769349,18874368,0.00047453236766159534,True
14,16,4,4,1,8,131072,torch.float8_e4m3fn,0.1303104043006897,150994944,0.00047453236766159534,True
14,16,4,4,1,32,131072,torch.float8_e4m3fn,0.24450240135192872,603979776,0.00047453236766159534,True
14,16,4,4,1,1,524288,torch.float8_e4m3fn,0.1041152000427246,75497472,0.00047453236766159534,True
14,16,4,4,1,8,524288,torch.float8_e4m3fn,0.22668159008026123,603979776,0.00047453236766159534,True
14,16,4,4,1,32,524288,torch.float8_e4m3fn,0.6563727855682373,2415919104,0.00047453236766159534,True
14,16,4,4,1,1,1048576,torch.float8_e4m3fn,0.1285264015197754,150994944,0.00047453236766159534,True
14,16,4,4,1,8,1048576,torch.float8_e4m3fn,0.35243840217590333,1207959552,0.00047453236766159534,True
14,16,4,4,1,32,1048576,torch.float8_e4m3fn,1.2237055778503418,4831838208,0.00047453236766159534,True
14,16,8,2,1,1,1024,torch.bfloat16,0.09571040272712708,147456,4.039239138364792e-05,True
14,16,8,2,1,8,1024,torch.bfloat16,0.10183839797973633,1179648,4.039239138364792e-05,True
14,16,8,2,1,32,1024,torch.bfloat16,0.12812479734420776,4718592,4.039239138364792e-05,True
14,16,8,2,1,1,8192,torch.bfloat16,0.10005120038986207,1179648,4.039239138364792e-05,True
14,16,8,2,1,8,8192,torch.bfloat16,0.10966240167617798,9437184,4.039239138364792e-05,True
14,16,8,2,1,32,8192,torch.bfloat16,0.14814239740371704,37748736,4.039239138364792e-05,True
14,16,8,2,1,1,32768,torch.bfloat16,0.1004639983177185,4718592,4.039239138364792e-05,True
14,16,8,2,1,8,32768,torch.bfloat16,0.11813919544219971,37748736,4.039239138364792e-05,True
14,16,8,2,1,32,32768,torch.bfloat16,0.1843168020248413,150994944,4.039239138364792e-05,True
14,16,8,2,1,1,131072,torch.bfloat16,0.10919359922409058,18874368,4.039239138364792e-05,True
14,16,8,2,1,8,131072,torch.bfloat16,0.15045759677886963,150994944,4.039239138364792e-05,True
14,16,8,2,1,32,131072,torch.bfloat16,0.26416161060333254,603979776,4.039239138364792e-05,True
14,16,8,2,1,1,524288,torch.bfloat16,0.1286352038383484,75497472,4.039239138364792e-05,True
14,16,8,2,1,8,524288,torch.bfloat16,0.23168160915374755,603979776,4.039239138364792e-05,True
14,16,8,2,1,32,524288,torch.bfloat16,0.5732560157775879,2415919104,4.039239138364792e-05,True
14,16,8,2,1,1,1048576,torch.bfloat16,0.15304960012435914,150994944,4.039239138364792e-05,True
14,16,8,2,1,8,1048576,torch.bfloat16,0.34341599941253664,1207959552,4.039239138364792e-05,True
14,16,8,2,1,32,1048576,torch.bfloat16,0.9996064186096192,4831838208,4.039239138364792e-05,True
14,16,8,2,1,1,1024,torch.float8_e4m3fn,0.09732000231742859,73728,0.00031278340611606836,True
14,16,8,2,1,8,1024,torch.float8_e4m3fn,0.10522719621658325,589824,0.00031278340611606836,True
14,16,8,2,1,32,1024,torch.float8_e4m3fn,0.12211040258407593,2359296,0.00031278340611606836,True
14,16,8,2,1,1,8192,torch.float8_e4m3fn,0.09581919908523559,589824,0.00031278340611606836,True
14,16,8,2,1,8,8192,torch.float8_e4m3fn,0.10452640056610107,4718592,0.00031278340611606836,True
14,16,8,2,1,32,8192,torch.float8_e4m3fn,0.12963199615478516,18874368,0.00031278340611606836,True
14,16,8,2,1,1,32768,torch.float8_e4m3fn,0.09871039986610412,2359296,0.00031278340611606836,True
14,16,8,2,1,8,32768,torch.float8_e4m3fn,0.10969120264053345,18874368,0.00031278340611606836,True
14,16,8,2,1,32,32768,torch.float8_e4m3fn,0.15491039752960206,75497472,0.00031278340611606836,True
14,16,8,2,1,1,131072,torch.float8_e4m3fn,0.10435359477996826,9437184,0.00031278340611606836,True
14,16,8,2,1,8,131072,torch.float8_e4m3fn,0.1184432029724121,75497472,0.00031278340611606836,True
14,16,8,2,1,32,131072,torch.float8_e4m3fn,0.2074352025985718,301989888,0.00031278340611606836,True
14,16,8,2,1,1,524288,torch.float8_e4m3fn,0.11555839776992798,37748736,0.00031278340611606836,True
14,16,8,2,1,8,524288,torch.float8_e4m3fn,0.1716879963874817,301989888,0.00031278340611606836,True
14,16,8,2,1,32,524288,torch.float8_e4m3fn,0.3804368019104004,1207959552,0.00031278340611606836,True
14,16,8,2,1,1,1048576,torch.float8_e4m3fn,0.12793439626693726,75497472,0.00031278340611606836,True
14,16,8,2,1,8,1048576,torch.float8_e4m3fn,0.22723040580749512,603979776,0.00031278340611606836,True
14,16,8,2,1,32,1048576,torch.float8_e4m3fn,0.6049168109893799,2415919104,0.00031278340611606836,True
14,16,16,1,1,1,8192,torch.bfloat16,0.1497648000717163,589824,2.5509390980005264e-05,True
14,16,16,1,1,8,8192,torch.bfloat16,0.1640768051147461,4718592,2.5509390980005264e-05,True
14,16,16,1,1,32,8192,torch.bfloat16,0.21723999977111816,18874368,2.5509390980005264e-05,True
14,16,16,1,1,1,32768,torch.bfloat16,0.15185120105743408,2359296,2.5509390980005264e-05,True
14,16,16,1,1,8,32768,torch.bfloat16,0.17936480045318604,18874368,2.5509390980005264e-05,True
14,16,16,1,1,32,32768,torch.bfloat16,0.2449039936065674,75497472,2.5509390980005264e-05,True
14,16,16,1,1,1,131072,torch.bfloat16,0.16023999452590942,9437184,2.5509390980005264e-05,True
14,16,16,1,1,8,131072,torch.bfloat16,0.2033071994781494,75497472,2.5509390980005264e-05,True
14,16,16,1,1,32,131072,torch.bfloat16,0.29214398860931395,301989888,2.5509390980005264e-05,True
14,16,16,1,1,1,524288,torch.bfloat16,0.16907839775085448,37748736,2.5509390980005264e-05,True
14,16,16,1,1,8,524288,torch.bfloat16,0.25472159385681153,301989888,2.5509390980005264e-05,True
14,16,16,1,1,32,524288,torch.bfloat16,0.4617023944854736,1207959552,2.5509390980005264e-05,True
14,16,16,1,1,1,1048576,torch.bfloat16,0.18152960538864135,75497472,2.5509390980005264e-05,True
14,16,16,1,1,8,1048576,torch.bfloat16,0.3099920034408569,603979776,2.5509390980005264e-05,True
14,16,16,1,1,32,1048576,torch.bfloat16,0.701039981842041,2415919104,2.5509390980005264e-05,True
14,16,16,1,1,1,8192,torch.float8_e4m3fn,0.1455008029937744,294912,0.00026186835020780563,True
14,16,16,1,1,8,8192,torch.float8_e4m3fn,0.16379679441452027,2359296,0.00026186835020780563,True
14,16,16,1,1,32,8192,torch.float8_e4m3fn,0.2018336057662964,9437184,0.00026186835020780563,True
14,16,16,1,1,1,32768,torch.float8_e4m3fn,0.14742079973220826,1179648,0.00026186835020780563,True
14,16,16,1,1,8,32768,torch.float8_e4m3fn,0.17337599992752076,9437184,0.00026186835020780563,True
14,16,16,1,1,32,32768,torch.float8_e4m3fn,0.22566239833831786,37748736,0.00026186835020780563,True
14,16,16,1,1,1,131072,torch.float8_e4m3fn,0.15170079469680786,4718592,0.00026186835020780563,True
14,16,16,1,1,8,131072,torch.float8_e4m3fn,0.17643519639968872,37748736,0.00026186835020780563,True
14,16,16,1,1,32,131072,torch.float8_e4m3fn,0.2569184064865112,150994944,0.00026186835020780563,True
14,16,16,1,1,1,524288,torch.float8_e4m3fn,0.16305919885635375,18874368,0.00026186835020780563,True
14,16,16,1,1,8,524288,torch.float8_e4m3fn,0.2262336015701294,150994944,0.00026186835020780563,True
14,16,16,1,1,32,524288,torch.float8_e4m3fn,0.3611232042312622,603979776,0.00026186835020780563,True
14,16,16,1,1,1,1048576,torch.float8_e4m3fn,0.16709280014038086,37748736,0.00026186835020780563,True
14,16,16,1,1,8,1048576,torch.float8_e4m3fn,0.2520240068435669,301989888,0.00026186835020780563,True
14,16,16,1,1,32,1048576,torch.float8_e4m3fn,0.49301438331604003,1207959552,0.00026186835020780563,True
14,8,1,8,2,1,1024,torch.bfloat16,0.014395199716091156,1179648,8.075311779975891e-05,True
14,8,1,8,2,8,1024,torch.bfloat16,0.014470399916172027,9437184,8.075311779975891e-05,True
14,8,1,8,2,32,1024,torch.bfloat16,0.016579200327396394,37748736,8.075311779975891e-05,True
14,8,1,8,2,1,8192,torch.bfloat16,0.01655520051717758,9437184,8.075311779975891e-05,True
14,8,1,8,2,8,8192,torch.bfloat16,0.019359999895095827,75497472,8.075311779975891e-05,True
14,8,1,8,2,32,8192,torch.bfloat16,0.06838080286979675,301989888,8.075311779975891e-05,True
14,8,1,8,2,1,32768,torch.bfloat16,0.02674719989299774,37748736,8.075311779975891e-05,True
14,8,1,8,2,8,32768,torch.bfloat16,0.06721760034561157,301989888,8.075311779975891e-05,True
14,8,1,8,2,32,32768,torch.bfloat16,0.2245935916900635,1207959552,8.075311779975891e-05,True
14,8,1,8,2,1,131072,torch.bfloat16,0.05238879919052124,150994944,8.075311779975891e-05,True
14,8,1,8,2,8,131072,torch.bfloat16,0.22928800582885742,1207959552,8.075311779975891e-05,True
14,8,1,8,2,32,131072,torch.bfloat16,0.8331503868103027,4831838208,8.075311779975891e-05,True
14,8,1,8,2,1,524288,torch.bfloat16,0.13894399404525756,603979776,8.075311779975891e-05,True
14,8,1,8,2,8,524288,torch.bfloat16,0.7877871990203857,4831838208,8.075311779975891e-05,True
14,8,1,8,2,32,524288,torch.bfloat16,3.2790897369384764,19327352832,8.075311779975891e-05,True
14,8,1,8,2,1,1048576,torch.bfloat16,0.2546799898147583,1207959552,8.075311779975891e-05,True
14,8,1,8,2,8,1048576,torch.bfloat16,1.5618703842163086,9663676416,8.075311779975891e-05,True
14,8,1,8,2,32,1048576,torch.bfloat16,6.452689361572266,38654705664,8.075311779975891e-05,True
14,8,1,8,2,1,1024,torch.float8_e4m3fn,0.012508800625801087,589824,0.0009632045403122902,True
14,8,1,8,2,8,1024,torch.float8_e4m3fn,0.012486399710178375,4718592,0.0009632045403122902,True
14,8,1,8,2,32,1024,torch.float8_e4m3fn,0.01446399986743927,18874368,0.0009632045403122902,True
14,8,1,8,2,1,8192,torch.float8_e4m3fn,0.014454400539398194,4718592,0.0009632045403122902,True
14,8,1,8,2,8,8192,torch.float8_e4m3fn,0.01661760061979294,37748736,0.0009632045403122902,True
14,8,1,8,2,32,8192,torch.float8_e4m3fn,0.03706560134887695,150994944,0.0009632045403122902,True
14,8,1,8,2,1,32768,torch.float8_e4m3fn,0.022702400386333466,18874368,0.0009632045403122902,True
14,8,1,8,2,8,32768,torch.float8_e4m3fn,0.03769600093364715,150994944,0.0009632045403122902,True
14,8,1,8,2,32,32768,torch.float8_e4m3fn,0.10298559665679932,603979776,0.0009632045403122902,True
14,8,1,8,2,1,131072,torch.float8_e4m3fn,0.03329440057277679,75497472,0.0009632045403122902,True
14,8,1,8,2,8,131072,torch.float8_e4m3fn,0.10130879878997803,603979776,0.0009632045403122902,True
14,8,1,8,2,32,131072,torch.float8_e4m3fn,0.364734411239624,2415919104,0.0009632045403122902,True
14,8,1,8,2,1,524288,torch.float8_e4m3fn,0.07410240173339844,301989888,0.0009632045403122902,True
14,8,1,8,2,8,524288,torch.float8_e4m3fn,0.34911839962005614,2415919104,0.0009632045403122902,True
14,8,1,8,2,32,524288,torch.float8_e4m3fn,1.417302417755127,9663676416,0.0009632045403122902,True
14,8,1,8,2,1,1048576,torch.float8_e4m3fn,0.12710399627685548,603979776,0.0009632045403122902,True
14,8,1,8,2,8,1048576,torch.float8_e4m3fn,0.6813295841217041,4831838208,0.0009632045403122902,True
14,8,1,8,2,32,1048576,torch.float8_e4m3fn,2.86364631652832,19327352832,0.0009632045403122902,True
14,8,2,4,2,1,1024,torch.bfloat16,0.056888002157211306,589824,0.00012048333883285522,True
14,8,2,4,2,8,1024,torch.bfloat16,0.06600800156593323,4718592,0.00012048333883285522,True
14,8,2,4,2,32,1024,torch.bfloat16,0.0761904001235962,18874368,0.00012048333883285522,True
14,8,2,4,2,1,8192,torch.bfloat16,0.059721601009368894,4718592,0.00012048333883285522,True
14,8,2,4,2,8,8192,torch.bfloat16,0.07503679990768433,37748736,0.00012048333883285522,True
14,8,2,4,2,32,8192,torch.bfloat16,0.13165440559387206,150994944,0.00012048333883285522,True
14,8,2,4,2,1,32768,torch.bfloat16,0.06774399876594543,18874368,0.00012048333883285522,True
14,8,2,4,2,8,32768,torch.bfloat16,0.1217344045639038,150994944,0.00012048333883285522,True
14,8,2,4,2,32,32768,torch.bfloat16,0.24681439399719238,603979776,0.00012048333883285522,True
14,8,2,4,2,1,131072,torch.bfloat16,0.0958512008190155,75497472,0.00012048333883285522,True
14,8,2,4,2,8,131072,torch.bfloat16,0.22590720653533936,603979776,0.00012048333883285522,True
14,8,2,4,2,32,131072,torch.bfloat16,0.7017792224884033,2415919104,0.00012048333883285522,True
14,8,2,4,2,1,524288,torch.bfloat16,0.17316479682922364,301989888,0.00012048333883285522,True
14,8,2,4,2,8,524288,torch.bfloat16,0.6421504020690918,2415919104,0.00012048333883285522,True
14,8,2,4,2,32,524288,torch.bfloat16,2.521798324584961,9663676416,0.00012048333883285522,True
14,8,2,4,2,1,1048576,torch.bfloat16,0.2714704036712646,603979776,0.00012048333883285522,True
14,8,2,4,2,8,1048576,torch.bfloat16,1.2004991531372071,4831838208,0.00012048333883285522,True
14,8,2,4,2,32,1048576,torch.bfloat16,4.939886474609375,19327352832,0.00012048333883285522,True
14,8,2,4,2,1,1024,torch.float8_e4m3fn,0.054657602310180665,294912,0.0006981350015848875,True
14,8,2,4,2,8,1024,torch.float8_e4m3fn,0.06468160152435302,2359296,0.0006981350015848875,True
14,8,2,4,2,32,1024,torch.float8_e4m3fn,0.07274559736251832,9437184,0.0006981350015848875,True
14,8,2,4,2,1,8192,torch.float8_e4m3fn,0.05730080008506775,2359296,0.0006981350015848875,True
14,8,2,4,2,8,8192,torch.float8_e4m3fn,0.07190080285072327,18874368,0.0006981350015848875,True
14,8,2,4,2,32,8192,torch.float8_e4m3fn,0.0977936029434204,75497472,0.0006981350015848875,True
14,8,2,4,2,1,32768,torch.float8_e4m3fn,0.06356319785118103,9437184,0.0006981350015848875,True
14,8,2,4,2,8,32768,torch.float8_e4m3fn,0.08656479716300965,75497472,0.0006981350015848875,True
14,8,2,4,2,32,32768,torch.float8_e4m3fn,0.1589311957359314,301989888,0.0006981350015848875,True
14,8,2,4,2,1,131072,torch.float8_e4m3fn,0.07080479860305786,37748736,0.0006981350015848875,True
14,8,2,4,2,8,131072,torch.float8_e4m3fn,0.14816160202026368,301989888,0.0006981350015848875,True
14,8,2,4,2,32,131072,torch.float8_e4m3fn,0.3681056022644043,1207959552,0.0006981350015848875,True
14,8,2,4,2,1,524288,torch.float8_e4m3fn,0.1154255986213684,150994944,0.0006981350015848875,True
14,8,2,4,2,8,524288,torch.float8_e4m3fn,0.3391824007034302,1207959552,0.0006981350015848875,True
14,8,2,4,2,32,524288,torch.float8_e4m3fn,1.1926863670349122,4831838208,0.0006981350015848875,True
14,8,2,4,2,1,1048576,torch.float8_e4m3fn,0.16251039505004883,301989888,0.0006981350015848875,True
14,8,2,4,2,8,1048576,torch.float8_e4m3fn,0.5891647815704346,2415919104,0.0006981350015848875,True
14,8,2,4,2,32,1048576,torch.float8_e4m3fn,2.3367616653442385,9663676416,0.0006981350015848875,True
14,8,4,2,2,1,1024,torch.bfloat16,0.06772639751434326,294912,6.633345037698746e-05,True
14,8,4,2,2,8,1024,torch.bfloat16,0.0746720016002655,2359296,6.633345037698746e-05,True
14,8,4,2,2,32,1024,torch.bfloat16,0.09635519981384277,9437184,6.633345037698746e-05,True
14,8,4,2,2,1,8192,torch.bfloat16,0.07229920029640198,2359296,6.633345037698746e-05,True
14,8,4,2,2,8,8192,torch.bfloat16,0.08363040089607239,18874368,6.633345037698746e-05,True
14,8,4,2,2,32,8192,torch.bfloat16,0.11442079544067382,75497472,6.633345037698746e-05,True
14,8,4,2,2,1,32768,torch.bfloat16,0.07892159819602966,9437184,6.633345037698746e-05,True
14,8,4,2,2,8,32768,torch.bfloat16,0.09399359822273254,75497472,6.633345037698746e-05,True
14,8,4,2,2,32,32768,torch.bfloat16,0.16897280216217042,301989888,6.633345037698746e-05,True
14,8,4,2,2,1,131072,torch.bfloat16,0.0918608009815216,37748736,6.633345037698746e-05,True
14,8,4,2,2,8,131072,torch.bfloat16,0.148143994808197,301989888,6.633345037698746e-05,True
14,8,4,2,2,32,131072,torch.bfloat16,0.32569279670715334,1207959552,6.633345037698746e-05,True
14,8,4,2,2,1,524288,torch.bfloat16,0.12722400426864625,150994944,6.633345037698746e-05,True
14,8,4,2,2,8,524288,torch.bfloat16,0.3160304069519043,1207959552,6.633345037698746e-05,True
14,8,4,2,2,32,524288,torch.bfloat16,0.9526080131530762,4831838208,6.633345037698746e-05,True
14,8,4,2,2,1,1048576,torch.bfloat16,0.15875519514083863,301989888,6.633345037698746e-05,True
14,8,4,2,2,8,1048576,torch.bfloat16,0.5140719890594483,2415919104,6.633345037698746e-05,True
14,8,4,2,2,32,1048576,torch.bfloat16,1.831977653503418,9663676416,6.633345037698746e-05,True
14,8,4,2,2,1,1024,torch.float8_e4m3fn,0.06959519982337951,147456,0.0004447265528142452,True
14,8,4,2,2,8,1024,torch.float8_e4m3fn,0.07368000149726868,1179648,0.0004447265528142452,True
14,8,4,2,2,32,1024,torch.float8_e4m3fn,0.09113600254058837,4718592,0.0004447265528142452,True
14,8,4,2,2,1,8192,torch.float8_e4m3fn,0.07155519723892212,1179648,0.0004447265528142452,True
14,8,4,2,2,8,8192,torch.float8_e4m3fn,0.07884640097618104,9437184,0.0004447265528142452,True
14,8,4,2,2,32,8192,torch.float8_e4m3fn,0.09916160106658936,37748736,0.0004447265528142452,True
14,8,4,2,2,1,32768,torch.float8_e4m3fn,0.07490400075912476,4718592,0.0004447265528142452,True
14,8,4,2,2,8,32768,torch.float8_e4m3fn,0.08882560133934021,37748736,0.0004447265528142452,True
14,8,4,2,2,32,32768,torch.float8_e4m3fn,0.13599200248718263,150994944,0.0004447265528142452,True
14,8,4,2,2,1,131072,torch.float8_e4m3fn,0.08246399760246277,18874368,0.0004447265528142452,True
14,8,4,2,2,8,131072,torch.float8_e4m3fn,0.11948479413986206,150994944,0.0004447265528142452,True
14,8,4,2,2,32,131072,torch.float8_e4m3fn,0.22590079307556152,603979776,0.0004447265528142452,True
14,8,4,2,2,1,524288,torch.float8_e4m3fn,0.1052623987197876,75497472,0.0004447265528142452,True
14,8,4,2,2,8,524288,torch.float8_e4m3fn,0.20137441158294678,603979776,0.0004447265528142452,True
14,8,4,2,2,32,524288,torch.float8_e4m3fn,0.5594255924224854,2415919104,0.0004447265528142452,True
14,8,4,2,2,1,1048576,torch.float8_e4m3fn,0.1315168023109436,150994944,0.0004447265528142452,True
14,8,4,2,2,8,1048576,torch.float8_e4m3fn,0.30316479206085206,1207959552,0.0004447265528142452,True
14,8,4,2,2,32,1048576,torch.float8_e4m3fn,1.0047552108764648,4831838208,0.0004447265528142452,True
14,8,8,1,2,1,1024,torch.bfloat16,0.0986624002456665,147456,3.890693187713623e-05,True
14,8,8,1,2,8,1024,torch.bfloat16,0.11537760496139526,1179648,3.890693187713623e-05,True
14,8,8,1,2,32,1024,torch.bfloat16,0.16839040517807008,4718592,3.890693187713623e-05,True
14,8,8,1,2,1,8192,torch.bfloat16,0.10508320331573487,1179648,3.890693187713623e-05,True
14,8,8,1,2,8,8192,torch.bfloat16,0.12461440563201905,9437184,3.890693187713623e-05,True
14,8,8,1,2,32,8192,torch.bfloat16,0.19519200325012206,37748736,3.890693187713623e-05,True
14,8,8,1,2,1,32768,torch.bfloat16,0.10892000198364257,4718592,3.890693187713623e-05,True
14,8,8,1,2,8,32768,torch.bfloat16,0.12502720355987548,37748736,3.890693187713623e-05,True
14,8,8,1,2,32,32768,torch.bfloat16,0.22667360305786133,150994944,3.890693187713623e-05,True
14,8,8,1,2,1,131072,torch.bfloat16,0.12565599679946898,18874368,3.890693187713623e-05,True
14,8,8,1,2,8,131072,torch.bfloat16,0.16019519567489623,150994944,3.890693187713623e-05,True
14,8,8,1,2,32,131072,torch.bfloat16,0.31247360706329347,603979776,3.890693187713623e-05,True
14,8,8,1,2,1,524288,torch.bfloat16,0.1261680006980896,75497472,3.890693187713623e-05,True
14,8,8,1,2,8,524288,torch.bfloat16,0.24480319023132324,603979776,3.890693187713623e-05,True
14,8,8,1,2,32,524288,torch.bfloat16,0.6553328037261963,2415919104,3.890693187713623e-05,True
14,8,8,1,2,1,1048576,torch.bfloat16,0.16111359596252442,150994944,3.890693187713623e-05,True
14,8,8,1,2,8,1048576,torch.bfloat16,0.347326397895813,1207959552,3.890693187713623e-05,True
14,8,8,1,2,32,1048576,torch.bfloat16,1.1435296058654785,4831838208,3.890693187713623e-05,True
14,8,8,1,2,1,1024,torch.float8_e4m3fn,0.11122720241546631,73728,0.0003321180120110512,True
14,8,8,1,2,8,1024,torch.float8_e4m3fn,0.12416479587554932,589824,0.0003321180120110512,True
14,8,8,1,2,32,1024,torch.float8_e4m3fn,0.16311839818954468,2359296,0.0003321180120110512,True
14,8,8,1,2,1,8192,torch.float8_e4m3fn,0.10252959728240967,589824,0.0003321180120110512,True
14,8,8,1,2,8,8192,torch.float8_e4m3fn,0.11986240148544311,4718592,0.0003321180120110512,True
14,8,8,1,2,32,8192,torch.float8_e4m3fn,0.1756351947784424,18874368,0.0003321180120110512,True
14,8,8,1,2,1,32768,torch.float8_e4m3fn,0.1058575987815857,2359296,0.0003321180120110512,True
14,8,8,1,2,8,32768,torch.float8_e4m3fn,0.1240399956703186,18874368,0.0003321180120110512,True
14,8,8,1,2,32,32768,torch.float8_e4m3fn,0.20207359790802001,75497472,0.0003321180120110512,True
14,8,8,1,2,1,131072,torch.float8_e4m3fn,0.11646879911422729,9437184,0.0003321180120110512,True
14,8,8,1,2,8,131072,torch.float8_e4m3fn,0.13736319541931152,75497472,0.0003321180120110512,True
14,8,8,1,2,32,131072,torch.float8_e4m3fn,0.2517296075820923,301989888,0.0003321180120110512,True
14,8,8,1,2,1,524288,torch.float8_e4m3fn,0.12344800233840943,37748736,0.0003321180120110512,True
14,8,8,1,2,8,524288,torch.float8_e4m3fn,0.18937920331954955,301989888,0.0003321180120110512,True
14,8,8,1,2,32,524288,torch.float8_e4m3fn,0.4434624195098877,1207959552,0.0003321180120110512,True
14,8,8,1,2,1,1048576,torch.float8_e4m3fn,0.13221280574798583,75497472,0.0003321180120110512,True
14,8,8,1,2,8,1048576,torch.float8_e4m3fn,0.2602895975112915,603979776,0.0003321180120110512,True
14,8,8,1,2,32,1048576,torch.float8_e4m3fn,0.7109360218048095,2415919104,0.0003321180120110512,True
14,4,1,4,4,1,1024,torch.bfloat16,0.018588800728321076,1179648,8.505024015903473e-05,True
14,4,1,4,4,8,1024,torch.bfloat16,0.022752000391483305,9437184,8.505024015903473e-05,True
14,4,1,4,4,32,1024,torch.bfloat16,0.0288239985704422,37748736,8.505024015903473e-05,True
14,4,1,4,4,1,8192,torch.bfloat16,0.018620799481868743,9437184,8.505024015903473e-05,True
14,4,1,4,4,8,8192,torch.bfloat16,0.03713119924068451,75497472,8.505024015903473e-05,True
14,4,1,4,4,32,8192,torch.bfloat16,0.10436639785766602,301989888,8.505024015903473e-05,True
14,4,1,4,4,1,32768,torch.bfloat16,0.030924800038337707,37748736,8.505024015903473e-05,True
14,4,1,4,4,8,32768,torch.bfloat16,0.10098079442977906,301989888,8.505024015903473e-05,True
14,4,1,4,4,32,32768,torch.bfloat16,0.33201758861541747,1207959552,8.505024015903473e-05,True
14,4,1,4,4,1,131072,torch.bfloat16,0.07146720290184021,150994944,8.505024015903473e-05,True
14,4,1,4,4,8,131072,torch.bfloat16,0.3058111906051636,1207959552,8.505024015903473e-05,True
14,4,1,4,4,32,131072,torch.bfloat16,1.240766429901123,4831838208,8.505024015903473e-05,True
14,4,1,4,4,1,524288,torch.bfloat16,0.21775999069213867,603979776,8.505024015903473e-05,True
14,4,1,4,4,8,524288,torch.bfloat16,1.1416751861572265,4831838208,8.505024015903473e-05,True
14,4,1,4,4,32,524288,torch.bfloat16,4.8757678985595705,19327352832,8.505024015903473e-05,True
14,4,1,4,4,1,1048576,torch.bfloat16,0.4133600234985352,1207959552,8.505024015903473e-05,True
14,4,1,4,4,8,1048576,torch.bfloat16,2.2698272705078124,9663676416,8.505024015903473e-05,True
14,4,1,4,4,32,1048576,torch.bfloat16,9.71310043334961,38654705664,8.505024015903473e-05,True
14,4,1,4,4,1,1024,torch.float8_e4m3fn,0.016499200463294984,589824,0.0009632045403122902,True
14,4,1,4,4,8,1024,torch.float8_e4m3fn,0.02069920003414154,4718592,0.0009632045403122902,True
14,4,1,4,4,32,1024,torch.float8_e4m3fn,0.024633599817752837,18874368,0.0009632045403122902,True
14,4,1,4,4,1,8192,torch.float8_e4m3fn,0.016571199893951415,4718592,0.0009632045403122902,True
14,4,1,4,4,8,8192,torch.float8_e4m3fn,0.026855999231338502,37748736,0.0009632045403122902,True
14,4,1,4,4,32,8192,torch.float8_e4m3fn,0.06131359934806824,150994944,0.0009632045403122902,True
14,4,1,4,4,1,32768,torch.float8_e4m3fn,0.02484000027179718,18874368,0.0009632045403122902,True
14,4,1,4,4,8,32768,torch.float8_e4m3fn,0.05907520055770874,150994944,0.0009632045403122902,True
14,4,1,4,4,32,32768,torch.float8_e4m3fn,0.16563359498977662,603979776,0.0009632045403122902,True
14,4,1,4,4,1,131072,torch.float8_e4m3fn,0.04377439916133881,75497472,0.0009632045403122902,True
14,4,1,4,4,8,131072,torch.float8_e4m3fn,0.15185920000076295,603979776,0.0009632045403122902,True
14,4,1,4,4,32,131072,torch.float8_e4m3fn,0.5729743957519531,2415919104,0.0009632045403122902,True
14,4,1,4,4,1,524288,torch.float8_e4m3fn,0.10888639688491822,301989888,0.0009632045403122902,True
14,4,1,4,4,8,524288,torch.float8_e4m3fn,0.5289360046386719,2415919104,0.0009632045403122902,True
14,4,1,4,4,32,524288,torch.float8_e4m3fn,2.29418888092041,9663676416,0.0009632045403122902,True
14,4,1,4,4,1,1048576,torch.float8_e4m3fn,0.19698879718780518,603979776,0.0009632045403122902,True
14,4,1,4,4,8,1048576,torch.float8_e4m3fn,1.0367839813232422,4831838208,0.0009632045403122902,True
14,4,1,4,4,32,1048576,torch.float8_e4m3fn,4.573876953125,19327352832,0.0009632045403122902,True
14,4,2,2,4,1,1024,torch.bfloat16,0.05350080132484436,589824,0.0001090802252292633,True
14,4,2,2,4,8,1024,torch.bfloat16,0.06296160221099853,4718592,0.0001090802252292633,True
14,4,2,2,4,32,1024,torch.bfloat16,0.08466719985008239,18874368,0.0001090802252292633,True
14,4,2,2,4,1,8192,torch.bfloat16,0.057543998956680296,4718592,0.0001090802252292633,True
14,4,2,2,4,8,8192,torch.bfloat16,0.07777600288391114,37748736,0.0001090802252292633,True
14,4,2,2,4,32,8192,torch.bfloat16,0.12583839893341064,150994944,0.0001090802252292633,True
14,4,2,2,4,1,32768,torch.bfloat16,0.06803359985351562,18874368,0.0001090802252292633,True
14,4,2,2,4,8,32768,torch.bfloat16,0.10739359855651856,150994944,0.0001090802252292633,True
14,4,2,2,4,32,32768,torch.bfloat16,0.21113278865814208,603979776,0.0001090802252292633,True
14,4,2,2,4,1,131072,torch.bfloat16,0.08641120195388793,75497472,0.0001090802252292633,True
14,4,2,2,4,8,131072,torch.bfloat16,0.18709280490875244,603979776,0.0001090802252292633,True
14,4,2,2,4,32,131072,torch.bfloat16,0.519158411026001,2415919104,0.0001090802252292633,True
14,4,2,2,4,1,524288,torch.bfloat16,0.1477712035179138,301989888,0.0001090802252292633,True
14,4,2,2,4,8,524288,torch.bfloat16,0.497430419921875,2415919104,0.0001090802252292633,True
14,4,2,2,4,32,524288,torch.bfloat16,1.813279914855957,9663676416,0.0001090802252292633,True
14,4,2,2,4,1,1048576,torch.bfloat16,0.20935521125793458,603979776,0.0001090802252292633,True
14,4,2,2,4,8,1048576,torch.bfloat16,0.8843520164489747,4831838208,0.0001090802252292633,True
14,4,2,2,4,32,1048576,torch.bfloat16,3.8322830200195312,19327352832,0.0001090802252292633,True
14,4,2,2,4,1,1024,torch.float8_e4m3fn,0.05274080038070679,294912,0.0006981352344155312,True
14,4,2,2,4,8,1024,torch.float8_e4m3fn,0.05978239774703979,2359296,0.0006981352344155312,True
14,4,2,2,4,32,1024,torch.float8_e4m3fn,0.08857759833335876,9437184,0.0006981352344155312,True
14,4,2,2,4,1,8192,torch.float8_e4m3fn,0.05592640042304993,2359296,0.0006981352344155312,True
14,4,2,2,4,8,8192,torch.float8_e4m3fn,0.0678879976272583,18874368,0.0006981352344155312,True
14,4,2,2,4,32,8192,torch.float8_e4m3fn,0.09445279836654663,75497472,0.0006981352344155312,True
14,4,2,2,4,1,32768,torch.float8_e4m3fn,0.06165599822998047,9437184,0.0006981352344155312,True
14,4,2,2,4,8,32768,torch.float8_e4m3fn,0.0781823992729187,75497472,0.0006981352344155312,True
14,4,2,2,4,32,32768,torch.float8_e4m3fn,0.14874080419540406,301989888,0.0006981352344155312,True
14,4,2,2,4,1,131072,torch.float8_e4m3fn,0.07374079823493958,37748736,0.0006981352344155312,True
14,4,2,2,4,8,131072,torch.float8_e4m3fn,0.13008320331573486,301989888,0.0006981352344155312,True
14,4,2,2,4,32,131072,torch.float8_e4m3fn,0.3205456018447876,1207959552,0.0006981352344155312,True
14,4,2,2,4,1,524288,torch.float8_e4m3fn,0.11561599969863892,150994944,0.0006981352344155312,True
14,4,2,2,4,8,524288,torch.float8_e4m3fn,0.28639678955078124,1207959552,0.0006981352344155312,True
14,4,2,2,4,32,524288,torch.float8_e4m3fn,1.0005056381225585,4831838208,0.0006981352344155312,True
14,4,2,2,4,1,1048576,torch.float8_e4m3fn,0.15369119644165039,301989888,0.0006981352344155312,True
14,4,2,2,4,8,1048576,torch.float8_e4m3fn,0.4913455963134766,2415919104,0.0006981352344155312,True
14,4,2,2,4,32,1048576,torch.float8_e4m3fn,2.087828826904297,9663676416,0.0006981352344155312,True
14,4,4,1,4,1,1024,torch.bfloat16,0.07200000286102295,294912,6.008613854646683e-05,True
14,4,4,1,4,8,1024,torch.bfloat16,0.09253600239753723,2359296,6.008613854646683e-05,True
14,4,4,1,4,32,1024,torch.bfloat16,0.13140000104904176,9437184,6.008613854646683e-05,True
14,4,4,1,4,1,8192,torch.bfloat16,0.07818560004234314,2359296,6.008613854646683e-05,True
14,4,4,1,4,8,8192,torch.bfloat16,0.1053231954574585,18874368,6.008613854646683e-05,True
14,4,4,1,4,32,8192,torch.bfloat16,0.16579359769821167,75497472,6.008613854646683e-05,True
14,4,4,1,4,1,32768,torch.bfloat16,0.08530240058898926,9437184,6.008613854646683e-05,True
14,4,4,1,4,8,32768,torch.bfloat16,0.11533440351486206,75497472,6.008613854646683e-05,True
14,4,4,1,4,32,32768,torch.bfloat16,0.21341118812561036,301989888,6.008613854646683e-05,True
14,4,4,1,4,1,131072,torch.bfloat16,0.09498239755630493,37748736,6.008613854646683e-05,True
14,4,4,1,4,8,131072,torch.bfloat16,0.1615664005279541,301989888,6.008613854646683e-05,True
14,4,4,1,4,32,131072,torch.bfloat16,0.3806720018386841,1207959552,6.008613854646683e-05,True
14,4,4,1,4,1,524288,torch.bfloat16,0.12631839513778687,150994944,6.008613854646683e-05,True
14,4,4,1,4,8,524288,torch.bfloat16,0.3227504014968872,1207959552,6.008613854646683e-05,True
14,4,4,1,4,32,524288,torch.bfloat16,1.0658368110656737,4831838208,6.008613854646683e-05,True
14,4,4,1,4,1,1048576,torch.bfloat16,0.1883520007133484,301989888,6.008613854646683e-05,True
14,4,4,1,4,8,1048576,torch.bfloat16,0.5350063800811767,2415919104,6.008613854646683e-05,True
14,4,4,1,4,32,1048576,torch.bfloat16,2.1609983444213867,9663676416,6.008613854646683e-05,True
14,4,4,1,4,1,1024,torch.float8_e4m3fn,0.07834720015525817,147456,0.0005247707013040781,True
14,4,4,1,4,8,1024,torch.float8_e4m3fn,0.08654080033302307,1179648,0.0005247707013040781,True
14,4,4,1,4,32,1024,torch.float8_e4m3fn,0.1235535979270935,4718592,0.0005247707013040781,True
14,4,4,1,4,1,8192,torch.float8_e4m3fn,0.07635679841041565,1179648,0.0005247707013040781,True
14,4,4,1,4,8,8192,torch.float8_e4m3fn,0.09676480293273926,9437184,0.0005247707013040781,True
14,4,4,1,4,32,8192,torch.float8_e4m3fn,0.1444767951965332,37748736,0.0005247707013040781,True
14,4,4,1,4,1,32768,torch.float8_e4m3fn,0.08068000078201294,4718592,0.0005247707013040781,True
14,4,4,1,4,8,32768,torch.float8_e4m3fn,0.10026079416275024,37748736,0.0005247707013040781,True
14,4,4,1,4,32,32768,torch.float8_e4m3fn,0.17689759731292726,150994944,0.0005247707013040781,True
14,4,4,1,4,1,131072,torch.float8_e4m3fn,0.09192960262298584,18874368,0.0005247707013040781,True
14,4,4,1,4,8,131072,torch.float8_e4m3fn,0.13416800498962403,150994944,0.0005247707013040781,True
14,4,4,1,4,32,131072,torch.float8_e4m3fn,0.27421600818634034,603979776,0.0005247707013040781,True
14,4,4,1,4,1,524288,torch.float8_e4m3fn,0.10410560369491577,75497472,0.0005247707013040781,True
14,4,4,1,4,8,524288,torch.float8_e4m3fn,0.23306560516357422,603979776,0.0005247707013040781,True
14,4,4,1,4,32,524288,torch.float8_e4m3fn,0.6585887908935547,2415919104,0.0005247707013040781,True
14,4,4,1,4,1,1048576,torch.float8_e4m3fn,0.13528159856796265,150994944,0.0005247707013040781,True
14,4,4,1,4,8,1048576,torch.float8_e4m3fn,0.34869120121002195,1207959552,0.0005247707013040781,True
14,4,4,1,4,32,1048576,torch.float8_e4m3fn,1.243718433380127,4831838208,0.0005247707013040781,True
15,16,1,16,1,1,1024,torch.bfloat16,0.012595200538635254,1179648,7.794611155986786e-05,True
15,16,1,16,1,8,1024,torch.bfloat16,0.012476799637079239,9437184,7.794611155986786e-05,True
15,16,1,16,1,32,1024,torch.bfloat16,0.016438399255275727,37748736,7.794611155986786e-05,True
15,16,1,16,1,1,8192,torch.bfloat16,0.014417600631713868,9437184,7.794611155986786e-05,True
15,16,1,16,1,8,8192,torch.bfloat16,0.018719999492168425,75497472,7.794611155986786e-05,True
15,16,1,16,1,32,8192,torch.bfloat16,0.06742240190505981,301989888,7.794611155986786e-05,True
15,16,1,16,1,1,32768,torch.bfloat16,0.026774400472640993,37748736,7.794611155986786e-05,True
15,16,1,16,1,8,32768,torch.bfloat16,0.06714400053024291,301989888,7.794611155986786e-05,True
15,16,1,16,1,32,32768,torch.bfloat16,0.22114720344543456,1207959552,7.794611155986786e-05,True
15,16,1,16,1,1,131072,torch.bfloat16,0.05389279723167419,150994944,7.794611155986786e-05,True
15,16,1,16,1,8,131072,torch.bfloat16,0.21620960235595704,1207959552,7.794611155986786e-05,True
15,16,1,16,1,32,131072,torch.bfloat16,0.8225199699401855,4831838208,7.794611155986786e-05,True
15,16,1,16,1,1,524288,torch.bfloat16,0.13998559713363648,603979776,7.794611155986786e-05,True
15,16,1,16,1,8,524288,torch.bfloat16,0.7853536128997802,4831838208,7.794611155986786e-05,True
15,16,1,16,1,32,524288,torch.bfloat16,3.2662273406982423,19327352832,7.794611155986786e-05,True
15,16,1,16,1,1,1048576,torch.bfloat16,0.255131196975708,1207959552,7.794611155986786e-05,True
15,16,1,16,1,8,1048576,torch.bfloat16,1.5624480247497559,9663676416,7.794611155986786e-05,True
15,16,1,16,1,32,1048576,torch.bfloat16,6.411908721923828,38654705664,7.794611155986786e-05,True
15,16,1,16,1,1,1024,torch.float8_e4m3fn,0.012399999797344208,589824,0.00077175407204777,True
15,16,1,16,1,8,1024,torch.float8_e4m3fn,0.012385600060224534,4718592,0.00077175407204777,True
15,16,1,16,1,32,1024,torch.float8_e4m3fn,0.01446399986743927,18874368,0.00077175407204777,True
15,16,1,16,1,1,8192,torch.float8_e4m3fn,0.014424000680446625,4718592,0.00077175407204777,True
15,16,1,16,1,8,8192,torch.float8_e4m3fn,0.0165583997964859,37748736,0.00077175407204777,True
15,16,1,16,1,32,8192,torch.float8_e4m3fn,0.035579198598861696,150994944,0.00077175407204777,True
15,16,1,16,1,1,32768,torch.float8_e4m3fn,0.02263360023498535,18874368,0.00077175407204777,True
15,16,1,16,1,8,32768,torch.float8_e4m3fn,0.0369951993227005,150994944,0.00077175407204777,True
15,16,1,16,1,32,32768,torch.float8_e4m3fn,0.10233119726181031,603979776,0.00077175407204777,True
15,16,1,16,1,1,131072,torch.float8_e4m3fn,0.032864001393318173,75497472,0.00077175407204777,True
15,16,1,16,1,8,131072,torch.float8_e4m3fn,0.100491201877594,603979776,0.00077175407204777,True
15,16,1,16,1,32,131072,torch.float8_e4m3fn,0.3667167901992798,2415919104,0.00077175407204777,True
15,16,1,16,1,1,524288,torch.float8_e4m3fn,0.07545920014381409,301989888,0.00077175407204777,True
15,16,1,16,1,8,524288,torch.float8_e4m3fn,0.34903678894042967,2415919104,0.00077175407204777,True
15,16,1,16,1,32,524288,torch.float8_e4m3fn,1.4104751586914062,9663676416,0.00077175407204777,True
15,16,1,16,1,1,1048576,torch.float8_e4m3fn,0.12664159536361694,603979776,0.00077175407204777,True
15,16,1,16,1,8,1048576,torch.float8_e4m3fn,0.6799759864807129,4831838208,0.00077175407204777,True
15,16,1,16,1,32,1048576,torch.float8_e4m3fn,2.826475143432617,19327352832,0.00077175407204777,True
15,16,2,8,1,1,1024,torch.bfloat16,0.051923197507858274,589824,0.00010567344725131989,True
15,16,2,8,1,8,1024,torch.bfloat16,0.0575872004032135,4718592,0.00010567344725131989,True
15,16,2,8,1,32,1024,torch.bfloat16,0.0625823974609375,18874368,0.00010567344725131989,True
15,16,2,8,1,1,8192,torch.bfloat16,0.05481759905815124,4718592,0.00010567344725131989,True
15,16,2,8,1,8,8192,torch.bfloat16,0.06410239934921265,37748736,0.00010567344725131989,True
15,16,2,8,1,32,8192,torch.bfloat16,0.10634560585021972,150994944,0.00010567344725131989,True
15,16,2,8,1,1,32768,torch.bfloat16,0.059595197439193726,18874368,0.00010567344725131989,True
15,16,2,8,1,8,32768,torch.bfloat16,0.10045599937438965,150994944,0.00010567344725131989,True
15,16,2,8,1,32,32768,torch.bfloat16,0.18197599649429322,603979776,0.00010567344725131989,True
15,16,2,8,1,1,131072,torch.bfloat16,0.08168320059776306,75497472,0.00010567344725131989,True
15,16,2,8,1,8,131072,torch.bfloat16,0.17791520357131957,603979776,0.00010567344725131989,True
15,16,2,8,1,32,131072,torch.bfloat16,0.4877600193023682,2415919104,0.00010567344725131989,True
15,16,2,8,1,1,524288,torch.bfloat16,0.13373440504074097,301989888,0.00010567344725131989,True
15,16,2,8,1,8,524288,torch.bfloat16,0.4775887966156006,2415919104,0.00010567344725131989,True
15,16,2,8,1,32,524288,torch.bfloat16,1.6896976470947265,9663676416,0.00010567344725131989,True
15,16,2,8,1,1,1048576,torch.bfloat16,0.19294559955596924,603979776,0.00010567344725131989,True
15,16,2,8,1,8,1048576,torch.bfloat16,0.8480400085449219,4831838208,0.00010567344725131989,True
15,16,2,8,1,32,1048576,torch.bfloat16,3.3496959686279295,19327352832,0.00010567344725131989,True
15,16,2,8,1,1,1024,torch.float8_e4m3fn,0.050246399641036985,294912,0.0006008461932651699,True
15,16,2,8,1,8,1024,torch.float8_e4m3fn,0.05512319803237915,2359296,0.0006008461932651699,True
15,16,2,8,1,32,1024,torch.float8_e4m3fn,0.0577455997467041,9437184,0.0006008461932651699,True
15,16,2,8,1,1,8192,torch.float8_e4m3fn,0.05300160050392151,2359296,0.0006008461932651699,True
15,16,2,8,1,8,8192,torch.float8_e4m3fn,0.059836798906326295,18874368,0.0006008461932651699,True
15,16,2,8,1,32,8192,torch.float8_e4m3fn,0.06945919990539551,75497472,0.0006008461932651699,True
15,16,2,8,1,1,32768,torch.float8_e4m3fn,0.056524801254272464,9437184,0.0006008461932651699,True
15,16,2,8,1,8,32768,torch.float8_e4m3fn,0.06919839978218079,75497472,0.0006008461932651699,True
15,16,2,8,1,32,32768,torch.float8_e4m3fn,0.11622879505157471,301989888,0.0006008461932651699,True
15,16,2,8,1,1,131072,torch.float8_e4m3fn,0.06784160137176513,37748736,0.0006008461932651699,True
15,16,2,8,1,8,131072,torch.float8_e4m3fn,0.1156432032585144,301989888,0.0006008461932651699,True
15,16,2,8,1,32,131072,torch.float8_e4m3fn,0.25069921016693114,1207959552,0.0006008461932651699,True
15,16,2,8,1,1,524288,torch.float8_e4m3fn,0.09966719746589661,150994944,0.0006008461932651699,True
15,16,2,8,1,8,524288,torch.float8_e4m3fn,0.23988959789276124,1207959552,0.0006008461932651699,True
15,16,2,8,1,32,524288,torch.float8_e4m3fn,0.7749008178710938,4831838208,0.0006008461932651699,True
15,16,2,8,1,1,1048576,torch.float8_e4m3fn,0.1275215983390808,301989888,0.0006008461932651699,True
15,16,2,8,1,8,1048576,torch.float8_e4m3fn,0.4069808006286621,2415919104,0.0006008461932651699,True
15,16,2,8,1,32,1048576,torch.float8_e4m3fn,1.4785920143127442,9663676416,0.0006008461932651699,True
15,16,4,4,1,1,1024,torch.bfloat16,0.068259197473526,294912,6.0910359025001526e-05,True
15,16,4,4,1,8,1024,torch.bfloat16,0.08091679811477662,2359296,6.0910359025001526e-05,True
15,16,4,4,1,32,1024,torch.bfloat16,0.08847360014915466,9437184,6.0910359025001526e-05,True
15,16,4,4,1,1,8192,torch.bfloat16,0.07420480251312256,2359296,6.0910359025001526e-05,True
15,16,4,4,1,8,8192,torch.bfloat16,0.08797439932823181,18874368,6.0910359025001526e-05,True
15,16,4,4,1,32,8192,torch.bfloat16,0.12030559778213501,75497472,6.0910359025001526e-05,True
15,16,4,4,1,1,32768,torch.bfloat16,0.07577760219573974,9437184,6.0910359025001526e-05,True
15,16,4,4,1,8,32768,torch.bfloat16,0.10627039670944213,75497472,6.0910359025001526e-05,True
15,16,4,4,1,32,32768,torch.bfloat16,0.18458880186080934,301989888,6.0910359025001526e-05,True
15,16,4,4,1,1,131072,torch.bfloat16,0.08910080194473266,37748736,6.0910359025001526e-05,True
15,16,4,4,1,8,131072,torch.bfloat16,0.17376320362091063,301989888,6.0910359025001526e-05,True
15,16,4,4,1,32,131072,torch.bfloat16,0.41468000411987305,1207959552,6.0910359025001526e-05,True
15,16,4,4,1,1,524288,torch.bfloat16,0.13841919898986815,150994944,6.0910359025001526e-05,True
15,16,4,4,1,8,524288,torch.bfloat16,0.38044960498809816,1207959552,6.0910359025001526e-05,True
15,16,4,4,1,32,524288,torch.bfloat16,1.3230832099914551,4831838208,6.0910359025001526e-05,True
15,16,4,4,1,1,1048576,torch.bfloat16,0.18905760049819947,301989888,6.0910359025001526e-05,True
15,16,4,4,1,8,1048576,torch.bfloat16,0.6587247848510742,2415919104,6.0910359025001526e-05,True
15,16,4,4,1,32,1048576,torch.bfloat16,2.538991928100586,9663676416,6.0910359025001526e-05,True
15,16,4,4,1,1,1024,torch.float8_e4m3fn,0.06646239757537842,147456,0.0004539808724075556,True
15,16,4,4,1,8,1024,torch.float8_e4m3fn,0.07822239995002747,1179648,0.0004539808724075556,True
15,16,4,4,1,32,1024,torch.float8_e4m3fn,0.08451520204544068,4718592,0.0004539808724075556,True
15,16,4,4,1,1,8192,torch.float8_e4m3fn,0.072188800573349,1179648,0.0004539808724075556,True
15,16,4,4,1,8,8192,torch.float8_e4m3fn,0.08329920172691345,9437184,0.0004539808724075556,True
15,16,4,4,1,32,8192,torch.float8_e4m3fn,0.09659039974212646,37748736,0.0004539808724075556,True
15,16,4,4,1,1,32768,torch.float8_e4m3fn,0.07355999946594238,4718592,0.0004539808724075556,True
15,16,4,4,1,8,32768,torch.float8_e4m3fn,0.09143199920654296,37748736,0.0004539808724075556,True
15,16,4,4,1,32,32768,torch.float8_e4m3fn,0.13581279516220093,150994944,0.0004539808724075556,True
15,16,4,4,1,1,131072,torch.float8_e4m3fn,0.08253120183944702,18874368,0.0004539808724075556,True
15,16,4,4,1,8,131072,torch.float8_e4m3fn,0.1302224040031433,150994944,0.0004539808724075556,True
15,16,4,4,1,32,131072,torch.float8_e4m3fn,0.24467999935150148,603979776,0.0004539808724075556,True
15,16,4,4,1,1,524288,torch.float8_e4m3fn,0.10410560369491577,75497472,0.0004539808724075556,True
15,16,4,4,1,8,524288,torch.float8_e4m3fn,0.2266319990158081,603979776,0.0004539808724075556,True
15,16,4,4,1,32,524288,torch.float8_e4m3fn,0.6561344146728516,2415919104,0.0004539808724075556,True
15,16,4,4,1,1,1048576,torch.float8_e4m3fn,0.12850240468978882,150994944,0.0004539808724075556,True
15,16,4,4,1,8,1048576,torch.float8_e4m3fn,0.3524912118911743,1207959552,0.0004539808724075556,True
15,16,4,4,1,32,1048576,torch.float8_e4m3fn,1.2237215995788575,4831838208,0.0004539808724075556,True
15,16,8,2,1,1,1024,torch.bfloat16,0.09577760100364685,147456,4.6079978346824646e-05,True
15,16,8,2,1,8,1024,torch.bfloat16,0.10200639963150024,1179648,4.6079978346824646e-05,True
15,16,8,2,1,32,1024,torch.bfloat16,0.1282032012939453,4718592,4.6079978346824646e-05,True
15,16,8,2,1,1,8192,torch.bfloat16,0.10015360116958619,1179648,4.6079978346824646e-05,True
15,16,8,2,1,8,8192,torch.bfloat16,0.10972800254821777,9437184,4.6079978346824646e-05,True
15,16,8,2,1,32,8192,torch.bfloat16,0.14823360443115235,37748736,4.6079978346824646e-05,True
15,16,8,2,1,1,32768,torch.bfloat16,0.1004256010055542,4718592,4.6079978346824646e-05,True
15,16,8,2,1,8,32768,torch.bfloat16,0.1181872010231018,37748736,4.6079978346824646e-05,True
15,16,8,2,1,32,32768,torch.bfloat16,0.18436000347137452,150994944,4.6079978346824646e-05,True
15,16,8,2,1,1,131072,torch.bfloat16,0.10914880037307739,18874368,4.6079978346824646e-05,True
15,16,8,2,1,8,131072,torch.bfloat16,0.15046240091323854,150994944,4.6079978346824646e-05,True
15,16,8,2,1,32,131072,torch.bfloat16,0.26443359851837156,603979776,4.6079978346824646e-05,True
15,16,8,2,1,1,524288,torch.bfloat16,0.12863839864730836,75497472,4.6079978346824646e-05,True
15,16,8,2,1,8,524288,torch.bfloat16,0.23176960945129393,603979776,4.6079978346824646e-05,True
15,16,8,2,1,32,524288,torch.bfloat16,0.5736176013946533,2415919104,4.6079978346824646e-05,True
15,16,8,2,1,1,1048576,torch.bfloat16,0.15321279764175416,150994944,4.6079978346824646e-05,True
15,16,8,2,1,8,1048576,torch.bfloat16,0.3435888051986694,1207959552,4.6079978346824646e-05,True
15,16,8,2,1,32,1048576,torch.bfloat16,0.9997823715209961,4831838208,4.6079978346824646e-05,True
15,16,8,2,1,1,1024,torch.float8_e4m3fn,0.0974128007888794,73728,0.0003412822261452675,True
15,16,8,2,1,8,1024,torch.float8_e4m3fn,0.10525439977645874,589824,0.0003412822261452675,True
15,16,8,2,1,32,1024,torch.float8_e4m3fn,0.12244960069656372,2359296,0.0003412822261452675,True
15,16,8,2,1,1,8192,torch.float8_e4m3fn,0.09595199823379516,589824,0.0003412822261452675,True
15,16,8,2,1,8,8192,torch.float8_e4m3fn,0.10449440479278564,4718592,0.0003412822261452675,True
15,16,8,2,1,32,8192,torch.float8_e4m3fn,0.1295696020126343,18874368,0.0003412822261452675,True
15,16,8,2,1,1,32768,torch.float8_e4m3fn,0.09885119795799255,2359296,0.0003412822261452675,True
15,16,8,2,1,8,32768,torch.float8_e4m3fn,0.11000640392303467,18874368,0.0003412822261452675,True
15,16,8,2,1,32,32768,torch.float8_e4m3fn,0.1547760009765625,75497472,0.0003412822261452675,True
15,16,8,2,1,1,131072,torch.float8_e4m3fn,0.10454399585723877,9437184,0.0003412822261452675,True
15,16,8,2,1,8,131072,torch.float8_e4m3fn,0.1186784029006958,75497472,0.0003412822261452675,True
15,16,8,2,1,32,131072,torch.float8_e4m3fn,0.20759520530700684,301989888,0.0003412822261452675,True
15,16,8,2,1,1,524288,torch.float8_e4m3fn,0.11586560010910034,37748736,0.0003412822261452675,True
15,16,8,2,1,8,524288,torch.float8_e4m3fn,0.17184640169143678,301989888,0.0003412822261452675,True
15,16,8,2,1,32,524288,torch.float8_e4m3fn,0.38056321144104005,1207959552,0.0003412822261452675,True
15,16,8,2,1,1,1048576,torch.float8_e4m3fn,0.12802400588989257,75497472,0.0003412822261452675,True
15,16,8,2,1,8,1048576,torch.float8_e4m3fn,0.22739839553833008,603979776,0.0003412822261452675,True
15,16,8,2,1,32,1048576,torch.float8_e4m3fn,0.6048895835876464,2415919104,0.0003412822261452675,True
15,16,16,1,1,1,8192,torch.bfloat16,0.1498960018157959,589824,2.7162954211235046e-05,True
15,16,16,1,1,8,8192,torch.bfloat16,0.16411679983139038,4718592,2.7162954211235046e-05,True
15,16,16,1,1,32,8192,torch.bfloat16,0.2174384117126465,18874368,2.7162954211235046e-05,True
15,16,16,1,1,1,32768,torch.bfloat16,0.1519152045249939,2359296,2.7162954211235046e-05,True
15,16,16,1,1,8,32768,torch.bfloat16,0.179367995262146,18874368,2.7162954211235046e-05,True
15,16,16,1,1,32,32768,torch.bfloat16,0.24493279457092285,75497472,2.7162954211235046e-05,True
15,16,16,1,1,1,131072,torch.bfloat16,0.1603376030921936,9437184,2.7162954211235046e-05,True
15,16,16,1,1,8,131072,torch.bfloat16,0.20246078968048095,75497472,2.7162954211235046e-05,True
15,16,16,1,1,32,131072,torch.bfloat16,0.29223198890686036,301989888,2.7162954211235046e-05,True
15,16,16,1,1,1,524288,torch.bfloat16,0.16904640197753906,37748736,2.7162954211235046e-05,True
15,16,16,1,1,8,524288,torch.bfloat16,0.25466558933258054,301989888,2.7162954211235046e-05,True
15,16,16,1,1,32,524288,torch.bfloat16,0.4615600109100342,1207959552,2.7162954211235046e-05,True
15,16,16,1,1,1,1048576,torch.bfloat16,0.1815760016441345,75497472,2.7162954211235046e-05,True
15,16,16,1,1,8,1048576,torch.bfloat16,0.3084336042404175,603979776,2.7162954211235046e-05,True
15,16,16,1,1,32,1048576,torch.bfloat16,0.700820779800415,2415919104,2.7162954211235046e-05,True
15,16,16,1,1,1,8192,torch.float8_e4m3fn,0.14560480117797853,294912,0.0002576136030256748,True
15,16,16,1,1,8,8192,torch.float8_e4m3fn,0.1635424017906189,2359296,0.0002576136030256748,True
15,16,16,1,1,32,8192,torch.float8_e4m3fn,0.20179998874664307,9437184,0.0002576136030256748,True
15,16,16,1,1,1,32768,torch.float8_e4m3fn,0.14748159646987916,1179648,0.0002576136030256748,True
15,16,16,1,1,8,32768,torch.float8_e4m3fn,0.17331520318984986,9437184,0.0002576136030256748,True
15,16,16,1,1,32,32768,torch.float8_e4m3fn,0.2257215976715088,37748736,0.0002576136030256748,True
15,16,16,1,1,1,131072,torch.float8_e4m3fn,0.15156320333480836,4718592,0.0002576136030256748,True
15,16,16,1,1,8,131072,torch.float8_e4m3fn,0.17628480195999147,37748736,0.0002576136030256748,True
15,16,16,1,1,32,131072,torch.float8_e4m3fn,0.25704479217529297,150994944,0.0002576136030256748,True
15,16,16,1,1,1,524288,torch.float8_e4m3fn,0.1630239963531494,18874368,0.0002576136030256748,True
15,16,16,1,1,8,524288,torch.float8_e4m3fn,0.2262239933013916,150994944,0.0002576136030256748,True
15,16,16,1,1,32,524288,torch.float8_e4m3fn,0.36113440990448,603979776,0.0002576136030256748,True
15,16,16,1,1,1,1048576,torch.float8_e4m3fn,0.16707040071487428,37748736,0.0002576136030256748,True
15,16,16,1,1,8,1048576,torch.float8_e4m3fn,0.2519920110702515,301989888,0.0002576136030256748,True
15,16,16,1,1,32,1048576,torch.float8_e4m3fn,0.493120002746582,1207959552,0.0002576136030256748,True
15,8,1,8,2,1,1024,torch.bfloat16,0.01443679928779602,1179648,8.508376777172089e-05,True
15,8,1,8,2,8,1024,torch.bfloat16,0.014422400295734406,9437184,8.508376777172089e-05,True
15,8,1,8,2,32,1024,torch.bfloat16,0.016468800604343414,37748736,8.508376777172089e-05,True
15,8,1,8,2,1,8192,torch.bfloat16,0.016497600078582763,9437184,8.508376777172089e-05,True
15,8,1,8,2,8,8192,torch.bfloat16,0.019019199907779692,75497472,8.508376777172089e-05,True
15,8,1,8,2,32,8192,torch.bfloat16,0.06896160244941711,301989888,8.508376777172089e-05,True
15,8,1,8,2,1,32768,torch.bfloat16,0.026836800575256347,37748736,8.508376777172089e-05,True
15,8,1,8,2,8,32768,torch.bfloat16,0.06707360148429871,301989888,8.508376777172089e-05,True
15,8,1,8,2,32,32768,torch.bfloat16,0.22392480373382567,1207959552,8.508376777172089e-05,True
15,8,1,8,2,1,131072,torch.bfloat16,0.05239840149879456,150994944,8.508376777172089e-05,True
15,8,1,8,2,8,131072,torch.bfloat16,0.22925279140472413,1207959552,8.508376777172089e-05,True
15,8,1,8,2,32,131072,torch.bfloat16,0.831334400177002,4831838208,8.508376777172089e-05,True
15,8,1,8,2,1,524288,torch.bfloat16,0.13829120397567748,603979776,8.508376777172089e-05,True
15,8,1,8,2,8,524288,torch.bfloat16,0.7903327941894531,4831838208,8.508376777172089e-05,True
15,8,1,8,2,32,524288,torch.bfloat16,3.278363037109375,19327352832,8.508376777172089e-05,True
15,8,1,8,2,1,1048576,torch.bfloat16,0.25320160388946533,1207959552,8.508376777172089e-05,True
15,8,1,8,2,8,1048576,torch.bfloat16,1.5635007858276366,9663676416,8.508376777172089e-05,True
15,8,1,8,2,32,1048576,torch.bfloat16,6.454316711425781,38654705664,8.508376777172089e-05,True
15,8,1,8,2,1,1024,torch.float8_e4m3fn,0.01250240057706833,589824,0.0008811424486339092,True
15,8,1,8,2,8,1024,torch.float8_e4m3fn,0.012432000041007996,4718592,0.0008811424486339092,True
15,8,1,8,2,32,1024,torch.float8_e4m3fn,0.014524799585342408,18874368,0.0008811424486339092,True
15,8,1,8,2,1,8192,torch.float8_e4m3fn,0.014504000544548035,4718592,0.0008811424486339092,True
15,8,1,8,2,8,8192,torch.float8_e4m3fn,0.01653600037097931,37748736,0.0008811424486339092,True
15,8,1,8,2,32,8192,torch.float8_e4m3fn,0.03697119951248169,150994944,0.0008811424486339092,True
15,8,1,8,2,1,32768,torch.float8_e4m3fn,0.02271520048379898,18874368,0.0008811424486339092,True
15,8,1,8,2,8,32768,torch.float8_e4m3fn,0.037627199292182924,150994944,0.0008811424486339092,True
15,8,1,8,2,32,32768,torch.float8_e4m3fn,0.10302239656448364,603979776,0.0008811424486339092,True
15,8,1,8,2,1,131072,torch.float8_e4m3fn,0.03309119939804077,75497472,0.0008811424486339092,True
15,8,1,8,2,8,131072,torch.float8_e4m3fn,0.10157760381698608,603979776,0.0008811424486339092,True
15,8,1,8,2,32,131072,torch.float8_e4m3fn,0.3643280029296875,2415919104,0.0008811424486339092,True
15,8,1,8,2,1,524288,torch.float8_e4m3fn,0.07414399981498718,301989888,0.0008811424486339092,True
15,8,1,8,2,8,524288,torch.float8_e4m3fn,0.34929599761962893,2415919104,0.0008811424486339092,True
15,8,1,8,2,32,524288,torch.float8_e4m3fn,1.411571216583252,9663676416,0.0008811424486339092,True
15,8,1,8,2,1,1048576,torch.float8_e4m3fn,0.12780159711837769,603979776,0.0008811424486339092,True
15,8,1,8,2,8,1048576,torch.float8_e4m3fn,0.6809855937957764,4831838208,0.0008811424486339092,True
15,8,1,8,2,32,1048576,torch.float8_e4m3fn,2.88099365234375,19327352832,0.0008811424486339092,True
15,8,2,4,2,1,1024,torch.bfloat16,0.05672159790992737,589824,9.455904364585876e-05,True
15,8,2,4,2,8,1024,torch.bfloat16,0.06600800156593323,4718592,9.455904364585876e-05,True
15,8,2,4,2,32,1024,torch.bfloat16,0.07618719935417176,18874368,9.455904364585876e-05,True
15,8,2,4,2,1,8192,torch.bfloat16,0.05974559783935547,4718592,9.455904364585876e-05,True
15,8,2,4,2,8,8192,torch.bfloat16,0.07512159943580628,37748736,9.455904364585876e-05,True
15,8,2,4,2,32,8192,torch.bfloat16,0.13162239789962768,150994944,9.455904364585876e-05,True
15,8,2,4,2,1,32768,torch.bfloat16,0.06768640279769897,18874368,9.455904364585876e-05,True
15,8,2,4,2,8,32768,torch.bfloat16,0.12184000015258789,150994944,9.455904364585876e-05,True
15,8,2,4,2,32,32768,torch.bfloat16,0.24638559818267822,603979776,9.455904364585876e-05,True
15,8,2,4,2,1,131072,torch.bfloat16,0.09583520293235778,75497472,9.455904364585876e-05,True
15,8,2,4,2,8,131072,torch.bfloat16,0.22590560913085939,603979776,9.455904364585876e-05,True
15,8,2,4,2,32,131072,torch.bfloat16,0.7017312049865723,2415919104,9.455904364585876e-05,True
15,8,2,4,2,1,524288,torch.bfloat16,0.17306239604949952,301989888,9.455904364585876e-05,True
15,8,2,4,2,8,524288,torch.bfloat16,0.6422768115997315,2415919104,9.455904364585876e-05,True
15,8,2,4,2,32,524288,torch.bfloat16,2.521748733520508,9663676416,9.455904364585876e-05,True
15,8,2,4,2,1,1048576,torch.bfloat16,0.2713151931762695,603979776,9.455904364585876e-05,True
15,8,2,4,2,8,1048576,torch.bfloat16,1.200224018096924,4831838208,9.455904364585876e-05,True
15,8,2,4,2,32,1048576,torch.bfloat16,4.939934539794922,19327352832,9.455904364585876e-05,True
15,8,2,4,2,1,1024,torch.float8_e4m3fn,0.05479360222816467,294912,0.0006102137267589569,True
15,8,2,4,2,8,1024,torch.float8_e4m3fn,0.06473119854927063,2359296,0.0006102137267589569,True
15,8,2,4,2,32,1024,torch.float8_e4m3fn,0.07272480130195617,9437184,0.0006102137267589569,True
15,8,2,4,2,1,8192,torch.float8_e4m3fn,0.05734720230102539,2359296,0.0006102137267589569,True
15,8,2,4,2,8,8192,torch.float8_e4m3fn,0.07196800112724304,18874368,0.0006102137267589569,True
15,8,2,4,2,32,8192,torch.float8_e4m3fn,0.09772800207138062,75497472,0.0006102137267589569,True
15,8,2,4,2,1,32768,torch.float8_e4m3fn,0.06358559727668762,9437184,0.0006102137267589569,True
15,8,2,4,2,8,32768,torch.float8_e4m3fn,0.08657119870185852,75497472,0.0006102137267589569,True
15,8,2,4,2,32,32768,torch.float8_e4m3fn,0.15896320343017578,301989888,0.0006102137267589569,True
15,8,2,4,2,1,131072,torch.float8_e4m3fn,0.07086880207061767,37748736,0.0006102137267589569,True
15,8,2,4,2,8,131072,torch.float8_e4m3fn,0.14816479682922362,301989888,0.0006102137267589569,True
15,8,2,4,2,32,131072,torch.float8_e4m3fn,0.3680975914001465,1207959552,0.0006102137267589569,True
15,8,2,4,2,1,524288,torch.float8_e4m3fn,0.11540160179138184,150994944,0.0006102137267589569,True
15,8,2,4,2,8,524288,torch.float8_e4m3fn,0.33930718898773193,1207959552,0.0006102137267589569,True
15,8,2,4,2,32,524288,torch.float8_e4m3fn,1.1924176216125488,4831838208,0.0006102137267589569,True
15,8,2,4,2,1,1048576,torch.float8_e4m3fn,0.1624783992767334,301989888,0.0006102137267589569,True
15,8,2,4,2,8,1048576,torch.float8_e4m3fn,0.5894239902496338,2415919104,0.0006102137267589569,True
15,8,2,4,2,32,1048576,torch.float8_e4m3fn,2.3365888595581055,9663676416,0.0006102137267589569,True
15,8,4,2,2,1,1024,torch.bfloat16,0.06773759722709656,294912,6.534159183502197e-05,True
15,8,4,2,2,8,1024,torch.bfloat16,0.07455999851226806,2359296,6.534159183502197e-05,True
15,8,4,2,2,32,1024,torch.bfloat16,0.09642879962921143,9437184,6.534159183502197e-05,True
15,8,4,2,2,1,8192,torch.bfloat16,0.0723471999168396,2359296,6.534159183502197e-05,True
15,8,4,2,2,8,8192,torch.bfloat16,0.08367999792098998,18874368,6.534159183502197e-05,True
15,8,4,2,2,32,8192,torch.bfloat16,0.11440000534057618,75497472,6.534159183502197e-05,True
15,8,4,2,2,1,32768,torch.bfloat16,0.07914400100708008,9437184,6.534159183502197e-05,True
15,8,4,2,2,8,32768,torch.bfloat16,0.09400320053100586,75497472,6.534159183502197e-05,True
15,8,4,2,2,32,32768,torch.bfloat16,0.16898880004882813,301989888,6.534159183502197e-05,True
15,8,4,2,2,1,131072,torch.bfloat16,0.09190080165863038,37748736,6.534159183502197e-05,True
15,8,4,2,2,8,131072,torch.bfloat16,0.14827680587768555,301989888,6.534159183502197e-05,True
15,8,4,2,2,32,131072,torch.bfloat16,0.3258239984512329,1207959552,6.534159183502197e-05,True
15,8,4,2,2,1,524288,torch.bfloat16,0.12727199792861937,150994944,6.534159183502197e-05,True
15,8,4,2,2,8,524288,torch.bfloat16,0.316049599647522,1207959552,6.534159183502197e-05,True
15,8,4,2,2,32,524288,torch.bfloat16,0.9525327682495117,4831838208,6.534159183502197e-05,True
15,8,4,2,2,1,1048576,torch.bfloat16,0.15883680582046508,301989888,6.534159183502197e-05,True
15,8,4,2,2,8,1048576,torch.bfloat16,0.5141263961791992,2415919104,6.534159183502197e-05,True
15,8,4,2,2,32,1048576,torch.bfloat16,1.831937599182129,9663676416,6.534159183502197e-05,True
15,8,4,2,2,1,1024,torch.float8_e4m3fn,0.06953759789466858,147456,0.0004451002459973097,True
15,8,4,2,2,8,1024,torch.float8_e4m3fn,0.07364959716796875,1179648,0.0004451002459973097,True
15,8,4,2,2,32,1024,torch.float8_e4m3fn,0.09096159934997558,4718592,0.0004451002459973097,True
15,8,4,2,2,1,8192,torch.float8_e4m3fn,0.07147520184516906,1179648,0.0004451002459973097,True
15,8,4,2,2,8,8192,torch.float8_e4m3fn,0.07873759865760803,9437184,0.0004451002459973097,True
15,8,4,2,2,32,8192,torch.float8_e4m3fn,0.09899359941482544,37748736,0.0004451002459973097,True
15,8,4,2,2,1,32768,torch.float8_e4m3fn,0.07486240267753601,4718592,0.0004451002459973097,True
15,8,4,2,2,8,32768,torch.float8_e4m3fn,0.08857439756393433,37748736,0.0004451002459973097,True
15,8,4,2,2,32,32768,torch.float8_e4m3fn,0.135862398147583,150994944,0.0004451002459973097,True
15,8,4,2,2,1,131072,torch.float8_e4m3fn,0.08240640163421631,18874368,0.0004451002459973097,True
15,8,4,2,2,8,131072,torch.float8_e4m3fn,0.11953760385513305,150994944,0.0004451002459973097,True
15,8,4,2,2,32,131072,torch.float8_e4m3fn,0.22601759433746338,603979776,0.0004451002459973097,True
15,8,4,2,2,1,524288,torch.float8_e4m3fn,0.10521759986877441,75497472,0.0004451002459973097,True
15,8,4,2,2,8,524288,torch.float8_e4m3fn,0.20125439167022705,603979776,0.0004451002459973097,True
15,8,4,2,2,32,524288,torch.float8_e4m3fn,0.5593984127044678,2415919104,0.0004451002459973097,True
15,8,4,2,2,1,1048576,torch.float8_e4m3fn,0.13142240047454834,150994944,0.0004451002459973097,True
15,8,4,2,2,8,1048576,torch.float8_e4m3fn,0.30300800800323485,1207959552,0.0004451002459973097,True
15,8,4,2,2,32,1048576,torch.float8_e4m3fn,1.004684829711914,4831838208,0.0004451002459973097,True
15,8,8,1,2,1,1024,torch.bfloat16,0.09869279861450195,147456,4.0393322706222534e-05,True
15,8,8,1,2,8,1024,torch.bfloat16,0.11533279418945312,1179648,4.0393322706222534e-05,True
15,8,8,1,2,32,1024,torch.bfloat16,0.16761280298233033,4718592,4.0393322706222534e-05,True
15,8,8,1,2,1,8192,torch.bfloat16,0.10520000457763672,1179648,4.0393322706222534e-05,True
15,8,8,1,2,8,8192,torch.bfloat16,0.1245568037033081,9437184,4.0393322706222534e-05,True
15,8,8,1,2,32,8192,torch.bfloat16,0.1950976014137268,37748736,4.0393322706222534e-05,True
15,8,8,1,2,1,32768,torch.bfloat16,0.10895040035247802,4718592,4.0393322706222534e-05,True
15,8,8,1,2,8,32768,torch.bfloat16,0.12482719421386719,37748736,4.0393322706222534e-05,True
15,8,8,1,2,32,32768,torch.bfloat16,0.22661120891571046,150994944,4.0393322706222534e-05,True
15,8,8,1,2,1,131072,torch.bfloat16,0.1255887985229492,18874368,4.0393322706222534e-05,True
15,8,8,1,2,8,131072,torch.bfloat16,0.16025279760360717,150994944,4.0393322706222534e-05,True
15,8,8,1,2,32,131072,torch.bfloat16,0.31242880821228025,603979776,4.0393322706222534e-05,True
15,8,8,1,2,1,524288,torch.bfloat16,0.12604960203170776,75497472,4.0393322706222534e-05,True
15,8,8,1,2,8,524288,torch.bfloat16,0.24481759071350098,603979776,4.0393322706222534e-05,True
15,8,8,1,2,32,524288,torch.bfloat16,0.6552288055419921,2415919104,4.0393322706222534e-05,True
15,8,8,1,2,1,1048576,torch.bfloat16,0.16111199855804442,150994944,4.0393322706222534e-05,True
15,8,8,1,2,8,1048576,torch.bfloat16,0.3472752094268799,1207959552,4.0393322706222534e-05,True
15,8,8,1,2,32,1048576,torch.bfloat16,1.1438847541809083,4831838208,4.0393322706222534e-05,True
15,8,8,1,2,1,1024,torch.float8_e4m3fn,0.11115839481353759,73728,0.0003598626353777945,True
15,8,8,1,2,8,1024,torch.float8_e4m3fn,0.12389119863510131,589824,0.0003598626353777945,True
15,8,8,1,2,32,1024,torch.float8_e4m3fn,0.16312799453735352,2359296,0.0003598626353777945,True
15,8,8,1,2,1,8192,torch.float8_e4m3fn,0.10240800380706787,589824,0.0003598626353777945,True
15,8,8,1,2,8,8192,torch.float8_e4m3fn,0.11967999935150146,4718592,0.0003598626353777945,True
15,8,8,1,2,32,8192,torch.float8_e4m3fn,0.17562400102615355,18874368,0.0003598626353777945,True
15,8,8,1,2,1,32768,torch.float8_e4m3fn,0.10582079887390136,2359296,0.0003598626353777945,True
15,8,8,1,2,8,32768,torch.float8_e4m3fn,0.12393759489059449,18874368,0.0003598626353777945,True
15,8,8,1,2,32,32768,torch.float8_e4m3fn,0.2021343946456909,75497472,0.0003598626353777945,True
15,8,8,1,2,1,131072,torch.float8_e4m3fn,0.11638720035552978,9437184,0.0003598626353777945,True
15,8,8,1,2,8,131072,torch.float8_e4m3fn,0.13734879493713378,75497472,0.0003598626353777945,True
15,8,8,1,2,32,131072,torch.float8_e4m3fn,0.25176000595092773,301989888,0.0003598626353777945,True
15,8,8,1,2,1,524288,torch.float8_e4m3fn,0.12345600128173828,37748736,0.0003598626353777945,True
15,8,8,1,2,8,524288,torch.float8_e4m3fn,0.18924640417098998,301989888,0.0003598626353777945,True
15,8,8,1,2,32,524288,torch.float8_e4m3fn,0.44327521324157715,1207959552,0.0003598626353777945,True
15,8,8,1,2,1,1048576,torch.float8_e4m3fn,0.13211519718170167,75497472,0.0003598626353777945,True
15,8,8,1,2,8,1048576,torch.float8_e4m3fn,0.26024000644683837,603979776,0.0003598626353777945,True
15,8,8,1,2,32,1048576,torch.float8_e4m3fn,0.710811185836792,2415919104,0.0003598626353777945,True
15,4,1,4,4,1,1024,torch.bfloat16,0.016575999557971954,1179648,8.785910904407501e-05,True
15,4,1,4,4,8,1024,torch.bfloat16,0.022755199670791627,9437184,8.785910904407501e-05,True
15,4,1,4,4,32,1024,torch.bfloat16,0.02879360020160675,37748736,8.785910904407501e-05,True
15,4,1,4,4,1,8192,torch.bfloat16,0.018615999817848207,9437184,8.785910904407501e-05,True
15,4,1,4,4,8,8192,torch.bfloat16,0.03705280125141144,75497472,8.785910904407501e-05,True
15,4,1,4,4,32,8192,torch.bfloat16,0.1041983962059021,301989888,8.785910904407501e-05,True
15,4,1,4,4,1,32768,torch.bfloat16,0.030878400802612303,37748736,8.785910904407501e-05,True
15,4,1,4,4,8,32768,torch.bfloat16,0.10121439695358277,301989888,8.785910904407501e-05,True
15,4,1,4,4,32,32768,torch.bfloat16,0.3313551902770996,1207959552,8.785910904407501e-05,True
15,4,1,4,4,1,131072,torch.bfloat16,0.07100319862365723,150994944,8.785910904407501e-05,True
15,4,1,4,4,8,131072,torch.bfloat16,0.30511200428009033,1207959552,8.785910904407501e-05,True
15,4,1,4,4,32,131072,torch.bfloat16,1.239247989654541,4831838208,8.785910904407501e-05,True
15,4,1,4,4,1,524288,torch.bfloat16,0.21770238876342773,603979776,8.785910904407501e-05,True
15,4,1,4,4,8,524288,torch.bfloat16,1.1400256156921387,4831838208,8.785910904407501e-05,True
15,4,1,4,4,32,524288,torch.bfloat16,4.868376159667969,19327352832,8.785910904407501e-05,True
15,4,1,4,4,1,1048576,torch.bfloat16,0.4130864143371582,1207959552,8.785910904407501e-05,True
15,4,1,4,4,8,1048576,torch.bfloat16,2.277507209777832,9663676416,8.785910904407501e-05,True
15,4,1,4,4,32,1048576,torch.bfloat16,9.700580596923828,38654705664,8.785910904407501e-05,True
15,4,1,4,4,1,1024,torch.float8_e4m3fn,0.016515199840068818,589824,0.0009699873626232147,True
15,4,1,4,4,8,1024,torch.float8_e4m3fn,0.020707200467586517,4718592,0.0009699873626232147,True
15,4,1,4,4,32,1024,torch.float8_e4m3fn,0.024579200148582458,18874368,0.0009699873626232147,True
15,4,1,4,4,1,8192,torch.float8_e4m3fn,0.016616000235080718,4718592,0.0009699873626232147,True
15,4,1,4,4,8,8192,torch.float8_e4m3fn,0.026855999231338502,37748736,0.0009699873626232147,True
15,4,1,4,4,32,8192,torch.float8_e4m3fn,0.0608672022819519,150994944,0.0009699873626232147,True
15,4,1,4,4,1,32768,torch.float8_e4m3fn,0.02481440007686615,18874368,0.0009699873626232147,True
15,4,1,4,4,8,32768,torch.float8_e4m3fn,0.05926079750061035,150994944,0.0009699873626232147,True
15,4,1,4,4,32,32768,torch.float8_e4m3fn,0.16476320028305053,603979776,0.0009699873626232147,True
15,4,1,4,4,1,131072,torch.float8_e4m3fn,0.043798398971557614,75497472,0.0009699873626232147,True
15,4,1,4,4,8,131072,torch.float8_e4m3fn,0.15116480588912964,603979776,0.0009699873626232147,True
15,4,1,4,4,32,131072,torch.float8_e4m3fn,0.5737071990966797,2415919104,0.0009699873626232147,True
15,4,1,4,4,1,524288,torch.float8_e4m3fn,0.10873279571533204,301989888,0.0009699873626232147,True
15,4,1,4,4,8,524288,torch.float8_e4m3fn,0.5306943893432617,2415919104,0.0009699873626232147,True
15,4,1,4,4,32,524288,torch.float8_e4m3fn,2.2647775650024413,9663676416,0.0009699873626232147,True
15,4,1,4,4,1,1048576,torch.float8_e4m3fn,0.19697439670562744,603979776,0.0009699873626232147,True
15,4,1,4,4,8,1048576,torch.float8_e4m3fn,1.0286463737487792,4831838208,0.0009699873626232147,True
15,4,1,4,4,32,1048576,torch.float8_e4m3fn,4.615958404541016,19327352832,0.0009699873626232147,True
15,4,2,2,4,1,1024,torch.bfloat16,0.053457599878311154,589824,0.00011132843792438507,True
15,4,2,2,4,8,1024,torch.bfloat16,0.06280320286750793,4718592,0.00011132843792438507,True
15,4,2,2,4,32,1024,torch.bfloat16,0.08463039994239807,18874368,0.00011132843792438507,True
15,4,2,2,4,1,8192,torch.bfloat16,0.057571202516555786,4718592,0.00011132843792438507,True
15,4,2,2,4,8,8192,torch.bfloat16,0.07763839960098266,37748736,0.00011132843792438507,True
15,4,2,2,4,32,8192,torch.bfloat16,0.12575360536575317,150994944,0.00011132843792438507,True
15,4,2,2,4,1,32768,torch.bfloat16,0.06797919869422912,18874368,0.00011132843792438507,True
15,4,2,2,4,8,32768,torch.bfloat16,0.10736320018768311,150994944,0.00011132843792438507,True
15,4,2,2,4,32,32768,torch.bfloat16,0.2109839916229248,603979776,0.00011132843792438507,True
15,4,2,2,4,1,131072,torch.bfloat16,0.08634240031242371,75497472,0.00011132843792438507,True
15,4,2,2,4,8,131072,torch.bfloat16,0.18706560134887695,603979776,0.00011132843792438507,True
15,4,2,2,4,32,131072,torch.bfloat16,0.5191535949707031,2415919104,0.00011132843792438507,True
15,4,2,2,4,1,524288,torch.bfloat16,0.14774240255355836,301989888,0.00011132843792438507,True
15,4,2,2,4,8,524288,torch.bfloat16,0.4975088119506836,2415919104,0.00011132843792438507,True
15,4,2,2,4,32,524288,torch.bfloat16,1.8135520935058593,9663676416,0.00011132843792438507,True
15,4,2,2,4,1,1048576,torch.bfloat16,0.20953280925750734,603979776,0.00011132843792438507,True
15,4,2,2,4,8,1048576,torch.bfloat16,0.8842448234558106,4831838208,0.00011132843792438507,True
15,4,2,2,4,32,1048576,torch.bfloat16,3.8324207305908202,19327352832,0.00011132843792438507,True
15,4,2,2,4,1,1024,torch.float8_e4m3fn,0.0526528000831604,294912,0.0005972301587462425,True
15,4,2,2,4,8,1024,torch.float8_e4m3fn,0.0607807993888855,2359296,0.0005972301587462425,True
15,4,2,2,4,32,1024,torch.float8_e4m3fn,0.08859999775886536,9437184,0.0005972301587462425,True
15,4,2,2,4,1,8192,torch.float8_e4m3fn,0.05613440275192261,2359296,0.0005972301587462425,True
15,4,2,2,4,8,8192,torch.float8_e4m3fn,0.06801760196685791,18874368,0.0005972301587462425,True
15,4,2,2,4,32,8192,torch.float8_e4m3fn,0.09467359781265258,75497472,0.0005972301587462425,True
15,4,2,2,4,1,32768,torch.float8_e4m3fn,0.061868798732757566,9437184,0.0005972301587462425,True
15,4,2,2,4,8,32768,torch.float8_e4m3fn,0.07830560207366943,75497472,0.0005972301587462425,True
15,4,2,2,4,32,32768,torch.float8_e4m3fn,0.14877439737319947,301989888,0.0005972301587462425,True
15,4,2,2,4,1,131072,torch.float8_e4m3fn,0.0738655984401703,37748736,0.0005972301587462425,True
15,4,2,2,4,8,131072,torch.float8_e4m3fn,0.1301535964012146,301989888,0.0005972301587462425,True
15,4,2,2,4,32,131072,torch.float8_e4m3fn,0.3206048011779785,1207959552,0.0005972301587462425,True
15,4,2,2,4,1,524288,torch.float8_e4m3fn,0.11571840047836304,150994944,0.0005972301587462425,True
15,4,2,2,4,8,524288,torch.float8_e4m3fn,0.2865391969680786,1207959552,0.0005972301587462425,True
15,4,2,2,4,32,524288,torch.float8_e4m3fn,1.0005056381225585,4831838208,0.0005972301587462425,True
15,4,2,2,4,1,1048576,torch.float8_e4m3fn,0.15380799770355225,301989888,0.0005972301587462425,True
15,4,2,2,4,8,1048576,torch.float8_e4m3fn,0.49141759872436525,2415919104,0.0005972301587462425,True
15,4,2,2,4,32,1048576,torch.float8_e4m3fn,2.088206481933594,9663676416,0.0005972301587462425,True
15,4,4,1,4,1,1024,torch.bfloat16,0.07199519872665405,294912,7.761921733617783e-05,True
15,4,4,1,4,8,1024,torch.bfloat16,0.09243680238723755,2359296,7.761921733617783e-05,True
15,4,4,1,4,32,1024,torch.bfloat16,0.13159199953079223,9437184,7.761921733617783e-05,True
15,4,4,1,4,1,8192,torch.bfloat16,0.07830560207366943,2359296,7.761921733617783e-05,True
15,4,4,1,4,8,8192,torch.bfloat16,0.1054800033569336,18874368,7.761921733617783e-05,True
15,4,4,1,4,32,8192,torch.bfloat16,0.165664005279541,75497472,7.761921733617783e-05,True
15,4,4,1,4,1,32768,torch.bfloat16,0.08531039953231812,9437184,7.761921733617783e-05,True
15,4,4,1,4,8,32768,torch.bfloat16,0.11541440486907958,75497472,7.761921733617783e-05,True
15,4,4,1,4,32,32768,torch.bfloat16,0.21646559238433838,301989888,7.761921733617783e-05,True
15,4,4,1,4,1,131072,torch.bfloat16,0.095004802942276,37748736,7.761921733617783e-05,True
15,4,4,1,4,8,131072,torch.bfloat16,0.16172800064086915,301989888,7.761921733617783e-05,True
15,4,4,1,4,32,131072,torch.bfloat16,0.38323359489440917,1207959552,7.761921733617783e-05,True
15,4,4,1,4,1,524288,torch.bfloat16,0.1263152003288269,150994944,7.761921733617783e-05,True
15,4,4,1,4,8,524288,torch.bfloat16,0.32279999256134034,1207959552,7.761921733617783e-05,True
15,4,4,1,4,32,524288,torch.bfloat16,1.0655376434326171,4831838208,7.761921733617783e-05,True
15,4,4,1,4,1,1048576,torch.bfloat16,0.18836959600448608,301989888,7.761921733617783e-05,True
15,4,4,1,4,8,1048576,torch.bfloat16,0.5349808216094971,2415919104,7.761921733617783e-05,True
15,4,4,1,4,32,1048576,torch.bfloat16,2.160931205749512,9663676416,7.761921733617783e-05,True
15,4,4,1,4,1,1024,torch.float8_e4m3fn,0.07833759784698487,147456,0.0004726196639239788,True
15,4,4,1,4,8,1024,torch.float8_e4m3fn,0.08641120195388793,1179648,0.0004726196639239788,True
15,4,4,1,4,32,1024,torch.float8_e4m3fn,0.12367680072784423,4718592,0.0004726196639239788,True
15,4,4,1,4,1,8192,torch.float8_e4m3fn,0.07641280293464661,1179648,0.0004726196639239788,True
15,4,4,1,4,8,8192,torch.float8_e4m3fn,0.09659039974212646,9437184,0.0004726196639239788,True
15,4,4,1,4,32,8192,torch.float8_e4m3fn,0.14461439847946167,37748736,0.0004726196639239788,True
15,4,4,1,4,1,32768,torch.float8_e4m3fn,0.08060960173606872,4718592,0.0004726196639239788,True
15,4,4,1,4,8,32768,torch.float8_e4m3fn,0.10017919540405273,37748736,0.0004726196639239788,True
15,4,4,1,4,32,32768,torch.float8_e4m3fn,0.17707840204238892,150994944,0.0004726196639239788,True
15,4,4,1,4,1,131072,torch.float8_e4m3fn,0.09202719926834106,18874368,0.0004726196639239788,True
15,4,4,1,4,8,131072,torch.float8_e4m3fn,0.13421280384063722,150994944,0.0004726196639239788,True
15,4,4,1,4,32,131072,torch.float8_e4m3fn,0.27439680099487307,603979776,0.0004726196639239788,True
15,4,4,1,4,1,524288,torch.float8_e4m3fn,0.10418239831924439,75497472,0.0004726196639239788,True
15,4,4,1,4,8,524288,torch.float8_e4m3fn,0.2330319881439209,603979776,0.0004726196639239788,True
15,4,4,1,4,32,524288,torch.float8_e4m3fn,0.658515214920044,2415919104,0.0004726196639239788,True
15,4,4,1,4,1,1048576,torch.float8_e4m3fn,0.13539199829101561,150994944,0.0004726196639239788,True
15,4,4,1,4,8,1048576,torch.float8_e4m3fn,0.3487312078475952,1207959552,0.0004726196639239788,True
15,4,4,1,4,32,1048576,torch.float8_e4m3fn,1.243172836303711,4831838208,0.0004726196639239788,True
