rank,world,tp,dp,phase,cache_dtype,context,batch_per_dp,chunk,eager_ms,graph_ms,dynamic_peak_bytes,cache_bytes,short_reference_relative_l2
0,16,16,1,decode,fp8_e4m3,1024,1,1,2.0596373875935874,0.11272480487823486,31744,589824,0.03509664535522461
0,16,16,1,decode,fp8_e4m3,1024,8,1,1.9983466466267903,0.10488320589065551,246784,4718592,0.03509664535522461
0,16,16,1,decode,fp8_e4m3,1024,32,1,1.6861440340677898,0.11577759981155396,987136,18874368,0.03509664535522461
0,16,16,1,prefill,fp8_e4m3,1024,1,128,2.959562619527181,,11076096,589824,0.0076119983568787575
0,16,16,1,prefill,fp8_e4m3,1024,1,1024,1.7125546137491863,,29361152,589824,0.0076119983568787575
0,16,16,1,decode,fp8_e4m3,8192,1,1,1.9834027290344238,0.11393599510192871,31744,4718592,0.03509664535522461
0,16,16,1,decode,fp8_e4m3,8192,8,1,1.7423893610636394,0.11776800155639648,246784,37748736,0.03509664535522461
0,16,16,1,decode,fp8_e4m3,8192,32,1,1.7185813585917156,0.15893919467926027,987136,150994944,0.03509664535522461
0,16,16,1,prefill,fp8_e4m3,8192,1,128,2.9687039057413735,,65438208,4718592,0.0076119983568787575
0,16,16,1,prefill,fp8_e4m3,8192,1,1024,2.544256051381429,,80209408,4718592,0.0076119983568787575
0,16,16,1,prefill,fp8_e4m3,8192,1,8192,1.6967679659525554,,215745536,4718592,0.0076119983568787575
0,16,16,1,decode,fp8_e4m3,32768,1,1,1.8888427416483562,0.12821439504623414,31744,18874368,0.03509664535522461
0,16,16,1,decode,fp8_e4m3,32768,8,1,1.9463893572489421,0.15676800012588502,246784,150994944,0.03509664535522461
0,16,16,1,decode,fp8_e4m3,32768,32,1,1.6466026306152344,0.22732961177825928,987136,603979776,0.03509664535522461
0,16,16,1,prefill,fp8_e4m3,32768,1,128,3.013141314188639,,254820864,18874368,0.0076119983568787575
0,16,16,1,prefill,fp8_e4m3,32768,1,1024,2.9856745402018228,,268297728,18874368,0.0076119983568787575
0,16,16,1,prefill,fp8_e4m3,32768,1,8192,3.1998186111450195,,363529728,18874368,0.0076119983568787575
0,16,16,1,decode,fp8_e4m3,131072,1,1,1.9903252919514973,0.15091840028762818,31744,75497472,0.03509664535522461
0,16,16,1,decode,fp8_e4m3,131072,8,1,2.013493378957113,0.22100958824157715,246784,603979776,0.03509664535522461
0,16,16,1,decode,fp8_e4m3,131072,32,1,1.7178559303283691,0.4897200107574463,987136,2415919104,0.03509664535522461
0,16,16,1,prefill,fp8_e4m3,131072,1,128,4.060192108154297,,1010139648,75497472,0.0076119983568787575
0,16,16,1,prefill,fp8_e4m3,131072,1,1024,4.470965385437012,,1021568512,75497472,0.0076119983568787575
0,16,16,1,prefill,fp8_e4m3,131072,1,8192,6.525013605753581,,1119553024,75497472,0.0076119983568787575
0,16,16,1,decode,fp8_e4m3,524288,1,1,2.062602678934733,0.1904736042022705,31744,301989888,0.03509664535522461
0,16,16,1,decode,fp8_e4m3,524288,8,1,2.0550613403320312,0.46751041412353517,246784,2415919104,0.03509664535522461
0,16,16,1,decode,fp8_e4m3,524288,32,1,2.1189972559611,1.541214370727539,987136,9663676416,0.03509664535522461
0,16,16,1,prefill,fp8_e4m3,524288,1,128,12.713184356689453,,1764125184,301989888,0.0076119983568787575
0,16,16,1,prefill,fp8_e4m3,524288,1,1024,14.33583958943685,,1776756224,301989888,0.0076119983568787575
0,16,16,1,prefill,fp8_e4m3,524288,1,8192,21.81000518798828,,1864697344,301989888,0.0076119983568787575
0,16,16,1,decode,fp8_e4m3,1048576,1,1,2.1136533419291177,0.24476161003112792,31744,603979776,0.03509664535522461
0,16,16,1,decode,fp8_e4m3,1048576,8,1,2.0976746877034507,0.8035728454589843,246784,4831838208,0.03509664535522461
0,16,16,1,decode,fp8_e4m3,1048576,32,1,3.3467734654744468,2.963262367248535,987136,19327352832,0.03509664535522461
0,16,16,1,prefill,fp8_e4m3,1048576,1,128,24.026410420735676,,2368104960,603979776,0.0076119983568787575
0,16,16,1,prefill,fp8_e4m3,1048576,1,1024,27.57331085205078,,2381260288,603979776,0.0076119983568787575
0,16,16,1,prefill,fp8_e4m3,1048576,1,8192,42.22553507486979,,2468677120,603979776,0.0076119983568787575
0,16,16,1,decode,bfloat16,1024,1,1,2.0005973180135093,0.10697760581970214,31744,1179648,0.006898726802319288
0,16,16,1,decode,bfloat16,1024,8,1,1.719882647196452,0.10240639448165893,246784,9437184,0.006898726802319288
0,16,16,1,decode,bfloat16,1024,32,1,1.6673280398050945,0.13447359800338746,987136,37748736,0.006898726802319288
0,16,16,1,prefill,bfloat16,1024,1,128,3.083754539489746,,11272704,1179648,0.001956015592440963
0,16,16,1,prefill,bfloat16,1024,1,1024,1.7382933298746746,,28967936,1179648,0.001956015592440963
0,16,16,1,decode,bfloat16,8192,1,1,2.0295467376708984,0.11244000196456909,31744,9437184,0.006898726802319288
0,16,16,1,decode,bfloat16,8192,8,1,1.9265813827514648,0.14252959489822387,246784,75497472,0.006898726802319288
0,16,16,1,decode,bfloat16,8192,32,1,1.647989273071289,0.18651679754257203,987136,301989888,0.006898726802319288
0,16,16,1,prefill,bfloat16,8192,1,128,3.0662720998128257,,65438208,9437184,0.001956015592440963
0,16,16,1,prefill,bfloat16,8192,1,1024,2.9771413803100586,,79554048,9437184,0.001956015592440963
0,16,16,1,prefill,bfloat16,8192,1,8192,1.8161279360453289,,215745536,9437184,0.001956015592440963
0,16,16,1,decode,bfloat16,32768,1,1,2.0015360514322915,0.1373039960861206,31744,37748736,0.006898726802319288
0,16,16,1,decode,bfloat16,32768,8,1,1.9800000190734863,0.1796623945236206,246784,301989888,0.006898726802319288
0,16,16,1,decode,bfloat16,32768,32,1,1.6841386159261067,0.339734411239624,987136,1207959552,0.006898726802319288
0,16,16,1,prefill,bfloat16,32768,1,128,3.177877426147461,,254820864,37748736,0.001956015592440963
0,16,16,1,prefill,bfloat16,32768,1,1024,3.0968214670817056,,268297728,37748736,0.001956015592440963
0,16,16,1,prefill,bfloat16,32768,1,8192,3.072906812032064,,363529728,37748736,0.001956015592440963
0,16,16,1,decode,bfloat16,131072,1,1,2.028341293334961,0.1618384003639221,31744,150994944,0.006898726802319288
0,16,16,1,decode,bfloat16,131072,8,1,2.0207039515177407,0.34069440364837644,246784,1207959552,0.006898726802319288
0,16,16,1,decode,bfloat16,131072,32,1,1.5717652638753254,0.9500063896179199,987136,4831838208,0.006898726802319288
0,16,16,1,prefill,bfloat16,131072,1,128,3.619797388712565,,1010139648,150994944,0.001956015592440963
0,16,16,1,prefill,bfloat16,131072,1,1024,4.2969919840494795,,1023272448,150994944,0.001956015592440963
0,16,16,1,prefill,bfloat16,131072,1,8192,6.299786885579427,,1119553024,150994944,0.001956015592440963
0,16,16,1,decode,bfloat16,524288,1,1,2.104661305745443,0.2496623992919922,31744,603979776,0.006898726802319288
0,16,16,1,decode,bfloat16,524288,8,1,2.1565653483072915,0.9076767921447754,246784,4831838208,0.006898726802319288
0,16,16,1,decode,bfloat16,524288,32,1,3.7089707056681314,3.401347351074219,987136,19327352832,0.006898726802319288
0,16,16,1,prefill,bfloat16,524288,1,128,12.07854970296224,,1764125184,603979776,0.001956015592440963
0,16,16,1,prefill,bfloat16,524288,1,1024,13.6747194925944,,1776756224,603979776,0.001956015592440963
0,16,16,1,prefill,bfloat16,524288,1,8192,21.149664560953777,,1864697344,603979776,0.001956015592440963
0,16,16,1,decode,bfloat16,1048576,1,1,1.8208959897359211,0.36416800022125245,31744,1207959552,0.006898726802319288
0,16,16,1,decode,bfloat16,1048576,8,1,1.954858620961507,1.6876863479614257,246784,9663676416,0.006898726802319288
0,16,16,1,decode,bfloat16,1048576,32,1,6.805034637451172,6.578948974609375,987136,38654705664,0.006898726802319288
0,16,16,1,prefill,bfloat16,1048576,1,128,22.60998280843099,,2368104960,1207959552,0.001956015592440963
0,16,16,1,prefill,bfloat16,1048576,1,1024,26.339680989583332,,2381260288,1207959552,0.001956015592440963
0,16,16,1,prefill,bfloat16,1048576,1,8192,40.72035217285156,,2468677120,1207959552,0.001956015592440963
0,16,8,2,decode,fp8_e4m3,1024,1,1,2.4713706970214844,0.09083679914474488,44032,589824,0.03501495346426964
0,16,8,2,decode,fp8_e4m3,1024,8,1,2.4342613220214844,0.09588479995727539,347136,4718592,0.03501495346426964
0,16,8,2,decode,fp8_e4m3,1024,32,1,1.8021440505981445,0.10897120237350463,1388544,18874368,0.03501495346426964
0,16,8,2,prefill,fp8_e4m3,1024,1,128,3.1948159535725913,,18824704,589824,0.008806233294308186
0,16,8,2,prefill,fp8_e4m3,1024,1,1024,1.2402346928914387,,39846912,589824,0.008806233294308186
0,16,8,2,decode,fp8_e4m3,8192,1,1,2.477674643198649,0.09587519764900207,44032,4718592,0.03501495346426964
0,16,8,2,decode,fp8_e4m3,8192,8,1,2.447744051615397,0.11414400339126587,347136,37748736,0.03501495346426964
0,16,8,2,decode,fp8_e4m3,8192,32,1,1.5804053942362468,0.13357280492782592,1388544,150994944,0.03501495346426964
0,16,8,2,prefill,fp8_e4m3,8192,1,128,3.223338762919108,,113786368,4718592,0.008806233294308186
0,16,8,2,prefill,fp8_e4m3,8192,1,1024,3.1478398640950522,,140494336,4718592,0.008806233294308186
0,16,8,2,prefill,fp8_e4m3,8192,1,8192,1.9167572657267253,,304612352,4718592,0.008806233294308186
0,16,8,2,decode,fp8_e4m3,32768,1,1,2.35591459274292,0.11367520093917846,44032,18874368,0.03501495346426964
0,16,8,2,decode,fp8_e4m3,32768,8,1,2.3776426315307617,0.13257759809494019,347136,150994944,0.03501495346426964
0,16,8,2,decode,fp8_e4m3,32768,32,1,1.18941863377889,0.20161919593811034,1388544,603979776,0.03501495346426964
0,16,8,2,prefill,fp8_e4m3,32768,1,128,3.4235092798868814,,434945536,18874368,0.008806233294308186
0,16,8,2,prefill,fp8_e4m3,32768,1,1024,3.3541332880655923,,462407168,18874368,0.008806233294308186
0,16,8,2,prefill,fp8_e4m3,32768,1,8192,4.012618700663249,,662046208,18874368,0.008806233294308186
0,16,8,2,decode,fp8_e4m3,131072,1,1,2.374197324117025,0.12805919647216796,44032,75497472,0.03501495346426964
0,16,8,2,decode,fp8_e4m3,131072,8,1,2.292522589365641,0.19735360145568848,347136,603979776,0.03501495346426964
0,16,8,2,decode,fp8_e4m3,131072,32,1,1.1659626960754395,0.46131200790405275,1388544,2415919104,0.03501495346426964
0,16,8,2,prefill,fp8_e4m3,131072,1,128,4.891690572102864,,1718402560,75497472,0.008806233294308186
0,16,8,2,prefill,fp8_e4m3,131072,1,1024,5.224575996398926,,1744815616,75497472,0.008806233294308186
0,16,8,2,prefill,fp8_e4m3,131072,1,8192,9.129834493001303,,1945503232,75497472,0.008806233294308186
0,16,8,2,decode,fp8_e4m3,524288,1,1,1.5435519218444824,0.1665503978729248,44032,301989888,0.03501495346426964
0,16,8,2,decode,fp8_e4m3,524288,8,1,2.485109329223633,0.44520158767700196,347136,2415919104,0.03501495346426964
0,16,8,2,decode,fp8_e4m3,524288,32,1,2.1819626490275064,1.518561553955078,1388544,9663676416,0.03501495346426964
0,16,8,2,prefill,fp8_e4m3,524288,1,128,15.684394836425781,,2773388800,301989888,0.008806233294308186
0,16,8,2,prefill,fp8_e4m3,524288,1,1024,17.390762329101562,,2795128320,301989888,0.008806233294308186
0,16,8,2,prefill,fp8_e4m3,524288,1,8192,32.24010721842448,,2973369856,301989888,0.008806233294308186
0,16,8,2,decode,fp8_e4m3,1048576,1,1,2.4215466181437173,0.22121119499206543,44032,603979776,0.03501495346426964
0,16,8,2,decode,fp8_e4m3,1048576,8,1,2.429258664449056,0.7766511917114258,347136,4831838208,0.03501495346426964
0,16,8,2,decode,fp8_e4m3,1048576,32,1,3.325237274169922,2.9826416015625,1388544,19327352832,0.03501495346426964
0,16,8,2,prefill,fp8_e4m3,1048576,1,128,29.784884134928387,,3377368576,603979776,0.008806233294308186
0,16,8,2,prefill,fp8_e4m3,1048576,1,1024,33.4074452718099,,3399501312,603979776,0.008806233294308186
0,16,8,2,prefill,fp8_e4m3,1048576,1,8192,63.54334004720052,,3577349632,603979776,0.008806233294308186
0,16,8,2,decode,bfloat16,1024,1,1,2.3875625928243003,0.08878080248832702,43520,1179648,0.006444955710321665
0,16,8,2,decode,bfloat16,1024,8,1,2.3940800031026206,0.09359359741210938,345088,9437184,0.006444955710321665
0,16,8,2,decode,bfloat16,1024,32,1,1.787893295288086,0.10972800254821777,1380352,37748736,0.006444955710321665
0,16,8,2,prefill,bfloat16,1024,1,128,3.287029266357422,,18824704,1179648,0.0047883158549666405
0,16,8,2,prefill,bfloat16,1024,1,1024,1.8715306917826335,,39846912,1179648,0.0047883158549666405
0,16,8,2,decode,bfloat16,8192,1,1,1.4382400512695312,0.09486719965934753,43520,9437184,0.006444955710321665
0,16,8,2,decode,bfloat16,8192,8,1,2.4391466776529946,0.11944799423217774,345088,75497472,0.006444955710321665
0,16,8,2,decode,bfloat16,8192,32,1,1.8338346481323242,0.1614896059036255,1380352,301989888,0.006444955710321665
0,16,8,2,prefill,bfloat16,8192,1,128,3.1173973083496094,,113786368,9437184,0.0047883158549666405
0,16,8,2,prefill,bfloat16,8192,1,1024,3.051520029703776,,140494336,9437184,0.0047883158549666405
0,16,8,2,prefill,bfloat16,8192,1,8192,1.8745919863382976,,304612352,9437184,0.0047883158549666405
0,16,8,2,decode,bfloat16,32768,1,1,2.3447465896606445,0.11584479808807373,43520,37748736,0.006444955710321665
0,16,8,2,decode,bfloat16,32768,8,1,1.45634126663208,0.15650559663772584,345088,301989888,0.006444955710321665
0,16,8,2,decode,bfloat16,32768,32,1,1.5583786964416504,0.3160975933074951,1380352,1207959552,0.006444955710321665
0,16,8,2,prefill,bfloat16,32768,1,128,3.413450558980306,,434945536,37748736,0.0047883158549666405
0,16,8,2,prefill,bfloat16,32768,1,1024,2.379978656768799,,461882880,37748736,0.0047883158549666405
0,16,8,2,prefill,bfloat16,32768,1,8192,4.006826718648274,,663094784,37748736,0.0047883158549666405
0,16,8,2,decode,bfloat16,131072,1,1,2.040778636932373,0.13712799549102783,43520,150994944,0.006444955710321665
0,16,8,2,decode,bfloat16,131072,8,1,2.376789410909017,0.31930079460144045,345088,1207959552,0.006444955710321665
0,16,8,2,decode,bfloat16,131072,32,1,1.8882026672363281,0.929252815246582,1380352,4831838208,0.006444955710321665
0,16,8,2,prefill,bfloat16,131072,1,128,4.8044586181640625,,1718402560,150994944,0.0047883158549666405
0,16,8,2,prefill,bfloat16,131072,1,1024,5.071178754170735,,1745339904,150994944,0.0047883158549666405
0,16,8,2,prefill,bfloat16,131072,1,8192,8.668607711791992,,1945503232,150994944,0.0047883158549666405
0,16,8,2,decode,bfloat16,524288,1,1,1.4789013862609863,0.22694718837738037,43520,603979776,0.006444955710321665
0,16,8,2,decode,bfloat16,524288,8,1,2.4693867365519204,0.8846112251281738,345088,4831838208,0.006444955710321665
0,16,8,2,decode,bfloat16,524288,32,1,3.745471954345703,3.381926345825195,1380352,19327352832,0.006444955710321665
0,16,8,2,prefill,bfloat16,524288,1,128,14.939317067464193,,2773388800,603979776,0.0047883158549666405
0,16,8,2,prefill,bfloat16,524288,1,1024,16.552661895751953,,2795521536,603979776,0.0047883158549666405
0,16,8,2,prefill,bfloat16,524288,1,8192,31.812906901041668,,2973369856,603979776,0.0047883158549666405
0,16,8,2,decode,bfloat16,1048576,1,1,2.170442740122477,0.34280641078948976,43520,1207959552,0.006444955710321665
0,16,8,2,decode,bfloat16,1048576,8,1,2.6351253191630044,1.6653535842895508,345088,9663676416,0.006444955710321665
0,16,8,2,decode,bfloat16,1048576,32,1,6.970272064208984,6.5826972961425785,1380352,38654705664,0.006444955710321665
0,16,8,2,prefill,bfloat16,1048576,1,128,27.92243194580078,,3377368576,1207959552,0.0047883158549666405
0,16,8,2,prefill,bfloat16,1048576,1,1024,31.716214497884113,,3399501312,1207959552,0.0047883158549666405
0,16,8,2,prefill,bfloat16,1048576,1,8192,62.40935262044271,,3577349632,1207959552,0.0047883158549666405
0,16,4,4,decode,fp8_e4m3,1024,1,1,1.4824320475260417,0.10485759973526002,107520,589824,0.03481585159897804
0,16,4,4,decode,fp8_e4m3,1024,8,1,1.7004586855570476,0.10884159803390503,849920,4718592,0.03481585159897804
0,16,4,4,decode,fp8_e4m3,1024,32,1,1.59771728515625,0.11578079462051391,3399680,18874368,0.03481585159897804
0,16,4,4,prefill,fp8_e4m3,1024,1,128,2.9690027236938477,,35304960,589824,0.008163205347955227
0,16,4,4,prefill,fp8_e4m3,1024,1,1024,1.4782400131225586,,63046656,589824,0.008163205347955227
0,16,4,4,decode,fp8_e4m3,8192,1,1,1.6917333602905273,0.11038719415664673,107520,4718592,0.03481585159897804
0,16,4,4,decode,fp8_e4m3,8192,8,1,1.7344427108764648,0.11910239458084107,849920,37748736,0.03481585159897804
0,16,4,4,decode,fp8_e4m3,8192,32,1,1.5128533045450847,0.14775359630584717,3399680,150994944,0.03481585159897804
0,16,4,4,prefill,fp8_e4m3,8192,1,128,2.6086293856302896,,207885824,4718592,0.008163205347955227
0,16,4,4,prefill,fp8_e4m3,8192,1,1024,2.530773321787516,,258442752,4718592,0.008163205347955227
0,16,4,4,prefill,fp8_e4m3,8192,1,8192,1.9591360092163086,,482345984,4718592,0.008163205347955227
0,16,4,4,decode,fp8_e4m3,32768,1,1,1.6687146822611492,0.11559679508209228,107520,18874368,0.03481585159897804
0,16,4,4,decode,fp8_e4m3,32768,8,1,1.6539200146993,0.14557119607925414,849920,150994944,0.03481585159897804
0,16,4,4,decode,fp8_e4m3,32768,32,1,1.432480017344157,0.25260961055755615,3399680,603979776,0.03481585159897804
0,16,4,4,prefill,fp8_e4m3,32768,1,128,2.922858556111654,,792802816,18874368,0.008163205347955227
0,16,4,4,prefill,fp8_e4m3,32768,1,1024,2.940671920776367,,843417088,18874368,0.008163205347955227
0,16,4,4,prefill,fp8_e4m3,32768,1,8192,5.450058619181315,,1258161664,18874368,0.008163205347955227
0,16,4,4,decode,fp8_e4m3,131072,1,1,1.4272747039794922,0.13375200033187867,107520,75497472,0.03481585159897804
0,16,4,4,decode,fp8_e4m3,131072,8,1,1.4238826433817546,0.24104480743408202,849920,603979776,0.03481585159897804
0,16,4,4,decode,fp8_e4m3,131072,32,1,1.378229300181071,0.6624479770660401,3399680,2415919104,0.03481585159897804
0,16,4,4,prefill,fp8_e4m3,131072,1,128,5.669610977172852,,3133224448,75497472,0.008163205347955227
0,16,4,4,prefill,fp8_e4m3,131072,1,1024,6.299061457316081,,3183838720,75497472,0.008163205347955227
0,16,4,4,prefill,fp8_e4m3,131072,1,8192,16.006741841634113,,3597534720,75497472,0.008163205347955227
0,16,4,4,decode,fp8_e4m3,524288,1,1,1.347882588704427,0.20164000988006592,107520,301989888,0.03481585159897804
0,16,4,4,decode,fp8_e4m3,524288,8,1,1.4370239575703938,0.6188352108001709,849920,2415919104,0.03481585159897804
0,16,4,4,decode,fp8_e4m3,524288,32,1,2.574591954549154,2.379777526855469,3399680,9663676416,0.03481585159897804
0,16,4,4,prefill,fp8_e4m3,524288,1,128,20.29153060913086,,4791244288,301989888,0.008163205347955227
0,16,4,4,prefill,fp8_e4m3,524288,1,1024,22.358548482259113,,4835280384,301989888,0.008163205347955227
0,16,4,4,prefill,fp8_e4m3,524288,1,8192,61.19901021321615,,5190845952,301989888,0.008163205347955227
0,16,4,4,decode,fp8_e4m3,1048576,1,1,1.290112018585205,0.2906559944152832,107520,603979776,0.03481585159897804
0,16,4,4,decode,fp8_e4m3,1048576,8,1,1.5326080322265625,1.1178799629211427,849920,4831838208,0.03481585159897804
0,16,4,4,decode,fp8_e4m3,1048576,32,1,4.751008033752441,4.660051345825195,3399680,19327352832,0.03481585159897804
0,16,4,4,prefill,fp8_e4m3,1048576,1,128,39.61957295735677,,5395371520,603979776,0.008163205347955227
0,16,4,4,prefill,fp8_e4m3,1048576,1,1024,43.8517100016276,,5439260160,603979776,0.008163205347955227
0,16,4,4,prefill,fp8_e4m3,1048576,1,8192,121.84976196289062,,5794825728,603979776,0.008163205347955227
0,16,4,4,decode,bfloat16,1024,1,1,1.2197439670562744,0.10189759731292725,112128,1179648,0.005524782929569483
0,16,4,4,decode,bfloat16,1024,8,1,1.2162346839904785,0.10499520301818847,886784,9437184,0.005524782929569483
0,16,4,4,decode,bfloat16,1024,32,1,1.1095360120137532,0.11771520376205444,3547136,37748736,0.005524782929569483
0,16,4,4,prefill,bfloat16,1024,1,128,1.9922560056050618,,35960320,1179648,0.003520854515954852
0,16,4,4,prefill,bfloat16,1024,1,1024,1.1102399826049805,,63308800,1179648,0.003520854515954852
0,16,4,4,decode,bfloat16,8192,1,1,1.2165546417236328,0.10712480545043945,112128,9437184,0.005524782929569483
0,16,4,4,decode,bfloat16,8192,8,1,1.231829325358073,0.12304320335388183,886784,75497472,0.005524782929569483
0,16,4,4,decode,bfloat16,8192,32,1,1.1039679845174153,0.18361760377883912,3547136,301989888,0.005524782929569483
0,16,4,4,prefill,bfloat16,8192,1,128,2.102229277292887,,207549952,9437184,0.003520854515954852
0,16,4,4,prefill,bfloat16,8192,1,1024,2.0755626360575357,,258442752,9437184,0.003520854515954852
0,16,4,4,prefill,bfloat16,8192,1,8192,1.86735995610555,,482345984,9437184,0.003520854515954852
0,16,4,4,decode,bfloat16,32768,1,1,1.2203413645426433,0.11798720359802246,112128,37748736,0.005524782929569483
0,16,4,4,decode,bfloat16,32768,8,1,1.2136212984720867,0.17950079441070557,886784,301989888,0.005524782929569483
0,16,4,4,decode,bfloat16,32768,32,1,1.1191893418629963,0.4110400199890137,3547136,1207959552,0.005524782929569483
0,16,4,4,prefill,bfloat16,32768,1,128,2.6416427294413247,,792802816,37748736,0.003520854515954852
0,16,4,4,prefill,bfloat16,32768,1,1024,2.6564159393310547,,843417088,37748736,0.003520854515954852
0,16,4,4,prefill,bfloat16,32768,1,8192,5.3762563069661455,,1257113088,37748736,0.003520854515954852
0,16,4,4,decode,bfloat16,131072,1,1,1.2175146738688152,0.15512479543685914,112128,150994944,0.005524782929569483
0,16,4,4,decode,bfloat16,131072,8,1,1.2189226945241292,0.386025595664978,886784,1207959552,0.005524782929569483
0,16,4,4,decode,bfloat16,131072,32,1,1.5620800654093425,1.3186415672302245,3547136,4831838208,0.005524782929569483
0,16,4,4,prefill,bfloat16,131072,1,128,5.421578725179036,,3133224448,150994944,0.003520854515954852
0,16,4,4,prefill,bfloat16,131072,1,1024,6.0249277750651045,,3183838720,150994944,0.003520854515954852
0,16,4,4,prefill,bfloat16,131072,1,8192,15.941237131754557,,3597534720,150994944,0.003520854515954852
0,16,4,4,decode,bfloat16,524288,1,1,1.2105279763539631,0.3028831958770752,112128,603979776,0.005524782929569483
0,16,4,4,decode,bfloat16,524288,8,1,1.5021759668986003,1.2231616020202636,886784,4831838208,0.005524782929569483
0,16,4,4,decode,bfloat16,524288,32,1,5.201504071553548,4.9479633331298825,3547136,19327352832,0.005524782929569483
0,16,4,4,prefill,bfloat16,524288,1,128,19.515764872233074,,4791391744,603979776,0.003520854515954852
0,16,4,4,prefill,bfloat16,524288,1,1024,21.645729064941406,,4835411456,603979776,0.003520854515954852
0,16,4,4,prefill,bfloat16,524288,1,8192,62.486124674479164,,5190845952,603979776,0.003520854515954852
0,16,4,4,decode,bfloat16,1048576,1,1,1.2383466561635335,0.49721441268920896,112128,1207959552,0.005524782929569483
0,16,4,4,decode,bfloat16,1048576,8,1,2.6056747436523438,2.348761558532715,886784,9663676416,0.005524782929569483
0,16,4,4,decode,bfloat16,1048576,32,1,10.042847951253256,9.815853118896484,3547136,38654705664,0.005524782929569483
0,16,4,4,prefill,bfloat16,1048576,1,128,38.198036193847656,,5395371520,1207959552,0.003520854515954852
0,16,4,4,prefill,bfloat16,1048576,1,1024,42.430399576822914,,5439391232,1207959552,0.003520854515954852
0,16,4,4,prefill,bfloat16,1048576,1,8192,123.62315877278645,,5794825728,1207959552,0.003520854515954852
0,16,2,8,decode,fp8_e4m3,1024,1,1,1.4155413309733074,0.10540000200271607,161280,589824,0.03470971807837486
0,16,2,8,decode,fp8_e4m3,1024,8,1,1.437130610148112,0.10875999927520752,1287168,4718592,0.03470971807837486
0,16,2,8,decode,fp8_e4m3,1024,32,1,1.2905920346577961,0.12175040245056153,5148672,18874368,0.03470971807837486
0,16,2,8,prefill,fp8_e4m3,1024,1,128,2.253920078277588,,68265472,589824,0.0075984555296599865
0,16,2,8,prefill,fp8_e4m3,1024,1,1024,1.2409173647562664,,110363648,589824,0.0075984555296599865
0,16,2,8,decode,fp8_e4m3,8192,1,1,1.462997277577718,0.10952960252761841,161280,4718592,0.03470971807837486
0,16,2,8,decode,fp8_e4m3,8192,8,1,1.452298641204834,0.11960959434509277,1287168,37748736,0.03470971807837486
0,16,2,8,decode,fp8_e4m3,8192,32,1,1.2654720147450764,0.14633920192718505,5148672,150994944,0.03470971807837486
0,16,2,8,prefill,fp8_e4m3,8192,1,128,2.3764799435933432,,393152000,4718592,0.0075984555296599865
0,16,2,8,prefill,fp8_e4m3,8192,1,1024,2.330538590749105,,496961024,4718592,0.0075984555296599865
0,16,2,8,prefill,fp8_e4m3,8192,1,8192,2.8300161361694336,,837813248,4718592,0.0075984555296599865
0,16,2,8,decode,fp8_e4m3,32768,1,1,1.3693866729736328,0.1187391996383667,161280,18874368,0.03470971807837486
0,16,2,8,decode,fp8_e4m3,32768,8,1,1.3933439254760742,0.13834880590438842,1287168,150994944,0.03470971807837486
0,16,2,8,decode,fp8_e4m3,32768,32,1,1.235317309697469,0.23345439434051513,5148672,603979776,0.03470971807837486
0,16,2,8,prefill,fp8_e4m3,32768,1,128,3.4362560907999673,,1509565952,18874368,0.0075984555296599865
0,16,2,8,prefill,fp8_e4m3,32768,1,1024,3.751765251159668,,1610548736,18874368,0.0075984555296599865
0,16,2,8,prefill,fp8_e4m3,32768,1,8192,8.90115229288737,,2448819712,18874368,0.0075984555296599865
0,16,2,8,decode,fp8_e4m3,131072,1,1,1.4192426999409993,0.13619680404663087,161280,75497472,0.03470971807837486
0,16,2,8,decode,fp8_e4m3,131072,8,1,1.4211947123209636,0.21836159229278565,1287168,603979776,0.03470971807837486
0,16,2,8,decode,fp8_e4m3,131072,32,1,1.288160006205241,0.5681392192840576,5148672,2415919104,0.03470971807837486
0,16,2,8,prefill,fp8_e4m3,131072,1,128,8.50550397237142,,5961164288,75497472,0.0075984555296599865
0,16,2,8,prefill,fp8_e4m3,131072,1,1024,11.061332702636719,,6064899584,75497472,0.0075984555296599865
0,16,2,8,prefill,fp8_e4m3,131072,1,8192,28.848597208658855,,6902121984,75497472,0.0075984555296599865
0,16,2,8,decode,fp8_e4m3,524288,1,1,1.443413257598877,0.19035359621047973,161280,301989888,0.03470971807837486
0,16,2,8,decode,fp8_e4m3,524288,8,1,1.423103968302409,0.5262383937835693,1287168,2415919104,0.03470971807837486
0,16,2,8,decode,fp8_e4m3,524288,32,1,2.1562986373901367,2.040287971496582,5148672,9663676416,0.03470971807837486
0,16,2,8,prefill,fp8_e4m3,524288,1,128,31.57263946533203,,8827790848,301989888,0.0075984555296599865
0,16,2,8,prefill,fp8_e4m3,524288,1,1024,41.594879150390625,,8915715584,301989888,0.0075984555296599865
0,16,2,8,prefill,fp8_e4m3,524288,1,8192,117.35345458984375,,9626322432,301989888,0.0075984555296599865
0,16,2,8,decode,fp8_e4m3,1048576,1,1,1.3862719535827637,0.2644767999649048,161280,603979776,0.03470971807837486
0,16,2,8,decode,fp8_e4m3,1048576,8,1,1.4450880686442058,0.9416768074035644,1287168,4831838208,0.03470971807837486
0,16,2,8,decode,fp8_e4m3,1048576,32,1,3.9248854319254556,4.139889526367187,5148672,19327352832,0.03470971807837486
0,16,2,8,prefill,fp8_e4m3,1048576,1,128,62.400065104166664,,9431770624,603979776,0.0075984555296599865
0,16,2,8,prefill,fp8_e4m3,1048576,1,1024,82.36817932128906,,9519695360,603979776,0.0075984555296599865
0,16,2,8,prefill,fp8_e4m3,1048576,1,8192,234.39737955729166,,10229253632,603979776,0.0075984555296599865
0,16,2,8,decode,bfloat16,1024,1,1,1.2960533301035564,0.10197279453277588,139776,1179648,0.004783360753208399
0,16,2,8,decode,bfloat16,1024,8,1,1.3037652969360352,0.10692000389099121,1115136,9437184,0.004783360753208399
0,16,2,8,decode,bfloat16,1024,32,1,1.1575146516164143,0.12526079416275024,4460544,37748736,0.004783360753208399
0,16,2,8,prefill,bfloat16,1024,1,128,1.947221279144287,,68265472,1179648,0.001843483536504209
0,16,2,8,prefill,bfloat16,1024,1,1024,1.103594700495402,,111150080,1179648,0.001843483536504209
0,16,2,8,decode,bfloat16,8192,1,1,1.3417493502298992,0.10838559865951539,139776,9437184,0.004783360753208399
0,16,2,8,decode,bfloat16,8192,8,1,1.3105279604593914,0.12123520374298095,1115136,75497472,0.004783360753208399
0,16,2,8,decode,bfloat16,8192,32,1,1.174997329711914,0.16762399673461914,4460544,301989888,0.004783360753208399
0,16,2,8,prefill,bfloat16,8192,1,128,2.243168036142985,,394257920,9437184,0.001843483536504209
0,16,2,8,prefill,bfloat16,8192,1,1024,2.1860693295796714,,497092096,9437184,0.001843483536504209
0,16,2,8,prefill,bfloat16,8192,1,8192,2.7815252939860025,,837813248,9437184,0.001843483536504209
0,16,2,8,decode,bfloat16,32768,1,1,1.3153173128763835,0.1229248046875,139776,37748736,0.004783360753208399
0,16,2,8,decode,bfloat16,32768,8,1,1.3102293014526367,0.15773439407348633,1115136,301989888,0.004783360753208399
0,16,2,8,decode,bfloat16,32768,32,1,1.183018684387207,0.32259359359741213,4460544,1207959552,0.004783360753208399
0,16,2,8,prefill,bfloat16,32768,1,128,3.3019625345865884,,1506813440,37748736,0.001843483536504209
0,16,2,8,prefill,bfloat16,32768,1,1024,3.718965212504069,,1610548736,37748736,0.001843483536504209
0,16,2,8,prefill,bfloat16,32768,1,8192,8.969685236612955,,2448819712,37748736,0.001843483536504209
0,16,2,8,decode,bfloat16,131072,1,1,1.2971519629160564,0.14209120273590087,139776,150994944,0.004783360753208399
0,16,2,8,decode,bfloat16,131072,8,1,1.3071786562601726,0.32909278869628905,1115136,1207959552,0.004783360753208399
0,16,2,8,decode,bfloat16,131072,32,1,1.3164479732513428,0.960972785949707,4460544,4831838208,0.004783360753208399
0,16,2,8,prefill,bfloat16,131072,1,128,8.292597452799479,,5961164288,150994944,0.001843483536504209
0,16,2,8,prefill,bfloat16,131072,1,1024,10.86899185180664,,6064899584,150994944,0.001843483536504209
0,16,2,8,prefill,bfloat16,131072,1,8192,29.267873128255207,,6902121984,150994944,0.001843483536504209
0,16,2,8,decode,bfloat16,524288,1,1,1.3062079747517903,0.23636000156402587,139776,603979776,0.004783360753208399
0,16,2,8,decode,bfloat16,524288,8,1,1.4450987180074055,0.9122943878173828,1115136,4831838208,0.004783360753208399
0,16,2,8,decode,bfloat16,524288,32,1,3.7158613204956055,3.760793685913086,4460544,19327352832,0.004783360753208399
0,16,2,8,prefill,bfloat16,524288,1,128,30.99852752685547,,8827790848,603979776,0.001843483536504209
0,16,2,8,prefill,bfloat16,524288,1,1024,41.04161071777344,,8915715584,603979776,0.001843483536504209
0,16,2,8,prefill,bfloat16,524288,1,8192,118.15347290039062,,9626322432,603979776,0.001843483536504209
0,16,2,8,decode,bfloat16,1048576,1,1,1.319701353708903,0.3626032114028931,139776,1207959552,0.004783360753208399
0,16,2,8,decode,bfloat16,1048576,8,1,1.9667946497599285,1.7587839126586915,1115136,9663676416,0.004783360753208399
0,16,2,8,decode,bfloat16,1048576,32,1,7.071594874064128,7.547740936279297,4460544,38654705664,0.004783360753208399
0,16,2,8,prefill,bfloat16,1048576,1,128,61.20325215657552,,9431770624,1207959552,0.001843483536504209
0,16,2,8,prefill,bfloat16,1048576,1,1024,81.20635986328125,,9519695360,1207959552,0.001843483536504209
0,16,2,8,prefill,bfloat16,1048576,1,8192,235.56599934895834,,10230302208,1207959552,0.001843483536504209
0,16,1,16,decode,fp8_e4m3,1024,1,1,1.0814719994862874,0.12715519666671754,317952,589824,0.034656696021556854
0,16,1,16,decode,fp8_e4m3,1024,8,1,1.1189013322194417,0.1303984045982361,2540544,4718592,0.034656696021556854
1,16,16,1,decode,fp8_e4m3,1024,1,1,2.060512065887451,0.11281280517578125,31744,589824,0.03509664535522461
1,16,16,1,decode,fp8_e4m3,1024,8,1,2.0001920064290366,0.10478559732437134,246784,4718592,0.03509664535522461
1,16,16,1,decode,fp8_e4m3,1024,32,1,1.6876373291015625,0.11578400135040283,987136,18874368,0.03509664535522461
1,16,16,1,prefill,fp8_e4m3,1024,1,128,2.9595521291097007,,11076096,589824,0.0076119983568787575
1,16,16,1,prefill,fp8_e4m3,1024,1,1024,1.708170731862386,,29361152,589824,0.0076119983568787575
1,16,16,1,decode,fp8_e4m3,8192,1,1,1.984458605448405,0.11392320394515991,31744,4718592,0.03509664535522461
1,16,16,1,decode,fp8_e4m3,8192,8,1,1.7416000366210938,0.11769920587539673,246784,37748736,0.03509664535522461
1,16,16,1,decode,fp8_e4m3,8192,32,1,1.7176639238993328,0.15894399881362914,987136,150994944,0.03509664535522461
1,16,16,1,prefill,fp8_e4m3,8192,1,128,2.968415896097819,,65438208,4718592,0.0076119983568787575
1,16,16,1,prefill,fp8_e4m3,8192,1,1024,2.542400042215983,,80209408,4718592,0.0076119983568787575
1,16,16,1,prefill,fp8_e4m3,8192,1,8192,1.6958400408426921,,215745536,4718592,0.0076119983568787575
1,16,16,1,decode,fp8_e4m3,32768,1,1,1.8895467122395833,0.12798240184783935,31744,18874368,0.03509664535522461
1,16,16,1,decode,fp8_e4m3,32768,8,1,1.945151964823405,0.15678720474243163,246784,150994944,0.03509664535522461
1,16,16,1,decode,fp8_e4m3,32768,32,1,1.6463573773701985,0.22720320224761964,987136,603979776,0.03509664535522461
1,16,16,1,prefill,fp8_e4m3,32768,1,128,3.0109119415283203,,254820864,18874368,0.0076119983568787575
1,16,16,1,prefill,fp8_e4m3,32768,1,1024,2.9864320755004883,,268297728,18874368,0.0076119983568787575
1,16,16,1,prefill,fp8_e4m3,32768,1,8192,3.2005227406819663,,363529728,18874368,0.0076119983568787575
1,16,16,1,decode,fp8_e4m3,131072,1,1,1.9897386233011882,0.15089759826660157,31744,75497472,0.03509664535522461
1,16,16,1,decode,fp8_e4m3,131072,8,1,2.0136213302612305,0.22104480266571044,246784,603979776,0.03509664535522461
1,16,16,1,decode,fp8_e4m3,131072,32,1,1.7189332644144695,0.4896399974822998,987136,2415919104,0.03509664535522461
1,16,16,1,prefill,fp8_e4m3,131072,1,128,4.060373306274414,,1010139648,75497472,0.0076119983568787575
1,16,16,1,prefill,fp8_e4m3,131072,1,1024,4.46994145711263,,1021568512,75497472,0.0076119983568787575
1,16,16,1,prefill,fp8_e4m3,131072,1,8192,6.5240427652994795,,1119553024,75497472,0.0076119983568787575
1,16,16,1,decode,fp8_e4m3,524288,1,1,2.0616532961527505,0.19052000045776368,31744,301989888,0.03509664535522461
1,16,16,1,decode,fp8_e4m3,524288,8,1,2.055018742879232,0.46753439903259275,246784,2415919104,0.03509664535522461
1,16,16,1,decode,fp8_e4m3,524288,32,1,2.1191253662109375,1.541204833984375,987136,9663676416,0.03509664535522461
1,16,16,1,prefill,fp8_e4m3,524288,1,128,12.71329116821289,,1764125184,301989888,0.0076119983568787575
1,16,16,1,prefill,fp8_e4m3,524288,1,1024,14.335156758626303,,1776756224,301989888,0.0076119983568787575
1,16,16,1,prefill,fp8_e4m3,524288,1,8192,21.808629353841145,,1864697344,301989888,0.0076119983568787575
1,16,16,1,decode,fp8_e4m3,1048576,1,1,2.1125760078430176,0.24467198848724364,31744,603979776,0.03509664535522461
1,16,16,1,decode,fp8_e4m3,1048576,8,1,2.0968640645345054,0.8034848213195801,246784,4831838208,0.03509664535522461
1,16,16,1,decode,fp8_e4m3,1048576,32,1,3.3471466700236,2.9626623153686524,987136,19327352832,0.03509664535522461
1,16,16,1,prefill,fp8_e4m3,1048576,1,128,24.02582295735677,,2368104960,603979776,0.0076119983568787575
1,16,16,1,prefill,fp8_e4m3,1048576,1,1024,27.573654174804688,,2381260288,603979776,0.0076119983568787575
1,16,16,1,prefill,fp8_e4m3,1048576,1,8192,42.225354512532554,,2468677120,603979776,0.0076119983568787575
1,16,16,1,decode,bfloat16,1024,1,1,2.000490665435791,0.10695680379867553,31744,1179648,0.006898726802319288
1,16,16,1,decode,bfloat16,1024,8,1,1.7182292938232422,0.10251359939575196,246784,9437184,0.006898726802319288
1,16,16,1,decode,bfloat16,1024,32,1,1.6674346923828125,0.1343727946281433,987136,37748736,0.006898726802319288
1,16,16,1,prefill,bfloat16,1024,1,128,3.08405335744222,,11272704,1179648,0.001956015592440963
1,16,16,1,prefill,bfloat16,1024,1,1024,1.7386879920959473,,28967936,1179648,0.001956015592440963
1,16,16,1,decode,bfloat16,8192,1,1,2.0301760037740073,0.11245759725570678,31744,9437184,0.006898726802319288
1,16,16,1,decode,bfloat16,8192,8,1,1.9245120684305828,0.14255520105361938,246784,75497472,0.006898726802319288
1,16,16,1,decode,bfloat16,8192,32,1,1.6473280588785808,0.18642079830169678,987136,301989888,0.006898726802319288
1,16,16,1,prefill,bfloat16,8192,1,128,3.0668586095174155,,65438208,9437184,0.001956015592440963
1,16,16,1,prefill,bfloat16,8192,1,1024,2.9776318868001304,,79554048,9437184,0.001956015592440963
1,16,16,1,prefill,bfloat16,8192,1,8192,1.815872033437093,,215745536,9437184,0.001956015592440963
1,16,16,1,decode,bfloat16,32768,1,1,2.000607967376709,0.1373711943626404,31744,37748736,0.006898726802319288
1,16,16,1,decode,bfloat16,32768,8,1,1.9796373049418132,0.17963199615478515,246784,301989888,0.006898726802319288
1,16,16,1,decode,bfloat16,32768,32,1,1.6833066940307617,0.3397792100906372,987136,1207959552,0.006898726802319288
1,16,16,1,prefill,bfloat16,32768,1,128,3.1785386403401694,,254820864,37748736,0.001956015592440963
1,16,16,1,prefill,bfloat16,32768,1,1024,3.0968958536783853,,268297728,37748736,0.001956015592440963
1,16,16,1,prefill,bfloat16,32768,1,8192,3.0720958709716797,,363529728,37748736,0.001956015592440963
1,16,16,1,decode,bfloat16,131072,1,1,2.0272000630696616,0.16187360286712646,31744,150994944,0.006898726802319288
1,16,16,1,decode,bfloat16,131072,8,1,2.019850730895996,0.3405695915222168,246784,1207959552,0.006898726802319288
1,16,16,1,decode,bfloat16,131072,32,1,1.5712854067484539,0.9500528335571289,987136,4831838208,0.006898726802319288
1,16,16,1,prefill,bfloat16,131072,1,128,3.618687947591146,,1010139648,150994944,0.001956015592440963
1,16,16,1,prefill,bfloat16,131072,1,1024,4.2964372634887695,,1023272448,150994944,0.001956015592440963
1,16,16,1,prefill,bfloat16,131072,1,8192,6.299338658650716,,1119553024,150994944,0.001956015592440963
1,16,16,1,decode,bfloat16,524288,1,1,2.1036693255106607,0.24950881004333497,31744,603979776,0.006898726802319288
1,16,16,1,decode,bfloat16,524288,8,1,2.156405289967855,0.9078144073486328,246784,4831838208,0.006898726802319288
1,16,16,1,decode,bfloat16,524288,32,1,3.7080214818318686,3.401438522338867,987136,19327352832,0.006898726802319288
1,16,16,1,prefill,bfloat16,524288,1,128,12.077877044677734,,1764125184,603979776,0.001956015592440963
1,16,16,1,prefill,bfloat16,524288,1,1024,13.674058278401693,,1776756224,603979776,0.001956015592440963
1,16,16,1,prefill,bfloat16,524288,1,8192,21.148799896240234,,1864697344,603979776,0.001956015592440963
1,16,16,1,decode,bfloat16,1048576,1,1,1.8204906781514485,0.36421918869018555,31744,1207959552,0.006898726802319288
1,16,16,1,decode,bfloat16,1048576,8,1,1.9548800786336262,1.6873872756958008,246784,9663676416,0.006898726802319288
1,16,16,1,decode,bfloat16,1048576,32,1,6.8042558034261065,6.578955078125,987136,38654705664,0.006898726802319288
1,16,16,1,prefill,bfloat16,1048576,1,128,22.608606974283855,,2368104960,1207959552,0.001956015592440963
1,16,16,1,prefill,bfloat16,1048576,1,1024,26.33942413330078,,2381260288,1207959552,0.001956015592440963
1,16,16,1,prefill,bfloat16,1048576,1,8192,40.72147115071615,,2468677120,1207959552,0.001956015592440963
1,16,8,2,decode,fp8_e4m3,1024,1,1,2.4709653854370117,0.09083840250968933,44032,589824,0.03501495346426964
1,16,8,2,decode,fp8_e4m3,1024,8,1,2.4335254033406577,0.09588800072669983,347136,4718592,0.03501495346426964
1,16,8,2,decode,fp8_e4m3,1024,32,1,1.8032746315002441,0.10889439582824707,1388544,18874368,0.03501495346426964
1,16,8,2,prefill,fp8_e4m3,1024,1,128,3.195829391479492,,18824704,589824,0.008806233294308186
1,16,8,2,prefill,fp8_e4m3,1024,1,1024,1.239967981974284,,39846912,589824,0.008806233294308186
1,16,8,2,decode,fp8_e4m3,8192,1,1,2.476821263631185,0.0958303987979889,44032,4718592,0.03501495346426964
1,16,8,2,decode,fp8_e4m3,8192,8,1,2.447178681691488,0.11415519714355468,347136,37748736,0.03501495346426964
1,16,8,2,decode,fp8_e4m3,8192,32,1,1.580469290415446,0.13353439569473266,1388544,150994944,0.03501495346426964
1,16,8,2,prefill,fp8_e4m3,8192,1,128,3.2225173314412436,,113786368,4718592,0.008806233294308186
1,16,8,2,prefill,fp8_e4m3,8192,1,1024,3.147637367248535,,140494336,4718592,0.008806233294308186
1,16,8,2,prefill,fp8_e4m3,8192,1,8192,1.9169386227925618,,304612352,4718592,0.008806233294308186
1,16,8,2,decode,fp8_e4m3,32768,1,1,2.355327924092611,0.11363199949264527,44032,18874368,0.03501495346426964
1,16,8,2,decode,fp8_e4m3,32768,8,1,2.377130667368571,0.13249759674072265,347136,150994944,0.03501495346426964
1,16,8,2,decode,fp8_e4m3,32768,32,1,1.18941863377889,0.2016592025756836,1388544,603979776,0.03501495346426964
1,16,8,2,prefill,fp8_e4m3,32768,1,128,3.4223146438598633,,434945536,18874368,0.008806233294308186
1,16,8,2,prefill,fp8_e4m3,32768,1,1024,3.354837417602539,,462407168,18874368,0.008806233294308186
1,16,8,2,prefill,fp8_e4m3,32768,1,8192,4.013258616129558,,662046208,18874368,0.008806233294308186
1,16,8,2,decode,fp8_e4m3,131072,1,1,2.3737920125325522,0.12808480262756347,44032,75497472,0.03501495346426964
1,16,8,2,decode,fp8_e4m3,131072,8,1,2.2926506996154785,0.19738240242004396,347136,603979776,0.03501495346426964
1,16,8,2,decode,fp8_e4m3,131072,32,1,1.1658986409505208,0.46117439270019533,1388544,2415919104,0.03501495346426964
1,16,8,2,prefill,fp8_e4m3,131072,1,128,4.891200065612793,,1718402560,75497472,0.008806233294308186
1,16,8,2,prefill,fp8_e4m3,131072,1,1024,5.22435188293457,,1744815616,75497472,0.008806233294308186
1,16,8,2,prefill,fp8_e4m3,131072,1,8192,9.130624135335287,,1945503232,75497472,0.008806233294308186
1,16,8,2,decode,fp8_e4m3,524288,1,1,1.5431466102600098,0.16662720441818238,44032,301989888,0.03501495346426964
1,16,8,2,decode,fp8_e4m3,524288,8,1,2.484864075978597,0.4450831890106201,347136,2415919104,0.03501495346426964
1,16,8,2,decode,fp8_e4m3,524288,32,1,2.1820480028788247,1.5185343742370605,1388544,9663676416,0.03501495346426964
1,16,8,2,prefill,fp8_e4m3,524288,1,128,15.683743794759115,,2773388800,301989888,0.008806233294308186
1,16,8,2,prefill,fp8_e4m3,524288,1,1024,17.389556884765625,,2795128320,301989888,0.008806233294308186
1,16,8,2,prefill,fp8_e4m3,524288,1,8192,32.23870849609375,,2973369856,301989888,0.008806233294308186
1,16,8,2,decode,fp8_e4m3,1048576,1,1,2.420245329538981,0.22138400077819825,44032,603979776,0.03501495346426964
1,16,8,2,decode,fp8_e4m3,1048576,8,1,2.429141362508138,0.7766191959381104,347136,4831838208,0.03501495346426964
1,16,8,2,decode,fp8_e4m3,1048576,32,1,3.32535457611084,2.9828304290771483,1388544,19327352832,0.03501495346426964
1,16,8,2,prefill,fp8_e4m3,1048576,1,128,29.784950256347656,,3377368576,603979776,0.008806233294308186
1,16,8,2,prefill,fp8_e4m3,1048576,1,1024,33.40563201904297,,3399501312,603979776,0.008806233294308186
1,16,8,2,prefill,fp8_e4m3,1048576,1,8192,63.542561848958336,,3577349632,603979776,0.008806233294308186
1,16,8,2,decode,bfloat16,1024,1,1,2.3867732683817544,0.08877919912338257,43520,1179648,0.006444955710321665
1,16,8,2,decode,bfloat16,1024,8,1,2.393343925476074,0.09354720115661622,345088,9437184,0.006444955710321665
1,16,8,2,decode,bfloat16,1024,32,1,1.7866986592610676,0.10981919765472412,1380352,37748736,0.006444955710321665
1,16,8,2,prefill,bfloat16,1024,1,128,3.286677360534668,,18824704,1179648,0.0047883158549666405
1,16,8,2,prefill,bfloat16,1024,1,1024,1.8703999519348145,,39846912,1179648,0.0047883158549666405
1,16,8,2,decode,bfloat16,8192,1,1,1.4376640319824219,0.09470080137252808,43520,9437184,0.006444955710321665
1,16,8,2,decode,bfloat16,8192,8,1,2.438378651936849,0.11925760507583619,345088,75497472,0.006444955710321665
1,16,8,2,decode,bfloat16,8192,32,1,1.8343359629313152,0.1612496018409729,1380352,301989888,0.006444955710321665
1,16,8,2,prefill,bfloat16,8192,1,128,3.1162773768107095,,113786368,9437184,0.0047883158549666405
1,16,8,2,prefill,bfloat16,8192,1,1024,3.0503787994384766,,140494336,9437184,0.0047883158549666405
1,16,8,2,prefill,bfloat16,8192,1,8192,1.874186674753825,,304612352,9437184,0.0047883158549666405
1,16,8,2,decode,bfloat16,32768,1,1,2.3438612620035806,0.11578240394592285,43520,37748736,0.006444955710321665
1,16,8,2,decode,bfloat16,32768,8,1,1.4556053479512532,0.1564463973045349,345088,301989888,0.006444955710321665
1,16,8,2,decode,bfloat16,32768,32,1,1.558176040649414,0.3157407999038696,1380352,1207959552,0.006444955710321665
1,16,8,2,prefill,bfloat16,32768,1,128,3.4129387537638345,,434945536,37748736,0.0047883158549666405
1,16,8,2,prefill,bfloat16,32768,1,1024,2.3796374003092446,,461882880,37748736,0.0047883158549666405
1,16,8,2,prefill,bfloat16,32768,1,8192,4.007029215494792,,663094784,37748736,0.0047883158549666405
1,16,8,2,decode,bfloat16,131072,1,1,2.0394879976908364,0.13701920509338378,43520,150994944,0.006444955710321665
1,16,8,2,decode,bfloat16,131072,8,1,2.3765546480814614,0.31940159797668455,345088,1207959552,0.006444955710321665
1,16,8,2,decode,bfloat16,131072,32,1,1.8891092936197917,0.9292672157287598,1380352,4831838208,0.006444955710321665
1,16,8,2,prefill,bfloat16,131072,1,128,4.803829193115234,,1718402560,150994944,0.0047883158549666405
1,16,8,2,prefill,bfloat16,131072,1,1024,5.070549329121907,,1745339904,150994944,0.0047883158549666405
1,16,8,2,prefill,bfloat16,131072,1,8192,8.66977055867513,,1945503232,150994944,0.0047883158549666405
1,16,8,2,decode,bfloat16,524288,1,1,1.478325366973877,0.22667999267578126,43520,603979776,0.006444955710321665
1,16,8,2,decode,bfloat16,524288,8,1,2.4671360651652017,0.8845840454101562,345088,4831838208,0.006444955710321665
1,16,8,2,decode,bfloat16,524288,32,1,3.7442452112833657,3.381862258911133,1380352,19327352832,0.006444955710321665
1,16,8,2,prefill,bfloat16,524288,1,128,14.939018249511719,,2773388800,603979776,0.0047883158549666405
1,16,8,2,prefill,bfloat16,524288,1,1024,16.55141321818034,,2795521536,603979776,0.0047883158549666405
1,16,8,2,prefill,bfloat16,524288,1,8192,31.813257853190105,,2973369856,603979776,0.0047883158549666405
1,16,8,2,decode,bfloat16,1048576,1,1,2.170069376627604,0.34262239933013916,43520,1207959552,0.006444955710321665
1,16,8,2,decode,bfloat16,1048576,8,1,2.6343040466308594,1.6654159545898437,345088,9663676416,0.006444955710321665
1,16,8,2,decode,bfloat16,1048576,32,1,6.970154444376628,6.582569885253906,1380352,38654705664,0.006444955710321665
1,16,8,2,prefill,bfloat16,1048576,1,128,27.922325134277344,,3377368576,1207959552,0.0047883158549666405
1,16,8,2,prefill,bfloat16,1048576,1,1024,31.714101155598957,,3399501312,1207959552,0.0047883158549666405
1,16,8,2,prefill,bfloat16,1048576,1,8192,62.40850321451823,,3577349632,1207959552,0.0047883158549666405
1,16,4,4,decode,fp8_e4m3,1024,1,1,1.4820799827575684,0.10466079711914063,107520,589824,0.03481585159897804
1,16,4,4,decode,fp8_e4m3,1024,8,1,1.6998720169067383,0.10874400138854981,849920,4718592,0.03481585159897804
1,16,4,4,decode,fp8_e4m3,1024,32,1,1.597599983215332,0.1156272053718567,3399680,18874368,0.03481585159897804
1,16,4,4,prefill,fp8_e4m3,1024,1,128,2.9698880513509116,,35304960,589824,0.008163205347955227
1,16,4,4,prefill,fp8_e4m3,1024,1,1024,1.477237383524577,,63046656,589824,0.008163205347955227
1,16,4,4,decode,fp8_e4m3,8192,1,1,1.692757288614909,0.11031839847564698,107520,4718592,0.03481585159897804
1,16,4,4,decode,fp8_e4m3,8192,8,1,1.7338453928629558,0.11885919570922851,849920,37748736,0.03481585159897804
1,16,4,4,decode,fp8_e4m3,8192,32,1,1.5120959281921387,0.14767839908599853,3399680,150994944,0.03481585159897804
1,16,4,4,prefill,fp8_e4m3,8192,1,128,2.607957363128662,,207885824,4718592,0.008163205347955227
1,16,4,4,prefill,fp8_e4m3,8192,1,1024,2.5305066108703613,,258442752,4718592,0.008163205347955227
1,16,4,4,prefill,fp8_e4m3,8192,1,8192,1.9593173662821453,,482345984,4718592,0.008163205347955227
1,16,4,4,decode,fp8_e4m3,32768,1,1,1.6682453155517578,0.11541600227355957,107520,18874368,0.03481585159897804
1,16,4,4,decode,fp8_e4m3,32768,8,1,1.6528639793395996,0.14536479711532593,849920,150994944,0.03481585159897804
1,16,4,4,decode,fp8_e4m3,32768,32,1,1.43123197555542,0.2524319887161255,3399680,603979776,0.03481585159897804
1,16,4,4,prefill,fp8_e4m3,32768,1,128,2.9220266342163086,,792802816,18874368,0.008163205347955227
1,16,4,4,prefill,fp8_e4m3,32768,1,1024,2.9395840962727866,,843417088,18874368,0.008163205347955227
1,16,4,4,prefill,fp8_e4m3,32768,1,8192,5.449717203776042,,1258161664,18874368,0.008163205347955227
1,16,4,4,decode,fp8_e4m3,131072,1,1,1.427029291788737,0.1336127996444702,107520,75497472,0.03481585159897804
1,16,4,4,decode,fp8_e4m3,131072,8,1,1.422869364420573,0.24089601039886474,849920,603979776,0.03481585159897804
1,16,4,4,decode,fp8_e4m3,131072,32,1,1.377237319946289,0.6622799873352051,3399680,2415919104,0.03481585159897804
1,16,4,4,prefill,fp8_e4m3,131072,1,128,5.668383916219075,,3133224448,75497472,0.008163205347955227
1,16,4,4,prefill,fp8_e4m3,131072,1,1024,6.2985490163167315,,3183838720,75497472,0.008163205347955227
1,16,4,4,prefill,fp8_e4m3,131072,1,8192,16.005813598632812,,3597534720,75497472,0.008163205347955227
1,16,4,4,decode,fp8_e4m3,524288,1,1,1.346933364868164,0.20145280361175538,107520,301989888,0.03481585159897804
1,16,4,4,decode,fp8_e4m3,524288,8,1,1.4371946652730305,0.618668794631958,849920,2415919104,0.03481585159897804
1,16,4,4,decode,fp8_e4m3,524288,32,1,2.574282646179199,2.379800033569336,3399680,9663676416,0.03481585159897804
1,16,4,4,prefill,fp8_e4m3,524288,1,128,20.291467030843098,,4791244288,301989888,0.008163205347955227
1,16,4,4,prefill,fp8_e4m3,524288,1,1024,22.358431498209637,,4835280384,301989888,0.008163205347955227
1,16,4,4,prefill,fp8_e4m3,524288,1,8192,61.19950866699219,,5190845952,301989888,0.008163205347955227
1,16,4,4,decode,fp8_e4m3,1048576,1,1,1.2905066808064778,0.2904655933380127,107520,603979776,0.03481585159897804
1,16,4,4,decode,fp8_e4m3,1048576,8,1,1.5328000386555989,1.1177488327026368,849920,4831838208,0.03481585159897804
1,16,4,4,decode,fp8_e4m3,1048576,32,1,4.750944137573242,4.6593505859375,3399680,19327352832,0.03481585159897804
1,16,4,4,prefill,fp8_e4m3,1048576,1,128,39.61902872721354,,5395371520,603979776,0.008163205347955227
1,16,4,4,prefill,fp8_e4m3,1048576,1,1024,43.851826985677086,,5439260160,603979776,0.008163205347955227
1,16,4,4,prefill,fp8_e4m3,1048576,1,8192,121.84860229492188,,5794825728,603979776,0.008163205347955227
1,16,4,4,decode,bfloat16,1024,1,1,1.2186880111694336,0.10184160470962525,112128,1179648,0.005524782929569483
1,16,4,4,decode,bfloat16,1024,8,1,1.215114672978719,0.10492160320281982,886784,9437184,0.005524782929569483
1,16,4,4,decode,bfloat16,1024,32,1,1.11080535252889,0.11759680509567261,3547136,37748736,0.005524782929569483
1,16,4,4,prefill,bfloat16,1024,1,128,1.9928959210713704,,35960320,1179648,0.003520854515954852
1,16,4,4,prefill,bfloat16,1024,1,1024,1.109770695368449,,63308800,1179648,0.003520854515954852
1,16,4,4,decode,bfloat16,8192,1,1,1.2155306339263916,0.10697599649429321,112128,9437184,0.005524782929569483
1,16,4,4,decode,bfloat16,8192,8,1,1.2316479682922363,0.12309279441833496,886784,75497472,0.005524782929569483
1,16,4,4,decode,bfloat16,8192,32,1,1.1043306986490886,0.18371039628982544,3547136,301989888,0.005524782929569483
1,16,4,4,prefill,bfloat16,8192,1,128,2.0987626711527505,,207549952,9437184,0.003520854515954852
1,16,4,4,prefill,bfloat16,8192,1,1024,2.0754879315694175,,258442752,9437184,0.003520854515954852
1,16,4,4,prefill,bfloat16,8192,1,8192,1.8643840154012044,,482345984,9437184,0.003520854515954852
1,16,4,4,decode,bfloat16,32768,1,1,1.219498634338379,0.11792960166931152,112128,37748736,0.005524782929569483
1,16,4,4,decode,bfloat16,32768,8,1,1.2120640277862549,0.17934720516204833,886784,301989888,0.005524782929569483
1,16,4,4,decode,bfloat16,32768,32,1,1.1184746424357097,0.4109312057495117,3547136,1207959552,0.005524782929569483
1,16,4,4,prefill,bfloat16,32768,1,128,2.6409279505411782,,792802816,37748736,0.003520854515954852
1,16,4,4,prefill,bfloat16,32768,1,1024,2.655989329020182,,843417088,37748736,0.003520854515954852
1,16,4,4,prefill,bfloat16,32768,1,8192,5.370463689168294,,1257113088,37748736,0.003520854515954852
1,16,4,4,decode,bfloat16,131072,1,1,1.2165653705596924,0.15512959957122802,112128,150994944,0.005524782929569483
1,16,4,4,decode,bfloat16,131072,8,1,1.2191893259684246,0.38597118854522705,886784,1207959552,0.005524782929569483
1,16,4,4,decode,bfloat16,131072,32,1,1.5610666275024414,1.3185968399047852,3547136,4831838208,0.005524782929569483
1,16,4,4,prefill,bfloat16,131072,1,128,5.422261555989583,,3133224448,150994944,0.003520854515954852
1,16,4,4,prefill,bfloat16,131072,1,1024,6.023775736490886,,3183838720,150994944,0.003520854515954852
1,16,4,4,prefill,bfloat16,131072,1,8192,15.942965189615885,,3597534720,150994944,0.003520854515954852
1,16,4,4,decode,bfloat16,524288,1,1,1.207103967666626,0.3026240110397339,112128,603979776,0.005524782929569483
1,16,4,4,decode,bfloat16,524288,8,1,1.5017919540405273,1.223136043548584,886784,4831838208,0.005524782929569483
1,16,4,4,decode,bfloat16,524288,32,1,5.200618743896484,4.948164749145508,3547136,19327352832,0.005524782929569483
1,16,4,4,prefill,bfloat16,524288,1,128,19.514527638753254,,4791391744,603979776,0.003520854515954852
1,16,4,4,prefill,bfloat16,524288,1,1024,21.646751403808594,,4835411456,603979776,0.003520854515954852
1,16,4,4,prefill,bfloat16,524288,1,8192,62.48469543457031,,5190845952,603979776,0.003520854515954852
1,16,4,4,decode,bfloat16,1048576,1,1,1.2375786304473877,0.4972559928894043,112128,1207959552,0.005524782929569483
1,16,4,4,decode,bfloat16,1048576,8,1,2.6045653025309243,2.3486656188964843,886784,9663676416,0.005524782929569483
1,16,4,4,decode,bfloat16,1048576,32,1,10.042463938395182,9.815918731689454,3547136,38654705664,0.005524782929569483
1,16,4,4,prefill,bfloat16,1048576,1,128,38.197044372558594,,5395371520,1207959552,0.003520854515954852
1,16,4,4,prefill,bfloat16,1048576,1,1024,42.4305165608724,,5439391232,1207959552,0.003520854515954852
1,16,4,4,prefill,bfloat16,1048576,1,8192,123.62376912434895,,5794825728,1207959552,0.003520854515954852
1,16,2,8,decode,fp8_e4m3,1024,1,1,1.4165652592976887,0.10546239614486694,161280,589824,0.03470971807837486
1,16,2,8,decode,fp8_e4m3,1024,8,1,1.4395413398742676,0.1086959958076477,1287168,4718592,0.03470971807837486
1,16,2,8,decode,fp8_e4m3,1024,32,1,1.2955413659413655,0.12159039974212646,5148672,18874368,0.03470971807837486
1,16,2,8,prefill,fp8_e4m3,1024,1,128,2.2556907335917153,,68265472,589824,0.0075984555296599865
1,16,2,8,prefill,fp8_e4m3,1024,1,1024,1.248149315516154,,110363648,589824,0.0075984555296599865
1,16,2,8,decode,fp8_e4m3,8192,1,1,1.464245319366455,0.10959359407424926,161280,4718592,0.03470971807837486
1,16,2,8,decode,fp8_e4m3,8192,8,1,1.4529919624328613,0.11936800479888916,1287168,37748736,0.03470971807837486
1,16,2,8,decode,fp8_e4m3,8192,32,1,1.2652586301167805,0.14615360498428345,5148672,150994944,0.03470971807837486
1,16,2,8,prefill,fp8_e4m3,8192,1,128,2.378613313039144,,393152000,4718592,0.0075984555296599865
1,16,2,8,prefill,fp8_e4m3,8192,1,1024,2.3296640714009604,,496961024,4718592,0.0075984555296599865
1,16,2,8,prefill,fp8_e4m3,8192,1,8192,2.8294080098470054,,837813248,4718592,0.0075984555296599865
1,16,2,8,decode,fp8_e4m3,32768,1,1,1.3704640070597331,0.1187391996383667,161280,18874368,0.03470971807837486
1,16,2,8,decode,fp8_e4m3,32768,8,1,1.3967466354370117,0.1382143974304199,1287168,150994944,0.03470971807837486
1,16,2,8,decode,fp8_e4m3,32768,32,1,1.2366613547007244,0.2333087921142578,5148672,603979776,0.03470971807837486
1,16,2,8,prefill,fp8_e4m3,32768,1,128,3.4404373168945312,,1509565952,18874368,0.0075984555296599865
1,16,2,8,prefill,fp8_e4m3,32768,1,1024,3.7525974909464517,,1610548736,18874368,0.0075984555296599865
1,16,2,8,prefill,fp8_e4m3,32768,1,8192,8.902144114176432,,2448819712,18874368,0.0075984555296599865
1,16,2,8,decode,fp8_e4m3,131072,1,1,1.42138671875,0.1361392021179199,161280,75497472,0.03470971807837486
1,16,2,8,decode,fp8_e4m3,131072,8,1,1.4248426755269368,0.2181920051574707,1287168,603979776,0.03470971807837486
1,16,2,8,decode,fp8_e4m3,131072,32,1,1.28766934076945,0.5685423851013184,5148672,2415919104,0.03470971807837486
1,16,2,8,prefill,fp8_e4m3,131072,1,128,8.507263819376627,,5961164288,75497472,0.0075984555296599865
1,16,2,8,prefill,fp8_e4m3,131072,1,1024,11.058111826578775,,6064899584,75497472,0.0075984555296599865
1,16,2,8,prefill,fp8_e4m3,131072,1,8192,28.84270985921224,,6902121984,75497472,0.0075984555296599865
1,16,2,8,decode,fp8_e4m3,524288,1,1,1.4384640057881672,0.19006240367889404,161280,301989888,0.03470971807837486
1,16,2,8,decode,fp8_e4m3,524288,8,1,1.4236480394999187,0.5261727809906006,1287168,2415919104,0.03470971807837486
1,16,2,8,decode,fp8_e4m3,524288,32,1,2.156245390574137,2.039873504638672,5148672,9663676416,0.03470971807837486
1,16,2,8,prefill,fp8_e4m3,524288,1,128,31.57379150390625,,8827790848,301989888,0.0075984555296599865
1,16,2,8,prefill,fp8_e4m3,524288,1,1024,41.59427134195963,,8915715584,301989888,0.0075984555296599865
1,16,2,8,prefill,fp8_e4m3,524288,1,8192,117.35376993815105,,9626322432,301989888,0.0075984555296599865
1,16,2,8,decode,fp8_e4m3,1048576,1,1,1.3884159723917644,0.26446239948272704,161280,603979776,0.03470971807837486
1,16,2,8,decode,fp8_e4m3,1048576,8,1,1.4456639289855957,0.942409610748291,1287168,4831838208,0.03470971807837486
1,16,2,8,decode,fp8_e4m3,1048576,32,1,3.9251734415690103,4.139632034301758,5148672,19327352832,0.03470971807837486
1,16,2,8,prefill,fp8_e4m3,1048576,1,128,62.400492350260414,,9431770624,603979776,0.0075984555296599865
1,16,2,8,prefill,fp8_e4m3,1048576,1,1024,82.36662292480469,,9519695360,603979776,0.0075984555296599865
1,16,2,8,prefill,fp8_e4m3,1048576,1,8192,234.40445963541666,,10229253632,603979776,0.0075984555296599865
1,16,2,8,decode,bfloat16,1024,1,1,1.2876799901326497,0.10217599868774414,139776,1179648,0.004783360753208399
1,16,2,8,decode,bfloat16,1024,8,1,1.3146239916483562,0.10684159994125367,1115136,9437184,0.004783360753208399
1,16,2,8,decode,bfloat16,1024,32,1,1.1642560164133708,0.12517759799957276,4460544,37748736,0.004783360753208399
1,16,2,8,prefill,bfloat16,1024,1,128,1.9724052747090657,,68265472,1179648,0.001843483536504209
1,16,2,8,prefill,bfloat16,1024,1,1024,1.1045119762420654,,111150080,1179648,0.001843483536504209
1,16,2,8,decode,bfloat16,8192,1,1,1.344096024831136,0.10839200019836426,139776,9437184,0.004783360753208399
1,16,2,8,decode,bfloat16,8192,8,1,1.3184213638305664,0.12118719816207886,1115136,75497472,0.004783360753208399
1,16,2,8,decode,bfloat16,8192,32,1,1.1849599679311116,0.16769440174102784,4460544,301989888,0.004783360753208399
1,16,2,8,prefill,bfloat16,8192,1,128,2.245973269144694,,394257920,9437184,0.001843483536504209
1,16,2,8,prefill,bfloat16,8192,1,1024,2.185237407684326,,497092096,9437184,0.001843483536504209
1,16,2,8,prefill,bfloat16,8192,1,8192,2.781386693318685,,837813248,9437184,0.001843483536504209
1,16,2,8,decode,bfloat16,32768,1,1,1.3186133702596028,0.12282400131225586,139776,37748736,0.004783360753208399
1,16,2,8,decode,bfloat16,32768,8,1,1.310538689295451,0.15765440464019775,1115136,301989888,0.004783360753208399
1,16,2,8,decode,bfloat16,32768,32,1,1.187381347020467,0.3227008104324341,4460544,1207959552,0.004783360753208399
1,16,2,8,prefill,bfloat16,32768,1,128,3.3043734232584634,,1506813440,37748736,0.001843483536504209
1,16,2,8,prefill,bfloat16,32768,1,1024,3.7185920079549155,,1610548736,37748736,0.001843483536504209
1,16,2,8,prefill,bfloat16,32768,1,8192,8.987882614135742,,2448819712,37748736,0.001843483536504209
1,16,2,8,decode,bfloat16,131072,1,1,1.296447992324829,0.1420688033103943,139776,150994944,0.004783360753208399
1,16,2,8,decode,bfloat16,131072,8,1,1.3142080307006836,0.3288367986679077,1115136,1207959552,0.004783360753208399
1,16,2,8,decode,bfloat16,131072,32,1,1.3154346942901611,0.9615263938903809,4460544,4831838208,0.004783360753208399
1,16,2,8,prefill,bfloat16,131072,1,128,8.291957219441732,,5961164288,150994944,0.001843483536504209
1,16,2,8,prefill,bfloat16,131072,1,1024,10.868255615234375,,6064899584,150994944,0.001843483536504209
1,16,2,8,prefill,bfloat16,131072,1,8192,29.26805369059245,,6902121984,150994944,0.001843483536504209
1,16,2,8,decode,bfloat16,524288,1,1,1.3078186511993408,0.23639519214630128,139776,603979776,0.004783360753208399
1,16,2,8,decode,bfloat16,524288,8,1,1.443903923034668,0.9121952056884766,1115136,4831838208,0.004783360753208399
1,16,2,8,decode,bfloat16,524288,32,1,3.7148586908976235,3.7609439849853517,4460544,19327352832,0.004783360753208399
1,16,2,8,prefill,bfloat16,524288,1,128,30.997535705566406,,8827790848,603979776,0.001843483536504209
1,16,2,8,prefill,bfloat16,524288,1,1024,41.04132334391276,,8915715584,603979776,0.001843483536504209
1,16,2,8,prefill,bfloat16,524288,1,8192,118.1575419108073,,9626322432,603979776,0.001843483536504209
1,16,2,8,decode,bfloat16,1048576,1,1,1.3200426896413167,0.3625056028366089,139776,1207959552,0.004783360753208399
1,16,2,8,decode,bfloat16,1048576,8,1,1.9658560752868652,1.7592016220092774,1115136,9663676416,0.004783360753208399
1,16,2,8,decode,bfloat16,1048576,32,1,7.072245279947917,7.5474800109863285,4460544,38654705664,0.004783360753208399
1,16,2,8,prefill,bfloat16,1048576,1,128,61.20252990722656,,9431770624,1207959552,0.001843483536504209
1,16,2,8,prefill,bfloat16,1048576,1,1024,81.20676167805989,,9519695360,1207959552,0.001843483536504209
1,16,2,8,prefill,bfloat16,1048576,1,8192,235.5700480143229,,10230302208,1207959552,0.001843483536504209
1,16,1,16,decode,fp8_e4m3,1024,1,1,1.148960034052531,0.12867360115051268,317952,589824,0.034656696021556854
1,16,1,16,decode,fp8_e4m3,1024,8,1,1.0487039883931477,0.13142080307006837,2540544,4718592,0.034656696021556854
10,16,16,1,decode,fp8_e4m3,1024,1,1,2.0610453287760415,0.11292480230331421,31744,589824,0.03509664535522461
10,16,16,1,decode,fp8_e4m3,1024,8,1,2.0000747044881186,0.1049839973449707,246784,4718592,0.03509664535522461
10,16,16,1,decode,fp8_e4m3,1024,32,1,1.6872107187906902,0.11607999801635742,987136,18874368,0.03509664535522461
10,16,16,1,prefill,fp8_e4m3,1024,1,128,2.9602025349934897,,11076096,589824,0.0076119983568787575
10,16,16,1,prefill,fp8_e4m3,1024,1,1024,1.711861292521159,,29361152,589824,0.0076119983568787575
10,16,16,1,decode,fp8_e4m3,8192,1,1,1.9821972846984863,0.11394879817962647,31744,4718592,0.03509664535522461
10,16,16,1,decode,fp8_e4m3,8192,8,1,1.7430399258931477,0.11788320541381836,246784,37748736,0.03509664535522461
10,16,16,1,decode,fp8_e4m3,8192,32,1,1.718389352162679,0.15919359922409057,987136,150994944,0.03509664535522461
10,16,16,1,prefill,fp8_e4m3,8192,1,128,2.9695040384928384,,65438208,4718592,0.0076119983568787575
10,16,16,1,prefill,fp8_e4m3,8192,1,1024,2.543018658955892,,80209408,4718592,0.0076119983568787575
10,16,16,1,prefill,fp8_e4m3,8192,1,8192,1.6957333882649739,,215745536,4718592,0.0076119983568787575
10,16,16,1,decode,fp8_e4m3,32768,1,1,1.8884053230285645,0.12835999727249145,31744,18874368,0.03509664535522461
10,16,16,1,decode,fp8_e4m3,32768,8,1,1.946730613708496,0.1568112015724182,246784,150994944,0.03509664535522461
10,16,16,1,decode,fp8_e4m3,32768,32,1,1.6478932698567708,0.227345609664917,987136,603979776,0.03509664535522461
10,16,16,1,prefill,fp8_e4m3,32768,1,128,3.013024012247721,,254820864,18874368,0.0076119983568787575
10,16,16,1,prefill,fp8_e4m3,32768,1,1024,2.986655871073405,,268297728,18874368,0.0076119983568787575
10,16,16,1,prefill,fp8_e4m3,32768,1,8192,3.200511932373047,,363529728,18874368,0.0076119983568787575
10,16,16,1,decode,fp8_e4m3,131072,1,1,1.9907840092976887,0.15094079971313476,31744,75497472,0.03509664535522461
10,16,16,1,decode,fp8_e4m3,131072,8,1,2.0151146252950034,0.2211616039276123,246784,603979776,0.03509664535522461
10,16,16,1,decode,fp8_e4m3,131072,32,1,1.718773365020752,0.4895648002624512,987136,2415919104,0.03509664535522461
10,16,16,1,prefill,fp8_e4m3,131072,1,128,4.0605119069417315,,1010139648,75497472,0.0076119983568787575
10,16,16,1,prefill,fp8_e4m3,131072,1,1024,4.470762570699056,,1021568512,75497472,0.0076119983568787575
10,16,16,1,prefill,fp8_e4m3,131072,1,8192,6.5251413981119795,,1119553024,75497472,0.0076119983568787575
10,16,16,1,decode,fp8_e4m3,524288,1,1,2.060885270436605,0.1904096007347107,31744,301989888,0.03509664535522461
10,16,16,1,decode,fp8_e4m3,524288,8,1,2.0556480089823403,0.4675583839416504,246784,2415919104,0.03509664535522461
10,16,16,1,decode,fp8_e4m3,524288,32,1,2.1196799278259277,1.5411680221557618,987136,9663676416,0.03509664535522461
10,16,16,1,prefill,fp8_e4m3,524288,1,128,12.712725321451822,,1764125184,301989888,0.0076119983568787575
10,16,16,1,prefill,fp8_e4m3,524288,1,1024,14.336021423339844,,1776756224,301989888,0.0076119983568787575
10,16,16,1,prefill,fp8_e4m3,524288,1,8192,21.809707641601562,,1864697344,301989888,0.0076119983568787575
10,16,16,1,decode,fp8_e4m3,1048576,1,1,2.114250659942627,0.24446558952331543,31744,603979776,0.03509664535522461
10,16,16,1,decode,fp8_e4m3,1048576,8,1,2.097877343495687,0.8036399841308594,246784,4831838208,0.03509664535522461
10,16,16,1,decode,fp8_e4m3,1048576,32,1,3.3473278681437173,2.96313591003418,987136,19327352832,0.03509664535522461
10,16,16,1,prefill,fp8_e4m3,1048576,1,128,24.02649688720703,,2368104960,603979776,0.0076119983568787575
10,16,16,1,prefill,fp8_e4m3,1048576,1,1024,27.573748270670574,,2381260288,603979776,0.0076119983568787575
10,16,16,1,prefill,fp8_e4m3,1048576,1,8192,42.22471364339193,,2468677120,603979776,0.0076119983568787575
10,16,16,1,decode,bfloat16,1024,1,1,2.001354694366455,0.10709279775619507,31744,1179648,0.006898726802319288
10,16,16,1,decode,bfloat16,1024,8,1,1.7188372611999512,0.10257920026779174,246784,9437184,0.006898726802319288
10,16,16,1,decode,bfloat16,1024,32,1,1.6679040590922039,0.13451839685440065,987136,37748736,0.006898726802319288
10,16,16,1,prefill,bfloat16,1024,1,128,3.084501266479492,,11272704,1179648,0.001956015592440963
10,16,16,1,prefill,bfloat16,1024,1,1024,1.7394026120503743,,28967936,1179648,0.001956015592440963
10,16,16,1,decode,bfloat16,8192,1,1,2.03057066599528,0.11236000061035156,31744,9437184,0.006898726802319288
10,16,16,1,decode,bfloat16,8192,8,1,1.9252160390218098,0.1423807978630066,246784,75497472,0.006898726802319288
10,16,16,1,decode,bfloat16,8192,32,1,1.6477972666422527,0.18615360260009767,987136,301989888,0.006898726802319288
10,16,16,1,prefill,bfloat16,8192,1,128,3.066783905029297,,65438208,9437184,0.001956015592440963
10,16,16,1,prefill,bfloat16,8192,1,1024,2.9773438771565757,,79554048,9437184,0.001956015592440963
10,16,16,1,prefill,bfloat16,8192,1,8192,1.816117286682129,,215745536,9437184,0.001956015592440963
10,16,16,1,decode,bfloat16,32768,1,1,2.000490665435791,0.13769919872283937,31744,37748736,0.006898726802319288
10,16,16,1,decode,bfloat16,32768,8,1,1.98088534673055,0.17964320182800292,246784,301989888,0.006898726802319288
10,16,16,1,decode,bfloat16,32768,32,1,1.6834239959716797,0.3398128032684326,987136,1207959552,0.006898726802319288
10,16,16,1,prefill,bfloat16,32768,1,128,3.1790186564127603,,254820864,37748736,0.001956015592440963
10,16,16,1,prefill,bfloat16,32768,1,1024,3.097066561381022,,268297728,37748736,0.001956015592440963
10,16,16,1,prefill,bfloat16,32768,1,8192,3.072821299235026,,363529728,37748736,0.001956015592440963
10,16,16,1,decode,bfloat16,131072,1,1,2.0279040336608887,0.16181600093841553,31744,150994944,0.006898726802319288
10,16,16,1,decode,bfloat16,131072,8,1,2.019327958424886,0.3408128023147583,246784,1207959552,0.006898726802319288
10,16,16,1,decode,bfloat16,131072,32,1,1.571946620941162,0.9500415802001954,987136,4831838208,0.006898726802319288
10,16,16,1,prefill,bfloat16,131072,1,128,3.619978586832682,,1010139648,150994944,0.001956015592440963
10,16,16,1,prefill,bfloat16,131072,1,1024,4.2964480717976885,,1023272448,150994944,0.001956015592440963
10,16,16,1,prefill,bfloat16,131072,1,8192,6.300917307535808,,1119553024,150994944,0.001956015592440963
10,16,16,1,decode,bfloat16,524288,1,1,2.1052053769429526,0.2494879961013794,31744,603979776,0.006898726802319288
10,16,16,1,decode,bfloat16,524288,8,1,2.157578627268473,0.9076975822448731,246784,4831838208,0.006898726802319288
10,16,16,1,decode,bfloat16,524288,32,1,3.7098347345987954,3.401540756225586,987136,19327352832,0.006898726802319288
10,16,16,1,prefill,bfloat16,524288,1,128,12.079893747965494,,1764125184,603979776,0.001956015592440963
10,16,16,1,prefill,bfloat16,524288,1,1024,13.675008138020834,,1776756224,603979776,0.001956015592440963
10,16,16,1,prefill,bfloat16,524288,1,8192,21.149920145670574,,1864697344,603979776,0.001956015592440963
10,16,16,1,decode,bfloat16,1048576,1,1,1.8208533922831218,0.36432321071624757,31744,1207959552,0.006898726802319288
10,16,16,1,decode,bfloat16,1048576,8,1,1.9554559389750164,1.6874992370605468,246784,9663676416,0.006898726802319288
10,16,16,1,decode,bfloat16,1048576,32,1,6.805215835571289,6.578947448730469,987136,38654705664,0.006898726802319288
10,16,16,1,prefill,bfloat16,1048576,1,128,22.60900370279948,,2368104960,1207959552,0.001956015592440963
10,16,16,1,prefill,bfloat16,1048576,1,1024,26.339627583821613,,2381260288,1207959552,0.001956015592440963
10,16,16,1,prefill,bfloat16,1048576,1,8192,40.72033182779948,,2468677120,1207959552,0.001956015592440963
10,16,8,2,decode,fp8_e4m3,1024,1,1,1.9023253122965496,0.09265760183334351,44032,589824,0.03501495346426964
10,16,8,2,decode,fp8_e4m3,1024,8,1,1.792693297068278,0.09685440063476562,347136,4718592,0.03501495346426964
10,16,8,2,decode,fp8_e4m3,1024,32,1,1.4394772847493489,0.10942720174789429,1388544,18874368,0.03501495346426964
10,16,8,2,prefill,fp8_e4m3,1024,1,128,2.721343994140625,,18824704,589824,0.008806233294308186
10,16,8,2,prefill,fp8_e4m3,1024,1,1024,1.165877342224121,,39846912,589824,0.008806233294308186
10,16,8,2,decode,fp8_e4m3,8192,1,1,1.8603199323018391,0.09701120257377624,44032,4718592,0.03501495346426964
10,16,8,2,decode,fp8_e4m3,8192,8,1,1.4689812660217285,0.11399680376052856,347136,37748736,0.03501495346426964
10,16,8,2,decode,fp8_e4m3,8192,32,1,1.0612373352050781,0.1344256043434143,1388544,150994944,0.03501495346426964
10,16,8,2,prefill,fp8_e4m3,8192,1,128,2.506048043568929,,113786368,4718592,0.008806233294308186
10,16,8,2,prefill,fp8_e4m3,8192,1,1024,2.0368107159932456,,140494336,4718592,0.008806233294308186
10,16,8,2,prefill,fp8_e4m3,8192,1,8192,1.4816320737202961,,304612352,4718592,0.008806233294308186
10,16,8,2,decode,fp8_e4m3,32768,1,1,1.8653866449991863,0.11394720077514649,44032,18874368,0.03501495346426964
10,16,8,2,decode,fp8_e4m3,32768,8,1,1.4800426165262859,0.1328384041786194,347136,150994944,0.03501495346426964
10,16,8,2,decode,fp8_e4m3,32768,32,1,1.4227946599324544,0.20308001041412355,1388544,603979776,0.03501495346426964
10,16,8,2,prefill,fp8_e4m3,32768,1,128,2.3218026161193848,,434945536,18874368,0.008806233294308186
10,16,8,2,prefill,fp8_e4m3,32768,1,1024,3.0179945627848306,,462407168,18874368,0.008806233294308186
10,16,8,2,prefill,fp8_e4m3,32768,1,8192,3.845226605733236,,662046208,18874368,0.008806233294308186
10,16,8,2,decode,fp8_e4m3,131072,1,1,1.426154613494873,0.12904640436172485,44032,75497472,0.03501495346426964
10,16,8,2,decode,fp8_e4m3,131072,8,1,1.4463253021240234,0.19921120405197143,347136,603979776,0.03501495346426964
10,16,8,2,decode,fp8_e4m3,131072,32,1,1.4210666020711262,0.4628176212310791,1388544,2415919104,0.03501495346426964
10,16,8,2,prefill,fp8_e4m3,131072,1,128,4.189183870951335,,1718402560,75497472,0.008806233294308186
10,16,8,2,prefill,fp8_e4m3,131072,1,1024,4.778026580810547,,1744815616,75497472,0.008806233294308186
10,16,8,2,prefill,fp8_e4m3,131072,1,8192,8.770965576171875,,1945503232,75497472,0.008806233294308186
10,16,8,2,decode,fp8_e4m3,524288,1,1,1.4482026100158691,0.16732959747314452,44032,301989888,0.03501495346426964
10,16,8,2,decode,fp8_e4m3,524288,8,1,1.474229335784912,0.4464384078979492,347136,2415919104,0.03501495346426964
10,16,8,2,decode,fp8_e4m3,524288,32,1,1.8896106084187825,1.5185728073120117,1388544,9663676416,0.03501495346426964
10,16,8,2,prefill,fp8_e4m3,524288,1,128,15.303296407063803,,2773388800,301989888,0.008806233294308186
10,16,8,2,prefill,fp8_e4m3,524288,1,1024,17.158655802408855,,2795128320,301989888,0.008806233294308186
10,16,8,2,prefill,fp8_e4m3,524288,1,8192,32.19800567626953,,2973369856,301989888,0.008806233294308186
10,16,8,2,decode,fp8_e4m3,1048576,1,1,2.00270938873291,0.2225696086883545,44032,603979776,0.03501495346426964
10,16,8,2,decode,fp8_e4m3,1048576,8,1,1.9443626403808594,0.7787007808685302,347136,4831838208,0.03501495346426964
10,16,8,2,decode,fp8_e4m3,1048576,32,1,3.2732372283935547,2.985361671447754,1388544,19327352832,0.03501495346426964
10,16,8,2,prefill,fp8_e4m3,1048576,1,128,29.476414998372395,,3377368576,603979776,0.008806233294308186
10,16,8,2,prefill,fp8_e4m3,1048576,1,1024,33.35582987467448,,3399501312,603979776,0.008806233294308186
10,16,8,2,prefill,fp8_e4m3,1048576,1,8192,63.37512715657552,,3577349632,603979776,0.008806233294308186
10,16,8,2,decode,bfloat16,1024,1,1,1.9125653902689617,0.08945919871330262,43520,1179648,0.006444955710321665
10,16,8,2,decode,bfloat16,1024,8,1,1.9435733159383137,0.09470239877700806,345088,9437184,0.006444955710321665
10,16,8,2,decode,bfloat16,1024,32,1,1.4507519404093425,0.11109919548034668,1380352,37748736,0.006444955710321665
10,16,8,2,prefill,bfloat16,1024,1,128,2.731178601582845,,18824704,1179648,0.0047883158549666405
10,16,8,2,prefill,bfloat16,1024,1,1024,1.5386773745218914,,39846912,1179648,0.0047883158549666405
10,16,8,2,decode,bfloat16,8192,1,1,2.0684266090393066,0.09506719708442687,43520,9437184,0.006444955710321665
10,16,8,2,decode,bfloat16,8192,8,1,2.107360045115153,0.12002240419387818,345088,75497472,0.006444955710321665
10,16,8,2,decode,bfloat16,8192,32,1,1.6218026479085286,0.16155519485473632,1380352,301989888,0.006444955710321665
10,16,8,2,prefill,bfloat16,8192,1,128,3.008490562438965,,113786368,9437184,0.0047883158549666405
10,16,8,2,prefill,bfloat16,8192,1,1024,2.8512001037597656,,140494336,9437184,0.0047883158549666405
10,16,8,2,prefill,bfloat16,8192,1,8192,1.4579626719156902,,304612352,9437184,0.0047883158549666405
10,16,8,2,decode,bfloat16,32768,1,1,2.022709369659424,0.11621919870376587,43520,37748736,0.006444955710321665
10,16,8,2,decode,bfloat16,32768,8,1,1.528714656829834,0.15732959508895875,345088,301989888,0.006444955710321665
10,16,8,2,decode,bfloat16,32768,32,1,1.5312213897705078,0.3159424066543579,1380352,1207959552,0.006444955710321665
10,16,8,2,prefill,bfloat16,32768,1,128,3.067263921101888,,434945536,37748736,0.0047883158549666405
10,16,8,2,prefill,bfloat16,32768,1,1024,2.2244693438212075,,461882880,37748736,0.0047883158549666405
10,16,8,2,prefill,bfloat16,32768,1,8192,3.839616139729818,,663094784,37748736,0.0047883158549666405
10,16,8,2,decode,bfloat16,131072,1,1,2.0988906224568686,0.13790080547332764,43520,150994944,0.006444955710321665
10,16,8,2,decode,bfloat16,131072,8,1,1.8466560045878093,0.3202431917190552,345088,1207959552,0.006444955710321665
10,16,8,2,decode,bfloat16,131072,32,1,1.528608004252116,0.9294624328613281,1380352,4831838208,0.006444955710321665
10,16,8,2,prefill,bfloat16,131072,1,128,4.508597373962402,,1718402560,150994944,0.0047883158549666405
10,16,8,2,prefill,bfloat16,131072,1,1024,4.869429270426433,,1745339904,150994944,0.0047883158549666405
10,16,8,2,prefill,bfloat16,131072,1,8192,8.832735697428385,,1945503232,150994944,0.0047883158549666405
10,16,8,2,decode,bfloat16,524288,1,1,1.4229332605997722,0.22728800773620605,43520,603979776,0.006444955710321665
10,16,8,2,decode,bfloat16,524288,8,1,2.1700266202290854,0.8854224205017089,345088,4831838208,0.006444955710321665
10,16,8,2,decode,bfloat16,524288,32,1,3.620917320251465,3.3810081481933594,1380352,19327352832,0.006444955710321665
10,16,8,2,prefill,bfloat16,524288,1,128,14.198261260986328,,2773388800,603979776,0.0047883158549666405
10,16,8,2,prefill,bfloat16,524288,1,1024,16.503658294677734,,2795521536,603979776,0.0047883158549666405
10,16,8,2,prefill,bfloat16,524288,1,8192,31.61847432454427,,2973369856,603979776,0.0047883158549666405
10,16,8,2,decode,bfloat16,1048576,1,1,2.1754239400227866,0.34427359104156496,43520,1207959552,0.006444955710321665
10,16,8,2,decode,bfloat16,1048576,8,1,2.4830506642659507,1.6613983154296874,345088,9663676416,0.006444955710321665
10,16,8,2,decode,bfloat16,1048576,32,1,6.949536005655925,6.587519836425781,1380352,38654705664,0.006444955710321665
10,16,8,2,prefill,bfloat16,1048576,1,128,27.988352457682293,,3377368576,1207959552,0.0047883158549666405
10,16,8,2,prefill,bfloat16,1048576,1,1024,31.80889638264974,,3399501312,1207959552,0.0047883158549666405
10,16,8,2,prefill,bfloat16,1048576,1,8192,62.086944580078125,,3577349632,1207959552,0.0047883158549666405
10,16,4,4,decode,fp8_e4m3,1024,1,1,1.4287145932515461,0.10513919591903687,107520,589824,0.03481585159897804
10,16,4,4,decode,fp8_e4m3,1024,8,1,1.5076053937276204,0.10859359502792358,849920,4718592,0.03481585159897804
10,16,4,4,decode,fp8_e4m3,1024,32,1,1.3918612798055012,0.11521760225296021,3399680,18874368,0.03481585159897804
10,16,4,4,prefill,fp8_e4m3,1024,1,128,2.406463940938314,,35698176,589824,0.008163205347955227
10,16,4,4,prefill,fp8_e4m3,1024,1,1024,1.3581973711649578,,63570944,589824,0.008163205347955227
10,16,4,4,decode,fp8_e4m3,8192,1,1,1.5143893559773762,0.11024960279464721,107520,4718592,0.03481585159897804
10,16,4,4,decode,fp8_e4m3,8192,8,1,1.5506666501363118,0.11828320026397705,849920,37748736,0.03481585159897804
10,16,4,4,decode,fp8_e4m3,8192,32,1,1.0632426738739014,0.14782079458236694,3399680,150994944,0.03481585159897804
10,16,4,4,prefill,fp8_e4m3,8192,1,128,2.579456011454264,,206616064,4718592,0.008163205347955227
10,16,4,4,prefill,fp8_e4m3,8192,1,1024,2.5195093154907227,,258573824,4718592,0.008163205347955227
10,16,4,4,prefill,fp8_e4m3,8192,1,8192,1.9445120493570964,,482870272,4718592,0.008163205347955227
10,16,4,4,decode,fp8_e4m3,32768,1,1,1.495530605316162,0.11639360189437867,107520,18874368,0.03481585159897804
10,16,4,4,decode,fp8_e4m3,32768,8,1,1.482111930847168,0.14493919610977174,849920,150994944,0.03481585159897804
10,16,4,4,decode,fp8_e4m3,32768,32,1,1.158197323481242,0.2539439916610718,3399680,603979776,0.03481585159897804
10,16,4,4,prefill,fp8_e4m3,32768,1,128,3.1456321080525718,,793441792,18874368,0.008163205347955227
10,16,4,4,prefill,fp8_e4m3,32768,1,1024,3.1859518686930337,,843941376,18874368,0.008163205347955227
10,16,4,4,prefill,fp8_e4m3,32768,1,8192,5.3747202555338545,,1257113088,18874368,0.008163205347955227
10,16,4,4,decode,fp8_e4m3,131072,1,1,1.15283203125,0.13391679525375366,107520,75497472,0.03481585159897804
10,16,4,4,decode,fp8_e4m3,131072,8,1,1.6392213503519695,0.2400592088699341,849920,603979776,0.03481585159897804
10,16,4,4,decode,fp8_e4m3,131072,32,1,1.1374506950378418,0.6689504146575928,3399680,2415919104,0.03481585159897804
10,16,4,4,prefill,fp8_e4m3,131072,1,128,5.868309020996094,,3134010880,75497472,0.008163205347955227
10,16,4,4,prefill,fp8_e4m3,131072,1,1024,6.342026392618815,,3183969792,75497472,0.008163205347955227
10,16,4,4,prefill,fp8_e4m3,131072,1,8192,16.204266866048176,,3597534720,75497472,0.008163205347955227
10,16,4,4,decode,fp8_e4m3,524288,1,1,1.738986651102702,0.20258400440216065,107520,301989888,0.03481585159897804
10,16,4,4,decode,fp8_e4m3,524288,8,1,1.2597866853078206,0.6193920135498047,849920,2415919104,0.03481585159897804
10,16,4,4,decode,fp8_e4m3,524288,32,1,2.5713067054748535,2.432200050354004,3399680,9663676416,0.03481585159897804
10,16,4,4,prefill,fp8_e4m3,524288,1,128,20.863391876220703,,4791129600,301989888,0.008163205347955227
10,16,4,4,prefill,fp8_e4m3,524288,1,1024,22.834571838378906,,4835411456,301989888,0.008163205347955227
10,16,4,4,prefill,fp8_e4m3,524288,1,8192,61.90552775065104,,5191239168,301989888,0.008163205347955227
10,16,4,4,decode,fp8_e4m3,1048576,1,1,1.1418986320495605,0.2916383981704712,107520,603979776,0.03481585159897804
10,16,4,4,decode,fp8_e4m3,1048576,8,1,1.3909120559692383,1.1412015914916993,849920,4831838208,0.03481585159897804
10,16,4,4,decode,fp8_e4m3,1048576,32,1,4.781333287556966,4.776700973510742,3399680,19327352832,0.03481585159897804
10,16,4,4,prefill,fp8_e4m3,1048576,1,128,39.4948476155599,,5395109376,603979776,0.008163205347955227
10,16,4,4,prefill,fp8_e4m3,1048576,1,1024,44.369608561197914,,5439391232,603979776,0.008163205347955227
10,16,4,4,prefill,fp8_e4m3,1048576,1,8192,124.2850850423177,,5795218944,603979776,0.008163205347955227
10,16,4,4,decode,bfloat16,1024,1,1,1.659114678700765,0.10335520505905152,112128,1179648,0.005524782929569483
10,16,4,4,decode,bfloat16,1024,8,1,1.107477347056071,0.10527039766311645,886784,9437184,0.005524782929569483
10,16,4,4,decode,bfloat16,1024,32,1,1.0029226938883464,0.11816799640655518,3547136,37748736,0.005524782929569483
10,16,4,4,prefill,bfloat16,1024,1,128,1.8566080729166667,,36746752,1179648,0.003520854515954852
10,16,4,4,prefill,bfloat16,1024,1,1024,1.0268373489379883,,63833088,1179648,0.003520854515954852
10,16,4,4,decode,bfloat16,8192,1,1,1.6903252601623535,0.10763839483261109,112128,9437184,0.005524782929569483
10,16,4,4,decode,bfloat16,8192,8,1,1.251904010772705,0.12361119985580445,886784,75497472,0.005524782929569483
10,16,4,4,decode,bfloat16,8192,32,1,1.0221760272979736,0.18639520406723023,3547136,301989888,0.005524782929569483
10,16,4,4,prefill,bfloat16,8192,1,128,2.975839932759603,,207402496,9437184,0.003520854515954852
10,16,4,4,prefill,bfloat16,8192,1,1024,1.9148160616556804,,258442752,9437184,0.003520854515954852
10,16,4,4,prefill,bfloat16,8192,1,8192,1.897066593170166,,482739200,9437184,0.003520854515954852
10,16,4,4,decode,bfloat16,32768,1,1,1.123263994852702,0.11920319795608521,112128,37748736,0.005524782929569483
10,16,4,4,decode,bfloat16,32768,8,1,1.7394347190856934,0.1811311960220337,886784,301989888,0.005524782929569483
10,16,4,4,decode,bfloat16,32768,32,1,1.6388053894042969,0.4129663944244385,3547136,1207959552,0.005524782929569483
10,16,4,4,prefill,bfloat16,32768,1,128,2.470090707143148,,793982464,37748736,0.003520854515954852
10,16,4,4,prefill,bfloat16,32768,1,1024,3.4205331802368164,,843548160,37748736,0.003520854515954852
10,16,4,4,prefill,bfloat16,32768,1,8192,5.303743998209636,,1257113088,37748736,0.003520854515954852
10,16,4,4,decode,bfloat16,131072,1,1,1.7261759440104167,0.15527039766311646,112128,150994944,0.005524782929569483
10,16,4,4,decode,bfloat16,131072,8,1,1.1175573666890461,0.38568160533905027,886784,1207959552,0.005524782929569483
10,16,4,4,decode,bfloat16,131072,32,1,1.5495786666870117,1.3305999755859375,3547136,4831838208,0.005524782929569483
10,16,4,4,prefill,bfloat16,131072,1,128,5.36846923828125,,3134010880,150994944,0.003520854515954852
10,16,4,4,prefill,bfloat16,131072,1,1024,5.945152282714844,,3183838720,150994944,0.003520854515954852
10,16,4,4,prefill,bfloat16,131072,1,8192,16.262837727864582,,3597927936,150994944,0.003520854515954852
10,16,4,4,decode,bfloat16,524288,1,1,1.713333288828532,0.3028032064437866,112128,603979776,0.005524782929569483
10,16,4,4,decode,bfloat16,524288,8,1,1.4907093048095703,1.2265727996826172,886784,4831838208,0.005524782929569483
10,16,4,4,decode,bfloat16,524288,32,1,5.217599868774414,5.038243103027344,3547136,19327352832,0.005524782929569483
10,16,4,4,prefill,bfloat16,524288,1,128,20.0950190226237,,4791129600,603979776,0.003520854515954852
10,16,4,4,prefill,bfloat16,524288,1,1024,21.52515157063802,,4835280384,603979776,0.003520854515954852
10,16,4,4,prefill,bfloat16,524288,1,8192,61.78515116373698,,5191239168,603979776,0.003520854515954852
10,16,4,4,decode,bfloat16,1048576,1,1,1.7394879659016926,0.49649758338928224,112128,1207959552,0.005524782929569483
10,16,4,4,decode,bfloat16,1048576,8,1,2.7320213317871094,2.364575958251953,886784,9663676416,0.005524782929569483
10,16,4,4,decode,bfloat16,1048576,32,1,10.186304092407227,10.044480133056641,3547136,38654705664,0.005524782929569483
10,16,4,4,prefill,bfloat16,1048576,1,128,39.22317759195963,,5395109376,1207959552,0.003520854515954852
10,16,4,4,prefill,bfloat16,1048576,1,1024,43.26709493001302,,5439260160,1207959552,0.003520854515954852
10,16,4,4,prefill,bfloat16,1048576,1,8192,124.96317545572917,,5795218944,1207959552,0.003520854515954852
10,16,2,8,decode,fp8_e4m3,1024,1,1,1.3360427220662434,0.10518239736557007,161280,589824,0.03470971807837486
10,16,2,8,decode,fp8_e4m3,1024,8,1,1.222271998723348,0.10876640081405639,1287168,4718592,0.03470971807837486
10,16,2,8,decode,fp8_e4m3,1024,32,1,1.2343573570251465,0.12203680276870728,6000640,18874368,0.03470971807837486
10,16,2,8,prefill,fp8_e4m3,1024,1,128,1.8795413970947266,,70624768,589824,0.0075984555296599865
10,16,2,8,prefill,fp8_e4m3,1024,1,1024,1.0953599611918132,,110232576,589824,0.0075984555296599865
10,16,2,8,decode,fp8_e4m3,8192,1,1,1.2864426771799724,0.1099120020866394,161280,4718592,0.03470971807837486
10,16,2,8,decode,fp8_e4m3,8192,8,1,1.3212160269419353,0.1197119951248169,1287168,37748736,0.03470971807837486
10,16,2,8,decode,fp8_e4m3,8192,32,1,1.1215039889017742,0.14647359848022462,6000640,150994944,0.03470971807837486
10,16,2,8,prefill,fp8_e4m3,8192,1,128,2.1395413080851235,,393676288,4718592,0.0075984555296599865
10,16,2,8,prefill,fp8_e4m3,8192,1,1024,2.099242687225342,,496961024,4718592,0.0075984555296599865
10,16,2,8,prefill,fp8_e4m3,8192,1,8192,2.855818748474121,,837813248,4718592,0.0075984555296599865
10,16,2,8,decode,fp8_e4m3,32768,1,1,1.2657066980997722,0.11860159635543824,161280,18874368,0.03470971807837486
10,16,2,8,decode,fp8_e4m3,32768,8,1,1.2277653217315674,0.13779360055923462,1287168,150994944,0.03470971807837486
10,16,2,8,decode,fp8_e4m3,32768,32,1,1.1269013086954753,0.23543519973754884,6000640,603979776,0.03470971807837486
10,16,2,8,prefill,fp8_e4m3,32768,1,128,3.213557243347168,,1507075584,18874368,0.0075984555296599865
10,16,2,8,prefill,fp8_e4m3,32768,1,1024,3.645514806111654,,1610417664,18874368,0.0075984555296599865
10,16,2,8,prefill,fp8_e4m3,32768,1,8192,9.142250696818033,,2448557568,18874368,0.0075984555296599865
10,16,2,8,decode,fp8_e4m3,131072,1,1,1.2603200276692708,0.13622560501098632,161280,75497472,0.03470971807837486
10,16,2,8,decode,fp8_e4m3,131072,8,1,1.2730133533477783,0.22039361000061036,1287168,603979776,0.03470971807837486
10,16,2,8,decode,fp8_e4m3,131072,32,1,1.1417280038197835,0.5662399768829346,6000640,2415919104,0.03470971807837486
10,16,2,8,prefill,fp8_e4m3,131072,1,128,8.385077158610025,,5962081792,75497472,0.0075984555296599865
10,16,2,8,prefill,fp8_e4m3,131072,1,1024,10.96340306599935,,6064768512,75497472,0.0075984555296599865
10,16,2,8,prefill,fp8_e4m3,131072,1,8192,29.111361185709637,,6902777344,75497472,0.0075984555296599865
10,16,2,8,decode,fp8_e4m3,524288,1,1,1.260213295618693,0.19232640266418458,161280,301989888,0.03470971807837486
10,16,2,8,decode,fp8_e4m3,524288,8,1,1.2643733024597168,0.5233295917510986,1287168,2415919104,0.03470971807837486
10,16,2,8,decode,fp8_e4m3,524288,32,1,2.119040012359619,2.060977554321289,6000640,9663676416,0.03470971807837486
10,16,2,8,prefill,fp8_e4m3,524288,1,128,31.531178792317707,,8828315136,301989888,0.0075984555296599865
10,16,2,8,prefill,fp8_e4m3,524288,1,1024,41.63569132486979,,8915584512,301989888,0.0075984555296599865
10,16,2,8,prefill,fp8_e4m3,524288,1,8192,119.03648885091145,,9626584576,301989888,0.0075984555296599865
10,16,2,8,decode,fp8_e4m3,1048576,1,1,1.301909367243449,0.2692239999771118,161280,603979776,0.03470971807837486
10,16,2,8,decode,fp8_e4m3,1048576,8,1,1.3791359265645344,0.9680000305175781,1287168,4831838208,0.03470971807837486
10,16,2,8,decode,fp8_e4m3,1048576,32,1,3.8888320922851562,4.250851058959961,5148672,19327352832,0.03470971807837486
10,16,2,8,prefill,fp8_e4m3,1048576,1,128,62.28993225097656,,9431377408,603979776,0.0075984555296599865
10,16,2,8,prefill,fp8_e4m3,1048576,1,1024,82.31239318847656,,9519564288,603979776,0.0075984555296599865
10,16,2,8,prefill,fp8_e4m3,1048576,1,8192,242.48358154296875,,10229515776,603979776,0.0075984555296599865
10,16,2,8,decode,bfloat16,1024,1,1,1.1718826293945312,0.10232000350952149,139776,1179648,0.004783360753208399
10,16,2,8,decode,bfloat16,1024,8,1,1.2288106282552083,0.10694719552993774,1115136,9437184,0.004783360753208399
10,16,2,8,decode,bfloat16,1024,32,1,1.0665600299835205,0.12546080350875854,5312512,37748736,0.004783360753208399
10,16,2,8,prefill,bfloat16,1024,1,128,1.7427733739217122,,69576192,1179648,0.001843483536504209
10,16,2,8,prefill,bfloat16,1024,1,1024,1.0013226668039958,,110494720,1179648,0.001843483536504209
10,16,2,8,decode,bfloat16,8192,1,1,1.2369919617970784,0.10836639404296874,139776,9437184,0.004783360753208399
10,16,2,8,decode,bfloat16,8192,8,1,1.181674639383952,0.12138559818267822,1115136,75497472,0.004783360753208399
10,16,2,8,decode,bfloat16,8192,32,1,1.070207993189494,0.1679344058036804,5312512,301989888,0.004783360753208399
10,16,2,8,prefill,bfloat16,8192,1,128,2.014314651489258,,393733632,9437184,0.001843483536504209
10,16,2,8,prefill,bfloat16,8192,1,1024,2.048309326171875,,496961024,9437184,0.001843483536504209
10,16,2,8,prefill,bfloat16,8192,1,8192,2.7966505686442056,,838206464,9437184,0.001843483536504209
10,16,2,8,decode,bfloat16,32768,1,1,1.2038079897562664,0.12238399982452393,139776,37748736,0.004783360753208399
10,16,2,8,decode,bfloat16,32768,8,1,1.1932906309763591,0.15762399435043334,1115136,301989888,0.004783360753208399
10,16,2,8,decode,bfloat16,32768,32,1,1.0459199746449788,0.32234079837799073,5312512,1207959552,0.004783360753208399
10,16,2,8,prefill,bfloat16,32768,1,128,3.14572811126709,,1507730944,37748736,0.001843483536504209
10,16,2,8,prefill,bfloat16,32768,1,1024,3.6100587844848633,,1610417664,37748736,0.001843483536504209
10,16,2,8,prefill,bfloat16,32768,1,8192,9.157845179239908,,2449475072,37748736,0.001843483536504209
10,16,2,8,decode,bfloat16,131072,1,1,1.2217066287994385,0.14243680238723755,139776,150994944,0.004783360753208399
10,16,2,8,decode,bfloat16,131072,8,1,1.20905598004659,0.32935199737548826,1115136,1207959552,0.004783360753208399
10,16,2,8,decode,bfloat16,131072,32,1,1.2218666871388753,0.9512528419494629,5312512,4831838208,0.004783360753208399
10,16,2,8,prefill,bfloat16,131072,1,128,8.233866373697916,,5962081792,150994944,0.001843483536504209
10,16,2,8,prefill,bfloat16,131072,1,1024,10.838624318440756,,6064768512,150994944,0.001843483536504209
10,16,2,8,prefill,bfloat16,131072,1,8192,29.87852732340495,,6902777344,150994944,0.001843483536504209
10,16,2,8,decode,bfloat16,524288,1,1,1.228607972462972,0.24057281017303467,139776,603979776,0.004783360753208399
10,16,2,8,decode,bfloat16,524288,8,1,1.3046826521555583,0.916988754272461,1115136,4831838208,0.004783360753208399
10,16,2,8,decode,bfloat16,524288,32,1,3.724405288696289,3.767256164550781,5312512,19327352832,0.004783360753208399
10,16,2,8,prefill,bfloat16,524288,1,128,30.890335083007812,,8828315136,603979776,0.001843483536504209
10,16,2,8,prefill,bfloat16,524288,1,1024,40.99628702799479,,8915584512,603979776,0.001843483536504209
10,16,2,8,prefill,bfloat16,524288,1,8192,124.83641560872395,,9626584576,603979776,0.001843483536504209
10,16,2,8,decode,bfloat16,1048576,1,1,1.2365333239237468,0.3720367908477783,139776,1207959552,0.004783360753208399
10,16,2,8,decode,bfloat16,1048576,8,1,1.952799956003825,1.7813423156738282,1115136,9663676416,0.004783360753208399
10,16,2,8,decode,bfloat16,1048576,32,1,7.197237650553386,7.920278167724609,4460544,38654705664,0.004783360753208399
10,16,2,8,prefill,bfloat16,1048576,1,128,61.060139973958336,,9431377408,1207959552,0.001843483536504209
10,16,2,8,prefill,bfloat16,1048576,1,1024,81.29764302571614,,9519564288,1207959552,0.001843483536504209
10,16,2,8,prefill,bfloat16,1048576,1,8192,253.3508504231771,,10230564352,1207959552,0.001843483536504209
10,16,1,16,decode,fp8_e4m3,1024,1,1,1.0024212996164958,0.12766079902648925,317952,589824,0.034656696021556854
10,16,1,16,decode,fp8_e4m3,1024,8,1,0.9491093158721924,0.1306607961654663,2540544,4718592,0.034656696021556854
11,16,16,1,decode,fp8_e4m3,1024,1,1,2.062858740488688,0.11303199529647827,31744,589824,0.03509664535522461
11,16,16,1,decode,fp8_e4m3,1024,8,1,2.001866658528646,0.10515520572662354,246784,4718592,0.03509664535522461
11,16,16,1,decode,fp8_e4m3,1024,32,1,1.6886293093363445,0.11598880290985107,987136,18874368,0.03509664535522461
11,16,16,1,prefill,fp8_e4m3,1024,1,128,2.9600321451822915,,11076096,589824,0.0076119983568787575
11,16,16,1,prefill,fp8_e4m3,1024,1,1024,1.7129279772440593,,29361152,589824,0.0076119983568787575
11,16,16,1,decode,fp8_e4m3,8192,1,1,1.9854826927185059,0.11396640539169312,31744,4718592,0.03509664535522461
11,16,16,1,decode,fp8_e4m3,8192,8,1,1.7428159713745117,0.11791679859161378,246784,37748736,0.03509664535522461
11,16,16,1,decode,fp8_e4m3,8192,32,1,1.7193387349446614,0.1588047981262207,987136,150994944,0.03509664535522461
11,16,16,1,prefill,fp8_e4m3,8192,1,128,2.9697707494099936,,65438208,4718592,0.0076119983568787575
11,16,16,1,prefill,fp8_e4m3,8192,1,1024,2.543327967325846,,80209408,4718592,0.0076119983568787575
11,16,16,1,prefill,fp8_e4m3,8192,1,8192,1.6951573689778645,,215745536,4718592,0.0076119983568787575
11,16,16,1,decode,fp8_e4m3,32768,1,1,1.8886933326721191,0.12841759920120238,31744,18874368,0.03509664535522461
11,16,16,1,decode,fp8_e4m3,32768,8,1,1.9469332695007324,0.15683519840240479,246784,150994944,0.03509664535522461
11,16,16,1,decode,fp8_e4m3,32768,32,1,1.6482772827148438,0.2273711919784546,987136,603979776,0.03509664535522461
11,16,16,1,prefill,fp8_e4m3,32768,1,128,3.0135040283203125,,254820864,18874368,0.0076119983568787575
11,16,16,1,prefill,fp8_e4m3,32768,1,1024,2.9862400690714517,,268297728,18874368,0.0076119983568787575
11,16,16,1,prefill,fp8_e4m3,32768,1,8192,3.2005974451700845,,363529728,18874368,0.0076119983568787575
11,16,16,1,decode,fp8_e4m3,131072,1,1,1.991594632466634,0.15102880001068114,31744,75497472,0.03509664535522461
11,16,16,1,decode,fp8_e4m3,131072,8,1,2.015338738759359,0.22109758853912354,246784,603979776,0.03509664535522461
11,16,16,1,decode,fp8_e4m3,131072,32,1,1.719253381093343,0.4896560192108154,987136,2415919104,0.03509664535522461
11,16,16,1,prefill,fp8_e4m3,131072,1,128,4.0607039133707685,,1010139648,75497472,0.0076119983568787575
11,16,16,1,prefill,fp8_e4m3,131072,1,1024,4.470111846923828,,1021568512,75497472,0.0076119983568787575
11,16,16,1,prefill,fp8_e4m3,131072,1,8192,6.525514602661133,,1119553024,75497472,0.0076119983568787575
11,16,16,1,decode,fp8_e4m3,524288,1,1,2.0607786178588867,0.1903455972671509,31744,301989888,0.03509664535522461
11,16,16,1,decode,fp8_e4m3,524288,8,1,2.055797259012858,0.46750078201293943,246784,2415919104,0.03509664535522461
11,16,16,1,decode,fp8_e4m3,524288,32,1,2.11954132715861,1.541166400909424,987136,9663676416,0.03509664535522461
11,16,16,1,prefill,fp8_e4m3,524288,1,128,12.713695526123047,,1764125184,301989888,0.0076119983568787575
11,16,16,1,prefill,fp8_e4m3,524288,1,1024,14.33627700805664,,1776756224,301989888,0.0076119983568787575
11,16,16,1,prefill,fp8_e4m3,524288,1,8192,21.809046427408855,,1864697344,301989888,0.0076119983568787575
11,16,16,1,decode,fp8_e4m3,1048576,1,1,2.1139413515726724,0.24479999542236328,31744,603979776,0.03509664535522461
11,16,16,1,decode,fp8_e4m3,1048576,8,1,2.097856044769287,0.8033920288085937,246784,4831838208,0.03509664535522461
11,16,16,1,decode,fp8_e4m3,1048576,32,1,3.347637176513672,2.963352012634277,987136,19327352832,0.03509664535522461
11,16,16,1,prefill,fp8_e4m3,1048576,1,128,24.025962829589844,,2368104960,603979776,0.0076119983568787575
11,16,16,1,prefill,fp8_e4m3,1048576,1,1024,27.57384490966797,,2381260288,603979776,0.0076119983568787575
11,16,16,1,prefill,fp8_e4m3,1048576,1,8192,42.22523752848307,,2468677120,603979776,0.0076119983568787575
11,16,16,1,decode,bfloat16,1024,1,1,1.9986987113952637,0.10713440179824829,31744,1179648,0.006898726802319288
11,16,16,1,decode,bfloat16,1024,8,1,1.7183252970377605,0.10254240036010742,246784,9437184,0.006898726802319288
11,16,16,1,decode,bfloat16,1024,32,1,1.66701873143514,0.13451360464096068,987136,37748736,0.006898726802319288
11,16,16,1,prefill,bfloat16,1024,1,128,3.0837227503458657,,11272704,1179648,0.001956015592440963
11,16,16,1,prefill,bfloat16,1024,1,1024,1.738826592763265,,28967936,1179648,0.001956015592440963
11,16,16,1,decode,bfloat16,8192,1,1,2.029535929361979,0.11233600378036498,31744,9437184,0.006898726802319288
11,16,16,1,decode,bfloat16,8192,8,1,1.9258880615234375,0.14243520498275758,246784,75497472,0.006898726802319288
11,16,16,1,decode,bfloat16,8192,32,1,1.6473706563313801,0.1863487958908081,987136,301989888,0.006898726802319288
11,16,16,1,prefill,bfloat16,8192,1,128,3.065450668334961,,65438208,9437184,0.001956015592440963
11,16,16,1,prefill,bfloat16,8192,1,1024,2.977183977762858,,79554048,9437184,0.001956015592440963
11,16,16,1,prefill,bfloat16,8192,1,8192,1.815893332163493,,215745536,9437184,0.001956015592440963
11,16,16,1,decode,bfloat16,32768,1,1,1.9997119903564453,0.13771040439605714,31744,37748736,0.006898726802319288
11,16,16,1,decode,bfloat16,32768,8,1,1.9801920255025227,0.17961119413375853,246784,301989888,0.006898726802319288
11,16,16,1,decode,bfloat16,32768,32,1,1.6837013562520344,0.3398063898086548,987136,1207959552,0.006898726802319288
11,16,16,1,prefill,bfloat16,32768,1,128,3.178463935852051,,254820864,37748736,0.001956015592440963
11,16,16,1,prefill,bfloat16,32768,1,1024,3.0960960388183594,,268297728,37748736,0.001956015592440963
11,16,16,1,prefill,bfloat16,32768,1,8192,3.073205312093099,,363529728,37748736,0.001956015592440963
11,16,16,1,decode,bfloat16,131072,1,1,2.0282346407572427,0.16180000305175782,31744,150994944,0.006898726802319288
11,16,16,1,decode,bfloat16,131072,8,1,2.0198826789855957,0.3406559944152832,246784,1207959552,0.006898726802319288
11,16,16,1,decode,bfloat16,131072,32,1,1.5716373125712078,0.9497455596923828,987136,4831838208,0.006898726802319288
11,16,16,1,prefill,bfloat16,131072,1,128,3.619647979736328,,1010139648,150994944,0.001956015592440963
11,16,16,1,prefill,bfloat16,131072,1,1024,4.296618779500325,,1023272448,150994944,0.001956015592440963
11,16,16,1,prefill,bfloat16,131072,1,8192,6.300181070963542,,1119553024,150994944,0.001956015592440963
11,16,16,1,decode,bfloat16,524288,1,1,2.1060479482014975,0.249288010597229,31744,603979776,0.006898726802319288
11,16,16,1,decode,bfloat16,524288,8,1,2.1572799682617188,0.9076815605163574,246784,4831838208,0.006898726802319288
11,16,16,1,decode,bfloat16,524288,32,1,3.7090559005737305,3.401660919189453,987136,19327352832,0.006898726802319288
11,16,16,1,prefill,bfloat16,524288,1,128,12.080331166585287,,1764125184,603979776,0.001956015592440963
11,16,16,1,prefill,bfloat16,524288,1,1024,13.675103505452475,,1776756224,603979776,0.001956015592440963
11,16,16,1,prefill,bfloat16,524288,1,8192,21.149375915527344,,1864697344,603979776,0.001956015592440963
11,16,16,1,decode,bfloat16,1048576,1,1,1.82151460647583,0.3641711950302124,31744,1207959552,0.006898726802319288
11,16,16,1,decode,bfloat16,1048576,8,1,1.9545920689900715,1.6876928329467773,246784,9663676416,0.006898726802319288
11,16,16,1,decode,bfloat16,1048576,32,1,6.805248260498047,6.579062652587891,987136,38654705664,0.006898726802319288
11,16,16,1,prefill,bfloat16,1048576,1,128,22.6078618367513,,2368104960,1207959552,0.001956015592440963
11,16,16,1,prefill,bfloat16,1048576,1,1024,26.339711507161457,,2381260288,1207959552,0.001956015592440963
11,16,16,1,prefill,bfloat16,1048576,1,8192,40.72084299723307,,2468677120,1207959552,0.001956015592440963
11,16,8,2,decode,fp8_e4m3,1024,1,1,1.901418685913086,0.09254080057144165,44032,589824,0.03501495346426964
11,16,8,2,decode,fp8_e4m3,1024,8,1,1.7930026054382324,0.096806401014328,347136,4718592,0.03501495346426964
11,16,8,2,decode,fp8_e4m3,1024,32,1,1.4396373430887859,0.1093999981880188,1388544,18874368,0.03501495346426964
11,16,8,2,prefill,fp8_e4m3,1024,1,128,2.721311887105306,,18824704,589824,0.008806233294308186
11,16,8,2,prefill,fp8_e4m3,1024,1,1024,1.1655360062917073,,39846912,589824,0.008806233294308186
11,16,8,2,decode,fp8_e4m3,8192,1,1,1.8604480425516765,0.09694399833679199,44032,4718592,0.03501495346426964
11,16,8,2,decode,fp8_e4m3,8192,8,1,1.4692266782124836,0.1139407992362976,347136,37748736,0.03501495346426964
11,16,8,2,decode,fp8_e4m3,8192,32,1,1.0619413057963054,0.13436479568481446,1388544,150994944,0.03501495346426964
11,16,8,2,prefill,fp8_e4m3,8192,1,128,2.505290667215983,,113786368,4718592,0.008806233294308186
11,16,8,2,prefill,fp8_e4m3,8192,1,1024,2.036522706349691,,140494336,4718592,0.008806233294308186
11,16,8,2,prefill,fp8_e4m3,8192,1,8192,1.4802452723185222,,304612352,4718592,0.008806233294308186
11,16,8,2,decode,fp8_e4m3,32768,1,1,1.8656214078267415,0.11378560066223145,44032,18874368,0.03501495346426964
11,16,8,2,decode,fp8_e4m3,32768,8,1,1.4803733825683594,0.13279839754104614,347136,150994944,0.03501495346426964
11,16,8,2,decode,fp8_e4m3,32768,32,1,1.4224534034729004,0.20321280956268312,1388544,603979776,0.03501495346426964
11,16,8,2,prefill,fp8_e4m3,32768,1,128,2.322101275126139,,434945536,18874368,0.008806233294308186
11,16,8,2,prefill,fp8_e4m3,32768,1,1024,3.0176426569620767,,462407168,18874368,0.008806233294308186
11,16,8,2,prefill,fp8_e4m3,32768,1,8192,3.8456106185913086,,662046208,18874368,0.008806233294308186
11,16,8,2,decode,fp8_e4m3,131072,1,1,1.4262186686197917,0.12885119915008544,44032,75497472,0.03501495346426964
11,16,8,2,decode,fp8_e4m3,131072,8,1,1.4469440778096516,0.19917919635772705,347136,603979776,0.03501495346426964
11,16,8,2,decode,fp8_e4m3,131072,32,1,1.421610673268636,0.46287841796875,1388544,2415919104,0.03501495346426964
11,16,8,2,prefill,fp8_e4m3,131072,1,128,4.190261205037435,,1718402560,75497472,0.008806233294308186
11,16,8,2,prefill,fp8_e4m3,131072,1,1024,4.777834574381511,,1744815616,75497472,0.008806233294308186
11,16,8,2,prefill,fp8_e4m3,131072,1,8192,8.770485560099283,,1945503232,75497472,0.008806233294308186
11,16,8,2,decode,fp8_e4m3,524288,1,1,1.4482879638671875,0.16739840507507325,44032,301989888,0.03501495346426964
11,16,8,2,decode,fp8_e4m3,524288,8,1,1.473632017771403,0.44645280838012696,347136,2415919104,0.03501495346426964
11,16,8,2,decode,fp8_e4m3,524288,32,1,1.889952023824056,1.518507194519043,1388544,9663676416,0.03501495346426964
11,16,8,2,prefill,fp8_e4m3,524288,1,128,15.304426829020182,,2773388800,301989888,0.008806233294308186
11,16,8,2,prefill,fp8_e4m3,524288,1,1024,17.157557169596355,,2795128320,301989888,0.008806233294308186
11,16,8,2,prefill,fp8_e4m3,524288,1,8192,32.198262532552086,,2973369856,301989888,0.008806233294308186
11,16,8,2,decode,fp8_e4m3,1048576,1,1,2.0026772816975913,0.2224639892578125,44032,603979776,0.03501495346426964
11,16,8,2,decode,fp8_e4m3,1048576,8,1,1.9449920654296875,0.7786528110504151,347136,4831838208,0.03501495346426964
11,16,8,2,decode,fp8_e4m3,1048576,32,1,3.2736212412516275,2.9851423263549806,1388544,19327352832,0.03501495346426964
11,16,8,2,prefill,fp8_e4m3,1048576,1,128,29.47595723470052,,3377368576,603979776,0.008806233294308186
11,16,8,2,prefill,fp8_e4m3,1048576,1,1024,33.35581970214844,,3399501312,603979776,0.008806233294308186
11,16,8,2,prefill,fp8_e4m3,1048576,1,8192,63.37670389811198,,3577349632,603979776,0.008806233294308186
11,16,8,2,decode,bfloat16,1024,1,1,1.912511984507243,0.08937280178070069,43520,1179648,0.006444955710321665
11,16,8,2,decode,bfloat16,1024,8,1,1.9431467056274414,0.09475839734077454,345088,9437184,0.006444955710321665
11,16,8,2,decode,bfloat16,1024,32,1,1.4503572781880696,0.11114879846572875,1380352,37748736,0.006444955710321665
11,16,8,2,prefill,bfloat16,1024,1,128,2.7309014002482095,,18824704,1179648,0.0047883158549666405
11,16,8,2,prefill,bfloat16,1024,1,1024,1.5383680661519368,,39846912,1179648,0.0047883158549666405
11,16,8,2,decode,bfloat16,8192,1,1,2.0693653424580893,0.09497119784355164,43520,9437184,0.006444955710321665
11,16,8,2,decode,bfloat16,8192,8,1,2.105504035949707,0.11993759870529175,345088,75497472,0.006444955710321665
11,16,8,2,decode,bfloat16,8192,32,1,1.6212159792582195,0.16168479919433593,1380352,301989888,0.006444955710321665
11,16,8,2,prefill,bfloat16,8192,1,128,3.0083414713541665,,113786368,9437184,0.0047883158549666405
11,16,8,2,prefill,bfloat16,8192,1,1024,2.8506879806518555,,140494336,9437184,0.0047883158549666405
11,16,8,2,prefill,bfloat16,8192,1,8192,1.4581653277079265,,304612352,9437184,0.0047883158549666405
11,16,8,2,decode,bfloat16,32768,1,1,2.0228800773620605,0.11637760400772094,43520,37748736,0.006444955710321665
11,16,8,2,decode,bfloat16,32768,8,1,1.528469403584798,0.15712000131607057,345088,301989888,0.006444955710321665
11,16,8,2,decode,bfloat16,32768,32,1,1.531551996866862,0.31589279174804685,1380352,1207959552,0.006444955710321665
11,16,8,2,prefill,bfloat16,32768,1,128,3.0666561126708984,,434945536,37748736,0.0047883158549666405
11,16,8,2,prefill,bfloat16,32768,1,1024,2.224522590637207,,461882880,37748736,0.0047883158549666405
11,16,8,2,prefill,bfloat16,32768,1,8192,3.8394667307535806,,663094784,37748736,0.0047883158549666405
11,16,8,2,decode,bfloat16,131072,1,1,2.098303953806559,0.1378783941268921,43520,150994944,0.006444955710321665
11,16,8,2,decode,bfloat16,131072,8,1,1.8475093841552734,0.3201263904571533,345088,1207959552,0.006444955710321665
11,16,8,2,decode,bfloat16,131072,32,1,1.5277013778686523,0.9292976379394531,1380352,4831838208,0.006444955710321665
11,16,8,2,prefill,bfloat16,131072,1,128,4.507381439208984,,1718402560,150994944,0.0047883158549666405
11,16,8,2,prefill,bfloat16,131072,1,1024,4.869653383890788,,1745339904,150994944,0.0047883158549666405
11,16,8,2,prefill,bfloat16,131072,1,8192,8.83244768778483,,1945503232,150994944,0.0047883158549666405
11,16,8,2,decode,bfloat16,524288,1,1,1.422602653503418,0.22726879119873047,43520,603979776,0.006444955710321665
11,16,8,2,decode,bfloat16,524288,8,1,2.169642607371012,0.885647964477539,345088,4831838208,0.006444955710321665
11,16,8,2,decode,bfloat16,524288,32,1,3.622079849243164,3.380801773071289,1380352,19327352832,0.006444955710321665
11,16,8,2,prefill,bfloat16,524288,1,128,14.198005676269531,,2773388800,603979776,0.0047883158549666405
11,16,8,2,prefill,bfloat16,524288,1,1024,16.502858479817707,,2795521536,603979776,0.0047883158549666405
11,16,8,2,prefill,bfloat16,524288,1,8192,31.61907196044922,,2973369856,603979776,0.0047883158549666405
11,16,8,2,decode,bfloat16,1048576,1,1,2.175818602244059,0.34430561065673826,43520,1207959552,0.006444955710321665
11,16,8,2,decode,bfloat16,1048576,8,1,2.482912063598633,1.6613712310791016,345088,9663676416,0.006444955710321665
11,16,8,2,decode,bfloat16,1048576,32,1,6.949429194132487,6.587423706054688,1380352,38654705664,0.006444955710321665
11,16,8,2,prefill,bfloat16,1048576,1,128,27.98786163330078,,3377368576,1207959552,0.0047883158549666405
11,16,8,2,prefill,bfloat16,1048576,1,1024,31.809397379557293,,3399501312,1207959552,0.0047883158549666405
11,16,8,2,prefill,bfloat16,1048576,1,8192,62.087422688802086,,3577349632,1207959552,0.0047883158549666405
11,16,4,4,decode,fp8_e4m3,1024,1,1,1.4297280311584473,0.10520800352096557,107520,589824,0.03481585159897804
11,16,4,4,decode,fp8_e4m3,1024,8,1,1.5078506469726562,0.10878880023956299,849920,4718592,0.03481585159897804
11,16,4,4,decode,fp8_e4m3,1024,32,1,1.3921173413594563,0.11518880128860473,3399680,18874368,0.03481585159897804
11,16,4,4,prefill,fp8_e4m3,1024,1,128,2.4060266812642417,,35698176,589824,0.008163205347955227
11,16,4,4,prefill,fp8_e4m3,1024,1,1024,1.3582933743794758,,63570944,589824,0.008163205347955227
11,16,4,4,decode,fp8_e4m3,8192,1,1,1.5142614046732585,0.11033120155334472,107520,4718592,0.03481585159897804
11,16,4,4,decode,fp8_e4m3,8192,8,1,1.5506134033203125,0.11838079690933227,849920,37748736,0.03481585159897804
11,16,4,4,decode,fp8_e4m3,8192,32,1,1.0591359933217366,0.14777920246124268,3399680,150994944,0.03481585159897804
11,16,4,4,prefill,fp8_e4m3,8192,1,128,2.579029401143392,,206616064,4718592,0.008163205347955227
11,16,4,4,prefill,fp8_e4m3,8192,1,1024,2.5194026629130044,,258573824,4718592,0.008163205347955227
11,16,4,4,prefill,fp8_e4m3,8192,1,8192,1.943552017211914,,482870272,4718592,0.008163205347955227
11,16,4,4,decode,fp8_e4m3,32768,1,1,1.4964906374613445,0.11662559509277344,107520,18874368,0.03481585159897804
11,16,4,4,decode,fp8_e4m3,32768,8,1,1.482752005259196,0.14503040313720703,849920,150994944,0.03481585159897804
11,16,4,4,decode,fp8_e4m3,32768,32,1,1.1258986790974934,0.25395200252532957,3399680,603979776,0.03481585159897804
11,16,4,4,prefill,fp8_e4m3,32768,1,128,3.1451733907063804,,793441792,18874368,0.008163205347955227
11,16,4,4,prefill,fp8_e4m3,32768,1,1024,3.1857385635375977,,843941376,18874368,0.008163205347955227
11,16,4,4,prefill,fp8_e4m3,32768,1,8192,5.371818542480469,,1257113088,18874368,0.008163205347955227
11,16,4,4,decode,fp8_e4m3,131072,1,1,1.153055985768636,0.13394399881362914,107520,75497472,0.03481585159897804
11,16,4,4,decode,fp8_e4m3,131072,8,1,1.6399146715799968,0.24006400108337403,849920,603979776,0.03481585159897804
11,16,4,4,decode,fp8_e4m3,131072,32,1,1.1381973425547283,0.668998384475708,3399680,2415919104,0.03481585159897804
11,16,4,4,prefill,fp8_e4m3,131072,1,128,5.868266423543294,,3134010880,75497472,0.008163205347955227
11,16,4,4,prefill,fp8_e4m3,131072,1,1024,6.341962814331055,,3183969792,75497472,0.008163205347955227
11,16,4,4,prefill,fp8_e4m3,131072,1,8192,16.20520528157552,,3597534720,75497472,0.008163205347955227
11,16,4,4,decode,fp8_e4m3,524288,1,1,1.739317258199056,0.20266880989074706,107520,301989888,0.03481585159897804
11,16,4,4,decode,fp8_e4m3,524288,8,1,1.2600213686625164,0.6194287776947022,849920,2415919104,0.03481585159897804
11,16,4,4,decode,fp8_e4m3,524288,32,1,2.5710934003194175,2.432244873046875,3399680,9663676416,0.03481585159897804
11,16,4,4,prefill,fp8_e4m3,524288,1,128,20.86390431722005,,4791129600,301989888,0.008163205347955227
11,16,4,4,prefill,fp8_e4m3,524288,1,1024,22.83385721842448,,4835411456,301989888,0.008163205347955227
11,16,4,4,prefill,fp8_e4m3,524288,1,8192,61.90543111165365,,5191239168,301989888,0.008163205347955227
11,16,4,4,decode,fp8_e4m3,1048576,1,1,1.1427093346913655,0.291596794128418,107520,603979776,0.03481585159897804
11,16,4,4,decode,fp8_e4m3,1048576,8,1,1.3908905982971191,1.1412927627563476,849920,4831838208,0.03481585159897804
11,16,4,4,decode,fp8_e4m3,1048576,32,1,4.78165340423584,4.776705551147461,3399680,19327352832,0.03481585159897804
11,16,4,4,prefill,fp8_e4m3,1048576,1,128,39.49575551350912,,5395109376,603979776,0.008163205347955227
11,16,4,4,prefill,fp8_e4m3,1048576,1,1024,44.369110107421875,,5439391232,603979776,0.008163205347955227
11,16,4,4,prefill,fp8_e4m3,1048576,1,8192,124.29250081380208,,5795218944,603979776,0.008163205347955227
11,16,4,4,decode,bfloat16,1024,1,1,1.659562587738037,0.1035040020942688,112128,1179648,0.005524782929569483
11,16,4,4,decode,bfloat16,1024,8,1,1.1073280175526936,0.10538239479064941,886784,9437184,0.005524782929569483
11,16,4,4,decode,bfloat16,1024,32,1,0.9921066761016846,0.11816799640655518,3547136,37748736,0.005524782929569483
11,16,4,4,prefill,bfloat16,1024,1,128,1.8562560081481934,,36746752,1179648,0.003520854515954852
11,16,4,4,prefill,bfloat16,1024,1,1024,1.0259839693705242,,63833088,1179648,0.003520854515954852
11,16,4,4,decode,bfloat16,8192,1,1,1.6898667017618816,0.10773439407348633,112128,9437184,0.005524782929569483
11,16,4,4,decode,bfloat16,8192,8,1,1.253450632095337,0.12373600006103516,886784,75497472,0.005524782929569483
11,16,4,4,decode,bfloat16,8192,32,1,1.0225173632303874,0.1866320013999939,3547136,301989888,0.005524782929569483
11,16,4,4,prefill,bfloat16,8192,1,128,2.976703961690267,,207402496,9437184,0.003520854515954852
11,16,4,4,prefill,bfloat16,8192,1,1024,1.91484800974528,,258442752,9437184,0.003520854515954852
11,16,4,4,prefill,bfloat16,8192,1,8192,1.9002240498860676,,482739200,9437184,0.003520854515954852
11,16,4,4,decode,bfloat16,32768,1,1,1.1240746974945068,0.1191167950630188,112128,37748736,0.005524782929569483
11,16,4,4,decode,bfloat16,32768,8,1,1.7405227025349934,0.18127360343933105,886784,301989888,0.005524782929569483
11,16,4,4,decode,bfloat16,32768,32,1,1.6381972630818684,0.4131135940551758,3547136,1207959552,0.005524782929569483
11,16,4,4,prefill,bfloat16,32768,1,128,2.4705492655436196,,793982464,37748736,0.003520854515954852
11,16,4,4,prefill,bfloat16,32768,1,1024,3.4205331802368164,,843548160,37748736,0.003520854515954852
11,16,4,4,prefill,bfloat16,32768,1,8192,5.3056640625,,1257113088,37748736,0.003520854515954852
11,16,4,4,decode,bfloat16,131072,1,1,1.7259093920389812,0.15532319545745848,112128,150994944,0.005524782929569483
11,16,4,4,decode,bfloat16,131072,8,1,1.1195306777954102,0.3859231948852539,886784,1207959552,0.005524782929569483
11,16,4,4,decode,bfloat16,131072,32,1,1.5504426956176758,1.3307087898254395,3547136,4831838208,0.005524782929569483
11,16,4,4,prefill,bfloat16,131072,1,128,5.368917465209961,,3134010880,150994944,0.003520854515954852
11,16,4,4,prefill,bfloat16,131072,1,1024,5.944138844807942,,3183838720,150994944,0.003520854515954852
11,16,4,4,prefill,bfloat16,131072,1,8192,16.262964884440105,,3597927936,150994944,0.003520854515954852
11,16,4,4,decode,bfloat16,524288,1,1,1.714080015818278,0.3026511907577515,112128,603979776,0.005524782929569483
11,16,4,4,decode,bfloat16,524288,8,1,1.490517298380534,1.2268927574157715,886784,4831838208,0.005524782929569483
11,16,4,4,decode,bfloat16,524288,32,1,5.219061215718587,5.038147354125977,3547136,19327352832,0.005524782929569483
11,16,4,4,prefill,bfloat16,524288,1,128,20.094890594482422,,4791129600,603979776,0.003520854515954852
11,16,4,4,prefill,bfloat16,524288,1,1024,21.52625020345052,,4835280384,603979776,0.003520854515954852
11,16,4,4,prefill,bfloat16,524288,1,8192,61.78666687011719,,5191239168,603979776,0.003520854515954852
11,16,4,4,decode,bfloat16,1048576,1,1,1.739807923634847,0.49660320281982423,112128,1207959552,0.005524782929569483
11,16,4,4,decode,bfloat16,1048576,8,1,2.7331412633260093,2.3648752212524413,886784,9663676416,0.005524782929569483
11,16,4,4,decode,bfloat16,1048576,32,1,10.187413533528646,10.044583892822265,3547136,38654705664,0.005524782929569483
11,16,4,4,prefill,bfloat16,1048576,1,128,39.22328440348307,,5395109376,1207959552,0.003520854515954852
11,16,4,4,prefill,bfloat16,1048576,1,1024,43.26689147949219,,5439260160,1207959552,0.003520854515954852
11,16,4,4,prefill,bfloat16,1048576,1,8192,124.9629414876302,,5795218944,1207959552,0.003520854515954852
11,16,2,8,decode,fp8_e4m3,1024,1,1,1.3351467450459797,0.10539519786834717,161280,589824,0.03470971807837486
11,16,2,8,decode,fp8_e4m3,1024,8,1,1.2191680272420247,0.1089792013168335,1287168,4718592,0.03470971807837486
11,16,2,8,decode,fp8_e4m3,1024,32,1,1.2330773671468098,0.12216800451278687,6000640,18874368,0.03470971807837486
11,16,2,8,prefill,fp8_e4m3,1024,1,128,1.8775466283162434,,70624768,589824,0.0075984555296599865
11,16,2,8,prefill,fp8_e4m3,1024,1,1024,1.0936533610026042,,110232576,589824,0.0075984555296599865
11,16,2,8,decode,fp8_e4m3,8192,1,1,1.2846613725026448,0.11008800268173217,161280,4718592,0.03470971807837486
11,16,2,8,decode,fp8_e4m3,8192,8,1,1.3214933077494304,0.11976319551467896,1287168,37748736,0.03470971807837486
11,16,2,8,decode,fp8_e4m3,8192,32,1,1.1201386451721191,0.14643679857254027,6000640,150994944,0.03470971807837486
11,16,2,8,prefill,fp8_e4m3,8192,1,128,2.138794740041097,,393676288,4718592,0.0075984555296599865
11,16,2,8,prefill,fp8_e4m3,8192,1,1024,2.0985172589619956,,496961024,4718592,0.0075984555296599865
11,16,2,8,prefill,fp8_e4m3,8192,1,8192,2.8558934529622397,,837813248,4718592,0.0075984555296599865
11,16,2,8,decode,fp8_e4m3,32768,1,1,1.2664960225423176,0.11872639656066894,161280,18874368,0.03470971807837486
11,16,2,8,decode,fp8_e4m3,32768,8,1,1.2269866466522217,0.1379871964454651,1287168,150994944,0.03470971807837486
11,16,2,8,decode,fp8_e4m3,32768,32,1,1.122879981994629,0.23554561138153077,6000640,603979776,0.03470971807837486
11,16,2,8,prefill,fp8_e4m3,32768,1,128,3.216362635294596,,1507075584,18874368,0.0075984555296599865
11,16,2,8,prefill,fp8_e4m3,32768,1,1024,3.6454718907674155,,1610417664,18874368,0.0075984555296599865
11,16,2,8,prefill,fp8_e4m3,32768,1,8192,9.143871943155924,,2448557568,18874368,0.0075984555296599865
11,16,2,8,decode,fp8_e4m3,131072,1,1,1.2550826867421467,0.13633919954299928,161280,75497472,0.03470971807837486
11,16,2,8,decode,fp8_e4m3,131072,8,1,1.2743466695149739,0.22054719924926758,1287168,603979776,0.03470971807837486
11,16,2,8,decode,fp8_e4m3,131072,32,1,1.1423892974853516,0.566487979888916,6000640,2415919104,0.03470971807837486
11,16,2,8,prefill,fp8_e4m3,131072,1,128,8.385834376017252,,5962081792,75497472,0.0075984555296599865
11,16,2,8,prefill,fp8_e4m3,131072,1,1024,10.964864095052084,,6064768512,75497472,0.0075984555296599865
11,16,2,8,prefill,fp8_e4m3,131072,1,8192,29.104085286458332,,6902777344,75497472,0.0075984555296599865
11,16,2,8,decode,fp8_e4m3,524288,1,1,1.258069356282552,0.1925663948059082,161280,301989888,0.03470971807837486
11,16,2,8,decode,fp8_e4m3,524288,8,1,1.2594133218129475,0.5235904216766357,1287168,2415919104,0.03470971807837486
11,16,2,8,decode,fp8_e4m3,524288,32,1,2.120149294535319,2.060980796813965,6000640,9663676416,0.03470971807837486
11,16,2,8,prefill,fp8_e4m3,524288,1,128,31.53155263264974,,8828315136,301989888,0.0075984555296599865
11,16,2,8,prefill,fp8_e4m3,524288,1,1024,41.63630930582682,,8915584512,301989888,0.0075984555296599865
11,16,2,8,prefill,fp8_e4m3,524288,1,8192,119.04378255208333,,9626584576,301989888,0.0075984555296599865
11,16,2,8,decode,fp8_e4m3,1048576,1,1,1.3022186756134033,0.26939361095428466,161280,603979776,0.03470971807837486
11,16,2,8,decode,fp8_e4m3,1048576,8,1,1.3792959849039714,0.9682239532470703,1287168,4831838208,0.03470971807837486
11,16,2,8,decode,fp8_e4m3,1048576,32,1,3.891178766886393,4.251283264160156,5148672,19327352832,0.03470971807837486
11,16,2,8,prefill,fp8_e4m3,1048576,1,128,62.29130554199219,,9431377408,603979776,0.0075984555296599865
11,16,2,8,prefill,fp8_e4m3,1048576,1,1024,82.31185913085938,,9519564288,603979776,0.0075984555296599865
11,16,2,8,prefill,fp8_e4m3,1048576,1,8192,242.4872843424479,,10229515776,603979776,0.0075984555296599865
11,16,2,8,decode,bfloat16,1024,1,1,1.1711573600769043,0.1026352047920227,139776,1179648,0.004783360753208399
11,16,2,8,decode,bfloat16,1024,8,1,1.2274773120880127,0.10708479881286621,1115136,9437184,0.004783360753208399
11,16,2,8,decode,bfloat16,1024,32,1,1.0666133562723796,0.12553280591964722,5312512,37748736,0.004783360753208399
11,16,2,8,prefill,bfloat16,1024,1,128,1.7402027448018391,,69576192,1179648,0.001843483536504209
11,16,2,8,prefill,bfloat16,1024,1,1024,0.9984532992045084,,110494720,1179648,0.001843483536504209
11,16,2,8,decode,bfloat16,8192,1,1,1.2349759737650554,0.10862560272216797,139776,9437184,0.004783360753208399
11,16,2,8,decode,bfloat16,8192,8,1,1.1795626481374104,0.12145919799804687,1115136,75497472,0.004783360753208399
11,16,2,8,decode,bfloat16,8192,32,1,1.0672533512115479,0.16816320419311523,5312512,301989888,0.004783360753208399
11,16,2,8,prefill,bfloat16,8192,1,128,2.0131093660990396,,393733632,9437184,0.001843483536504209
11,16,2,8,prefill,bfloat16,8192,1,1024,2.0487573941548667,,496961024,9437184,0.001843483536504209
11,16,2,8,prefill,bfloat16,8192,1,8192,2.7967039744059243,,838206464,9437184,0.001843483536504209
11,16,2,8,decode,bfloat16,32768,1,1,1.2031893730163574,0.12247359752655029,139776,37748736,0.004783360753208399
11,16,2,8,decode,bfloat16,32768,8,1,1.1916266282399495,0.15782879590988158,1115136,301989888,0.004783360753208399
11,16,2,8,decode,bfloat16,32768,32,1,1.0453440348307292,0.322542405128479,5312512,1207959552,0.004783360753208399
11,16,2,8,prefill,bfloat16,32768,1,128,3.1490348180135093,,1507730944,37748736,0.001843483536504209
11,16,2,8,prefill,bfloat16,32768,1,1024,3.610698699951172,,1610417664,37748736,0.001843483536504209
11,16,2,8,prefill,bfloat16,32768,1,8192,9.16098149617513,,2449475072,37748736,0.001843483536504209
11,16,2,8,decode,bfloat16,131072,1,1,1.2184213002522786,0.14265120029449463,139776,150994944,0.004783360753208399
11,16,2,8,decode,bfloat16,131072,8,1,1.2081920305887859,0.3296591997146606,1115136,1207959552,0.004783360753208399
11,16,2,8,decode,bfloat16,131072,32,1,1.2232106526692708,0.9513872146606446,5312512,4831838208,0.004783360753208399
11,16,2,8,prefill,bfloat16,131072,1,128,8.234015782674154,,5962081792,150994944,0.001843483536504209
11,16,2,8,prefill,bfloat16,131072,1,1024,10.838976542154947,,6064768512,150994944,0.001843483536504209
11,16,2,8,prefill,bfloat16,131072,1,8192,29.870262145996094,,6902777344,150994944,0.001843483536504209
11,16,2,8,decode,bfloat16,524288,1,1,1.227679967880249,0.24063360691070557,139776,603979776,0.004783360753208399
11,16,2,8,decode,bfloat16,524288,8,1,1.304479996363322,0.9172032356262207,1115136,4831838208,0.004783360753208399
11,16,2,8,decode,bfloat16,524288,32,1,3.7257280349731445,3.767311859130859,5312512,19327352832,0.004783360753208399
11,16,2,8,prefill,bfloat16,524288,1,128,30.891103108723957,,8828315136,603979776,0.001843483536504209
11,16,2,8,prefill,bfloat16,524288,1,1024,40.99923197428385,,8915584512,603979776,0.001843483536504209
11,16,2,8,prefill,bfloat16,524288,1,8192,124.83772786458333,,9626584576,603979776,0.001843483536504209
11,16,2,8,decode,bfloat16,1048576,1,1,1.2356266975402832,0.37223200798034667,139776,1207959552,0.004783360753208399
11,16,2,8,decode,bfloat16,1048576,8,1,1.953663984934489,1.7816783905029296,1115136,9663676416,0.004783360753208399
11,16,2,8,decode,bfloat16,1048576,32,1,7.198272069295247,7.920846557617187,4460544,38654705664,0.004783360753208399
11,16,2,8,prefill,bfloat16,1048576,1,128,61.06053161621094,,9431377408,1207959552,0.001843483536504209
11,16,2,8,prefill,bfloat16,1048576,1,1024,81.2983907063802,,9519564288,1207959552,0.001843483536504209
11,16,2,8,prefill,bfloat16,1048576,1,8192,253.35465494791666,,10230564352,1207959552,0.001843483536504209
11,16,1,16,decode,fp8_e4m3,1024,1,1,0.9852800369262695,0.1281551957130432,317952,589824,0.034656696021556854
11,16,1,16,decode,fp8_e4m3,1024,8,1,0.9365973472595215,0.131331205368042,2540544,4718592,0.034656696021556854
12,16,16,1,decode,fp8_e4m3,1024,1,1,2.0592640240987143,0.11263680458068848,31744,589824,0.03509664535522461
12,16,16,1,decode,fp8_e4m3,1024,8,1,1.995423952738444,0.10479999780654907,246784,4718592,0.03509664535522461
12,16,16,1,decode,fp8_e4m3,1024,32,1,1.6649279594421387,0.11524319648742676,987136,18874368,0.03509664535522461
12,16,16,1,prefill,fp8_e4m3,1024,1,128,2.954965273539225,,11076096,589824,0.0076119983568787575
12,16,16,1,prefill,fp8_e4m3,1024,1,1024,1.7074027061462402,,29361152,589824,0.0076119983568787575
12,16,16,1,decode,fp8_e4m3,8192,1,1,1.980181376139323,0.11352319717407226,31744,4718592,0.03509664535522461
12,16,16,1,decode,fp8_e4m3,8192,8,1,1.7383893330891926,0.11766879558563233,246784,37748736,0.03509664535522461
12,16,16,1,decode,fp8_e4m3,8192,32,1,1.7123626073201497,0.15888479948043824,987136,150994944,0.03509664535522461
12,16,16,1,prefill,fp8_e4m3,8192,1,128,2.9653120040893555,,65438208,4718592,0.0076119983568787575
12,16,16,1,prefill,fp8_e4m3,8192,1,1024,2.5408639907836914,,80209408,4718592,0.0076119983568787575
12,16,16,1,prefill,fp8_e4m3,8192,1,8192,1.693493366241455,,215745536,4718592,0.0076119983568787575
12,16,16,1,decode,fp8_e4m3,32768,1,1,1.8865280151367188,0.12781440019607543,31744,18874368,0.03509664535522461
12,16,16,1,decode,fp8_e4m3,32768,8,1,1.9437227249145508,0.15654560327529907,246784,150994944,0.03509664535522461
12,16,16,1,decode,fp8_e4m3,32768,32,1,1.6434133847554524,0.22705280780792236,987136,603979776,0.03509664535522461
12,16,16,1,prefill,fp8_e4m3,32768,1,128,3.010314623514811,,254820864,18874368,0.0076119983568787575
12,16,16,1,prefill,fp8_e4m3,32768,1,1024,2.9818026224772134,,268297728,18874368,0.0076119983568787575
12,16,16,1,prefill,fp8_e4m3,32768,1,8192,3.198997179667155,,363529728,18874368,0.0076119983568787575
12,16,16,1,decode,fp8_e4m3,131072,1,1,1.9883626302083333,0.1507423996925354,31744,75497472,0.03509664535522461
12,16,16,1,decode,fp8_e4m3,131072,8,1,2.0135679244995117,0.22065279483795167,246784,603979776,0.03509664535522461
12,16,16,1,decode,fp8_e4m3,131072,32,1,1.7173120180765789,0.4895455837249756,987136,2415919104,0.03509664535522461
12,16,16,1,prefill,fp8_e4m3,131072,1,128,4.05947748819987,,1010139648,75497472,0.0076119983568787575
12,16,16,1,prefill,fp8_e4m3,131072,1,1024,4.468960126241048,,1021568512,75497472,0.0076119983568787575
12,16,16,1,prefill,fp8_e4m3,131072,1,8192,6.5244903564453125,,1119553024,75497472,0.0076119983568787575
12,16,16,1,decode,fp8_e4m3,524288,1,1,2.0603200594584146,0.19014079570770265,31744,301989888,0.03509664535522461
12,16,16,1,decode,fp8_e4m3,524288,8,1,2.054101308186849,0.4672688007354736,246784,2415919104,0.03509664535522461
12,16,16,1,decode,fp8_e4m3,524288,32,1,2.1181012789408364,1.540783977508545,987136,9663676416,0.03509664535522461
12,16,16,1,prefill,fp8_e4m3,524288,1,128,12.712085723876953,,1764125184,301989888,0.0076119983568787575
12,16,16,1,prefill,fp8_e4m3,524288,1,1024,14.330655415852865,,1776756224,301989888,0.0076119983568787575
12,16,16,1,prefill,fp8_e4m3,524288,1,8192,21.808725992838543,,1864697344,301989888,0.0076119983568787575
12,16,16,1,decode,fp8_e4m3,1048576,1,1,2.1119467417399087,0.2446063995361328,31744,603979776,0.03509664535522461
12,16,16,1,decode,fp8_e4m3,1048576,8,1,2.0960426330566406,0.8026080131530762,246784,4831838208,0.03509664535522461
12,16,16,1,decode,fp8_e4m3,1048576,32,1,3.344671885172526,2.9629039764404297,987136,19327352832,0.03509664535522461
12,16,16,1,prefill,fp8_e4m3,1048576,1,128,24.02447001139323,,2368104960,603979776,0.0076119983568787575
12,16,16,1,prefill,fp8_e4m3,1048576,1,1024,27.571060180664062,,2381260288,603979776,0.0076119983568787575
12,16,16,1,prefill,fp8_e4m3,1048576,1,8192,42.22283681233724,,2468677120,603979776,0.0076119983568787575
12,16,16,1,decode,bfloat16,1024,1,1,1.9962879816691081,0.10693119764328003,31744,1179648,0.006898726802319288
12,16,16,1,decode,bfloat16,1024,8,1,1.7248106002807617,0.10220799446105958,246784,9437184,0.006898726802319288
12,16,16,1,decode,bfloat16,1024,32,1,1.6505813598632812,0.13413599729537964,987136,37748736,0.006898726802319288
12,16,16,1,prefill,bfloat16,1024,1,128,3.082943916320801,,11272704,1179648,0.001956015592440963
12,16,16,1,prefill,bfloat16,1024,1,1024,1.7380266189575195,,28967936,1179648,0.001956015592440963
12,16,16,1,decode,bfloat16,8192,1,1,2.027893384297689,0.11231679916381836,31744,9437184,0.006898726802319288
12,16,16,1,decode,bfloat16,8192,8,1,1.9238613446553547,0.14224319458007811,246784,75497472,0.006898726802319288
12,16,16,1,decode,bfloat16,8192,32,1,1.6420267422993977,0.1860144019126892,987136,301989888,0.006898726802319288
12,16,16,1,prefill,bfloat16,8192,1,128,3.0482559204101562,,65438208,9437184,0.001956015592440963
12,16,16,1,prefill,bfloat16,8192,1,1024,2.97379207611084,,79554048,9437184,0.001956015592440963
12,16,16,1,prefill,bfloat16,8192,1,8192,1.8147199948628743,,215745536,9437184,0.001956015592440963
12,16,16,1,decode,bfloat16,32768,1,1,1.9992213249206543,0.13662879467010497,31744,37748736,0.006898726802319288
12,16,16,1,decode,bfloat16,32768,8,1,1.977567990620931,0.1795151948928833,246784,301989888,0.006898726802319288
12,16,16,1,decode,bfloat16,32768,32,1,1.6735572814941406,0.33973920345306396,987136,1207959552,0.006898726802319288
12,16,16,1,prefill,bfloat16,32768,1,128,3.177130699157715,,254820864,37748736,0.001956015592440963
12,16,16,1,prefill,bfloat16,32768,1,1024,3.0858561197916665,,268297728,37748736,0.001956015592440963
12,16,16,1,prefill,bfloat16,32768,1,8192,3.072789192199707,,363529728,37748736,0.001956015592440963
12,16,16,1,decode,bfloat16,131072,1,1,2.022047996520996,0.16158080101013184,31744,150994944,0.006898726802319288
12,16,16,1,decode,bfloat16,131072,8,1,2.0191466013590493,0.3405440092086792,246784,1207959552,0.006898726802319288
12,16,16,1,decode,bfloat16,131072,32,1,1.5705599784851074,0.9493887901306153,987136,4831838208,0.006898726802319288
12,16,16,1,prefill,bfloat16,131072,1,128,3.614154815673828,,1010139648,150994944,0.001956015592440963
12,16,16,1,prefill,bfloat16,131072,1,1024,4.289696057637532,,1023272448,150994944,0.001956015592440963
12,16,16,1,prefill,bfloat16,131072,1,8192,6.288501103719075,,1119553024,150994944,0.001956015592440963
12,16,16,1,decode,bfloat16,524288,1,1,2.100170612335205,0.24918079376220703,31744,603979776,0.006898726802319288
12,16,16,1,decode,bfloat16,524288,8,1,2.1500906944274902,0.9073904037475586,246784,4831838208,0.006898726802319288
12,16,16,1,decode,bfloat16,524288,32,1,3.703551928202311,3.40081901550293,987136,19327352832,0.006898726802319288
12,16,16,1,prefill,bfloat16,524288,1,128,12.074698130289713,,1764125184,603979776,0.001956015592440963
12,16,16,1,prefill,bfloat16,524288,1,1024,13.667594909667969,,1776756224,603979776,0.001956015592440963
12,16,16,1,prefill,bfloat16,524288,1,8192,21.141695658365887,,1864697344,603979776,0.001956015592440963
12,16,16,1,decode,bfloat16,1048576,1,1,1.8175679842631023,0.36406080722808837,31744,1207959552,0.006898726802319288
12,16,16,1,decode,bfloat16,1048576,8,1,1.953887939453125,1.6873504638671875,246784,9663676416,0.006898726802319288
12,16,16,1,decode,bfloat16,1048576,32,1,6.803765614827474,6.5788818359375,987136,38654705664,0.006898726802319288
12,16,16,1,prefill,bfloat16,1048576,1,128,22.608139038085938,,2368104960,1207959552,0.001956015592440963
12,16,16,1,prefill,bfloat16,1048576,1,1024,26.33336639404297,,2381260288,1207959552,0.001956015592440963
12,16,16,1,prefill,bfloat16,1048576,1,8192,40.71708679199219,,2468677120,1207959552,0.001956015592440963
12,16,8,2,decode,fp8_e4m3,1024,1,1,1.898848056793213,0.09230080246925354,44032,589824,0.03501495346426964
12,16,8,2,decode,fp8_e4m3,1024,8,1,1.7932373682657878,0.09667360186576843,347136,4718592,0.03501495346426964
12,16,8,2,decode,fp8_e4m3,1024,32,1,1.4372800191243489,0.10903680324554443,1388544,18874368,0.03501495346426964
12,16,8,2,prefill,fp8_e4m3,1024,1,128,2.7180585861206055,,18824704,589824,0.008806233294308186
12,16,8,2,prefill,fp8_e4m3,1024,1,1024,1.1654079755147297,,39846912,589824,0.008806233294308186
12,16,8,2,decode,fp8_e4m3,8192,1,1,1.8564160664876301,0.09710080027580262,44032,4718592,0.03501495346426964
12,16,8,2,decode,fp8_e4m3,8192,8,1,1.4687573115030925,0.11375360488891602,347136,37748736,0.03501495346426964
12,16,8,2,decode,fp8_e4m3,8192,32,1,1.054848035176595,0.13424960374832154,1388544,150994944,0.03501495346426964
12,16,8,2,prefill,fp8_e4m3,8192,1,128,2.505557378133138,,113786368,4718592,0.008806233294308186
12,16,8,2,prefill,fp8_e4m3,8192,1,1024,2.035615921020508,,140494336,4718592,0.008806233294308186
12,16,8,2,prefill,fp8_e4m3,8192,1,8192,1.4800000190734863,,304612352,4718592,0.008806233294308186
12,16,8,2,decode,fp8_e4m3,32768,1,1,1.8641066551208496,0.1137120008468628,44032,18874368,0.03501495346426964
12,16,8,2,decode,fp8_e4m3,32768,8,1,1.4799359639485676,0.13257600069046022,347136,150994944,0.03501495346426964
12,16,8,2,decode,fp8_e4m3,32768,32,1,1.4216426213582356,0.20247359275817872,1388544,603979776,0.03501495346426964
12,16,8,2,prefill,fp8_e4m3,32768,1,128,2.3207252820332847,,434945536,18874368,0.008806233294308186
12,16,8,2,prefill,fp8_e4m3,32768,1,1024,3.0167465209960938,,462407168,18874368,0.008806233294308186
12,16,8,2,prefill,fp8_e4m3,32768,1,8192,3.841322580973307,,662046208,18874368,0.008806233294308186
12,16,8,2,decode,fp8_e4m3,131072,1,1,1.4262827237447102,0.12867200374603271,44032,75497472,0.03501495346426964
12,16,8,2,decode,fp8_e4m3,131072,8,1,1.443189303080241,0.1987071990966797,347136,603979776,0.03501495346426964
12,16,8,2,decode,fp8_e4m3,131072,32,1,1.4141759872436523,0.4629072189331055,1388544,2415919104,0.03501495346426964
12,16,8,2,prefill,fp8_e4m3,131072,1,128,4.189087867736816,,1718402560,75497472,0.008806233294308186
12,16,8,2,prefill,fp8_e4m3,131072,1,1024,4.778858820597331,,1744815616,75497472,0.008806233294308186
12,16,8,2,prefill,fp8_e4m3,131072,1,8192,8.76904551188151,,1945503232,75497472,0.008806233294308186
12,16,8,2,decode,fp8_e4m3,524288,1,1,1.4468372662862141,0.16727999448776246,44032,301989888,0.03501495346426964
12,16,8,2,decode,fp8_e4m3,524288,8,1,1.473493258158366,0.44601922035217284,347136,2415919104,0.03501495346426964
12,16,8,2,decode,fp8_e4m3,524288,32,1,1.8834986686706543,1.5184783935546875,1388544,9663676416,0.03501495346426964
12,16,8,2,prefill,fp8_e4m3,524288,1,128,15.30251693725586,,2773388800,301989888,0.008806233294308186
12,16,8,2,prefill,fp8_e4m3,524288,1,1024,17.150496164957683,,2795128320,301989888,0.008806233294308186
12,16,8,2,prefill,fp8_e4m3,524288,1,8192,32.19611612955729,,2973369856,301989888,0.008806233294308186
12,16,8,2,decode,fp8_e4m3,1048576,1,1,2.001034736633301,0.2219264030456543,44032,603979776,0.03501495346426964
12,16,8,2,decode,fp8_e4m3,1048576,8,1,1.944661299387614,0.7785295963287353,347136,4831838208,0.03501495346426964
12,16,8,2,decode,fp8_e4m3,1048576,32,1,3.271498680114746,2.984833526611328,1388544,19327352832,0.03501495346426964
12,16,8,2,prefill,fp8_e4m3,1048576,1,128,29.4718500773112,,3377368576,603979776,0.008806233294308186
12,16,8,2,prefill,fp8_e4m3,1048576,1,1024,33.35534922281901,,3399501312,603979776,0.008806233294308186
12,16,8,2,prefill,fp8_e4m3,1048576,1,8192,63.37279764811198,,3577349632,603979776,0.008806233294308186
12,16,8,2,decode,bfloat16,1024,1,1,1.9122880299886067,0.08916479945182801,43520,1179648,0.006444955710321665
12,16,8,2,decode,bfloat16,1024,8,1,1.942944049835205,0.09442880153656005,345088,9437184,0.006444955710321665
12,16,8,2,decode,bfloat16,1024,32,1,1.4498666127522786,0.11075999736785888,1380352,37748736,0.006444955710321665
12,16,8,2,prefill,bfloat16,1024,1,128,2.7298666636149087,,18824704,1179648,0.0047883158549666405
12,16,8,2,prefill,bfloat16,1024,1,1024,1.537493387858073,,39846912,1179648,0.0047883158549666405
12,16,8,2,decode,bfloat16,8192,1,1,2.0646079381306968,0.09485759735107421,43520,9437184,0.006444955710321665
12,16,8,2,decode,bfloat16,8192,8,1,2.105226675669352,0.11991039514541627,345088,75497472,0.006444955710321665
12,16,8,2,decode,bfloat16,8192,32,1,1.6193920771280925,0.16151679754257203,1380352,301989888,0.006444955710321665
12,16,8,2,prefill,bfloat16,8192,1,128,3.006805419921875,,113786368,9437184,0.0047883158549666405
12,16,8,2,prefill,bfloat16,8192,1,1024,2.8467839558919272,,140494336,9437184,0.0047883158549666405
12,16,8,2,prefill,bfloat16,8192,1,8192,1.4549867312113445,,304612352,9437184,0.0047883158549666405
12,16,8,2,decode,bfloat16,32768,1,1,2.0202666918436685,0.11609280109405518,43520,37748736,0.006444955710321665
12,16,8,2,decode,bfloat16,32768,8,1,1.5261759757995605,0.15697439908981323,345088,301989888,0.006444955710321665
12,16,8,2,decode,bfloat16,32768,32,1,1.530293305714925,0.31574718952178954,1380352,1207959552,0.006444955710321665
12,16,8,2,prefill,bfloat16,32768,1,128,3.053034782409668,,434945536,37748736,0.0047883158549666405
12,16,8,2,prefill,bfloat16,32768,1,1024,2.222794691721598,,461882880,37748736,0.0047883158549666405
12,16,8,2,prefill,bfloat16,32768,1,8192,3.839296023050944,,663094784,37748736,0.0047883158549666405
12,16,8,2,decode,bfloat16,131072,1,1,2.0979413986206055,0.13765280246734618,43520,150994944,0.006444955710321665
12,16,8,2,decode,bfloat16,131072,8,1,1.8420799573262532,0.32011520862579346,345088,1207959552,0.006444955710321665
12,16,8,2,decode,bfloat16,131072,32,1,1.5267093976338704,0.9290719985961914,1380352,4831838208,0.006444955710321665
12,16,8,2,prefill,bfloat16,131072,1,128,4.5078080495198565,,1718402560,150994944,0.0047883158549666405
12,16,8,2,prefill,bfloat16,131072,1,1024,4.868618647257487,,1745339904,150994944,0.0047883158549666405
12,16,8,2,prefill,bfloat16,131072,1,8192,8.833013534545898,,1945503232,150994944,0.0047883158549666405
12,16,8,2,decode,bfloat16,524288,1,1,1.4220372835795085,0.22721760272979735,43520,603979776,0.006444955710321665
12,16,8,2,decode,bfloat16,524288,8,1,2.1690346399943032,0.8853887557983399,345088,4831838208,0.006444955710321665
12,16,8,2,decode,bfloat16,524288,32,1,3.6195414861043296,3.38056640625,1380352,19327352832,0.006444955710321665
12,16,8,2,prefill,bfloat16,524288,1,128,14.198282877604166,,2773388800,603979776,0.0047883158549666405
12,16,8,2,prefill,bfloat16,524288,1,1024,16.497600555419922,,2795521536,603979776,0.0047883158549666405
12,16,8,2,prefill,bfloat16,524288,1,8192,31.616681416829426,,2973369856,603979776,0.0047883158549666405
12,16,8,2,decode,bfloat16,1048576,1,1,2.1750720342000327,0.34398880004882815,43520,1207959552,0.006444955710321665
12,16,8,2,decode,bfloat16,1048576,8,1,2.4824320475260415,1.661248016357422,345088,9663676416,0.006444955710321665
12,16,8,2,decode,bfloat16,1048576,32,1,6.94703992207845,6.587007904052735,1380352,38654705664,0.006444955710321665
12,16,8,2,prefill,bfloat16,1048576,1,128,27.987497965494793,,3377368576,1207959552,0.0047883158549666405
12,16,8,2,prefill,bfloat16,1048576,1,1024,31.808255513509113,,3399501312,1207959552,0.0047883158549666405
12,16,8,2,prefill,bfloat16,1048576,1,8192,62.08061726888021,,3577349632,1207959552,0.0047883158549666405
12,16,4,4,decode,fp8_e4m3,1024,1,1,1.7125760714213054,0.10587999820709229,107520,589824,0.03481585159897804
12,16,4,4,decode,fp8_e4m3,1024,8,1,1.4773012797037761,0.10867840051651001,849920,4718592,0.03481585159897804
12,16,4,4,decode,fp8_e4m3,1024,32,1,1.578389326731364,0.11557919979095459,3399680,18874368,0.03481585159897804
12,16,4,4,prefill,fp8_e4m3,1024,1,128,2.9400320053100586,,35304960,589824,0.008163205347955227
12,16,4,4,prefill,fp8_e4m3,1024,1,1024,1.501322587331136,,63046656,589824,0.008163205347955227
12,16,4,4,decode,fp8_e4m3,8192,1,1,1.871946652730306,0.11068639755249024,107520,4718592,0.03481585159897804
12,16,4,4,decode,fp8_e4m3,8192,8,1,1.2024746735890706,0.11868480443954468,849920,37748736,0.03481585159897804
12,16,4,4,decode,fp8_e4m3,8192,32,1,1.5807040532430012,0.1477952003479004,3399680,150994944,0.03481585159897804
12,16,4,4,prefill,fp8_e4m3,8192,1,128,2.8683945337931314,,207885824,4718592,0.008163205347955227
12,16,4,4,prefill,fp8_e4m3,8192,1,1024,2.827861467997233,,258442752,4718592,0.008163205347955227
12,16,4,4,prefill,fp8_e4m3,8192,1,8192,1.8694720268249512,,482345984,4718592,0.008163205347955227
12,16,4,4,decode,fp8_e4m3,32768,1,1,1.9144959449768066,0.11703679561614991,107520,18874368,0.03481585159897804
12,16,4,4,decode,fp8_e4m3,32768,8,1,1.1871786912282307,0.14389599561691285,849920,150994944,0.03481585159897804
12,16,4,4,decode,fp8_e4m3,32768,32,1,1.7204480171203613,0.252836799621582,3399680,603979776,0.03481585159897804
12,16,4,4,prefill,fp8_e4m3,32768,1,128,3.5873387654622397,,793441792,18874368,0.008163205347955227
12,16,4,4,prefill,fp8_e4m3,32768,1,1024,2.6681172053019204,,843941376,18874368,0.008163205347955227
12,16,4,4,prefill,fp8_e4m3,32768,1,8192,5.373941421508789,,1257113088,18874368,0.008163205347955227
12,16,4,4,decode,fp8_e4m3,131072,1,1,1.7448852856953938,0.13408479690551758,107520,75497472,0.03481585159897804
12,16,4,4,decode,fp8_e4m3,131072,8,1,1.7490347226460774,0.24044480323791503,849920,603979776,0.03481585159897804
12,16,4,4,decode,fp8_e4m3,131072,32,1,1.1935146649678547,0.6623727798461914,3399680,2415919104,0.03481585159897804
12,16,4,4,prefill,fp8_e4m3,131072,1,128,5.610037485758464,,3134010880,75497472,0.008163205347955227
12,16,4,4,prefill,fp8_e4m3,131072,1,1024,6.321770350138347,,3183969792,75497472,0.008163205347955227
12,16,4,4,prefill,fp8_e4m3,131072,1,8192,15.885140736897787,,3597534720,75497472,0.008163205347955227
12,16,4,4,decode,fp8_e4m3,524288,1,1,1.3273813724517822,0.20181601047515868,107520,301989888,0.03481585159897804
12,16,4,4,decode,fp8_e4m3,524288,8,1,1.7755626042683919,0.6167376041412354,849920,2415919104,0.03481585159897804
12,16,4,4,decode,fp8_e4m3,524288,32,1,2.571477254231771,2.3720720291137694,3399680,9663676416,0.03481585159897804
12,16,4,4,prefill,fp8_e4m3,524288,1,128,20.288981119791668,,4791129600,301989888,0.008163205347955227
12,16,4,4,prefill,fp8_e4m3,524288,1,1024,22.403104146321613,,4835411456,301989888,0.008163205347955227
12,16,4,4,prefill,fp8_e4m3,524288,1,8192,60.88611348470052,,5191239168,301989888,0.008163205347955227
12,16,4,4,decode,fp8_e4m3,1048576,1,1,2.0010666847229004,0.29281439781188967,107520,603979776,0.03481585159897804
12,16,4,4,decode,fp8_e4m3,1048576,8,1,1.5530346234639485,1.124614429473877,849920,4831838208,0.03481585159897804
12,16,4,4,decode,fp8_e4m3,1048576,32,1,4.754954655965169,4.692926406860352,3399680,19327352832,0.03481585159897804
12,16,4,4,prefill,fp8_e4m3,1048576,1,128,40.7792002360026,,5395109376,603979776,0.008163205347955227
12,16,4,4,prefill,fp8_e4m3,1048576,1,1024,44.80652872721354,,5439391232,603979776,0.008163205347955227
12,16,4,4,prefill,fp8_e4m3,1048576,1,8192,121.7117411295573,,5795218944,603979776,0.008163205347955227
12,16,4,4,decode,bfloat16,1024,1,1,1.5936427116394043,0.10315519571304321,112128,1179648,0.005524782929569483
12,16,4,4,decode,bfloat16,1024,8,1,1.553984006245931,0.1051632046699524,886784,9437184,0.005524782929569483
12,16,4,4,decode,bfloat16,1024,32,1,1.4823147455851238,0.11764960289001465,3547136,37748736,0.005524782929569483
12,16,4,4,prefill,bfloat16,1024,1,128,2.835573196411133,,36746752,1179648,0.003520854515954852
12,16,4,4,prefill,bfloat16,1024,1,1024,1.5841600100199382,,63833088,1179648,0.003520854515954852
12,16,4,4,decode,bfloat16,8192,1,1,1.15720534324646,0.10798239707946777,112128,9437184,0.005524782929569483
12,16,4,4,decode,bfloat16,8192,8,1,1.6798720359802246,0.12339520454406738,886784,75497472,0.005524782929569483
12,16,4,4,decode,bfloat16,8192,32,1,1.032159964243571,0.18399360179901122,3547136,301989888,0.005524782929569483
12,16,4,4,prefill,bfloat16,8192,1,128,2.9344959259033203,,207402496,9437184,0.003520854515954852
12,16,4,4,prefill,bfloat16,8192,1,1024,2.006282647450765,,258442752,9437184,0.003520854515954852
12,16,4,4,prefill,bfloat16,8192,1,8192,1.9858880043029785,,482739200,9437184,0.003520854515954852
12,16,4,4,decode,bfloat16,32768,1,1,1.135701338450114,0.11942559480667114,112128,37748736,0.005524782929569483
12,16,4,4,decode,bfloat16,32768,8,1,1.1400427023569744,0.18023680448532103,886784,301989888,0.005524782929569483
12,16,4,4,decode,bfloat16,32768,32,1,1.0512213706970215,0.41033120155334474,3547136,1207959552,0.005524782929569483
12,16,4,4,prefill,bfloat16,32768,1,128,2.5561599731445312,,793982464,37748736,0.003520854515954852
12,16,4,4,prefill,bfloat16,32768,1,1024,3.4519999821980796,,843548160,37748736,0.003520854515954852
12,16,4,4,prefill,bfloat16,32768,1,8192,5.3145707448323565,,1257113088,37748736,0.003520854515954852
12,16,4,4,decode,bfloat16,131072,1,1,1.159050703048706,0.15579040050506593,112128,150994944,0.005524782929569483
12,16,4,4,decode,bfloat16,131072,8,1,1.1565972963968914,0.3864527940750122,886784,1207959552,0.005524782929569483
12,16,4,4,decode,bfloat16,131072,32,1,1.8007465998331706,1.320263957977295,3547136,4831838208,0.005524782929569483
12,16,4,4,prefill,bfloat16,131072,1,128,5.400800069173177,,3134010880,150994944,0.003520854515954852
12,16,4,4,prefill,bfloat16,131072,1,1024,6.020383834838867,,3183838720,150994944,0.003520854515954852
12,16,4,4,prefill,bfloat16,131072,1,8192,16.1045659383138,,3597927936,150994944,0.003520854515954852
12,16,4,4,decode,bfloat16,524288,1,1,1.7672640482584636,0.30268158912658694,112128,603979776,0.005524782929569483
12,16,4,4,decode,bfloat16,524288,8,1,1.495914618174235,1.2254672050476074,886784,4831838208,0.005524782929569483
12,16,4,4,decode,bfloat16,524288,32,1,5.297792116800944,4.956644821166992,3547136,19327352832,0.005524782929569483
12,16,4,4,prefill,bfloat16,524288,1,128,20.05956268310547,,4791129600,603979776,0.003520854515954852
12,16,4,4,prefill,bfloat16,524288,1,1024,22.193888346354168,,4835280384,603979776,0.003520854515954852
12,16,4,4,prefill,bfloat16,524288,1,8192,60.88885498046875,,5191239168,603979776,0.003520854515954852
12,16,4,4,decode,bfloat16,1048576,1,1,1.18340269724528,0.49773597717285156,112128,1207959552,0.005524782929569483
12,16,4,4,decode,bfloat16,1048576,8,1,2.7332585652669272,2.336595153808594,886784,9663676416,0.005524782929569483
12,16,4,4,decode,bfloat16,1048576,32,1,10.03104019165039,9.818614196777343,3547136,38654705664,0.005524782929569483
12,16,4,4,prefill,bfloat16,1048576,1,128,39.15284220377604,,5395109376,1207959552,0.003520854515954852
12,16,4,4,prefill,bfloat16,1048576,1,1024,43.32533264160156,,5439260160,1207959552,0.003520854515954852
12,16,4,4,prefill,bfloat16,1048576,1,8192,121.69130452473958,,5795218944,1207959552,0.003520854515954852
12,16,2,8,decode,fp8_e4m3,1024,1,1,1.78875732421875,0.10660159587860107,161280,589824,0.03470971807837486
12,16,2,8,decode,fp8_e4m3,1024,8,1,1.8130985895792644,0.10958559513092041,1287168,4718592,0.03470971807837486
12,16,2,8,decode,fp8_e4m3,1024,32,1,1.5972480773925781,0.1229632019996643,6000640,18874368,0.03470971807837486
12,16,2,8,prefill,fp8_e4m3,1024,1,128,2.980010668436686,,70624768,589824,0.0075984555296599865
12,16,2,8,prefill,fp8_e4m3,1024,1,1024,1.7494079271952312,,110232576,589824,0.0075984555296599865
12,16,2,8,decode,fp8_e4m3,8192,1,1,1.3920000394185383,0.11178879737854004,161280,4718592,0.03470971807837486
12,16,2,8,decode,fp8_e4m3,8192,8,1,2.1320746739705405,0.12070080041885375,1287168,37748736,0.03470971807837486
12,16,2,8,decode,fp8_e4m3,8192,32,1,1.8941760063171387,0.14764319658279418,6000640,150994944,0.03470971807837486
12,16,2,8,prefill,fp8_e4m3,8192,1,128,2.8927787144978843,,393676288,4718592,0.0075984555296599865
12,16,2,8,prefill,fp8_e4m3,8192,1,1024,3.3187840779622397,,496961024,4718592,0.0075984555296599865
12,16,2,8,prefill,fp8_e4m3,8192,1,8192,2.941120147705078,,837813248,4718592,0.0075984555296599865
12,16,2,8,decode,fp8_e4m3,32768,1,1,1.966335932413737,0.11920479536056519,161280,18874368,0.03470971807837486
12,16,2,8,decode,fp8_e4m3,32768,8,1,1.3555092811584473,0.13833760023117064,1287168,150994944,0.03470971807837486
12,16,2,8,decode,fp8_e4m3,32768,32,1,1.6730772654215496,0.23432319164276122,6000640,603979776,0.03470971807837486
12,16,2,8,prefill,fp8_e4m3,32768,1,128,3.5055039723714194,,1507075584,18874368,0.0075984555296599865
12,16,2,8,prefill,fp8_e4m3,32768,1,1024,3.751296043395996,,1610417664,18874368,0.0075984555296599865
12,16,2,8,prefill,fp8_e4m3,32768,1,8192,9.216682434082031,,2448557568,18874368,0.0075984555296599865
12,16,2,8,decode,fp8_e4m3,131072,1,1,1.9050134023030598,0.13699040412902833,161280,75497472,0.03470971807837486
12,16,2,8,decode,fp8_e4m3,131072,8,1,1.8592106501261394,0.21969120502471923,1287168,603979776,0.03470971807837486
12,16,2,8,decode,fp8_e4m3,131072,32,1,1.7312426567077637,0.5652463912963868,6000640,2415919104,0.03470971807837486
12,16,2,8,prefill,fp8_e4m3,131072,1,128,9.060394922892252,,5962081792,75497472,0.0075984555296599865
12,16,2,8,prefill,fp8_e4m3,131072,1,1024,11.446239471435547,,6064768512,75497472,0.0075984555296599865
12,16,2,8,prefill,fp8_e4m3,131072,1,8192,29.043787638346355,,6902777344,75497472,0.0075984555296599865
12,16,2,8,decode,fp8_e4m3,524288,1,1,2.137866655985514,0.19295519590377808,161280,301989888,0.03470971807837486
12,16,2,8,decode,fp8_e4m3,524288,8,1,2.1539200146993003,0.5215936183929444,1287168,2415919104,0.03470971807837486
12,16,2,8,decode,fp8_e4m3,524288,32,1,2.3375040690104165,1.9977119445800782,6000640,9663676416,0.03470971807837486
12,16,2,8,prefill,fp8_e4m3,524288,1,128,32.4272206624349,,8828315136,301989888,0.0075984555296599865
12,16,2,8,prefill,fp8_e4m3,524288,1,1024,42.11366526285807,,8915584512,301989888,0.0075984555296599865
12,16,2,8,prefill,fp8_e4m3,524288,1,8192,114.38619995117188,,9626584576,301989888,0.0075984555296599865
12,16,2,8,decode,fp8_e4m3,1048576,1,1,1.7530239423116047,0.26570560932159426,161280,603979776,0.03470971807837486
12,16,2,8,decode,fp8_e4m3,1048576,8,1,1.9027199745178223,0.9346688270568848,1287168,4831838208,0.03470971807837486
12,16,2,8,decode,fp8_e4m3,1048576,32,1,3.8936745325724282,4.069908905029297,5148672,19327352832,0.03470971807837486
12,16,2,8,prefill,fp8_e4m3,1048576,1,128,63.296651204427086,,9431377408,603979776,0.0075984555296599865
12,16,2,8,prefill,fp8_e4m3,1048576,1,1024,83.09205118815105,,9519564288,603979776,0.0075984555296599865
12,16,2,8,prefill,fp8_e4m3,1048576,1,8192,228.9935302734375,,10229515776,603979776,0.0075984555296599865
12,16,2,8,decode,bfloat16,1024,1,1,1.968725363413493,0.10291680097579955,139776,1179648,0.004783360753208399
12,16,2,8,decode,bfloat16,1024,8,1,1.7985812822977703,0.10831040143966675,1115136,9437184,0.004783360753208399
12,16,2,8,decode,bfloat16,1024,32,1,1.653290589650472,0.12696319818496704,5312512,37748736,0.004783360753208399
12,16,2,8,prefill,bfloat16,1024,1,128,2.8636693954467773,,69576192,1179648,0.001843483536504209
12,16,2,8,prefill,bfloat16,1024,1,1024,1.6136852900187175,,110494720,1179648,0.001843483536504209
12,16,2,8,decode,bfloat16,8192,1,1,1.9555840492248535,0.10881600379943848,139776,9437184,0.004783360753208399
12,16,2,8,decode,bfloat16,8192,8,1,1.796181360880534,0.12394720315933228,1115136,75497472,0.004783360753208399
12,16,2,8,decode,bfloat16,8192,32,1,1.6226026217142742,0.168340802192688,5312512,301989888,0.004783360753208399
12,16,2,8,prefill,bfloat16,8192,1,128,3.0007041295369468,,393733632,9437184,0.001843483536504209
12,16,2,8,prefill,bfloat16,8192,1,1024,3.069045384724935,,496961024,9437184,0.001843483536504209
12,16,2,8,prefill,bfloat16,8192,1,8192,2.8736321131388345,,838206464,9437184,0.001843483536504209
12,16,2,8,decode,bfloat16,32768,1,1,1.9021652539571126,0.12288960218429565,139776,37748736,0.004783360753208399
12,16,2,8,decode,bfloat16,32768,8,1,1.9191253980000813,0.1579327940940857,1115136,301989888,0.004783360753208399
12,16,2,8,decode,bfloat16,32768,32,1,1.7134826978047688,0.32349119186401365,5312512,1207959552,0.004783360753208399
12,16,2,8,prefill,bfloat16,32768,1,128,4.0774186452229815,,1507730944,37748736,0.001843483536504209
12,16,2,8,prefill,bfloat16,32768,1,1024,4.110741297403972,,1610417664,37748736,0.001843483536504209
12,16,2,8,prefill,bfloat16,32768,1,8192,9.104672114054361,,2449475072,37748736,0.001843483536504209
12,16,2,8,decode,bfloat16,131072,1,1,1.8546346028645833,0.1436911940574646,139776,150994944,0.004783360753208399
12,16,2,8,decode,bfloat16,131072,8,1,1.2705492973327637,0.33015520572662355,1115136,1207959552,0.004783360753208399
12,16,2,8,decode,bfloat16,131072,32,1,1.7811627388000488,0.9520719528198243,5312512,4831838208,0.004783360753208399
12,16,2,8,prefill,bfloat16,131072,1,128,8.743285497029623,,5962081792,150994944,0.001843483536504209
12,16,2,8,prefill,bfloat16,131072,1,1024,11.217280069986979,,6064768512,150994944,0.001843483536504209
12,16,2,8,prefill,bfloat16,131072,1,8192,29.373097737630207,,6902777344,150994944,0.001843483536504209
12,16,2,8,decode,bfloat16,524288,1,1,1.9278826713562012,0.23845438957214354,139776,603979776,0.004783360753208399
12,16,2,8,decode,bfloat16,524288,8,1,1.9600213368733723,0.9098159790039062,1115136,4831838208,0.004783360753208399
12,16,2,8,decode,bfloat16,524288,32,1,3.805333455403646,3.6859104156494142,5312512,19327352832,0.004783360753208399
12,16,2,8,prefill,bfloat16,524288,1,128,31.418869018554688,,8828315136,603979776,0.001843483536504209
12,16,2,8,prefill,bfloat16,524288,1,1024,41.45458221435547,,8915584512,603979776,0.001843483536504209
12,16,2,8,prefill,bfloat16,524288,1,8192,115.43678792317708,,9626584576,603979776,0.001843483536504209
12,16,2,8,decode,bfloat16,1048576,1,1,1.637279987335205,0.3639552116394043,139776,1207959552,0.004783360753208399
12,16,2,8,decode,bfloat16,1048576,8,1,2.039519945780436,1.727462387084961,1115136,9663676416,0.004783360753208399
12,16,2,8,decode,bfloat16,1048576,32,1,7.064309438069661,7.42222900390625,4460544,38654705664,0.004783360753208399
12,16,2,8,prefill,bfloat16,1048576,1,128,61.739532470703125,,9431377408,1207959552,0.001843483536504209
12,16,2,8,prefill,bfloat16,1048576,1,1024,81.61050415039062,,9519564288,1207959552,0.001843483536504209
12,16,2,8,prefill,bfloat16,1048576,1,8192,231.91035970052084,,10230564352,1207959552,0.001843483536504209
12,16,1,16,decode,fp8_e4m3,1024,1,1,1.2242240111033122,0.12886879444122315,317952,589824,0.034656696021556854
12,16,1,16,decode,fp8_e4m3,1024,8,1,1.0448213418324788,0.1314895987510681,2540544,4718592,0.034656696021556854
13,16,16,1,decode,fp8_e4m3,1024,1,1,2.058997313181559,0.11239360570907593,31744,589824,0.03509664535522461
13,16,16,1,decode,fp8_e4m3,1024,8,1,1.9995840390523274,0.10476000308990478,246784,4718592,0.03509664535522461
13,16,16,1,decode,fp8_e4m3,1024,32,1,1.6845226287841797,0.11581120491027833,987136,18874368,0.03509664535522461
13,16,16,1,prefill,fp8_e4m3,1024,1,128,2.9556268056233725,,11076096,589824,0.0076119983568787575
13,16,16,1,prefill,fp8_e4m3,1024,1,1024,1.7088640530904133,,29361152,589824,0.0076119983568787575
13,16,16,1,decode,fp8_e4m3,8192,1,1,1.9814292589823406,0.11344319581985474,31744,4718592,0.03509664535522461
13,16,16,1,decode,fp8_e4m3,8192,8,1,1.8231679598490398,0.11766239404678344,246784,37748736,0.03509664535522461
13,16,16,1,decode,fp8_e4m3,8192,32,1,1.712981383005778,0.15892319679260253,987136,150994944,0.03509664535522461
13,16,16,1,prefill,fp8_e4m3,8192,1,128,2.965813318888346,,65438208,4718592,0.0076119983568787575
13,16,16,1,prefill,fp8_e4m3,8192,1,1024,2.540074666341146,,80209408,4718592,0.0076119983568787575
13,16,16,1,prefill,fp8_e4m3,8192,1,8192,1.6899840037027996,,215745536,4718592,0.0076119983568787575
13,16,16,1,decode,fp8_e4m3,32768,1,1,1.884650707244873,0.1279536008834839,31744,18874368,0.03509664535522461
13,16,16,1,decode,fp8_e4m3,32768,8,1,1.9412693977355957,0.1564288020133972,246784,150994944,0.03509664535522461
13,16,16,1,decode,fp8_e4m3,32768,32,1,1.6424214045206706,0.22667200565338136,987136,603979776,0.03509664535522461
13,16,16,1,prefill,fp8_e4m3,32768,1,128,2.990997314453125,,254820864,18874368,0.0076119983568787575
13,16,16,1,prefill,fp8_e4m3,32768,1,1024,2.9835732777913413,,268297728,18874368,0.0076119983568787575
13,16,16,1,prefill,fp8_e4m3,32768,1,8192,3.1949119567871094,,363529728,18874368,0.0076119983568787575
13,16,16,1,decode,fp8_e4m3,131072,1,1,1.9843840599060059,0.15089759826660157,31744,75497472,0.03509664535522461
13,16,16,1,decode,fp8_e4m3,131072,8,1,2.010261376698812,0.22098400592803955,246784,603979776,0.03509664535522461
13,16,16,1,decode,fp8_e4m3,131072,32,1,1.713205337524414,0.48911199569702146,987136,2415919104,0.03509664535522461
13,16,16,1,prefill,fp8_e4m3,131072,1,128,4.0585066477457685,,1010139648,75497472,0.0076119983568787575
13,16,16,1,prefill,fp8_e4m3,131072,1,1024,4.464341481526692,,1021568512,75497472,0.0076119983568787575
13,16,16,1,prefill,fp8_e4m3,131072,1,8192,6.519296010335286,,1119553024,75497472,0.0076119983568787575
13,16,16,1,decode,fp8_e4m3,524288,1,1,2.0593813260396323,0.19029120206832886,31744,301989888,0.03509664535522461
13,16,16,1,decode,fp8_e4m3,524288,8,1,2.054687976837158,0.4669328212738037,246784,2415919104,0.03509664535522461
13,16,16,1,decode,fp8_e4m3,524288,32,1,2.1181440353393555,1.5409631729125977,987136,9663676416,0.03509664535522461
13,16,16,1,prefill,fp8_e4m3,524288,1,128,12.707125345865885,,1764125184,301989888,0.0076119983568787575
13,16,16,1,prefill,fp8_e4m3,524288,1,1024,14.334154764811197,,1776756224,301989888,0.0076119983568787575
13,16,16,1,prefill,fp8_e4m3,524288,1,8192,21.803189595540363,,1864697344,301989888,0.0076119983568787575
13,16,16,1,decode,fp8_e4m3,1048576,1,1,2.1067946751912436,0.24433600902557373,31744,603979776,0.03509664535522461
13,16,16,1,decode,fp8_e4m3,1048576,8,1,2.0967893600463867,0.8032591819763184,246784,4831838208,0.03509664535522461
13,16,16,1,decode,fp8_e4m3,1048576,32,1,3.3448425928751626,2.9625007629394533,987136,19327352832,0.03509664535522461
13,16,16,1,prefill,fp8_e4m3,1048576,1,128,24.01971181233724,,2368104960,603979776,0.0076119983568787575
13,16,16,1,prefill,fp8_e4m3,1048576,1,1024,27.56946055094401,,2381260288,603979776,0.0076119983568787575
13,16,16,1,prefill,fp8_e4m3,1048576,1,8192,42.221204121907554,,2468677120,603979776,0.0076119983568787575
13,16,16,1,decode,bfloat16,1024,1,1,1.996330738067627,0.10669759511947632,31744,1179648,0.006898726802319288
13,16,16,1,decode,bfloat16,1024,8,1,1.7159253756205242,0.10237760543823242,246784,9437184,0.006898726802319288
13,16,16,1,decode,bfloat16,1024,32,1,1.6656746864318848,0.13420159816741944,987136,37748736,0.006898726802319288
13,16,16,1,prefill,bfloat16,1024,1,128,3.0823891957600913,,11272704,1179648,0.001956015592440963
13,16,16,1,prefill,bfloat16,1024,1,1024,1.7366399765014648,,28967936,1179648,0.001956015592440963
13,16,16,1,decode,bfloat16,8192,1,1,2.0290986696879068,0.11246399879455567,31744,9437184,0.006898726802319288
13,16,16,1,decode,bfloat16,8192,8,1,1.924074649810791,0.14238239526748658,246784,75497472,0.006898726802319288
13,16,16,1,decode,bfloat16,8192,32,1,1.6457066535949707,0.1860368013381958,987136,301989888,0.006898726802319288
13,16,16,1,prefill,bfloat16,8192,1,128,3.064234733581543,,65438208,9437184,0.001956015592440963
13,16,16,1,prefill,bfloat16,8192,1,1024,2.968149185180664,,79554048,9437184,0.001956015592440963
13,16,16,1,prefill,bfloat16,8192,1,8192,1.8150614102681477,,215745536,9437184,0.001956015592440963
13,16,16,1,decode,bfloat16,32768,1,1,1.9993386268615723,0.13714560270309448,31744,37748736,0.006898726802319288
13,16,16,1,decode,bfloat16,32768,8,1,1.9793705940246582,0.17950880527496338,246784,301989888,0.006898726802319288
13,16,16,1,decode,bfloat16,32768,32,1,1.6831572850545247,0.339681601524353,987136,1207959552,0.006898726802319288
13,16,16,1,prefill,bfloat16,32768,1,128,3.1775360107421875,,254820864,37748736,0.001956015592440963
13,16,16,1,prefill,bfloat16,32768,1,1024,3.094677289326986,,268297728,37748736,0.001956015592440963
13,16,16,1,prefill,bfloat16,32768,1,8192,3.071178754170736,,363529728,37748736,0.001956015592440963
13,16,16,1,decode,bfloat16,131072,1,1,2.02511994043986,0.16152000427246094,31744,150994944,0.006898726802319288
13,16,16,1,decode,bfloat16,131072,8,1,2.0183679262797036,0.33992159366607666,246784,1207959552,0.006898726802319288
13,16,16,1,decode,bfloat16,131072,32,1,1.5701653162638347,0.9500096321105957,987136,4831838208,0.006898726802319288
13,16,16,1,prefill,bfloat16,131072,1,128,3.618272145589193,,1010139648,150994944,0.001956015592440963
13,16,16,1,prefill,bfloat16,131072,1,1024,4.294165293375651,,1023272448,150994944,0.001956015592440963
13,16,16,1,prefill,bfloat16,131072,1,8192,6.299210866292317,,1119553024,150994944,0.001956015592440963
13,16,16,1,decode,bfloat16,524288,1,1,2.1032320658365884,0.2495120048522949,31744,603979776,0.006898726802319288
13,16,16,1,decode,bfloat16,524288,8,1,2.155658721923828,0.9072480201721191,246784,4831838208,0.006898726802319288
13,16,16,1,decode,bfloat16,524288,32,1,3.707594553629557,3.399422454833984,987136,19327352832,0.006898726802319288
13,16,16,1,prefill,bfloat16,524288,1,128,12.073098500569662,,1764125184,603979776,0.001956015592440963
13,16,16,1,prefill,bfloat16,524288,1,1024,13.665120442708334,,1776756224,603979776,0.001956015592440963
13,16,16,1,prefill,bfloat16,524288,1,8192,21.143338521321613,,1864697344,603979776,0.001956015592440963
13,16,16,1,decode,bfloat16,1048576,1,1,1.817728042602539,0.3641024112701416,31744,1207959552,0.006898726802319288
13,16,16,1,decode,bfloat16,1048576,8,1,1.952799956003825,1.6874048233032226,246784,9663676416,0.006898726802319288
13,16,16,1,decode,bfloat16,1048576,32,1,6.8029225667317705,6.5785980224609375,987136,38654705664,0.006898726802319288
13,16,16,1,prefill,bfloat16,1048576,1,128,22.602699279785156,,2368104960,1207959552,0.001956015592440963
13,16,16,1,prefill,bfloat16,1048576,1,1024,26.33417510986328,,2381260288,1207959552,0.001956015592440963
13,16,16,1,prefill,bfloat16,1048576,1,8192,40.714742024739586,,2468677120,1207959552,0.001956015592440963
13,16,8,2,decode,fp8_e4m3,1024,1,1,1.8996693293253581,0.09245120286941529,44032,589824,0.03501495346426964
13,16,8,2,decode,fp8_e4m3,1024,8,1,1.7898346583048503,0.0966816008090973,347136,4718592,0.03501495346426964
13,16,8,2,decode,fp8_e4m3,1024,32,1,1.4378560384114583,0.10906879901885987,1388544,18874368,0.03501495346426964
13,16,8,2,prefill,fp8_e4m3,1024,1,128,2.718869209289551,,18824704,589824,0.008806233294308186
13,16,8,2,prefill,fp8_e4m3,1024,1,1024,1.1640746593475342,,39846912,589824,0.008806233294308186
13,16,8,2,decode,fp8_e4m3,8192,1,1,1.8593173027038574,0.09682559967041016,44032,4718592,0.03501495346426964
13,16,8,2,decode,fp8_e4m3,8192,8,1,1.4710826873779297,0.11363040208816529,347136,37748736,0.03501495346426964
13,16,8,2,decode,fp8_e4m3,8192,32,1,1.0571413040161133,0.13389600515365602,1388544,150994944,0.03501495346426964
13,16,8,2,prefill,fp8_e4m3,8192,1,128,2.5031679471333823,,113786368,4718592,0.008806233294308186
13,16,8,2,prefill,fp8_e4m3,8192,1,1024,2.0348052978515625,,140494336,4718592,0.008806233294308186
13,16,8,2,prefill,fp8_e4m3,8192,1,8192,1.478826681772868,,304612352,4718592,0.008806233294308186
13,16,8,2,decode,fp8_e4m3,32768,1,1,1.866762638092041,0.11359360218048095,44032,18874368,0.03501495346426964
13,16,8,2,decode,fp8_e4m3,32768,8,1,1.480789343516032,0.132534396648407,347136,150994944,0.03501495346426964
13,16,8,2,decode,fp8_e4m3,32768,32,1,1.4216747283935547,0.20234079360961915,1388544,603979776,0.03501495346426964
13,16,8,2,prefill,fp8_e4m3,32768,1,128,2.32315731048584,,434945536,18874368,0.008806233294308186
13,16,8,2,prefill,fp8_e4m3,32768,1,1024,3.0137173334757485,,462407168,18874368,0.008806233294308186
13,16,8,2,prefill,fp8_e4m3,32768,1,8192,3.840874671936035,,662046208,18874368,0.008806233294308186
13,16,8,2,decode,fp8_e4m3,131072,1,1,1.4243733088175456,0.12874720096588135,44032,75497472,0.03501495346426964
13,16,8,2,decode,fp8_e4m3,131072,8,1,1.445269266764323,0.1980399966239929,347136,603979776,0.03501495346426964
13,16,8,2,decode,fp8_e4m3,131072,32,1,1.4190293947855632,0.46290078163146975,1388544,2415919104,0.03501495346426964
13,16,8,2,prefill,fp8_e4m3,131072,1,128,4.188543955485026,,1718402560,75497472,0.008806233294308186
13,16,8,2,prefill,fp8_e4m3,131072,1,1024,4.778719902038574,,1744815616,75497472,0.008806233294308186
13,16,8,2,prefill,fp8_e4m3,131072,1,8192,8.767018636067709,,1945503232,75497472,0.008806233294308186
13,16,8,2,decode,fp8_e4m3,524288,1,1,1.4482879638671875,0.16723999977111817,44032,301989888,0.03501495346426964
13,16,8,2,decode,fp8_e4m3,524288,8,1,1.4743893941243489,0.4456064224243164,347136,2415919104,0.03501495346426964
13,16,8,2,decode,fp8_e4m3,524288,32,1,1.8832747141520183,1.5179103851318358,1388544,9663676416,0.03501495346426964
13,16,8,2,prefill,fp8_e4m3,524288,1,128,15.294228871663412,,2773388800,301989888,0.008806233294308186
13,16,8,2,prefill,fp8_e4m3,524288,1,1024,17.15237299601237,,2795128320,301989888,0.008806233294308186
13,16,8,2,prefill,fp8_e4m3,524288,1,8192,32.190399169921875,,2973369856,301989888,0.008806233294308186
13,16,8,2,decode,fp8_e4m3,1048576,1,1,1.9975679715474446,0.22226879596710206,44032,603979776,0.03501495346426964
13,16,8,2,decode,fp8_e4m3,1048576,8,1,1.9403947194417317,0.7779952049255371,347136,4831838208,0.03501495346426964
13,16,8,2,decode,fp8_e4m3,1048576,32,1,3.2663148244222007,2.9849599838256835,1388544,19327352832,0.03501495346426964
13,16,8,2,prefill,fp8_e4m3,1048576,1,128,29.469589233398438,,3377368576,603979776,0.008806233294308186
13,16,8,2,prefill,fp8_e4m3,1048576,1,1024,33.348286946614586,,3399501312,603979776,0.008806233294308186
13,16,8,2,prefill,fp8_e4m3,1048576,1,8192,63.36713663736979,,3577349632,603979776,0.008806233294308186
13,16,8,2,decode,bfloat16,1024,1,1,1.908042589823405,0.08921120166778565,43520,1179648,0.006444955710321665
13,16,8,2,decode,bfloat16,1024,8,1,1.9402880668640137,0.09472159743309021,345088,9437184,0.006444955710321665
13,16,8,2,decode,bfloat16,1024,32,1,1.4471999804178874,0.10998560190200805,1380352,37748736,0.006444955710321665
13,16,8,2,prefill,bfloat16,1024,1,128,2.729973475138346,,18824704,1179648,0.0047883158549666405
13,16,8,2,prefill,bfloat16,1024,1,1024,1.5374186833699544,,39846912,1179648,0.0047883158549666405
13,16,8,2,decode,bfloat16,8192,1,1,2.061024030049642,0.09474560022354125,43520,9437184,0.006444955710321665
13,16,8,2,decode,bfloat16,8192,8,1,2.098954677581787,0.1200063943862915,345088,75497472,0.006444955710321665
13,16,8,2,decode,bfloat16,8192,32,1,1.6265494028727214,0.16154400110244752,1380352,301989888,0.006444955710321665
13,16,8,2,prefill,bfloat16,8192,1,128,3.0056959788004556,,113786368,9437184,0.0047883158549666405
13,16,8,2,prefill,bfloat16,8192,1,1024,2.8477652867635093,,140494336,9437184,0.0047883158549666405
13,16,8,2,prefill,bfloat16,8192,1,8192,1.4544533093770344,,304612352,9437184,0.0047883158549666405
13,16,8,2,decode,bfloat16,32768,1,1,2.018826643625895,0.11614079475402832,43520,37748736,0.006444955710321665
13,16,8,2,decode,bfloat16,32768,8,1,1.5258026123046875,0.15712000131607057,345088,301989888,0.006444955710321665
13,16,8,2,decode,bfloat16,32768,32,1,1.5245760281880696,0.3158479928970337,1380352,1207959552,0.006444955710321665
13,16,8,2,prefill,bfloat16,32768,1,128,3.0918505986531577,,434945536,37748736,0.0047883158549666405
13,16,8,2,prefill,bfloat16,32768,1,1024,2.2233920097351074,,461882880,37748736,0.0047883158549666405
13,16,8,2,prefill,bfloat16,32768,1,8192,3.838890711466471,,663094784,37748736,0.0047883158549666405
13,16,8,2,decode,bfloat16,131072,1,1,2.101205348968506,0.1377087950706482,43520,150994944,0.006444955710321665
13,16,8,2,decode,bfloat16,131072,8,1,1.842506726582845,0.3201807975769043,345088,1207959552,0.006444955710321665
13,16,8,2,decode,bfloat16,131072,32,1,1.5268373489379883,0.9293359756469727,1380352,4831838208,0.006444955710321665
13,16,8,2,prefill,bfloat16,131072,1,128,4.498229344685872,,1718402560,150994944,0.0047883158549666405
13,16,8,2,prefill,bfloat16,131072,1,1024,4.8673601150512695,,1745339904,150994944,0.0047883158549666405
13,16,8,2,prefill,bfloat16,131072,1,8192,8.831914901733398,,1945503232,150994944,0.0047883158549666405
13,16,8,2,decode,bfloat16,524288,1,1,1.471157391866048,0.22729599475860596,43520,603979776,0.006444955710321665
13,16,8,2,decode,bfloat16,524288,8,1,2.155615965525309,0.8853487968444824,345088,4831838208,0.006444955710321665
13,16,8,2,decode,bfloat16,524288,32,1,3.6174186070760093,3.380846405029297,1380352,19327352832,0.006444955710321665
13,16,8,2,prefill,bfloat16,524288,1,128,14.197738647460938,,2773388800,603979776,0.0047883158549666405
13,16,8,2,prefill,bfloat16,524288,1,1024,16.495349884033203,,2795521536,603979776,0.0047883158549666405
13,16,8,2,prefill,bfloat16,524288,1,8192,31.610036214192707,,2973369856,603979776,0.0047883158549666405
13,16,8,2,decode,bfloat16,1048576,1,1,2.1667733192443848,0.34409120082855227,43520,1207959552,0.006444955710321665
13,16,8,2,decode,bfloat16,1048576,8,1,2.476074695587158,1.6612384796142579,345088,9663676416,0.006444955710321665
13,16,8,2,decode,bfloat16,1048576,32,1,6.9392852783203125,6.586678314208984,1380352,38654705664,0.006444955710321665
13,16,8,2,prefill,bfloat16,1048576,1,128,27.98426564534505,,3377368576,1207959552,0.0047883158549666405
13,16,8,2,prefill,bfloat16,1048576,1,1024,31.80462900797526,,3399501312,1207959552,0.0047883158549666405
13,16,8,2,prefill,bfloat16,1048576,1,8192,62.08157857259115,,3577349632,1207959552,0.0047883158549666405
13,16,4,4,decode,fp8_e4m3,1024,1,1,1.7123626073201497,0.10598399639129638,107520,589824,0.03481585159897804
13,16,4,4,decode,fp8_e4m3,1024,8,1,1.4949547449747722,0.10856640338897705,849920,4718592,0.03481585159897804
13,16,4,4,decode,fp8_e4m3,1024,32,1,1.578015963236491,0.11573920249938965,3399680,18874368,0.03481585159897804
13,16,4,4,prefill,fp8_e4m3,1024,1,128,2.935231844584147,,35304960,589824,0.008163205347955227
13,16,4,4,prefill,fp8_e4m3,1024,1,1024,1.4977812767028809,,63046656,589824,0.008163205347955227
13,16,4,4,decode,fp8_e4m3,8192,1,1,1.8692372639973958,0.11089760065078735,107520,4718592,0.03481585159897804
13,16,4,4,decode,fp8_e4m3,8192,8,1,1.2062293688456218,0.11852799654006958,849920,37748736,0.03481585159897804
13,16,4,4,decode,fp8_e4m3,8192,32,1,1.5802453358968098,0.14775359630584717,3399680,150994944,0.03481585159897804
13,16,4,4,prefill,fp8_e4m3,8192,1,128,2.8685121536254883,,207885824,4718592,0.008163205347955227
13,16,4,4,prefill,fp8_e4m3,8192,1,1024,2.8305705388387046,,258442752,4718592,0.008163205347955227
13,16,4,4,prefill,fp8_e4m3,8192,1,8192,1.8674987157185872,,482345984,4718592,0.008163205347955227
13,16,4,4,decode,fp8_e4m3,32768,1,1,1.9135252634684246,0.11716639995574951,107520,18874368,0.03481585159897804
13,16,4,4,decode,fp8_e4m3,32768,8,1,1.1998186906178792,0.14394880533218385,849920,150994944,0.03481585159897804
13,16,4,4,decode,fp8_e4m3,32768,32,1,1.721493403116862,0.2526943922042847,3399680,603979776,0.03481585159897804
13,16,4,4,prefill,fp8_e4m3,32768,1,128,3.58951473236084,,793441792,18874368,0.008163205347955227
13,16,4,4,prefill,fp8_e4m3,32768,1,1024,2.667189280192057,,843941376,18874368,0.008163205347955227
13,16,4,4,prefill,fp8_e4m3,32768,1,8192,5.375989278157552,,1257113088,18874368,0.008163205347955227
13,16,4,4,decode,fp8_e4m3,131072,1,1,1.7400959332784016,0.13431839942932128,107520,75497472,0.03481585159897804
13,16,4,4,decode,fp8_e4m3,131072,8,1,1.7485119501749675,0.24035038948059081,849920,603979776,0.03481585159897804
13,16,4,4,decode,fp8_e4m3,131072,32,1,1.1939093271891277,0.6623280048370361,3399680,2415919104,0.03481585159897804
13,16,4,4,prefill,fp8_e4m3,131072,1,128,5.610207875569661,,3134010880,75497472,0.008163205347955227
13,16,4,4,prefill,fp8_e4m3,131072,1,1024,6.32536506652832,,3183969792,75497472,0.008163205347955227
13,16,4,4,prefill,fp8_e4m3,131072,1,8192,15.885664621988932,,3597534720,75497472,0.008163205347955227
13,16,4,4,decode,fp8_e4m3,524288,1,1,1.3149333000183105,0.2018656015396118,107520,301989888,0.03481585159897804
13,16,4,4,decode,fp8_e4m3,524288,8,1,1.7788160641988118,0.6169888019561768,849920,2415919104,0.03481585159897804
13,16,4,4,decode,fp8_e4m3,524288,32,1,2.570634682973226,2.3710479736328125,3399680,9663676416,0.03481585159897804
13,16,4,4,prefill,fp8_e4m3,524288,1,128,20.28873570760091,,4791129600,301989888,0.008163205347955227
13,16,4,4,prefill,fp8_e4m3,524288,1,1024,22.402793884277344,,4835411456,301989888,0.008163205347955227
13,16,4,4,prefill,fp8_e4m3,524288,1,8192,60.88031005859375,,5191239168,301989888,0.008163205347955227
13,16,4,4,decode,fp8_e4m3,1048576,1,1,1.9985920588175456,0.2923264026641846,107520,603979776,0.03481585159897804
13,16,4,4,decode,fp8_e4m3,1048576,8,1,1.5530986785888672,1.1247584342956543,849920,4831838208,0.03481585159897804
13,16,4,4,decode,fp8_e4m3,1048576,32,1,4.755008061726888,4.693180847167969,3399680,19327352832,0.03481585159897804
13,16,4,4,prefill,fp8_e4m3,1048576,1,128,40.77787780761719,,5395109376,603979776,0.008163205347955227
13,16,4,4,prefill,fp8_e4m3,1048576,1,1024,44.80838521321615,,5439391232,603979776,0.008163205347955227
13,16,4,4,prefill,fp8_e4m3,1048576,1,8192,121.71106974283855,,5795218944,603979776,0.008163205347955227
13,16,4,4,decode,bfloat16,1024,1,1,1.5892267227172852,0.10319839715957642,112128,1179648,0.005524782929569483
13,16,4,4,decode,bfloat16,1024,8,1,1.5545066197713215,0.10527199506759644,886784,9437184,0.005524782929569483
13,16,4,4,decode,bfloat16,1024,32,1,1.4885759353637695,0.11764800548553467,3547136,37748736,0.005524782929569483
13,16,4,4,prefill,bfloat16,1024,1,128,2.839125315348307,,36746752,1179648,0.003520854515954852
13,16,4,4,prefill,bfloat16,1024,1,1024,1.5851093928019206,,63833088,1179648,0.003520854515954852
13,16,4,4,decode,bfloat16,8192,1,1,1.1612693468729656,0.10806080102920532,112128,9437184,0.005524782929569483
13,16,4,4,decode,bfloat16,8192,8,1,1.6824320157368977,0.12329599857330323,886784,75497472,0.005524782929569483
13,16,4,4,decode,bfloat16,8192,32,1,1.041984001795451,0.18408000469207764,3547136,301989888,0.005524782929569483
13,16,4,4,prefill,bfloat16,8192,1,128,2.933354695638021,,207402496,9437184,0.003520854515954852
13,16,4,4,prefill,bfloat16,8192,1,1024,2.0037546157836914,,258442752,9437184,0.003520854515954852
13,16,4,4,prefill,bfloat16,8192,1,8192,1.9804372787475586,,482739200,9437184,0.003520854515954852
13,16,4,4,decode,bfloat16,32768,1,1,1.1473706563313801,0.11913759708404541,112128,37748736,0.005524782929569483
13,16,4,4,decode,bfloat16,32768,8,1,1.136192003885905,0.18046079874038695,886784,301989888,0.005524782929569483
13,16,4,4,decode,bfloat16,32768,32,1,1.0505279699961345,0.4103151798248291,3547136,1207959552,0.005524782929569483
13,16,4,4,prefill,bfloat16,32768,1,128,2.5456533432006836,,793982464,37748736,0.003520854515954852
13,16,4,4,prefill,bfloat16,32768,1,1024,3.450741449991862,,843548160,37748736,0.003520854515954852
13,16,4,4,prefill,bfloat16,32768,1,8192,5.3170773188273115,,1257113088,37748736,0.003520854515954852
13,16,4,4,decode,bfloat16,131072,1,1,1.2069119612375896,0.1559631943702698,112128,150994944,0.005524782929569483
13,16,4,4,decode,bfloat16,131072,8,1,1.1531733671824138,0.3862351894378662,886784,1207959552,0.005524782929569483
13,16,4,4,decode,bfloat16,131072,32,1,1.7949652671813965,1.3197664260864257,3547136,4831838208,0.005524782929569483
13,16,4,4,prefill,bfloat16,131072,1,128,5.400864283243815,,3134010880,150994944,0.003520854515954852
13,16,4,4,prefill,bfloat16,131072,1,1024,6.01913579305013,,3183838720,150994944,0.003520854515954852
13,16,4,4,prefill,bfloat16,131072,1,8192,16.10308329264323,,3597927936,150994944,0.003520854515954852
13,16,4,4,decode,bfloat16,524288,1,1,1.7705599466959636,0.30280160903930664,112128,603979776,0.005524782929569483
13,16,4,4,decode,bfloat16,524288,8,1,1.4961066246032715,1.2252799987792968,886784,4831838208,0.005524782929569483
13,16,4,4,decode,bfloat16,524288,32,1,5.293045361836751,4.956455993652344,3547136,19327352832,0.005524782929569483
13,16,4,4,prefill,bfloat16,524288,1,128,20.05349349975586,,4791129600,603979776,0.003520854515954852
13,16,4,4,prefill,bfloat16,524288,1,1024,22.200032552083332,,4835280384,603979776,0.003520854515954852
13,16,4,4,prefill,bfloat16,524288,1,8192,60.88026428222656,,5191239168,603979776,0.003520854515954852
13,16,4,4,decode,bfloat16,1048576,1,1,1.1827306747436523,0.4981743812561035,112128,1207959552,0.005524782929569483
13,16,4,4,decode,bfloat16,1048576,8,1,2.7264747619628906,2.3368192672729493,886784,9663676416,0.005524782929569483
13,16,4,4,decode,bfloat16,1048576,32,1,10.031989415486654,9.818430328369141,3547136,38654705664,0.005524782929569483
13,16,4,4,prefill,bfloat16,1048576,1,128,39.14656066894531,,5395109376,1207959552,0.003520854515954852
13,16,4,4,prefill,bfloat16,1048576,1,1024,43.31817626953125,,5439260160,1207959552,0.003520854515954852
13,16,4,4,prefill,bfloat16,1048576,1,8192,121.68833414713542,,5795218944,1207959552,0.003520854515954852
13,16,2,8,decode,fp8_e4m3,1024,1,1,1.7929919560750325,0.10622080564498901,161280,589824,0.03470971807837486
13,16,2,8,decode,fp8_e4m3,1024,8,1,1.809066613515218,0.10932639837265015,1287168,4718592,0.03470971807837486
13,16,2,8,decode,fp8_e4m3,1024,32,1,1.5983467102050781,0.12314720153808593,6000640,18874368,0.03470971807837486
13,16,2,8,prefill,fp8_e4m3,1024,1,128,2.9816532135009766,,70624768,589824,0.0075984555296599865
13,16,2,8,prefill,fp8_e4m3,1024,1,1024,1.7461973826090496,,110232576,589824,0.0075984555296599865
13,16,2,8,decode,fp8_e4m3,8192,1,1,1.3922239939371746,0.11106560230255128,161280,4718592,0.03470971807837486
13,16,2,8,decode,fp8_e4m3,8192,8,1,2.1351893742879233,0.12093759775161743,1287168,37748736,0.03470971807837486
13,16,2,8,decode,fp8_e4m3,8192,32,1,1.8899200757344563,0.1475775957107544,6000640,150994944,0.03470971807837486
13,16,2,8,prefill,fp8_e4m3,8192,1,128,2.9209067026774087,,393676288,4718592,0.0075984555296599865
13,16,2,8,prefill,fp8_e4m3,8192,1,1024,3.321290651957194,,496961024,4718592,0.0075984555296599865
13,16,2,8,prefill,fp8_e4m3,8192,1,8192,2.945866584777832,,837813248,4718592,0.0075984555296599865
13,16,2,8,decode,fp8_e4m3,32768,1,1,1.9832960764567058,0.11904640197753906,161280,18874368,0.03470971807837486
13,16,2,8,decode,fp8_e4m3,32768,8,1,1.3713812828063965,0.13841439485549928,1287168,150994944,0.03470971807837486
13,16,2,8,decode,fp8_e4m3,32768,32,1,1.6722346941630046,0.23445279598236085,6000640,603979776,0.03470971807837486
13,16,2,8,prefill,fp8_e4m3,32768,1,128,3.5005760192871094,,1507075584,18874368,0.0075984555296599865
13,16,2,8,prefill,fp8_e4m3,32768,1,1024,3.7514025370279946,,1610417664,18874368,0.0075984555296599865
13,16,2,8,prefill,fp8_e4m3,32768,1,8192,9.220479965209961,,2448557568,18874368,0.0075984555296599865
13,16,2,8,decode,fp8_e4m3,131072,1,1,1.90939728418986,0.1371791958808899,161280,75497472,0.03470971807837486
13,16,2,8,decode,fp8_e4m3,131072,8,1,1.8503360748291016,0.219979190826416,1287168,603979776,0.03470971807837486
13,16,2,8,decode,fp8_e4m3,131072,32,1,1.7344640096028645,0.5649168014526367,6000640,2415919104,0.03470971807837486
13,16,2,8,prefill,fp8_e4m3,131072,1,128,9.054250717163086,,5962081792,75497472,0.0075984555296599865
13,16,2,8,prefill,fp8_e4m3,131072,1,1024,11.43886947631836,,6064768512,75497472,0.0075984555296599865
13,16,2,8,prefill,fp8_e4m3,131072,1,8192,29.0394770304362,,6902777344,75497472,0.0075984555296599865
13,16,2,8,decode,fp8_e4m3,524288,1,1,2.1335360209147134,0.19250400066375734,161280,301989888,0.03470971807837486
13,16,2,8,decode,fp8_e4m3,524288,8,1,2.1524160703023276,0.5206672191619873,1287168,2415919104,0.03470971807837486
13,16,2,8,decode,fp8_e4m3,524288,32,1,2.3305919965108237,1.99736328125,6000640,9663676416,0.03470971807837486
13,16,2,8,prefill,fp8_e4m3,524288,1,128,32.42353057861328,,8828315136,301989888,0.0075984555296599865
13,16,2,8,prefill,fp8_e4m3,524288,1,1024,42.1153818766276,,8915584512,301989888,0.0075984555296599865
13,16,2,8,prefill,fp8_e4m3,524288,1,8192,114.387939453125,,9626584576,301989888,0.0075984555296599865
13,16,2,8,decode,fp8_e4m3,1048576,1,1,1.7544426918029785,0.26575679779052735,161280,603979776,0.03470971807837486
13,16,2,8,decode,fp8_e4m3,1048576,8,1,1.8976532618204753,0.9347616195678711,1287168,4831838208,0.03470971807837486
13,16,2,8,decode,fp8_e4m3,1048576,32,1,3.8936214447021484,4.069305419921875,5148672,19327352832,0.03470971807837486
13,16,2,8,prefill,fp8_e4m3,1048576,1,128,63.28977966308594,,9431377408,603979776,0.0075984555296599865
13,16,2,8,prefill,fp8_e4m3,1048576,1,1024,83.08700561523438,,9519564288,603979776,0.0075984555296599865
13,16,2,8,prefill,fp8_e4m3,1048576,1,8192,228.99066162109375,,10229515776,603979776,0.0075984555296599865
13,16,2,8,decode,bfloat16,1024,1,1,1.9705173174540203,0.10261600017547608,139776,1179648,0.004783360753208399
13,16,2,8,decode,bfloat16,1024,8,1,1.802517255147298,0.10787039995193481,1115136,9437184,0.004783360753208399
13,16,2,8,decode,bfloat16,1024,32,1,1.644586722056071,0.12655999660491943,5312512,37748736,0.004783360753208399
13,16,2,8,prefill,bfloat16,1024,1,128,2.8637545903523765,,69576192,1179648,0.001843483536504209
13,16,2,8,prefill,bfloat16,1024,1,1024,1.6133012771606445,,110494720,1179648,0.001843483536504209
13,16,2,8,decode,bfloat16,8192,1,1,1.9556159973144531,0.10887199640274048,139776,9437184,0.004783360753208399
13,16,2,8,decode,bfloat16,8192,8,1,1.8032746315002441,0.1229200005531311,1115136,75497472,0.004783360753208399
13,16,2,8,decode,bfloat16,8192,32,1,1.6190293629964192,0.16853920221328736,5312512,301989888,0.004783360753208399
13,16,2,8,prefill,bfloat16,8192,1,128,3.050175984700521,,393733632,9437184,0.001843483536504209
13,16,2,8,prefill,bfloat16,8192,1,1024,3.070709228515625,,496961024,9437184,0.001843483536504209
13,16,2,8,prefill,bfloat16,8192,1,8192,2.872778574625651,,838206464,9437184,0.001843483536504209
13,16,2,8,decode,bfloat16,32768,1,1,1.904373327891032,0.12298239469528198,139776,37748736,0.004783360753208399
13,16,2,8,decode,bfloat16,32768,8,1,1.9187520345052083,0.1579375982284546,1115136,301989888,0.004783360753208399
13,16,2,8,decode,bfloat16,32768,32,1,1.70852263768514,0.32342560291290284,5312512,1207959552,0.004783360753208399
13,16,2,8,prefill,bfloat16,32768,1,128,4.073109308878581,,1507730944,37748736,0.001843483536504209
13,16,2,8,prefill,bfloat16,32768,1,1024,4.105087916056315,,1610417664,37748736,0.001843483536504209
13,16,2,8,prefill,bfloat16,32768,1,8192,9.100032170613607,,2449475072,37748736,0.001843483536504209
13,16,2,8,decode,bfloat16,131072,1,1,1.8545066515604656,0.14334880113601683,139776,150994944,0.004783360753208399
13,16,2,8,decode,bfloat16,131072,8,1,1.2693973382314045,0.33030240535736083,1115136,1207959552,0.004783360753208399
13,16,2,8,decode,bfloat16,131072,32,1,1.7726507186889648,0.9521743774414062,5312512,4831838208,0.004783360753208399
13,16,2,8,prefill,bfloat16,131072,1,128,8.73577626546224,,5962081792,150994944,0.001843483536504209
13,16,2,8,prefill,bfloat16,131072,1,1024,11.213194529215494,,6064768512,150994944,0.001843483536504209
13,16,2,8,prefill,bfloat16,131072,1,8192,29.366185506184895,,6902777344,150994944,0.001843483536504209
13,16,2,8,decode,bfloat16,524288,1,1,1.925066630045573,0.23848960399627686,139776,603979776,0.004783360753208399
13,16,2,8,decode,bfloat16,524288,8,1,1.9560000101725261,0.9115887641906738,1115136,4831838208,0.004783360753208399
13,16,2,8,decode,bfloat16,524288,32,1,3.8010988235473633,3.6860000610351564,5312512,19327352832,0.004783360753208399
13,16,2,8,prefill,bfloat16,524288,1,128,31.417002360026043,,8828315136,603979776,0.001843483536504209
13,16,2,8,prefill,bfloat16,524288,1,1024,41.451210021972656,,8915584512,603979776,0.001843483536504209
13,16,2,8,prefill,bfloat16,524288,1,8192,115.43037923177083,,9626584576,603979776,0.001843483536504209
13,16,2,8,decode,bfloat16,1048576,1,1,1.637781302134196,0.363971209526062,139776,1207959552,0.004783360753208399
13,16,2,8,decode,bfloat16,1048576,8,1,2.0362559954325357,1.7276224136352538,1115136,9663676416,0.004783360753208399
13,16,2,8,decode,bfloat16,1048576,32,1,7.059455871582031,7.422325134277344,4460544,38654705664,0.004783360753208399
13,16,2,8,prefill,bfloat16,1048576,1,128,61.73762003580729,,9431377408,1207959552,0.001843483536504209
13,16,2,8,prefill,bfloat16,1048576,1,1024,81.6104736328125,,9519564288,1207959552,0.001843483536504209
13,16,2,8,prefill,bfloat16,1048576,1,8192,231.9101765950521,,10230564352,1207959552,0.001843483536504209
13,16,1,16,decode,fp8_e4m3,1024,1,1,1.1403520107269287,0.1283792018890381,317952,589824,0.034656696021556854
13,16,1,16,decode,fp8_e4m3,1024,8,1,1.2695999940236409,0.1312991976737976,2540544,4718592,0.034656696021556854
14,16,16,1,decode,fp8_e4m3,1024,1,1,2.0610879262288413,0.11258399486541748,31744,589824,0.03509664535522461
14,16,16,1,decode,fp8_e4m3,1024,8,1,1.9999465942382812,0.10485600233078003,246784,4718592,0.03509664535522461
14,16,16,1,decode,fp8_e4m3,1024,32,1,1.684127966562907,0.11571520566940308,987136,18874368,0.03509664535522461
14,16,16,1,prefill,fp8_e4m3,1024,1,128,2.958165486653646,,11076096,589824,0.0076119983568787575
14,16,16,1,prefill,fp8_e4m3,1024,1,1024,1.7110613187154133,,29361152,589824,0.0076119983568787575
14,16,16,1,decode,fp8_e4m3,8192,1,1,1.9836373329162598,0.11364799737930298,31744,4718592,0.03509664535522461
14,16,16,1,decode,fp8_e4m3,8192,8,1,1.7370559374491374,0.1176800012588501,246784,37748736,0.03509664535522461
14,16,16,1,decode,fp8_e4m3,8192,32,1,1.7163947423299153,0.15887680053710937,987136,150994944,0.03509664535522461
14,16,16,1,prefill,fp8_e4m3,8192,1,128,2.967679977416992,,65438208,4718592,0.0076119983568787575
14,16,16,1,prefill,fp8_e4m3,8192,1,1024,2.5421226819356284,,80209408,4718592,0.0076119983568787575
14,16,16,1,prefill,fp8_e4m3,8192,1,8192,1.6953493754069011,,215745536,4718592,0.0076119983568787575
14,16,16,1,decode,fp8_e4m3,32768,1,1,1.8878827095031738,0.1280079960823059,31744,18874368,0.03509664535522461
14,16,16,1,decode,fp8_e4m3,32768,8,1,1.9448639551798503,0.1565392017364502,246784,150994944,0.03509664535522461
14,16,16,1,decode,fp8_e4m3,32768,32,1,1.6466453870137532,0.2270832061767578,987136,603979776,0.03509664535522461
14,16,16,1,prefill,fp8_e4m3,32768,1,128,3.0115200678507485,,254820864,18874368,0.0076119983568787575
14,16,16,1,prefill,fp8_e4m3,32768,1,1024,2.984874725341797,,268297728,18874368,0.0076119983568787575
14,16,16,1,prefill,fp8_e4m3,32768,1,8192,3.199157396952311,,363529728,18874368,0.0076119983568787575
14,16,16,1,decode,fp8_e4m3,131072,1,1,1.9899946848551433,0.1507904052734375,31744,75497472,0.03509664535522461
14,16,16,1,decode,fp8_e4m3,131072,8,1,2.014047940572103,0.22076959609985353,246784,603979776,0.03509664535522461
14,16,16,1,decode,fp8_e4m3,131072,32,1,1.7176106770833333,0.48951358795166017,987136,2415919104,0.03509664535522461
14,16,16,1,prefill,fp8_e4m3,131072,1,128,4.06005318959554,,1010139648,75497472,0.0076119983568787575
14,16,16,1,prefill,fp8_e4m3,131072,1,1024,4.470143953959147,,1021568512,75497472,0.0076119983568787575
14,16,16,1,prefill,fp8_e4m3,131072,1,8192,6.524586359659831,,1119553024,75497472,0.0076119983568787575
14,16,16,1,decode,fp8_e4m3,524288,1,1,2.0606187184651694,0.19030879735946654,31744,301989888,0.03509664535522461
14,16,16,1,decode,fp8_e4m3,524288,8,1,2.05458132425944,0.46738557815551757,246784,2415919104,0.03509664535522461
14,16,16,1,decode,fp8_e4m3,524288,32,1,2.118389288584391,1.5408991813659667,987136,9663676416,0.03509664535522461
14,16,16,1,prefill,fp8_e4m3,524288,1,128,12.712298075358072,,1764125184,301989888,0.0076119983568787575
14,16,16,1,prefill,fp8_e4m3,524288,1,1024,14.335562388102213,,1776756224,301989888,0.0076119983568787575
14,16,16,1,prefill,fp8_e4m3,524288,1,8192,21.8087895711263,,1864697344,301989888,0.0076119983568787575
14,16,16,1,decode,fp8_e4m3,1048576,1,1,2.1123199462890625,0.24463839530944825,31744,603979776,0.03509664535522461
14,16,16,1,decode,fp8_e4m3,1048576,8,1,2.0966933568318686,0.8033727645874024,246784,4831838208,0.03509664535522461
14,16,16,1,decode,fp8_e4m3,1048576,32,1,3.3457600275675454,2.9630464553833007,987136,19327352832,0.03509664535522461
14,16,16,1,prefill,fp8_e4m3,1048576,1,128,24.024981180826824,,2368104960,603979776,0.0076119983568787575
14,16,16,1,prefill,fp8_e4m3,1048576,1,1024,27.57207489013672,,2381260288,603979776,0.0076119983568787575
14,16,16,1,prefill,fp8_e4m3,1048576,1,8192,42.22296651204427,,2468677120,603979776,0.0076119983568787575
14,16,16,1,decode,bfloat16,1024,1,1,2.000586668650309,0.10694719552993774,31744,1179648,0.006898726802319288
14,16,16,1,decode,bfloat16,1024,8,1,1.7171626091003418,0.10251840353012084,246784,9437184,0.006898726802319288
14,16,16,1,decode,bfloat16,1024,32,1,1.6660480499267578,0.134171199798584,987136,37748736,0.006898726802319288
14,16,16,1,prefill,bfloat16,1024,1,128,3.082357406616211,,11272704,1179648,0.001956015592440963
14,16,16,1,prefill,bfloat16,1024,1,1024,1.7382933298746746,,28967936,1179648,0.001956015592440963
14,16,16,1,decode,bfloat16,8192,1,1,2.028864065806071,0.11230239868164063,31744,9437184,0.006898726802319288
14,16,16,1,decode,bfloat16,8192,8,1,1.9242347081502278,0.1422160029411316,246784,75497472,0.006898726802319288
14,16,16,1,decode,bfloat16,8192,32,1,1.646399974822998,0.1860159993171692,987136,301989888,0.006898726802319288
14,16,16,1,prefill,bfloat16,8192,1,128,3.0647147496541343,,65438208,9437184,0.001956015592440963
14,16,16,1,prefill,bfloat16,8192,1,1024,2.9751574198404946,,79554048,9437184,0.001956015592440963
14,16,16,1,prefill,bfloat16,8192,1,8192,1.8147625923156738,,215745536,9437184,0.001956015592440963
14,16,16,1,decode,bfloat16,32768,1,1,1.9998292922973633,0.13751360177993774,31744,37748736,0.006898726802319288
14,16,16,1,decode,bfloat16,32768,8,1,1.9802133242289226,0.1796015977859497,246784,301989888,0.006898726802319288
14,16,16,1,decode,bfloat16,32768,32,1,1.682794729868571,0.3396048069000244,987136,1207959552,0.006898726802319288
14,16,16,1,prefill,bfloat16,32768,1,128,3.1781654357910156,,254820864,37748736,0.001956015592440963
14,16,16,1,prefill,bfloat16,32768,1,1024,3.0950826009114585,,268297728,37748736,0.001956015592440963
14,16,16,1,prefill,bfloat16,32768,1,8192,3.071157455444336,,363529728,37748736,0.001956015592440963
14,16,16,1,decode,bfloat16,131072,1,1,2.0267093976338706,0.16141279935836791,31744,150994944,0.006898726802319288
14,16,16,1,decode,bfloat16,131072,8,1,2.017973264058431,0.34046719074249265,246784,1207959552,0.006898726802319288
14,16,16,1,decode,bfloat16,131072,32,1,1.5704533259073894,0.9498640060424804,987136,4831838208,0.006898726802319288
14,16,16,1,prefill,bfloat16,131072,1,128,3.6184746424357095,,1010139648,150994944,0.001956015592440963
14,16,16,1,prefill,bfloat16,131072,1,1024,4.292874654134114,,1023272448,150994944,0.001956015592440963
14,16,16,1,prefill,bfloat16,131072,1,8192,6.29970105489095,,1119553024,150994944,0.001956015592440963
14,16,16,1,decode,bfloat16,524288,1,1,2.1043200492858887,0.24943039417266846,31744,603979776,0.006898726802319288
14,16,16,1,decode,bfloat16,524288,8,1,2.156266689300537,0.9074607849121094,246784,4831838208,0.006898726802319288
14,16,16,1,decode,bfloat16,524288,32,1,3.7066027323404946,3.4011119842529296,987136,19327352832,0.006898726802319288
14,16,16,1,prefill,bfloat16,524288,1,128,12.079114278157553,,1764125184,603979776,0.001956015592440963
14,16,16,1,prefill,bfloat16,524288,1,1024,13.671733856201172,,1776756224,603979776,0.001956015592440963
14,16,16,1,prefill,bfloat16,524288,1,8192,21.1484375,,1864697344,603979776,0.001956015592440963
14,16,16,1,decode,bfloat16,1048576,1,1,1.8188907305399578,0.36383039951324464,31744,1207959552,0.006898726802319288
14,16,16,1,decode,bfloat16,1048576,8,1,1.9540160497029622,1.6874271392822267,246784,9663676416,0.006898726802319288
14,16,16,1,decode,bfloat16,1048576,32,1,6.803082784016927,6.5787406921386715,987136,38654705664,0.006898726802319288
14,16,16,1,prefill,bfloat16,1048576,1,128,22.60741424560547,,2368104960,1207959552,0.001956015592440963
14,16,16,1,prefill,bfloat16,1048576,1,1024,26.336148579915363,,2381260288,1207959552,0.001956015592440963
14,16,16,1,prefill,bfloat16,1048576,1,8192,40.71826171875,,2468677120,1207959552,0.001956015592440963
14,16,8,2,decode,fp8_e4m3,1024,1,1,1.8998932838439941,0.0923744022846222,44032,589824,0.03501495346426964
14,16,8,2,decode,fp8_e4m3,1024,8,1,1.7916372617085774,0.09665759801864623,347136,4718592,0.03501495346426964
14,16,8,2,decode,fp8_e4m3,1024,32,1,1.438111941019694,0.10902719497680664,1388544,18874368,0.03501495346426964
14,16,8,2,prefill,fp8_e4m3,1024,1,128,2.718869209289551,,18824704,589824,0.008806233294308186
14,16,8,2,prefill,fp8_e4m3,1024,1,1024,1.1646933555603027,,39846912,589824,0.008806233294308186
14,16,8,2,decode,fp8_e4m3,8192,1,1,1.8600853284200032,0.0970848023891449,44032,4718592,0.03501495346426964
14,16,8,2,decode,fp8_e4m3,8192,8,1,1.4684054056803386,0.113811194896698,347136,37748736,0.03501495346426964
14,16,8,2,decode,fp8_e4m3,8192,32,1,1.0473600228627522,0.13411519527435303,1388544,150994944,0.03501495346426964
14,16,8,2,prefill,fp8_e4m3,8192,1,128,2.504682699839274,,113786368,4718592,0.008806233294308186
14,16,8,2,prefill,fp8_e4m3,8192,1,1024,2.03549861907959,,140494336,4718592,0.008806233294308186
14,16,8,2,prefill,fp8_e4m3,8192,1,8192,1.4803519248962402,,304612352,4718592,0.008806233294308186
14,16,8,2,decode,fp8_e4m3,32768,1,1,1.862496058146159,0.11365599632263183,44032,18874368,0.03501495346426964
14,16,8,2,decode,fp8_e4m3,32768,8,1,1.4794452985127766,0.1325503945350647,347136,150994944,0.03501495346426964
14,16,8,2,decode,fp8_e4m3,32768,32,1,1.4222079912821453,0.2028831958770752,1388544,603979776,0.03501495346426964
14,16,8,2,prefill,fp8_e4m3,32768,1,128,2.3208319346110025,,434945536,18874368,0.008806233294308186
14,16,8,2,prefill,fp8_e4m3,32768,1,1024,3.0160853068033853,,462407168,18874368,0.008806233294308186
14,16,8,2,prefill,fp8_e4m3,32768,1,8192,3.845002810160319,,662046208,18874368,0.008806233294308186
14,16,8,2,decode,fp8_e4m3,131072,1,1,1.4255679448445637,0.12874239683151245,44032,75497472,0.03501495346426964
14,16,8,2,decode,fp8_e4m3,131072,8,1,1.44487460454305,0.1989840030670166,347136,603979776,0.03501495346426964
14,16,8,2,decode,fp8_e4m3,131072,32,1,1.419413407643636,0.46287841796875,1388544,2415919104,0.03501495346426964
14,16,8,2,prefill,fp8_e4m3,131072,1,128,4.1888532638549805,,1718402560,75497472,0.008806233294308186
14,16,8,2,prefill,fp8_e4m3,131072,1,1024,4.779360135396321,,1744815616,75497472,0.008806233294308186
14,16,8,2,prefill,fp8_e4m3,131072,1,8192,8.768224080403646,,1945503232,75497472,0.008806233294308186
14,16,8,2,decode,fp8_e4m3,524288,1,1,1.4459306399027507,0.16725120544433594,44032,301989888,0.03501495346426964
14,16,8,2,decode,fp8_e4m3,524288,8,1,1.4725440343221028,0.4461775779724121,347136,2415919104,0.03501495346426964
14,16,8,2,decode,fp8_e4m3,524288,32,1,1.8884053230285645,1.5183456420898438,1388544,9663676416,0.03501495346426964
14,16,8,2,prefill,fp8_e4m3,524288,1,128,15.303423563639322,,2773388800,301989888,0.008806233294308186
14,16,8,2,prefill,fp8_e4m3,524288,1,1024,17.15676752726237,,2795128320,301989888,0.008806233294308186
14,16,8,2,prefill,fp8_e4m3,524288,1,8192,32.19592539469401,,2973369856,301989888,0.008806233294308186
14,16,8,2,decode,fp8_e4m3,1048576,1,1,2.0016533533732095,0.2221760034561157,44032,603979776,0.03501495346426964
14,16,8,2,decode,fp8_e4m3,1048576,8,1,1.9445546468098958,0.7782944202423095,347136,4831838208,0.03501495346426964
14,16,8,2,decode,fp8_e4m3,1048576,32,1,3.271007855733236,2.9849679946899412,1388544,19327352832,0.03501495346426964
14,16,8,2,prefill,fp8_e4m3,1048576,1,128,29.474761962890625,,3377368576,603979776,0.008806233294308186
14,16,8,2,prefill,fp8_e4m3,1048576,1,1024,33.35543568929037,,3399501312,603979776,0.008806233294308186
14,16,8,2,prefill,fp8_e4m3,1048576,1,8192,63.3731435139974,,3577349632,603979776,0.008806233294308186
14,16,8,2,decode,bfloat16,1024,1,1,1.9117013613382976,0.08924800157546997,43520,1179648,0.006444955710321665
14,16,8,2,decode,bfloat16,1024,8,1,1.9421760241190593,0.09454560279846191,345088,9437184,0.006444955710321665
14,16,8,2,decode,bfloat16,1024,32,1,1.4497920672098796,0.11106560230255128,1380352,37748736,0.006444955710321665
14,16,8,2,prefill,bfloat16,1024,1,128,2.729397455851237,,18824704,1179648,0.0047883158549666405
14,16,8,2,prefill,bfloat16,1024,1,1024,1.5377386411031086,,39846912,1179648,0.0047883158549666405
14,16,8,2,decode,bfloat16,8192,1,1,2.0641279220581055,0.09485920071601868,43520,9437184,0.006444955710321665
14,16,8,2,decode,bfloat16,8192,8,1,2.105269273122152,0.1199728012084961,345088,75497472,0.006444955710321665
14,16,8,2,decode,bfloat16,8192,32,1,1.620255947113037,0.16133439540863037,1380352,301989888,0.006444955710321665
14,16,8,2,prefill,bfloat16,8192,1,128,3.0072107315063477,,113786368,9437184,0.0047883158549666405
14,16,8,2,prefill,bfloat16,8192,1,1024,2.850207964579264,,140494336,9437184,0.0047883158549666405
14,16,8,2,prefill,bfloat16,8192,1,8192,1.4566720326741536,,304612352,9437184,0.0047883158549666405
14,16,8,2,decode,bfloat16,32768,1,1,2.019872029622396,0.11614400148391724,43520,37748736,0.006444955710321665
14,16,8,2,decode,bfloat16,32768,8,1,1.5261653264363606,0.1569200038909912,345088,301989888,0.006444955710321665
14,16,8,2,decode,bfloat16,32768,32,1,1.5291306177775066,0.31562879085540774,1380352,1207959552,0.006444955710321665
14,16,8,2,prefill,bfloat16,32768,1,128,3.066165288289388,,434945536,37748736,0.0047883158549666405
14,16,8,2,prefill,bfloat16,32768,1,1024,2.2242773373921714,,461882880,37748736,0.0047883158549666405
14,16,8,2,prefill,bfloat16,32768,1,8192,3.8384532928466797,,663094784,37748736,0.0047883158549666405
14,16,8,2,decode,bfloat16,131072,1,1,2.096842606862386,0.1375615954399109,43520,150994944,0.006444955710321665
14,16,8,2,decode,bfloat16,131072,8,1,1.8427200317382812,0.3201215982437134,345088,1207959552,0.006444955710321665
14,16,8,2,decode,bfloat16,131072,32,1,1.5274027188618977,0.9291952133178711,1380352,4831838208,0.006444955710321665
14,16,8,2,prefill,bfloat16,131072,1,128,4.507583936055501,,1718402560,150994944,0.0047883158549666405
14,16,8,2,prefill,bfloat16,131072,1,1024,4.867541313171387,,1745339904,150994944,0.0047883158549666405
14,16,8,2,prefill,bfloat16,131072,1,8192,8.832533518473307,,1945503232,150994944,0.0047883158549666405
14,16,8,2,decode,bfloat16,524288,1,1,1.4128959973653157,0.22713921070098878,43520,603979776,0.006444955710321665
14,16,8,2,decode,bfloat16,524288,8,1,2.1682772636413574,0.8854063987731934,345088,4831838208,0.006444955710321665
14,16,8,2,decode,bfloat16,524288,32,1,3.619285265604655,3.3805263519287108,1380352,19327352832,0.006444955710321665
14,16,8,2,prefill,bfloat16,524288,1,128,14.197344462076822,,2773388800,603979776,0.0047883158549666405
14,16,8,2,prefill,bfloat16,524288,1,1024,16.501963297526043,,2795521536,603979776,0.0047883158549666405
14,16,8,2,prefill,bfloat16,524288,1,8192,31.61718495686849,,2973369856,603979776,0.0047883158549666405
14,16,8,2,decode,bfloat16,1048576,1,1,2.174250602722168,0.3441823959350586,43520,1207959552,0.006444955710321665
14,16,8,2,decode,bfloat16,1048576,8,1,2.482250690460205,1.6613248825073241,345088,9663676416,0.006444955710321665
14,16,8,2,decode,bfloat16,1048576,32,1,6.946933110555013,6.587179565429688,1380352,38654705664,0.006444955710321665
14,16,8,2,prefill,bfloat16,1048576,1,128,27.987637837727863,,3377368576,1207959552,0.0047883158549666405
14,16,8,2,prefill,bfloat16,1048576,1,1024,31.80811818440755,,3399501312,1207959552,0.0047883158549666405
14,16,8,2,prefill,bfloat16,1048576,1,8192,62.08504740397135,,3577349632,1207959552,0.0047883158549666405
14,16,4,4,decode,fp8_e4m3,1024,1,1,1.7121814092000325,0.10595359802246093,107520,589824,0.03481585159897804
14,16,4,4,decode,fp8_e4m3,1024,8,1,1.4895787239074707,0.10897760391235352,849920,4718592,0.03481585159897804
14,16,4,4,decode,fp8_e4m3,1024,32,1,1.5780480702718098,0.11579519510269165,3399680,18874368,0.03481585159897804
14,16,4,4,prefill,fp8_e4m3,1024,1,128,2.9381545384724936,,35304960,589824,0.008163205347955227
14,16,4,4,prefill,fp8_e4m3,1024,1,1024,1.5010453859965007,,63046656,589824,0.008163205347955227
14,16,4,4,decode,fp8_e4m3,8192,1,1,1.8727466265360515,0.11073119640350342,107520,4718592,0.03481585159897804
14,16,4,4,decode,fp8_e4m3,8192,8,1,1.2035306294759114,0.11877280473709106,849920,37748736,0.03481585159897804
14,16,4,4,decode,fp8_e4m3,8192,32,1,1.5827840169270833,0.1477455973625183,3399680,150994944,0.03481585159897804
14,16,4,4,prefill,fp8_e4m3,8192,1,128,2.8688319524129233,,207885824,4718592,0.008163205347955227
14,16,4,4,prefill,fp8_e4m3,8192,1,1024,2.8294506072998047,,258442752,4718592,0.008163205347955227
14,16,4,4,prefill,fp8_e4m3,8192,1,8192,1.8731093406677246,,482345984,4718592,0.008163205347955227
14,16,4,4,decode,fp8_e4m3,32768,1,1,1.9143679936726887,0.11705280542373657,107520,18874368,0.03481585159897804
14,16,4,4,decode,fp8_e4m3,32768,8,1,1.1886719862620037,0.1440592050552368,849920,150994944,0.03481585159897804
14,16,4,4,decode,fp8_e4m3,32768,32,1,1.7211306889851887,0.253004789352417,3399680,603979776,0.03481585159897804
14,16,4,4,prefill,fp8_e4m3,32768,1,128,3.5865707397460938,,793441792,18874368,0.008163205347955227
14,16,4,4,prefill,fp8_e4m3,32768,1,1024,2.669109344482422,,843941376,18874368,0.008163205347955227
14,16,4,4,prefill,fp8_e4m3,32768,1,8192,5.374048233032227,,1257113088,18874368,0.008163205347955227
14,16,4,4,decode,fp8_e4m3,131072,1,1,1.7456852595011394,0.13410240411758423,107520,75497472,0.03481585159897804
14,16,4,4,decode,fp8_e4m3,131072,8,1,1.7496320406595867,0.24087998867034913,849920,603979776,0.03481585159897804
14,16,4,4,decode,fp8_e4m3,131072,32,1,1.1936960220336914,0.6623760223388672,3399680,2415919104,0.03481585159897804
14,16,4,4,prefill,fp8_e4m3,131072,1,128,5.611594518025716,,3134010880,75497472,0.008163205347955227
14,16,4,4,prefill,fp8_e4m3,131072,1,1024,6.3226877848307295,,3183969792,75497472,0.008163205347955227
14,16,4,4,prefill,fp8_e4m3,131072,1,8192,15.88803227742513,,3597534720,75497472,0.008163205347955227
14,16,4,4,decode,fp8_e4m3,524288,1,1,1.3175360361735027,0.20176639556884765,107520,301989888,0.03481585159897804
14,16,4,4,decode,fp8_e4m3,524288,8,1,1.7755626042683919,0.617249584197998,849920,2415919104,0.03481585159897804
14,16,4,4,decode,fp8_e4m3,524288,32,1,2.571242650349935,2.371940803527832,3399680,9663676416,0.03481585159897804
14,16,4,4,prefill,fp8_e4m3,524288,1,128,20.291744232177734,,4791129600,301989888,0.008163205347955227
14,16,4,4,prefill,fp8_e4m3,524288,1,1024,22.404192606608074,,4835411456,301989888,0.008163205347955227
14,16,4,4,prefill,fp8_e4m3,524288,1,8192,60.88532511393229,,5191239168,301989888,0.008163205347955227
14,16,4,4,decode,fp8_e4m3,1048576,1,1,2.0016959508260093,0.2928015947341919,107520,603979776,0.03481585159897804
14,16,4,4,decode,fp8_e4m3,1048576,8,1,1.5535146395365398,1.1248319625854493,849920,4831838208,0.03481585159897804
14,16,4,4,decode,fp8_e4m3,1048576,32,1,4.755519866943359,4.69366569519043,3399680,19327352832,0.03481585159897804
14,16,4,4,prefill,fp8_e4m3,1048576,1,128,40.782676696777344,,5395109376,603979776,0.008163205347955227
14,16,4,4,prefill,fp8_e4m3,1048576,1,1024,44.81653340657552,,5439391232,603979776,0.008163205347955227
14,16,4,4,prefill,fp8_e4m3,1048576,1,8192,121.7138163248698,,5795218944,603979776,0.008163205347955227
14,16,4,4,decode,bfloat16,1024,1,1,1.5922880172729492,0.10337120294570923,112128,1179648,0.005524782929569483
14,16,4,4,decode,bfloat16,1024,8,1,1.5553174018859863,0.10528800487518311,886784,9437184,0.005524782929569483
14,16,4,4,decode,bfloat16,1024,32,1,1.4839785893758137,0.11762239933013915,3547136,37748736,0.005524782929569483
14,16,4,4,prefill,bfloat16,1024,1,128,2.835082689921061,,36746752,1179648,0.003520854515954852
14,16,4,4,prefill,bfloat16,1024,1,1024,1.5850987434387207,,63833088,1179648,0.003520854515954852
14,16,4,4,decode,bfloat16,8192,1,1,1.1578346888224285,0.10797760486602784,112128,9437184,0.005524782929569483
14,16,4,4,decode,bfloat16,8192,8,1,1.6806613604227703,0.1234928011894226,886784,75497472,0.005524782929569483
14,16,4,4,decode,bfloat16,8192,32,1,1.0378986994425456,0.1839743971824646,3547136,301989888,0.005524782929569483
14,16,4,4,prefill,bfloat16,8192,1,128,2.9342613220214844,,207402496,9437184,0.003520854515954852
14,16,4,4,prefill,bfloat16,8192,1,1024,2.003594716389974,,258442752,9437184,0.003520854515954852
14,16,4,4,prefill,bfloat16,8192,1,8192,1.9866453806559246,,482739200,9437184,0.003520854515954852
14,16,4,4,decode,bfloat16,32768,1,1,1.142527977625529,0.1194640040397644,112128,37748736,0.005524782929569483
14,16,4,4,decode,bfloat16,32768,8,1,1.1372480392456055,0.18024959564208984,886784,301989888,0.005524782929569483
14,16,4,4,decode,bfloat16,32768,32,1,1.0513599713643391,0.41050238609313966,3547136,1207959552,0.005524782929569483
14,16,4,4,prefill,bfloat16,32768,1,128,2.5435733795166016,,793982464,37748736,0.003520854515954852
14,16,4,4,prefill,bfloat16,32768,1,1024,3.452885309855143,,843548160,37748736,0.003520854515954852
14,16,4,4,prefill,bfloat16,32768,1,8192,5.318335851033528,,1257113088,37748736,0.003520854515954852
14,16,4,4,decode,bfloat16,131072,1,1,1.1590933005015056,0.15576159954071045,112128,150994944,0.005524782929569483
14,16,4,4,decode,bfloat16,131072,8,1,1.156160036722819,0.38644158840179443,886784,1207959552,0.005524782929569483
14,16,4,4,decode,bfloat16,131072,32,1,1.8006505966186523,1.3204832077026367,3547136,4831838208,0.005524782929569483
14,16,4,4,prefill,bfloat16,131072,1,128,5.401664098103841,,3134010880,150994944,0.003520854515954852
14,16,4,4,prefill,bfloat16,131072,1,1024,6.022080103556315,,3183838720,150994944,0.003520854515954852
14,16,4,4,prefill,bfloat16,131072,1,8192,16.1067632039388,,3597927936,150994944,0.003520854515954852
14,16,4,4,decode,bfloat16,524288,1,1,1.767082691192627,0.30273919105529784,112128,603979776,0.005524782929569483
14,16,4,4,decode,bfloat16,524288,8,1,1.4956587155659993,1.2255264282226563,886784,4831838208,0.005524782929569483
14,16,4,4,decode,bfloat16,524288,32,1,5.2986453374226885,4.95660629272461,3547136,19327352832,0.005524782929569483
14,16,4,4,prefill,bfloat16,524288,1,128,20.05998992919922,,4791129600,603979776,0.003520854515954852
14,16,4,4,prefill,bfloat16,524288,1,1024,22.199595133463543,,4835280384,603979776,0.003520854515954852
14,16,4,4,prefill,bfloat16,524288,1,8192,60.88411966959635,,5191239168,603979776,0.003520854515954852
14,16,4,4,decode,bfloat16,1048576,1,1,1.183018684387207,0.4981520175933838,112128,1207959552,0.005524782929569483
14,16,4,4,decode,bfloat16,1048576,8,1,2.7336638768514,2.336919975280762,886784,9663676416,0.005524782929569483
14,16,4,4,decode,bfloat16,1048576,32,1,10.032000223795572,9.818598175048828,3547136,38654705664,0.005524782929569483
14,16,4,4,prefill,bfloat16,1048576,1,128,39.15293884277344,,5395109376,1207959552,0.003520854515954852
14,16,4,4,prefill,bfloat16,1048576,1,1024,43.32792663574219,,5439260160,1207959552,0.003520854515954852
14,16,4,4,prefill,bfloat16,1048576,1,8192,121.6924336751302,,5795218944,1207959552,0.003520854515954852
14,16,2,8,decode,fp8_e4m3,1024,1,1,1.3142399787902832,0.10584160089492797,161280,589824,0.03470971807837486
14,16,2,8,decode,fp8_e4m3,1024,8,1,1.3316160043080647,0.10992000102996827,1287168,4718592,0.03470971807837486
14,16,2,8,decode,fp8_e4m3,1024,32,1,1.282090663909912,0.12297760248184204,6000640,18874368,0.03470971807837486
14,16,2,8,prefill,fp8_e4m3,1024,1,128,1.999509334564209,,70624768,589824,0.0075984555296599865
14,16,2,8,prefill,fp8_e4m3,1024,1,1024,1.0991466840108235,,110232576,589824,0.0075984555296599865
14,16,2,8,decode,fp8_e4m3,8192,1,1,1.3366293907165527,0.11109440326690674,161280,4718592,0.03470971807837486
14,16,2,8,decode,fp8_e4m3,8192,8,1,1.2956159909566243,0.12037760019302368,1287168,37748736,0.03470971807837486
14,16,2,8,decode,fp8_e4m3,8192,32,1,1.1380053361256917,0.14760639667510986,6000640,150994944,0.03470971807837486
14,16,2,8,prefill,fp8_e4m3,8192,1,128,2.2116479873657227,,393676288,4718592,0.0075984555296599865
14,16,2,8,prefill,fp8_e4m3,8192,1,1024,2.2103039423624673,,496961024,4718592,0.0075984555296599865
14,16,2,8,prefill,fp8_e4m3,8192,1,8192,2.8387091954549155,,837813248,4718592,0.0075984555296599865
14,16,2,8,decode,fp8_e4m3,32768,1,1,1.3552106221516926,0.11995999813079834,161280,18874368,0.03470971807837486
14,16,2,8,decode,fp8_e4m3,32768,8,1,1.337301254272461,0.138644802570343,1287168,150994944,0.03470971807837486
14,16,2,8,decode,fp8_e4m3,32768,32,1,1.1741866270701091,0.23526721000671386,6000640,603979776,0.03470971807837486
14,16,2,8,prefill,fp8_e4m3,32768,1,128,3.3241599400838218,,1507075584,18874368,0.0075984555296599865
14,16,2,8,prefill,fp8_e4m3,32768,1,1024,3.7348693211873374,,1610417664,18874368,0.0075984555296599865
14,16,2,8,prefill,fp8_e4m3,32768,1,8192,8.893141428629557,,2448557568,18874368,0.0075984555296599865
14,16,2,8,decode,fp8_e4m3,131072,1,1,1.3367573420206706,0.1377408027648926,161280,75497472,0.03470971807837486
14,16,2,8,decode,fp8_e4m3,131072,8,1,1.3250880241394043,0.2200400114059448,1287168,603979776,0.03470971807837486
14,16,2,8,decode,fp8_e4m3,131072,32,1,1.1742826302846272,0.5658143997192383,6000640,2415919104,0.03470971807837486
14,16,2,8,prefill,fp8_e4m3,131072,1,128,8.48798942565918,,5962081792,75497472,0.0075984555296599865
14,16,2,8,prefill,fp8_e4m3,131072,1,1024,11.026687622070312,,6064768512,75497472,0.0075984555296599865
14,16,2,8,prefill,fp8_e4m3,131072,1,8192,29.525001525878906,,6902777344,75497472,0.0075984555296599865
14,16,2,8,decode,fp8_e4m3,524288,1,1,1.3007786273956299,0.19351040124893187,161280,301989888,0.03470971807837486
14,16,2,8,decode,fp8_e4m3,524288,8,1,1.3143466313680012,0.5261551856994628,1287168,2415919104,0.03470971807837486
14,16,2,8,decode,fp8_e4m3,524288,32,1,2.1230613390604653,2.059657669067383,6000640,9663676416,0.03470971807837486
14,16,2,8,prefill,fp8_e4m3,524288,1,128,31.645675659179688,,8828315136,301989888,0.0075984555296599865
14,16,2,8,prefill,fp8_e4m3,524288,1,1024,41.62851206461588,,8915584512,301989888,0.0075984555296599865
14,16,2,8,prefill,fp8_e4m3,524288,1,8192,116.02433268229167,,9626584576,301989888,0.0075984555296599865
14,16,2,8,decode,fp8_e4m3,1048576,1,1,1.324127991994222,0.2658080101013184,161280,603979776,0.03470971807837486
14,16,2,8,decode,fp8_e4m3,1048576,8,1,1.4321813583374023,0.9409423828125,1287168,4831838208,0.03470971807837486
14,16,2,8,decode,fp8_e4m3,1048576,32,1,3.8865493138631186,4.189238357543945,5148672,19327352832,0.03470971807837486
14,16,2,8,prefill,fp8_e4m3,1048576,1,128,62.49274698893229,,9431377408,603979776,0.0075984555296599865
14,16,2,8,prefill,fp8_e4m3,1048576,1,1024,82.37515767415364,,9519564288,603979776,0.0075984555296599865
14,16,2,8,prefill,fp8_e4m3,1048576,1,8192,234.05013020833334,,10229515776,603979776,0.0075984555296599865
14,16,2,8,decode,bfloat16,1024,1,1,1.3328959941864014,0.10306400060653687,139776,1179648,0.004783360753208399
14,16,2,8,decode,bfloat16,1024,8,1,1.2717973391215007,0.10800000429153442,1115136,9437184,0.004783360753208399
14,16,2,8,decode,bfloat16,1024,32,1,1.1287253697713215,0.12599680423736573,5312512,37748736,0.004783360753208399
14,16,2,8,prefill,bfloat16,1024,1,128,1.9034560521443684,,69576192,1179648,0.001843483536504209
14,16,2,8,prefill,bfloat16,1024,1,1024,1.0675733089447021,,110494720,1179648,0.001843483536504209
14,16,2,8,decode,bfloat16,8192,1,1,1.2932266394297283,0.10952639579772949,139776,9437184,0.004783360753208399
14,16,2,8,decode,bfloat16,8192,8,1,1.2561386426289876,0.12214560508728027,1115136,75497472,0.004783360753208399
14,16,2,8,decode,bfloat16,8192,32,1,1.0944533348083496,0.16860640048980713,5312512,301989888,0.004783360753208399
14,16,2,8,prefill,bfloat16,8192,1,128,2.195232073465983,,393733632,9437184,0.001843483536504209
14,16,2,8,prefill,bfloat16,8192,1,1024,2.1590293248494468,,496961024,9437184,0.001843483536504209
14,16,2,8,prefill,bfloat16,8192,1,8192,2.802218755086263,,838206464,9437184,0.001843483536504209
14,16,2,8,decode,bfloat16,32768,1,1,1.2366613547007244,0.12373119592666626,139776,37748736,0.004783360753208399
14,16,2,8,decode,bfloat16,32768,8,1,1.2541333039601643,0.15837440490722657,1115136,301989888,0.004783360753208399
14,16,2,8,decode,bfloat16,32768,32,1,1.13481601079305,0.3234528064727783,5312512,1207959552,0.004783360753208399
14,16,2,8,prefill,bfloat16,32768,1,128,3.286815961201986,,1507730944,37748736,0.001843483536504209
14,16,2,8,prefill,bfloat16,32768,1,1024,3.704415957132975,,1610417664,37748736,0.001843483536504209
14,16,2,8,prefill,bfloat16,32768,1,8192,8.981258392333984,,2449475072,37748736,0.001843483536504209
14,16,2,8,decode,bfloat16,131072,1,1,1.2630613644917805,0.14404319524765014,139776,150994944,0.004783360753208399
14,16,2,8,decode,bfloat16,131072,8,1,1.257152001063029,0.3305408000946045,1115136,1207959552,0.004783360753208399
14,16,2,8,decode,bfloat16,131072,32,1,1.2701653639475505,0.9536576271057129,5312512,4831838208,0.004783360753208399
14,16,2,8,prefill,bfloat16,131072,1,128,8.30406379699707,,5962081792,150994944,0.001843483536504209
14,16,2,8,prefill,bfloat16,131072,1,1024,10.884053548177084,,6064768512,150994944,0.001843483536504209
14,16,2,8,prefill,bfloat16,131072,1,8192,29.984458923339844,,6902777344,150994944,0.001843483536504209
14,16,2,8,decode,bfloat16,524288,1,1,1.2782399654388428,0.23922560214996338,139776,603979776,0.004783360753208399
14,16,2,8,decode,bfloat16,524288,8,1,1.3788800239562988,0.9114383697509766,1115136,4831838208,0.004783360753208399
14,16,2,8,decode,bfloat16,524288,32,1,3.697962760925293,3.7949214935302735,5312512,19327352832,0.004783360753208399
14,16,2,8,prefill,bfloat16,524288,1,128,31.093482971191406,,8828315136,603979776,0.001843483536504209
14,16,2,8,prefill,bfloat16,524288,1,1024,41.10406494140625,,8915584512,603979776,0.001843483536504209
14,16,2,8,prefill,bfloat16,524288,1,8192,118.71360270182292,,9626584576,603979776,0.001843483536504209
14,16,2,8,decode,bfloat16,1048576,1,1,1.3359039624532063,0.36539199352264407,139776,1207959552,0.004783360753208399
14,16,2,8,decode,bfloat16,1048576,8,1,1.9490240414937336,1.7843599319458008,1115136,9663676416,0.004783360753208399
14,16,2,8,decode,bfloat16,1048576,32,1,6.9989013671875,7.895804595947266,4460544,38654705664,0.004783360753208399
14,16,2,8,prefill,bfloat16,1048576,1,128,61.4642333984375,,9431377408,1207959552,0.001843483536504209
14,16,2,8,prefill,bfloat16,1048576,1,1024,81.55524190266927,,9519564288,1207959552,0.001843483536504209
14,16,2,8,prefill,bfloat16,1048576,1,8192,235.8080037434896,,10230564352,1207959552,0.001843483536504209
14,16,1,16,decode,fp8_e4m3,1024,1,1,1.1345706780751545,0.1288383960723877,317952,589824,0.034656696021556854
14,16,1,16,decode,fp8_e4m3,1024,8,1,1.0341973304748535,0.13149759769439698,2540544,4718592,0.034656696021556854
15,16,16,1,decode,fp8_e4m3,1024,1,1,2.061962604522705,0.1128432035446167,31744,589824,0.03509664535522461
15,16,16,1,decode,fp8_e4m3,1024,8,1,2.0009493827819824,0.10497920513153076,246784,4718592,0.03509664535522461
15,16,16,1,decode,fp8_e4m3,1024,32,1,1.687071959177653,0.11592960357666016,987136,18874368,0.03509664535522461
15,16,16,1,prefill,fp8_e4m3,1024,1,128,2.96012814839681,,11076096,589824,0.0076119983568787575
15,16,16,1,prefill,fp8_e4m3,1024,1,1024,1.7121386528015137,,29361152,589824,0.0076119983568787575
15,16,16,1,decode,fp8_e4m3,8192,1,1,1.9853332837422688,0.1136847972869873,31744,4718592,0.03509664535522461
15,16,16,1,decode,fp8_e4m3,8192,8,1,1.742421309153239,0.1177791953086853,246784,37748736,0.03509664535522461
15,16,16,1,decode,fp8_e4m3,8192,32,1,1.7181866963704426,0.15895839929580688,987136,150994944,0.03509664535522461
15,16,16,1,prefill,fp8_e4m3,8192,1,128,2.9684054056803384,,65438208,4718592,0.0076119983568787575
15,16,16,1,prefill,fp8_e4m3,8192,1,1024,2.543264071146647,,80209408,4718592,0.0076119983568787575
15,16,16,1,prefill,fp8_e4m3,8192,1,8192,1.695807933807373,,215745536,4718592,0.0076119983568787575
15,16,16,1,decode,fp8_e4m3,32768,1,1,1.8888427416483562,0.1282896041870117,31744,18874368,0.03509664535522461
15,16,16,1,decode,fp8_e4m3,32768,8,1,1.9452053705851238,0.1566319942474365,246784,150994944,0.03509664535522461
15,16,16,1,decode,fp8_e4m3,32768,32,1,1.6477333704630535,0.22725119590759277,987136,603979776,0.03509664535522461
15,16,16,1,prefill,fp8_e4m3,32768,1,128,3.012159983317057,,254820864,18874368,0.0076119983568787575
15,16,16,1,prefill,fp8_e4m3,32768,1,1024,2.984970728556315,,268297728,18874368,0.0076119983568787575
15,16,16,1,prefill,fp8_e4m3,32768,1,8192,3.1991360982259116,,363529728,18874368,0.0076119983568787575
15,16,16,1,decode,fp8_e4m3,131072,1,1,1.9901013374328613,0.15106719732284546,31744,75497472,0.03509664535522461
15,16,16,1,decode,fp8_e4m3,131072,8,1,2.0142186482747397,0.22101919651031493,246784,603979776,0.03509664535522461
15,16,16,1,decode,fp8_e4m3,131072,32,1,1.7182292938232422,0.48965277671813967,987136,2415919104,0.03509664535522461
15,16,16,1,prefill,fp8_e4m3,131072,1,128,4.061130523681641,,1010139648,75497472,0.0076119983568787575
15,16,16,1,prefill,fp8_e4m3,131072,1,1024,4.469738642374675,,1021568512,75497472,0.0076119983568787575
15,16,16,1,prefill,fp8_e4m3,131072,1,8192,6.525482813517253,,1119553024,75497472,0.0076119983568787575
15,16,16,1,decode,fp8_e4m3,524288,1,1,2.0616000493367515,0.19038560390472412,31744,301989888,0.03509664535522461
15,16,16,1,decode,fp8_e4m3,524288,8,1,2.054858684539795,0.46706080436706543,246784,2415919104,0.03509664535522461
15,16,16,1,decode,fp8_e4m3,524288,32,1,2.11954132715861,1.541102409362793,987136,9663676416,0.03509664535522461
15,16,16,1,prefill,fp8_e4m3,524288,1,128,12.7139523824056,,1764125184,301989888,0.0076119983568787575
15,16,16,1,prefill,fp8_e4m3,524288,1,1024,14.334528605143229,,1776756224,301989888,0.0076119983568787575
15,16,16,1,prefill,fp8_e4m3,524288,1,8192,21.80841573079427,,1864697344,301989888,0.0076119983568787575
15,16,16,1,decode,fp8_e4m3,1048576,1,1,2.1130453745524087,0.2446415901184082,31744,603979776,0.03509664535522461
15,16,16,1,decode,fp8_e4m3,1048576,8,1,2.0974292755126953,0.803438377380371,246784,4831838208,0.03509664535522461
15,16,16,1,decode,fp8_e4m3,1048576,32,1,3.3466132481892905,2.962929534912109,987136,19327352832,0.03509664535522461
15,16,16,1,prefill,fp8_e4m3,1048576,1,128,24.025238037109375,,2368104960,603979776,0.0076119983568787575
15,16,16,1,prefill,fp8_e4m3,1048576,1,1024,27.571690877278645,,2381260288,603979776,0.0076119983568787575
15,16,16,1,prefill,fp8_e4m3,1048576,1,8192,42.22269948323568,,2468677120,603979776,0.0076119983568787575
15,16,16,1,decode,bfloat16,1024,1,1,1.9982719421386719,0.10691360235214234,31744,1179648,0.006898726802319288
15,16,16,1,decode,bfloat16,1024,8,1,1.715402603149414,0.10218240022659301,246784,9437184,0.006898726802319288
15,16,16,1,decode,bfloat16,1024,32,1,1.665269374847412,0.13400479555130004,987136,37748736,0.006898726802319288
15,16,16,1,prefill,bfloat16,1024,1,128,3.0809812545776367,,11272704,1179648,0.001956015592440963
15,16,16,1,prefill,bfloat16,1024,1,1024,1.7373119990030925,,28967936,1179648,0.001956015592440963
15,16,16,1,decode,bfloat16,8192,1,1,2.0286506017049155,0.11235200166702271,31744,9437184,0.006898726802319288
15,16,16,1,decode,bfloat16,8192,8,1,1.9236373901367188,0.14230879545211791,246784,75497472,0.006898726802319288
15,16,16,1,decode,bfloat16,8192,32,1,1.6447253227233887,0.1859823942184448,987136,301989888,0.006898726802319288
15,16,16,1,prefill,bfloat16,8192,1,128,3.0629119873046875,,65438208,9437184,0.001956015592440963
15,16,16,1,prefill,bfloat16,8192,1,1024,2.974677403767904,,79554048,9437184,0.001956015592440963
15,16,16,1,prefill,bfloat16,8192,1,8192,1.8137173652648926,,215745536,9437184,0.001956015592440963
15,16,16,1,decode,bfloat16,32768,1,1,1.9988586107889812,0.13729599714279175,31744,37748736,0.006898726802319288
15,16,16,1,decode,bfloat16,32768,8,1,1.9776852925618489,0.17957119941711425,246784,301989888,0.006898726802319288
15,16,16,1,decode,bfloat16,32768,32,1,1.6820693016052246,0.33967840671539307,987136,1207959552,0.006898726802319288
15,16,16,1,prefill,bfloat16,32768,1,128,3.1767679850260415,,254820864,37748736,0.001956015592440963
15,16,16,1,prefill,bfloat16,32768,1,1024,3.094933191935221,,268297728,37748736,0.001956015592440963
15,16,16,1,prefill,bfloat16,32768,1,8192,3.070378621419271,,363529728,37748736,0.001956015592440963
15,16,16,1,decode,bfloat16,131072,1,1,2.0253440539042153,0.16160000562667848,31744,150994944,0.006898726802319288
15,16,16,1,decode,bfloat16,131072,8,1,2.0173226992289224,0.34030880928039553,246784,1207959552,0.006898726802319288
15,16,16,1,decode,bfloat16,131072,32,1,1.56986665725708,0.9496784210205078,987136,4831838208,0.006898726802319288
15,16,16,1,prefill,bfloat16,131072,1,128,3.6171627044677734,,1010139648,150994944,0.001956015592440963
15,16,16,1,prefill,bfloat16,131072,1,1024,4.29473082224528,,1023272448,150994944,0.001956015592440963
15,16,16,1,prefill,bfloat16,131072,1,8192,6.297941207885742,,1119553024,150994944,0.001956015592440963
15,16,16,1,decode,bfloat16,524288,1,1,2.1040426890055337,0.24911999702453613,31744,603979776,0.006898726802319288
15,16,16,1,decode,bfloat16,524288,8,1,2.155125300089518,0.9061951637268066,246784,4831838208,0.006898726802319288
15,16,16,1,decode,bfloat16,524288,32,1,3.706495920817057,3.3982990264892576,987136,19327352832,0.006898726802319288
15,16,16,1,prefill,bfloat16,524288,1,128,12.079466501871744,,1764125184,603979776,0.001956015592440963
15,16,16,1,prefill,bfloat16,524288,1,1024,13.670389811197916,,1776756224,603979776,0.001956015592440963
15,16,16,1,prefill,bfloat16,524288,1,8192,21.148576100667317,,1864697344,603979776,0.001956015592440963
15,16,16,1,decode,bfloat16,1048576,1,1,1.8187306722005208,0.36381280422210693,31744,1207959552,0.006898726802319288
15,16,16,1,decode,bfloat16,1048576,8,1,1.9530773162841797,1.687460708618164,246784,9663676416,0.006898726802319288
15,16,16,1,decode,bfloat16,1048576,32,1,6.803904215494792,6.5787841796875,987136,38654705664,0.006898726802319288
15,16,16,1,prefill,bfloat16,1048576,1,128,22.60840606689453,,2368104960,1207959552,0.001956015592440963
15,16,16,1,prefill,bfloat16,1048576,1,1024,26.336702982584637,,2381260288,1207959552,0.001956015592440963
15,16,16,1,prefill,bfloat16,1048576,1,8192,40.72060902913412,,2468677120,1207959552,0.001956015592440963
15,16,8,2,decode,fp8_e4m3,1024,1,1,1.9004054069519043,0.0927071988582611,44032,589824,0.03501495346426964
15,16,8,2,decode,fp8_e4m3,1024,8,1,1.7927680015563965,0.09686560034751893,347136,4718592,0.03501495346426964
15,16,8,2,decode,fp8_e4m3,1024,32,1,1.4378666877746582,0.1090880036354065,1388544,18874368,0.03501495346426964
15,16,8,2,prefill,fp8_e4m3,1024,1,128,2.7206719716389975,,18824704,589824,0.008806233294308186
15,16,8,2,prefill,fp8_e4m3,1024,1,1024,1.1653546492258708,,39846912,589824,0.008806233294308186
15,16,8,2,decode,fp8_e4m3,8192,1,1,1.8608214060465496,0.0972111999988556,44032,4718592,0.03501495346426964
15,16,8,2,decode,fp8_e4m3,8192,8,1,1.4691839218139648,0.1138800024986267,347136,37748736,0.03501495346426964
15,16,8,2,decode,fp8_e4m3,8192,32,1,1.0559679667154949,0.134443199634552,1388544,150994944,0.03501495346426964
15,16,8,2,prefill,fp8_e4m3,8192,1,128,2.5053226153055825,,113786368,4718592,0.008806233294308186
15,16,8,2,prefill,fp8_e4m3,8192,1,1024,2.0354560216267905,,140494336,4718592,0.008806233294308186
15,16,8,2,prefill,fp8_e4m3,8192,1,8192,1.4804693857828777,,304612352,4718592,0.008806233294308186
15,16,8,2,decode,fp8_e4m3,32768,1,1,1.8636053403218586,0.11388319730758667,44032,18874368,0.03501495346426964
15,16,8,2,decode,fp8_e4m3,32768,8,1,1.4804800351460774,0.1326799988746643,347136,150994944,0.03501495346426964
15,16,8,2,decode,fp8_e4m3,32768,32,1,1.4224212964375813,0.2024399995803833,1388544,603979776,0.03501495346426964
15,16,8,2,prefill,fp8_e4m3,32768,1,128,2.321354707082113,,434945536,18874368,0.008806233294308186
15,16,8,2,prefill,fp8_e4m3,32768,1,1024,3.017653465270996,,462407168,18874368,0.008806233294308186
15,16,8,2,prefill,fp8_e4m3,32768,1,8192,3.8451948165893555,,662046208,18874368,0.008806233294308186
15,16,8,2,decode,fp8_e4m3,131072,1,1,1.4260586102803547,0.12868959903717042,44032,75497472,0.03501495346426964
15,16,8,2,decode,fp8_e4m3,131072,8,1,1.4448639551798503,0.19886239767074584,347136,603979776,0.03501495346426964
15,16,8,2,decode,fp8_e4m3,131072,32,1,1.420639991760254,0.4628943920135498,1388544,2415919104,0.03501495346426964
15,16,8,2,prefill,fp8_e4m3,131072,1,128,4.190474510192871,,1718402560,75497472,0.008806233294308186
15,16,8,2,prefill,fp8_e4m3,131072,1,1024,4.780255953470866,,1744815616,75497472,0.008806233294308186
15,16,8,2,prefill,fp8_e4m3,131072,1,8192,8.770495732625326,,1945503232,75497472,0.008806233294308186
15,16,8,2,decode,fp8_e4m3,524288,1,1,1.4466667175292969,0.16727999448776246,44032,301989888,0.03501495346426964
15,16,8,2,decode,fp8_e4m3,524288,8,1,1.473482608795166,0.44531998634338377,347136,2415919104,0.03501495346426964
15,16,8,2,decode,fp8_e4m3,524288,32,1,1.8894507090250652,1.5184224128723145,1388544,9663676416,0.03501495346426964
15,16,8,2,prefill,fp8_e4m3,524288,1,128,15.303445180257162,,2773388800,301989888,0.008806233294308186
15,16,8,2,prefill,fp8_e4m3,524288,1,1024,17.158058166503906,,2795128320,301989888,0.008806233294308186
15,16,8,2,prefill,fp8_e4m3,524288,1,8192,32.19714101155599,,2973369856,301989888,0.008806233294308186
15,16,8,2,decode,fp8_e4m3,1048576,1,1,2.0027626355489097,0.22248640060424804,44032,603979776,0.03501495346426964
15,16,8,2,decode,fp8_e4m3,1048576,8,1,1.9452160199483235,0.7785136222839355,347136,4831838208,0.03501495346426964
15,16,8,2,decode,fp8_e4m3,1048576,32,1,3.2719360987345376,2.984951972961426,1388544,19327352832,0.03501495346426964
15,16,8,2,prefill,fp8_e4m3,1048576,1,128,29.475316365559895,,3377368576,603979776,0.008806233294308186
15,16,8,2,prefill,fp8_e4m3,1048576,1,1024,33.35584004720052,,3399501312,603979776,0.008806233294308186
15,16,8,2,prefill,fp8_e4m3,1048576,1,8192,63.37317403157552,,3577349632,603979776,0.008806233294308186
15,16,8,2,decode,bfloat16,1024,1,1,1.912277380625407,0.08937919735908509,43520,1179648,0.006444955710321665
15,16,8,2,decode,bfloat16,1024,8,1,1.943050702412923,0.0947488009929657,345088,9437184,0.006444955710321665
15,16,8,2,decode,bfloat16,1024,32,1,1.449845314025879,0.1111184000968933,1380352,37748736,0.006444955710321665
15,16,8,2,prefill,bfloat16,1024,1,128,2.7300694783528647,,18824704,1179648,0.0047883158549666405
15,16,8,2,prefill,bfloat16,1024,1,1024,1.5376532872517903,,39846912,1179648,0.0047883158549666405
15,16,8,2,decode,bfloat16,8192,1,1,2.0635733604431152,0.09481279850006104,43520,9437184,0.006444955710321665
15,16,8,2,decode,bfloat16,8192,8,1,2.1050240198771157,0.11995840072631836,345088,75497472,0.006444955710321665
15,16,8,2,decode,bfloat16,8192,32,1,1.6202774047851562,0.16153279542922974,1380352,301989888,0.006444955710321665
15,16,8,2,prefill,bfloat16,8192,1,128,3.007391929626465,,113786368,9437184,0.0047883158549666405
15,16,8,2,prefill,bfloat16,8192,1,1024,2.849482536315918,,140494336,9437184,0.0047883158549666405
15,16,8,2,prefill,bfloat16,8192,1,8192,1.4569066365559895,,304612352,9437184,0.0047883158549666405
15,16,8,2,decode,bfloat16,32768,1,1,2.0202773412068686,0.11620800495147705,43520,37748736,0.006444955710321665
15,16,8,2,decode,bfloat16,32768,8,1,1.5153919855753581,0.15705440044403077,345088,301989888,0.006444955710321665
15,16,8,2,decode,bfloat16,32768,32,1,1.529823939005534,0.31574718952178954,1380352,1207959552,0.006444955710321665
15,16,8,2,prefill,bfloat16,32768,1,128,3.0670080184936523,,434945536,37748736,0.0047883158549666405
15,16,8,2,prefill,bfloat16,32768,1,1024,2.224661350250244,,461882880,37748736,0.0047883158549666405
15,16,8,2,prefill,bfloat16,32768,1,8192,3.839285214742025,,663094784,37748736,0.0047883158549666405
15,16,8,2,decode,bfloat16,131072,1,1,2.0976319313049316,0.1377616047859192,43520,150994944,0.006444955710321665
15,16,8,2,decode,bfloat16,131072,8,1,1.842624028523763,0.320033597946167,345088,1207959552,0.006444955710321665
15,16,8,2,decode,bfloat16,131072,32,1,1.5281386375427246,0.9294719696044922,1380352,4831838208,0.006444955710321665
15,16,8,2,prefill,bfloat16,131072,1,128,4.50820255279541,,1718402560,150994944,0.0047883158549666405
15,16,8,2,prefill,bfloat16,131072,1,1024,4.868757247924805,,1745339904,150994944,0.0047883158549666405
15,16,8,2,prefill,bfloat16,131072,1,8192,8.83303451538086,,1945503232,150994944,0.0047883158549666405
15,16,8,2,decode,bfloat16,524288,1,1,1.422111988067627,0.2274399995803833,43520,603979776,0.006444955710321665
15,16,8,2,decode,bfloat16,524288,8,1,2.1691840489705405,0.8854847908020019,345088,4831838208,0.006444955710321665
15,16,8,2,decode,bfloat16,524288,32,1,3.6201918919881186,3.3807903289794923,1380352,19327352832,0.006444955710321665
15,16,8,2,prefill,bfloat16,524288,1,128,14.19823964436849,,2773388800,603979776,0.0047883158549666405
15,16,8,2,prefill,bfloat16,524288,1,1024,16.50221888224284,,2795521536,603979776,0.0047883158549666405
15,16,8,2,prefill,bfloat16,524288,1,8192,31.61803690592448,,2973369856,603979776,0.0047883158549666405
15,16,8,2,decode,bfloat16,1048576,1,1,2.1743787129720054,0.3443583965301514,43520,1207959552,0.006444955710321665
15,16,8,2,decode,bfloat16,1048576,8,1,2.481856028238932,1.6613103866577148,345088,9663676416,0.006444955710321665
15,16,8,2,decode,bfloat16,1048576,32,1,6.946922938028972,6.587268829345703,1380352,38654705664,0.006444955710321665
15,16,8,2,prefill,bfloat16,1048576,1,128,27.988065083821613,,3377368576,1207959552,0.0047883158549666405
15,16,8,2,prefill,bfloat16,1048576,1,1024,31.808319091796875,,3399501312,1207959552,0.0047883158549666405
15,16,8,2,prefill,bfloat16,1048576,1,8192,62.08619689941406,,3577349632,1207959552,0.0047883158549666405
15,16,4,4,decode,fp8_e4m3,1024,1,1,1.7131627400716145,0.10601279735565186,107520,589824,0.03481585159897804
15,16,4,4,decode,fp8_e4m3,1024,8,1,1.4902292887369792,0.10900000333786011,849920,4718592,0.03481585159897804
15,16,4,4,decode,fp8_e4m3,1024,32,1,1.5788052876790364,0.1157647967338562,3399680,18874368,0.03481585159897804
15,16,4,4,prefill,fp8_e4m3,1024,1,128,2.9395198822021484,,35304960,589824,0.008163205347955227
15,16,4,4,prefill,fp8_e4m3,1024,1,1024,1.501471996307373,,63046656,589824,0.008163205347955227
15,16,4,4,decode,fp8_e4m3,8192,1,1,1.8732159932454426,0.11082719564437866,107520,4718592,0.03481585159897804
15,16,4,4,decode,fp8_e4m3,8192,8,1,1.203775962193807,0.1188912034034729,849920,37748736,0.03481585159897804
15,16,4,4,decode,fp8_e4m3,8192,32,1,1.5835413932800293,0.1478127956390381,3399680,150994944,0.03481585159897804
15,16,4,4,prefill,fp8_e4m3,8192,1,128,2.868384043375651,,207885824,4718592,0.008163205347955227
15,16,4,4,prefill,fp8_e4m3,8192,1,1024,2.829792022705078,,258442752,4718592,0.008163205347955227
15,16,4,4,prefill,fp8_e4m3,8192,1,8192,1.8696853319803874,,482345984,4718592,0.008163205347955227
15,16,4,4,decode,fp8_e4m3,32768,1,1,1.9155413309733074,0.11714240312576293,107520,18874368,0.03481585159897804
15,16,4,4,decode,fp8_e4m3,32768,8,1,1.1850132942199707,0.14417760372161864,849920,150994944,0.03481585159897804
15,16,4,4,decode,fp8_e4m3,32768,32,1,1.7210559844970703,0.25308799743652344,3399680,603979776,0.03481585159897804
15,16,4,4,prefill,fp8_e4m3,32768,1,128,3.586847941080729,,793441792,18874368,0.008163205347955227
15,16,4,4,prefill,fp8_e4m3,32768,1,1024,2.6698452631632485,,843941376,18874368,0.008163205347955227
15,16,4,4,prefill,fp8_e4m3,32768,1,8192,5.375893274943034,,1257113088,18874368,0.008163205347955227
15,16,4,4,decode,fp8_e4m3,131072,1,1,1.7459200223286946,0.1342463970184326,107520,75497472,0.03481585159897804
15,16,4,4,decode,fp8_e4m3,131072,8,1,1.7491092681884766,0.24075520038604736,849920,603979776,0.03481585159897804
15,16,4,4,decode,fp8_e4m3,131072,32,1,1.1941866874694824,0.662388801574707,3399680,2415919104,0.03481585159897804
15,16,4,4,prefill,fp8_e4m3,131072,1,128,5.610613505045573,,3134010880,75497472,0.008163205347955227
15,16,4,4,prefill,fp8_e4m3,131072,1,1024,6.322773615519206,,3183969792,75497472,0.008163205347955227
15,16,4,4,prefill,fp8_e4m3,131072,1,8192,15.88973871866862,,3597534720,75497472,0.008163205347955227
15,16,4,4,decode,fp8_e4m3,524288,1,1,1.3184959888458252,0.20190079212188722,107520,301989888,0.03481585159897804
15,16,4,4,decode,fp8_e4m3,524288,8,1,1.7765547434488933,0.6167151927947998,849920,2415919104,0.03481585159897804
15,16,4,4,decode,fp8_e4m3,524288,32,1,2.571296056111654,2.3721391677856447,3399680,9663676416,0.03481585159897804
15,16,4,4,prefill,fp8_e4m3,524288,1,128,20.292298634847004,,4791129600,301989888,0.008163205347955227
15,16,4,4,prefill,fp8_e4m3,524288,1,1024,22.404202779134113,,4835411456,301989888,0.008163205347955227
15,16,4,4,prefill,fp8_e4m3,524288,1,8192,60.883646647135414,,5191239168,301989888,0.008163205347955227
15,16,4,4,decode,fp8_e4m3,1048576,1,1,2.001493295033773,0.2930191993713379,107520,603979776,0.03481585159897804
15,16,4,4,decode,fp8_e4m3,1048576,8,1,1.5520000457763672,1.124724769592285,849920,4831838208,0.03481585159897804
15,16,4,4,decode,fp8_e4m3,1048576,32,1,4.75437863667806,4.693603134155273,3399680,19327352832,0.03481585159897804
15,16,4,4,prefill,fp8_e4m3,1048576,1,128,40.783050537109375,,5395109376,603979776,0.008163205347955227
15,16,4,4,prefill,fp8_e4m3,1048576,1,1024,44.81602986653646,,5439391232,603979776,0.008163205347955227
15,16,4,4,prefill,fp8_e4m3,1048576,1,8192,121.72090657552083,,5795218944,603979776,0.008163205347955227
15,16,4,4,decode,bfloat16,1024,1,1,1.5929172833760579,0.10322240591049195,112128,1179648,0.005524782929569483
15,16,4,4,decode,bfloat16,1024,8,1,1.555232048034668,0.10526560544967652,886784,9437184,0.005524782929569483
15,16,4,4,decode,bfloat16,1024,32,1,1.4835947354634602,0.11739200353622437,3547136,37748736,0.005524782929569483
15,16,4,4,prefill,bfloat16,1024,1,128,2.8349227905273438,,36746752,1179648,0.003520854515954852
15,16,4,4,prefill,bfloat16,1024,1,1024,1.5854934056599934,,63833088,1179648,0.003520854515954852
15,16,4,4,decode,bfloat16,8192,1,1,1.1571413675944011,0.10803519487380982,112128,9437184,0.005524782929569483
15,16,4,4,decode,bfloat16,8192,8,1,1.6813546816507976,0.12352160215377808,886784,75497472,0.005524782929569483
15,16,4,4,decode,bfloat16,8192,32,1,1.0483626524607341,0.1840880036354065,3547136,301989888,0.005524782929569483
15,16,4,4,prefill,bfloat16,8192,1,128,2.934645334879557,,207402496,9437184,0.003520854515954852
15,16,4,4,prefill,bfloat16,8192,1,1024,2.0045226414998374,,258442752,9437184,0.003520854515954852
15,16,4,4,prefill,bfloat16,8192,1,8192,1.986037254333496,,482739200,9437184,0.003520854515954852
15,16,4,4,decode,bfloat16,32768,1,1,1.1440107027689617,0.1194383978843689,112128,37748736,0.005524782929569483
15,16,4,4,decode,bfloat16,32768,8,1,1.1377600034077961,0.1803712010383606,886784,301989888,0.005524782929569483
15,16,4,4,decode,bfloat16,32768,32,1,1.0520426432291667,0.41044158935546876,3547136,1207959552,0.005524782929569483
15,16,4,4,prefill,bfloat16,32768,1,128,2.5445653597513833,,793982464,37748736,0.003520854515954852
15,16,4,4,prefill,bfloat16,32768,1,1024,3.4528961181640625,,843548160,37748736,0.003520854515954852
15,16,4,4,prefill,bfloat16,32768,1,8192,5.316490809122722,,1257113088,37748736,0.003520854515954852
15,16,4,4,decode,bfloat16,131072,1,1,1.1596159934997559,0.15581439733505248,112128,150994944,0.005524782929569483
15,16,4,4,decode,bfloat16,131072,8,1,1.1567573547363281,0.38587839603424073,886784,1207959552,0.005524782929569483
15,16,4,4,decode,bfloat16,131072,32,1,1.8013973236083984,1.3203408241271972,3547136,4831838208,0.005524782929569483
15,16,4,4,prefill,bfloat16,131072,1,128,5.402698516845703,,3134010880,150994944,0.003520854515954852
15,16,4,4,prefill,bfloat16,131072,1,1024,6.02183469136556,,3183838720,150994944,0.003520854515954852
15,16,4,4,prefill,bfloat16,131072,1,8192,16.105696360270183,,3597927936,150994944,0.003520854515954852
15,16,4,4,decode,bfloat16,524288,1,1,1.7677653630574544,0.3027776002883911,112128,603979776,0.005524782929569483
15,16,4,4,decode,bfloat16,524288,8,1,1.4962986310323079,1.225710391998291,886784,4831838208,0.005524782929569483
15,16,4,4,decode,bfloat16,524288,32,1,5.29963747660319,4.956739044189453,3547136,19327352832,0.005524782929569483
15,16,4,4,prefill,bfloat16,524288,1,128,20.060426076253254,,4791129600,603979776,0.003520854515954852
15,16,4,4,prefill,bfloat16,524288,1,1024,22.200640360514324,,4835280384,603979776,0.003520854515954852
15,16,4,4,prefill,bfloat16,524288,1,8192,60.88987731933594,,5191239168,603979776,0.003520854515954852
15,16,4,4,decode,bfloat16,1048576,1,1,1.184607982635498,0.49792160987854006,112128,1207959552,0.005524782929569483
15,16,4,4,decode,bfloat16,1048576,8,1,2.734090805053711,2.336960029602051,886784,9663676416,0.005524782929569483
15,16,4,4,decode,bfloat16,1048576,32,1,10.032277425130209,9.81862564086914,3547136,38654705664,0.005524782929569483
15,16,4,4,prefill,bfloat16,1048576,1,128,39.15448506673177,,5395109376,1207959552,0.003520854515954852
15,16,4,4,prefill,bfloat16,1048576,1,1024,43.32704162597656,,5439260160,1207959552,0.003520854515954852
15,16,4,4,prefill,bfloat16,1048576,1,8192,121.69319661458333,,5795218944,1207959552,0.003520854515954852
15,16,2,8,decode,fp8_e4m3,1024,1,1,1.3204053243001301,0.10610400438308716,161280,589824,0.03470971807837486
15,16,2,8,decode,fp8_e4m3,1024,8,1,1.325429360071818,0.10997920036315918,1287168,4718592,0.03470971807837486
15,16,2,8,decode,fp8_e4m3,1024,32,1,1.2665066719055176,0.12314560413360595,6000640,18874368,0.03470971807837486
15,16,2,8,prefill,fp8_e4m3,1024,1,128,1.9651519457499187,,70624768,589824,0.0075984555296599865
15,16,2,8,prefill,fp8_e4m3,1024,1,1024,1.0908160209655762,,110232576,589824,0.0075984555296599865
15,16,2,8,decode,fp8_e4m3,8192,1,1,1.3341439565022786,0.11113760471343995,161280,4718592,0.03470971807837486
15,16,2,8,decode,fp8_e4m3,8192,8,1,1.301632006963094,0.12047679424285888,1287168,37748736,0.03470971807837486
15,16,2,8,decode,fp8_e4m3,8192,32,1,1.1307733058929443,0.1476367950439453,6000640,150994944,0.03470971807837486
15,16,2,8,prefill,fp8_e4m3,8192,1,128,2.207477410634359,,393676288,4718592,0.0075984555296599865
15,16,2,8,prefill,fp8_e4m3,8192,1,1024,2.2111360232035318,,496961024,4718592,0.0075984555296599865
15,16,2,8,prefill,fp8_e4m3,8192,1,8192,2.838677406311035,,837813248,4718592,0.0075984555296599865
15,16,2,8,decode,fp8_e4m3,32768,1,1,1.368010679880778,0.12012319564819336,161280,18874368,0.03470971807837486
15,16,2,8,decode,fp8_e4m3,32768,8,1,1.3420906066894531,0.1388208031654358,1287168,150994944,0.03470971807837486
15,16,2,8,decode,fp8_e4m3,32768,32,1,1.1761493682861328,0.23528640270233153,6000640,603979776,0.03470971807837486
15,16,2,8,prefill,fp8_e4m3,32768,1,128,3.3214826583862305,,1507075584,18874368,0.0075984555296599865
15,16,2,8,prefill,fp8_e4m3,32768,1,1024,3.735136032104492,,1610417664,18874368,0.0075984555296599865
15,16,2,8,prefill,fp8_e4m3,32768,1,8192,8.8876584370931,,2448557568,18874368,0.0075984555296599865
15,16,2,8,decode,fp8_e4m3,131072,1,1,1.3338239987691243,0.13781280517578126,161280,75497472,0.03470971807837486
15,16,2,8,decode,fp8_e4m3,131072,8,1,1.3228480021158855,0.22038400173187256,1287168,603979776,0.03470971807837486
15,16,2,8,decode,fp8_e4m3,131072,32,1,1.1746666431427002,0.5657648086547852,6000640,2415919104,0.03470971807837486
15,16,2,8,prefill,fp8_e4m3,131072,1,128,8.488896052042643,,5962081792,75497472,0.0075984555296599865
15,16,2,8,prefill,fp8_e4m3,131072,1,1024,11.027690887451172,,6064768512,75497472,0.0075984555296599865
15,16,2,8,prefill,fp8_e4m3,131072,1,8192,29.537152608235676,,6902777344,75497472,0.0075984555296599865
15,16,2,8,decode,fp8_e4m3,524288,1,1,1.295690695444743,0.1934399962425232,161280,301989888,0.03470971807837486
15,16,2,8,decode,fp8_e4m3,524288,8,1,1.3114346663157146,0.5262335777282715,1287168,2415919104,0.03470971807837486
15,16,2,8,decode,fp8_e4m3,524288,32,1,2.123690605163574,2.059156799316406,6000640,9663676416,0.03470971807837486
15,16,2,8,prefill,fp8_e4m3,524288,1,128,31.645121256510418,,8828315136,301989888,0.0075984555296599865
15,16,2,8,prefill,fp8_e4m3,524288,1,1024,41.62933349609375,,8915584512,301989888,0.0075984555296599865
15,16,2,8,prefill,fp8_e4m3,524288,1,8192,116.02077229817708,,9626584576,301989888,0.0075984555296599865
15,16,2,8,decode,fp8_e4m3,1048576,1,1,1.3224106629689534,0.26577439308166506,161280,603979776,0.03470971807837486
15,16,2,8,decode,fp8_e4m3,1048576,8,1,1.4321173032124836,0.9410943984985352,1287168,4831838208,0.03470971807837486
15,16,2,8,decode,fp8_e4m3,1048576,32,1,3.8864428202311196,4.189326477050781,5148672,19327352832,0.03470971807837486
15,16,2,8,prefill,fp8_e4m3,1048576,1,128,62.493631998697914,,9431377408,603979776,0.0075984555296599865
15,16,2,8,prefill,fp8_e4m3,1048576,1,1024,82.37611897786458,,9519564288,603979776,0.0075984555296599865
15,16,2,8,prefill,fp8_e4m3,1048576,1,8192,234.05086263020834,,10229515776,603979776,0.0075984555296599865
15,16,2,8,decode,bfloat16,1024,1,1,1.332682689030965,0.10317120552062989,139776,1179648,0.004783360753208399
15,16,2,8,decode,bfloat16,1024,8,1,1.2718613147735596,0.10818239450454711,1115136,9437184,0.004783360753208399
15,16,2,8,decode,bfloat16,1024,32,1,1.126805305480957,0.1259951949119568,5312512,37748736,0.004783360753208399
15,16,2,8,prefill,bfloat16,1024,1,128,1.901781400044759,,69576192,1179648,0.001843483536504209
15,16,2,8,prefill,bfloat16,1024,1,1024,1.0626346270243328,,110494720,1179648,0.001843483536504209
15,16,2,8,decode,bfloat16,8192,1,1,1.284991979598999,0.10957920551300049,139776,9437184,0.004783360753208399
15,16,2,8,decode,bfloat16,8192,8,1,1.237770636876424,0.12222880125045776,1115136,75497472,0.004783360753208399
15,16,2,8,decode,bfloat16,8192,32,1,1.0932586987813313,0.16871199607849122,5312512,301989888,0.004783360753208399
15,16,2,8,prefill,bfloat16,8192,1,128,2.19594669342041,,393733632,9437184,0.001843483536504209
15,16,2,8,prefill,bfloat16,8192,1,1024,2.1600319544474282,,496961024,9437184,0.001843483536504209
15,16,2,8,prefill,bfloat16,8192,1,8192,2.8034559885660806,,838206464,9437184,0.001843483536504209
15,16,2,8,decode,bfloat16,32768,1,1,1.247104008992513,0.12360800504684448,139776,37748736,0.004783360753208399
15,16,2,8,decode,bfloat16,32768,8,1,1.2652373313903809,0.15840799808502198,1115136,301989888,0.004783360753208399
15,16,2,8,decode,bfloat16,32768,32,1,1.1306560039520264,0.3235503911972046,5312512,1207959552,0.004783360753208399
15,16,2,8,prefill,bfloat16,32768,1,128,3.284063975016276,,1507730944,37748736,0.001843483536504209
15,16,2,8,prefill,bfloat16,32768,1,1024,3.7046934763590493,,1610417664,37748736,0.001843483536504209
15,16,2,8,prefill,bfloat16,32768,1,8192,8.993813196818033,,2449475072,37748736,0.001843483536504209
15,16,2,8,decode,bfloat16,131072,1,1,1.2481173674265544,0.14398080110549927,139776,150994944,0.004783360753208399
15,16,2,8,decode,bfloat16,131072,8,1,1.2586560249328613,0.33055040836334226,1115136,1207959552,0.004783360753208399
15,16,2,8,decode,bfloat16,131072,32,1,1.271392027537028,0.9537839889526367,5312512,4831838208,0.004783360753208399
15,16,2,8,prefill,bfloat16,131072,1,128,8.303434371948242,,5962081792,150994944,0.001843483536504209
15,16,2,8,prefill,bfloat16,131072,1,1024,10.885173797607422,,6064768512,150994944,0.001843483536504209
15,16,2,8,prefill,bfloat16,131072,1,8192,30.003082275390625,,6902777344,150994944,0.001843483536504209
15,16,2,8,decode,bfloat16,524288,1,1,1.2895572980244954,0.2392751932144165,139776,603979776,0.004783360753208399
15,16,2,8,decode,bfloat16,524288,8,1,1.3794986406962078,0.9112175941467285,1115136,4831838208,0.004783360753208399
15,16,2,8,decode,bfloat16,524288,32,1,3.6977707544962564,3.7972030639648438,5312512,19327352832,0.004783360753208399
15,16,2,8,prefill,bfloat16,524288,1,128,31.0957768758138,,8828315136,603979776,0.001843483536504209
15,16,2,8,prefill,bfloat16,524288,1,1024,41.10699717203776,,8915584512,603979776,0.001843483536504209
15,16,2,8,prefill,bfloat16,524288,1,8192,118.71084594726562,,9626584576,603979776,0.001843483536504209
15,16,2,8,decode,bfloat16,1048576,1,1,1.3280320167541504,0.3654767990112305,139776,1207959552,0.004783360753208399
15,16,2,8,decode,bfloat16,1048576,8,1,1.949354648590088,1.7845407485961915,1115136,9663676416,0.004783360753208399
15,16,2,8,decode,bfloat16,1048576,32,1,7.000341415405273,7.895972442626953,4460544,38654705664,0.004783360753208399
15,16,2,8,prefill,bfloat16,1048576,1,128,61.46496073404948,,9431377408,1207959552,0.001843483536504209
15,16,2,8,prefill,bfloat16,1048576,1,1024,81.5557861328125,,9519564288,1207959552,0.001843483536504209
15,16,2,8,prefill,bfloat16,1048576,1,8192,235.79718017578125,,10230564352,1207959552,0.001843483536504209
15,16,1,16,decode,fp8_e4m3,1024,1,1,1.0190400282541912,0.12877919673919677,317952,589824,0.034656696021556854
15,16,1,16,decode,fp8_e4m3,1024,8,1,0.9773333072662354,0.13150880336761475,2540544,4718592,0.034656696021556854
2,16,16,1,decode,fp8_e4m3,1024,1,1,2.060138702392578,0.11259679794311524,31744,589824,0.03509664535522461
2,16,16,1,decode,fp8_e4m3,1024,8,1,1.9993279774983723,0.10507359504699706,246784,4718592,0.03509664535522461
2,16,16,1,decode,fp8_e4m3,1024,32,1,1.6861012776692708,0.11571040153503417,987136,18874368,0.03509664535522461
2,16,16,1,prefill,fp8_e4m3,1024,1,128,2.9589866002400718,,11076096,589824,0.0076119983568787575
2,16,16,1,prefill,fp8_e4m3,1024,1,1024,1.7081599235534668,,29361152,589824,0.0076119983568787575
2,16,16,1,decode,fp8_e4m3,8192,1,1,1.9835947354634602,0.11388959884643554,31744,4718592,0.03509664535522461
2,16,16,1,decode,fp8_e4m3,8192,8,1,1.740575949350993,0.11779199838638306,246784,37748736,0.03509664535522461
2,16,16,1,decode,fp8_e4m3,8192,32,1,1.7164479891459148,0.1588703989982605,987136,150994944,0.03509664535522461
2,16,16,1,prefill,fp8_e4m3,8192,1,128,2.9679892857869468,,65438208,4718592,0.0076119983568787575
2,16,16,1,prefill,fp8_e4m3,8192,1,1024,2.542400042215983,,80209408,4718592,0.0076119983568787575
2,16,16,1,prefill,fp8_e4m3,8192,1,8192,1.6956693331400554,,215745536,4718592,0.0076119983568787575
2,16,16,1,decode,fp8_e4m3,32768,1,1,1.8890239397684734,0.1283136010169983,31744,18874368,0.03509664535522461
2,16,16,1,decode,fp8_e4m3,32768,8,1,1.944661299387614,0.15666240453720093,246784,150994944,0.03509664535522461
2,16,16,1,decode,fp8_e4m3,32768,32,1,1.645525296529134,0.22729918956756592,987136,603979776,0.03509664535522461
2,16,16,1,prefill,fp8_e4m3,32768,1,128,3.011317253112793,,254820864,18874368,0.0076119983568787575
2,16,16,1,prefill,fp8_e4m3,32768,1,1024,2.985322634379069,,268297728,18874368,0.0076119983568787575
2,16,16,1,prefill,fp8_e4m3,32768,1,8192,3.1994028091430664,,363529728,18874368,0.0076119983568787575
2,16,16,1,decode,fp8_e4m3,131072,1,1,1.991146723429362,0.15092639923095702,31744,75497472,0.03509664535522461
2,16,16,1,decode,fp8_e4m3,131072,8,1,2.0131093660990396,0.22105278968811035,246784,603979776,0.03509664535522461
2,16,16,1,decode,fp8_e4m3,131072,32,1,1.7173226674397786,0.4897295951843262,987136,2415919104,0.03509664535522461
2,16,16,1,prefill,fp8_e4m3,131072,1,128,4.059317270914714,,1010139648,75497472,0.0076119983568787575
2,16,16,1,prefill,fp8_e4m3,131072,1,1024,4.468981424967448,,1021568512,75497472,0.0076119983568787575
2,16,16,1,prefill,fp8_e4m3,131072,1,8192,6.523893356323242,,1119553024,75497472,0.0076119983568787575
2,16,16,1,decode,fp8_e4m3,524288,1,1,2.0605759620666504,0.1904752016067505,31744,301989888,0.03509664535522461
2,16,16,1,decode,fp8_e4m3,524288,8,1,2.0547946294148765,0.46726398468017577,246784,2415919104,0.03509664535522461
2,16,16,1,decode,fp8_e4m3,524288,32,1,2.118805408477783,1.541204833984375,987136,9663676416,0.03509664535522461
2,16,16,1,prefill,fp8_e4m3,524288,1,128,12.712469736735025,,1764125184,301989888,0.0076119983568787575
2,16,16,1,prefill,fp8_e4m3,524288,1,1024,14.334869384765625,,1776756224,301989888,0.0076119983568787575
2,16,16,1,prefill,fp8_e4m3,524288,1,8192,21.80823516845703,,1864697344,301989888,0.0076119983568787575
2,16,16,1,decode,fp8_e4m3,1048576,1,1,2.1113386154174805,0.2441312074661255,31744,603979776,0.03509664535522461
2,16,16,1,decode,fp8_e4m3,1048576,8,1,2.095967928568522,0.8034463882446289,246784,4831838208,0.03509664535522461
2,16,16,1,decode,fp8_e4m3,1048576,32,1,3.3466453552246094,2.9626224517822264,987136,19327352832,0.03509664535522461
2,16,16,1,prefill,fp8_e4m3,1048576,1,128,24.025802612304688,,2368104960,603979776,0.0076119983568787575
2,16,16,1,prefill,fp8_e4m3,1048576,1,1024,27.57275644938151,,2381260288,603979776,0.0076119983568787575
2,16,16,1,prefill,fp8_e4m3,1048576,1,8192,42.22516377766927,,2468677120,603979776,0.0076119983568787575
2,16,16,1,decode,bfloat16,1024,1,1,1.999615987141927,0.10706239938735962,31744,1179648,0.006898726802319288
2,16,16,1,decode,bfloat16,1024,8,1,1.7180479367574055,0.10246399641036988,246784,9437184,0.006898726802319288
2,16,16,1,decode,bfloat16,1024,32,1,1.666591962178548,0.1343616008758545,987136,37748736,0.006898726802319288
2,16,16,1,prefill,bfloat16,1024,1,128,3.0830507278442383,,11272704,1179648,0.001956015592440963
2,16,16,1,prefill,bfloat16,1024,1,1024,1.7383146286010742,,28967936,1179648,0.001956015592440963
2,16,16,1,decode,bfloat16,8192,1,1,2.030165354410807,0.11242879629135132,31744,9437184,0.006898726802319288
2,16,16,1,decode,bfloat16,8192,8,1,1.9251093864440918,0.14256160259246825,246784,75497472,0.006898726802319288
2,16,16,1,decode,bfloat16,8192,32,1,1.646015961964925,0.18632800579071046,987136,301989888,0.006898726802319288
2,16,16,1,prefill,bfloat16,8192,1,128,3.0660053888956704,,65438208,9437184,0.001956015592440963
2,16,16,1,prefill,bfloat16,8192,1,1024,2.9771092732747397,,79554048,9437184,0.001956015592440963
2,16,16,1,prefill,bfloat16,8192,1,8192,1.8161919911702473,,215745536,9437184,0.001956015592440963
2,16,16,1,decode,bfloat16,32768,1,1,1.999872048695882,0.13755680322647096,31744,37748736,0.006898726802319288
2,16,16,1,decode,bfloat16,32768,8,1,1.9803840319315593,0.17952799797058105,246784,301989888,0.006898726802319288
2,16,16,1,decode,bfloat16,32768,32,1,1.6832960446675618,0.33960959911346433,987136,1207959552,0.006898726802319288
2,16,16,1,prefill,bfloat16,32768,1,128,3.1771411895751953,,254820864,37748736,0.001956015592440963
2,16,16,1,prefill,bfloat16,32768,1,1024,3.0956481297810874,,268297728,37748736,0.001956015592440963
2,16,16,1,prefill,bfloat16,32768,1,8192,3.07148806254069,,363529728,37748736,0.001956015592440963
2,16,16,1,decode,bfloat16,131072,1,1,2.0267945925394693,0.16154400110244752,31744,150994944,0.006898726802319288
2,16,16,1,decode,bfloat16,131072,8,1,2.0192960103352866,0.3405776023864746,246784,1207959552,0.006898726802319288
2,16,16,1,decode,bfloat16,131072,32,1,1.571455955505371,0.9501008033752442,987136,4831838208,0.006898726802319288
2,16,16,1,prefill,bfloat16,131072,1,128,3.6190398534139,,1010139648,150994944,0.001956015592440963
2,16,16,1,prefill,bfloat16,131072,1,1024,4.297034581502278,,1023272448,150994944,0.001956015592440963
2,16,16,1,prefill,bfloat16,131072,1,8192,6.2994130452473955,,1119553024,150994944,0.001956015592440963
2,16,16,1,decode,bfloat16,524288,1,1,2.1038293838500977,0.24965600967407225,31744,603979776,0.006898726802319288
2,16,16,1,decode,bfloat16,524288,8,1,2.156394640604655,0.9077072143554688,246784,4831838208,0.006898726802319288
2,16,16,1,decode,bfloat16,524288,32,1,3.7083520889282227,3.400939178466797,987136,19327352832,0.006898726802319288
2,16,16,1,prefill,bfloat16,524288,1,128,12.078453063964844,,1764125184,603979776,0.001956015592440963
2,16,16,1,prefill,bfloat16,524288,1,1024,13.67406972249349,,1776756224,603979776,0.001956015592440963
2,16,16,1,prefill,bfloat16,524288,1,8192,21.14845911661784,,1864697344,603979776,0.001956015592440963
2,16,16,1,decode,bfloat16,1048576,1,1,1.8206720352172852,0.36386399269104003,31744,1207959552,0.006898726802319288
2,16,16,1,decode,bfloat16,1048576,8,1,1.9545493125915527,1.6876895904541016,246784,9663676416,0.006898726802319288
2,16,16,1,decode,bfloat16,1048576,32,1,6.803701400756836,6.578923034667969,987136,38654705664,0.006898726802319288
2,16,16,1,prefill,bfloat16,1048576,1,128,22.607648213704426,,2368104960,1207959552,0.001956015592440963
2,16,16,1,prefill,bfloat16,1048576,1,1024,26.33960469563802,,2381260288,1207959552,0.001956015592440963
2,16,16,1,prefill,bfloat16,1048576,1,8192,40.71992492675781,,2468677120,1207959552,0.001956015592440963
2,16,8,2,decode,fp8_e4m3,1024,1,1,2.4712319374084473,0.09082880020141601,44032,589824,0.03501495346426964
2,16,8,2,decode,fp8_e4m3,1024,8,1,2.4331092834472656,0.09568480253219605,347136,4718592,0.03501495346426964
2,16,8,2,decode,fp8_e4m3,1024,32,1,1.8017813364664714,0.10880800485610961,1388544,18874368,0.03501495346426964
2,16,8,2,prefill,fp8_e4m3,1024,1,128,3.1895678838094077,,18824704,589824,0.008806233294308186
2,16,8,2,prefill,fp8_e4m3,1024,1,1024,1.2389226754506428,,39846912,589824,0.008806233294308186
2,16,8,2,decode,fp8_e4m3,8192,1,1,2.4772799809773765,0.09587839841842652,44032,4718592,0.03501495346426964
2,16,8,2,decode,fp8_e4m3,8192,8,1,2.4467520713806152,0.11407519578933716,347136,37748736,0.03501495346426964
2,16,8,2,decode,fp8_e4m3,8192,32,1,1.5801812807718914,0.13363840579986572,1388544,150994944,0.03501495346426964
2,16,8,2,prefill,fp8_e4m3,8192,1,128,3.2216211954752603,,113786368,4718592,0.008806233294308186
2,16,8,2,prefill,fp8_e4m3,8192,1,1024,3.1475518544514975,,140494336,4718592,0.008806233294308186
2,16,8,2,prefill,fp8_e4m3,8192,1,8192,1.9169599215189617,,304612352,4718592,0.008806233294308186
2,16,8,2,decode,fp8_e4m3,32768,1,1,2.354538599650065,0.11362719535827637,44032,18874368,0.03501495346426964
2,16,8,2,decode,fp8_e4m3,32768,8,1,2.3768533070882163,0.13269920349121095,347136,150994944,0.03501495346426964
2,16,8,2,decode,fp8_e4m3,32768,32,1,1.1891199747721355,0.2016223907470703,1388544,603979776,0.03501495346426964
2,16,8,2,prefill,fp8_e4m3,32768,1,128,3.422229448954264,,434945536,18874368,0.008806233294308186
2,16,8,2,prefill,fp8_e4m3,32768,1,1024,3.353290557861328,,462407168,18874368,0.008806233294308186
2,16,8,2,prefill,fp8_e4m3,32768,1,8192,4.011925379435222,,662046208,18874368,0.008806233294308186
2,16,8,2,decode,fp8_e4m3,131072,1,1,2.373535950978597,0.12802720069885254,44032,75497472,0.03501495346426964
2,16,8,2,decode,fp8_e4m3,131072,8,1,2.293013254801432,0.19736959934234619,347136,603979776,0.03501495346426964
2,16,8,2,decode,fp8_e4m3,131072,32,1,1.1653227011362712,0.4614799976348877,1388544,2415919104,0.03501495346426964
2,16,8,2,prefill,fp8_e4m3,131072,1,128,4.890506744384766,,1718402560,75497472,0.008806233294308186
2,16,8,2,prefill,fp8_e4m3,131072,1,1024,5.223487854003906,,1744815616,75497472,0.008806233294308186
2,16,8,2,prefill,fp8_e4m3,131072,1,8192,9.129589080810547,,1945503232,75497472,0.008806233294308186
2,16,8,2,decode,fp8_e4m3,524288,1,1,1.5427199999491374,0.16655679941177368,44032,301989888,0.03501495346426964
2,16,8,2,decode,fp8_e4m3,524288,8,1,2.483722686767578,0.4450592041015625,347136,2415919104,0.03501495346426964
2,16,8,2,decode,fp8_e4m3,524288,32,1,2.1816320419311523,1.5184623718261718,1388544,9663676416,0.03501495346426964
2,16,8,2,prefill,fp8_e4m3,524288,1,128,15.683807373046875,,2773388800,301989888,0.008806233294308186
2,16,8,2,prefill,fp8_e4m3,524288,1,1024,17.38936487833659,,2795128320,301989888,0.008806233294308186
2,16,8,2,prefill,fp8_e4m3,524288,1,8192,32.238731384277344,,2973369856,301989888,0.008806233294308186
2,16,8,2,decode,fp8_e4m3,1048576,1,1,2.4205759366353354,0.2210223913192749,44032,603979776,0.03501495346426964
2,16,8,2,decode,fp8_e4m3,1048576,8,1,2.4287360509236655,0.7765744209289551,347136,4831838208,0.03501495346426964
2,16,8,2,decode,fp8_e4m3,1048576,32,1,3.3245973587036133,2.982516860961914,1388544,19327352832,0.03501495346426964
2,16,8,2,prefill,fp8_e4m3,1048576,1,128,29.784383138020832,,3377368576,603979776,0.008806233294308186
2,16,8,2,prefill,fp8_e4m3,1048576,1,1024,33.40697479248047,,3399501312,603979776,0.008806233294308186
2,16,8,2,prefill,fp8_e4m3,1048576,1,8192,63.54234822591146,,3577349632,603979776,0.008806233294308186
2,16,8,2,decode,bfloat16,1024,1,1,2.3866559664408364,0.08871520161628724,43520,1179648,0.006444955710321665
2,16,8,2,decode,bfloat16,1024,8,1,2.392672061920166,0.09351040124893188,345088,9437184,0.006444955710321665
2,16,8,2,decode,bfloat16,1024,32,1,1.7868159612019856,0.10977120399475097,1380352,37748736,0.006444955710321665
2,16,8,2,prefill,bfloat16,1024,1,128,3.2843093872070312,,18824704,1179648,0.0047883158549666405
2,16,8,2,prefill,bfloat16,1024,1,1024,1.8701653480529785,,39846912,1179648,0.0047883158549666405
2,16,8,2,decode,bfloat16,8192,1,1,1.4376959800720215,0.09444159865379334,43520,9437184,0.006444955710321665
2,16,8,2,decode,bfloat16,8192,8,1,2.438389301300049,0.11916160583496094,345088,75497472,0.006444955710321665
2,16,8,2,decode,bfloat16,8192,32,1,1.8338346481323242,0.16128959655761718,1380352,301989888,0.006444955710321665
2,16,8,2,prefill,bfloat16,8192,1,128,3.115605354309082,,113786368,9437184,0.0047883158549666405
2,16,8,2,prefill,bfloat16,8192,1,1024,3.050389289855957,,140494336,9437184,0.0047883158549666405
2,16,8,2,prefill,bfloat16,8192,1,8192,1.874303976694743,,304612352,9437184,0.0047883158549666405
2,16,8,2,decode,bfloat16,32768,1,1,2.3441173235575357,0.11577759981155396,43520,37748736,0.006444955710321665
2,16,8,2,decode,bfloat16,32768,8,1,1.4554773966471355,0.15644320249557495,345088,301989888,0.006444955710321665
2,16,8,2,decode,bfloat16,32768,32,1,1.559018611907959,0.3153872013092041,1380352,1207959552,0.006444955710321665
2,16,8,2,prefill,bfloat16,32768,1,128,3.4116907119750977,,434945536,37748736,0.0047883158549666405
2,16,8,2,prefill,bfloat16,32768,1,1024,2.379327932993571,,461882880,37748736,0.0047883158549666405
2,16,8,2,prefill,bfloat16,32768,1,8192,4.00600528717041,,663094784,37748736,0.0047883158549666405
2,16,8,2,decode,bfloat16,131072,1,1,2.0398720105489097,0.13685599565505982,43520,150994944,0.006444955710321665
2,16,8,2,decode,bfloat16,131072,8,1,2.375786622365316,0.3189743995666504,345088,1207959552,0.006444955710321665
2,16,8,2,decode,bfloat16,131072,32,1,1.888746738433838,0.9294480323791504,1380352,4831838208,0.006444955710321665
2,16,8,2,prefill,bfloat16,131072,1,128,4.80295467376709,,1718402560,150994944,0.0047883158549666405
2,16,8,2,prefill,bfloat16,131072,1,1024,5.070122718811035,,1745339904,150994944,0.0047883158549666405
2,16,8,2,prefill,bfloat16,131072,1,8192,8.667360305786133,,1945503232,150994944,0.0047883158549666405
2,16,8,2,decode,bfloat16,524288,1,1,1.4774400393168132,0.22612159252166747,43520,603979776,0.006444955710321665
2,16,8,2,decode,bfloat16,524288,8,1,2.4672959645589194,0.8844047546386719,345088,4831838208,0.006444955710321665
2,16,8,2,decode,bfloat16,524288,32,1,3.742997487386068,3.381428909301758,1380352,19327352832,0.006444955710321665
2,16,8,2,prefill,bfloat16,524288,1,128,14.93826166788737,,2773388800,603979776,0.0047883158549666405
2,16,8,2,prefill,bfloat16,524288,1,1024,16.551456451416016,,2795521536,603979776,0.0047883158549666405
2,16,8,2,prefill,bfloat16,524288,1,8192,31.812917073567707,,2973369856,603979776,0.0047883158549666405
2,16,8,2,decode,bfloat16,1048576,1,1,2.1710079511006675,0.34254720211029055,43520,1207959552,0.006444955710321665
2,16,8,2,decode,bfloat16,1048576,8,1,2.634559949239095,1.665297508239746,345088,9663676416,0.006444955710321665
2,16,8,2,decode,bfloat16,1048576,32,1,6.968810399373372,6.5825859069824215,1380352,38654705664,0.006444955710321665
2,16,8,2,prefill,bfloat16,1048576,1,128,27.921473185221355,,3377368576,1207959552,0.0047883158549666405
2,16,8,2,prefill,bfloat16,1048576,1,1024,31.714571634928387,,3399501312,1207959552,0.0047883158549666405
2,16,8,2,prefill,bfloat16,1048576,1,8192,62.407073974609375,,3577349632,1207959552,0.0047883158549666405
2,16,4,4,decode,fp8_e4m3,1024,1,1,1.4832213719685872,0.10440160036087036,107520,589824,0.03481585159897804
2,16,4,4,decode,fp8_e4m3,1024,8,1,1.7001387278238933,0.10851999521255493,849920,4718592,0.03481585159897804
2,16,4,4,decode,fp8_e4m3,1024,32,1,1.5983039538065593,0.11541279554367065,3399680,18874368,0.03481585159897804
2,16,4,4,prefill,fp8_e4m3,1024,1,128,2.9665279388427734,,35304960,589824,0.008163205347955227
2,16,4,4,prefill,fp8_e4m3,1024,1,1024,1.4779946009318035,,63046656,589824,0.008163205347955227
2,16,4,4,decode,fp8_e4m3,8192,1,1,1.6880106925964355,0.11002880334854126,107520,4718592,0.03481585159897804
2,16,4,4,decode,fp8_e4m3,8192,8,1,1.732319990793864,0.11872960329055786,849920,37748736,0.03481585159897804
2,16,4,4,decode,fp8_e4m3,8192,32,1,1.5120107332865398,0.14721280336380005,3399680,150994944,0.03481585159897804
2,16,4,4,prefill,fp8_e4m3,8192,1,128,2.6032320658365884,,207885824,4718592,0.008163205347955227
2,16,4,4,prefill,fp8_e4m3,8192,1,1024,2.5348480542500815,,258442752,4718592,0.008163205347955227
2,16,4,4,prefill,fp8_e4m3,8192,1,8192,1.957632064819336,,482345984,4718592,0.008163205347955227
2,16,4,4,decode,fp8_e4m3,32768,1,1,1.6682772636413574,0.11524000167846679,107520,18874368,0.03481585159897804
2,16,4,4,decode,fp8_e4m3,32768,8,1,1.6517972946166992,0.14502880573272706,849920,150994944,0.03481585159897804
2,16,4,4,decode,fp8_e4m3,32768,32,1,1.4304533004760742,0.2522239923477173,3399680,603979776,0.03481585159897804
2,16,4,4,prefill,fp8_e4m3,32768,1,128,2.9230934778849282,,792802816,18874368,0.008163205347955227
2,16,4,4,prefill,fp8_e4m3,32768,1,1024,2.937898635864258,,843417088,18874368,0.008163205347955227
2,16,4,4,prefill,fp8_e4m3,32768,1,8192,5.448266983032227,,1258161664,18874368,0.008163205347955227
2,16,4,4,decode,fp8_e4m3,131072,1,1,1.42793607711792,0.13330880403518677,107520,75497472,0.03481585159897804
2,16,4,4,decode,fp8_e4m3,131072,8,1,1.4242879549662273,0.2406752109527588,849920,603979776,0.03481585159897804
2,16,4,4,decode,fp8_e4m3,131072,32,1,1.376362641652425,0.662175989151001,3399680,2415919104,0.03481585159897804
2,16,4,4,prefill,fp8_e4m3,131072,1,128,5.667157491048177,,3133224448,75497472,0.008163205347955227
2,16,4,4,prefill,fp8_e4m3,131072,1,1024,6.295381546020508,,3183838720,75497472,0.008163205347955227
2,16,4,4,prefill,fp8_e4m3,131072,1,8192,16.001611073811848,,3597534720,75497472,0.008163205347955227
2,16,4,4,decode,fp8_e4m3,524288,1,1,1.3495680491129558,0.2014080047607422,107520,301989888,0.03481585159897804
2,16,4,4,decode,fp8_e4m3,524288,8,1,1.4352320035298665,0.6183487892150878,849920,2415919104,0.03481585159897804
2,16,4,4,decode,fp8_e4m3,524288,32,1,2.571989377339681,2.3797040939331056,3399680,9663676416,0.03481585159897804
2,16,4,4,prefill,fp8_e4m3,524288,1,128,20.28990936279297,,4791244288,301989888,0.008163205347955227
2,16,4,4,prefill,fp8_e4m3,524288,1,1024,22.351946512858074,,4835280384,301989888,0.008163205347955227
2,16,4,4,prefill,fp8_e4m3,524288,1,8192,61.20074462890625,,5190845952,301989888,0.008163205347955227
2,16,4,4,decode,fp8_e4m3,1048576,1,1,1.2911146481831868,0.2902575969696045,107520,603979776,0.03481585159897804
2,16,4,4,decode,fp8_e4m3,1048576,8,1,1.5320639610290527,1.1174655914306642,849920,4831838208,0.03481585159897804
2,16,4,4,decode,fp8_e4m3,1048576,32,1,4.749823888142903,4.659689712524414,3399680,19327352832,0.03481585159897804
2,16,4,4,prefill,fp8_e4m3,1048576,1,128,39.61839040120443,,5395371520,603979776,0.008163205347955227
2,16,4,4,prefill,fp8_e4m3,1048576,1,1024,43.850850423177086,,5439260160,603979776,0.008163205347955227
2,16,4,4,prefill,fp8_e4m3,1048576,1,8192,121.84337361653645,,5794825728,603979776,0.008163205347955227
2,16,4,4,decode,bfloat16,1024,1,1,1.2200427055358887,0.10171359777450562,112128,1179648,0.005524782929569483
2,16,4,4,decode,bfloat16,1024,8,1,1.2172906398773193,0.1049407958984375,886784,9437184,0.005524782929569483
2,16,4,4,decode,bfloat16,1024,32,1,1.1109546820322673,0.11743199825286865,3547136,37748736,0.005524782929569483
2,16,4,4,prefill,bfloat16,1024,1,128,1.995530605316162,,35960320,1179648,0.003520854515954852
2,16,4,4,prefill,bfloat16,1024,1,1024,1.111957311630249,,63308800,1179648,0.003520854515954852
2,16,4,4,decode,bfloat16,8192,1,1,1.2177386283874512,0.1069375991821289,112128,9437184,0.005524782929569483
2,16,4,4,decode,bfloat16,8192,8,1,1.232415994008382,0.1229200005531311,886784,75497472,0.005524782929569483
2,16,4,4,decode,bfloat16,8192,32,1,1.1078613599141438,0.1835103988647461,3547136,301989888,0.005524782929569483
2,16,4,4,prefill,bfloat16,8192,1,128,2.1058133443196616,,207549952,9437184,0.003520854515954852
2,16,4,4,prefill,bfloat16,8192,1,1024,2.080832004547119,,258442752,9437184,0.003520854515954852
2,16,4,4,prefill,bfloat16,8192,1,8192,1.864298661549886,,482345984,9437184,0.003520854515954852
2,16,4,4,decode,bfloat16,32768,1,1,1.2197226683298747,0.11775519847869872,112128,37748736,0.005524782929569483
2,16,4,4,decode,bfloat16,32768,8,1,1.2151573499043782,0.1793023943901062,886784,301989888,0.005524782929569483
2,16,4,4,decode,bfloat16,32768,32,1,1.1189653078715007,0.41097121238708495,3547136,1207959552,0.005524782929569483
2,16,4,4,prefill,bfloat16,32768,1,128,2.645066738128662,,792802816,37748736,0.003520854515954852
2,16,4,4,prefill,bfloat16,32768,1,1024,2.6567467053731284,,843417088,37748736,0.003520854515954852
2,16,4,4,prefill,bfloat16,32768,1,8192,5.368544260660808,,1257113088,37748736,0.003520854515954852
2,16,4,4,decode,bfloat16,131072,1,1,1.2186240355173747,0.15499839782714844,112128,150994944,0.005524782929569483
2,16,4,4,decode,bfloat16,131072,8,1,1.233514706293742,0.38589279651641845,886784,1207959552,0.005524782929569483
2,16,4,4,decode,bfloat16,131072,32,1,1.560863971710205,1.3185376167297362,3547136,4831838208,0.005524782929569483
2,16,4,4,prefill,bfloat16,131072,1,128,5.4202454884847,,3133224448,150994944,0.003520854515954852
2,16,4,4,prefill,bfloat16,131072,1,1024,6.019242604573567,,3183838720,150994944,0.003520854515954852
2,16,4,4,prefill,bfloat16,131072,1,8192,15.936052958170572,,3597534720,150994944,0.003520854515954852
2,16,4,4,decode,bfloat16,524288,1,1,1.2106773058573406,0.30246400833129883,112128,603979776,0.005524782929569483
2,16,4,4,decode,bfloat16,524288,8,1,1.5011839866638184,1.2230655670166015,886784,4831838208,0.005524782929569483
2,16,4,4,decode,bfloat16,524288,32,1,5.199466705322266,4.948004913330078,3547136,19327352832,0.005524782929569483
2,16,4,4,prefill,bfloat16,524288,1,128,19.51459248860677,,4791391744,603979776,0.003520854515954852
2,16,4,4,prefill,bfloat16,524288,1,1024,21.646046956380207,,4835411456,603979776,0.003520854515954852
2,16,4,4,prefill,bfloat16,524288,1,8192,62.48375447591146,,5190845952,603979776,0.003520854515954852
2,16,4,4,decode,bfloat16,1048576,1,1,1.2370239893595378,0.4971776008605957,112128,1207959552,0.005524782929569483
2,16,4,4,decode,bfloat16,1048576,8,1,2.601151943206787,2.348507118225098,886784,9663676416,0.005524782929569483
2,16,4,4,decode,bfloat16,1048576,32,1,10.041450500488281,9.815923309326172,3547136,38654705664,0.005524782929569483
2,16,4,4,prefill,bfloat16,1048576,1,128,38.19642639160156,,5395371520,1207959552,0.003520854515954852
2,16,4,4,prefill,bfloat16,1048576,1,1024,42.43465677897135,,5439391232,1207959552,0.003520854515954852
2,16,4,4,prefill,bfloat16,1048576,1,8192,123.62369791666667,,5794825728,1207959552,0.003520854515954852
2,16,2,8,decode,fp8_e4m3,1024,1,1,1.4644373257954915,0.10469919443130493,161280,589824,0.03470971807837486
2,16,2,8,decode,fp8_e4m3,1024,8,1,1.4429012934366863,0.10925920009613037,1287168,4718592,0.03470971807837486
2,16,2,8,decode,fp8_e4m3,1024,32,1,1.295733372370402,0.12278399467468262,5148672,18874368,0.03470971807837486
2,16,2,8,prefill,fp8_e4m3,1024,1,128,2.2685333887736,,68265472,589824,0.0075984555296599865
2,16,2,8,prefill,fp8_e4m3,1024,1,1024,1.2240746815999348,,110363648,589824,0.0075984555296599865
2,16,2,8,decode,fp8_e4m3,8192,1,1,1.409440040588379,0.11093920469284058,161280,4718592,0.03470971807837486
2,16,2,8,decode,fp8_e4m3,8192,8,1,1.4083946545918782,0.12015680074691773,1287168,37748736,0.03470971807837486
2,16,2,8,decode,fp8_e4m3,8192,32,1,1.23799467086792,0.1476848006248474,5148672,150994944,0.03470971807837486
2,16,2,8,prefill,fp8_e4m3,8192,1,128,2.3788906733194985,,393152000,4718592,0.0075984555296599865
2,16,2,8,prefill,fp8_e4m3,8192,1,1024,2.3821120262145996,,496961024,4718592,0.0075984555296599865
2,16,2,8,prefill,fp8_e4m3,8192,1,8192,2.829344113667806,,837813248,4718592,0.0075984555296599865
2,16,2,8,decode,fp8_e4m3,32768,1,1,1.3242560227711995,0.12044639587402343,161280,18874368,0.03470971807837486
2,16,2,8,decode,fp8_e4m3,32768,8,1,1.3526399930318196,0.13926719427108764,1287168,150994944,0.03470971807837486
2,16,2,8,decode,fp8_e4m3,32768,32,1,1.238869349161784,0.23592000007629393,5148672,603979776,0.03470971807837486
2,16,2,8,prefill,fp8_e4m3,32768,1,128,3.4275732040405273,,1509565952,18874368,0.0075984555296599865
2,16,2,8,prefill,fp8_e4m3,32768,1,1024,3.7673279444376626,,1610548736,18874368,0.0075984555296599865
2,16,2,8,prefill,fp8_e4m3,32768,1,8192,8.897247950236002,,2448819712,18874368,0.0075984555296599865
2,16,2,8,decode,fp8_e4m3,131072,1,1,1.4068586031595867,0.13801599740982057,161280,75497472,0.03470971807837486
2,16,2,8,decode,fp8_e4m3,131072,8,1,1.4096852938334148,0.22000319957733155,1287168,603979776,0.03470971807837486
2,16,2,8,decode,fp8_e4m3,131072,32,1,1.2537386417388916,0.570251178741455,5148672,2415919104,0.03470971807837486
2,16,2,8,prefill,fp8_e4m3,131072,1,128,8.507957458496094,,5961164288,75497472,0.0075984555296599865
2,16,2,8,prefill,fp8_e4m3,131072,1,1024,11.091434478759766,,6064899584,75497472,0.0075984555296599865
2,16,2,8,prefill,fp8_e4m3,131072,1,8192,29.905675252278645,,6902121984,75497472,0.0075984555296599865
2,16,2,8,decode,fp8_e4m3,524288,1,1,1.3672107060750325,0.1916656017303467,161280,301989888,0.03470971807837486
2,16,2,8,decode,fp8_e4m3,524288,8,1,1.3787412643432617,0.5220911979675293,1287168,2415919104,0.03470971807837486
2,16,2,8,decode,fp8_e4m3,524288,32,1,2.1360106468200684,2.0823535919189453,5148672,9663676416,0.03470971807837486
2,16,2,8,prefill,fp8_e4m3,524288,1,128,31.60235850016276,,8827790848,301989888,0.0075984555296599865
2,16,2,8,prefill,fp8_e4m3,524288,1,1024,41.659019470214844,,8915715584,301989888,0.0075984555296599865
2,16,2,8,prefill,fp8_e4m3,524288,1,8192,118.3484395345052,,9626322432,301989888,0.0075984555296599865
2,16,2,8,decode,fp8_e4m3,1048576,1,1,1.3799467086791992,0.2659343957901001,161280,603979776,0.03470971807837486
2,16,2,8,decode,fp8_e4m3,1048576,8,1,1.4878826141357422,0.9437935829162598,1287168,4831838208,0.03470971807837486
2,16,2,8,decode,fp8_e4m3,1048576,32,1,3.9006932576497397,4.175395202636719,5148672,19327352832,0.03470971807837486
2,16,2,8,prefill,fp8_e4m3,1048576,1,128,62.456034342447914,,9431770624,603979776,0.0075984555296599865
2,16,2,8,prefill,fp8_e4m3,1048576,1,1024,82.46648661295573,,9519695360,603979776,0.0075984555296599865
2,16,2,8,prefill,fp8_e4m3,1048576,1,8192,236.0418904622396,,10229253632,603979776,0.0075984555296599865
2,16,2,8,decode,bfloat16,1024,1,1,1.2746666272481282,0.10269279479980468,139776,1179648,0.004783360753208399
2,16,2,8,decode,bfloat16,1024,8,1,1.2805866400400798,0.10712480545043945,1115136,9437184,0.004783360753208399
2,16,2,8,decode,bfloat16,1024,32,1,1.1479146480560303,0.12624000310897826,4460544,37748736,0.004783360753208399
2,16,2,8,prefill,bfloat16,1024,1,128,1.9580267270406086,,68265472,1179648,0.001843483536504209
2,16,2,8,prefill,bfloat16,1024,1,1024,1.1024426619211833,,111150080,1179648,0.001843483536504209
2,16,2,8,decode,bfloat16,8192,1,1,1.296778678894043,0.10908160209655762,139776,9437184,0.004783360753208399
2,16,2,8,decode,bfloat16,8192,8,1,1.3153279622395833,0.1223904013633728,1115136,75497472,0.004783360753208399
2,16,2,8,decode,bfloat16,8192,32,1,1.1621119976043701,0.16868480443954467,4460544,301989888,0.004783360753208399
2,16,2,8,prefill,bfloat16,8192,1,128,2.2345813115437827,,394257920,9437184,0.001843483536504209
2,16,2,8,prefill,bfloat16,8192,1,1024,2.1877759297688804,,497092096,9437184,0.001843483536504209
2,16,2,8,prefill,bfloat16,8192,1,8192,2.782282511393229,,837813248,9437184,0.001843483536504209
2,16,2,8,decode,bfloat16,32768,1,1,1.2816960016886394,0.12372959852218628,139776,37748736,0.004783360753208399
2,16,2,8,decode,bfloat16,32768,8,1,1.3094826539357503,0.15806399583816527,1115136,301989888,0.004783360753208399
2,16,2,8,decode,bfloat16,32768,32,1,1.167317310969035,0.32399840354919435,4460544,1207959552,0.004783360753208399
2,16,2,8,prefill,bfloat16,32768,1,128,3.3416961034139,,1506813440,37748736,0.001843483536504209
2,16,2,8,prefill,bfloat16,32768,1,1024,3.70796807607015,,1610548736,37748736,0.001843483536504209
2,16,2,8,prefill,bfloat16,32768,1,8192,8.933909098307291,,2448819712,37748736,0.001843483536504209
2,16,2,8,decode,bfloat16,131072,1,1,1.280191977818807,0.14376480579376222,139776,150994944,0.004783360753208399
2,16,2,8,decode,bfloat16,131072,8,1,1.299562692642212,0.33063840866088867,1115136,1207959552,0.004783360753208399
2,16,2,8,decode,bfloat16,131072,32,1,1.3045547008514404,0.9542880058288574,4460544,4831838208,0.004783360753208399
2,16,2,8,prefill,bfloat16,131072,1,128,8.312597274780273,,5961164288,150994944,0.001843483536504209
2,16,2,8,prefill,bfloat16,131072,1,1024,10.92022450764974,,6064899584,150994944,0.001843483536504209
2,16,2,8,prefill,bfloat16,131072,1,8192,29.672459920247395,,6902121984,150994944,0.001843483536504209
2,16,2,8,decode,bfloat16,524288,1,1,1.3270506858825684,0.23835198879241942,139776,603979776,0.004783360753208399
2,16,2,8,decode,bfloat16,524288,8,1,1.4033172925313313,0.9143695831298828,1115136,4831838208,0.004783360753208399
2,16,2,8,decode,bfloat16,524288,32,1,3.7059946060180664,3.8453601837158202,4460544,19327352832,0.004783360753208399
2,16,2,8,prefill,bfloat16,524288,1,128,31.077952067057293,,8827790848,603979776,0.001843483536504209
2,16,2,8,prefill,bfloat16,524288,1,1024,41.123486836751304,,8915715584,603979776,0.001843483536504209
2,16,2,8,prefill,bfloat16,524288,1,8192,120.11936442057292,,9626322432,603979776,0.001843483536504209
2,16,2,8,decode,bfloat16,1048576,1,1,1.2974613507588704,0.36752159595489503,139776,1207959552,0.004783360753208399
2,16,2,8,decode,bfloat16,1048576,8,1,1.9660372734069824,1.7814895629882812,1115136,9663676416,0.004783360753208399
2,16,2,8,decode,bfloat16,1048576,32,1,6.959530512491862,7.866881561279297,4460544,38654705664,0.004783360753208399
2,16,2,8,prefill,bfloat16,1048576,1,128,61.28607177734375,,9431770624,1207959552,0.001843483536504209
2,16,2,8,prefill,bfloat16,1048576,1,1024,81.2865498860677,,9519695360,1207959552,0.001843483536504209
2,16,2,8,prefill,bfloat16,1048576,1,8192,238.55999755859375,,10230302208,1207959552,0.001843483536504209
2,16,1,16,decode,fp8_e4m3,1024,1,1,1.11244797706604,0.12755680084228516,317952,589824,0.034656696021556854
2,16,1,16,decode,fp8_e4m3,1024,8,1,1.104629357655843,0.13106720447540282,2540544,4718592,0.034656696021556854
3,16,16,1,decode,fp8_e4m3,1024,1,1,2.0591893196105957,0.1126911997795105,31744,589824,0.03509664535522461
3,16,16,1,decode,fp8_e4m3,1024,8,1,1.9989120165507,0.10481599569320679,246784,4718592,0.03509664535522461
3,16,16,1,decode,fp8_e4m3,1024,32,1,1.6859092712402344,0.11556320190429688,987136,18874368,0.03509664535522461
3,16,16,1,prefill,fp8_e4m3,1024,1,128,2.958869298299154,,11076096,589824,0.0076119983568787575
3,16,16,1,prefill,fp8_e4m3,1024,1,1024,1.7078399658203125,,29361152,589824,0.0076119983568787575
3,16,16,1,decode,fp8_e4m3,8192,1,1,1.9835200309753418,0.1136847972869873,31744,4718592,0.03509664535522461
3,16,16,1,decode,fp8_e4m3,8192,8,1,1.741088072458903,0.11768480539321899,246784,37748736,0.03509664535522461
3,16,16,1,decode,fp8_e4m3,8192,32,1,1.7163947423299153,0.15888479948043824,987136,150994944,0.03509664535522461
3,16,16,1,prefill,fp8_e4m3,8192,1,128,2.9678932825724282,,65438208,4718592,0.0076119983568787575
3,16,16,1,prefill,fp8_e4m3,8192,1,1024,2.542400042215983,,80209408,4718592,0.0076119983568787575
3,16,16,1,prefill,fp8_e4m3,8192,1,8192,1.6955199241638184,,215745536,4718592,0.0076119983568787575
3,16,16,1,decode,fp8_e4m3,32768,1,1,1.8883412679036458,0.12819520235061646,31744,18874368,0.03509664535522461
3,16,16,1,decode,fp8_e4m3,32768,8,1,1.9444799423217773,0.1567296028137207,246784,150994944,0.03509664535522461
3,16,16,1,decode,fp8_e4m3,32768,32,1,1.6467199325561523,0.2271791934967041,987136,603979776,0.03509664535522461
3,16,16,1,prefill,fp8_e4m3,32768,1,128,3.0117759704589844,,254820864,18874368,0.0076119983568787575
3,16,16,1,prefill,fp8_e4m3,32768,1,1024,2.98470401763916,,268297728,18874368,0.0076119983568787575
3,16,16,1,prefill,fp8_e4m3,32768,1,8192,3.1996800104777017,,363529728,18874368,0.0076119983568787575
3,16,16,1,decode,fp8_e4m3,131072,1,1,1.9897279739379883,0.1508303999900818,31744,75497472,0.03509664535522461
3,16,16,1,decode,fp8_e4m3,131072,8,1,2.01308806737264,0.22085120677947997,246784,603979776,0.03509664535522461
3,16,16,1,decode,fp8_e4m3,131072,32,1,1.7171093622843425,0.48959999084472655,987136,2415919104,0.03509664535522461
3,16,16,1,prefill,fp8_e4m3,131072,1,128,4.059455871582031,,1010139648,75497472,0.0076119983568787575
3,16,16,1,prefill,fp8_e4m3,131072,1,1024,4.468778610229492,,1021568512,75497472,0.0076119983568787575
3,16,16,1,prefill,fp8_e4m3,131072,1,8192,6.523978551228841,,1119553024,75497472,0.0076119983568787575
3,16,16,1,decode,fp8_e4m3,524288,1,1,2.0607892672220864,0.19044640064239501,31744,301989888,0.03509664535522461
3,16,16,1,decode,fp8_e4m3,524288,8,1,2.0551253954569497,0.4671951770782471,246784,2415919104,0.03509664535522461
3,16,16,1,decode,fp8_e4m3,524288,32,1,2.1186347007751465,1.541107177734375,987136,9663676416,0.03509664535522461
3,16,16,1,prefill,fp8_e4m3,524288,1,128,12.712629954020182,,1764125184,301989888,0.0076119983568787575
3,16,16,1,prefill,fp8_e4m3,524288,1,1024,14.335615793863932,,1776756224,301989888,0.0076119983568787575
3,16,16,1,prefill,fp8_e4m3,524288,1,8192,21.808542887369793,,1864697344,301989888,0.0076119983568787575
3,16,16,1,decode,fp8_e4m3,1048576,1,1,2.1111146608988443,0.24420320987701416,31744,603979776,0.03509664535522461
3,16,16,1,decode,fp8_e4m3,1048576,8,1,2.0966080029805503,0.8033727645874024,246784,4831838208,0.03509664535522461
3,16,16,1,decode,fp8_e4m3,1048576,32,1,3.3464959462483725,2.9628143310546875,987136,19327352832,0.03509664535522461
3,16,16,1,prefill,fp8_e4m3,1048576,1,128,24.02586619059245,,2368104960,603979776,0.0076119983568787575
3,16,16,1,prefill,fp8_e4m3,1048576,1,1024,27.57159423828125,,2381260288,603979776,0.0076119983568787575
3,16,16,1,prefill,fp8_e4m3,1048576,1,8192,42.22333780924479,,2468677120,603979776,0.0076119983568787575
3,16,16,1,decode,bfloat16,1024,1,1,1.999381383260091,0.10692000389099121,31744,1179648,0.006898726802319288
3,16,16,1,decode,bfloat16,1024,8,1,1.7178133328755696,0.102401602268219,246784,9437184,0.006898726802319288
3,16,16,1,decode,bfloat16,1024,32,1,1.6662826538085938,0.13435839414596557,987136,37748736,0.006898726802319288
3,16,16,1,prefill,bfloat16,1024,1,128,3.082655906677246,,11272704,1179648,0.001956015592440963
3,16,16,1,prefill,bfloat16,1024,1,1024,1.73799467086792,,28967936,1179648,0.001956015592440963
3,16,16,1,decode,bfloat16,8192,1,1,2.0289173126220703,0.11232800483703613,31744,9437184,0.006898726802319288
3,16,16,1,decode,bfloat16,8192,8,1,1.9238932927449544,0.14229120016098024,246784,75497472,0.006898726802319288
3,16,16,1,decode,bfloat16,8192,32,1,1.6464319229125977,0.18630720376968385,987136,301989888,0.006898726802319288
3,16,16,1,prefill,bfloat16,8192,1,128,3.065567970275879,,65438208,9437184,0.001956015592440963
3,16,16,1,prefill,bfloat16,8192,1,1024,2.976736068725586,,79554048,9437184,0.001956015592440963
3,16,16,1,prefill,bfloat16,8192,1,8192,1.815008004506429,,215745536,9437184,0.001956015592440963
3,16,16,1,decode,bfloat16,32768,1,1,1.9997866948445637,0.1374351978302002,31744,37748736,0.006898726802319288
3,16,16,1,decode,bfloat16,32768,8,1,1.9793492952982585,0.17956639528274537,246784,301989888,0.006898726802319288
3,16,16,1,decode,bfloat16,32768,32,1,1.6822187105814617,0.3394783973693848,987136,1207959552,0.006898726802319288
3,16,16,1,prefill,bfloat16,32768,1,128,3.1775039037068686,,254820864,37748736,0.001956015592440963
3,16,16,1,prefill,bfloat16,32768,1,1024,3.094506581624349,,268297728,37748736,0.001956015592440963
3,16,16,1,prefill,bfloat16,32768,1,8192,3.0719146728515625,,363529728,37748736,0.001956015592440963
3,16,16,1,decode,bfloat16,131072,1,1,2.027232011159261,0.16157280206680297,31744,150994944,0.006898726802319288
3,16,16,1,decode,bfloat16,131072,8,1,2.019200007120768,0.34059839248657225,246784,1207959552,0.006898726802319288
3,16,16,1,decode,bfloat16,131072,32,1,1.5706987380981445,0.9499296188354492,987136,4831838208,0.006898726802319288
3,16,16,1,prefill,bfloat16,131072,1,128,3.6177921295166016,,1010139648,150994944,0.001956015592440963
3,16,16,1,prefill,bfloat16,131072,1,1024,4.295839945475261,,1023272448,150994944,0.001956015592440963
3,16,16,1,prefill,bfloat16,131072,1,8192,6.299903869628906,,1119553024,150994944,0.001956015592440963
3,16,16,1,decode,bfloat16,524288,1,1,2.1032320658365884,0.24943039417266846,31744,603979776,0.006898726802319288
3,16,16,1,decode,bfloat16,524288,8,1,2.1559573809305825,0.907595157623291,246784,4831838208,0.006898726802319288
3,16,16,1,decode,bfloat16,524288,32,1,3.7074880599975586,3.4010814666748046,987136,19327352832,0.006898726802319288
3,16,16,1,prefill,bfloat16,524288,1,128,12.077898661295572,,1764125184,603979776,0.001956015592440963
3,16,16,1,prefill,bfloat16,524288,1,1024,13.67406972249349,,1776756224,603979776,0.001956015592440963
3,16,16,1,prefill,bfloat16,524288,1,8192,21.148234049479168,,1864697344,603979776,0.001956015592440963
3,16,16,1,decode,bfloat16,1048576,1,1,1.8195947011311848,0.3640575885772705,31744,1207959552,0.006898726802319288
3,16,16,1,decode,bfloat16,1048576,8,1,1.9532586733500164,1.6875919342041015,246784,9663676416,0.006898726802319288
3,16,16,1,decode,bfloat16,1048576,32,1,6.803936004638672,6.578913879394531,987136,38654705664,0.006898726802319288
3,16,16,1,prefill,bfloat16,1048576,1,128,22.607755025227863,,2368104960,1207959552,0.001956015592440963
3,16,16,1,prefill,bfloat16,1048576,1,1024,26.339060465494793,,2381260288,1207959552,0.001956015592440963
3,16,16,1,prefill,bfloat16,1048576,1,8192,40.719947814941406,,2468677120,1207959552,0.001956015592440963
3,16,8,2,decode,fp8_e4m3,1024,1,1,2.4707306226094565,0.09072800278663636,44032,589824,0.03501495346426964
3,16,8,2,decode,fp8_e4m3,1024,8,1,2.4326186180114746,0.09572479724884034,347136,4718592,0.03501495346426964
3,16,8,2,decode,fp8_e4m3,1024,32,1,1.8016319274902344,0.108787202835083,1388544,18874368,0.03501495346426964
3,16,8,2,prefill,fp8_e4m3,1024,1,128,3.1936000188191733,,18824704,589824,0.008806233294308186
3,16,8,2,prefill,fp8_e4m3,1024,1,1024,1.2384959856669109,,39846912,589824,0.008806233294308186
3,16,8,2,decode,fp8_e4m3,8192,1,1,2.476458708445231,0.09581599831581115,44032,4718592,0.03501495346426964
3,16,8,2,decode,fp8_e4m3,8192,8,1,2.4469653765360513,0.1139631986618042,347136,37748736,0.03501495346426964
3,16,8,2,decode,fp8_e4m3,8192,32,1,1.579487959543864,0.1335935950279236,1388544,150994944,0.03501495346426964
3,16,8,2,prefill,fp8_e4m3,8192,1,128,3.2215147018432617,,113786368,4718592,0.008806233294308186
3,16,8,2,prefill,fp8_e4m3,8192,1,1024,3.1475626627604165,,140494336,4718592,0.008806233294308186
3,16,8,2,prefill,fp8_e4m3,8192,1,8192,1.9169066747029622,,304612352,4718592,0.008806233294308186
3,16,8,2,decode,fp8_e4m3,32768,1,1,2.35481595993042,0.11357760429382324,44032,18874368,0.03501495346426964
3,16,8,2,decode,fp8_e4m3,32768,8,1,2.3766934076944985,0.13254719972610474,347136,150994944,0.03501495346426964
3,16,8,2,decode,fp8_e4m3,32768,32,1,1.189130703608195,0.20153439044952393,1388544,603979776,0.03501495346426964
3,16,8,2,prefill,fp8_e4m3,32768,1,128,3.4221652348836265,,434945536,18874368,0.008806233294308186
3,16,8,2,prefill,fp8_e4m3,32768,1,1024,3.35317325592041,,462407168,18874368,0.008806233294308186
3,16,8,2,prefill,fp8_e4m3,32768,1,8192,4.012223879496257,,662046208,18874368,0.008806233294308186
3,16,8,2,decode,fp8_e4m3,131072,1,1,2.373525301615397,0.1278864026069641,44032,75497472,0.03501495346426964
3,16,8,2,decode,fp8_e4m3,131072,8,1,2.2921172777811685,0.19725600481033326,347136,603979776,0.03501495346426964
3,16,8,2,decode,fp8_e4m3,131072,32,1,1.1656746864318848,0.46139841079711913,1388544,2415919104,0.03501495346426964
3,16,8,2,prefill,fp8_e4m3,131072,1,128,4.89081605275472,,1718402560,75497472,0.008806233294308186
3,16,8,2,prefill,fp8_e4m3,131072,1,1024,5.223850568135579,,1744815616,75497472,0.008806233294308186
3,16,8,2,prefill,fp8_e4m3,131072,1,8192,9.130271911621094,,1945503232,75497472,0.008806233294308186
3,16,8,2,decode,fp8_e4m3,524288,1,1,1.5424426396687825,0.1666208028793335,44032,301989888,0.03501495346426964
3,16,8,2,decode,fp8_e4m3,524288,8,1,2.4838719367980957,0.4450687885284424,347136,2415919104,0.03501495346426964
3,16,8,2,decode,fp8_e4m3,524288,32,1,2.1809493700663247,1.5182271957397462,1388544,9663676416,0.03501495346426964
3,16,8,2,prefill,fp8_e4m3,524288,1,128,15.683060963948568,,2773388800,301989888,0.008806233294308186
3,16,8,2,prefill,fp8_e4m3,524288,1,1024,17.38909912109375,,2795128320,301989888,0.008806233294308186
3,16,8,2,prefill,fp8_e4m3,524288,1,8192,32.23764292399088,,2973369856,301989888,0.008806233294308186
3,16,8,2,decode,fp8_e4m3,1048576,1,1,2.420469284057617,0.221016001701355,44032,603979776,0.03501495346426964
3,16,8,2,decode,fp8_e4m3,1048576,8,1,2.4289706548055015,0.7765151977539062,347136,4831838208,0.03501495346426964
3,16,8,2,decode,fp8_e4m3,1048576,32,1,3.325514793395996,2.9827808380126952,1388544,19327352832,0.03501495346426964
3,16,8,2,prefill,fp8_e4m3,1048576,1,128,29.78509775797526,,3377368576,603979776,0.008806233294308186
3,16,8,2,prefill,fp8_e4m3,1048576,1,1024,33.40595245361328,,3399501312,603979776,0.008806233294308186
3,16,8,2,prefill,fp8_e4m3,1048576,1,8192,63.542154947916664,,3577349632,603979776,0.008806233294308186
3,16,8,2,decode,bfloat16,1024,1,1,2.3868586222330728,0.08886079788208008,43520,1179648,0.006444955710321665
3,16,8,2,decode,bfloat16,1024,8,1,2.3934079806009927,0.09353920221328735,345088,9437184,0.006444955710321665
3,16,8,2,decode,bfloat16,1024,32,1,1.786527951558431,0.10972000360488891,1380352,37748736,0.006444955710321665
3,16,8,2,prefill,bfloat16,1024,1,128,3.285312016805013,,18824704,1179648,0.0047883158549666405
3,16,8,2,prefill,bfloat16,1024,1,1024,1.8700586954752605,,39846912,1179648,0.0047883158549666405
3,16,8,2,decode,bfloat16,8192,1,1,1.4377066294352214,0.09457280039787293,43520,9437184,0.006444955710321665
3,16,8,2,decode,bfloat16,8192,8,1,2.4387200673421225,0.11925280094146729,345088,75497472,0.006444955710321665
3,16,8,2,decode,bfloat16,8192,32,1,1.8337173461914062,0.16125760078430176,1380352,301989888,0.006444955710321665
3,16,8,2,prefill,bfloat16,8192,1,128,3.1158294677734375,,113786368,9437184,0.0047883158549666405
3,16,8,2,prefill,bfloat16,8192,1,1024,3.0502827962239585,,140494336,9437184,0.0047883158549666405
3,16,8,2,prefill,bfloat16,8192,1,8192,1.8733760515848796,,304612352,9437184,0.0047883158549666405
3,16,8,2,decode,bfloat16,32768,1,1,2.3445332845052085,0.11573120355606079,43520,37748736,0.006444955710321665
3,16,8,2,decode,bfloat16,32768,8,1,1.4560106595357258,0.15644320249557495,345088,301989888,0.006444955710321665
3,16,8,2,decode,bfloat16,32768,32,1,1.557930628458659,0.3158720016479492,1380352,1207959552,0.006444955710321665
3,16,8,2,prefill,bfloat16,32768,1,128,3.413034756978353,,434945536,37748736,0.0047883158549666405
3,16,8,2,prefill,bfloat16,32768,1,1024,2.3791252772013345,,461882880,37748736,0.0047883158549666405
3,16,8,2,prefill,bfloat16,32768,1,8192,4.005973180135091,,663094784,37748736,0.0047883158549666405
3,16,8,2,decode,bfloat16,131072,1,1,2.039168039957682,0.13688479661941527,43520,150994944,0.006444955710321665
3,16,8,2,decode,bfloat16,131072,8,1,2.376149336496989,0.3192895889282227,345088,1207959552,0.006444955710321665
3,16,8,2,decode,bfloat16,131072,32,1,1.8876372973124187,0.929315185546875,1380352,4831838208,0.006444955710321665
3,16,8,2,prefill,bfloat16,131072,1,128,4.8033707936604815,,1718402560,150994944,0.0047883158549666405
3,16,8,2,prefill,bfloat16,131072,1,1024,5.070879936218262,,1745339904,150994944,0.0047883158549666405
3,16,8,2,prefill,bfloat16,131072,1,8192,8.667797088623047,,1945503232,150994944,0.0047883158549666405
3,16,8,2,decode,bfloat16,524288,1,1,1.4775360425313313,0.22669761180877684,43520,603979776,0.006444955710321665
3,16,8,2,decode,bfloat16,524288,8,1,2.466986656188965,0.8843055725097656,345088,4831838208,0.006444955710321665
3,16,8,2,decode,bfloat16,524288,32,1,3.743114789326986,3.3816158294677736,1380352,19327352832,0.006444955710321665
3,16,8,2,prefill,bfloat16,524288,1,128,14.938410441080729,,2773388800,603979776,0.0047883158549666405
3,16,8,2,prefill,bfloat16,524288,1,1024,16.55178705851237,,2795521536,603979776,0.0047883158549666405
3,16,8,2,prefill,bfloat16,524288,1,8192,31.8132807413737,,2973369856,603979776,0.0047883158549666405
3,16,8,2,decode,bfloat16,1048576,1,1,2.1692585945129395,0.3424384117126465,43520,1207959552,0.006444955710321665
3,16,8,2,decode,bfloat16,1048576,8,1,2.634005387624105,1.6652591705322266,345088,9663676416,0.006444955710321665
3,16,8,2,decode,bfloat16,1048576,32,1,6.969557444254558,6.582438659667969,1380352,38654705664,0.006444955710321665
3,16,8,2,prefill,bfloat16,1048576,1,128,27.919275919596355,,3377368576,1207959552,0.0047883158549666405
3,16,8,2,prefill,bfloat16,1048576,1,1024,31.71294911702474,,3399501312,1207959552,0.0047883158549666405
3,16,8,2,prefill,bfloat16,1048576,1,8192,62.40656026204427,,3577349632,1207959552,0.0047883158549666405
3,16,4,4,decode,fp8_e4m3,1024,1,1,1.4814720153808594,0.1047327995300293,107520,589824,0.03481585159897804
3,16,4,4,decode,fp8_e4m3,1024,8,1,1.6988587379455566,0.10866559743881225,849920,4718592,0.03481585159897804
3,16,4,4,decode,fp8_e4m3,1024,32,1,1.5970452626546223,0.11558239459991455,3399680,18874368,0.03481585159897804
3,16,4,4,prefill,fp8_e4m3,1024,1,128,2.9684371948242188,,35304960,589824,0.008163205347955227
3,16,4,4,prefill,fp8_e4m3,1024,1,1024,1.4770666758219402,,63046656,589824,0.008163205347955227
3,16,4,4,decode,fp8_e4m3,8192,1,1,1.6926933924357097,0.11032639741897583,107520,4718592,0.03481585159897804
3,16,4,4,decode,fp8_e4m3,8192,8,1,1.733674685160319,0.11900160312652588,849920,37748736,0.03481585159897804
3,16,4,4,decode,fp8_e4m3,8192,32,1,1.5119147300720215,0.14758559465408325,3399680,150994944,0.03481585159897804
3,16,4,4,prefill,fp8_e4m3,8192,1,128,2.606752077738444,,207885824,4718592,0.008163205347955227
3,16,4,4,prefill,fp8_e4m3,8192,1,1024,2.529952049255371,,258442752,4718592,0.008163205347955227
3,16,4,4,prefill,fp8_e4m3,8192,1,8192,1.9575786590576172,,482345984,4718592,0.008163205347955227
3,16,4,4,decode,fp8_e4m3,32768,1,1,1.667850653330485,0.11530400514602661,107520,18874368,0.03481585159897804
3,16,4,4,decode,fp8_e4m3,32768,8,1,1.653205394744873,0.14540640115737916,849920,150994944,0.03481585159897804
3,16,4,4,decode,fp8_e4m3,32768,32,1,1.430357297261556,0.2524048089981079,3399680,603979776,0.03481585159897804
3,16,4,4,prefill,fp8_e4m3,32768,1,128,2.9219414393107095,,792802816,18874368,0.008163205347955227
3,16,4,4,prefill,fp8_e4m3,32768,1,1024,2.9385385513305664,,843417088,18874368,0.008163205347955227
3,16,4,4,prefill,fp8_e4m3,32768,1,8192,5.448853174845378,,1258161664,18874368,0.008163205347955227
3,16,4,4,decode,fp8_e4m3,131072,1,1,1.426570733388265,0.13358880281448365,107520,75497472,0.03481585159897804
3,16,4,4,decode,fp8_e4m3,131072,8,1,1.4223252932230632,0.24079680442810059,849920,603979776,0.03481585159897804
3,16,4,4,decode,fp8_e4m3,131072,32,1,1.3765333493550618,0.6622992038726807,3399680,2415919104,0.03481585159897804
3,16,4,4,prefill,fp8_e4m3,131072,1,128,5.6691945393880205,,3133224448,75497472,0.008163205347955227
3,16,4,4,prefill,fp8_e4m3,131072,1,1024,6.297824223836263,,3183838720,75497472,0.008163205347955227
3,16,4,4,prefill,fp8_e4m3,131072,1,8192,16.006783803304035,,3597534720,75497472,0.008163205347955227
3,16,4,4,decode,fp8_e4m3,524288,1,1,1.3455467224121094,0.2015216112136841,107520,301989888,0.03481585159897804
3,16,4,4,decode,fp8_e4m3,524288,8,1,1.4353493054707844,0.6186624050140381,849920,2415919104,0.03481585159897804
3,16,4,4,decode,fp8_e4m3,524288,32,1,2.5731733640034995,2.3797328948974608,3399680,9663676416,0.03481585159897804
3,16,4,4,prefill,fp8_e4m3,524288,1,128,20.291114807128906,,4791244288,301989888,0.008163205347955227
3,16,4,4,prefill,fp8_e4m3,524288,1,1024,22.356918334960938,,4835280384,301989888,0.008163205347955227
3,16,4,4,prefill,fp8_e4m3,524288,1,8192,61.197408040364586,,5190845952,301989888,0.008163205347955227
3,16,4,4,decode,fp8_e4m3,1048576,1,1,1.2906773090362549,0.2904639959335327,107520,603979776,0.03481585159897804
3,16,4,4,decode,fp8_e4m3,1048576,8,1,1.5324053764343262,1.1174511909484863,849920,4831838208,0.03481585159897804
3,16,4,4,decode,fp8_e4m3,1048576,32,1,4.749877293904622,4.659807968139648,3399680,19327352832,0.03481585159897804
3,16,4,4,prefill,fp8_e4m3,1048576,1,128,39.6187744140625,,5395371520,603979776,0.008163205347955227
3,16,4,4,prefill,fp8_e4m3,1048576,1,1024,43.851593017578125,,5439260160,603979776,0.008163205347955227
3,16,4,4,prefill,fp8_e4m3,1048576,1,8192,121.84605916341145,,5794825728,603979776,0.008163205347955227
3,16,4,4,decode,bfloat16,1024,1,1,1.2181973457336426,0.10180959701538086,112128,1179648,0.005524782929569483
3,16,4,4,decode,bfloat16,1024,8,1,1.2154239813486736,0.10505119562149048,886784,9437184,0.005524782929569483
3,16,4,4,decode,bfloat16,1024,32,1,1.1099092960357666,0.11763360500335693,3547136,37748736,0.005524782929569483
3,16,4,4,prefill,bfloat16,1024,1,128,1.9925227165222168,,35960320,1179648,0.003520854515954852
3,16,4,4,prefill,bfloat16,1024,1,1024,1.1093119780222576,,63308800,1179648,0.003520854515954852
3,16,4,4,decode,bfloat16,8192,1,1,1.215008020401001,0.10698720216751098,112128,9437184,0.005524782929569483
3,16,4,4,decode,bfloat16,8192,8,1,1.2300586700439453,0.12291840314865113,886784,75497472,0.005524782929569483
3,16,4,4,decode,bfloat16,8192,32,1,1.1035199960072835,0.18349759578704833,3547136,301989888,0.005524782929569483
3,16,4,4,prefill,bfloat16,8192,1,128,2.1012372970581055,,207549952,9437184,0.003520854515954852
3,16,4,4,prefill,bfloat16,8192,1,1024,2.0739946365356445,,258442752,9437184,0.003520854515954852
3,16,4,4,prefill,bfloat16,8192,1,8192,1.8670612970987956,,482345984,9437184,0.003520854515954852
3,16,4,4,decode,bfloat16,32768,1,1,1.2196053663889568,0.11798080205917358,112128,37748736,0.005524782929569483
3,16,4,4,decode,bfloat16,32768,8,1,1.2062293688456218,0.17939360141754152,886784,301989888,0.005524782929569483
3,16,4,4,decode,bfloat16,32768,32,1,1.118389368057251,0.4108208179473877,3547136,1207959552,0.005524782929569483
3,16,4,4,prefill,bfloat16,32768,1,128,2.6403093338012695,,792802816,37748736,0.003520854515954852
3,16,4,4,prefill,bfloat16,32768,1,1024,2.6564693450927734,,843417088,37748736,0.003520854515954852
3,16,4,4,prefill,bfloat16,32768,1,8192,5.374474843343099,,1257113088,37748736,0.003520854515954852
3,16,4,4,decode,bfloat16,131072,1,1,1.2169919808705647,0.15495680570602416,112128,150994944,0.005524782929569483
3,16,4,4,decode,bfloat16,131072,8,1,1.2187519868214924,0.3859407901763916,886784,1207959552,0.005524782929569483
3,16,4,4,decode,bfloat16,131072,32,1,1.560501257578532,1.3185551643371582,3547136,4831838208,0.005524782929569483
3,16,4,4,prefill,bfloat16,131072,1,128,5.420981089274089,,3133224448,150994944,0.003520854515954852
3,16,4,4,prefill,bfloat16,131072,1,1024,6.022879918416341,,3183838720,150994944,0.003520854515954852
3,16,4,4,prefill,bfloat16,131072,1,8192,15.936426798502604,,3597534720,150994944,0.003520854515954852
3,16,4,4,decode,bfloat16,524288,1,1,1.2098026275634766,0.302454400062561,112128,603979776,0.005524782929569483
3,16,4,4,decode,bfloat16,524288,8,1,1.5014293988545735,1.22326717376709,886784,4831838208,0.005524782929569483
3,16,4,4,decode,bfloat16,524288,32,1,5.200223922729492,4.947990417480469,3547136,19327352832,0.005524782929569483
3,16,4,4,prefill,bfloat16,524288,1,128,19.514986673990887,,4791391744,603979776,0.003520854515954852
3,16,4,4,prefill,bfloat16,524288,1,1024,21.64605967203776,,4835411456,603979776,0.003520854515954852
3,16,4,4,prefill,bfloat16,524288,1,8192,62.489705403645836,,5190845952,603979776,0.003520854515954852
3,16,4,4,decode,bfloat16,1048576,1,1,1.2369386355082195,0.4971312046051025,112128,1207959552,0.005524782929569483
3,16,4,4,decode,bfloat16,1048576,8,1,2.604853312174479,2.3485679626464844,886784,9663676416,0.005524782929569483
3,16,4,4,decode,bfloat16,1048576,32,1,10.037589391072592,9.815885162353515,3547136,38654705664,0.005524782929569483
3,16,4,4,prefill,bfloat16,1048576,1,128,38.197898864746094,,5395371520,1207959552,0.003520854515954852
3,16,4,4,prefill,bfloat16,1048576,1,1024,42.43075307210287,,5439391232,1207959552,0.003520854515954852
3,16,4,4,prefill,bfloat16,1048576,1,8192,123.6216328938802,,5794825728,1207959552,0.003520854515954852
3,16,2,8,decode,fp8_e4m3,1024,1,1,1.4635094006856282,0.10485279560089111,161280,589824,0.03470971807837486
3,16,2,8,decode,fp8_e4m3,1024,8,1,1.4435092608133953,0.10892640352249146,1287168,4718592,0.03470971807837486
3,16,2,8,decode,fp8_e4m3,1024,32,1,1.294975996017456,0.12273279428482056,5148672,18874368,0.03470971807837486
3,16,2,8,prefill,fp8_e4m3,1024,1,128,2.2694506645202637,,68265472,589824,0.0075984555296599865
3,16,2,8,prefill,fp8_e4m3,1024,1,1024,1.225279966990153,,110363648,589824,0.0075984555296599865
3,16,2,8,decode,fp8_e4m3,8192,1,1,1.412351926167806,0.11102080345153809,161280,4718592,0.03470971807837486
3,16,2,8,decode,fp8_e4m3,8192,8,1,1.411882718404134,0.12003999948501587,1287168,37748736,0.03470971807837486
3,16,2,8,decode,fp8_e4m3,8192,32,1,1.2374186515808105,0.14771360158920288,5148672,150994944,0.03470971807837486
3,16,2,8,prefill,fp8_e4m3,8192,1,128,2.381066640218099,,393152000,4718592,0.0075984555296599865
3,16,2,8,prefill,fp8_e4m3,8192,1,1024,2.381685256958008,,496961024,4718592,0.0075984555296599865
3,16,2,8,prefill,fp8_e4m3,8192,1,8192,2.8309653600056968,,837813248,4718592,0.0075984555296599865
3,16,2,8,decode,fp8_e4m3,32768,1,1,1.3222613334655762,0.12055840492248535,161280,18874368,0.03470971807837486
3,16,2,8,decode,fp8_e4m3,32768,8,1,1.3520746231079102,0.13938080072402953,1287168,150994944,0.03470971807837486
3,16,2,8,decode,fp8_e4m3,32768,32,1,1.2389973004659016,0.23582398891448975,5148672,603979776,0.03470971807837486
3,16,2,8,prefill,fp8_e4m3,32768,1,128,3.4298880894978843,,1509565952,18874368,0.0075984555296599865
3,16,2,8,prefill,fp8_e4m3,32768,1,1024,3.76798947652181,,1610548736,18874368,0.0075984555296599865
3,16,2,8,prefill,fp8_e4m3,32768,1,8192,8.911797205607096,,2448819712,18874368,0.0075984555296599865
3,16,2,8,decode,fp8_e4m3,131072,1,1,1.4055253664652507,0.137992000579834,161280,75497472,0.03470971807837486
3,16,2,8,decode,fp8_e4m3,131072,8,1,1.4062827428181965,0.22005600929260255,1287168,603979776,0.03470971807837486
3,16,2,8,decode,fp8_e4m3,131072,32,1,1.254197359085083,0.5703343868255615,5148672,2415919104,0.03470971807837486
3,16,2,8,prefill,fp8_e4m3,131072,1,128,8.508245468139648,,5961164288,75497472,0.0075984555296599865
3,16,2,8,prefill,fp8_e4m3,131072,1,1024,11.091167449951172,,6064899584,75497472,0.0075984555296599865
3,16,2,8,prefill,fp8_e4m3,131072,1,8192,29.923296610514324,,6902121984,75497472,0.0075984555296599865
3,16,2,8,decode,fp8_e4m3,524288,1,1,1.3680532773335774,0.19170880317687988,161280,301989888,0.03470971807837486
3,16,2,8,decode,fp8_e4m3,524288,8,1,1.3817812601725261,0.5223023891448975,1287168,2415919104,0.03470971807837486
3,16,2,8,decode,fp8_e4m3,524288,32,1,2.137119928995768,2.081870460510254,5148672,9663676416,0.03470971807837486
3,16,2,8,prefill,fp8_e4m3,524288,1,128,31.60304005940755,,8827790848,301989888,0.0075984555296599865
3,16,2,8,prefill,fp8_e4m3,524288,1,1024,41.658345540364586,,8915715584,301989888,0.0075984555296599865
3,16,2,8,prefill,fp8_e4m3,524288,1,8192,118.35230509440105,,9626322432,301989888,0.0075984555296599865
3,16,2,8,decode,fp8_e4m3,1048576,1,1,1.394997278849284,0.2658720016479492,161280,603979776,0.03470971807837486
3,16,2,8,decode,fp8_e4m3,1048576,8,1,1.487317403157552,0.9437616348266602,1287168,4831838208,0.03470971807837486
3,16,2,8,decode,fp8_e4m3,1048576,32,1,3.901599884033203,4.174833679199219,5148672,19327352832,0.03470971807837486
3,16,2,8,prefill,fp8_e4m3,1048576,1,128,62.453887939453125,,9431770624,603979776,0.0075984555296599865
3,16,2,8,prefill,fp8_e4m3,1048576,1,1024,82.46802266438802,,9519695360,603979776,0.0075984555296599865
3,16,2,8,prefill,fp8_e4m3,1048576,1,8192,236.0295613606771,,10229253632,603979776,0.0075984555296599865
3,16,2,8,decode,bfloat16,1024,1,1,1.2875626881917317,0.10284320116043091,139776,1179648,0.004783360753208399
3,16,2,8,decode,bfloat16,1024,8,1,1.2847572962443035,0.10720959901809693,1115136,9437184,0.004783360753208399
3,16,2,8,decode,bfloat16,1024,32,1,1.150869369506836,0.12645920515060424,4460544,37748736,0.004783360753208399
3,16,2,8,prefill,bfloat16,1024,1,128,1.9605120023091633,,68265472,1179648,0.001843483536504209
3,16,2,8,prefill,bfloat16,1024,1,1024,1.1009066899617512,,111150080,1179648,0.001843483536504209
3,16,2,8,decode,bfloat16,8192,1,1,1.3025386333465576,0.10911999940872193,139776,9437184,0.004783360753208399
3,16,2,8,decode,bfloat16,8192,8,1,1.3146453698476155,0.12232639789581298,1115136,75497472,0.004783360753208399
3,16,2,8,decode,bfloat16,8192,32,1,1.1634559631347656,0.1685487985610962,4460544,301989888,0.004783360753208399
3,16,2,8,prefill,bfloat16,8192,1,128,2.238997300465902,,394257920,9437184,0.001843483536504209
3,16,2,8,prefill,bfloat16,8192,1,1024,2.187594731648763,,497092096,9437184,0.001843483536504209
3,16,2,8,prefill,bfloat16,8192,1,8192,2.7822720209757485,,837813248,9437184,0.001843483536504209
3,16,2,8,decode,bfloat16,32768,1,1,1.2833279768625896,0.1236143946647644,139776,37748736,0.004783360753208399
3,16,2,8,decode,bfloat16,32768,8,1,1.3149867057800293,0.15810079574584962,1115136,301989888,0.004783360753208399
3,16,2,8,decode,bfloat16,32768,32,1,1.171231985092163,0.32397758960723877,4460544,1207959552,0.004783360753208399
3,16,2,8,prefill,bfloat16,32768,1,128,3.342378616333008,,1506813440,37748736,0.001843483536504209
3,16,2,8,prefill,bfloat16,32768,1,1024,3.7071892420450845,,1610548736,37748736,0.001843483536504209
3,16,2,8,prefill,bfloat16,32768,1,8192,8.934890747070312,,2448819712,37748736,0.001843483536504209
3,16,2,8,decode,bfloat16,131072,1,1,1.282538652420044,0.1438639998435974,139776,150994944,0.004783360753208399
3,16,2,8,decode,bfloat16,131072,8,1,1.2969919840494792,0.3306175947189331,1115136,1207959552,0.004783360753208399
3,16,2,8,decode,bfloat16,131072,32,1,1.3028799692789714,0.954212760925293,4460544,4831838208,0.004783360753208399
3,16,2,8,prefill,bfloat16,131072,1,128,8.312533060709635,,5961164288,150994944,0.001843483536504209
3,16,2,8,prefill,bfloat16,131072,1,1024,10.918538411458334,,6064899584,150994944,0.001843483536504209
3,16,2,8,prefill,bfloat16,131072,1,8192,29.6721928914388,,6902121984,150994944,0.001843483536504209
3,16,2,8,decode,bfloat16,524288,1,1,1.3255786895751953,0.23823840618133546,139776,603979776,0.004783360753208399
3,16,2,8,decode,bfloat16,524288,8,1,1.4023040135701497,0.9142895698547363,1115136,4831838208,0.004783360753208399
3,16,2,8,decode,bfloat16,524288,32,1,3.7059094111124673,3.8446014404296873,4460544,19327352832,0.004783360753208399
3,16,2,8,prefill,bfloat16,524288,1,128,31.076395670572918,,8827790848,603979776,0.001843483536504209
3,16,2,8,prefill,bfloat16,524288,1,1024,41.12250773111979,,8915715584,603979776,0.001843483536504209
3,16,2,8,prefill,bfloat16,524288,1,8192,120.12281290690105,,9626322432,603979776,0.001843483536504209
3,16,2,8,decode,bfloat16,1048576,1,1,1.2992746829986572,0.36724319458007815,139776,1207959552,0.004783360753208399
3,16,2,8,decode,bfloat16,1048576,8,1,1.9650774002075195,1.781435203552246,1115136,9663676416,0.004783360753208399
3,16,2,8,decode,bfloat16,1048576,32,1,6.961098353068034,7.866792297363281,4460544,38654705664,0.004783360753208399
3,16,2,8,prefill,bfloat16,1048576,1,128,61.28484090169271,,9431770624,1207959552,0.001843483536504209
3,16,2,8,prefill,bfloat16,1048576,1,1024,81.28558858235677,,9519695360,1207959552,0.001843483536504209
3,16,2,8,prefill,bfloat16,1048576,1,8192,238.56880696614584,,10230302208,1207959552,0.001843483536504209
3,16,1,16,decode,fp8_e4m3,1024,1,1,1.0863893032073975,0.12804479598999025,317952,589824,0.034656696021556854
3,16,1,16,decode,fp8_e4m3,1024,8,1,1.0199253559112549,0.1310528039932251,2540544,4718592,0.034656696021556854
4,16,16,1,decode,fp8_e4m3,1024,1,1,2.0606613159179688,0.11260000467300416,31744,589824,0.03509664535522461
4,16,16,1,decode,fp8_e4m3,1024,8,1,2.000266710917155,0.10500799417495728,246784,4718592,0.03509664535522461
4,16,16,1,decode,fp8_e4m3,1024,32,1,1.6865919431050618,0.11578880548477173,987136,18874368,0.03509664535522461
4,16,16,1,prefill,fp8_e4m3,1024,1,128,2.9588588078816733,,11076096,589824,0.0076119983568787575
4,16,16,1,prefill,fp8_e4m3,1024,1,1024,1.710634708404541,,29361152,589824,0.0076119983568787575
4,16,16,1,decode,fp8_e4m3,8192,1,1,1.9840960502624512,0.11391680240631104,31744,4718592,0.03509664535522461
4,16,16,1,decode,fp8_e4m3,8192,8,1,1.737013339996338,0.11764479875564575,246784,37748736,0.03509664535522461
4,16,16,1,decode,fp8_e4m3,8192,32,1,1.7179412841796875,0.1588655948638916,987136,150994944,0.03509664535522461
4,16,16,1,prefill,fp8_e4m3,8192,1,128,2.9684054056803384,,65438208,4718592,0.0076119983568787575
4,16,16,1,prefill,fp8_e4m3,8192,1,1024,2.542517344156901,,80209408,4718592,0.0076119983568787575
4,16,16,1,prefill,fp8_e4m3,8192,1,8192,1.6950079600016277,,215745536,4718592,0.0076119983568787575
4,16,16,1,decode,fp8_e4m3,32768,1,1,1.8889813423156738,0.12799520492553712,31744,18874368,0.03509664535522461
4,16,16,1,decode,fp8_e4m3,32768,8,1,1.9457173347473145,0.15660159587860106,246784,150994944,0.03509664535522461
4,16,16,1,decode,fp8_e4m3,32768,32,1,1.646389325459798,0.22721281051635742,987136,603979776,0.03509664535522461
4,16,16,1,prefill,fp8_e4m3,32768,1,128,3.0119574864705405,,254820864,18874368,0.0076119983568787575
4,16,16,1,prefill,fp8_e4m3,32768,1,1024,2.985642751057943,,268297728,18874368,0.0076119983568787575
4,16,16,1,prefill,fp8_e4m3,32768,1,8192,3.1994028091430664,,363529728,18874368,0.0076119983568787575
4,16,16,1,decode,fp8_e4m3,131072,1,1,1.9894720713297527,0.1509552001953125,31744,75497472,0.03509664535522461
4,16,16,1,decode,fp8_e4m3,131072,8,1,2.013333320617676,0.22098879814147948,246784,603979776,0.03509664535522461
4,16,16,1,decode,fp8_e4m3,131072,32,1,1.7173226674397786,0.48944802284240724,987136,2415919104,0.03509664535522461
4,16,16,1,prefill,fp8_e4m3,131072,1,128,4.060469309488933,,1010139648,75497472,0.0076119983568787575
4,16,16,1,prefill,fp8_e4m3,131072,1,1024,4.469418525695801,,1021568512,75497472,0.0076119983568787575
4,16,16,1,prefill,fp8_e4m3,131072,1,8192,6.523882548014323,,1119553024,75497472,0.0076119983568787575
4,16,16,1,decode,fp8_e4m3,524288,1,1,2.059391975402832,0.19037920236587524,31744,301989888,0.03509664535522461
4,16,16,1,decode,fp8_e4m3,524288,8,1,2.0535680452982583,0.46726560592651367,246784,2415919104,0.03509664535522461
4,16,16,1,decode,fp8_e4m3,524288,32,1,2.118922710418701,1.541209602355957,987136,9663676416,0.03509664535522461
4,16,16,1,prefill,fp8_e4m3,524288,1,128,12.713493347167969,,1764125184,301989888,0.0076119983568787575
4,16,16,1,prefill,fp8_e4m3,524288,1,1024,14.33468755086263,,1776756224,301989888,0.0076119983568787575
4,16,16,1,prefill,fp8_e4m3,524288,1,8192,21.80946095784505,,1864697344,301989888,0.0076119983568787575
4,16,16,1,decode,fp8_e4m3,1048576,1,1,2.111413319905599,0.24457759857177735,31744,603979776,0.03509664535522461
4,16,16,1,decode,fp8_e4m3,1048576,8,1,2.0976319313049316,0.8033807754516602,246784,4831838208,0.03509664535522461
4,16,16,1,decode,fp8_e4m3,1048576,32,1,3.347071965535482,2.9626863479614256,987136,19327352832,0.03509664535522461
4,16,16,1,prefill,fp8_e4m3,1048576,1,128,24.026016235351562,,2368104960,603979776,0.0076119983568787575
4,16,16,1,prefill,fp8_e4m3,1048576,1,1024,27.572608947753906,,2381260288,603979776,0.0076119983568787575
4,16,16,1,prefill,fp8_e4m3,1048576,1,8192,42.224395751953125,,2468677120,603979776,0.0076119983568787575
4,16,16,1,decode,bfloat16,1024,1,1,2.000138600667318,0.1071552038192749,31744,1179648,0.006898726802319288
4,16,16,1,decode,bfloat16,1024,8,1,1.7169280052185059,0.10251200199127197,246784,9437184,0.006898726802319288
4,16,16,1,decode,bfloat16,1024,32,1,1.6661547025044758,0.13427679538726806,987136,37748736,0.006898726802319288
4,16,16,1,prefill,bfloat16,1024,1,128,3.0832319259643555,,11272704,1179648,0.001956015592440963
4,16,16,1,prefill,bfloat16,1024,1,1024,1.7371733983357747,,28967936,1179648,0.001956015592440963
4,16,16,1,decode,bfloat16,8192,1,1,2.0299839973449707,0.1123744010925293,31744,9437184,0.006898726802319288
4,16,16,1,decode,bfloat16,8192,8,1,1.922335942586263,0.1424512028694153,246784,75497472,0.006898726802319288
4,16,16,1,decode,bfloat16,8192,32,1,1.6469546953837078,0.18620959520339966,987136,301989888,0.006898726802319288
4,16,16,1,prefill,bfloat16,8192,1,128,3.065066655476888,,65438208,9437184,0.001956015592440963
4,16,16,1,prefill,bfloat16,8192,1,1024,2.976405461629232,,79554048,9437184,0.001956015592440963
4,16,16,1,prefill,bfloat16,8192,1,8192,1.8148694038391113,,215745536,9437184,0.001956015592440963
4,16,16,1,decode,bfloat16,32768,1,1,2.000490665435791,0.13747199773788452,31744,37748736,0.006898726802319288
4,16,16,1,decode,bfloat16,32768,8,1,1.9795626004536946,0.17950559854507447,246784,301989888,0.006898726802319288
4,16,16,1,decode,bfloat16,32768,32,1,1.682794729868571,0.33975679874420167,987136,1207959552,0.006898726802319288
4,16,16,1,prefill,bfloat16,32768,1,128,3.177898724873861,,254820864,37748736,0.001956015592440963
4,16,16,1,prefill,bfloat16,32768,1,1024,3.0966612497965493,,268297728,37748736,0.001956015592440963
4,16,16,1,prefill,bfloat16,32768,1,8192,3.0728321075439453,,363529728,37748736,0.001956015592440963
4,16,16,1,decode,bfloat16,131072,1,1,2.0265493392944336,0.1616495966911316,31744,150994944,0.006898726802319288
4,16,16,1,decode,bfloat16,131072,8,1,2.01802666982015,0.3405855894088745,246784,1207959552,0.006898726802319288
4,16,16,1,decode,bfloat16,131072,32,1,1.5712000528971355,0.9497520446777343,987136,4831838208,0.006898726802319288
4,16,16,1,prefill,bfloat16,131072,1,128,3.618197441101074,,1010139648,150994944,0.001956015592440963
4,16,16,1,prefill,bfloat16,131072,1,1024,4.296661376953125,,1023272448,150994944,0.001956015592440963
4,16,16,1,prefill,bfloat16,131072,1,8192,6.298709233601888,,1119553024,150994944,0.001956015592440963
4,16,16,1,decode,bfloat16,524288,1,1,2.104128042856852,0.24957759380340577,31744,603979776,0.006898726802319288
4,16,16,1,decode,bfloat16,524288,8,1,2.155989329020182,0.9076800346374512,246784,4831838208,0.006898726802319288
4,16,16,1,decode,bfloat16,524288,32,1,3.7083412806193032,3.4012142181396485,987136,19327352832,0.006898726802319288
4,16,16,1,prefill,bfloat16,524288,1,128,12.079861958821615,,1764125184,603979776,0.001956015592440963
4,16,16,1,prefill,bfloat16,524288,1,1024,13.674368540445963,,1776756224,603979776,0.001956015592440963
4,16,16,1,prefill,bfloat16,524288,1,8192,21.14853286743164,,1864697344,603979776,0.001956015592440963
4,16,16,1,decode,bfloat16,1048576,1,1,1.8193492889404297,0.36382720470428465,31744,1207959552,0.006898726802319288
4,16,16,1,decode,bfloat16,1048576,8,1,1.954271952311198,1.6873039245605468,246784,9663676416,0.006898726802319288
4,16,16,1,decode,bfloat16,1048576,32,1,6.804629643758138,6.578958129882812,987136,38654705664,0.006898726802319288
4,16,16,1,prefill,bfloat16,1048576,1,128,22.607765197753906,,2368104960,1207959552,0.001956015592440963
4,16,16,1,prefill,bfloat16,1048576,1,1024,26.338846842447918,,2381260288,1207959552,0.001956015592440963
4,16,16,1,prefill,bfloat16,1048576,1,8192,40.72046915690104,,2468677120,1207959552,0.001956015592440963
4,16,8,2,decode,fp8_e4m3,1024,1,1,2.471029281616211,0.09070079922676086,44032,589824,0.03501495346426964
4,16,8,2,decode,fp8_e4m3,1024,8,1,2.4331626892089844,0.09588000178337097,347136,4718592,0.03501495346426964
4,16,8,2,decode,fp8_e4m3,1024,32,1,1.8019092877705891,0.10885599851608277,1388544,18874368,0.03501495346426964
4,16,8,2,prefill,fp8_e4m3,1024,1,128,3.194069226582845,,18824704,589824,0.008806233294308186
4,16,8,2,prefill,fp8_e4m3,1024,1,1024,1.2378453413645427,,39846912,589824,0.008806233294308186
4,16,8,2,decode,fp8_e4m3,8192,1,1,2.476832071940104,0.095905601978302,44032,4718592,0.03501495346426964
4,16,8,2,decode,fp8_e4m3,8192,8,1,2.4474239349365234,0.11399680376052856,347136,37748736,0.03501495346426964
4,16,8,2,decode,fp8_e4m3,8192,32,1,1.5807253519694011,0.13376959562301635,1388544,150994944,0.03501495346426964
4,16,8,2,prefill,fp8_e4m3,8192,1,128,3.222229321797689,,113786368,4718592,0.008806233294308186
4,16,8,2,prefill,fp8_e4m3,8192,1,1024,3.1464319229125977,,140494336,4718592,0.008806233294308186
4,16,8,2,prefill,fp8_e4m3,8192,1,8192,1.9171093304951985,,304612352,4718592,0.008806233294308186
4,16,8,2,decode,fp8_e4m3,32768,1,1,2.355189323425293,0.11360800266265869,44032,18874368,0.03501495346426964
4,16,8,2,decode,fp8_e4m3,32768,8,1,2.376885255177816,0.13262399435043334,347136,150994944,0.03501495346426964
4,16,8,2,decode,fp8_e4m3,32768,32,1,1.1890453497568767,0.20143039226531984,1388544,603979776,0.03501495346426964
4,16,8,2,prefill,fp8_e4m3,32768,1,128,3.421898523966471,,434945536,18874368,0.008806233294308186
4,16,8,2,prefill,fp8_e4m3,32768,1,1024,3.35317325592041,,462407168,18874368,0.008806233294308186
4,16,8,2,prefill,fp8_e4m3,32768,1,8192,4.012074788411458,,662046208,18874368,0.008806233294308186
4,16,8,2,decode,fp8_e4m3,131072,1,1,2.373301347096761,0.1277008056640625,44032,75497472,0.03501495346426964
4,16,8,2,decode,fp8_e4m3,131072,8,1,2.292458693186442,0.19744800329208373,347136,603979776,0.03501495346426964
4,16,8,2,decode,fp8_e4m3,131072,32,1,1.1646186510721843,0.4615952014923096,1388544,2415919104,0.03501495346426964
4,16,8,2,prefill,fp8_e4m3,131072,1,128,4.889984130859375,,1718402560,75497472,0.008806233294308186
4,16,8,2,prefill,fp8_e4m3,131072,1,1024,5.223711967468262,,1744815616,75497472,0.008806233294308186
4,16,8,2,prefill,fp8_e4m3,131072,1,8192,9.129589080810547,,1945503232,75497472,0.008806233294308186
4,16,8,2,decode,fp8_e4m3,524288,1,1,1.5441813468933105,0.16665760278701783,44032,301989888,0.03501495346426964
4,16,8,2,decode,fp8_e4m3,524288,8,1,2.4831466674804688,0.4450528144836426,347136,2415919104,0.03501495346426964
4,16,8,2,decode,fp8_e4m3,524288,32,1,2.1811413764953613,1.518611240386963,1388544,9663676416,0.03501495346426964
4,16,8,2,prefill,fp8_e4m3,524288,1,128,15.684266408284506,,2773388800,301989888,0.008806233294308186
4,16,8,2,prefill,fp8_e4m3,524288,1,1024,17.39046351114909,,2795128320,301989888,0.008806233294308186
4,16,8,2,prefill,fp8_e4m3,524288,1,8192,32.239051818847656,,2973369856,301989888,0.008806233294308186
4,16,8,2,decode,fp8_e4m3,1048576,1,1,2.4216319719950357,0.22151679992675782,44032,603979776,0.03501495346426964
4,16,8,2,decode,fp8_e4m3,1048576,8,1,2.4297173817952475,0.7766528129577637,347136,4831838208,0.03501495346426964
4,16,8,2,decode,fp8_e4m3,1048576,32,1,3.32753054300944,2.9829328536987303,1388544,19327352832,0.03501495346426964
4,16,8,2,prefill,fp8_e4m3,1048576,1,128,29.78528086344401,,3377368576,603979776,0.008806233294308186
4,16,8,2,prefill,fp8_e4m3,1048576,1,1024,33.40655008951823,,3399501312,603979776,0.008806233294308186
4,16,8,2,prefill,fp8_e4m3,1048576,1,8192,63.5426025390625,,3577349632,603979776,0.008806233294308186
4,16,8,2,decode,bfloat16,1024,1,1,2.3874026934305825,0.08864480257034302,43520,1179648,0.006444955710321665
4,16,8,2,decode,bfloat16,1024,8,1,2.3945493698120117,0.09362080097198486,345088,9437184,0.006444955710321665
4,16,8,2,decode,bfloat16,1024,32,1,1.7880746523539226,0.10981279611587524,1380352,37748736,0.006444955710321665
4,16,8,2,prefill,bfloat16,1024,1,128,3.28658135732015,,18824704,1179648,0.0047883158549666405
4,16,8,2,prefill,bfloat16,1024,1,1024,1.8699413935343425,,39846912,1179648,0.0047883158549666405
4,16,8,2,decode,bfloat16,8192,1,1,1.4369920094807942,0.09477760195732117,43520,9437184,0.006444955710321665
4,16,8,2,decode,bfloat16,8192,8,1,2.4389333724975586,0.11930240392684936,345088,75497472,0.006444955710321665
4,16,8,2,decode,bfloat16,8192,32,1,1.8338027000427246,0.16126079559326173,1380352,301989888,0.006444955710321665
4,16,8,2,prefill,bfloat16,8192,1,128,3.116053263346354,,113786368,9437184,0.0047883158549666405
4,16,8,2,prefill,bfloat16,8192,1,1024,3.0509866078694663,,140494336,9437184,0.0047883158549666405
4,16,8,2,prefill,bfloat16,8192,1,8192,1.8730986913045247,,304612352,9437184,0.0047883158549666405
4,16,8,2,decode,bfloat16,32768,1,1,2.3444053332010903,0.11579200029373168,43520,37748736,0.006444955710321665
4,16,8,2,decode,bfloat16,32768,8,1,1.4559574127197266,0.15663679838180541,345088,301989888,0.006444955710321665
4,16,8,2,decode,bfloat16,32768,32,1,1.558058738708496,0.3159568071365356,1380352,1207959552,0.006444955710321665
4,16,8,2,prefill,bfloat16,32768,1,128,3.4120105107625327,,434945536,37748736,0.0047883158549666405
4,16,8,2,prefill,bfloat16,32768,1,1024,2.379786650339762,,461882880,37748736,0.0047883158549666405
4,16,8,2,prefill,bfloat16,32768,1,8192,4.006997426350911,,663094784,37748736,0.0047883158549666405
4,16,8,2,decode,bfloat16,131072,1,1,2.039189338684082,0.13668960332870483,43520,150994944,0.006444955710321665
4,16,8,2,decode,bfloat16,131072,8,1,2.376981258392334,0.3193984031677246,345088,1207959552,0.006444955710321665
4,16,8,2,decode,bfloat16,131072,32,1,1.8884906768798828,0.9294272422790527,1380352,4831838208,0.006444955710321665
4,16,8,2,prefill,bfloat16,131072,1,128,4.802837371826172,,1718402560,150994944,0.0047883158549666405
4,16,8,2,prefill,bfloat16,131072,1,1024,5.0698668162028,,1745339904,150994944,0.0047883158549666405
4,16,8,2,prefill,bfloat16,131072,1,8192,8.668266932169596,,1945503232,150994944,0.0047883158549666405
4,16,8,2,decode,bfloat16,524288,1,1,1.4779307047526042,0.226857590675354,43520,603979776,0.006444955710321665
4,16,8,2,decode,bfloat16,524288,8,1,2.466976006825765,0.8844127655029297,345088,4831838208,0.006444955710321665
4,16,8,2,decode,bfloat16,524288,32,1,3.743391990661621,3.381787109375,1380352,19327352832,0.006444955710321665
4,16,8,2,prefill,bfloat16,524288,1,128,14.938368479410807,,2773388800,603979776,0.0047883158549666405
4,16,8,2,prefill,bfloat16,524288,1,1024,16.550496419270832,,2795521536,603979776,0.0047883158549666405
4,16,8,2,prefill,bfloat16,524288,1,8192,31.81383514404297,,2973369856,603979776,0.0047883158549666405
4,16,8,2,decode,bfloat16,1048576,1,1,2.169504006703695,0.3425391912460327,43520,1207959552,0.006444955710321665
4,16,8,2,decode,bfloat16,1048576,8,1,2.634314695994059,1.6654735565185548,345088,9663676416,0.006444955710321665
4,16,8,2,decode,bfloat16,1048576,32,1,6.970495859781901,6.582520294189453,1380352,38654705664,0.006444955710321665
4,16,8,2,prefill,bfloat16,1048576,1,128,27.921920776367188,,3377368576,1207959552,0.0047883158549666405
4,16,8,2,prefill,bfloat16,1048576,1,1024,31.715550740559895,,3399501312,1207959552,0.0047883158549666405
4,16,8,2,prefill,bfloat16,1048576,1,8192,62.40719095865885,,3577349632,1207959552,0.0047883158549666405
4,16,4,4,decode,fp8_e4m3,1024,1,1,2.119434674580892,0.10680960416793824,107520,589824,0.03481585159897804
4,16,4,4,decode,fp8_e4m3,1024,8,1,2.0854612986246743,0.10963040590286255,849920,4718592,0.03481585159897804
4,16,4,4,decode,fp8_e4m3,1024,32,1,1.864906628926595,0.11565120220184326,3399680,18874368,0.03481585159897804
4,16,4,4,prefill,fp8_e4m3,1024,1,128,3.2154773076375327,,35304960,589824,0.008163205347955227
4,16,4,4,prefill,fp8_e4m3,1024,1,1024,1.8442559242248535,,63046656,589824,0.008163205347955227
4,16,4,4,decode,fp8_e4m3,8192,1,1,2.0679787000020347,0.11009119749069214,107520,4718592,0.03481585159897804
4,16,4,4,decode,fp8_e4m3,8192,8,1,2.036736011505127,0.11781439781188965,849920,37748736,0.03481585159897804
4,16,4,4,decode,fp8_e4m3,8192,32,1,1.8243412971496582,0.14704960584640503,3399680,150994944,0.03481585159897804
4,16,4,4,prefill,fp8_e4m3,8192,1,128,3.1621974309285483,,207885824,4718592,0.008163205347955227
4,16,4,4,prefill,fp8_e4m3,8192,1,1024,3.018965403238932,,258442752,4718592,0.008163205347955227
4,16,4,4,prefill,fp8_e4m3,8192,1,8192,2.077002684275309,,482345984,4718592,0.008163205347955227
4,16,4,4,decode,fp8_e4m3,32768,1,1,2.071061293284098,0.11740800142288207,107520,18874368,0.03481585159897804
4,16,4,4,decode,fp8_e4m3,32768,8,1,2.0709120432535806,0.14384959936141967,849920,150994944,0.03481585159897804
4,16,4,4,decode,fp8_e4m3,32768,32,1,1.6782933870951335,0.2521888017654419,3399680,603979776,0.03481585159897804
4,16,4,4,prefill,fp8_e4m3,32768,1,128,3.4647998809814453,,793441792,18874368,0.008163205347955227
4,16,4,4,prefill,fp8_e4m3,32768,1,1024,2.821610768636068,,843941376,18874368,0.008163205347955227
4,16,4,4,prefill,fp8_e4m3,32768,1,8192,5.413344065348308,,1257113088,18874368,0.008163205347955227
4,16,4,4,decode,fp8_e4m3,131072,1,1,1.3221866289774578,0.13496960401535035,107520,75497472,0.03481585159897804
4,16,4,4,decode,fp8_e4m3,131072,8,1,1.3657387097676594,0.24006240367889403,849920,603979776,0.03481585159897804
4,16,4,4,decode,fp8_e4m3,131072,32,1,1.7824640274047852,0.6612351894378662,3399680,2415919104,0.03481585159897804
4,16,4,4,prefill,fp8_e4m3,131072,1,128,6.162506739298503,,3134010880,75497472,0.008163205347955227
4,16,4,4,prefill,fp8_e4m3,131072,1,1024,6.576885223388672,,3183969792,75497472,0.008163205347955227
4,16,4,4,prefill,fp8_e4m3,131072,1,8192,16.28210194905599,,3597534720,75497472,0.008163205347955227
4,16,4,4,decode,fp8_e4m3,524288,1,1,1.9340267181396484,0.20116639137268066,107520,301989888,0.03481585159897804
4,16,4,4,decode,fp8_e4m3,524288,8,1,1.9582932790120442,0.6164688110351563,849920,2415919104,0.03481585159897804
4,16,4,4,decode,fp8_e4m3,524288,32,1,2.716831843058268,2.361564826965332,3399680,9663676416,0.03481585159897804
4,16,4,4,prefill,fp8_e4m3,524288,1,128,21.023253122965496,,4791129600,301989888,0.008163205347955227
4,16,4,4,prefill,fp8_e4m3,524288,1,1024,22.973419189453125,,4835411456,301989888,0.008163205347955227
4,16,4,4,prefill,fp8_e4m3,524288,1,8192,61.299560546875,,5191239168,301989888,0.008163205347955227
4,16,4,4,decode,fp8_e4m3,1048576,1,1,1.8172586758931477,0.29087998867034914,107520,603979776,0.03481585159897804
4,16,4,4,decode,fp8_e4m3,1048576,8,1,2.013962745666504,1.1156944274902343,849920,4831838208,0.03481585159897804
4,16,4,4,decode,fp8_e4m3,1048576,32,1,4.895680109659831,4.6646575927734375,3399680,19327352832,0.03481585159897804
4,16,4,4,prefill,fp8_e4m3,1048576,1,128,40.623156229654946,,5395109376,603979776,0.008163205347955227
4,16,4,4,prefill,fp8_e4m3,1048576,1,1024,44.715901692708336,,5439391232,603979776,0.008163205347955227
4,16,4,4,prefill,fp8_e4m3,1048576,1,8192,121.3767801920573,,5795218944,603979776,0.008163205347955227
4,16,4,4,decode,bfloat16,1024,1,1,1.8291093508402507,0.10330400466918946,112128,1179648,0.005524782929569483
4,16,4,4,decode,bfloat16,1024,8,1,1.819071928660075,0.10536960363388062,886784,9437184,0.005524782929569483
4,16,4,4,decode,bfloat16,1024,32,1,1.6669012705485027,0.11773920059204102,3547136,37748736,0.005524782929569483
4,16,4,4,prefill,bfloat16,1024,1,128,2.9278507232666016,,36746752,1179648,0.003520854515954852
4,16,4,4,prefill,bfloat16,1024,1,1024,1.6992106437683105,,63833088,1179648,0.003520854515954852
4,16,4,4,decode,bfloat16,8192,1,1,1.8797760009765625,0.10844639539718628,112128,9437184,0.005524782929569483
4,16,4,4,decode,bfloat16,8192,8,1,1.8734933535257976,0.12354559898376465,886784,75497472,0.005524782929569483
4,16,4,4,decode,bfloat16,8192,32,1,1.7062293688456218,0.18354719877243042,3547136,301989888,0.005524782929569483
4,16,4,4,prefill,bfloat16,8192,1,128,3.0691518783569336,,207402496,9437184,0.003520854515954852
4,16,4,4,prefill,bfloat16,8192,1,1024,3.0191787083943686,,258442752,9437184,0.003520854515954852
4,16,4,4,prefill,bfloat16,8192,1,8192,2.011722723642985,,482739200,9437184,0.003520854515954852
4,16,4,4,decode,bfloat16,32768,1,1,1.9544426600138347,0.11924159526824951,112128,37748736,0.005524782929569483
4,16,4,4,decode,bfloat16,32768,8,1,1.68668794631958,0.17963680028915405,886784,301989888,0.005524782929569483
4,16,4,4,decode,bfloat16,32768,32,1,1.569642702738444,0.41136960983276366,3547136,1207959552,0.005524782929569483
4,16,4,4,prefill,bfloat16,32768,1,128,3.453920046488444,,793982464,37748736,0.003520854515954852
4,16,4,4,prefill,bfloat16,32768,1,1024,3.3675947189331055,,843548160,37748736,0.003520854515954852
4,16,4,4,prefill,bfloat16,32768,1,8192,5.668821334838867,,1257113088,37748736,0.003520854515954852
4,16,4,4,decode,bfloat16,131072,1,1,1.8249600728352864,0.15616320371627807,112128,150994944,0.005524782929569483
4,16,4,4,decode,bfloat16,131072,8,1,1.8568639755249023,0.38639519214630125,886784,1207959552,0.005524782929569483
4,16,4,4,decode,bfloat16,131072,32,1,1.915104071299235,1.318075180053711,3547136,4831838208,0.005524782929569483
4,16,4,4,prefill,bfloat16,131072,1,128,5.989440282185872,,3134010880,150994944,0.003520854515954852
4,16,4,4,prefill,bfloat16,131072,1,1024,6.086250940958659,,3183838720,150994944,0.003520854515954852
4,16,4,4,prefill,bfloat16,131072,1,8192,16.1133550008138,,3597927936,150994944,0.003520854515954852
4,16,4,4,decode,bfloat16,524288,1,1,1.9315199851989746,0.3029887914657593,112128,603979776,0.005524782929569483
4,16,4,4,decode,bfloat16,524288,8,1,2.1241493225097656,1.2233455657958985,886784,4831838208,0.005524782929569483
4,16,4,4,decode,bfloat16,524288,32,1,5.358090718587239,4.947502517700196,3547136,19327352832,0.005524782929569483
4,16,4,4,prefill,bfloat16,524288,1,128,20.427093505859375,,4791129600,603979776,0.003520854515954852
4,16,4,4,prefill,bfloat16,524288,1,1024,22.21173350016276,,4835280384,603979776,0.003520854515954852
4,16,4,4,prefill,bfloat16,524288,1,8192,61.033772786458336,,5191239168,603979776,0.003520854515954852
4,16,4,4,decode,bfloat16,1048576,1,1,1.8695786794026692,0.4962736129760742,112128,1207959552,0.005524782929569483
4,16,4,4,decode,bfloat16,1048576,8,1,2.7659308115641275,2.331483268737793,886784,9663676416,0.005524782929569483
4,16,4,4,decode,bfloat16,1048576,32,1,10.141248067220053,9.812957000732421,3547136,38654705664,0.005524782929569483
4,16,4,4,prefill,bfloat16,1048576,1,128,39.368896484375,,5395109376,1207959552,0.003520854515954852
4,16,4,4,prefill,bfloat16,1048576,1,1024,43.45007832845052,,5439260160,1207959552,0.003520854515954852
4,16,4,4,prefill,bfloat16,1048576,1,8192,123.01411946614583,,5795218944,1207959552,0.003520854515954852
4,16,2,8,decode,fp8_e4m3,1024,1,1,1.8702613512674968,0.10607359409332276,161280,589824,0.03470971807837486
4,16,2,8,decode,fp8_e4m3,1024,8,1,1.9377066294352214,0.10927040576934814,1287168,4718592,0.03470971807837486
4,16,2,8,decode,fp8_e4m3,1024,32,1,1.635957400004069,0.12336479425430298,6000640,18874368,0.03470971807837486
4,16,2,8,prefill,fp8_e4m3,1024,1,128,2.764693260192871,,70624768,589824,0.0075984555296599865
4,16,2,8,prefill,fp8_e4m3,1024,1,1024,1.6074986457824707,,110232576,589824,0.0075984555296599865
4,16,2,8,decode,fp8_e4m3,8192,1,1,2.021770636240641,0.11135679483413696,161280,4718592,0.03470971807837486
4,16,2,8,decode,fp8_e4m3,8192,8,1,2.0790719985961914,0.12019200325012207,1287168,37748736,0.03470971807837486
4,16,2,8,decode,fp8_e4m3,8192,32,1,1.8295893669128418,0.14726239442825317,6000640,150994944,0.03470971807837486
4,16,2,8,prefill,fp8_e4m3,8192,1,128,2.5656533241271973,,393676288,4718592,0.0075984555296599865
4,16,2,8,prefill,fp8_e4m3,8192,1,1024,2.444255987803141,,496961024,4718592,0.0075984555296599865
4,16,2,8,prefill,fp8_e4m3,8192,1,8192,2.8290878931681314,,837813248,4718592,0.0075984555296599865
4,16,2,8,decode,fp8_e4m3,32768,1,1,1.7680427233378093,0.12006720304489135,161280,18874368,0.03470971807837486
4,16,2,8,decode,fp8_e4m3,32768,8,1,1.8631466229756672,0.13829599618911742,1287168,150994944,0.03470971807837486
4,16,2,8,decode,fp8_e4m3,32768,32,1,1.5785172780354817,0.23413760662078859,6000640,603979776,0.03470971807837486
4,16,2,8,prefill,fp8_e4m3,32768,1,128,3.8629334767659507,,1507075584,18874368,0.0075984555296599865
4,16,2,8,prefill,fp8_e4m3,32768,1,1024,4.090634663899739,,1610417664,18874368,0.0075984555296599865
4,16,2,8,prefill,fp8_e4m3,32768,1,8192,9.083061218261719,,2448557568,18874368,0.0075984555296599865
4,16,2,8,decode,fp8_e4m3,131072,1,1,1.649770736694336,0.13744479417800903,161280,75497472,0.03470971807837486
4,16,2,8,decode,fp8_e4m3,131072,8,1,1.8090559641520183,0.21770720481872557,1287168,603979776,0.03470971807837486
4,16,2,8,decode,fp8_e4m3,131072,32,1,1.3169279893239338,0.5649631977081299,6000640,2415919104,0.03470971807837486
4,16,2,8,prefill,fp8_e4m3,131072,1,128,8.61029307047526,,5962081792,75497472,0.0075984555296599865
4,16,2,8,prefill,fp8_e4m3,131072,1,1024,11.158699035644531,,6064768512,75497472,0.0075984555296599865
4,16,2,8,prefill,fp8_e4m3,131072,1,8192,29.050399780273438,,6902777344,75497472,0.0075984555296599865
4,16,2,8,decode,fp8_e4m3,524288,1,1,2.054741382598877,0.19139360189437865,161280,301989888,0.03470971807837486
4,16,2,8,decode,fp8_e4m3,524288,8,1,1.5366932551066081,0.5185760021209717,1287168,2415919104,0.03470971807837486
4,16,2,8,decode,fp8_e4m3,524288,32,1,2.2692267100016275,2.021556854248047,6000640,9663676416,0.03470971807837486
4,16,2,8,prefill,fp8_e4m3,524288,1,128,31.7611083984375,,8828315136,301989888,0.0075984555296599865
4,16,2,8,prefill,fp8_e4m3,524288,1,1024,42.47543589274088,,8915584512,301989888,0.0075984555296599865
4,16,2,8,prefill,fp8_e4m3,524288,1,8192,117.8245849609375,,9626584576,301989888,0.0075984555296599865
4,16,2,8,decode,fp8_e4m3,1048576,1,1,2.1924479802449546,0.26421918869018557,161280,603979776,0.03470971807837486
4,16,2,8,decode,fp8_e4m3,1048576,8,1,2.2528212865193686,0.9272000312805175,1287168,4831838208,0.03470971807837486
4,16,2,8,decode,fp8_e4m3,1048576,32,1,4.062719980875651,4.159067153930664,5148672,19327352832,0.03470971807837486
4,16,2,8,prefill,fp8_e4m3,1048576,1,128,63.4003651936849,,9431377408,603979776,0.0075984555296599865
4,16,2,8,prefill,fp8_e4m3,1048576,1,1024,83.54093933105469,,9519564288,603979776,0.0075984555296599865
4,16,2,8,prefill,fp8_e4m3,1048576,1,8192,233.62451171875,,10229515776,603979776,0.0075984555296599865
4,16,2,8,decode,bfloat16,1024,1,1,1.9039146105448406,0.10307519435882569,139776,1179648,0.004783360753208399
4,16,2,8,decode,bfloat16,1024,8,1,1.9464000066121419,0.10773119926452637,1115136,9437184,0.004783360753208399
4,16,2,8,decode,bfloat16,1024,32,1,1.7180693944295247,0.1260480046272278,5312512,37748736,0.004783360753208399
4,16,2,8,prefill,bfloat16,1024,1,128,2.8120107650756836,,69576192,1179648,0.001843483536504209
4,16,2,8,prefill,bfloat16,1024,1,1024,1.6201173464457195,,110494720,1179648,0.001843483536504209
4,16,2,8,decode,bfloat16,8192,1,1,2.0190399487813315,0.10947200059890747,139776,9437184,0.004783360753208399
4,16,2,8,decode,bfloat16,8192,8,1,2.031007925669352,0.12219200134277344,1115136,75497472,0.004783360753208399
4,16,2,8,decode,bfloat16,8192,32,1,1.7932052612304688,0.16859999895095826,5312512,301989888,0.004783360753208399
4,16,2,8,prefill,bfloat16,8192,1,128,3.1092799504597983,,393733632,9437184,0.001843483536504209
4,16,2,8,prefill,bfloat16,8192,1,1024,3.060960133870443,,496961024,9437184,0.001843483536504209
4,16,2,8,prefill,bfloat16,8192,1,8192,2.776597340901693,,838206464,9437184,0.001843483536504209
4,16,2,8,decode,bfloat16,32768,1,1,1.9360747337341309,0.1235200047492981,139776,37748736,0.004783360753208399
4,16,2,8,decode,bfloat16,32768,8,1,2.0009493827819824,0.15874240398406983,1115136,301989888,0.004783360753208399
4,16,2,8,decode,bfloat16,32768,32,1,1.2569386959075928,0.32289600372314453,5312512,1207959552,0.004783360753208399
4,16,2,8,prefill,bfloat16,32768,1,128,3.496586799621582,,1507730944,37748736,0.001843483536504209
4,16,2,8,prefill,bfloat16,32768,1,1024,4.372330665588379,,1610417664,37748736,0.001843483536504209
4,16,2,8,prefill,bfloat16,32768,1,8192,9.264991760253906,,2449475072,37748736,0.001843483536504209
4,16,2,8,decode,bfloat16,131072,1,1,2.1757866541544595,0.14335839748382567,139776,150994944,0.004783360753208399
4,16,2,8,decode,bfloat16,131072,8,1,2.131786664326986,0.3306704044342041,1115136,1207959552,0.004783360753208399
4,16,2,8,decode,bfloat16,131072,32,1,1.9329172770182292,0.9567472457885742,5312512,4831838208,0.004783360753208399
4,16,2,8,prefill,bfloat16,131072,1,128,8.84495989481608,,5962081792,150994944,0.001843483536504209
4,16,2,8,prefill,bfloat16,131072,1,1024,11.302496592203775,,6064768512,150994944,0.001843483536504209
4,16,2,8,prefill,bfloat16,131072,1,8192,29.64386240641276,,6902777344,150994944,0.001843483536504209
4,16,2,8,decode,bfloat16,524288,1,1,2.1722346941630044,0.2374095916748047,139776,603979776,0.004783360753208399
4,16,2,8,decode,bfloat16,524288,8,1,2.2093547185262046,0.9144031524658203,1115136,4831838208,0.004783360753208399
4,16,2,8,decode,bfloat16,524288,32,1,3.7117013931274414,3.7530975341796875,5312512,19327352832,0.004783360753208399
4,16,2,8,prefill,bfloat16,524288,1,128,31.86225128173828,,8828315136,603979776,0.001843483536504209
4,16,2,8,prefill,bfloat16,524288,1,1024,41.46338144938151,,8915584512,603979776,0.001843483536504209
4,16,2,8,prefill,bfloat16,524288,1,8192,118.01210530598958,,9626584576,603979776,0.001843483536504209
4,16,2,8,decode,bfloat16,1048576,1,1,2.108586629231771,0.3627824068069458,139776,1207959552,0.004783360753208399
4,16,2,8,decode,bfloat16,1048576,8,1,2.403114636739095,1.7491376876831055,1115136,9663676416,0.004783360753208399
4,16,2,8,decode,bfloat16,1048576,32,1,7.196800231933594,7.558366394042968,4460544,38654705664,0.004783360753208399
4,16,2,8,prefill,bfloat16,1048576,1,128,62.256083170572914,,9431377408,1207959552,0.001843483536504209
4,16,2,8,prefill,bfloat16,1048576,1,1024,82.01576741536458,,9519564288,1207959552,0.001843483536504209
4,16,2,8,prefill,bfloat16,1048576,1,8192,236.2066446940104,,10230564352,1207959552,0.001843483536504209
4,16,1,16,decode,fp8_e4m3,1024,1,1,1.017311970392863,0.1280832052230835,317952,589824,0.034656696021556854
4,16,1,16,decode,fp8_e4m3,1024,8,1,1.0534826914469402,0.1309823989868164,2540544,4718592,0.034656696021556854
5,16,16,1,decode,fp8_e4m3,1024,1,1,2.0587520599365234,0.11265920400619507,31744,589824,0.03509664535522461
5,16,16,1,decode,fp8_e4m3,1024,8,1,1.999733289082845,0.10444960594177247,246784,4718592,0.03509664535522461
5,16,16,1,decode,fp8_e4m3,1024,32,1,1.6975785891215007,0.11533440351486206,987136,18874368,0.03509664535522461
5,16,16,1,prefill,fp8_e4m3,1024,1,128,2.959381421407064,,11076096,589824,0.0076119983568787575
5,16,16,1,prefill,fp8_e4m3,1024,1,1024,1.7061120669047039,,29361152,589824,0.0076119983568787575
5,16,16,1,decode,fp8_e4m3,8192,1,1,1.982026735941569,0.11347999572753906,31744,4718592,0.03509664535522461
5,16,16,1,decode,fp8_e4m3,8192,8,1,1.7389225959777832,0.117467200756073,246784,37748736,0.03509664535522461
5,16,16,1,decode,fp8_e4m3,8192,32,1,1.71779203414917,0.15796480178833008,987136,150994944,0.03509664535522461
5,16,16,1,prefill,fp8_e4m3,8192,1,128,2.967498779296875,,65438208,4718592,0.0076119983568787575
5,16,16,1,prefill,fp8_e4m3,8192,1,1024,2.540501276652018,,80209408,4718592,0.0076119983568787575
5,16,16,1,prefill,fp8_e4m3,8192,1,8192,1.6924266815185547,,215745536,4718592,0.0076119983568787575
5,16,16,1,decode,fp8_e4m3,32768,1,1,1.8890666961669922,0.12760640382766725,31744,18874368,0.03509664535522461
5,16,16,1,decode,fp8_e4m3,32768,8,1,1.9466452598571777,0.15601919889450072,246784,150994944,0.03509664535522461
5,16,16,1,decode,fp8_e4m3,32768,32,1,1.6486080487569172,0.2269279956817627,987136,603979776,0.03509664535522461
5,16,16,1,prefill,fp8_e4m3,32768,1,128,3.0235414505004883,,254820864,18874368,0.0076119983568787575
5,16,16,1,prefill,fp8_e4m3,32768,1,1024,2.9806187947591147,,268297728,18874368,0.0076119983568787575
5,16,16,1,prefill,fp8_e4m3,32768,1,8192,3.1941760381062827,,363529728,18874368,0.0076119983568787575
5,16,16,1,decode,fp8_e4m3,131072,1,1,1.9866453806559246,0.15044480562210083,31744,75497472,0.03509664535522461
5,16,16,1,decode,fp8_e4m3,131072,8,1,2.0117759704589844,0.22096800804138184,246784,603979776,0.03509664535522461
5,16,16,1,decode,fp8_e4m3,131072,32,1,1.7174933751424153,0.48899040222167967,987136,2415919104,0.03509664535522461
5,16,16,1,prefill,fp8_e4m3,131072,1,128,4.054986635843913,,1010139648,75497472,0.0076119983568787575
5,16,16,1,prefill,fp8_e4m3,131072,1,1024,4.462752024332683,,1021568512,75497472,0.0076119983568787575
5,16,16,1,prefill,fp8_e4m3,131072,1,8192,6.516511917114258,,1119553024,75497472,0.0076119983568787575
5,16,16,1,decode,fp8_e4m3,524288,1,1,2.0614186922709146,0.1902448058128357,31744,301989888,0.03509664535522461
5,16,16,1,decode,fp8_e4m3,524288,8,1,2.070506731669108,0.46683201789855955,246784,2415919104,0.03509664535522461
5,16,16,1,decode,fp8_e4m3,524288,32,1,2.117087999979655,1.54061918258667,987136,9663676416,0.03509664535522461
5,16,16,1,prefill,fp8_e4m3,524288,1,128,12.705579121907553,,1764125184,301989888,0.0076119983568787575
5,16,16,1,prefill,fp8_e4m3,524288,1,1024,14.327339172363281,,1776756224,301989888,0.0076119983568787575
5,16,16,1,prefill,fp8_e4m3,524288,1,8192,21.800437927246094,,1864697344,301989888,0.0076119983568787575
5,16,16,1,decode,fp8_e4m3,1048576,1,1,2.1051840782165527,0.24418239593505858,31744,603979776,0.03509664535522461
5,16,16,1,decode,fp8_e4m3,1048576,8,1,2.0918399492899575,0.8030431747436524,246784,4831838208,0.03509664535522461
5,16,16,1,decode,fp8_e4m3,1048576,32,1,3.3386027018229165,2.962758445739746,987136,19327352832,0.03509664535522461
5,16,16,1,prefill,fp8_e4m3,1048576,1,128,24.018964131673176,,2368104960,603979776,0.0076119983568787575
5,16,16,1,prefill,fp8_e4m3,1048576,1,1024,27.565333048502605,,2381260288,603979776,0.0076119983568787575
5,16,16,1,prefill,fp8_e4m3,1048576,1,8192,42.216084798177086,,2468677120,603979776,0.0076119983568787575
5,16,16,1,decode,bfloat16,1024,1,1,1.9976000785827637,0.10696320533752442,31744,1179648,0.006898726802319288
5,16,16,1,decode,bfloat16,1024,8,1,1.7176319758097331,0.10242719650268554,246784,9437184,0.006898726802319288
5,16,16,1,decode,bfloat16,1024,32,1,1.667967955271403,0.13418400287628174,987136,37748736,0.006898726802319288
5,16,16,1,prefill,bfloat16,1024,1,128,3.0833813349405923,,11272704,1179648,0.001956015592440963
5,16,16,1,prefill,bfloat16,1024,1,1024,1.7330026626586914,,28967936,1179648,0.001956015592440963
5,16,16,1,decode,bfloat16,8192,1,1,2.024895985921224,0.1123039960861206,31744,9437184,0.006898726802319288
5,16,16,1,decode,bfloat16,8192,8,1,1.9339946111043294,0.14236639738082885,246784,75497472,0.006898726802319288
5,16,16,1,decode,bfloat16,8192,32,1,1.6474026044209797,0.18566880226135254,987136,301989888,0.006898726802319288
5,16,16,1,prefill,bfloat16,8192,1,128,3.0761706034342446,,65438208,9437184,0.001956015592440963
5,16,16,1,prefill,bfloat16,8192,1,1024,2.972661336263021,,79554048,9437184,0.001956015592440963
5,16,16,1,prefill,bfloat16,8192,1,8192,1.8108587265014648,,215745536,9437184,0.001956015592440963
5,16,16,1,decode,bfloat16,32768,1,1,1.9972052574157715,0.1372688055038452,31744,37748736,0.006898726802319288
5,16,16,1,decode,bfloat16,32768,8,1,1.9758720397949219,0.17949919700622557,246784,301989888,0.006898726802319288
5,16,16,1,decode,bfloat16,32768,32,1,1.6812480290730794,0.33952960968017576,987136,1207959552,0.006898726802319288
5,16,16,1,prefill,bfloat16,32768,1,128,3.1810665130615234,,254820864,37748736,0.001956015592440963
5,16,16,1,prefill,bfloat16,32768,1,1024,3.08571720123291,,268297728,37748736,0.001956015592440963
5,16,16,1,prefill,bfloat16,32768,1,8192,3.0707839330037436,,363529728,37748736,0.001956015592440963
5,16,16,1,decode,bfloat16,131072,1,1,2.028480052947998,0.1614464044570923,31744,150994944,0.006898726802319288
5,16,16,1,decode,bfloat16,131072,8,1,2.013706684112549,0.33990399837493895,246784,1207959552,0.006898726802319288
5,16,16,1,decode,bfloat16,131072,32,1,1.5707200368245442,0.9495823860168457,987136,4831838208,0.006898726802319288
5,16,16,1,prefill,bfloat16,131072,1,128,3.6164798736572266,,1010139648,150994944,0.001956015592440963
5,16,16,1,prefill,bfloat16,131072,1,1024,4.286261240641276,,1023272448,150994944,0.001956015592440963
5,16,16,1,prefill,bfloat16,131072,1,8192,6.297610600789388,,1119553024,150994944,0.001956015592440963
5,16,16,1,decode,bfloat16,524288,1,1,2.1041919390360513,0.24930241107940673,31744,603979776,0.006898726802319288
5,16,16,1,decode,bfloat16,524288,8,1,2.1500800450642905,0.9074272155761719,246784,4831838208,0.006898726802319288
5,16,16,1,decode,bfloat16,524288,32,1,3.705888112386068,3.4007793426513673,987136,19327352832,0.006898726802319288
5,16,16,1,prefill,bfloat16,524288,1,128,12.070634206136068,,1764125184,603979776,0.001956015592440963
5,16,16,1,prefill,bfloat16,524288,1,1024,13.665451049804688,,1776756224,603979776,0.001956015592440963
5,16,16,1,prefill,bfloat16,524288,1,8192,21.14635721842448,,1864697344,603979776,0.001956015592440963
5,16,16,1,decode,bfloat16,1048576,1,1,1.8177067438761394,0.3634063959121704,31744,1207959552,0.006898726802319288
5,16,16,1,decode,bfloat16,1048576,8,1,1.9510080019632976,1.6873647689819335,246784,9663676416,0.006898726802319288
5,16,16,1,decode,bfloat16,1048576,32,1,6.8031463623046875,6.578083038330078,987136,38654705664,0.006898726802319288
5,16,16,1,prefill,bfloat16,1048576,1,128,22.59833526611328,,2368104960,1207959552,0.001956015592440963
5,16,16,1,prefill,bfloat16,1048576,1,1024,26.328938802083332,,2381260288,1207959552,0.001956015592440963
5,16,16,1,prefill,bfloat16,1048576,1,8192,40.71257527669271,,2468677120,1207959552,0.001956015592440963
5,16,8,2,decode,fp8_e4m3,1024,1,1,2.4680959383646646,0.09054560065269471,44032,589824,0.03501495346426964
5,16,8,2,decode,fp8_e4m3,1024,8,1,2.437514623006185,0.09575999975204467,347136,4718592,0.03501495346426964
5,16,8,2,decode,fp8_e4m3,1024,32,1,1.8018986384073894,0.10871200561523438,1388544,18874368,0.03501495346426964
5,16,8,2,prefill,fp8_e4m3,1024,1,128,3.19270388285319,,18824704,589824,0.008806233294308186
5,16,8,2,prefill,fp8_e4m3,1024,1,1024,1.2379626433054607,,39846912,589824,0.008806233294308186
5,16,8,2,decode,fp8_e4m3,8192,1,1,2.4722240765889487,0.09562079906463623,44032,4718592,0.03501495346426964
5,16,8,2,decode,fp8_e4m3,8192,8,1,2.4460585912068686,0.1133952021598816,347136,37748736,0.03501495346426964
5,16,8,2,decode,fp8_e4m3,8192,32,1,1.6000000635782878,0.13356640338897705,1388544,150994944,0.03501495346426964
5,16,8,2,prefill,fp8_e4m3,8192,1,128,3.2230612436930337,,113786368,4718592,0.008806233294308186
5,16,8,2,prefill,fp8_e4m3,8192,1,1024,3.111093203226725,,140494336,4718592,0.008806233294308186
5,16,8,2,prefill,fp8_e4m3,8192,1,8192,1.912160078684489,,304612352,4718592,0.008806233294308186
5,16,8,2,decode,fp8_e4m3,32768,1,1,2.353951930999756,0.11331360340118408,44032,18874368,0.03501495346426964
5,16,8,2,decode,fp8_e4m3,32768,8,1,2.379594643910726,0.13228960037231446,347136,150994944,0.03501495346426964
5,16,8,2,decode,fp8_e4m3,32768,32,1,1.190783977508545,0.20128319263458253,1388544,603979776,0.03501495346426964
5,16,8,2,prefill,fp8_e4m3,32768,1,128,3.422570546468099,,434945536,18874368,0.008806233294308186
5,16,8,2,prefill,fp8_e4m3,32768,1,1024,3.354773203531901,,462407168,18874368,0.008806233294308186
5,16,8,2,prefill,fp8_e4m3,32768,1,8192,4.005237261454265,,662046208,18874368,0.008806233294308186
5,16,8,2,decode,fp8_e4m3,131072,1,1,2.3742826779683432,0.12778079509735107,44032,75497472,0.03501495346426964
5,16,8,2,decode,fp8_e4m3,131072,8,1,2.3037439982096353,0.19724160432815552,347136,603979776,0.03501495346426964
5,16,8,2,decode,fp8_e4m3,131072,32,1,1.1673706372578938,0.46135358810424804,1388544,2415919104,0.03501495346426964
5,16,8,2,prefill,fp8_e4m3,131072,1,128,4.880789438883464,,1718402560,75497472,0.008806233294308186
5,16,8,2,prefill,fp8_e4m3,131072,1,1024,5.214986801147461,,1744815616,75497472,0.008806233294308186
5,16,8,2,prefill,fp8_e4m3,131072,1,8192,9.123018900553385,,1945503232,75497472,0.008806233294308186
5,16,8,2,decode,fp8_e4m3,524288,1,1,1.5458134015401204,0.16637120246887208,44032,301989888,0.03501495346426964
5,16,8,2,decode,fp8_e4m3,524288,8,1,2.482837359110514,0.44461760520935056,347136,2415919104,0.03501495346426964
5,16,8,2,decode,fp8_e4m3,524288,32,1,2.170560042063395,1.5184016227722168,1388544,9663676416,0.03501495346426964
5,16,8,2,prefill,fp8_e4m3,524288,1,128,15.675605773925781,,2773388800,301989888,0.008806233294308186
5,16,8,2,prefill,fp8_e4m3,524288,1,1024,17.381877899169922,,2795128320,301989888,0.008806233294308186
5,16,8,2,prefill,fp8_e4m3,524288,1,8192,32.23091125488281,,2973369856,301989888,0.008806233294308186
5,16,8,2,decode,fp8_e4m3,1048576,1,1,2.420629342397054,0.22121760845184327,44032,603979776,0.03501495346426964
5,16,8,2,decode,fp8_e4m3,1048576,8,1,2.4353280067443848,0.7766287803649903,347136,4831838208,0.03501495346426964
5,16,8,2,decode,fp8_e4m3,1048576,32,1,3.3199148178100586,2.982044792175293,1388544,19327352832,0.03501495346426964
5,16,8,2,prefill,fp8_e4m3,1048576,1,128,29.777493794759113,,3377368576,603979776,0.008806233294308186
5,16,8,2,prefill,fp8_e4m3,1048576,1,1024,33.39823913574219,,3399501312,603979776,0.008806233294308186
5,16,8,2,prefill,fp8_e4m3,1048576,1,8192,63.53515625,,3577349632,603979776,0.008806233294308186
5,16,8,2,decode,bfloat16,1024,1,1,2.386570612589518,0.08863679766654968,43520,1179648,0.006444955710321665
5,16,8,2,decode,bfloat16,1024,8,1,2.390655994415283,0.0933568000793457,345088,9437184,0.006444955710321665
5,16,8,2,decode,bfloat16,1024,32,1,1.7834347089131672,0.10964959859848022,1380352,37748736,0.006444955710321665
5,16,8,2,prefill,bfloat16,1024,1,128,3.2878506978352866,,18824704,1179648,0.0047883158549666405
5,16,8,2,prefill,bfloat16,1024,1,1024,1.866986592610677,,39846912,1179648,0.0047883158549666405
5,16,8,2,decode,bfloat16,8192,1,1,1.4349546432495117,0.0946943998336792,43520,9437184,0.006444955710321665
5,16,8,2,decode,bfloat16,8192,8,1,2.4394453366597495,0.11920160055160522,345088,75497472,0.006444955710321665
5,16,8,2,decode,bfloat16,8192,32,1,1.8397760391235352,0.161190402507782,1380352,301989888,0.006444955710321665
5,16,8,2,prefill,bfloat16,8192,1,128,3.1051305135091147,,113786368,9437184,0.0047883158549666405
5,16,8,2,prefill,bfloat16,8192,1,1024,3.05838934580485,,140494336,9437184,0.0047883158549666405
5,16,8,2,prefill,bfloat16,8192,1,8192,1.8678827285766602,,304612352,9437184,0.0047883158549666405
5,16,8,2,decode,bfloat16,32768,1,1,2.352245330810547,0.11559040546417236,43520,37748736,0.006444955710321665
5,16,8,2,decode,bfloat16,32768,8,1,1.4631679852803547,0.1565600037574768,345088,301989888,0.006444955710321665
5,16,8,2,decode,bfloat16,32768,32,1,1.5813226699829102,0.31592159271240233,1380352,1207959552,0.006444955710321665
5,16,8,2,prefill,bfloat16,32768,1,128,3.41158390045166,,434945536,37748736,0.0047883158549666405
5,16,8,2,prefill,bfloat16,32768,1,1024,2.3936959902445474,,461882880,37748736,0.0047883158549666405
5,16,8,2,prefill,bfloat16,32768,1,8192,3.998805363972982,,663094784,37748736,0.0047883158549666405
5,16,8,2,decode,bfloat16,131072,1,1,2.0598293940226235,0.13672480583190919,43520,150994944,0.006444955710321665
5,16,8,2,decode,bfloat16,131072,8,1,2.3697706858317056,0.31923680305480956,345088,1207959552,0.006444955710321665
5,16,8,2,decode,bfloat16,131072,32,1,1.882047971089681,0.9280447959899902,1380352,4831838208,0.006444955710321665
5,16,8,2,prefill,bfloat16,131072,1,128,4.792842547098796,,1718402560,150994944,0.0047883158549666405
5,16,8,2,prefill,bfloat16,131072,1,1024,5.0637868245442705,,1745339904,150994944,0.0047883158549666405
5,16,8,2,prefill,bfloat16,131072,1,8192,8.666730880737305,,1945503232,150994944,0.0047883158549666405
5,16,8,2,decode,bfloat16,524288,1,1,1.4763840039571126,0.22640159130096435,43520,603979776,0.006444955710321665
5,16,8,2,decode,bfloat16,524288,8,1,2.4708372751871743,0.8842495918273926,345088,4831838208,0.006444955710321665
5,16,8,2,decode,bfloat16,524288,32,1,3.7371625900268555,3.3800159454345704,1380352,19327352832,0.006444955710321665
5,16,8,2,prefill,bfloat16,524288,1,128,14.931114196777344,,2773388800,603979776,0.0047883158549666405
5,16,8,2,prefill,bfloat16,524288,1,1024,16.544362386067707,,2795521536,603979776,0.0047883158549666405
5,16,8,2,prefill,bfloat16,524288,1,8192,31.805035909016926,,2973369856,603979776,0.0047883158549666405
5,16,8,2,decode,bfloat16,1048576,1,1,2.1706345876057944,0.34256958961486816,43520,1207959552,0.006444955710321665
5,16,8,2,decode,bfloat16,1048576,8,1,2.6255253156026206,1.6650415420532227,345088,9663676416,0.006444955710321665
5,16,8,2,decode,bfloat16,1048576,32,1,6.960831960042317,6.582220458984375,1380352,38654705664,0.006444955710321665
5,16,8,2,prefill,bfloat16,1048576,1,128,27.914133707682293,,3377368576,1207959552,0.0047883158549666405
5,16,8,2,prefill,bfloat16,1048576,1,1024,31.708234151204426,,3399501312,1207959552,0.0047883158549666405
5,16,8,2,prefill,bfloat16,1048576,1,8192,62.39909362792969,,3577349632,1207959552,0.0047883158549666405
5,16,4,4,decode,fp8_e4m3,1024,1,1,2.117941379547119,0.10549919605255127,107520,589824,0.03481585159897804
5,16,4,4,decode,fp8_e4m3,1024,8,1,2.086869398752848,0.10836160182952881,849920,4718592,0.03481585159897804
5,16,4,4,decode,fp8_e4m3,1024,32,1,1.8700265884399414,0.11537120342254639,3399680,18874368,0.03481585159897804
5,16,4,4,prefill,fp8_e4m3,1024,1,128,3.2142505645751953,,35304960,589824,0.008163205347955227
5,16,4,4,prefill,fp8_e4m3,1024,1,1024,1.8393600781758626,,63046656,589824,0.008163205347955227
5,16,4,4,decode,fp8_e4m3,8192,1,1,2.0661867459615073,0.10988800525665283,107520,4718592,0.03481585159897804
5,16,4,4,decode,fp8_e4m3,8192,8,1,2.029535929361979,0.11772639751434326,849920,37748736,0.03481585159897804
5,16,4,4,decode,fp8_e4m3,8192,32,1,1.8267839749654133,0.14697920083999633,3399680,150994944,0.03481585159897804
5,16,4,4,prefill,fp8_e4m3,8192,1,128,3.1611948013305664,,207885824,4718592,0.008163205347955227
5,16,4,4,prefill,fp8_e4m3,8192,1,1024,3.030751864115397,,258442752,4718592,0.008163205347955227
5,16,4,4,prefill,fp8_e4m3,8192,1,8192,2.0696640014648438,,482345984,4718592,0.008163205347955227
5,16,4,4,decode,fp8_e4m3,32768,1,1,2.070250670115153,0.11660799980163575,107520,18874368,0.03481585159897804
5,16,4,4,decode,fp8_e4m3,32768,8,1,2.0728747049967446,0.1435215950012207,849920,150994944,0.03481585159897804
5,16,4,4,decode,fp8_e4m3,32768,32,1,1.6772267023722331,0.2518224000930786,3399680,603979776,0.03481585159897804
5,16,4,4,prefill,fp8_e4m3,32768,1,128,3.4690987269083657,,793441792,18874368,0.008163205347955227
5,16,4,4,prefill,fp8_e4m3,32768,1,1024,2.8225812911987305,,843941376,18874368,0.008163205347955227
5,16,4,4,prefill,fp8_e4m3,32768,1,8192,5.413610458374023,,1257113088,18874368,0.008163205347955227
5,16,4,4,decode,fp8_e4m3,131072,1,1,1.3235627015431721,0.13441920280456543,107520,75497472,0.03481585159897804
5,16,4,4,decode,fp8_e4m3,131072,8,1,1.3668479919433594,0.23939359188079834,849920,603979776,0.03481585159897804
5,16,4,4,decode,fp8_e4m3,131072,32,1,1.779029369354248,0.6611104011535645,3399680,2415919104,0.03481585159897804
5,16,4,4,prefill,fp8_e4m3,131072,1,128,6.157301584879558,,3134010880,75497472,0.008163205347955227
5,16,4,4,prefill,fp8_e4m3,131072,1,1024,6.568991978963216,,3183969792,75497472,0.008163205347955227
5,16,4,4,prefill,fp8_e4m3,131072,1,8192,16.27407964070638,,3597534720,75497472,0.008163205347955227
5,16,4,4,decode,fp8_e4m3,524288,1,1,1.9342506726582844,0.20062079429626464,107520,301989888,0.03481585159897804
5,16,4,4,decode,fp8_e4m3,524288,8,1,1.9537173906962078,0.6159584045410156,849920,2415919104,0.03481585159897804
5,16,4,4,decode,fp8_e4m3,524288,32,1,2.708778699239095,2.3613536834716795,3399680,9663676416,0.03481585159897804
5,16,4,4,prefill,fp8_e4m3,524288,1,128,21.01482645670573,,4791129600,301989888,0.008163205347955227
5,16,4,4,prefill,fp8_e4m3,524288,1,1024,22.967862447102863,,4835411456,301989888,0.008163205347955227
5,16,4,4,prefill,fp8_e4m3,524288,1,8192,61.29197692871094,,5191239168,301989888,0.008163205347955227
5,16,4,4,decode,fp8_e4m3,1048576,1,1,1.8161279360453289,0.28999359607696534,107520,603979776,0.03481585159897804
5,16,4,4,decode,fp8_e4m3,1048576,8,1,2.0091733932495117,1.1155743598937988,849920,4831838208,0.03481585159897804
5,16,4,4,decode,fp8_e4m3,1048576,32,1,4.890229225158691,4.664459228515625,3399680,19327352832,0.03481585159897804
5,16,4,4,prefill,fp8_e4m3,1048576,1,128,40.61670430501302,,5395109376,603979776,0.008163205347955227
5,16,4,4,prefill,fp8_e4m3,1048576,1,1024,44.71324666341146,,5439391232,603979776,0.008163205347955227
5,16,4,4,prefill,fp8_e4m3,1048576,1,8192,121.37469482421875,,5795218944,603979776,0.008163205347955227
5,16,4,4,decode,bfloat16,1024,1,1,1.8239679336547852,0.10277600288391113,112128,1179648,0.005524782929569483
5,16,4,4,decode,bfloat16,1024,8,1,1.8099093437194824,0.10486719608306885,886784,9437184,0.005524782929569483
5,16,4,4,decode,bfloat16,1024,32,1,1.6685226758321126,0.11730400323867798,3547136,37748736,0.005524782929569483
5,16,4,4,prefill,bfloat16,1024,1,128,2.928629239400228,,36746752,1179648,0.003520854515954852
5,16,4,4,prefill,bfloat16,1024,1,1024,1.7007145881652832,,63833088,1179648,0.003520854515954852
5,16,4,4,decode,bfloat16,8192,1,1,1.8753387133280437,0.107259202003479,112128,9437184,0.005524782929569483
5,16,4,4,decode,bfloat16,8192,8,1,1.8745919863382976,0.12312159538269044,886784,75497472,0.005524782929569483
5,16,4,4,decode,bfloat16,8192,32,1,1.7091306050618489,0.18327679634094238,3547136,301989888,0.005524782929569483
5,16,4,4,prefill,bfloat16,8192,1,128,3.0699733098347983,,207402496,9437184,0.003520854515954852
5,16,4,4,prefill,bfloat16,8192,1,1024,3.022197405497233,,258442752,9437184,0.003520854515954852
5,16,4,4,prefill,bfloat16,8192,1,8192,2.0067520141601562,,482739200,9437184,0.003520854515954852
5,16,4,4,decode,bfloat16,32768,1,1,1.9565119743347168,0.11883360147476196,112128,37748736,0.005524782929569483
5,16,4,4,decode,bfloat16,32768,8,1,1.6869333585103352,0.17924799919128417,886784,301989888,0.005524782929569483
5,16,4,4,decode,bfloat16,32768,32,1,1.5712000528971355,0.4108016014099121,3547136,1207959552,0.005524782929569483
5,16,4,4,prefill,bfloat16,32768,1,128,3.459007898966471,,793982464,37748736,0.003520854515954852
5,16,4,4,prefill,bfloat16,32768,1,1024,3.3707199096679688,,843548160,37748736,0.003520854515954852
5,16,4,4,prefill,bfloat16,32768,1,8192,5.662581125895183,,1257113088,37748736,0.003520854515954852
5,16,4,4,decode,bfloat16,131072,1,1,1.8261866569519043,0.15558719635009766,112128,150994944,0.005524782929569483
5,16,4,4,decode,bfloat16,131072,8,1,1.8571947415669758,0.3860192060470581,886784,1207959552,0.005524782929569483
5,16,4,4,decode,bfloat16,131072,32,1,1.909056027730306,1.3176799774169923,3547136,4831838208,0.005524782929569483
5,16,4,4,prefill,bfloat16,131072,1,128,5.983360290527344,,3134010880,150994944,0.003520854515954852
5,16,4,4,prefill,bfloat16,131072,1,1024,6.081685384114583,,3183838720,150994944,0.003520854515954852
5,16,4,4,prefill,bfloat16,131072,1,8192,16.103445688883465,,3597927936,150994944,0.003520854515954852
5,16,4,4,decode,bfloat16,524288,1,1,1.933578650156657,0.30226399898529055,112128,603979776,0.005524782929569483
5,16,4,4,decode,bfloat16,524288,8,1,2.118336041768392,1.2217424392700196,886784,4831838208,0.005524782929569483
5,16,4,4,decode,bfloat16,524288,32,1,5.349728266398112,4.946916961669922,3547136,19327352832,0.005524782929569483
5,16,4,4,prefill,bfloat16,524288,1,128,20.42146174112956,,4791129600,603979776,0.003520854515954852
5,16,4,4,prefill,bfloat16,524288,1,1024,22.20604705810547,,4835280384,603979776,0.003520854515954852
5,16,4,4,prefill,bfloat16,524288,1,8192,61.03227742513021,,5191239168,603979776,0.003520854515954852
5,16,4,4,decode,bfloat16,1048576,1,1,1.8661866188049316,0.4964752197265625,112128,1207959552,0.005524782929569483
5,16,4,4,decode,bfloat16,1048576,8,1,2.7578134536743164,2.330963134765625,886784,9663676416,0.005524782929569483
5,16,4,4,decode,bfloat16,1048576,32,1,10.134389241536459,9.812225341796875,3547136,38654705664,0.005524782929569483
5,16,4,4,prefill,bfloat16,1048576,1,128,39.36225128173828,,5395109376,1207959552,0.003520854515954852
5,16,4,4,prefill,bfloat16,1048576,1,1024,43.4425048828125,,5439260160,1207959552,0.003520854515954852
5,16,4,4,prefill,bfloat16,1048576,1,8192,123.00367228190105,,5795218944,1207959552,0.003520854515954852
5,16,2,8,decode,fp8_e4m3,1024,1,1,1.8686505953470867,0.10561280250549317,161280,589824,0.03470971807837486
5,16,2,8,decode,fp8_e4m3,1024,8,1,1.939743995666504,0.10891679525375367,1287168,4718592,0.03470971807837486
5,16,2,8,decode,fp8_e4m3,1024,32,1,1.631765365600586,0.12293440103530884,6000640,18874368,0.03470971807837486
5,16,2,8,prefill,fp8_e4m3,1024,1,128,2.7661333084106445,,70624768,589824,0.0075984555296599865
5,16,2,8,prefill,fp8_e4m3,1024,1,1024,1.6107947031656902,,110232576,589824,0.0075984555296599865
5,16,2,8,decode,fp8_e4m3,8192,1,1,2.023658593495687,0.11094399690628051,161280,4718592,0.03470971807837486
5,16,2,8,decode,fp8_e4m3,8192,8,1,2.071733315785726,0.12003040313720703,1287168,37748736,0.03470971807837486
5,16,2,8,decode,fp8_e4m3,8192,32,1,1.8274346987406414,0.1470736026763916,6000640,150994944,0.03470971807837486
5,16,2,8,prefill,fp8_e4m3,8192,1,128,2.57041072845459,,393676288,4718592,0.0075984555296599865
5,16,2,8,prefill,fp8_e4m3,8192,1,1024,2.44922669728597,,496961024,4718592,0.0075984555296599865
5,16,2,8,prefill,fp8_e4m3,8192,1,8192,2.8278719584147134,,837813248,4718592,0.0075984555296599865
5,16,2,8,decode,fp8_e4m3,32768,1,1,1.7687147458394368,0.12023359537124634,161280,18874368,0.03470971807837486
5,16,2,8,decode,fp8_e4m3,32768,8,1,1.8610453605651855,0.13856159448623656,1287168,150994944,0.03470971807837486
5,16,2,8,decode,fp8_e4m3,32768,32,1,1.5743145942687988,0.23408000469207763,6000640,603979776,0.03470971807837486
5,16,2,8,prefill,fp8_e4m3,32768,1,128,3.851445198059082,,1507075584,18874368,0.0075984555296599865
5,16,2,8,prefill,fp8_e4m3,32768,1,1024,4.087679862976074,,1610417664,18874368,0.0075984555296599865
5,16,2,8,prefill,fp8_e4m3,32768,1,8192,9.095637639363607,,2448557568,18874368,0.0075984555296599865
5,16,2,8,decode,fp8_e4m3,131072,1,1,1.6495146751403809,0.1374783992767334,161280,75497472,0.03470971807837486
5,16,2,8,decode,fp8_e4m3,131072,8,1,1.8099093437194824,0.21773440837860109,1287168,603979776,0.03470971807837486
5,16,2,8,decode,fp8_e4m3,131072,32,1,1.3177173137664795,0.5651120185852051,6000640,2415919104,0.03470971807837486
5,16,2,8,prefill,fp8_e4m3,131072,1,128,8.612629572550455,,5962081792,75497472,0.0075984555296599865
5,16,2,8,prefill,fp8_e4m3,131072,1,1024,11.159893035888672,,6064768512,75497472,0.0075984555296599865
5,16,2,8,prefill,fp8_e4m3,131072,1,8192,29.051658630371094,,6902777344,75497472,0.0075984555296599865
5,16,2,8,decode,fp8_e4m3,524288,1,1,2.0537919998168945,0.19129600524902343,161280,301989888,0.03470971807837486
5,16,2,8,decode,fp8_e4m3,524288,8,1,1.5313706398010254,0.5187551975250244,1287168,2415919104,0.03470971807837486
5,16,2,8,decode,fp8_e4m3,524288,32,1,2.2665173212687173,2.0215471267700194,6000640,9663676416,0.03470971807837486
5,16,2,8,prefill,fp8_e4m3,524288,1,128,31.76245371500651,,8828315136,301989888,0.0075984555296599865
5,16,2,8,prefill,fp8_e4m3,524288,1,1024,42.47200012207031,,8915584512,301989888,0.0075984555296599865
5,16,2,8,prefill,fp8_e4m3,524288,1,8192,117.83314005533855,,9626584576,301989888,0.0075984555296599865
5,16,2,8,decode,fp8_e4m3,1048576,1,1,2.191786607106527,0.26404480934143065,161280,603979776,0.03470971807837486
5,16,2,8,decode,fp8_e4m3,1048576,8,1,2.2308053970336914,0.9271615982055664,1287168,4831838208,0.03470971807837486
5,16,2,8,decode,fp8_e4m3,1048576,32,1,4.056842803955078,4.158607864379883,5148672,19327352832,0.03470971807837486
5,16,2,8,prefill,fp8_e4m3,1048576,1,128,63.39672342936198,,9431377408,603979776,0.0075984555296599865
5,16,2,8,prefill,fp8_e4m3,1048576,1,1024,83.53786722819011,,9519564288,603979776,0.0075984555296599865
5,16,2,8,prefill,fp8_e4m3,1048576,1,8192,233.6183064778646,,10229515776,603979776,0.0075984555296599865
5,16,2,8,decode,bfloat16,1024,1,1,1.8965333302815754,0.10300320386886597,139776,1179648,0.004783360753208399
5,16,2,8,decode,bfloat16,1024,8,1,1.9465492566426594,0.10777120590209961,1115136,9437184,0.004783360753208399
5,16,2,8,decode,bfloat16,1024,32,1,1.7218133608500164,0.12590240240097045,5312512,37748736,0.004783360753208399
5,16,2,8,prefill,bfloat16,1024,1,128,2.813002586364746,,69576192,1179648,0.001843483536504209
5,16,2,8,prefill,bfloat16,1024,1,1024,1.6199040412902832,,110494720,1179648,0.001843483536504209
5,16,2,8,decode,bfloat16,8192,1,1,2.02401065826416,0.10921759605407715,139776,9437184,0.004783360753208399
5,16,2,8,decode,bfloat16,8192,8,1,2.0272852579752603,0.12184480428695679,1115136,75497472,0.004783360753208399
5,16,2,8,decode,bfloat16,8192,32,1,1.8042666117350261,0.1685744047164917,5312512,301989888,0.004783360753208399
5,16,2,8,prefill,bfloat16,8192,1,128,3.108736038208008,,393733632,9437184,0.001843483536504209
5,16,2,8,prefill,bfloat16,8192,1,1024,3.058805465698242,,496961024,9437184,0.001843483536504209
5,16,2,8,prefill,bfloat16,8192,1,8192,2.7749865849812827,,838206464,9437184,0.001843483536504209
5,16,2,8,decode,bfloat16,32768,1,1,1.933674653371175,0.12340480089187622,139776,37748736,0.004783360753208399
5,16,2,8,decode,bfloat16,32768,8,1,1.9930133819580078,0.1583232045173645,1115136,301989888,0.004783360753208399
5,16,2,8,decode,bfloat16,32768,32,1,1.310261329015096,0.3223855972290039,5312512,1207959552,0.004783360753208399
5,16,2,8,prefill,bfloat16,32768,1,128,3.4984105428059897,,1507730944,37748736,0.001843483536504209
5,16,2,8,prefill,bfloat16,32768,1,1024,4.364480018615723,,1610417664,37748736,0.001843483536504209
5,16,2,8,prefill,bfloat16,32768,1,8192,9.256106694539389,,2449475072,37748736,0.001843483536504209
5,16,2,8,decode,bfloat16,131072,1,1,2.1723626454671225,0.14325759410858155,139776,150994944,0.004783360753208399
5,16,2,8,decode,bfloat16,131072,8,1,2.129312038421631,0.3303215980529785,1115136,1207959552,0.004783360753208399
5,16,2,8,decode,bfloat16,131072,32,1,1.9273173014322917,0.9557984352111817,5312512,4831838208,0.004783360753208399
5,16,2,8,prefill,bfloat16,131072,1,128,8.836010615030924,,5962081792,150994944,0.001843483536504209
5,16,2,8,prefill,bfloat16,131072,1,1024,11.294996897379557,,6064768512,150994944,0.001843483536504209
5,16,2,8,prefill,bfloat16,131072,1,8192,29.65209706624349,,6902777344,150994944,0.001843483536504209
5,16,2,8,decode,bfloat16,524288,1,1,2.1677120526631675,0.23642239570617676,139776,603979776,0.004783360753208399
5,16,2,8,decode,bfloat16,524288,8,1,2.193002700805664,0.9142880439758301,1115136,4831838208,0.004783360753208399
5,16,2,8,decode,bfloat16,524288,32,1,3.7096532185872397,3.753062438964844,5312512,19327352832,0.004783360753208399
5,16,2,8,prefill,bfloat16,524288,1,128,31.85523223876953,,8828315136,603979776,0.001843483536504209
5,16,2,8,prefill,bfloat16,524288,1,1024,41.46164194742838,,8915584512,603979776,0.001843483536504209
5,16,2,8,prefill,bfloat16,524288,1,8192,118.00033569335938,,9626584576,603979776,0.001843483536504209
5,16,2,8,decode,bfloat16,1048576,1,1,2.1059093475341797,0.36234240531921386,139776,1207959552,0.004783360753208399
5,16,2,8,decode,bfloat16,1048576,8,1,2.396437327067057,1.7482240676879883,1115136,9663676416,0.004783360753208399
5,16,2,8,decode,bfloat16,1048576,32,1,7.1900583902994795,7.556710052490234,4460544,38654705664,0.004783360753208399
5,16,2,8,prefill,bfloat16,1048576,1,128,62.246378580729164,,9431377408,1207959552,0.001843483536504209
5,16,2,8,prefill,bfloat16,1048576,1,1024,82.00734965006511,,9519564288,1207959552,0.001843483536504209
5,16,2,8,prefill,bfloat16,1048576,1,8192,236.1950887044271,,10230564352,1207959552,0.001843483536504209
5,16,1,16,decode,fp8_e4m3,1024,1,1,1.6034026145935059,0.1286960005760193,317952,589824,0.034656696021556854
5,16,1,16,decode,fp8_e4m3,1024,8,1,1.6649386088053386,0.1313647985458374,2540544,4718592,0.034656696021556854
6,16,16,1,decode,fp8_e4m3,1024,1,1,2.062368075052897,0.11285279989242554,31744,589824,0.03509664535522461
6,16,16,1,decode,fp8_e4m3,1024,8,1,2.0004587173461914,0.1051535964012146,246784,4718592,0.03509664535522461
6,16,16,1,decode,fp8_e4m3,1024,32,1,1.687562624613444,0.11595840454101562,987136,18874368,0.03509664535522461
6,16,16,1,prefill,fp8_e4m3,1024,1,128,2.958165486653646,,11076096,589824,0.0076119983568787575
6,16,16,1,prefill,fp8_e4m3,1024,1,1024,1.7110506693522136,,29361152,589824,0.0076119983568787575
6,16,16,1,decode,fp8_e4m3,8192,1,1,1.9834987322489421,0.11404320001602172,31744,4718592,0.03509664535522461
6,16,16,1,decode,fp8_e4m3,8192,8,1,1.7377920150756836,0.11764479875564575,246784,37748736,0.03509664535522461
6,16,16,1,decode,fp8_e4m3,8192,32,1,1.717525323232015,0.1589151978492737,987136,150994944,0.03509664535522461
6,16,16,1,prefill,fp8_e4m3,8192,1,128,2.9683732986450195,,65438208,4718592,0.0076119983568787575
6,16,16,1,prefill,fp8_e4m3,8192,1,1024,2.542261282602946,,80209408,4718592,0.0076119983568787575
6,16,16,1,prefill,fp8_e4m3,8192,1,8192,1.6952533721923828,,215745536,4718592,0.0076119983568787575
6,16,16,1,decode,fp8_e4m3,32768,1,1,1.8893866539001465,0.12802560329437257,31744,18874368,0.03509664535522461
6,16,16,1,decode,fp8_e4m3,32768,8,1,1.9443626403808594,0.1565343976020813,246784,150994944,0.03509664535522461
6,16,16,1,decode,fp8_e4m3,32768,32,1,1.6456212997436523,0.22730400562286376,987136,603979776,0.03509664535522461
6,16,16,1,prefill,fp8_e4m3,32768,1,128,3.011829376220703,,254820864,18874368,0.0076119983568787575
6,16,16,1,prefill,fp8_e4m3,32768,1,1024,2.985077222188314,,268297728,18874368,0.0076119983568787575
6,16,16,1,prefill,fp8_e4m3,32768,1,8192,3.1996587117513022,,363529728,18874368,0.0076119983568787575
6,16,16,1,decode,fp8_e4m3,131072,1,1,1.9889599482218425,0.1509727954864502,31744,75497472,0.03509664535522461
6,16,16,1,decode,fp8_e4m3,131072,8,1,2.013792037963867,0.2210848093032837,246784,603979776,0.03509664535522461
6,16,16,1,decode,fp8_e4m3,131072,32,1,1.7175466219584148,0.48985919952392576,987136,2415919104,0.03509664535522461
6,16,16,1,prefill,fp8_e4m3,131072,1,128,4.059626579284668,,1010139648,75497472,0.0076119983568787575
6,16,16,1,prefill,fp8_e4m3,131072,1,1024,4.469109217325847,,1021568512,75497472,0.0076119983568787575
6,16,16,1,prefill,fp8_e4m3,131072,1,8192,6.523082733154297,,1119553024,75497472,0.0076119983568787575
6,16,16,1,decode,fp8_e4m3,524288,1,1,2.060896078745524,0.19045920372009278,31744,301989888,0.03509664535522461
6,16,16,1,decode,fp8_e4m3,524288,8,1,2.0545706748962402,0.4672848224639893,246784,2415919104,0.03509664535522461
6,16,16,1,decode,fp8_e4m3,524288,32,1,2.1183786392211914,1.541171169281006,987136,9663676416,0.03509664535522461
6,16,16,1,prefill,fp8_e4m3,524288,1,128,12.712725321451822,,1764125184,301989888,0.0076119983568787575
6,16,16,1,prefill,fp8_e4m3,524288,1,1024,14.334602355957031,,1776756224,301989888,0.0076119983568787575
6,16,16,1,prefill,fp8_e4m3,524288,1,8192,21.809247334798176,,1864697344,301989888,0.0076119983568787575
6,16,16,1,decode,fp8_e4m3,1048576,1,1,2.109429359436035,0.24459679126739503,31744,603979776,0.03509664535522461
6,16,16,1,decode,fp8_e4m3,1048576,8,1,2.09661865234375,0.8034848213195801,246784,4831838208,0.03509664535522461
6,16,16,1,decode,fp8_e4m3,1048576,32,1,3.346485455830892,2.9628927230834963,987136,19327352832,0.03509664535522461
6,16,16,1,prefill,fp8_e4m3,1048576,1,128,24.02569580078125,,2368104960,603979776,0.0076119983568787575
6,16,16,1,prefill,fp8_e4m3,1048576,1,1024,27.573087056477863,,2381260288,603979776,0.0076119983568787575
6,16,16,1,prefill,fp8_e4m3,1048576,1,8192,42.22390492757162,,2468677120,603979776,0.0076119983568787575
6,16,16,1,decode,bfloat16,1024,1,1,1.9997973442077637,0.10716639757156372,31744,1179648,0.006898726802319288
6,16,16,1,decode,bfloat16,1024,8,1,1.7186133066813152,0.10261759757995606,246784,9437184,0.006898726802319288
6,16,16,1,decode,bfloat16,1024,32,1,1.666111946105957,0.13443360328674317,987136,37748736,0.006898726802319288
6,16,16,1,prefill,bfloat16,1024,1,128,3.0831785202026367,,11272704,1179648,0.001956015592440963
6,16,16,1,prefill,bfloat16,1024,1,1024,1.737727959950765,,28967936,1179648,0.001956015592440963
6,16,16,1,decode,bfloat16,8192,1,1,2.028810660044352,0.11258560419082642,31744,9437184,0.006898726802319288
6,16,16,1,decode,bfloat16,8192,8,1,1.9214506149291992,0.14244480133056642,246784,75497472,0.006898726802319288
6,16,16,1,decode,bfloat16,8192,32,1,1.6461547215779622,0.18631999492645263,987136,301989888,0.006898726802319288
6,16,16,1,prefill,bfloat16,8192,1,128,3.065194765726725,,65438208,9437184,0.001956015592440963
6,16,16,1,prefill,bfloat16,8192,1,1024,2.9766079584757485,,79554048,9437184,0.001956015592440963
6,16,16,1,prefill,bfloat16,8192,1,8192,1.8150827089945476,,215745536,9437184,0.001956015592440963
6,16,16,1,decode,bfloat16,32768,1,1,2.001450697580973,0.13753279447555541,31744,37748736,0.006898726802319288
6,16,16,1,decode,bfloat16,32768,8,1,1.97978671391805,0.17965760231018066,246784,301989888,0.006898726802319288
6,16,16,1,decode,bfloat16,32768,32,1,1.6834239959716797,0.33965120315551756,987136,1207959552,0.006898726802319288
6,16,16,1,prefill,bfloat16,32768,1,128,3.1787519454956055,,254820864,37748736,0.001956015592440963
6,16,16,1,prefill,bfloat16,32768,1,1024,3.0963414510091147,,268297728,37748736,0.001956015592440963
6,16,16,1,prefill,bfloat16,32768,1,8192,3.0722986857096353,,363529728,37748736,0.001956015592440963
6,16,16,1,decode,bfloat16,131072,1,1,2.026591936747233,0.16185599565505981,31744,150994944,0.006898726802319288
6,16,16,1,decode,bfloat16,131072,8,1,2.018954594930013,0.3406735897064209,246784,1207959552,0.006898726802319288
6,16,16,1,decode,bfloat16,131072,32,1,1.5714346567789714,0.9501520156860351,987136,4831838208,0.006898726802319288
6,16,16,1,prefill,bfloat16,131072,1,128,3.618272145589193,,1010139648,150994944,0.001956015592440963
6,16,16,1,prefill,bfloat16,131072,1,1024,4.296010653177897,,1023272448,150994944,0.001956015592440963
6,16,16,1,prefill,bfloat16,131072,1,8192,6.297418594360352,,1119553024,150994944,0.001956015592440963
6,16,16,1,decode,bfloat16,524288,1,1,2.1042025883992515,0.249619197845459,31744,603979776,0.006898726802319288
6,16,16,1,decode,bfloat16,524288,8,1,2.155381361643473,0.9074655532836914,246784,4831838208,0.006898726802319288
6,16,16,1,decode,bfloat16,524288,32,1,3.708597183227539,3.401055908203125,987136,19327352832,0.006898726802319288
6,16,16,1,prefill,bfloat16,524288,1,128,12.079573313395182,,1764125184,603979776,0.001956015592440963
6,16,16,1,prefill,bfloat16,524288,1,1024,13.6737060546875,,1776756224,603979776,0.001956015592440963
6,16,16,1,prefill,bfloat16,524288,1,8192,21.149344126383465,,1864697344,603979776,0.001956015592440963
6,16,16,1,decode,bfloat16,1048576,1,1,1.8189013799031575,0.3639024019241333,31744,1207959552,0.006898726802319288
6,16,16,1,decode,bfloat16,1048576,8,1,1.953152020772298,1.687596893310547,246784,9663676416,0.006898726802319288
6,16,16,1,decode,bfloat16,1048576,32,1,6.8040211995442705,6.578896331787109,987136,38654705664,0.006898726802319288
6,16,16,1,prefill,bfloat16,1048576,1,128,22.608235677083332,,2368104960,1207959552,0.001956015592440963
6,16,16,1,prefill,bfloat16,1048576,1,1024,26.339317321777344,,2381260288,1207959552,0.001956015592440963
6,16,16,1,prefill,bfloat16,1048576,1,8192,40.720255533854164,,2468677120,1207959552,0.001956015592440963
6,16,8,2,decode,fp8_e4m3,1024,1,1,2.4700800577799478,0.09054719805717468,44032,589824,0.03501495346426964
6,16,8,2,decode,fp8_e4m3,1024,8,1,2.431882699330648,0.09579520225524903,347136,4718592,0.03501495346426964
6,16,8,2,decode,fp8_e4m3,1024,32,1,1.8017493883768718,0.10889439582824707,1388544,18874368,0.03501495346426964
6,16,8,2,prefill,fp8_e4m3,1024,1,128,3.194453239440918,,18824704,589824,0.008806233294308186
6,16,8,2,prefill,fp8_e4m3,1024,1,1024,1.238101323445638,,39846912,589824,0.008806233294308186
6,16,8,2,decode,fp8_e4m3,8192,1,1,2.476640065511068,0.09572160243988037,44032,4718592,0.03501495346426964
6,16,8,2,decode,fp8_e4m3,8192,8,1,2.4464640617370605,0.1139631986618042,347136,37748736,0.03501495346426964
6,16,8,2,decode,fp8_e4m3,8192,32,1,1.5801599820454915,0.13363679647445678,1388544,150994944,0.03501495346426964
6,16,8,2,prefill,fp8_e4m3,8192,1,128,3.2221333185831704,,113786368,4718592,0.008806233294308186
6,16,8,2,prefill,fp8_e4m3,8192,1,1024,3.147221247355143,,140494336,4718592,0.008806233294308186
6,16,8,2,prefill,fp8_e4m3,8192,1,8192,1.9163734118143718,,304612352,4718592,0.008806233294308186
6,16,8,2,decode,fp8_e4m3,32768,1,1,2.3556480407714844,0.11344319581985474,44032,18874368,0.03501495346426964
6,16,8,2,decode,fp8_e4m3,32768,8,1,2.3762133916219077,0.13251520395278932,347136,150994944,0.03501495346426964
6,16,8,2,decode,fp8_e4m3,32768,32,1,1.1890772978464763,0.201476788520813,1388544,603979776,0.03501495346426964
6,16,8,2,prefill,fp8_e4m3,32768,1,128,3.4219627380371094,,434945536,18874368,0.008806233294308186
6,16,8,2,prefill,fp8_e4m3,32768,1,1024,3.3536106745402017,,462407168,18874368,0.008806233294308186
6,16,8,2,prefill,fp8_e4m3,32768,1,8192,4.011871973673503,,662046208,18874368,0.008806233294308186
6,16,8,2,decode,fp8_e4m3,131072,1,1,2.372959931691488,0.12778559923171998,44032,75497472,0.03501495346426964
6,16,8,2,decode,fp8_e4m3,131072,8,1,2.2926613489786782,0.19731999635696412,347136,603979776,0.03501495346426964
6,16,8,2,decode,fp8_e4m3,131072,32,1,1.164736032485962,0.4614208221435547,1388544,2415919104,0.03501495346426964
6,16,8,2,prefill,fp8_e4m3,131072,1,128,4.889514605204265,,1718402560,75497472,0.008806233294308186
6,16,8,2,prefill,fp8_e4m3,131072,1,1024,5.223349253336589,,1744815616,75497472,0.008806233294308186
6,16,8,2,prefill,fp8_e4m3,131072,1,8192,9.129738489786783,,1945503232,75497472,0.008806233294308186
6,16,8,2,decode,fp8_e4m3,524288,1,1,1.5446079572041829,0.16654239892959594,44032,301989888,0.03501495346426964
6,16,8,2,decode,fp8_e4m3,524288,8,1,2.4840426445007324,0.44506402015686036,347136,2415919104,0.03501495346426964
6,16,8,2,decode,fp8_e4m3,524288,32,1,2.1818453470865884,1.518609619140625,1388544,9663676416,0.03501495346426964
6,16,8,2,prefill,fp8_e4m3,524288,1,128,15.684127807617188,,2773388800,301989888,0.008806233294308186
6,16,8,2,prefill,fp8_e4m3,524288,1,1024,17.390207926432293,,2795128320,301989888,0.008806233294308186
6,16,8,2,prefill,fp8_e4m3,524288,1,8192,32.23962656656901,,2973369856,301989888,0.008806233294308186
6,16,8,2,decode,fp8_e4m3,1048576,1,1,2.420746644337972,0.22119359970092772,44032,603979776,0.03501495346426964
6,16,8,2,decode,fp8_e4m3,1048576,8,1,2.4297919273376465,0.7765872001647949,347136,4831838208,0.03501495346426964
6,16,8,2,decode,fp8_e4m3,1048576,32,1,3.3260374069213867,2.9828399658203124,1388544,19327352832,0.03501495346426964
6,16,8,2,prefill,fp8_e4m3,1048576,1,128,29.786326090494793,,3377368576,603979776,0.008806233294308186
6,16,8,2,prefill,fp8_e4m3,1048576,1,1024,33.40661366780599,,3399501312,603979776,0.008806233294308186
6,16,8,2,prefill,fp8_e4m3,1048576,1,8192,63.54285685221354,,3577349632,603979776,0.008806233294308186
6,16,8,2,decode,bfloat16,1024,1,1,2.3875412940979004,0.0886031985282898,43520,1179648,0.006444955710321665
6,16,8,2,decode,bfloat16,1024,8,1,2.3934399286905923,0.09372479915618896,345088,9437184,0.006444955710321665
6,16,8,2,decode,bfloat16,1024,32,1,1.7878079414367676,0.10981119871139526,1380352,37748736,0.006444955710321665
6,16,8,2,prefill,bfloat16,1024,1,128,3.2870187759399414,,18824704,1179648,0.0047883158549666405
6,16,8,2,prefill,bfloat16,1024,1,1024,1.8703039487202961,,39846912,1179648,0.0047883158549666405
6,16,8,2,decode,bfloat16,8192,1,1,1.4379839897155762,0.09484959840774536,43520,9437184,0.006444955710321665
6,16,8,2,decode,bfloat16,8192,8,1,2.4388480186462402,0.11938879489898682,345088,75497472,0.006444955710321665
6,16,8,2,decode,bfloat16,8192,32,1,1.8349119822184246,0.16150879859924316,1380352,301989888,0.006444955710321665
6,16,8,2,prefill,bfloat16,8192,1,128,3.116095860799154,,113786368,9437184,0.0047883158549666405
6,16,8,2,prefill,bfloat16,8192,1,1024,3.0512959162394204,,140494336,9437184,0.0047883158549666405
6,16,8,2,prefill,bfloat16,8192,1,8192,1.8744746843973796,,304612352,9437184,0.0047883158549666405
6,16,8,2,decode,bfloat16,32768,1,1,2.345194657643636,0.11567679643630982,43520,37748736,0.006444955710321665
6,16,8,2,decode,bfloat16,32768,8,1,1.4555199940999348,0.15662720203399658,345088,301989888,0.006444955710321665
6,16,8,2,decode,bfloat16,32768,32,1,1.558560053507487,0.31604800224304197,1380352,1207959552,0.006444955710321665
6,16,8,2,prefill,bfloat16,32768,1,128,3.4127893447875977,,434945536,37748736,0.0047883158549666405
6,16,8,2,prefill,bfloat16,32768,1,1024,2.381066640218099,,461882880,37748736,0.0047883158549666405
6,16,8,2,prefill,bfloat16,32768,1,8192,4.006656010945638,,663094784,37748736,0.0047883158549666405
6,16,8,2,decode,bfloat16,131072,1,1,2.039093335469564,0.13706239461898803,43520,150994944,0.006444955710321665
6,16,8,2,decode,bfloat16,131072,8,1,2.3774827321370444,0.31949601173400877,345088,1207959552,0.006444955710321665
6,16,8,2,decode,bfloat16,131072,32,1,1.8889813423156738,0.9293487548828125,1380352,4831838208,0.006444955710321665
6,16,8,2,prefill,bfloat16,131072,1,128,4.803157488505046,,1718402560,150994944,0.0047883158549666405
6,16,8,2,prefill,bfloat16,131072,1,1024,5.070485432942708,,1745339904,150994944,0.0047883158549666405
6,16,8,2,prefill,bfloat16,131072,1,8192,8.668330510457357,,1945503232,150994944,0.0047883158549666405
6,16,8,2,decode,bfloat16,524288,1,1,1.4784639676411946,0.22673280239105226,43520,603979776,0.006444955710321665
6,16,8,2,decode,bfloat16,524288,8,1,2.4670400619506836,0.8845088005065918,345088,4831838208,0.006444955710321665
6,16,8,2,decode,bfloat16,524288,32,1,3.743861198425293,3.381804656982422,1380352,19327352832,0.006444955710321665
6,16,8,2,prefill,bfloat16,524288,1,128,14.939562479654947,,2773388800,603979776,0.0047883158549666405
6,16,8,2,prefill,bfloat16,524288,1,1024,16.55103937784831,,2795521536,603979776,0.0047883158549666405
6,16,8,2,prefill,bfloat16,524288,1,8192,31.812576293945312,,2973369856,603979776,0.0047883158549666405
6,16,8,2,decode,bfloat16,1048576,1,1,2.169962724049886,0.34272160530090334,43520,1207959552,0.006444955710321665
6,16,8,2,decode,bfloat16,1048576,8,1,2.634453296661377,1.665403175354004,345088,9663676416,0.006444955710321665
6,16,8,2,decode,bfloat16,1048576,32,1,6.970517476399739,6.582511901855469,1380352,38654705664,0.006444955710321665
6,16,8,2,prefill,bfloat16,1048576,1,128,27.922505696614582,,3377368576,1207959552,0.0047883158549666405
6,16,8,2,prefill,bfloat16,1048576,1,1024,31.71655527750651,,3399501312,1207959552,0.0047883158549666405
6,16,8,2,prefill,bfloat16,1048576,1,8192,62.40777587890625,,3577349632,1207959552,0.0047883158549666405
6,16,4,4,decode,fp8_e4m3,1024,1,1,2.1203840573628745,0.10683679580688477,107520,589824,0.03481585159897804
6,16,4,4,decode,fp8_e4m3,1024,8,1,2.086026668548584,0.10983519554138184,849920,4718592,0.03481585159897804
6,16,4,4,decode,fp8_e4m3,1024,32,1,1.8665067354838054,0.11574879884719849,3399680,18874368,0.03481585159897804
6,16,4,4,prefill,fp8_e4m3,1024,1,128,3.21563720703125,,35304960,589824,0.008163205347955227
6,16,4,4,prefill,fp8_e4m3,1024,1,1024,1.8451306025187175,,63046656,589824,0.008163205347955227
6,16,4,4,decode,fp8_e4m3,8192,1,1,2.0681066513061523,0.11029599905014038,107520,4718592,0.03481585159897804
6,16,4,4,decode,fp8_e4m3,8192,8,1,2.037717342376709,0.11803359985351562,849920,37748736,0.03481585159897804
6,16,4,4,decode,fp8_e4m3,8192,32,1,1.825984001159668,0.14721599817276002,3399680,150994944,0.03481585159897804
6,16,4,4,prefill,fp8_e4m3,8192,1,128,3.1622613271077475,,207885824,4718592,0.008163205347955227
6,16,4,4,prefill,fp8_e4m3,8192,1,1024,3.01963742574056,,258442752,4718592,0.008163205347955227
6,16,4,4,prefill,fp8_e4m3,8192,1,8192,2.0784640312194824,,482345984,4718592,0.008163205347955227
6,16,4,4,decode,fp8_e4m3,32768,1,1,2.071872075398763,0.11742080450057983,107520,18874368,0.03481585159897804
6,16,4,4,decode,fp8_e4m3,32768,8,1,2.071712017059326,0.14391679763793946,849920,150994944,0.03481585159897804
6,16,4,4,decode,fp8_e4m3,32768,32,1,1.6791146596272786,0.2521872043609619,3399680,603979776,0.03481585159897804
6,16,4,4,prefill,fp8_e4m3,32768,1,128,3.4662399291992188,,792802816,18874368,0.008163205347955227
6,16,4,4,prefill,fp8_e4m3,32768,1,1024,2.8230613072713218,,843417088,18874368,0.008163205347955227
6,16,4,4,prefill,fp8_e4m3,32768,1,8192,5.412031809488933,,1258161664,18874368,0.008163205347955227
6,16,4,4,decode,fp8_e4m3,131072,1,1,1.321130673090617,0.13501919507980348,107520,75497472,0.03481585159897804
6,16,4,4,decode,fp8_e4m3,131072,8,1,1.36516269048055,0.24016320705413818,849920,603979776,0.03481585159897804
6,16,4,4,decode,fp8_e4m3,131072,32,1,1.7831679979960124,0.6613152027130127,3399680,2415919104,0.03481585159897804
6,16,4,4,prefill,fp8_e4m3,131072,1,128,6.16371218363444,,3134010880,75497472,0.008163205347955227
6,16,4,4,prefill,fp8_e4m3,131072,1,1024,6.577152252197266,,3183969792,75497472,0.008163205347955227
6,16,4,4,prefill,fp8_e4m3,131072,1,8192,16.281983693440754,,3597534720,75497472,0.008163205347955227
6,16,4,4,decode,fp8_e4m3,524288,1,1,1.9344746271769206,0.20132479667663575,107520,301989888,0.03481585159897804
6,16,4,4,decode,fp8_e4m3,524288,8,1,1.9587093989054363,0.6164671897888183,849920,2415919104,0.03481585159897804
6,16,4,4,decode,fp8_e4m3,524288,32,1,2.716501235961914,2.36156005859375,3399680,9663676416,0.03481585159897804
6,16,4,4,prefill,fp8_e4m3,524288,1,128,21.023914337158203,,4791129600,301989888,0.008163205347955227
6,16,4,4,prefill,fp8_e4m3,524288,1,1024,22.97405751546224,,4835411456,301989888,0.008163205347955227
6,16,4,4,prefill,fp8_e4m3,524288,1,8192,61.29675801595052,,5191239168,301989888,0.008163205347955227
6,16,4,4,decode,fp8_e4m3,1048576,1,1,1.816245396931966,0.2907248020172119,107520,603979776,0.03481585159897804
6,16,4,4,decode,fp8_e4m3,1048576,8,1,2.013706684112549,1.1158767700195313,849920,4831838208,0.03481585159897804
6,16,4,4,decode,fp8_e4m3,1048576,32,1,4.895850817362468,4.664664077758789,3399680,19327352832,0.03481585159897804
6,16,4,4,prefill,fp8_e4m3,1048576,1,128,40.624267578125,,5395109376,603979776,0.008163205347955227
6,16,4,4,prefill,fp8_e4m3,1048576,1,1024,44.716288248697914,,5439391232,603979776,0.008163205347955227
6,16,4,4,prefill,fp8_e4m3,1048576,1,8192,121.37511189778645,,5795218944,603979776,0.008163205347955227
6,16,4,4,decode,bfloat16,1024,1,1,1.8295680681864421,0.10314559936523438,112128,1179648,0.005524782929569483
6,16,4,4,decode,bfloat16,1024,8,1,1.819050629933675,0.10539679527282715,886784,9437184,0.005524782929569483
6,16,4,4,decode,bfloat16,1024,32,1,1.6675413449605305,0.11768959760665894,3547136,37748736,0.005524782929569483
6,16,4,4,prefill,bfloat16,1024,1,128,2.9282665252685547,,36746752,1179648,0.003520854515954852
6,16,4,4,prefill,bfloat16,1024,1,1024,1.700394630432129,,63833088,1179648,0.003520854515954852
6,16,4,4,decode,bfloat16,8192,1,1,1.8791786829630535,0.1081231951713562,112128,9437184,0.005524782929569483
6,16,4,4,decode,bfloat16,8192,8,1,1.8730986913045247,0.1231727957725525,886784,75497472,0.005524782929569483
6,16,4,4,decode,bfloat16,8192,32,1,1.7069652875264485,0.18367520570755005,3547136,301989888,0.005524782929569483
6,16,4,4,prefill,bfloat16,8192,1,128,3.0693225860595703,,207402496,9437184,0.003520854515954852
6,16,4,4,prefill,bfloat16,8192,1,1024,3.019498825073242,,258442752,9437184,0.003520854515954852
6,16,4,4,prefill,bfloat16,8192,1,8192,2.0118826230367026,,482739200,9437184,0.003520854515954852
6,16,4,4,decode,bfloat16,32768,1,1,1.9553173383076985,0.11918720006942748,112128,37748736,0.005524782929569483
6,16,4,4,decode,bfloat16,32768,8,1,1.6865173975626628,0.17947520017623902,886784,301989888,0.005524782929569483
6,16,4,4,decode,bfloat16,32768,32,1,1.5690879821777344,0.4114431858062744,3547136,1207959552,0.005524782929569483
6,16,4,4,prefill,bfloat16,32768,1,128,3.4547627766927085,,793982464,37748736,0.003520854515954852
6,16,4,4,prefill,bfloat16,32768,1,1024,3.3679787317911782,,843548160,37748736,0.003520854515954852
6,16,4,4,prefill,bfloat16,32768,1,8192,5.670656204223633,,1257113088,37748736,0.003520854515954852
6,16,4,4,decode,bfloat16,131072,1,1,1.8252053260803223,0.1563199996948242,112128,150994944,0.005524782929569483
6,16,4,4,decode,bfloat16,131072,8,1,1.857653299967448,0.3862623929977417,886784,1207959552,0.005524782929569483
6,16,4,4,decode,bfloat16,131072,32,1,1.917151927947998,1.3181615829467774,3547136,4831838208,0.005524782929569483
6,16,4,4,prefill,bfloat16,131072,1,128,5.99070930480957,,3134010880,150994944,0.003520854515954852
6,16,4,4,prefill,bfloat16,131072,1,1024,6.087018966674805,,3183838720,150994944,0.003520854515954852
6,16,4,4,prefill,bfloat16,131072,1,8192,16.118367513020832,,3597927936,150994944,0.003520854515954852
6,16,4,4,decode,bfloat16,524288,1,1,1.9331733385721843,0.30285279750823973,112128,603979776,0.005524782929569483
6,16,4,4,decode,bfloat16,524288,8,1,2.1253652572631836,1.2234959602355957,886784,4831838208,0.005524782929569483
6,16,4,4,decode,bfloat16,524288,32,1,5.358922958374023,4.947619247436523,3547136,19327352832,0.005524782929569483
6,16,4,4,prefill,bfloat16,524288,1,128,20.428714752197266,,4791129600,603979776,0.003520854515954852
6,16,4,4,prefill,bfloat16,524288,1,1024,22.21332295735677,,4835280384,603979776,0.003520854515954852
6,16,4,4,prefill,bfloat16,524288,1,8192,61.0360107421875,,5191239168,603979776,0.003520854515954852
6,16,4,4,decode,bfloat16,1048576,1,1,1.8694186210632324,0.49681921005249025,112128,1207959552,0.005524782929569483
6,16,4,4,decode,bfloat16,1048576,8,1,2.766709327697754,2.331295967102051,886784,9663676416,0.005524782929569483
6,16,4,4,decode,bfloat16,1048576,32,1,10.141973495483398,9.812950134277344,3547136,38654705664,0.005524782929569483
6,16,4,4,prefill,bfloat16,1048576,1,128,39.369300842285156,,5395109376,1207959552,0.003520854515954852
6,16,4,4,prefill,bfloat16,1048576,1,1024,43.45097351074219,,5439260160,1207959552,0.003520854515954852
6,16,4,4,prefill,bfloat16,1048576,1,8192,123.017333984375,,5795218944,1207959552,0.003520854515954852
6,16,2,8,decode,fp8_e4m3,1024,1,1,1.302133321762085,0.1050927996635437,161280,589824,0.03470971807837486
6,16,2,8,decode,fp8_e4m3,1024,8,1,1.2879040241241455,0.10878560543060303,1287168,4718592,0.03470971807837486
6,16,2,8,decode,fp8_e4m3,1024,32,1,1.1643199920654297,0.12215679883956909,6000640,18874368,0.03470971807837486
6,16,2,8,prefill,fp8_e4m3,1024,1,128,1.9681386947631836,,70624768,589824,0.0075984555296599865
6,16,2,8,prefill,fp8_e4m3,1024,1,1024,1.0938453674316406,,110232576,589824,0.0075984555296599865
6,16,2,8,decode,fp8_e4m3,8192,1,1,1.309706687927246,0.11031359434127808,161280,4718592,0.03470971807837486
6,16,2,8,decode,fp8_e4m3,8192,8,1,1.2964800198872883,0.11987199783325195,1287168,37748736,0.03470971807837486
6,16,2,8,decode,fp8_e4m3,8192,32,1,1.1419093608856201,0.14687039852142333,6000640,150994944,0.03470971807837486
6,16,2,8,prefill,fp8_e4m3,8192,1,128,2.245898723602295,,393676288,4718592,0.0075984555296599865
6,16,2,8,prefill,fp8_e4m3,8192,1,1024,2.1973013877868652,,496961024,4718592,0.0075984555296599865
6,16,2,8,prefill,fp8_e4m3,8192,1,8192,2.788640022277832,,837813248,4718592,0.0075984555296599865
6,16,2,8,decode,fp8_e4m3,32768,1,1,1.2849067052205403,0.11837120056152343,161280,18874368,0.03470971807837486
6,16,2,8,decode,fp8_e4m3,32768,8,1,1.265013297398885,0.13753440380096435,1287168,150994944,0.03470971807837486
6,16,2,8,decode,fp8_e4m3,32768,32,1,1.1406400203704834,0.23287200927734375,6000640,603979776,0.03470971807837486
6,16,2,8,prefill,fp8_e4m3,32768,1,128,3.2510080337524414,,1507075584,18874368,0.0075984555296599865
6,16,2,8,prefill,fp8_e4m3,32768,1,1024,3.6811841328938804,,1610417664,18874368,0.0075984555296599865
6,16,2,8,prefill,fp8_e4m3,32768,1,8192,8.844053268432617,,2448557568,18874368,0.0075984555296599865
6,16,2,8,decode,fp8_e4m3,131072,1,1,1.2882239818572998,0.13653759956359862,161280,75497472,0.03470971807837486
6,16,2,8,decode,fp8_e4m3,131072,8,1,1.290602684020996,0.21659839153289795,1287168,603979776,0.03470971807837486
6,16,2,8,decode,fp8_e4m3,131072,32,1,1.1507413387298584,0.5613215923309326,6000640,2415919104,0.03470971807837486
6,16,2,8,prefill,fp8_e4m3,131072,1,128,8.468010584513346,,5962081792,75497472,0.0075984555296599865
6,16,2,8,prefill,fp8_e4m3,131072,1,1024,11.0054931640625,,6064768512,75497472,0.0075984555296599865
6,16,2,8,prefill,fp8_e4m3,131072,1,8192,28.623082478841145,,6902777344,75497472,0.0075984555296599865
6,16,2,8,decode,fp8_e4m3,524288,1,1,1.2588799794514973,0.1905951976776123,161280,301989888,0.03470971807837486
6,16,2,8,decode,fp8_e4m3,524288,8,1,1.2787093321482341,0.520192003250122,1287168,2415919104,0.03470971807837486
6,16,2,8,decode,fp8_e4m3,524288,32,1,2.102143923441569,1.9577999114990234,6000640,9663676416,0.03470971807837486
6,16,2,8,prefill,fp8_e4m3,524288,1,128,31.60413869222005,,8828315136,301989888,0.0075984555296599865
6,16,2,8,prefill,fp8_e4m3,524288,1,1024,41.440704345703125,,8915584512,301989888,0.0075984555296599865
6,16,2,8,prefill,fp8_e4m3,524288,1,8192,114.3293965657552,,9626584576,301989888,0.0075984555296599865
6,16,2,8,decode,fp8_e4m3,1048576,1,1,1.2798720200856526,0.26228320598602295,161280,603979776,0.03470971807837486
6,16,2,8,decode,fp8_e4m3,1048576,8,1,1.4102719624837239,0.9181584358215332,1287168,4831838208,0.03470971807837486
6,16,2,8,decode,fp8_e4m3,1048576,32,1,3.8697385787963867,4.099407958984375,5148672,19327352832,0.03470971807837486
6,16,2,8,prefill,fp8_e4m3,1048576,1,128,62.343170166015625,,9431377408,603979776,0.0075984555296599865
6,16,2,8,prefill,fp8_e4m3,1048576,1,1024,82.06983439127605,,9519564288,603979776,0.0075984555296599865
6,16,2,8,prefill,fp8_e4m3,1048576,1,8192,227.10201009114584,,10229515776,603979776,0.0075984555296599865
6,16,2,8,decode,bfloat16,1024,1,1,1.2289173603057861,0.10248160362243652,139776,1179648,0.004783360753208399
6,16,2,8,decode,bfloat16,1024,8,1,1.2308800220489502,0.10677759647369385,1115136,9437184,0.004783360753208399
6,16,2,8,decode,bfloat16,1024,32,1,1.077130635579427,0.12547039985656738,5312512,37748736,0.004783360753208399
6,16,2,8,prefill,bfloat16,1024,1,128,1.8506560325622559,,69576192,1179648,0.001843483536504209
6,16,2,8,prefill,bfloat16,1024,1,1024,1.0234346389770508,,110494720,1179648,0.001843483536504209
6,16,2,8,decode,bfloat16,8192,1,1,1.2297279834747314,0.10874400138854981,139776,9437184,0.004783360753208399
6,16,2,8,decode,bfloat16,8192,8,1,1.2584959665934246,0.12147359848022461,1115136,75497472,0.004783360753208399
6,16,2,8,decode,bfloat16,8192,32,1,1.1066239674886067,0.16797280311584473,5312512,301989888,0.004783360753208399
6,16,2,8,prefill,bfloat16,8192,1,128,2.1062186559041343,,393733632,9437184,0.001843483536504209
6,16,2,8,prefill,bfloat16,8192,1,1024,2.080469290415446,,496961024,9437184,0.001843483536504209
6,16,2,8,prefill,bfloat16,8192,1,8192,2.7760321299235025,,838206464,9437184,0.001843483536504209
6,16,2,8,decode,bfloat16,32768,1,1,1.2183146476745605,0.12252320051193237,139776,37748736,0.004783360753208399
6,16,2,8,decode,bfloat16,32768,8,1,1.222314675649007,0.15780479907989503,1115136,301989888,0.004783360753208399
6,16,2,8,decode,bfloat16,32768,32,1,1.0935893058776855,0.32207040786743163,5312512,1207959552,0.004783360753208399
6,16,2,8,prefill,bfloat16,32768,1,128,3.2011839548746743,,1507730944,37748736,0.001843483536504209
6,16,2,8,prefill,bfloat16,32768,1,1024,3.6515305836995444,,1610417664,37748736,0.001843483536504209
6,16,2,8,prefill,bfloat16,32768,1,8192,8.753824234008789,,2449475072,37748736,0.001843483536504209
6,16,2,8,decode,bfloat16,131072,1,1,1.2242560386657715,0.14237279891967775,139776,150994944,0.004783360753208399
6,16,2,8,decode,bfloat16,131072,8,1,1.2777386506398518,0.3291743993759155,1115136,1207959552,0.004783360753208399
6,16,2,8,decode,bfloat16,131072,32,1,1.2622186342875164,0.9498800277709961,5312512,4831838208,0.004783360753208399
6,16,2,8,prefill,bfloat16,131072,1,128,8.307488123575846,,5962081792,150994944,0.001843483536504209
6,16,2,8,prefill,bfloat16,131072,1,1024,10.84185536702474,,6064768512,150994944,0.001843483536504209
6,16,2,8,prefill,bfloat16,131072,1,8192,28.743947347005207,,6902777344,150994944,0.001843483536504209
6,16,2,8,decode,bfloat16,524288,1,1,1.254794677098592,0.23546879291534423,139776,603979776,0.004783360753208399
6,16,2,8,decode,bfloat16,524288,8,1,1.3701759974161785,0.9096912384033203,1115136,4831838208,0.004783360753208399
6,16,2,8,decode,bfloat16,524288,32,1,3.6892693837483725,3.6589118957519533,5312512,19327352832,0.004783360753208399
6,16,2,8,prefill,bfloat16,524288,1,128,30.899454752604168,,8828315136,603979776,0.001843483536504209
6,16,2,8,prefill,bfloat16,524288,1,1024,40.8371836344401,,8915584512,603979776,0.001843483536504209
6,16,2,8,prefill,bfloat16,524288,1,8192,114.73160807291667,,9626584576,603979776,0.001843483536504209
6,16,2,8,decode,bfloat16,1048576,1,1,1.2720959981282551,0.35936799049377444,139776,1207959552,0.004783360753208399
6,16,2,8,decode,bfloat16,1048576,8,1,1.9530026117960613,1.746713638305664,1115136,9663676416,0.004783360753208399
6,16,2,8,decode,bfloat16,1048576,32,1,7.008960088094075,7.310790252685547,4460544,38654705664,0.004783360753208399
6,16,2,8,prefill,bfloat16,1048576,1,128,61.126708984375,,9431377408,1207959552,0.001843483536504209
6,16,2,8,prefill,bfloat16,1048576,1,1024,80.8421122233073,,9519564288,1207959552,0.001843483536504209
6,16,2,8,prefill,bfloat16,1048576,1,8192,229.05889892578125,,10230564352,1207959552,0.001843483536504209
6,16,1,16,decode,fp8_e4m3,1024,1,1,1.0611413319905598,0.1287935972213745,317952,589824,0.034656696021556854
6,16,1,16,decode,fp8_e4m3,1024,8,1,1.0568959712982178,0.13138560056686402,2540544,4718592,0.034656696021556854
7,16,16,1,decode,fp8_e4m3,1024,1,1,2.06114133199056,0.1126911997795105,31744,589824,0.03509664535522461
7,16,16,1,decode,fp8_e4m3,1024,8,1,1.9995733896891277,0.10500799417495728,246784,4718592,0.03509664535522461
7,16,16,1,decode,fp8_e4m3,1024,32,1,1.6872746149698894,0.11582080125808716,987136,18874368,0.03509664535522461
7,16,16,1,prefill,fp8_e4m3,1024,1,128,2.9596160252889,,11076096,589824,0.0076119983568787575
7,16,16,1,prefill,fp8_e4m3,1024,1,1024,1.7118825912475586,,29361152,589824,0.0076119983568787575
7,16,16,1,decode,fp8_e4m3,8192,1,1,1.9841814041137695,0.11400480270385742,31744,4718592,0.03509664535522461
7,16,16,1,decode,fp8_e4m3,8192,8,1,1.7373332977294922,0.11782079935073853,246784,37748736,0.03509664535522461
7,16,16,1,decode,fp8_e4m3,8192,32,1,1.7181119918823242,0.1588863968849182,987136,150994944,0.03509664535522461
7,16,16,1,prefill,fp8_e4m3,8192,1,128,2.968736012776693,,65438208,4718592,0.0076119983568787575
7,16,16,1,prefill,fp8_e4m3,8192,1,1024,2.5427093505859375,,80209408,4718592,0.0076119983568787575
7,16,16,1,prefill,fp8_e4m3,8192,1,8192,1.6959360440572102,,215745536,4718592,0.0076119983568787575
7,16,16,1,decode,fp8_e4m3,32768,1,1,1.8900267283121746,0.12803679704666138,31744,18874368,0.03509664535522461
7,16,16,1,decode,fp8_e4m3,32768,8,1,1.9454293251037598,0.15678080320358276,246784,150994944,0.03509664535522461
7,16,16,1,decode,fp8_e4m3,32768,32,1,1.6463467280069988,0.22716159820556642,987136,603979776,0.03509664535522461
7,16,16,1,prefill,fp8_e4m3,32768,1,128,3.012864112854004,,254820864,18874368,0.0076119983568787575
7,16,16,1,prefill,fp8_e4m3,32768,1,1024,2.9861653645833335,,268297728,18874368,0.0076119983568787575
7,16,16,1,prefill,fp8_e4m3,32768,1,8192,3.200042724609375,,363529728,18874368,0.0076119983568787575
7,16,16,1,decode,fp8_e4m3,131072,1,1,1.9897066752115886,0.15091840028762818,31744,75497472,0.03509664535522461
7,16,16,1,decode,fp8_e4m3,131072,8,1,2.0129920641581216,0.220963191986084,246784,603979776,0.03509664535522461
7,16,16,1,decode,fp8_e4m3,131072,32,1,1.7176000277201335,0.48985919952392576,987136,2415919104,0.03509664535522461
7,16,16,1,prefill,fp8_e4m3,131072,1,128,4.060960133870442,,1010139648,75497472,0.0076119983568787575
7,16,16,1,prefill,fp8_e4m3,131072,1,1024,4.469813346862793,,1021568512,75497472,0.0076119983568787575
7,16,16,1,prefill,fp8_e4m3,131072,1,8192,6.52513058980306,,1119553024,75497472,0.0076119983568787575
7,16,16,1,decode,fp8_e4m3,524288,1,1,2.061258633931478,0.19038399457931518,31744,301989888,0.03509664535522461
7,16,16,1,decode,fp8_e4m3,524288,8,1,2.054197311401367,0.46730718612670896,246784,2415919104,0.03509664535522461
7,16,16,1,decode,fp8_e4m3,524288,32,1,2.1193493207295737,1.5411888122558595,987136,9663676416,0.03509664535522461
7,16,16,1,prefill,fp8_e4m3,524288,1,128,12.7127685546875,,1764125184,301989888,0.0076119983568787575
7,16,16,1,prefill,fp8_e4m3,524288,1,1024,14.336427052815756,,1776756224,301989888,0.0076119983568787575
7,16,16,1,prefill,fp8_e4m3,524288,1,8192,21.810335795084637,,1864697344,301989888,0.0076119983568787575
7,16,16,1,decode,fp8_e4m3,1048576,1,1,2.109951972961426,0.2446063995361328,31744,603979776,0.03509664535522461
7,16,16,1,decode,fp8_e4m3,1048576,8,1,2.0970026652018228,0.8035632133483886,246784,4831838208,0.03509664535522461
7,16,16,1,decode,fp8_e4m3,1048576,32,1,3.3481067021687827,2.9628015518188477,987136,19327352832,0.03509664535522461
7,16,16,1,prefill,fp8_e4m3,1048576,1,128,24.02642059326172,,2368104960,603979776,0.0076119983568787575
7,16,16,1,prefill,fp8_e4m3,1048576,1,1024,27.573076883951824,,2381260288,603979776,0.0076119983568787575
7,16,16,1,prefill,fp8_e4m3,1048576,1,8192,42.221771240234375,,2468677120,603979776,0.0076119983568787575
7,16,16,1,decode,bfloat16,1024,1,1,2.0011520385742188,0.10720959901809693,31744,1179648,0.006898726802319288
7,16,16,1,decode,bfloat16,1024,8,1,1.718784014383952,0.10252640247344971,246784,9437184,0.006898726802319288
7,16,16,1,decode,bfloat16,1024,32,1,1.6671360333760579,0.13454400300979613,987136,37748736,0.006898726802319288
7,16,16,1,prefill,bfloat16,1024,1,128,3.083925247192383,,11272704,1179648,0.001956015592440963
7,16,16,1,prefill,bfloat16,1024,1,1024,1.7380906740824382,,28967936,1179648,0.001956015592440963
7,16,16,1,decode,bfloat16,8192,1,1,2.02948268254598,0.11252000331878662,31744,9437184,0.006898726802319288
7,16,16,1,decode,bfloat16,8192,8,1,1.9222826957702637,0.14245599508285522,246784,75497472,0.006898726802319288
7,16,16,1,decode,bfloat16,8192,32,1,1.64738130569458,0.18632639646530152,987136,301989888,0.006898726802319288
7,16,16,1,prefill,bfloat16,8192,1,128,3.0664428075154624,,65438208,9437184,0.001956015592440963
7,16,16,1,prefill,bfloat16,8192,1,1024,2.977504094441732,,79554048,9437184,0.001956015592440963
7,16,16,1,prefill,bfloat16,8192,1,8192,1.815776030222575,,215745536,9437184,0.001956015592440963
7,16,16,1,decode,bfloat16,32768,1,1,2.0021440188090005,0.13766880035400392,31744,37748736,0.006898726802319288
7,16,16,1,decode,bfloat16,32768,8,1,1.9804372787475586,0.17970720529556275,246784,301989888,0.006898726802319288
7,16,16,1,decode,bfloat16,32768,32,1,1.683253288269043,0.3397007942199707,987136,1207959552,0.006898726802319288
7,16,16,1,prefill,bfloat16,32768,1,128,3.1782185236612954,,254820864,37748736,0.001956015592440963
7,16,16,1,prefill,bfloat16,32768,1,1024,3.095936139424642,,268297728,37748736,0.001956015592440963
7,16,16,1,prefill,bfloat16,32768,1,8192,3.0730988184611,,363529728,37748736,0.001956015592440963
7,16,16,1,decode,bfloat16,131072,1,1,2.0274453163146973,0.16184799671173095,31744,150994944,0.006898726802319288
7,16,16,1,decode,bfloat16,131072,8,1,2.0190399487813315,0.3405920028686523,246784,1207959552,0.006898726802319288
7,16,16,1,decode,bfloat16,131072,32,1,1.5715200106302898,0.9500255584716797,987136,4831838208,0.006898726802319288
7,16,16,1,prefill,bfloat16,131072,1,128,3.619317372639974,,1010139648,150994944,0.001956015592440963
7,16,16,1,prefill,bfloat16,131072,1,1024,4.297354698181152,,1023272448,150994944,0.001956015592440963
7,16,16,1,prefill,bfloat16,131072,1,8192,6.3002878824869795,,1119553024,150994944,0.001956015592440963
7,16,16,1,decode,bfloat16,524288,1,1,2.1039253870646157,0.24949278831481933,31744,603979776,0.006898726802319288
7,16,16,1,decode,bfloat16,524288,8,1,2.15665070215861,0.9076352119445801,246784,4831838208,0.006898726802319288
7,16,16,1,decode,bfloat16,524288,32,1,3.7084693908691406,3.4013137817382812,987136,19327352832,0.006898726802319288
7,16,16,1,prefill,bfloat16,524288,1,128,12.081066131591797,,1764125184,603979776,0.001956015592440963
7,16,16,1,prefill,bfloat16,524288,1,1024,13.675338745117188,,1776756224,603979776,0.001956015592440963
7,16,16,1,prefill,bfloat16,524288,1,8192,21.148863474527996,,1864697344,603979776,0.001956015592440963
7,16,16,1,decode,bfloat16,1048576,1,1,1.8205760320027669,0.3641455888748169,31744,1207959552,0.006898726802319288
7,16,16,1,decode,bfloat16,1048576,8,1,1.9552213350931804,1.6876176834106444,246784,9663676416,0.006898726802319288
7,16,16,1,decode,bfloat16,1048576,32,1,6.804821650187175,6.579158020019531,987136,38654705664,0.006898726802319288
7,16,16,1,prefill,bfloat16,1048576,1,128,22.609087626139324,,2368104960,1207959552,0.001956015592440963
7,16,16,1,prefill,bfloat16,1048576,1,1024,26.33978780110677,,2381260288,1207959552,0.001956015592440963
7,16,16,1,prefill,bfloat16,1048576,1,8192,40.721631368001304,,2468677120,1207959552,0.001956015592440963
7,16,8,2,decode,fp8_e4m3,1024,1,1,2.4719467163085938,0.09082880020141601,44032,589824,0.03501495346426964
7,16,8,2,decode,fp8_e4m3,1024,8,1,2.4334400494893393,0.09590240120887757,347136,4718592,0.03501495346426964
7,16,8,2,decode,fp8_e4m3,1024,32,1,1.8036692937215169,0.10904639959335327,1388544,18874368,0.03501495346426964
7,16,8,2,prefill,fp8_e4m3,1024,1,128,3.1949545542399087,,18824704,589824,0.008806233294308186
7,16,8,2,prefill,fp8_e4m3,1024,1,1024,1.2383360068003337,,39846912,589824,0.008806233294308186
7,16,8,2,decode,fp8_e4m3,8192,1,1,2.477205276489258,0.09583839774131775,44032,4718592,0.03501495346426964
7,16,8,2,decode,fp8_e4m3,8192,8,1,2.4477972984313965,0.11405600309371948,347136,37748736,0.03501495346426964
7,16,8,2,decode,fp8_e4m3,8192,32,1,1.5800213813781738,0.13373759984970093,1388544,150994944,0.03501495346426964
7,16,8,2,prefill,fp8_e4m3,8192,1,128,3.2217706044514975,,113786368,4718592,0.008806233294308186
7,16,8,2,prefill,fp8_e4m3,8192,1,1024,3.147125244140625,,140494336,4718592,0.008806233294308186
7,16,8,2,prefill,fp8_e4m3,8192,1,8192,1.9174399375915527,,304612352,4718592,0.008806233294308186
7,16,8,2,decode,fp8_e4m3,32768,1,1,2.3556693394978843,0.11367520093917846,44032,18874368,0.03501495346426964
7,16,8,2,decode,fp8_e4m3,32768,8,1,2.3771093686421714,0.13251359462738038,347136,150994944,0.03501495346426964
7,16,8,2,decode,fp8_e4m3,32768,32,1,1.1897599697113037,0.20165600776672363,1388544,603979776,0.03501495346426964
7,16,8,2,prefill,fp8_e4m3,32768,1,128,3.4222933451334634,,434945536,18874368,0.008806233294308186
7,16,8,2,prefill,fp8_e4m3,32768,1,1024,3.3543787002563477,,462407168,18874368,0.008806233294308186
7,16,8,2,prefill,fp8_e4m3,32768,1,8192,4.013290723164876,,662046208,18874368,0.008806233294308186
7,16,8,2,decode,fp8_e4m3,131072,1,1,2.373749256134033,0.12811039686203002,44032,75497472,0.03501495346426964
7,16,8,2,decode,fp8_e4m3,131072,8,1,2.2923733393351235,0.19749120473861695,347136,603979776,0.03501495346426964
7,16,8,2,decode,fp8_e4m3,131072,32,1,1.165994644165039,0.46149120330810545,1388544,2415919104,0.03501495346426964
7,16,8,2,prefill,fp8_e4m3,131072,1,128,4.890485445658366,,1718402560,75497472,0.008806233294308186
7,16,8,2,prefill,fp8_e4m3,131072,1,1024,5.2247358957926435,,1744815616,75497472,0.008806233294308186
7,16,8,2,prefill,fp8_e4m3,131072,1,8192,9.129194895426432,,1945503232,75497472,0.008806233294308186
7,16,8,2,decode,fp8_e4m3,524288,1,1,1.5447146097819011,0.16665600538253783,44032,301989888,0.03501495346426964
7,16,8,2,decode,fp8_e4m3,524288,8,1,2.4849279721577964,0.44512481689453126,347136,2415919104,0.03501495346426964
7,16,8,2,decode,fp8_e4m3,524288,32,1,2.1814932823181152,1.5185888290405274,1388544,9663676416,0.03501495346426964
7,16,8,2,prefill,fp8_e4m3,524288,1,128,15.684234619140625,,2773388800,301989888,0.008806233294308186
7,16,8,2,prefill,fp8_e4m3,524288,1,1024,17.391583760579426,,2795128320,301989888,0.008806233294308186
7,16,8,2,prefill,fp8_e4m3,524288,1,8192,32.24034118652344,,2973369856,301989888,0.008806233294308186
7,16,8,2,decode,fp8_e4m3,1048576,1,1,2.4210027058919272,0.2212831974029541,44032,603979776,0.03501495346426964
7,16,8,2,decode,fp8_e4m3,1048576,8,1,2.429738680521647,0.7767295837402344,347136,4831838208,0.03501495346426964
7,16,8,2,decode,fp8_e4m3,1048576,32,1,3.326826731363932,2.9829103469848635,1388544,19327352832,0.03501495346426964
7,16,8,2,prefill,fp8_e4m3,1048576,1,128,29.78558858235677,,3377368576,603979776,0.008806233294308186
7,16,8,2,prefill,fp8_e4m3,1048576,1,1024,33.40626017252604,,3399501312,603979776,0.008806233294308186
7,16,8,2,prefill,fp8_e4m3,1048576,1,8192,63.54290262858073,,3577349632,603979776,0.008806233294308186
7,16,8,2,decode,bfloat16,1024,1,1,2.3881492614746094,0.08869439959526063,43520,1179648,0.006444955710321665
7,16,8,2,decode,bfloat16,1024,8,1,2.393866697947184,0.09379519820213318,345088,9437184,0.006444955710321665
7,16,8,2,decode,bfloat16,1024,32,1,1.7887040774027507,0.10975359678268433,1380352,37748736,0.006444955710321665
7,16,8,2,prefill,bfloat16,1024,1,128,3.2870826721191406,,18824704,1179648,0.0047883158549666405
7,16,8,2,prefill,bfloat16,1024,1,1024,1.8711466789245605,,39846912,1179648,0.0047883158549666405
7,16,8,2,decode,bfloat16,8192,1,1,1.4385493596394856,0.09503999948501587,43520,9437184,0.006444955710321665
7,16,8,2,decode,bfloat16,8192,8,1,2.4388480186462402,0.11938240528106689,345088,75497472,0.006444955710321665
7,16,8,2,decode,bfloat16,8192,32,1,1.8347946802775066,0.16143840551376343,1380352,301989888,0.006444955710321665
7,16,8,2,prefill,bfloat16,8192,1,128,3.1163625717163086,,113786368,9437184,0.0047883158549666405
7,16,8,2,prefill,bfloat16,8192,1,1024,3.0517120361328125,,140494336,9437184,0.0047883158549666405
7,16,8,2,prefill,bfloat16,8192,1,8192,1.8753493626912434,,304612352,9437184,0.0047883158549666405
7,16,8,2,decode,bfloat16,32768,1,1,2.3456106185913086,0.11600639820098876,43520,37748736,0.006444955710321665
7,16,8,2,decode,bfloat16,32768,8,1,1.45634126663208,0.15653120279312133,345088,301989888,0.006444955710321665
7,16,8,2,decode,bfloat16,32768,32,1,1.559050718943278,0.3159503936767578,1380352,1207959552,0.006444955710321665
7,16,8,2,prefill,bfloat16,32768,1,128,3.412896156311035,,434945536,37748736,0.0047883158549666405
7,16,8,2,prefill,bfloat16,32768,1,1024,2.3812692960103354,,461882880,37748736,0.0047883158549666405
7,16,8,2,prefill,bfloat16,32768,1,8192,4.006421407063802,,663094784,37748736,0.0047883158549666405
7,16,8,2,decode,bfloat16,131072,1,1,2.040074666341146,0.13704639673233032,43520,150994944,0.006444955710321665
7,16,8,2,decode,bfloat16,131072,8,1,2.3768107096354165,0.3194175958633423,345088,1207959552,0.006444955710321665
7,16,8,2,decode,bfloat16,131072,32,1,1.8890560468037922,0.9292624473571778,1380352,4831838208,0.006444955710321665
7,16,8,2,prefill,bfloat16,131072,1,128,4.803327878316243,,1718402560,150994944,0.0047883158549666405
7,16,8,2,prefill,bfloat16,131072,1,1024,5.07041072845459,,1745339904,150994944,0.0047883158549666405
7,16,8,2,prefill,bfloat16,131072,1,8192,8.66864013671875,,1945503232,150994944,0.0047883158549666405
7,16,8,2,decode,bfloat16,524288,1,1,1.4781972567240398,0.22674720287322997,43520,603979776,0.006444955710321665
7,16,8,2,decode,bfloat16,524288,8,1,2.467199961344401,0.8845600128173828,345088,4831838208,0.006444955710321665
7,16,8,2,decode,bfloat16,524288,32,1,3.744906743367513,3.3818286895751952,1380352,19327352832,0.006444955710321665
7,16,8,2,prefill,bfloat16,524288,1,128,14.939168294270834,,2773388800,603979776,0.0047883158549666405
7,16,8,2,prefill,bfloat16,524288,1,1024,16.550997416178387,,2795521536,603979776,0.0047883158549666405
7,16,8,2,prefill,bfloat16,524288,1,8192,31.813034057617188,,2973369856,603979776,0.0047883158549666405
7,16,8,2,decode,bfloat16,1048576,1,1,2.170069376627604,0.3426640033721924,43520,1207959552,0.006444955710321665
7,16,8,2,decode,bfloat16,1048576,8,1,2.6336960792541504,1.6654512405395507,345088,9663676416,0.006444955710321665
7,16,8,2,decode,bfloat16,1048576,32,1,6.970666885375977,6.582663726806641,1380352,38654705664,0.006444955710321665
7,16,8,2,prefill,bfloat16,1048576,1,128,27.92274220784505,,3377368576,1207959552,0.0047883158549666405
7,16,8,2,prefill,bfloat16,1048576,1,1024,31.71656545003255,,3399501312,1207959552,0.0047883158549666405
7,16,8,2,prefill,bfloat16,1048576,1,8192,62.40898132324219,,3577349632,1207959552,0.0047883158549666405
7,16,4,4,decode,fp8_e4m3,1024,1,1,2.1197867393493652,0.10677759647369385,107520,589824,0.03481585159897804
7,16,4,4,decode,fp8_e4m3,1024,8,1,2.0860160191853843,0.10972800254821777,849920,4718592,0.03481585159897804
7,16,4,4,decode,fp8_e4m3,1024,32,1,1.8666879336039226,0.11563040018081665,3399680,18874368,0.03481585159897804
7,16,4,4,prefill,fp8_e4m3,1024,1,128,3.2159573237101235,,35698176,589824,0.008163205347955227
7,16,4,4,prefill,fp8_e4m3,1024,1,1024,1.8434027036031086,,63570944,589824,0.008163205347955227
7,16,4,4,decode,fp8_e4m3,8192,1,1,2.0674239794413247,0.11020159721374512,107520,4718592,0.03481585159897804
7,16,4,4,decode,fp8_e4m3,8192,8,1,2.037386735280355,0.11802079677581787,849920,37748736,0.03481585159897804
7,16,4,4,decode,fp8_e4m3,8192,32,1,1.8260052998860676,0.14720480442047118,3399680,150994944,0.03481585159897804
7,16,4,4,prefill,fp8_e4m3,8192,1,128,3.1627734502156577,,206616064,4718592,0.008163205347955227
7,16,4,4,prefill,fp8_e4m3,8192,1,1024,3.0206079483032227,,258573824,4718592,0.008163205347955227
7,16,4,4,prefill,fp8_e4m3,8192,1,8192,2.0779412587483725,,482870272,4718592,0.008163205347955227
7,16,4,4,decode,fp8_e4m3,32768,1,1,2.071434656778971,0.11750719547271729,107520,18874368,0.03481585159897804
7,16,4,4,decode,fp8_e4m3,32768,8,1,2.0710506439208984,0.14391520023345947,849920,150994944,0.03481585159897804
7,16,4,4,decode,fp8_e4m3,32768,32,1,1.6792747179667156,0.2521712064743042,3399680,603979776,0.03481585159897804
7,16,4,4,prefill,fp8_e4m3,32768,1,128,3.4652481079101562,,793441792,18874368,0.008163205347955227
7,16,4,4,prefill,fp8_e4m3,32768,1,1024,2.8225278854370117,,843941376,18874368,0.008163205347955227
7,16,4,4,prefill,fp8_e4m3,32768,1,8192,5.4133650461832685,,1257113088,18874368,0.008163205347955227
7,16,4,4,decode,fp8_e4m3,131072,1,1,1.321781317392985,0.13473600149154663,107520,75497472,0.03481585159897804
7,16,4,4,decode,fp8_e4m3,131072,8,1,1.365664005279541,0.2399888038635254,849920,603979776,0.03481585159897804
7,16,4,4,decode,fp8_e4m3,131072,32,1,1.7831679979960124,0.6611199855804444,3399680,2415919104,0.03481585159897804
7,16,4,4,prefill,fp8_e4m3,131072,1,128,6.163210550944011,,3134010880,75497472,0.008163205347955227
7,16,4,4,prefill,fp8_e4m3,131072,1,1024,6.576618830362956,,3183969792,75497472,0.008163205347955227
7,16,4,4,prefill,fp8_e4m3,131072,1,8192,16.281749725341797,,3597534720,75497472,0.008163205347955227
7,16,4,4,decode,fp8_e4m3,524288,1,1,1.9342719713846843,0.20104799270629883,107520,301989888,0.03481585159897804
7,16,4,4,decode,fp8_e4m3,524288,8,1,1.9582719802856445,0.6164031982421875,849920,2415919104,0.03481585159897804
7,16,4,4,decode,fp8_e4m3,524288,32,1,2.716287930806478,2.3614223480224608,3399680,9663676416,0.03481585159897804
7,16,4,4,prefill,fp8_e4m3,524288,1,128,21.023775736490887,,4791129600,301989888,0.008163205347955227
7,16,4,4,prefill,fp8_e4m3,524288,1,1024,22.973312377929688,,4835411456,301989888,0.008163205347955227
7,16,4,4,prefill,fp8_e4m3,524288,1,8192,61.30073547363281,,5191239168,301989888,0.008163205347955227
7,16,4,4,decode,fp8_e4m3,1048576,1,1,1.8164265950520833,0.2905951976776123,107520,603979776,0.03481585159897804
7,16,4,4,decode,fp8_e4m3,1048576,8,1,2.014282703399658,1.1157119750976563,849920,4831838208,0.03481585159897804
7,16,4,4,decode,fp8_e4m3,1048576,32,1,4.895648002624512,4.664713668823242,3399680,19327352832,0.03481585159897804
7,16,4,4,prefill,fp8_e4m3,1048576,1,128,40.62354024251302,,5395109376,603979776,0.008163205347955227
7,16,4,4,prefill,fp8_e4m3,1048576,1,1024,44.71563720703125,,5439391232,603979776,0.008163205347955227
7,16,4,4,prefill,fp8_e4m3,1048576,1,8192,121.37530517578125,,5795218944,603979776,0.008163205347955227
7,16,4,4,decode,bfloat16,1024,1,1,1.8303252855936687,0.10315680503845215,112128,1179648,0.005524782929569483
7,16,4,4,decode,bfloat16,1024,8,1,1.8188692728678386,0.10524959564208984,886784,9437184,0.005524782929569483
7,16,4,4,decode,bfloat16,1024,32,1,1.6671679814656575,0.11767840385437012,3547136,37748736,0.005524782929569483
7,16,4,4,prefill,bfloat16,1024,1,128,2.9290027618408203,,36746752,1179648,0.003520854515954852
7,16,4,4,prefill,bfloat16,1024,1,1024,1.7008105913798015,,63833088,1179648,0.003520854515954852
7,16,4,4,decode,bfloat16,8192,1,1,1.8799039522806804,0.10841439962387085,112128,9437184,0.005524782929569483
7,16,4,4,decode,bfloat16,8192,8,1,1.8733545939127605,0.12340799570083619,886784,75497472,0.005524782929569483
7,16,4,4,decode,bfloat16,8192,32,1,1.7063786188761394,0.18366559743881225,3547136,301989888,0.005524782929569483
7,16,4,4,prefill,bfloat16,8192,1,128,3.0695788065592446,,207402496,9437184,0.003520854515954852
7,16,4,4,prefill,bfloat16,8192,1,1024,3.01910400390625,,258442752,9437184,0.003520854515954852
7,16,4,4,prefill,bfloat16,8192,1,8192,2.011338710784912,,482739200,9437184,0.003520854515954852
7,16,4,4,decode,bfloat16,32768,1,1,1.9543147087097168,0.11920640468597413,112128,37748736,0.005524782929569483
7,16,4,4,decode,bfloat16,32768,8,1,1.6875093777974446,0.1795375943183899,886784,301989888,0.005524782929569483
7,16,4,4,decode,bfloat16,32768,32,1,1.5687360763549805,0.4113440036773682,3547136,1207959552,0.005524782929569483
7,16,4,4,prefill,bfloat16,32768,1,128,3.4543253580729165,,793982464,37748736,0.003520854515954852
7,16,4,4,prefill,bfloat16,32768,1,1024,3.3679787317911782,,843548160,37748736,0.003520854515954852
7,16,4,4,prefill,bfloat16,32768,1,8192,5.669951756795247,,1257113088,37748736,0.003520854515954852
7,16,4,4,decode,bfloat16,131072,1,1,1.8250667254130046,0.15612319707870484,112128,150994944,0.005524782929569483
7,16,4,4,decode,bfloat16,131072,8,1,1.857375939687093,0.3865312099456787,886784,1207959552,0.005524782929569483
7,16,4,4,decode,bfloat16,131072,32,1,1.91593599319458,1.3181568145751954,3547136,4831838208,0.005524782929569483
7,16,4,4,prefill,bfloat16,131072,1,128,5.990496317545573,,3134010880,150994944,0.003520854515954852
7,16,4,4,prefill,bfloat16,131072,1,1024,6.0868479410807295,,3183838720,150994944,0.003520854515954852
7,16,4,4,prefill,bfloat16,131072,1,8192,16.117450714111328,,3597927936,150994944,0.003520854515954852
7,16,4,4,decode,bfloat16,524288,1,1,1.931594689687093,0.30296480655670166,112128,603979776,0.005524782929569483
7,16,4,4,decode,bfloat16,524288,8,1,2.1247679392496743,1.2234383583068849,886784,4831838208,0.005524782929569483
7,16,4,4,decode,bfloat16,524288,32,1,5.357738494873047,4.947504043579102,3547136,19327352832,0.005524782929569483
7,16,4,4,prefill,bfloat16,524288,1,128,20.427679697672527,,4791129600,603979776,0.003520854515954852
7,16,4,4,prefill,bfloat16,524288,1,1024,22.212875366210938,,4835280384,603979776,0.003520854515954852
7,16,4,4,prefill,bfloat16,524288,1,8192,61.0343983968099,,5191239168,603979776,0.003520854515954852
7,16,4,4,decode,bfloat16,1048576,1,1,1.8694933255513508,0.496827220916748,112128,1207959552,0.005524782929569483
7,16,4,4,decode,bfloat16,1048576,8,1,2.7659200032552085,2.331262397766113,886784,9663676416,0.005524782929569483
7,16,4,4,decode,bfloat16,1048576,32,1,10.142122904459635,9.812910461425782,3547136,38654705664,0.005524782929569483
7,16,4,4,prefill,bfloat16,1048576,1,128,39.369728088378906,,5395109376,1207959552,0.003520854515954852
7,16,4,4,prefill,bfloat16,1048576,1,1024,43.45027160644531,,5439260160,1207959552,0.003520854515954852
7,16,4,4,prefill,bfloat16,1048576,1,8192,123.01523844401042,,5795218944,1207959552,0.003520854515954852
7,16,2,8,decode,fp8_e4m3,1024,1,1,1.3060373465220134,0.10499999523162842,161280,589824,0.03470971807837486
7,16,2,8,decode,fp8_e4m3,1024,8,1,1.292202631632487,0.10878560543060303,1287168,4718592,0.03470971807837486
7,16,2,8,decode,fp8_e4m3,1024,32,1,1.1662933031717937,0.12215199470520019,6000640,18874368,0.03470971807837486
7,16,2,8,prefill,fp8_e4m3,1024,1,128,1.9704640706380208,,70624768,589824,0.0075984555296599865
7,16,2,8,prefill,fp8_e4m3,1024,1,1024,1.097493330637614,,110232576,589824,0.0075984555296599865
7,16,2,8,decode,fp8_e4m3,8192,1,1,1.3015573024749756,0.11028640270233155,161280,4718592,0.03470971807837486
7,16,2,8,decode,fp8_e4m3,8192,8,1,1.293386697769165,0.11982239484786987,1287168,37748736,0.03470971807837486
7,16,2,8,decode,fp8_e4m3,8192,32,1,1.1471253236134846,0.14687039852142333,6000640,150994944,0.03470971807837486
7,16,2,8,prefill,fp8_e4m3,8192,1,128,2.2494613329569497,,393676288,4718592,0.0075984555296599865
7,16,2,8,prefill,fp8_e4m3,8192,1,1024,2.197173277537028,,496961024,4718592,0.0075984555296599865
7,16,2,8,prefill,fp8_e4m3,8192,1,8192,2.789621353149414,,837813248,4718592,0.0075984555296599865
7,16,2,8,decode,fp8_e4m3,32768,1,1,1.2843519846598308,0.11837120056152343,161280,18874368,0.03470971807837486
7,16,2,8,decode,fp8_e4m3,32768,8,1,1.259552001953125,0.13753919601440429,1287168,150994944,0.03470971807837486
7,16,2,8,decode,fp8_e4m3,32768,32,1,1.140074650446574,0.23291199207305907,6000640,603979776,0.03470971807837486
7,16,2,8,prefill,fp8_e4m3,32768,1,128,3.2515201568603516,,1507075584,18874368,0.0075984555296599865
7,16,2,8,prefill,fp8_e4m3,32768,1,1024,3.680800120035807,,1610417664,18874368,0.0075984555296599865
7,16,2,8,prefill,fp8_e4m3,32768,1,8192,8.84293301900228,,2448557568,18874368,0.0075984555296599865
7,16,2,8,decode,fp8_e4m3,131072,1,1,1.290005366007487,0.1364560008049011,161280,75497472,0.03470971807837486
7,16,2,8,decode,fp8_e4m3,131072,8,1,1.2916373411814372,0.21658720970153808,1287168,603979776,0.03470971807837486
7,16,2,8,decode,fp8_e4m3,131072,32,1,1.1496106783548992,0.5611455917358399,6000640,2415919104,0.03470971807837486
7,16,2,8,prefill,fp8_e4m3,131072,1,128,8.467434565226236,,5962081792,75497472,0.0075984555296599865
7,16,2,8,prefill,fp8_e4m3,131072,1,1024,11.006251017252604,,6064768512,75497472,0.0075984555296599865
7,16,2,8,prefill,fp8_e4m3,131072,1,8192,28.63538106282552,,6902777344,75497472,0.0075984555296599865
7,16,2,8,decode,fp8_e4m3,524288,1,1,1.2617599964141846,0.19061919450759887,161280,301989888,0.03470971807837486
7,16,2,8,decode,fp8_e4m3,524288,8,1,1.2861013412475586,0.5200975894927978,1287168,2415919104,0.03470971807837486
7,16,2,8,decode,fp8_e4m3,524288,32,1,2.102037270863851,1.9576032638549805,6000640,9663676416,0.03470971807837486
7,16,2,8,prefill,fp8_e4m3,524288,1,128,31.604939778645832,,8828315136,301989888,0.0075984555296599865
7,16,2,8,prefill,fp8_e4m3,524288,1,1024,41.44103495279948,,8915584512,301989888,0.0075984555296599865
7,16,2,8,prefill,fp8_e4m3,524288,1,8192,114.34778849283855,,9626584576,301989888,0.0075984555296599865
7,16,2,8,decode,fp8_e4m3,1048576,1,1,1.2825173536936443,0.26231200695037843,161280,603979776,0.03470971807837486
7,16,2,8,decode,fp8_e4m3,1048576,8,1,1.4102613131205242,0.9181504249572754,1287168,4831838208,0.03470971807837486
7,16,2,8,decode,fp8_e4m3,1048576,32,1,3.8700908025105796,4.09905776977539,5148672,19327352832,0.03470971807837486
7,16,2,8,prefill,fp8_e4m3,1048576,1,128,62.343424479166664,,9431377408,603979776,0.0075984555296599865
7,16,2,8,prefill,fp8_e4m3,1048576,1,1024,82.0698750813802,,9519564288,603979776,0.0075984555296599865
7,16,2,8,prefill,fp8_e4m3,1048576,1,8192,227.10443115234375,,10229515776,603979776,0.0075984555296599865
7,16,2,8,decode,bfloat16,1024,1,1,1.2110079924265544,0.1024880051612854,139776,1179648,0.004783360753208399
7,16,2,8,decode,bfloat16,1024,8,1,1.223082701365153,0.10669759511947632,1115136,9437184,0.004783360753208399
7,16,2,8,decode,bfloat16,1024,32,1,1.073472023010254,0.1255552053451538,5312512,37748736,0.004783360753208399
7,16,2,8,prefill,bfloat16,1024,1,128,1.8530133565266926,,69576192,1179648,0.001843483536504209
7,16,2,8,prefill,bfloat16,1024,1,1024,1.0269653002421062,,110494720,1179648,0.001843483536504209
7,16,2,8,decode,bfloat16,8192,1,1,1.2241919835408528,0.10868320465087891,139776,9437184,0.004783360753208399
7,16,2,8,decode,bfloat16,8192,8,1,1.2554773489634197,0.12177280187606812,1115136,75497472,0.004783360753208399
7,16,2,8,decode,bfloat16,8192,32,1,1.082762638727824,0.16794240474700928,5312512,301989888,0.004783360753208399
7,16,2,8,prefill,bfloat16,8192,1,128,2.1098453203837075,,393733632,9437184,0.001843483536504209
7,16,2,8,prefill,bfloat16,8192,1,1024,2.08134396870931,,496961024,9437184,0.001843483536504209
7,16,2,8,prefill,bfloat16,8192,1,8192,2.7753171920776367,,838206464,9437184,0.001843483536504209
7,16,2,8,decode,bfloat16,32768,1,1,1.2181013425191243,0.12258399724960327,139776,37748736,0.004783360753208399
7,16,2,8,decode,bfloat16,32768,8,1,1.2354453404744465,0.157750403881073,1115136,301989888,0.004783360753208399
7,16,2,8,decode,bfloat16,32768,32,1,1.0815253257751465,0.3220479965209961,5312512,1207959552,0.004783360753208399
7,16,2,8,prefill,bfloat16,32768,1,128,3.2015253702799478,,1507730944,37748736,0.001843483536504209
7,16,2,8,prefill,bfloat16,32768,1,1024,3.651498794555664,,1610417664,37748736,0.001843483536504209
7,16,2,8,prefill,bfloat16,32768,1,8192,8.752864201863607,,2449475072,37748736,0.001843483536504209
7,16,2,8,decode,bfloat16,131072,1,1,1.2173226674397786,0.14238719940185546,139776,150994944,0.004783360753208399
7,16,2,8,decode,bfloat16,131072,8,1,1.267317295074463,0.32930240631103513,1115136,1207959552,0.004783360753208399
7,16,2,8,decode,bfloat16,131072,32,1,1.262442668279012,0.949839973449707,5312512,4831838208,0.004783360753208399
7,16,2,8,prefill,bfloat16,131072,1,128,8.307637532552084,,5962081792,150994944,0.001843483536504209
7,16,2,8,prefill,bfloat16,131072,1,1024,10.843114217122396,,6064768512,150994944,0.001843483536504209
7,16,2,8,prefill,bfloat16,131072,1,8192,28.728116353352863,,6902777344,150994944,0.001843483536504209
7,16,2,8,decode,bfloat16,524288,1,1,1.2511680126190186,0.2353600025177002,139776,603979776,0.004783360753208399
7,16,2,8,decode,bfloat16,524288,8,1,1.3692053159077961,0.9095999717712402,1115136,4831838208,0.004783360753208399
7,16,2,8,decode,bfloat16,524288,32,1,3.688927968343099,3.6588417053222657,5312512,19327352832,0.004783360753208399
7,16,2,8,prefill,bfloat16,524288,1,128,30.900105794270832,,8828315136,603979776,0.001843483536504209
7,16,2,8,prefill,bfloat16,524288,1,1024,40.83570098876953,,8915584512,603979776,0.001843483536504209
7,16,2,8,prefill,bfloat16,524288,1,8192,114.74234008789062,,9626584576,603979776,0.001843483536504209
7,16,2,8,decode,bfloat16,1048576,1,1,1.2677226861317952,0.35922400951385497,139776,1207959552,0.004783360753208399
7,16,2,8,decode,bfloat16,1048576,8,1,1.9541014035542805,1.7466720581054687,1115136,9663676416,0.004783360753208399
7,16,2,8,decode,bfloat16,1048576,32,1,7.00925890604655,7.310935974121094,4460544,38654705664,0.004783360753208399
7,16,2,8,prefill,bfloat16,1048576,1,128,61.1274668375651,,9431377408,1207959552,0.001843483536504209
7,16,2,8,prefill,bfloat16,1048576,1,1024,80.84230550130208,,9519564288,1207959552,0.001843483536504209
7,16,2,8,prefill,bfloat16,1048576,1,8192,229.0602010091146,,10230564352,1207959552,0.001843483536504209
7,16,1,16,decode,fp8_e4m3,1024,1,1,1.025930643081665,0.12782399654388427,317952,589824,0.034656696021556854
7,16,1,16,decode,fp8_e4m3,1024,8,1,1.0368320147196453,0.13112159967422485,2540544,4718592,0.034656696021556854
8,16,16,1,decode,fp8_e4m3,1024,1,1,2.0590720176696777,0.11294399499893189,31744,589824,0.03509664535522461
8,16,16,1,decode,fp8_e4m3,1024,8,1,1.9979413350423176,0.1046288013458252,246784,4718592,0.03509664535522461
8,16,16,1,decode,fp8_e4m3,1024,32,1,1.6846292813618977,0.1158687949180603,987136,18874368,0.03509664535522461
8,16,16,1,prefill,fp8_e4m3,1024,1,128,2.9561599095662436,,11076096,589824,0.0076119983568787575
8,16,16,1,prefill,fp8_e4m3,1024,1,1024,1.709269364674886,,29361152,589824,0.0076119983568787575
8,16,16,1,decode,fp8_e4m3,8192,1,1,1.978549321492513,0.11395519971847534,31744,4718592,0.03509664535522461
8,16,16,1,decode,fp8_e4m3,8192,8,1,1.7418986956278484,0.11783360242843628,246784,37748736,0.03509664535522461
8,16,16,1,decode,fp8_e4m3,8192,32,1,1.7184747060139973,0.15840480327606202,987136,150994944,0.03509664535522461
8,16,16,1,prefill,fp8_e4m3,8192,1,128,2.9655679066975913,,65438208,4718592,0.0076119983568787575
8,16,16,1,prefill,fp8_e4m3,8192,1,1024,2.542261282602946,,80209408,4718592,0.0076119983568787575
8,16,16,1,prefill,fp8_e4m3,8192,1,8192,1.693951924641927,,215745536,4718592,0.0076119983568787575
8,16,16,1,decode,fp8_e4m3,32768,1,1,1.8816852569580078,0.1281440019607544,31744,18874368,0.03509664535522461
8,16,16,1,decode,fp8_e4m3,32768,8,1,1.94650665918986,0.15665600299835206,246784,150994944,0.03509664535522461
8,16,16,1,decode,fp8_e4m3,32768,32,1,1.6476586659749348,0.227292799949646,987136,603979776,0.03509664535522461
8,16,16,1,prefill,fp8_e4m3,32768,1,128,3.012511889139811,,254820864,18874368,0.0076119983568787575
8,16,16,1,prefill,fp8_e4m3,32768,1,1024,2.9855785369873047,,268297728,18874368,0.0076119983568787575
8,16,16,1,prefill,fp8_e4m3,32768,1,8192,3.199125289916992,,363529728,18874368,0.0076119983568787575
8,16,16,1,decode,fp8_e4m3,131072,1,1,1.990613301595052,0.1509343981742859,31744,75497472,0.03509664535522461
8,16,16,1,decode,fp8_e4m3,131072,8,1,2.0145066579182944,0.22111520767211915,246784,603979776,0.03509664535522461
8,16,16,1,decode,fp8_e4m3,131072,32,1,1.7179412841796875,0.48956961631774903,987136,2415919104,0.03509664535522461
8,16,16,1,prefill,fp8_e4m3,131072,1,128,4.055541356404622,,1010139648,75497472,0.0076119983568787575
8,16,16,1,prefill,fp8_e4m3,131072,1,1024,4.467445373535156,,1021568512,75497472,0.0076119983568787575
8,16,16,1,prefill,fp8_e4m3,131072,1,8192,6.525290807088216,,1119553024,75497472,0.0076119983568787575
8,16,16,1,decode,fp8_e4m3,524288,1,1,2.0596159299214682,0.19027359485626222,31744,301989888,0.03509664535522461
8,16,16,1,decode,fp8_e4m3,524288,8,1,2.054389317830404,0.467299222946167,246784,2415919104,0.03509664535522461
8,16,16,1,decode,fp8_e4m3,524288,32,1,2.1186985969543457,1.5405887603759765,987136,9663676416,0.03509664535522461
8,16,16,1,prefill,fp8_e4m3,524288,1,128,12.712874094645182,,1764125184,301989888,0.0076119983568787575
8,16,16,1,prefill,fp8_e4m3,524288,1,1024,14.335199991861979,,1776756224,301989888,0.0076119983568787575
8,16,16,1,prefill,fp8_e4m3,524288,1,8192,21.809099833170574,,1864697344,301989888,0.0076119983568787575
8,16,16,1,decode,fp8_e4m3,1048576,1,1,2.1124800046284995,0.24452319145202636,31744,603979776,0.03509664535522461
8,16,16,1,decode,fp8_e4m3,1048576,8,1,2.0966293017069497,0.8033344268798828,246784,4831838208,0.03509664535522461
8,16,16,1,decode,fp8_e4m3,1048576,32,1,3.347402572631836,2.9627599716186523,987136,19327352832,0.03509664535522461
8,16,16,1,prefill,fp8_e4m3,1048576,1,128,24.0208002726237,,2368104960,603979776,0.0076119983568787575
8,16,16,1,prefill,fp8_e4m3,1048576,1,1024,27.565269470214844,,2381260288,603979776,0.0076119983568787575
8,16,16,1,prefill,fp8_e4m3,1048576,1,8192,42.219530741373696,,2468677120,603979776,0.0076119983568787575
8,16,16,1,decode,bfloat16,1024,1,1,1.9937920570373535,0.1067039966583252,31744,1179648,0.006898726802319288
8,16,16,1,decode,bfloat16,1024,8,1,1.713322639465332,0.10239839553833008,246784,9437184,0.006898726802319288
8,16,16,1,decode,bfloat16,1024,32,1,1.6667413711547852,0.134441602230072,987136,37748736,0.006898726802319288
8,16,16,1,prefill,bfloat16,1024,1,128,3.0796693166097007,,11272704,1179648,0.001956015592440963
8,16,16,1,prefill,bfloat16,1024,1,1024,1.7336319287618,,28967936,1179648,0.001956015592440963
8,16,16,1,decode,bfloat16,8192,1,1,2.0293866793314614,0.11238720417022705,31744,9437184,0.006898726802319288
8,16,16,1,decode,bfloat16,8192,8,1,1.9251093864440918,0.14244320392608642,246784,75497472,0.006898726802319288
8,16,16,1,decode,bfloat16,8192,32,1,1.6479253768920898,0.1861583948135376,987136,301989888,0.006898726802319288
8,16,16,1,prefill,bfloat16,8192,1,128,3.06553586324056,,65438208,9437184,0.001956015592440963
8,16,16,1,prefill,bfloat16,8192,1,1024,2.97708797454834,,79554048,9437184,0.001956015592440963
8,16,16,1,prefill,bfloat16,8192,1,8192,1.8153066635131836,,215745536,9437184,0.001956015592440963
8,16,16,1,decode,bfloat16,32768,1,1,1.9956159591674805,0.13731679916381836,31744,37748736,0.006898726802319288
8,16,16,1,decode,bfloat16,32768,8,1,1.9802346229553223,0.17962080240249634,246784,301989888,0.006898726802319288
8,16,16,1,decode,bfloat16,32768,32,1,1.6774400075276692,0.3398224115371704,987136,1207959552,0.006898726802319288
8,16,16,1,prefill,bfloat16,32768,1,128,3.174901326497396,,254820864,37748736,0.001956015592440963
8,16,16,1,prefill,bfloat16,32768,1,1024,3.096757253011068,,268297728,37748736,0.001956015592440963
8,16,16,1,prefill,bfloat16,32768,1,8192,3.0670293172200522,,363529728,37748736,0.001956015592440963
8,16,16,1,decode,bfloat16,131072,1,1,2.0276907285054526,0.16181279420852662,31744,150994944,0.006898726802319288
8,16,16,1,decode,bfloat16,131072,8,1,2.0187412897745767,0.3399904012680054,246784,1207959552,0.006898726802319288
8,16,16,1,decode,bfloat16,131072,32,1,1.5717439651489258,0.9496720314025879,987136,4831838208,0.006898726802319288
8,16,16,1,prefill,bfloat16,131072,1,128,3.614357312520345,,1010139648,150994944,0.001956015592440963
8,16,16,1,prefill,bfloat16,131072,1,1024,4.293525377909343,,1023272448,150994944,0.001956015592440963
8,16,16,1,prefill,bfloat16,131072,1,8192,6.299754460652669,,1119553024,150994944,0.001956015592440963
8,16,16,1,decode,bfloat16,524288,1,1,2.1017600695292153,0.24952960014343262,31744,603979776,0.006898726802319288
8,16,16,1,decode,bfloat16,524288,8,1,2.1558826764424643,0.9077743530273438,246784,4831838208,0.006898726802319288
8,16,16,1,decode,bfloat16,524288,32,1,3.7090028127034507,3.400950241088867,987136,19327352832,0.006898726802319288
8,16,16,1,prefill,bfloat16,524288,1,128,12.07582982381185,,1764125184,603979776,0.001956015592440963
8,16,16,1,prefill,bfloat16,524288,1,1024,13.6681276957194,,1776756224,603979776,0.001956015592440963
8,16,16,1,prefill,bfloat16,524288,1,8192,21.144149780273438,,1864697344,603979776,0.001956015592440963
8,16,16,1,decode,bfloat16,1048576,1,1,1.8198933601379395,0.36398398876190186,31744,1207959552,0.006898726802319288
8,16,16,1,decode,bfloat16,1048576,8,1,1.9543466567993164,1.6876399993896485,246784,9663676416,0.006898726802319288
8,16,16,1,decode,bfloat16,1048576,32,1,6.800885518391927,6.578376007080078,987136,38654705664,0.006898726802319288
8,16,16,1,prefill,bfloat16,1048576,1,128,22.606516520182293,,2368104960,1207959552,0.001956015592440963
8,16,16,1,prefill,bfloat16,1048576,1,1024,26.333897908528645,,2381260288,1207959552,0.001956015592440963
8,16,16,1,prefill,bfloat16,1048576,1,8192,40.715797424316406,,2468677120,1207959552,0.001956015592440963
8,16,8,2,decode,fp8_e4m3,1024,1,1,1.898911952972412,0.09250400066375733,44032,589824,0.03501495346426964
8,16,8,2,decode,fp8_e4m3,1024,8,1,1.7936426798502605,0.0968400001525879,347136,4718592,0.03501495346426964
8,16,8,2,decode,fp8_e4m3,1024,32,1,1.4418452580769856,0.10921920537948608,1388544,18874368,0.03501495346426964
8,16,8,2,prefill,fp8_e4m3,1024,1,128,2.7213331858317056,,18824704,589824,0.008806233294308186
8,16,8,2,prefill,fp8_e4m3,1024,1,1024,1.165002663930257,,39846912,589824,0.008806233294308186
8,16,8,2,decode,fp8_e4m3,8192,1,1,1.8570559819539387,0.09698240160942077,44032,4718592,0.03501495346426964
8,16,8,2,decode,fp8_e4m3,8192,8,1,1.468608061472575,0.11386719942092896,347136,37748736,0.03501495346426964
8,16,8,2,decode,fp8_e4m3,8192,32,1,1.0595839818318684,0.13428640365600586,1388544,150994944,0.03501495346426964
8,16,8,2,prefill,fp8_e4m3,8192,1,128,2.5048960049947104,,113786368,4718592,0.008806233294308186
8,16,8,2,prefill,fp8_e4m3,8192,1,1024,2.0355520248413086,,140494336,4718592,0.008806233294308186
8,16,8,2,prefill,fp8_e4m3,8192,1,8192,1.4826666514078777,,304612352,4718592,0.008806233294308186
8,16,8,2,decode,fp8_e4m3,32768,1,1,1.864533265431722,0.11387039422988891,44032,18874368,0.03501495346426964
8,16,8,2,decode,fp8_e4m3,32768,8,1,1.480511983235677,0.13276959657669068,347136,150994944,0.03501495346426964
8,16,8,2,decode,fp8_e4m3,32768,32,1,1.4218346277872722,0.20280001163482667,1388544,603979776,0.03501495346426964
8,16,8,2,prefill,fp8_e4m3,32768,1,128,2.3205439249674478,,434945536,18874368,0.008806233294308186
8,16,8,2,prefill,fp8_e4m3,32768,1,1024,3.0166187286376953,,462407168,18874368,0.008806233294308186
8,16,8,2,prefill,fp8_e4m3,32768,1,8192,3.8455146153767905,,662046208,18874368,0.008806233294308186
8,16,8,2,decode,fp8_e4m3,131072,1,1,1.4254719416300456,0.12893760204315186,44032,75497472,0.03501495346426964
8,16,8,2,decode,fp8_e4m3,131072,8,1,1.445365269978841,0.1978976011276245,347136,603979776,0.03501495346426964
8,16,8,2,decode,fp8_e4m3,131072,32,1,1.4206080436706543,0.4624623775482178,1388544,2415919104,0.03501495346426964
8,16,8,2,prefill,fp8_e4m3,131072,1,128,4.189589182535808,,1718402560,75497472,0.008806233294308186
8,16,8,2,prefill,fp8_e4m3,131072,1,1024,4.7777706782023115,,1744815616,75497472,0.008806233294308186
8,16,8,2,prefill,fp8_e4m3,131072,1,8192,8.769695917765299,,1945503232,75497472,0.008806233294308186
8,16,8,2,decode,fp8_e4m3,524288,1,1,1.4470399220784504,0.1672976016998291,44032,301989888,0.03501495346426964
8,16,8,2,decode,fp8_e4m3,524288,8,1,1.4722986221313477,0.44620962142944337,347136,2415919104,0.03501495346426964
8,16,8,2,decode,fp8_e4m3,524288,32,1,1.885738690694173,1.5184271812438965,1388544,9663676416,0.03501495346426964
8,16,8,2,prefill,fp8_e4m3,524288,1,128,15.299616495768229,,2773388800,301989888,0.008806233294308186
8,16,8,2,prefill,fp8_e4m3,524288,1,1024,17.15298080444336,,2795128320,301989888,0.008806233294308186
8,16,8,2,prefill,fp8_e4m3,524288,1,8192,32.19262949625651,,2973369856,301989888,0.008806233294308186
8,16,8,2,decode,fp8_e4m3,1048576,1,1,1.9981226921081543,0.2224575996398926,44032,603979776,0.03501495346426964
8,16,8,2,decode,fp8_e4m3,1048576,8,1,1.94158935546875,0.7776303768157959,347136,4831838208,0.03501495346426964
8,16,8,2,decode,fp8_e4m3,1048576,32,1,3.270421346028646,2.9852224349975587,1388544,19327352832,0.03501495346426964
8,16,8,2,prefill,fp8_e4m3,1048576,1,128,29.470560709635418,,3377368576,603979776,0.008806233294308186
8,16,8,2,prefill,fp8_e4m3,1048576,1,1024,33.35055033365885,,3399501312,603979776,0.008806233294308186
8,16,8,2,prefill,fp8_e4m3,1048576,1,8192,63.36890665690104,,3577349632,603979776,0.008806233294308186
8,16,8,2,decode,bfloat16,1024,1,1,1.9077013333638508,0.0894927978515625,43520,1179648,0.006444955710321665
8,16,8,2,decode,bfloat16,1024,8,1,1.9399147033691406,0.09484480023384094,345088,9437184,0.006444955710321665
8,16,8,2,decode,bfloat16,1024,32,1,1.4469760258992512,0.11032799482345582,1380352,37748736,0.006444955710321665
8,16,8,2,prefill,bfloat16,1024,1,128,2.730431874593099,,18824704,1179648,0.0047883158549666405
8,16,8,2,prefill,bfloat16,1024,1,1024,1.5342079798380535,,39846912,1179648,0.0047883158549666405
8,16,8,2,decode,bfloat16,8192,1,1,2.0625386238098145,0.09461600184440613,43520,9437184,0.006444955710321665
8,16,8,2,decode,bfloat16,8192,8,1,2.10152530670166,0.1199023962020874,345088,75497472,0.006444955710321665
8,16,8,2,decode,bfloat16,8192,32,1,1.6040852864583333,0.1611456036567688,1380352,301989888,0.006444955710321665
8,16,8,2,prefill,bfloat16,8192,1,128,3.003328005472819,,113786368,9437184,0.0047883158549666405
8,16,8,2,prefill,bfloat16,8192,1,1024,2.847423871358236,,140494336,9437184,0.0047883158549666405
8,16,8,2,prefill,bfloat16,8192,1,8192,1.4549652735392253,,304612352,9437184,0.0047883158549666405
8,16,8,2,decode,bfloat16,32768,1,1,2.0180479685465493,0.11615359783172607,43520,37748736,0.006444955710321665
8,16,8,2,decode,bfloat16,32768,8,1,1.4159040451049805,0.15721919536590576,345088,301989888,0.006444955710321665
8,16,8,2,decode,bfloat16,32768,32,1,1.525386651357015,0.3157552003860474,1380352,1207959552,0.006444955710321665
8,16,8,2,prefill,bfloat16,32768,1,128,3.0667413075764975,,434945536,37748736,0.0047883158549666405
8,16,8,2,prefill,bfloat16,32768,1,1024,2.2239039738972983,,461882880,37748736,0.0047883158549666405
8,16,8,2,prefill,bfloat16,32768,1,8192,3.8343785603841147,,663094784,37748736,0.0047883158549666405
8,16,8,2,decode,bfloat16,131072,1,1,2.092672030131022,0.1378335952758789,43520,150994944,0.006444955710321665
8,16,8,2,decode,bfloat16,131072,8,1,1.8456320762634277,0.3203520059585571,345088,1207959552,0.006444955710321665
8,16,8,2,decode,bfloat16,131072,32,1,1.5224000612894695,0.9285216331481934,1380352,4831838208,0.006444955710321665
8,16,8,2,prefill,bfloat16,131072,1,128,4.500725428263347,,1718402560,150994944,0.0047883158549666405
8,16,8,2,prefill,bfloat16,131072,1,1024,4.863295873006185,,1745339904,150994944,0.0047883158549666405
8,16,8,2,prefill,bfloat16,131072,1,8192,8.830026626586914,,1945503232,150994944,0.0047883158549666405
8,16,8,2,decode,bfloat16,524288,1,1,1.4210774103800456,0.22710878849029542,43520,603979776,0.006444955710321665
8,16,8,2,decode,bfloat16,524288,8,1,2.169066588083903,0.8855855941772461,345088,4831838208,0.006444955710321665
8,16,8,2,decode,bfloat16,524288,32,1,3.619253476460775,3.3807968139648437,1380352,19327352832,0.006444955710321665
8,16,8,2,prefill,bfloat16,524288,1,128,14.193002065022787,,2773388800,603979776,0.0047883158549666405
8,16,8,2,prefill,bfloat16,524288,1,1024,16.49905014038086,,2795521536,603979776,0.0047883158549666405
8,16,8,2,prefill,bfloat16,524288,1,8192,31.614293416341145,,2973369856,603979776,0.0047883158549666405
8,16,8,2,decode,bfloat16,1048576,1,1,2.17030398050944,0.3441936016082764,43520,1207959552,0.006444955710321665
8,16,8,2,decode,bfloat16,1048576,8,1,2.4829333623250327,1.6613456726074218,345088,9663676416,0.006444955710321665
8,16,8,2,decode,bfloat16,1048576,32,1,6.9399464925130205,6.5872352600097654,1380352,38654705664,0.006444955710321665
8,16,8,2,prefill,bfloat16,1048576,1,128,27.983477274576824,,3377368576,1207959552,0.0047883158549666405
8,16,8,2,prefill,bfloat16,1048576,1,1024,31.805333455403645,,3399501312,1207959552,0.0047883158549666405
8,16,8,2,prefill,bfloat16,1048576,1,8192,62.08586629231771,,3577349632,1207959552,0.0047883158549666405
8,16,4,4,decode,fp8_e4m3,1024,1,1,1.4304745992024739,0.10519520044326783,107520,589824,0.03481585159897804
8,16,4,4,decode,fp8_e4m3,1024,8,1,1.5060373942057292,0.10837279558181763,849920,4718592,0.03481585159897804
8,16,4,4,decode,fp8_e4m3,1024,32,1,1.3902293841044109,0.11506719589233398,3399680,18874368,0.03481585159897804
8,16,4,4,prefill,fp8_e4m3,1024,1,128,2.407637278238932,,35698176,589824,0.008163205347955227
8,16,4,4,prefill,fp8_e4m3,1024,1,1024,1.359829266866048,,63570944,589824,0.008163205347955227
8,16,4,4,decode,fp8_e4m3,8192,1,1,1.517621358235677,0.11004960536956787,107520,4718592,0.03481585159897804
8,16,4,4,decode,fp8_e4m3,8192,8,1,1.5512000719706218,0.11841919422149658,849920,37748736,0.03481585159897804
8,16,4,4,decode,fp8_e4m3,8192,32,1,1.0621120134989421,0.147871994972229,3399680,150994944,0.03481585159897804
8,16,4,4,prefill,fp8_e4m3,8192,1,128,2.582752068837484,,206616064,4718592,0.008163205347955227
8,16,4,4,prefill,fp8_e4m3,8192,1,1024,2.5205440521240234,,258573824,4718592,0.008163205347955227
8,16,4,4,prefill,fp8_e4m3,8192,1,8192,1.9442987442016602,,482870272,4718592,0.008163205347955227
8,16,4,4,decode,fp8_e4m3,32768,1,1,1.491978645324707,0.11658719778060914,107520,18874368,0.03481585159897804
8,16,4,4,decode,fp8_e4m3,32768,8,1,1.482975959777832,0.14395519495010375,849920,150994944,0.03481585159897804
8,16,4,4,decode,fp8_e4m3,32768,32,1,1.2240320046742756,0.25361440181732176,3399680,603979776,0.03481585159897804
8,16,4,4,prefill,fp8_e4m3,32768,1,128,3.142431894938151,,793441792,18874368,0.008163205347955227
8,16,4,4,prefill,fp8_e4m3,32768,1,1024,3.1824426651000977,,843941376,18874368,0.008163205347955227
8,16,4,4,prefill,fp8_e4m3,32768,1,8192,5.365791956583659,,1257113088,18874368,0.008163205347955227
8,16,4,4,decode,fp8_e4m3,131072,1,1,1.155285358428955,0.13397760391235353,107520,75497472,0.03481585159897804
8,16,4,4,decode,fp8_e4m3,131072,8,1,1.6413547197977703,0.240012788772583,849920,603979776,0.03481585159897804
8,16,4,4,decode,fp8_e4m3,131072,32,1,1.1366399923960369,0.6687983989715576,3399680,2415919104,0.03481585159897804
8,16,4,4,prefill,fp8_e4m3,131072,1,128,5.861056009928386,,3134010880,75497472,0.008163205347955227
8,16,4,4,prefill,fp8_e4m3,131072,1,1024,6.346826553344727,,3183969792,75497472,0.008163205347955227
8,16,4,4,prefill,fp8_e4m3,131072,1,8192,16.197311401367188,,3597534720,75497472,0.008163205347955227
8,16,4,4,decode,fp8_e4m3,524288,1,1,1.740224043528239,0.20265119075775145,107520,301989888,0.03481585159897804
8,16,4,4,decode,fp8_e4m3,524288,8,1,1.2597866853078206,0.6193408012390137,849920,2415919104,0.03481585159897804
8,16,4,4,decode,fp8_e4m3,524288,32,1,2.5714453061421714,2.431654357910156,3399680,9663676416,0.03481585159897804
8,16,4,4,prefill,fp8_e4m3,524288,1,128,20.856756846110027,,4791129600,301989888,0.008163205347955227
8,16,4,4,prefill,fp8_e4m3,524288,1,1024,22.82860819498698,,4835411456,301989888,0.008163205347955227
8,16,4,4,prefill,fp8_e4m3,524288,1,8192,61.90313720703125,,5191239168,301989888,0.008163205347955227
8,16,4,4,decode,fp8_e4m3,1048576,1,1,1.14246400197347,0.2912192106246948,107520,603979776,0.03481585159897804
8,16,4,4,decode,fp8_e4m3,1048576,8,1,1.3906240463256836,1.1414128303527833,849920,4831838208,0.03481585159897804
8,16,4,4,decode,fp8_e4m3,1048576,32,1,4.781045277913411,4.776676940917969,3399680,19327352832,0.03481585159897804
8,16,4,4,prefill,fp8_e4m3,1048576,1,128,39.49440002441406,,5395109376,603979776,0.008163205347955227
8,16,4,4,prefill,fp8_e4m3,1048576,1,1024,44.35896301269531,,5439391232,603979776,0.008163205347955227
8,16,4,4,prefill,fp8_e4m3,1048576,1,8192,124.28201293945312,,5795218944,603979776,0.008163205347955227
8,16,4,4,decode,bfloat16,1024,1,1,1.6552106539408367,0.1030176043510437,112128,1179648,0.005524782929569483
8,16,4,4,decode,bfloat16,1024,8,1,1.110368013381958,0.10546239614486694,886784,9437184,0.005524782929569483
8,16,4,4,decode,bfloat16,1024,32,1,0.9913386503855387,0.1180575966835022,3547136,37748736,0.005524782929569483
8,16,4,4,prefill,bfloat16,1024,1,128,1.8584106763203938,,36746752,1179648,0.003520854515954852
8,16,4,4,prefill,bfloat16,1024,1,1024,1.0316373507181804,,63833088,1179648,0.003520854515954852
8,16,4,4,decode,bfloat16,8192,1,1,1.6874559720357258,0.10751839876174926,112128,9437184,0.005524782929569483
8,16,4,4,decode,bfloat16,8192,8,1,1.238751967748006,0.12321599721908569,886784,75497472,0.005524782929569483
8,16,4,4,decode,bfloat16,8192,32,1,1.0117226441701253,0.18662079572677612,3547136,301989888,0.005524782929569483
8,16,4,4,prefill,bfloat16,8192,1,128,2.977247873942057,,207402496,9437184,0.003520854515954852
8,16,4,4,prefill,bfloat16,8192,1,1024,1.9209280014038086,,258442752,9437184,0.003520854515954852
8,16,4,4,prefill,bfloat16,8192,1,8192,1.899328072865804,,482739200,9437184,0.003520854515954852
8,16,4,4,decode,bfloat16,32768,1,1,1.124735991160075,0.11885279417037964,112128,37748736,0.005524782929569483
8,16,4,4,decode,bfloat16,32768,8,1,1.737866719563802,0.18094079494476317,886784,301989888,0.005524782929569483
8,16,4,4,decode,bfloat16,32768,32,1,1.6248854001363118,0.4121103763580322,3547136,1207959552,0.005524782929569483
8,16,4,4,prefill,bfloat16,32768,1,128,2.463616053263346,,793982464,37748736,0.003520854515954852
8,16,4,4,prefill,bfloat16,32768,1,1024,3.4170026779174805,,843548160,37748736,0.003520854515954852
8,16,4,4,prefill,bfloat16,32768,1,8192,5.306591987609863,,1257113088,37748736,0.003520854515954852
8,16,4,4,decode,bfloat16,131072,1,1,1.722965399424235,0.15544960498809815,112128,150994944,0.005524782929569483
8,16,4,4,decode,bfloat16,131072,8,1,1.1152106920878093,0.38588480949401854,886784,1207959552,0.005524782929569483
8,16,4,4,decode,bfloat16,131072,32,1,1.5490986506144206,1.330723190307617,3547136,4831838208,0.005524782929569483
8,16,4,4,prefill,bfloat16,131072,1,128,5.368085225423177,,3134010880,150994944,0.003520854515954852
8,16,4,4,prefill,bfloat16,131072,1,1024,5.945056279500325,,3183838720,150994944,0.003520854515954852
8,16,4,4,prefill,bfloat16,131072,1,8192,16.255828857421875,,3597927936,150994944,0.003520854515954852
8,16,4,4,decode,bfloat16,524288,1,1,1.7158613204956055,0.3028064012527466,112128,603979776,0.005524782929569483
8,16,4,4,decode,bfloat16,524288,8,1,1.4896960258483887,1.2267840385437012,886784,4831838208,0.005524782929569483
8,16,4,4,decode,bfloat16,524288,32,1,5.217386563618978,5.038326263427734,3547136,19327352832,0.005524782929569483
8,16,4,4,prefill,bfloat16,524288,1,128,20.08727518717448,,4791129600,603979776,0.003520854515954852
8,16,4,4,prefill,bfloat16,524288,1,1024,21.5251948038737,,4835280384,603979776,0.003520854515954852
8,16,4,4,prefill,bfloat16,524288,1,8192,61.77811177571615,,5191239168,603979776,0.003520854515954852
8,16,4,4,decode,bfloat16,1048576,1,1,1.7381547292073567,0.4963088035583496,112128,1207959552,0.005524782929569483
8,16,4,4,decode,bfloat16,1048576,8,1,2.726016044616699,2.3639631271362305,886784,9663676416,0.005524782929569483
8,16,4,4,decode,bfloat16,1048576,32,1,10.17784563700358,10.043841552734374,3547136,38654705664,0.005524782929569483
8,16,4,4,prefill,bfloat16,1048576,1,128,39.21659851074219,,5395109376,1207959552,0.003520854515954852
8,16,4,4,prefill,bfloat16,1048576,1,1024,43.26145935058594,,5439260160,1207959552,0.003520854515954852
8,16,4,4,prefill,bfloat16,1048576,1,8192,124.9572041829427,,5795218944,1207959552,0.003520854515954852
8,16,2,8,decode,fp8_e4m3,1024,1,1,1.5101440747578938,0.10610560178756714,161280,589824,0.03470971807837486
8,16,2,8,decode,fp8_e4m3,1024,8,1,1.5711146990458171,0.10987039804458618,1287168,4718592,0.03470971807837486
8,16,2,8,decode,fp8_e4m3,1024,32,1,1.2956053415934246,0.12252960205078126,6000640,18874368,0.03470971807837486
8,16,2,8,prefill,fp8_e4m3,1024,1,128,2.354538599650065,,70624768,589824,0.0075984555296599865
8,16,2,8,prefill,fp8_e4m3,1024,1,1024,1.3110400040944417,,110232576,589824,0.0075984555296599865
8,16,2,8,decode,fp8_e4m3,8192,1,1,1.5370133717854817,0.11098079681396485,161280,4718592,0.03470971807837486
8,16,2,8,decode,fp8_e4m3,8192,8,1,1.5888853073120117,0.1199023962020874,1287168,37748736,0.03470971807837486
8,16,2,8,decode,fp8_e4m3,8192,32,1,1.4226560592651367,0.14670560359954835,6000640,150994944,0.03470971807837486
8,16,2,8,prefill,fp8_e4m3,8192,1,128,2.144458611806234,,393676288,4718592,0.0075984555296599865
8,16,2,8,prefill,fp8_e4m3,8192,1,1024,2.5783039728800454,,496961024,4718592,0.0075984555296599865
8,16,2,8,prefill,fp8_e4m3,8192,1,8192,2.828895886739095,,837813248,4718592,0.0075984555296599865
8,16,2,8,decode,fp8_e4m3,32768,1,1,1.2611093521118164,0.11996159553527833,161280,18874368,0.03470971807837486
8,16,2,8,decode,fp8_e4m3,32768,8,1,1.740821361541748,0.13848320245742798,1287168,150994944,0.03470971807837486
8,16,2,8,decode,fp8_e4m3,32768,32,1,1.531274636586507,0.23435359001159667,6000640,603979776,0.03470971807837486
8,16,2,8,prefill,fp8_e4m3,32768,1,128,3.2449706395467124,,1507075584,18874368,0.0075984555296599865
8,16,2,8,prefill,fp8_e4m3,32768,1,1024,3.883392016092936,,1610417664,18874368,0.0075984555296599865
8,16,2,8,prefill,fp8_e4m3,32768,1,8192,9.137397130330404,,2448557568,18874368,0.0075984555296599865
8,16,2,8,decode,fp8_e4m3,131072,1,1,1.6555627187093098,0.13706239461898803,161280,75497472,0.03470971807837486
8,16,2,8,decode,fp8_e4m3,131072,8,1,1.2657919724782307,0.21885759830474855,1287168,603979776,0.03470971807837486
8,16,2,8,decode,fp8_e4m3,131072,32,1,1.1306560039520264,0.5672304153442382,6000640,2415919104,0.03470971807837486
8,16,2,8,prefill,fp8_e4m3,131072,1,128,8.470250447591146,,5962081792,75497472,0.0075984555296599865
8,16,2,8,prefill,fp8_e4m3,131072,1,1024,11.04624048868815,,6064768512,75497472,0.0075984555296599865
8,16,2,8,prefill,fp8_e4m3,131072,1,8192,29.49927520751953,,6902777344,75497472,0.0075984555296599865
8,16,2,8,decode,fp8_e4m3,524288,1,1,1.712821324666341,0.19397759437561035,161280,301989888,0.03470971807837486
8,16,2,8,decode,fp8_e4m3,524288,8,1,1.2721920013427734,0.5258607864379883,1287168,2415919104,0.03470971807837486
8,16,2,8,decode,fp8_e4m3,524288,32,1,2.120586713155111,2.0937328338623047,6000640,9663676416,0.03470971807837486
8,16,2,8,prefill,fp8_e4m3,524288,1,128,31.540875752766926,,8828315136,301989888,0.0075984555296599865
8,16,2,8,prefill,fp8_e4m3,524288,1,1024,41.97883860270182,,8915584512,301989888,0.0075984555296599865
8,16,2,8,prefill,fp8_e4m3,524288,1,8192,117.5231221516927,,9626584576,301989888,0.0075984555296599865
8,16,2,8,decode,fp8_e4m3,1048576,1,1,1.3956799507141113,0.26429119110107424,161280,603979776,0.03470971807837486
8,16,2,8,decode,fp8_e4m3,1048576,8,1,1.5331625938415527,0.9565008163452149,1287168,4831838208,0.03470971807837486
8,16,2,8,decode,fp8_e4m3,1048576,32,1,3.9607467651367188,4.143276977539062,5148672,19327352832,0.03470971807837486
8,16,2,8,prefill,fp8_e4m3,1048576,1,128,62.900960286458336,,9431377408,603979776,0.0075984555296599865
8,16,2,8,prefill,fp8_e4m3,1048576,1,1024,82.99381510416667,,9519564288,603979776,0.0075984555296599865
8,16,2,8,prefill,fp8_e4m3,1048576,1,8192,231.45804850260416,,10229515776,603979776,0.0075984555296599865
8,16,2,8,decode,bfloat16,1024,1,1,1.4861760139465332,0.10285919904708862,139776,1179648,0.004783360753208399
8,16,2,8,decode,bfloat16,1024,8,1,1.5706559816996257,0.10839200019836426,1115136,9437184,0.004783360753208399
8,16,2,8,decode,bfloat16,1024,32,1,1.404863993326823,0.12551679611206054,5312512,37748736,0.004783360753208399
8,16,2,8,prefill,bfloat16,1024,1,128,2.50382932027181,,69576192,1179648,0.001843483536504209
8,16,2,8,prefill,bfloat16,1024,1,1024,1.3726506233215332,,110494720,1179648,0.001843483536504209
8,16,2,8,decode,bfloat16,8192,1,1,1.6192426681518555,0.10912799835205078,139776,9437184,0.004783360753208399
8,16,2,8,decode,bfloat16,8192,8,1,1.6406399408976238,0.12210719585418701,1115136,75497472,0.004783360753208399
8,16,2,8,decode,bfloat16,8192,32,1,1.1127359867095947,0.16892640590667723,5312512,301989888,0.004783360753208399
8,16,2,8,prefill,bfloat16,8192,1,128,2.7545172373453775,,393733632,9437184,0.001843483536504209
8,16,2,8,prefill,bfloat16,8192,1,1024,2.0893333752950034,,496961024,9437184,0.001843483536504209
8,16,2,8,prefill,bfloat16,8192,1,8192,2.875274658203125,,838206464,9437184,0.001843483536504209
8,16,2,8,decode,bfloat16,32768,1,1,1.6802026430765789,0.12321120500564575,139776,37748736,0.004783360753208399
8,16,2,8,decode,bfloat16,32768,8,1,1.6468267440795898,0.1595296025276184,1115136,301989888,0.004783360753208399
8,16,2,8,decode,bfloat16,32768,32,1,1.4826134045918782,0.3234096050262451,5312512,1207959552,0.004783360753208399
8,16,2,8,prefill,bfloat16,32768,1,128,3.240981419881185,,1507730944,37748736,0.001843483536504209
8,16,2,8,prefill,bfloat16,32768,1,1024,3.9331305821736655,,1610417664,37748736,0.001843483536504209
8,16,2,8,prefill,bfloat16,32768,1,8192,9.157653172810873,,2449475072,37748736,0.001843483536504209
8,16,2,8,decode,bfloat16,131072,1,1,1.7057493527730305,0.14313119649887085,139776,150994944,0.004783360753208399
8,16,2,8,decode,bfloat16,131072,8,1,1.7460266749064128,0.3306063890457153,1115136,1207959552,0.004783360753208399
8,16,2,8,decode,bfloat16,131072,32,1,1.2465919653574626,0.9569631576538086,5312512,4831838208,0.004783360753208399
8,16,2,8,prefill,bfloat16,131072,1,128,8.566698710123697,,5962081792,150994944,0.001843483536504209
8,16,2,8,prefill,bfloat16,131072,1,1024,11.157535552978516,,6064768512,150994944,0.001843483536504209
8,16,2,8,prefill,bfloat16,131072,1,8192,30.22870381673177,,6902777344,150994944,0.001843483536504209
8,16,2,8,decode,bfloat16,524288,1,1,1.705407937367757,0.23809440135955812,139776,603979776,0.004783360753208399
8,16,2,8,decode,bfloat16,524288,8,1,1.7551466623942058,0.9193264007568359,1115136,4831838208,0.004783360753208399
8,16,2,8,decode,bfloat16,524288,32,1,3.7869440714518228,3.788248062133789,5312512,19327352832,0.004783360753208399
8,16,2,8,prefill,bfloat16,524288,1,128,31.474708557128906,,8828315136,603979776,0.001843483536504209
8,16,2,8,prefill,bfloat16,524288,1,1024,41.181556701660156,,8915584512,603979776,0.001843483536504209
8,16,2,8,prefill,bfloat16,524288,1,8192,117.73108927408855,,9626584576,603979776,0.001843483536504209
8,16,2,8,decode,bfloat16,1048576,1,1,1.7711040178934734,0.36493759155273436,139776,1207959552,0.004783360753208399
8,16,2,8,decode,bfloat16,1048576,8,1,2.1270507176717124,1.7709280014038087,1115136,9663676416,0.004783360753208399
8,16,2,8,decode,bfloat16,1048576,32,1,7.163498560587565,7.523289489746094,4460544,38654705664,0.004783360753208399
8,16,2,8,prefill,bfloat16,1048576,1,128,62.010589599609375,,9431377408,1207959552,0.001843483536504209
8,16,2,8,prefill,bfloat16,1048576,1,1024,82.22275288899739,,9519564288,1207959552,0.001843483536504209
8,16,2,8,prefill,bfloat16,1048576,1,8192,234.0596923828125,,10230564352,1207959552,0.001843483536504209
8,16,1,16,decode,fp8_e4m3,1024,1,1,1.1110400358835857,0.12903039455413817,317952,589824,0.034656696021556854
8,16,1,16,decode,fp8_e4m3,1024,8,1,1.1034453709920247,0.13151520490646362,2540544,4718592,0.034656696021556854
9,16,16,1,decode,fp8_e4m3,1024,1,1,2.0613226890563965,0.11285279989242554,31744,589824,0.03509664535522461
9,16,16,1,decode,fp8_e4m3,1024,8,1,2.000629266103109,0.10494400262832641,246784,4718592,0.03509664535522461
9,16,16,1,decode,fp8_e4m3,1024,32,1,1.6869014104207356,0.1158128023147583,987136,18874368,0.03509664535522461
9,16,16,1,prefill,fp8_e4m3,1024,1,128,2.9594879150390625,,11076096,589824,0.0076119983568787575
9,16,16,1,prefill,fp8_e4m3,1024,1,1024,1.7113173802693684,,29361152,589824,0.0076119983568787575
9,16,16,1,decode,fp8_e4m3,8192,1,1,1.980661392211914,0.11397440433502197,31744,4718592,0.03509664535522461
9,16,16,1,decode,fp8_e4m3,8192,8,1,1.7414719263712566,0.117740797996521,246784,37748736,0.03509664535522461
9,16,16,1,decode,fp8_e4m3,8192,32,1,1.7170559565226238,0.15887680053710937,987136,150994944,0.03509664535522461
9,16,16,1,prefill,fp8_e4m3,8192,1,128,2.968736012776693,,65438208,4718592,0.0076119983568787575
9,16,16,1,prefill,fp8_e4m3,8192,1,1024,2.5427306493123374,,80209408,4718592,0.0076119983568787575
9,16,16,1,prefill,fp8_e4m3,8192,1,8192,1.6946454048156738,,215745536,4718592,0.0076119983568787575
9,16,16,1,decode,fp8_e4m3,32768,1,1,1.8885866800944011,0.12829439640045165,31744,18874368,0.03509664535522461
9,16,16,1,decode,fp8_e4m3,32768,8,1,1.9457386334737141,0.15666879415512086,246784,150994944,0.03509664535522461
9,16,16,1,decode,fp8_e4m3,32768,32,1,1.6473174095153809,0.22723519802093506,987136,603979776,0.03509664535522461
9,16,16,1,prefill,fp8_e4m3,32768,1,128,3.0123519897460938,,254820864,18874368,0.0076119983568787575
9,16,16,1,prefill,fp8_e4m3,32768,1,1024,2.9856106440226235,,268297728,18874368,0.0076119983568787575
9,16,16,1,prefill,fp8_e4m3,32768,1,8192,3.1991039911905923,,363529728,18874368,0.0076119983568787575
9,16,16,1,decode,fp8_e4m3,131072,1,1,1.988917350769043,0.1508784055709839,31744,75497472,0.03509664535522461
9,16,16,1,decode,fp8_e4m3,131072,8,1,2.014517307281494,0.22092959880828858,246784,603979776,0.03509664535522461
9,16,16,1,decode,fp8_e4m3,131072,32,1,1.7178880373636882,0.4897759914398193,987136,2415919104,0.03509664535522461
9,16,16,1,prefill,fp8_e4m3,131072,1,128,4.06055482228597,,1010139648,75497472,0.0076119983568787575
9,16,16,1,prefill,fp8_e4m3,131072,1,1024,4.469866752624512,,1021568512,75497472,0.0076119983568787575
9,16,16,1,prefill,fp8_e4m3,131072,1,8192,6.5249277750651045,,1119553024,75497472,0.0076119983568787575
9,16,16,1,decode,fp8_e4m3,524288,1,1,2.0609706242879233,0.19035040140151976,31744,301989888,0.03509664535522461
9,16,16,1,decode,fp8_e4m3,524288,8,1,2.0558080673217773,0.46732158660888673,246784,2415919104,0.03509664535522461
9,16,16,1,decode,fp8_e4m3,524288,32,1,2.118837356567383,1.5411055564880372,987136,9663676416,0.03509664535522461
9,16,16,1,prefill,fp8_e4m3,524288,1,128,12.71294911702474,,1764125184,301989888,0.0076119983568787575
9,16,16,1,prefill,fp8_e4m3,524288,1,1024,14.334602355957031,,1776756224,301989888,0.0076119983568787575
9,16,16,1,prefill,fp8_e4m3,524288,1,8192,21.80876922607422,,1864697344,301989888,0.0076119983568787575
9,16,16,1,decode,fp8_e4m3,1048576,1,1,2.1124480565389,0.24456799030303955,31744,603979776,0.03509664535522461
9,16,16,1,decode,fp8_e4m3,1048576,8,1,2.0966506004333496,0.8034272193908691,246784,4831838208,0.03509664535522461
9,16,16,1,decode,fp8_e4m3,1048576,32,1,3.3469972610473633,2.962948799133301,987136,19327352832,0.03509664535522461
9,16,16,1,prefill,fp8_e4m3,1048576,1,128,24.025889078776043,,2368104960,603979776,0.0076119983568787575
9,16,16,1,prefill,fp8_e4m3,1048576,1,1024,27.572715759277344,,2381260288,603979776,0.0076119983568787575
9,16,16,1,prefill,fp8_e4m3,1048576,1,8192,42.22437286376953,,2468677120,603979776,0.0076119983568787575
9,16,16,1,decode,bfloat16,1024,1,1,1.9972267150878906,0.10702879428863525,31744,1179648,0.006898726802319288
9,16,16,1,decode,bfloat16,1024,8,1,1.7165439923604329,0.10242559909820556,246784,9437184,0.006898726802319288
9,16,16,1,decode,bfloat16,1024,32,1,1.6663254102071126,0.1343440055847168,987136,37748736,0.006898726802319288
9,16,16,1,prefill,bfloat16,1024,1,128,3.08351993560791,,11272704,1179648,0.001956015592440963
9,16,16,1,prefill,bfloat16,1024,1,1024,1.7380159695943196,,28967936,1179648,0.001956015592440963
9,16,16,1,decode,bfloat16,8192,1,1,2.029557387034098,0.11227840185165405,31744,9437184,0.006898726802319288
9,16,16,1,decode,bfloat16,8192,8,1,1.9235413869222004,0.14241280555725097,246784,75497472,0.006898726802319288
9,16,16,1,decode,bfloat16,8192,32,1,1.646997292836507,0.18638240098953246,987136,301989888,0.006898726802319288
9,16,16,1,prefill,bfloat16,8192,1,128,3.066058794657389,,65438208,9437184,0.001956015592440963
9,16,16,1,prefill,bfloat16,8192,1,1024,2.976799964904785,,79554048,9437184,0.001956015592440963
9,16,16,1,prefill,bfloat16,8192,1,8192,1.8142080307006836,,215745536,9437184,0.001956015592440963
9,16,16,1,decode,bfloat16,32768,1,1,2.000096003214518,0.13772480487823485,31744,37748736,0.006898726802319288
9,16,16,1,decode,bfloat16,32768,8,1,1.9794665972391765,0.17968159914016724,246784,301989888,0.006898726802319288
9,16,16,1,decode,bfloat16,32768,32,1,1.6839466094970703,0.3398207902908325,987136,1207959552,0.006898726802319288
9,16,16,1,prefill,bfloat16,32768,1,128,3.1786559422810874,,254820864,37748736,0.001956015592440963
9,16,16,1,prefill,bfloat16,32768,1,1024,3.0956799189249673,,268297728,37748736,0.001956015592440963
9,16,16,1,prefill,bfloat16,32768,1,8192,3.0721813837687173,,363529728,37748736,0.001956015592440963
9,16,16,1,decode,bfloat16,131072,1,1,2.0264426867167153,0.16169120073318483,31744,150994944,0.006898726802319288
9,16,16,1,decode,bfloat16,131072,8,1,2.0184426307678223,0.3399728059768677,246784,1207959552,0.006898726802319288
9,16,16,1,decode,bfloat16,131072,32,1,1.5700480143229167,0.9496000289916993,987136,4831838208,0.006898726802319288
9,16,16,1,prefill,bfloat16,131072,1,128,3.6181119283040366,,1010139648,150994944,0.001956015592440963
9,16,16,1,prefill,bfloat16,131072,1,1024,4.294741312662761,,1023272448,150994944,0.001956015592440963
9,16,16,1,prefill,bfloat16,131072,1,8192,6.2998612721761065,,1119553024,150994944,0.001956015592440963
9,16,16,1,decode,bfloat16,524288,1,1,2.1043306986490884,0.24951839447021484,31744,603979776,0.006898726802319288
9,16,16,1,decode,bfloat16,524288,8,1,2.1565759976704917,0.907750415802002,246784,4831838208,0.006898726802319288
9,16,16,1,decode,bfloat16,524288,32,1,3.7078612645467124,3.4011150360107423,987136,19327352832,0.006898726802319288
9,16,16,1,prefill,bfloat16,524288,1,128,12.07956314086914,,1764125184,603979776,0.001956015592440963
9,16,16,1,prefill,bfloat16,524288,1,1024,13.67406972249349,,1776756224,603979776,0.001956015592440963
9,16,16,1,prefill,bfloat16,524288,1,8192,21.14838409423828,,1864697344,603979776,0.001956015592440963
9,16,16,1,decode,bfloat16,1048576,1,1,1.8194665908813477,0.36400320529937746,31744,1207959552,0.006898726802319288
9,16,16,1,decode,bfloat16,1048576,8,1,1.9537173906962078,1.6875823974609374,246784,9663676416,0.006898726802319288
9,16,16,1,decode,bfloat16,1048576,32,1,6.805141448974609,6.578892517089844,987136,38654705664,0.006898726802319288
9,16,16,1,prefill,bfloat16,1048576,1,128,22.608022054036457,,2368104960,1207959552,0.001956015592440963
9,16,16,1,prefill,bfloat16,1048576,1,1024,26.339487711588543,,2381260288,1207959552,0.001956015592440963
9,16,16,1,prefill,bfloat16,1048576,1,8192,40.719520568847656,,2468677120,1207959552,0.001956015592440963
9,16,8,2,decode,fp8_e4m3,1024,1,1,1.9010240236918132,0.09247040152549743,44032,589824,0.03501495346426964
9,16,8,2,decode,fp8_e4m3,1024,8,1,1.7925119400024414,0.09689599871635438,347136,4718592,0.03501495346426964
9,16,8,2,decode,fp8_e4m3,1024,32,1,1.4384106000264485,0.10932639837265015,1388544,18874368,0.03501495346426964
9,16,8,2,prefill,fp8_e4m3,1024,1,128,2.720693270365397,,18824704,589824,0.008806233294308186
9,16,8,2,prefill,fp8_e4m3,1024,1,1024,1.1656640370686848,,39846912,589824,0.008806233294308186
9,16,8,2,decode,fp8_e4m3,8192,1,1,1.8602986335754395,0.09681919813156128,44032,4718592,0.03501495346426964
9,16,8,2,decode,fp8_e4m3,8192,8,1,1.468565305074056,0.11388159990310669,347136,37748736,0.03501495346426964
9,16,8,2,decode,fp8_e4m3,8192,32,1,1.0608320236206055,0.13432960510253905,1388544,150994944,0.03501495346426964
9,16,8,2,prefill,fp8_e4m3,8192,1,128,2.505301316579183,,113786368,4718592,0.008806233294308186
9,16,8,2,prefill,fp8_e4m3,8192,1,1024,2.036191940307617,,140494336,4718592,0.008806233294308186
9,16,8,2,prefill,fp8_e4m3,8192,1,8192,1.480511983235677,,304612352,4718592,0.008806233294308186
9,16,8,2,decode,fp8_e4m3,32768,1,1,1.8649279276529949,0.11377120018005371,44032,18874368,0.03501495346426964
9,16,8,2,decode,fp8_e4m3,32768,8,1,1.480160077412923,0.13282560110092162,347136,150994944,0.03501495346426964
9,16,8,2,decode,fp8_e4m3,32768,32,1,1.4230613708496094,0.2031536102294922,1388544,603979776,0.03501495346426964
9,16,8,2,prefill,fp8_e4m3,32768,1,128,2.321429411570231,,434945536,18874368,0.008806233294308186
9,16,8,2,prefill,fp8_e4m3,32768,1,1024,3.0171521504720054,,462407168,18874368,0.008806233294308186
9,16,8,2,prefill,fp8_e4m3,32768,1,8192,3.845205307006836,,662046208,18874368,0.008806233294308186
9,16,8,2,decode,fp8_e4m3,131072,1,1,1.4261120160420735,0.12894079685211182,44032,75497472,0.03501495346426964
9,16,8,2,decode,fp8_e4m3,131072,8,1,1.4460800488789876,0.1991696000099182,347136,603979776,0.03501495346426964
9,16,8,2,decode,fp8_e4m3,131072,32,1,1.4205867449442546,0.46278719902038573,1388544,2415919104,0.03501495346426964
9,16,8,2,prefill,fp8_e4m3,131072,1,128,4.1902720133463545,,1718402560,75497472,0.008806233294308186
9,16,8,2,prefill,fp8_e4m3,131072,1,1024,4.778165181477864,,1744815616,75497472,0.008806233294308186
9,16,8,2,prefill,fp8_e4m3,131072,1,8192,8.770314534505209,,1945503232,75497472,0.008806233294308186
9,16,8,2,decode,fp8_e4m3,524288,1,1,1.446741263071696,0.16737279891967774,44032,301989888,0.03501495346426964
9,16,8,2,decode,fp8_e4m3,524288,8,1,1.4731626510620117,0.4464240074157715,347136,2415919104,0.03501495346426964
9,16,8,2,decode,fp8_e4m3,524288,32,1,1.8893653551737468,1.5185471534729005,1388544,9663676416,0.03501495346426964
9,16,8,2,prefill,fp8_e4m3,524288,1,128,15.30422337849935,,2773388800,301989888,0.008806233294308186
9,16,8,2,prefill,fp8_e4m3,524288,1,1024,17.157557169596355,,2795128320,301989888,0.008806233294308186
9,16,8,2,prefill,fp8_e4m3,524288,1,8192,32.19701385498047,,2973369856,301989888,0.008806233294308186
9,16,8,2,decode,fp8_e4m3,1048576,1,1,2.0006186167399087,0.2224384069442749,44032,603979776,0.03501495346426964
9,16,8,2,decode,fp8_e4m3,1048576,8,1,1.9446934064229329,0.7787216186523438,347136,4831838208,0.03501495346426964
9,16,8,2,decode,fp8_e4m3,1048576,32,1,3.2729921340942383,2.985259246826172,1388544,19327352832,0.03501495346426964
9,16,8,2,prefill,fp8_e4m3,1048576,1,128,29.47393035888672,,3377368576,603979776,0.008806233294308186
9,16,8,2,prefill,fp8_e4m3,1048576,1,1024,33.35656483968099,,3399501312,603979776,0.008806233294308186
9,16,8,2,prefill,fp8_e4m3,1048576,1,8192,63.37229919433594,,3577349632,603979776,0.008806233294308186
9,16,8,2,decode,bfloat16,1024,1,1,1.9121813774108887,0.08940799832344055,43520,1179648,0.006444955710321665
9,16,8,2,decode,bfloat16,1024,8,1,1.9433387120564778,0.09477760195732117,345088,9437184,0.006444955710321665
9,16,8,2,decode,bfloat16,1024,32,1,1.450229326883952,0.11107200384140015,1380352,37748736,0.006444955710321665
9,16,8,2,prefill,bfloat16,1024,1,128,2.7303466796875,,18824704,1179648,0.0047883158549666405
9,16,8,2,prefill,bfloat16,1024,1,1024,1.5384532610575359,,39846912,1179648,0.0047883158549666405
9,16,8,2,decode,bfloat16,8192,1,1,2.06877867380778,0.09513120055198669,43520,9437184,0.006444955710321665
9,16,8,2,decode,bfloat16,8192,8,1,2.106485366821289,0.11999200582504273,345088,75497472,0.006444955710321665
9,16,8,2,decode,bfloat16,8192,32,1,1.6213866869608562,0.16169120073318483,1380352,301989888,0.006444955710321665
9,16,8,2,prefill,bfloat16,8192,1,128,3.008650779724121,,113786368,9437184,0.0047883158549666405
9,16,8,2,prefill,bfloat16,8192,1,1024,2.8502934773763022,,140494336,9437184,0.0047883158549666405
9,16,8,2,prefill,bfloat16,8192,1,8192,1.4575573603312175,,304612352,9437184,0.0047883158549666405
9,16,8,2,decode,bfloat16,32768,1,1,2.0215892791748047,0.11635520458221435,43520,37748736,0.006444955710321665
9,16,8,2,decode,bfloat16,32768,8,1,1.5278186798095703,0.15717920064926147,345088,301989888,0.006444955710321665
9,16,8,2,decode,bfloat16,32768,32,1,1.5307626724243164,0.3157167911529541,1380352,1207959552,0.006444955710321665
9,16,8,2,prefill,bfloat16,32768,1,128,3.0668907165527344,,434945536,37748736,0.0047883158549666405
9,16,8,2,prefill,bfloat16,32768,1,1024,2.2232534090677896,,461882880,37748736,0.0047883158549666405
9,16,8,2,prefill,bfloat16,32768,1,8192,3.8395201365152993,,663094784,37748736,0.0047883158549666405
9,16,8,2,decode,bfloat16,131072,1,1,2.0972159703572593,0.13782559633255004,43520,150994944,0.006444955710321665
9,16,8,2,decode,bfloat16,131072,8,1,1.846666653951009,0.32031199932098386,345088,1207959552,0.006444955710321665
9,16,8,2,decode,bfloat16,131072,32,1,1.5277973810831706,0.9294655799865723,1380352,4831838208,0.006444955710321665
9,16,8,2,prefill,bfloat16,131072,1,128,4.508384068806966,,1718402560,150994944,0.0047883158549666405
9,16,8,2,prefill,bfloat16,131072,1,1024,4.869589487711589,,1745339904,150994944,0.0047883158549666405
9,16,8,2,prefill,bfloat16,131072,1,8192,8.831455866495768,,1945503232,150994944,0.0047883158549666405
9,16,8,2,decode,bfloat16,524288,1,1,1.4221439361572266,0.227294397354126,43520,603979776,0.006444955710321665
9,16,8,2,decode,bfloat16,524288,8,1,2.1692372957865396,0.8856368064880371,345088,4831838208,0.006444955710321665
9,16,8,2,decode,bfloat16,524288,32,1,3.621002515157064,3.3810062408447266,1380352,19327352832,0.006444955710321665
9,16,8,2,prefill,bfloat16,524288,1,128,14.198079427083334,,2773388800,603979776,0.0047883158549666405
9,16,8,2,prefill,bfloat16,524288,1,1024,16.503082275390625,,2795521536,603979776,0.0047883158549666405
9,16,8,2,prefill,bfloat16,524288,1,8192,31.617696126302082,,2973369856,603979776,0.0047883158549666405
9,16,8,2,decode,bfloat16,1048576,1,1,2.1748266220092773,0.3444576025009155,43520,1207959552,0.006444955710321665
9,16,8,2,decode,bfloat16,1048576,8,1,2.482026735941569,1.6613967895507813,345088,9663676416,0.006444955710321665
9,16,8,2,decode,bfloat16,1048576,32,1,6.95027224222819,6.5875389099121096,1380352,38654705664,0.006444955710321665
9,16,8,2,prefill,bfloat16,1048576,1,128,27.98743438720703,,3377368576,1207959552,0.0047883158549666405
9,16,8,2,prefill,bfloat16,1048576,1,1024,31.80870310465495,,3399501312,1207959552,0.0047883158549666405
9,16,8,2,prefill,bfloat16,1048576,1,8192,62.088043212890625,,3577349632,1207959552,0.0047883158549666405
9,16,4,4,decode,fp8_e4m3,1024,1,1,1.4284586906433105,0.10525599718093873,107520,589824,0.03481585159897804
9,16,4,4,decode,fp8_e4m3,1024,8,1,1.507029374440511,0.10883519649505616,849920,4718592,0.03481585159897804
9,16,4,4,decode,fp8_e4m3,1024,32,1,1.3913386662801106,0.11516159772872925,3399680,18874368,0.03481585159897804
9,16,4,4,prefill,fp8_e4m3,1024,1,128,2.4063893953959146,,35698176,589824,0.008163205347955227
9,16,4,4,prefill,fp8_e4m3,1024,1,1024,1.35480531056722,,63570944,589824,0.008163205347955227
9,16,4,4,decode,fp8_e4m3,8192,1,1,1.513535976409912,0.11038559675216675,107520,4718592,0.03481585159897804
9,16,4,4,decode,fp8_e4m3,8192,8,1,1.5497600237528484,0.11841599941253662,849920,37748736,0.03481585159897804
9,16,4,4,decode,fp8_e4m3,8192,32,1,1.058730681737264,0.14784320592880248,3399680,150994944,0.03481585159897804
9,16,4,4,prefill,fp8_e4m3,8192,1,128,2.578517278035482,,206616064,4718592,0.008163205347955227
9,16,4,4,prefill,fp8_e4m3,8192,1,1024,2.5183146794637046,,258573824,4718592,0.008163205347955227
9,16,4,4,prefill,fp8_e4m3,8192,1,8192,1.9445865948994954,,482870272,4718592,0.008163205347955227
9,16,4,4,decode,fp8_e4m3,32768,1,1,1.4958292643229167,0.11653759479522705,107520,18874368,0.03481585159897804
9,16,4,4,decode,fp8_e4m3,32768,8,1,1.4825599988301594,0.1450384020805359,849920,150994944,0.03481585159897804
9,16,4,4,decode,fp8_e4m3,32768,32,1,1.1258560021718342,0.2537168025970459,3399680,603979776,0.03481585159897804
9,16,4,4,prefill,fp8_e4m3,32768,1,128,3.143733342488607,,793441792,18874368,0.008163205347955227
9,16,4,4,prefill,fp8_e4m3,32768,1,1024,3.18559996287028,,843941376,18874368,0.008163205347955227
9,16,4,4,prefill,fp8_e4m3,32768,1,8192,5.368714650472005,,1257113088,18874368,0.008163205347955227
9,16,4,4,decode,fp8_e4m3,131072,1,1,1.153824011484782,0.13394240140914918,107520,75497472,0.03481585159897804
9,16,4,4,decode,fp8_e4m3,131072,8,1,1.639861265818278,0.24006240367889403,849920,603979776,0.03481585159897804
9,16,4,4,decode,fp8_e4m3,131072,32,1,1.1368746757507324,0.6688543796539307,3399680,2415919104,0.03481585159897804
9,16,4,4,prefill,fp8_e4m3,131072,1,128,5.867317199707031,,3134010880,75497472,0.008163205347955227
9,16,4,4,prefill,fp8_e4m3,131072,1,1024,6.341034571329753,,3183969792,75497472,0.008163205347955227
9,16,4,4,prefill,fp8_e4m3,131072,1,8192,16.19970194498698,,3597534720,75497472,0.008163205347955227
9,16,4,4,decode,fp8_e4m3,524288,1,1,1.7379306157430012,0.20255839824676514,107520,301989888,0.03481585159897804
9,16,4,4,decode,fp8_e4m3,524288,8,1,1.2591040134429932,0.6194591999053956,849920,2415919104,0.03481585159897804
9,16,4,4,decode,fp8_e4m3,524288,32,1,2.5705812772115073,2.431865692138672,3399680,9663676416,0.03481585159897804
9,16,4,4,prefill,fp8_e4m3,524288,1,128,20.862528483072918,,4791129600,301989888,0.008163205347955227
9,16,4,4,prefill,fp8_e4m3,524288,1,1024,22.83350372314453,,4835411456,301989888,0.008163205347955227
9,16,4,4,prefill,fp8_e4m3,524288,1,8192,61.90662638346354,,5191239168,301989888,0.008163205347955227
9,16,4,4,decode,fp8_e4m3,1048576,1,1,1.1429440180460613,0.29168798923492434,107520,603979776,0.03481585159897804
9,16,4,4,decode,fp8_e4m3,1048576,8,1,1.3904533386230469,1.1413968086242676,849920,4831838208,0.03481585159897804
9,16,4,4,decode,fp8_e4m3,1048576,32,1,4.780746777852376,4.776691055297851,3399680,19327352832,0.03481585159897804
9,16,4,4,prefill,fp8_e4m3,1048576,1,128,39.49427286783854,,5395109376,603979776,0.008163205347955227
9,16,4,4,prefill,fp8_e4m3,1048576,1,1024,44.36787414550781,,5439391232,603979776,0.008163205347955227
9,16,4,4,prefill,fp8_e4m3,1048576,1,8192,124.2820536295573,,5795218944,603979776,0.008163205347955227
9,16,4,4,decode,bfloat16,1024,1,1,1.6590506235758464,0.10338399410247803,112128,1179648,0.005524782929569483
9,16,4,4,decode,bfloat16,1024,8,1,1.107914686203003,0.1051967978477478,886784,9437184,0.005524782929569483
9,16,4,4,decode,bfloat16,1024,32,1,1.001589298248291,0.11800960302352906,3547136,37748736,0.005524782929569483
9,16,4,4,prefill,bfloat16,1024,1,128,1.8505279223124187,,36746752,1179648,0.003520854515954852
9,16,4,4,prefill,bfloat16,1024,1,1024,1.0267199675242107,,63833088,1179648,0.003520854515954852
9,16,4,4,decode,bfloat16,8192,1,1,1.6884586016337078,0.10762239694595337,112128,9437184,0.005524782929569483
9,16,4,4,decode,bfloat16,8192,8,1,1.2691199779510498,0.12367039918899536,886784,75497472,0.005524782929569483
9,16,4,4,decode,bfloat16,8192,32,1,1.0313173135121663,0.18656959533691406,3547136,301989888,0.005524782929569483
9,16,4,4,prefill,bfloat16,8192,1,128,2.9755093256632485,,207402496,9437184,0.003520854515954852
9,16,4,4,prefill,bfloat16,8192,1,1024,1.913845380147298,,258442752,9437184,0.003520854515954852
9,16,4,4,prefill,bfloat16,8192,1,8192,1.8997653325398762,,482739200,9437184,0.003520854515954852
9,16,4,4,decode,bfloat16,32768,1,1,1.1232319672902424,0.11951040029525757,112128,37748736,0.005524782929569483
9,16,4,4,decode,bfloat16,32768,8,1,1.7390079498291016,0.18113919496536254,886784,301989888,0.005524782929569483
9,16,4,4,decode,bfloat16,32768,32,1,1.6376320521036785,0.41189279556274416,3547136,1207959552,0.005524782929569483
9,16,4,4,prefill,bfloat16,32768,1,128,2.469919999440511,,793982464,37748736,0.003520854515954852
9,16,4,4,prefill,bfloat16,32768,1,1024,3.419839859008789,,843548160,37748736,0.003520854515954852
9,16,4,4,prefill,bfloat16,32768,1,8192,5.304170608520508,,1257113088,37748736,0.003520854515954852
9,16,4,4,decode,bfloat16,131072,1,1,1.7256320317586262,0.15521279573440552,112128,150994944,0.005524782929569483
9,16,4,4,decode,bfloat16,131072,8,1,1.1267733573913574,0.3856591939926147,886784,1207959552,0.005524782929569483
9,16,4,4,decode,bfloat16,131072,32,1,1.5488425890604656,1.3305919647216797,3547136,4831838208,0.005524782929569483
9,16,4,4,prefill,bfloat16,131072,1,128,5.368533452351888,,3134010880,150994944,0.003520854515954852
9,16,4,4,prefill,bfloat16,131072,1,1024,5.944000244140625,,3183838720,150994944,0.003520854515954852
9,16,4,4,prefill,bfloat16,131072,1,8192,16.258805592854817,,3597927936,150994944,0.003520854515954852
9,16,4,4,decode,bfloat16,524288,1,1,1.7140053113301594,0.30286879539489747,112128,603979776,0.005524782929569483
9,16,4,4,decode,bfloat16,524288,8,1,1.4899627367655437,1.2265536308288574,886784,4831838208,0.005524782929569483
9,16,4,4,decode,bfloat16,524288,32,1,5.217973391215007,5.038350296020508,3547136,19327352832,0.005524782929569483
9,16,4,4,prefill,bfloat16,524288,1,128,20.092992146809895,,4791129600,603979776,0.003520854515954852
9,16,4,4,prefill,bfloat16,524288,1,1024,21.524937947591145,,4835280384,603979776,0.003520854515954852
9,16,4,4,prefill,bfloat16,524288,1,8192,61.785013834635414,,5191239168,603979776,0.003520854515954852
9,16,4,4,decode,bfloat16,1048576,1,1,1.738986651102702,0.4964447975158691,112128,1207959552,0.005524782929569483
9,16,4,4,decode,bfloat16,1048576,8,1,2.7319466272989907,2.3640975952148438,886784,9663676416,0.005524782929569483
9,16,4,4,decode,bfloat16,1048576,32,1,10.185461044311523,10.044340515136719,3547136,38654705664,0.005524782929569483
9,16,4,4,prefill,bfloat16,1048576,1,128,39.223243713378906,,5395109376,1207959552,0.003520854515954852
9,16,4,4,prefill,bfloat16,1048576,1,1024,43.266571044921875,,5439260160,1207959552,0.003520854515954852
9,16,4,4,prefill,bfloat16,1048576,1,8192,124.9613037109375,,5795218944,1207959552,0.003520854515954852
9,16,2,8,decode,fp8_e4m3,1024,1,1,1.5100053151448567,0.10652799606323242,161280,589824,0.03470971807837486
9,16,2,8,decode,fp8_e4m3,1024,8,1,1.5671253204345703,0.10985599756240845,1287168,4718592,0.03470971807837486
9,16,2,8,decode,fp8_e4m3,1024,32,1,1.2967039744059246,0.12287520170211792,6000640,18874368,0.03470971807837486
9,16,2,8,prefill,fp8_e4m3,1024,1,128,2.3547840118408203,,70624768,589824,0.0075984555296599865
9,16,2,8,prefill,fp8_e4m3,1024,1,1024,1.3074453671773274,,110232576,589824,0.0075984555296599865
9,16,2,8,decode,fp8_e4m3,8192,1,1,1.5384106636047363,0.11080960035324097,161280,4718592,0.03470971807837486
9,16,2,8,decode,fp8_e4m3,8192,8,1,1.5891413688659668,0.11992479562759399,1287168,37748736,0.03470971807837486
9,16,2,8,decode,fp8_e4m3,8192,32,1,1.4191786448160808,0.14679360389709473,6000640,150994944,0.03470971807837486
9,16,2,8,prefill,fp8_e4m3,8192,1,128,2.1388160387674966,,393676288,4718592,0.0075984555296599865
9,16,2,8,prefill,fp8_e4m3,8192,1,1024,2.5760533014933267,,496961024,4718592,0.0075984555296599865
9,16,2,8,prefill,fp8_e4m3,8192,1,8192,2.8276052474975586,,837813248,4718592,0.0075984555296599865
9,16,2,8,decode,fp8_e4m3,32768,1,1,1.260042667388916,0.12031359672546386,161280,18874368,0.03470971807837486
9,16,2,8,decode,fp8_e4m3,32768,8,1,1.740458647410075,0.13847839832305908,1287168,150994944,0.03470971807837486
9,16,2,8,decode,fp8_e4m3,32768,32,1,1.5334933598836262,0.23448638916015624,6000640,603979776,0.03470971807837486
9,16,2,8,prefill,fp8_e4m3,32768,1,128,3.2471466064453125,,1507075584,18874368,0.0075984555296599865
9,16,2,8,prefill,fp8_e4m3,32768,1,1024,3.8860158920288086,,1610417664,18874368,0.0075984555296599865
9,16,2,8,prefill,fp8_e4m3,32768,1,8192,9.141973495483398,,2448557568,18874368,0.0075984555296599865
9,16,2,8,decode,fp8_e4m3,131072,1,1,1.6553707122802734,0.1371824026107788,161280,75497472,0.03470971807837486
9,16,2,8,decode,fp8_e4m3,131072,8,1,1.2667413552602131,0.21940159797668457,1287168,603979776,0.03470971807837486
9,16,2,8,decode,fp8_e4m3,131072,32,1,1.1302293141682942,0.5671760082244873,6000640,2415919104,0.03470971807837486
9,16,2,8,prefill,fp8_e4m3,131072,1,128,8.469557444254557,,5962081792,75497472,0.0075984555296599865
9,16,2,8,prefill,fp8_e4m3,131072,1,1024,11.046517690022787,,6064768512,75497472,0.0075984555296599865
9,16,2,8,prefill,fp8_e4m3,131072,1,8192,29.50249481201172,,6902777344,75497472,0.0075984555296599865
9,16,2,8,decode,fp8_e4m3,524288,1,1,1.7151145935058594,0.19383360147476197,161280,301989888,0.03470971807837486
9,16,2,8,decode,fp8_e4m3,524288,8,1,1.263423999150594,0.5257967948913574,1287168,2415919104,0.03470971807837486
9,16,2,8,decode,fp8_e4m3,524288,32,1,2.12065060933431,2.0934223175048827,6000640,9663676416,0.03470971807837486
9,16,2,8,prefill,fp8_e4m3,524288,1,128,31.53973388671875,,8828315136,301989888,0.0075984555296599865
9,16,2,8,prefill,fp8_e4m3,524288,1,1024,41.980682373046875,,8915584512,301989888,0.0075984555296599865
9,16,2,8,prefill,fp8_e4m3,524288,1,8192,117.51478068033855,,9626584576,301989888,0.0075984555296599865
9,16,2,8,decode,fp8_e4m3,1048576,1,1,1.3943999608357747,0.26448640823364256,161280,603979776,0.03470971807837486
9,16,2,8,decode,fp8_e4m3,1048576,8,1,1.5338452657063801,0.9568479537963868,1287168,4831838208,0.03470971807837486
9,16,2,8,decode,fp8_e4m3,1048576,32,1,3.962517420450846,4.143924713134766,5148672,19327352832,0.03470971807837486
9,16,2,8,prefill,fp8_e4m3,1048576,1,128,62.90516153971354,,9431377408,603979776,0.0075984555296599865
9,16,2,8,prefill,fp8_e4m3,1048576,1,1024,82.99655659993489,,9519564288,603979776,0.0075984555296599865
9,16,2,8,prefill,fp8_e4m3,1048576,1,8192,231.46256510416666,,10229515776,603979776,0.0075984555296599865
9,16,2,8,decode,bfloat16,1024,1,1,1.4865600268046062,0.10261280536651611,139776,1179648,0.004783360753208399
9,16,2,8,decode,bfloat16,1024,8,1,1.5749759674072266,0.10844800472259522,1115136,9437184,0.004783360753208399
9,16,2,8,decode,bfloat16,1024,32,1,1.4005227088928223,0.12534879446029662,5312512,37748736,0.004783360753208399
9,16,2,8,prefill,bfloat16,1024,1,128,2.504682699839274,,69576192,1179648,0.001843483536504209
9,16,2,8,prefill,bfloat16,1024,1,1024,1.3685226440429688,,110494720,1179648,0.001843483536504209
9,16,2,8,decode,bfloat16,8192,1,1,1.619274616241455,0.10955519676208496,139776,9437184,0.004783360753208399
9,16,2,8,decode,bfloat16,8192,8,1,1.6390719413757324,0.12253119945526122,1115136,75497472,0.004783360753208399
9,16,2,8,decode,bfloat16,8192,32,1,1.0768319765726726,0.16897120475769042,5312512,301989888,0.004783360753208399
9,16,2,8,prefill,bfloat16,8192,1,128,2.7522452672322593,,393733632,9437184,0.001843483536504209
9,16,2,8,prefill,bfloat16,8192,1,1024,2.0849812825520835,,496961024,9437184,0.001843483536504209
9,16,2,8,prefill,bfloat16,8192,1,8192,2.879701296488444,,838206464,9437184,0.001843483536504209
9,16,2,8,decode,bfloat16,32768,1,1,1.682154655456543,0.1234976053237915,139776,37748736,0.004783360753208399
9,16,2,8,decode,bfloat16,32768,8,1,1.6471360524495442,0.15946880578994752,1115136,301989888,0.004783360753208399
9,16,2,8,decode,bfloat16,32768,32,1,1.4838186899820964,0.3233664035797119,5312512,1207959552,0.004783360753208399
9,16,2,8,prefill,bfloat16,32768,1,128,3.243274688720703,,1507730944,37748736,0.001843483536504209
9,16,2,8,prefill,bfloat16,32768,1,1024,3.935765266418457,,1610417664,37748736,0.001843483536504209
9,16,2,8,prefill,bfloat16,32768,1,8192,9.1573117574056,,2449475072,37748736,0.001843483536504209
9,16,2,8,decode,bfloat16,131072,1,1,1.7076479593912761,0.14316320419311523,139776,150994944,0.004783360753208399
9,16,2,8,decode,bfloat16,131072,8,1,1.7466239929199219,0.33087360858917236,1115136,1207959552,0.004783360753208399
9,16,2,8,decode,bfloat16,131072,32,1,1.2455253601074219,0.9574496269226074,5312512,4831838208,0.004783360753208399
9,16,2,8,prefill,bfloat16,131072,1,128,8.572799682617188,,5962081792,150994944,0.001843483536504209
9,16,2,8,prefill,bfloat16,131072,1,1024,11.162090301513672,,6064768512,150994944,0.001843483536504209
9,16,2,8,prefill,bfloat16,131072,1,8192,30.222122192382812,,6902777344,150994944,0.001843483536504209
9,16,2,8,decode,bfloat16,524288,1,1,1.7068799336751301,0.23847999572753906,139776,603979776,0.004783360753208399
9,16,2,8,decode,bfloat16,524288,8,1,1.7586453755696614,0.91910400390625,1115136,4831838208,0.004783360753208399
9,16,2,8,decode,bfloat16,524288,32,1,3.7903146743774414,3.788150405883789,5312512,19327352832,0.004783360753208399
9,16,2,8,prefill,bfloat16,524288,1,128,31.478612263997395,,8828315136,603979776,0.001843483536504209
9,16,2,8,prefill,bfloat16,524288,1,1024,41.18059794108073,,8915584512,603979776,0.001843483536504209
9,16,2,8,prefill,bfloat16,524288,1,8192,117.74595133463542,,9626584576,603979776,0.001843483536504209
9,16,2,8,decode,bfloat16,1048576,1,1,1.770901362101237,0.36504321098327636,139776,1207959552,0.004783360753208399
9,16,2,8,decode,bfloat16,1048576,8,1,2.1318400700887046,1.7713855743408202,1115136,9663676416,0.004783360753208399
9,16,2,8,decode,bfloat16,1048576,32,1,7.167957305908203,7.525421142578125,4460544,38654705664,0.004783360753208399
9,16,2,8,prefill,bfloat16,1048576,1,128,62.01434834798177,,9431377408,1207959552,0.001843483536504209
9,16,2,8,prefill,bfloat16,1048576,1,1024,82.22756449381511,,9519564288,1207959552,0.001843483536504209
9,16,2,8,prefill,bfloat16,1048576,1,8192,234.06306966145834,,10230564352,1207959552,0.001843483536504209
9,16,1,16,decode,fp8_e4m3,1024,1,1,1.01201065381368,0.12823840379714965,317952,589824,0.034656696021556854
9,16,1,16,decode,fp8_e4m3,1024,8,1,0.9614826838175455,0.13133440017700196,2540544,4718592,0.034656696021556854
