rank,world,tp,dp,phase,cache_dtype,context,batch_per_dp,chunk,eager_ms,graph_ms,dynamic_peak_bytes,cache_bytes,short_reference_relative_l2
0,16,16,1,decode,fp8_e4m3,1024,2,1,1.840928077697754,0.11379679441452026,61952,1179648,0.03509664535522461
0,16,16,1,decode,fp8_e4m3,1024,4,1,1.8428586324055989,0.1157088041305542,123392,2359296,0.03509664535522461
0,16,16,1,decode,fp8_e4m3,1024,16,1,1.5360852877298992,0.10958399772644042,493568,9437184,0.03509664535522461
0,16,16,1,decode,fp8_e4m3,8192,2,1,1.5347520510355632,0.11609920263290405,61952,9437184,0.03509664535522461
0,16,16,1,decode,fp8_e4m3,8192,4,1,1.6866025924682617,0.11933280229568481,123392,18874368,0.03509664535522461
0,16,16,1,decode,fp8_e4m3,8192,16,1,1.508778731028239,0.147051203250885,493568,75497472,0.03509664535522461
0,16,16,1,decode,fp8_e4m3,32768,2,1,1.7453866004943848,0.13241759538650513,61952,37748736,0.03509664535522461
0,16,16,1,decode,fp8_e4m3,32768,4,1,1.7964587211608887,0.1467023968696594,123392,75497472,0.03509664535522461
0,16,16,1,decode,fp8_e4m3,32768,16,1,1.5160214106241863,0.1824303984642029,493568,301989888,0.03509664535522461
0,16,16,1,decode,fp8_e4m3,131072,2,1,1.766325314839681,0.1606816053390503,61952,150994944,0.03509664535522461
0,16,16,1,decode,fp8_e4m3,131072,4,1,1.7648320198059082,0.17964160442352295,123392,301989888,0.03509664535522461
0,16,16,1,decode,fp8_e4m3,131072,16,1,1.5514027277628581,0.30759999752044676,493568,1207959552,0.03509664535522461
0,16,16,1,decode,fp8_e4m3,524288,2,1,1.8200106620788574,0.22370879650115966,61952,603979776,0.03509664535522461
0,16,16,1,decode,fp8_e4m3,524288,4,1,1.8086719512939453,0.3027856111526489,123392,1207959552,0.03509664535522461
0,16,16,1,decode,fp8_e4m3,524288,16,1,1.5443092981974285,0.8132143974304199,493568,4831838208,0.03509664535522461
0,16,16,1,decode,fp8_e4m3,1048576,2,1,1.8249279657999675,0.30639359951019285,61952,1207959552,0.03509664535522461
0,16,16,1,decode,fp8_e4m3,1048576,4,1,1.7486400604248047,0.4684927940368652,123392,2415919104,0.03509664535522461
0,16,16,1,decode,fp8_e4m3,1048576,16,1,1.7648107210795085,1.4980624198913575,493568,9663676416,0.03509664535522461
0,16,16,1,decode,bfloat16,1024,2,1,1.7050347328186035,0.107750403881073,61952,2359296,0.006898726802319288
0,16,16,1,decode,bfloat16,1024,4,1,1.673269271850586,0.1103376030921936,123392,4718592,0.006898726802319288
0,16,16,1,decode,bfloat16,1024,16,1,1.4801066716512044,0.11334400177001953,493568,18874368,0.006898726802319288
0,16,16,1,decode,bfloat16,8192,2,1,1.69595734278361,0.11679680347442627,61952,18874368,0.006898726802319288
0,16,16,1,decode,bfloat16,8192,4,1,1.6917333602905273,0.12471359968185425,123392,37748736,0.006898726802319288
0,16,16,1,decode,bfloat16,8192,16,1,1.4560960133870442,0.16016160249710082,493568,150994944,0.006898726802319288
0,16,16,1,decode,bfloat16,32768,2,1,1.7218987147013347,0.1485424041748047,61952,75497472,0.006898726802319288
0,16,16,1,decode,bfloat16,32768,4,1,1.477941354115804,0.15632480382919312,123392,150994944,0.006898726802319288
0,16,16,1,decode,bfloat16,32768,16,1,1.4571733474731445,0.2356271982192993,493568,603979776,0.006898726802319288
0,16,16,1,decode,bfloat16,131072,2,1,1.5197653770446777,0.1854383945465088,61952,301989888,0.006898726802319288
0,16,16,1,decode,bfloat16,131072,4,1,1.701034704844157,0.23043360710144042,123392,603979776,0.006898726802319288
0,16,16,1,decode,bfloat16,131072,16,1,1.220352013905843,0.5277023792266846,493568,2415919104,0.006898726802319288
0,16,16,1,decode,bfloat16,524288,2,1,1.670944054921468,0.3321712017059326,61952,1207959552,0.006898726802319288
0,16,16,1,decode,bfloat16,524288,4,1,1.731808026631673,0.5340816020965576,123392,2415919104,0.006898726802319288
0,16,16,1,decode,bfloat16,524288,16,1,2.0917226473490396,1.7914512634277344,493568,9663676416,0.006898726802319288
0,16,16,1,decode,bfloat16,1048576,2,1,1.7834879557291667,0.5429759979248047,61952,2415919104,0.006898726802319288
0,16,16,1,decode,bfloat16,1048576,4,1,1.849247932434082,0.9174896240234375,123392,4831838208,0.006898726802319288
0,16,16,1,decode,bfloat16,1048576,16,1,15.28818130493164,3.3509681701660154,493568,19327352832,0.006898726802319288
0,16,8,2,decode,fp8_e4m3,1024,2,1,1.7708160082499187,0.09280480146408081,87040,1179648,0.03501495346426964
0,16,8,2,decode,fp8_e4m3,1024,4,1,1.8770453135172527,0.09550880193710327,173568,2359296,0.03501495346426964
0,16,8,2,decode,fp8_e4m3,1024,16,1,1.499615987141927,0.10369759798049927,694272,9437184,0.03501495346426964
0,16,8,2,decode,fp8_e4m3,8192,2,1,1.731818675994873,0.10035519599914551,87040,9437184,0.03501495346426964
0,16,8,2,decode,fp8_e4m3,8192,4,1,1.9257599512736003,0.10513119697570801,173568,18874368,0.03501495346426964
0,16,8,2,decode,fp8_e4m3,8192,16,1,1.3364373842875164,0.12462559938430787,694272,75497472,0.03501495346426964
0,16,8,2,decode,fp8_e4m3,32768,2,1,1.9699947039286296,0.11840159893035888,87040,37748736,0.03501495346426964
0,16,8,2,decode,fp8_e4m3,32768,4,1,1.70522673924764,0.12491840124130249,173568,75497472,0.03501495346426964
0,16,8,2,decode,fp8_e4m3,32768,16,1,1.3367679913838704,0.1572160005569458,694272,301989888,0.03501495346426964
0,16,8,2,decode,fp8_e4m3,131072,2,1,1.8300159772237141,0.13843679428100586,87040,150994944,0.03501495346426964
0,16,8,2,decode,fp8_e4m3,131072,4,1,1.7656213442484539,0.15694400072097778,173568,301989888,0.03501495346426964
0,16,8,2,decode,fp8_e4m3,131072,16,1,1.4106987317403157,0.28233919143676756,694272,1207959552,0.03501495346426964
0,16,8,2,decode,fp8_e4m3,524288,2,1,1.7216320037841797,0.2035343885421753,87040,603979776,0.03501495346426964
0,16,8,2,decode,fp8_e4m3,524288,4,1,1.7491520245869954,0.28193440437316897,173568,1207959552,0.03501495346426964
0,16,8,2,decode,fp8_e4m3,524288,16,1,1.4993066787719727,0.7888847827911377,694272,4831838208,0.03501495346426964
0,16,8,2,decode,fp8_e4m3,1048576,2,1,1.8497494061787922,0.2838752031326294,87040,1207959552,0.03501495346426964
0,16,8,2,decode,fp8_e4m3,1048576,4,1,1.8025706609090169,0.4477663993835449,173568,2415919104,0.03501495346426964
0,16,8,2,decode,fp8_e4m3,1048576,16,1,1.787882645924886,1.4690688133239747,694272,9663676416,0.03501495346426964
0,16,8,2,decode,bfloat16,1024,2,1,1.731669267018636,0.09132800102233887,86528,2359296,0.006444955710321665
0,16,8,2,decode,bfloat16,1024,4,1,1.6420267422993977,0.09288319945335388,172544,4718592,0.006444955710321665
0,16,8,2,decode,bfloat16,1024,16,1,1.3937279383341472,0.10702240467071533,690176,18874368,0.006444955710321665
0,16,8,2,decode,bfloat16,8192,2,1,1.6326506932576497,0.10425920486450195,86528,18874368,0.006444955710321665
0,16,8,2,decode,bfloat16,8192,4,1,1.5874667167663574,0.11028480529785156,172544,37748736,0.006444955710321665
0,16,8,2,decode,bfloat16,8192,16,1,1.403498649597168,0.13412799835205078,690176,150994944,0.006444955710321665
0,16,8,2,decode,bfloat16,32768,2,1,1.845322608947754,0.12626240253448487,86528,75497472,0.006444955710321665
0,16,8,2,decode,bfloat16,32768,4,1,1.5929279327392578,0.135972797870636,172544,150994944,0.006444955710321665
0,16,8,2,decode,bfloat16,32768,16,1,1.4107732772827148,0.21008639335632323,690176,603979776,0.006444955710321665
0,16,8,2,decode,bfloat16,131072,2,1,1.6748159726460774,0.16337440013885499,86528,301989888,0.006444955710321665
0,16,8,2,decode,bfloat16,131072,4,1,1.8352746963500977,0.21099519729614258,172544,603979776,0.006444955710321665
0,16,8,2,decode,bfloat16,131072,16,1,1.2145813306172688,0.5085296154022216,690176,2415919104,0.006444955710321665
0,16,8,2,decode,bfloat16,524288,2,1,1.6445226669311523,0.32428479194641113,86528,1207959552,0.006444955710321665
0,16,8,2,decode,bfloat16,524288,4,1,1.6430506706237793,0.5080863952636718,172544,2415919104,0.006444955710321665
0,16,8,2,decode,bfloat16,524288,16,1,2.083338737487793,1.7708560943603515,690176,9663676416,0.006444955710321665
0,16,8,2,decode,bfloat16,1048576,2,1,1.646997292836507,0.5133088111877442,86528,2415919104,0.006444955710321665
0,16,8,2,decode,bfloat16,1048576,4,1,1.7125333150227864,0.9104528427124023,172544,4831838208,0.006444955710321665
0,16,8,2,decode,bfloat16,1048576,16,1,3.5487146377563477,3.2520431518554687,690176,19327352832,0.006444955710321665
0,16,4,4,decode,fp8_e4m3,1024,2,1,1.7358187039693196,0.107259202003479,213504,1179648,0.03481585159897804
0,16,4,4,decode,fp8_e4m3,1024,4,1,1.7268373171488445,0.10698560476303101,425472,2359296,0.03481585159897804
0,16,4,4,decode,fp8_e4m3,1024,16,1,1.3962666193644206,0.1121008038520813,1699840,9437184,0.03481585159897804
0,16,4,4,decode,fp8_e4m3,8192,2,1,1.4812053044637044,0.11285439729690552,213504,9437184,0.03481585159897804
0,16,4,4,decode,fp8_e4m3,8192,4,1,1.5309653282165527,0.11321280002593995,425472,18874368,0.03481585159897804
0,16,4,4,decode,fp8_e4m3,8192,16,1,1.4401599566141765,0.12942240238189698,1699840,75497472,0.03481585159897804
0,16,4,4,decode,fp8_e4m3,32768,2,1,1.6373546918233235,0.12283040285110473,213504,37748736,0.03481585159897804
0,16,4,4,decode,fp8_e4m3,32768,4,1,1.6099306742350261,0.12796000242233277,425472,75497472,0.03481585159897804
0,16,4,4,decode,fp8_e4m3,32768,16,1,1.5420692761739094,0.18290079832077027,1699840,301989888,0.03481585159897804
0,16,4,4,decode,fp8_e4m3,131072,2,1,1.6964693069458008,0.14629600048065186,213504,150994944,0.03481585159897804
0,16,4,4,decode,fp8_e4m3,131072,4,1,1.6948374112447102,0.17391200065612794,425472,301989888,0.03481585159897804
0,16,4,4,decode,fp8_e4m3,131072,16,1,1.5589226086934407,0.3958031892776489,1699840,1207959552,0.03481585159897804
0,16,4,4,decode,fp8_e4m3,524288,2,1,1.7103573481241863,0.24084799289703368,213504,603979776,0.03481585159897804
0,16,4,4,decode,fp8_e4m3,524288,4,1,1.7477760314941406,0.36509439945220945,425472,1207959552,0.03481585159897804
0,16,4,4,decode,fp8_e4m3,524288,16,1,1.489781379699707,1.2474944114685058,1699840,4831838208,0.03481585159897804
0,16,4,4,decode,fp8_e4m3,1048576,2,1,1.6619092623392742,0.3686223983764648,213504,1207959552,0.03481585159897804
0,16,4,4,decode,fp8_e4m3,1048576,4,1,1.699519952138265,0.6100128173828125,425472,2415919104,0.03481585159897804
0,16,4,4,decode,fp8_e4m3,1048576,16,1,2.7012694676717124,2.521790313720703,1699840,9663676416,0.03481585159897804
0,16,4,4,decode,bfloat16,1024,2,1,1.597599983215332,0.10442240238189697,222720,2359296,0.005524782929569483
0,16,4,4,decode,bfloat16,1024,4,1,1.2767253716786702,0.10547360181808471,443904,4718592,0.005524782929569483
0,16,4,4,decode,bfloat16,1024,16,1,1.5429439544677734,0.10955679416656494,1773568,18874368,0.005524782929569483
0,16,4,4,decode,bfloat16,8192,2,1,1.6629759470621746,0.11187200546264649,222720,18874368,0.005524782929569483
0,16,4,4,decode,bfloat16,8192,4,1,1.5728747049967449,0.11664639711380005,443904,37748736,0.005524782929569483
0,16,4,4,decode,bfloat16,8192,16,1,1.5335253079732258,0.149835205078125,1773568,150994944,0.005524782929569483
0,16,4,4,decode,bfloat16,32768,2,1,1.6811307271321614,0.12948479652404785,222720,75497472,0.005524782929569483
0,16,4,4,decode,bfloat16,32768,4,1,1.670581340789795,0.14406720399856568,443904,150994944,0.005524782929569483
0,16,4,4,decode,bfloat16,32768,16,1,1.1818986733754475,0.266758394241333,1773568,603979776,0.005524782929569483
0,16,4,4,decode,bfloat16,131072,2,1,1.3501440684000652,0.1786736011505127,222720,301989888,0.005524782929569483
0,16,4,4,decode,bfloat16,131072,4,1,1.6823573112487793,0.24678559303283693,443904,603979776,0.005524782929569483
0,16,4,4,decode,bfloat16,131072,16,1,1.6111680666605632,0.7299007892608642,1773568,2415919104,0.005524782929569483
0,16,4,4,decode,bfloat16,524288,2,1,1.2887146472930908,0.3844127893447876,222720,1207959552,0.005524782929569483
0,16,4,4,decode,bfloat16,524288,4,1,1.7181013425191243,0.6515088081359863,443904,2415919104,0.005524782929569483
0,16,4,4,decode,bfloat16,524288,16,1,2.8276052474975586,2.5822080612182616,1773568,9663676416,0.005524782929569483
0,16,4,4,decode,bfloat16,1048576,2,1,1.356661319732666,0.6509456157684326,222720,2415919104,0.005524782929569483
0,16,4,4,decode,bfloat16,1048576,4,1,1.5504533449808757,1.193227195739746,443904,4831838208,0.005524782929569483
0,16,4,4,decode,bfloat16,1048576,16,1,5.381525039672852,5.06249771118164,1773568,19327352832,0.005524782929569483
0,16,2,8,decode,fp8_e4m3,1024,2,1,1.364949385325114,0.10558719635009765,322048,1179648,0.03470971807837486
0,16,2,8,decode,fp8_e4m3,1024,4,1,1.3611520131429036,0.10712800025939942,643584,2359296,0.03470971807837486
0,16,2,8,decode,fp8_e4m3,1024,16,1,1.22379732131958,0.1211616039276123,2574336,9437184,0.03470971807837486
0,16,2,8,decode,fp8_e4m3,8192,2,1,1.3837013244628906,0.11227519512176513,322048,9437184,0.03470971807837486
0,16,2,8,decode,fp8_e4m3,8192,4,1,1.3609387079874675,0.1177024006843567,643584,18874368,0.03470971807837486
0,16,2,8,decode,fp8_e4m3,8192,16,1,1.229098637898763,0.1326688051223755,2574336,75497472,0.03470971807837486
0,16,2,8,decode,fp8_e4m3,32768,2,1,1.3447465896606445,0.12649760246276856,322048,37748736,0.03470971807837486
0,16,2,8,decode,fp8_e4m3,32768,4,1,1.3382827440897624,0.12753920555114745,643584,75497472,0.03470971807837486
0,16,2,8,decode,fp8_e4m3,32768,16,1,1.2007253170013428,0.1741328001022339,2574336,301989888,0.03470971807837486
0,16,2,8,decode,fp8_e4m3,131072,2,1,1.3167253335316975,0.14794880151748657,322048,150994944,0.03470971807837486
0,16,2,8,decode,fp8_e4m3,131072,4,1,1.3318080107371013,0.16801600456237792,643584,301989888,0.03470971807837486
0,16,2,8,decode,fp8_e4m3,131072,16,1,1.1656426588694255,0.3320255994796753,2574336,1207959552,0.03470971807837486
0,16,2,8,decode,fp8_e4m3,524288,2,1,1.3301119804382324,0.2301055908203125,322048,603979776,0.03470971807837486
0,16,2,8,decode,fp8_e4m3,524288,4,1,1.35480531056722,0.3272687911987305,643584,1207959552,0.03470971807837486
0,16,2,8,decode,fp8_e4m3,524288,16,1,1.349727948506673,0.9605248451232911,2574336,4831838208,0.03470971807837486
0,16,2,8,decode,fp8_e4m3,1048576,2,1,1.3365546862284343,0.3291856050491333,322048,1207959552,0.03470971807837486
0,16,2,8,decode,fp8_e4m3,1048576,4,1,1.3384106953938801,0.5294400215148926,643584,2415919104,0.03470971807837486
0,16,2,8,decode,fp8_e4m3,1048576,16,1,2.038794676462809,1.9293167114257812,2574336,9663676416,0.03470971807837486
0,16,2,8,decode,bfloat16,1024,2,1,1.305408000946045,0.10366719961166382,279040,2359296,0.004783360753208399
0,16,2,8,decode,bfloat16,1024,4,1,1.2922346591949463,0.10450880527496338,557568,4718592,0.004783360753208399
0,16,2,8,decode,bfloat16,1024,16,1,1.170357306798299,0.12232639789581298,2230272,18874368,0.004783360753208399
0,16,2,8,decode,bfloat16,8192,2,1,1.2834239800771077,0.11447360515594482,279040,18874368,0.004783360753208399
0,16,2,8,decode,bfloat16,8192,4,1,1.2799786726633708,0.11951999664306641,557568,37748736,0.004783360753208399
0,16,2,8,decode,bfloat16,8192,16,1,1.1378133296966553,0.14235039949417114,2230272,150994944,0.004783360753208399
0,16,2,8,decode,bfloat16,32768,2,1,1.2808852990468342,0.12795519828796387,279040,75497472,0.004783360753208399
0,16,2,8,decode,bfloat16,32768,4,1,1.2755093574523926,0.13577920198440552,557568,150994944,0.004783360753208399
0,16,2,8,decode,bfloat16,32768,16,1,1.129151980082194,0.21885759830474855,2230272,603979776,0.004783360753208399
0,16,2,8,decode,bfloat16,131072,2,1,1.270154635111491,0.16827360391616822,279040,301989888,0.004783360753208399
0,16,2,8,decode,bfloat16,131072,4,1,1.2727786699930828,0.2164463996887207,557568,603979776,0.004783360753208399
0,16,2,8,decode,bfloat16,131072,16,1,1.1427199840545654,0.5189472198486328,2230272,2415919104,0.004783360753208399
0,16,2,8,decode,bfloat16,524288,2,1,1.2817066510518391,0.3225663900375366,279040,1207959552,0.004783360753208399
0,16,2,8,decode,bfloat16,524288,4,1,1.3026986916859944,0.5239295959472656,557568,2415919104,0.004783360753208399
0,16,2,8,decode,bfloat16,524288,16,1,2.047306696573893,1.863092803955078,2230272,9663676416,0.004783360753208399
0,16,2,8,decode,bfloat16,1048576,2,1,1.269973357518514,0.5393311977386475,279040,2415919104,0.004783360753208399
0,16,2,8,decode,bfloat16,1048576,4,1,1.3757972717285156,0.9313360214233398,557568,4831838208,0.004783360753208399
0,16,2,8,decode,bfloat16,1048576,16,1,3.5436693827311196,3.6105934143066407,2230272,19327352832,0.004783360753208399
0,16,1,16,decode,fp8_e4m3,1024,2,1,1.08732803662618,0.13337440490722657,824832,1179648,0.034656696021556854
0,16,1,16,decode,fp8_e4m3,1024,4,1,1.07204270362854,0.13555519580841063,1649152,2359296,0.034656696021556854
0,16,1,16,decode,fp8_e4m3,1024,16,1,1.0036266644795735,0.14194560050964355,6924288,9437184,0.034656696021556854
0,16,1,16,decode,fp8_e4m3,8192,2,1,1.0992106596628826,0.14154080152511597,824832,9437184,0.034656696021556854
0,16,1,16,decode,fp8_e4m3,8192,4,1,1.1049066384633381,0.14124000072479248,1649152,18874368,0.034656696021556854
0,16,1,16,decode,fp8_e4m3,8192,16,1,0.9886079629262289,0.15440479516983033,6727680,75497472,0.034656696021556854
0,16,1,16,decode,fp8_e4m3,32768,2,1,1.09334397315979,0.14842720031738282,824832,37748736,0.034656696021556854
0,16,1,16,decode,fp8_e4m3,32768,4,1,1.1205653349558513,0.1517024040222168,1649152,75497472,0.034656696021556854
0,16,1,16,decode,fp8_e4m3,32768,16,1,1.0292267004648845,0.1969391942024231,6727680,301989888,0.034656696021556854
0,16,1,16,decode,fp8_e4m3,131072,2,1,1.1112213134765625,0.16933280229568481,824832,150994944,0.034656696021556854
0,16,1,16,decode,fp8_e4m3,131072,4,1,1.0981866518656414,0.19141759872436523,1649152,301989888,0.034656696021556854
0,16,1,16,decode,fp8_e4m3,131072,16,1,1.0083839893341064,0.37874879837036135,6727680,1207959552,0.034656696021556854
0,16,1,16,decode,fp8_e4m3,524288,2,1,1.0879039764404297,0.24916958808898926,824832,603979776,0.034656696021556854
0,16,1,16,decode,fp8_e4m3,524288,4,1,1.110848029454549,0.3594336032867432,1649152,1207959552,0.034656696021556854
0,16,1,16,decode,fp8_e4m3,524288,16,1,1.3976319630940754,1.2343279838562011,6727680,4831838208,0.034656696021556854
0,16,1,16,decode,fp8_e4m3,1048576,2,1,1.1221760114034016,0.3633807897567749,824832,1207959552,0.034656696021556854
0,16,1,16,decode,fp8_e4m3,1048576,4,1,1.1747732957204182,0.6003471851348877,1649152,2415919104,0.034656696021556854
0,16,1,16,decode,fp8_e4m3,1048576,16,1,2.4177172978719077,2.582601547241211,6727680,9663676416,0.034656696021556854
0,16,1,16,decode,bfloat16,1024,2,1,1.0289493401845295,0.13106399774551392,861696,2359296,0.004290093667805195
0,16,1,16,decode,bfloat16,1024,4,1,1.0081600348154705,0.13443360328674317,1722880,4718592,0.004290093667805195
0,16,1,16,decode,bfloat16,1024,16,1,0.9180586338043213,0.14718400239944457,6891520,18874368,0.004290093667805195
0,16,1,16,decode,bfloat16,8192,2,1,1.0097493330637615,0.14761600494384766,861696,18874368,0.004290093667805195
0,16,1,16,decode,bfloat16,8192,4,1,1.0472426414489746,0.13908640146255494,1722880,37748736,0.004290093667805195
0,16,1,16,decode,bfloat16,8192,16,1,0.9532480239868164,0.16197919845581055,6891520,150994944,0.004290093667805195
0,16,1,16,decode,bfloat16,32768,2,1,1.0493760108947754,0.14732799530029297,861696,75497472,0.004290093667805195
0,16,1,16,decode,bfloat16,32768,4,1,1.030997355779012,0.15902559757232665,1722880,150994944,0.004290093667805195
0,16,1,16,decode,bfloat16,32768,16,1,0.9583040078481039,0.24186079502105712,6891520,603979776,0.004290093667805195
0,16,1,16,decode,bfloat16,131072,2,1,1.0132373174031575,0.18613120317459106,861696,301989888,0.004290093667805195
0,16,1,16,decode,bfloat16,131072,4,1,1.0201066335042317,0.23357279300689698,1722880,603979776,0.004290093667805195
0,16,1,16,decode,bfloat16,131072,16,1,1.0055359999338787,0.576423978805542,6891520,2415919104,0.004290093667805195
0,16,1,16,decode,bfloat16,524288,2,1,1.0452799797058105,0.33748159408569334,861696,1207959552,0.004290093667805195
0,16,1,16,decode,bfloat16,524288,4,1,1.1059199968973796,0.5407872200012207,1722880,2415919104,0.004290093667805195
0,16,1,16,decode,bfloat16,524288,16,1,2.1525012652079263,2.0739551544189454,6891520,9663676416,0.004290093667805195
0,16,1,16,decode,bfloat16,1048576,2,1,1.1349759896596272,0.5434783935546875,861696,2415919104,0.004290093667805195
0,16,1,16,decode,bfloat16,1048576,4,1,1.2464319864908855,0.951296043395996,1722880,4831838208,0.004290093667805195
0,16,1,16,decode,bfloat16,1048576,16,1,3.951178550720215,4.367961502075195,6891520,19327352832,0.004290093667805195
1,16,16,1,decode,fp8_e4m3,1024,2,1,1.8414719899495442,0.11387039422988891,61952,1179648,0.03509664535522461
1,16,16,1,decode,fp8_e4m3,1024,4,1,1.8430186907450359,0.11572799682617188,123392,2359296,0.03509664535522461
1,16,16,1,decode,fp8_e4m3,1024,16,1,1.5362133979797363,0.10956000089645386,493568,9437184,0.03509664535522461
1,16,16,1,decode,fp8_e4m3,8192,2,1,1.5348159472147624,0.11639039516448975,61952,9437184,0.03509664535522461
1,16,16,1,decode,fp8_e4m3,8192,4,1,1.6867413520812988,0.11954560279846191,123392,18874368,0.03509664535522461
1,16,16,1,decode,fp8_e4m3,8192,16,1,1.510581334431966,0.14731040000915527,493568,75497472,0.03509664535522461
1,16,16,1,decode,fp8_e4m3,32768,2,1,1.7463040351867676,0.1323904037475586,61952,37748736,0.03509664535522461
1,16,16,1,decode,fp8_e4m3,32768,4,1,1.7965866724650066,0.14684000015258789,123392,75497472,0.03509664535522461
1,16,16,1,decode,fp8_e4m3,32768,16,1,1.5174400011698406,0.18266719579696655,493568,301989888,0.03509664535522461
1,16,16,1,decode,fp8_e4m3,131072,2,1,1.767317295074463,0.16109919548034668,61952,150994944,0.03509664535522461
1,16,16,1,decode,fp8_e4m3,131072,4,1,1.7642347017923992,0.17964639663696289,123392,301989888,0.03509664535522461
1,16,16,1,decode,fp8_e4m3,131072,16,1,1.5526399612426758,0.30796160697937014,493568,1207959552,0.03509664535522461
1,16,16,1,decode,fp8_e4m3,524288,2,1,1.8213547070821126,0.22370240688323975,61952,603979776,0.03509664535522461
1,16,16,1,decode,fp8_e4m3,524288,4,1,1.8094719250996907,0.30290400981903076,123392,1207959552,0.03509664535522461
1,16,16,1,decode,fp8_e4m3,524288,16,1,1.5451839764912922,0.8135439872741699,493568,4831838208,0.03509664535522461
1,16,16,1,decode,fp8_e4m3,1048576,2,1,1.8260159492492676,0.30667359828948976,61952,1207959552,0.03509664535522461
1,16,16,1,decode,fp8_e4m3,1048576,4,1,1.7493546803792317,0.46856322288513186,123392,2415919104,0.03509664535522461
1,16,16,1,decode,fp8_e4m3,1048576,16,1,1.765984058380127,1.4981648445129394,493568,9663676416,0.03509664535522461
1,16,16,1,decode,bfloat16,1024,2,1,1.7061120669047039,0.1079759955406189,61952,2359296,0.006898726802319288
1,16,16,1,decode,bfloat16,1024,4,1,1.6740907033284504,0.11021280288696289,123392,4718592,0.006898726802319288
1,16,16,1,decode,bfloat16,1024,16,1,1.48090664545695,0.11342400312423706,493568,18874368,0.006898726802319288
1,16,16,1,decode,bfloat16,8192,2,1,1.6971519788106282,0.11688799858093261,61952,18874368,0.006898726802319288
1,16,16,1,decode,bfloat16,8192,4,1,1.6925652821858723,0.12496000528335571,123392,37748736,0.006898726802319288
1,16,16,1,decode,bfloat16,8192,16,1,1.4568106333414714,0.16030559539794922,493568,150994944,0.006898726802319288
1,16,16,1,decode,bfloat16,32768,2,1,1.722826639811198,0.14879519939422609,61952,75497472,0.006898726802319288
1,16,16,1,decode,bfloat16,32768,4,1,1.4781440099080403,0.1564703941345215,123392,150994944,0.006898726802319288
1,16,16,1,decode,bfloat16,32768,16,1,1.4565760294596355,0.23579039573669433,493568,603979776,0.006898726802319288
1,16,16,1,decode,bfloat16,131072,2,1,1.5213972727457683,0.18561919927597045,61952,301989888,0.006898726802319288
1,16,16,1,decode,bfloat16,131072,4,1,1.701621373494466,0.23063840866088867,123392,603979776,0.006898726802319288
1,16,16,1,decode,bfloat16,131072,16,1,1.2213760217030842,0.5277935981750488,493568,2415919104,0.006898726802319288
1,16,16,1,decode,bfloat16,524288,2,1,1.6719786326090496,0.33230879306793215,61952,1207959552,0.006898726802319288
1,16,16,1,decode,bfloat16,524288,4,1,1.7320000330607097,0.5343120098114014,123392,2415919104,0.006898726802319288
1,16,16,1,decode,bfloat16,524288,16,1,2.092288017272949,1.791534423828125,493568,9663676416,0.006898726802319288
1,16,16,1,decode,bfloat16,1048576,2,1,1.784490744272868,0.5432144165039062,61952,2415919104,0.006898726802319288
1,16,16,1,decode,bfloat16,1048576,4,1,1.8492587407430012,0.9175583839416503,123392,4831838208,0.006898726802319288
1,16,16,1,decode,bfloat16,1048576,16,1,15.289131164550781,3.351131057739258,493568,19327352832,0.006898726802319288
1,16,8,2,decode,fp8_e4m3,1024,2,1,1.7727999687194824,0.09284800291061401,87040,1179648,0.03501495346426964
1,16,8,2,decode,fp8_e4m3,1024,4,1,1.8791680335998535,0.09567040205001831,173568,2359296,0.03501495346426964
1,16,8,2,decode,fp8_e4m3,1024,16,1,1.5006720225016277,0.10379680395126342,694272,9437184,0.03501495346426964
1,16,8,2,decode,fp8_e4m3,8192,2,1,1.7334399223327637,0.10060640573501586,87040,9437184,0.03501495346426964
1,16,8,2,decode,fp8_e4m3,8192,4,1,1.9273386001586914,0.10513440370559693,173568,18874368,0.03501495346426964
1,16,8,2,decode,fp8_e4m3,8192,16,1,1.3365972836812336,0.12457120418548584,694272,75497472,0.03501495346426964
1,16,8,2,decode,fp8_e4m3,32768,2,1,1.970794677734375,0.11832799911499023,87040,37748736,0.03501495346426964
1,16,8,2,decode,fp8_e4m3,32768,4,1,1.7054187456766765,0.12515840530395508,173568,75497472,0.03501495346426964
1,16,8,2,decode,fp8_e4m3,32768,16,1,1.3370347023010254,0.1573583960533142,694272,301989888,0.03501495346426964
1,16,8,2,decode,fp8_e4m3,131072,2,1,1.8301973342895508,0.1385648012161255,87040,150994944,0.03501495346426964
1,16,8,2,decode,fp8_e4m3,131072,4,1,1.7663893699645996,0.15702079534530639,173568,301989888,0.03501495346426964
1,16,8,2,decode,fp8_e4m3,131072,16,1,1.4105599721272786,0.28231201171875,694272,1207959552,0.03501495346426964
1,16,8,2,decode,fp8_e4m3,524288,2,1,1.7238933245340984,0.20361120700836183,87040,603979776,0.03501495346426964
1,16,8,2,decode,fp8_e4m3,524288,4,1,1.7487999598185222,0.2819904088973999,173568,1207959552,0.03501495346426964
1,16,8,2,decode,fp8_e4m3,524288,16,1,1.5002986590067546,0.7891520023345947,694272,4831838208,0.03501495346426964
1,16,8,2,decode,fp8_e4m3,1048576,2,1,1.8498667081197102,0.2839375972747803,87040,1207959552,0.03501495346426964
1,16,8,2,decode,fp8_e4m3,1048576,4,1,1.802901268005371,0.4477952003479004,173568,2415919104,0.03501495346426964
1,16,8,2,decode,fp8_e4m3,1048576,16,1,1.789013385772705,1.4691360473632813,694272,9663676416,0.03501495346426964
1,16,8,2,decode,bfloat16,1024,2,1,1.732192039489746,0.0914143979549408,86528,2359296,0.006444955710321665
1,16,8,2,decode,bfloat16,1024,4,1,1.641973336537679,0.09304800033569335,172544,4718592,0.006444955710321665
1,16,8,2,decode,bfloat16,1024,16,1,1.394879976908366,0.10716320276260376,690176,18874368,0.006444955710321665
1,16,8,2,decode,bfloat16,8192,2,1,1.6338772773742676,0.10436799526214599,86528,18874368,0.006444955710321665
1,16,8,2,decode,bfloat16,8192,4,1,1.5885119438171387,0.11026719808578492,172544,37748736,0.006444955710321665
1,16,8,2,decode,bfloat16,8192,16,1,1.4045759836832683,0.13406879901885987,690176,150994944,0.006444955710321665
1,16,8,2,decode,bfloat16,32768,2,1,1.845706621805827,0.12635519504547119,86528,75497472,0.006444955710321665
1,16,8,2,decode,bfloat16,32768,4,1,1.5926507314046223,0.13592000007629396,172544,150994944,0.006444955710321665
1,16,8,2,decode,bfloat16,32768,16,1,1.4105173746744792,0.2100752115249634,690176,603979776,0.006444955710321665
1,16,8,2,decode,bfloat16,131072,2,1,1.6750292778015137,0.1633136034011841,86528,301989888,0.006444955710321665
1,16,8,2,decode,bfloat16,131072,4,1,1.8372799555460613,0.21099839210510254,172544,603979776,0.006444955710321665
1,16,8,2,decode,bfloat16,131072,16,1,1.2154453595479329,0.5084527969360352,690176,2415919104,0.006444955710321665
1,16,8,2,decode,bfloat16,524288,2,1,1.6458133061726887,0.32423839569091795,86528,1207959552,0.006444955710321665
1,16,8,2,decode,bfloat16,524288,4,1,1.6436479886372883,0.5080351829528809,172544,2415919104,0.006444955710321665
1,16,8,2,decode,bfloat16,524288,16,1,2.0841493606567383,1.7707328796386719,690176,9663676416,0.006444955710321665
1,16,8,2,decode,bfloat16,1048576,2,1,1.647487958272298,0.513324785232544,86528,2415919104,0.006444955710321665
1,16,8,2,decode,bfloat16,1048576,4,1,1.7134933471679688,0.9104960441589356,172544,4831838208,0.006444955710321665
1,16,8,2,decode,bfloat16,1048576,16,1,3.5491199493408203,3.252297592163086,690176,19327352832,0.006444955710321665
1,16,4,4,decode,fp8_e4m3,1024,2,1,1.7361067136128743,0.10684640407562256,213504,1179648,0.03481585159897804
1,16,4,4,decode,fp8_e4m3,1024,4,1,1.7258559862772624,0.10682239532470703,425472,2359296,0.03481585159897804
1,16,4,4,decode,fp8_e4m3,1024,16,1,1.3966612815856934,0.112009596824646,1699840,9437184,0.03481585159897804
1,16,4,4,decode,fp8_e4m3,8192,2,1,1.481258710225423,0.11275680065155029,213504,9437184,0.03481585159897804
1,16,4,4,decode,fp8_e4m3,8192,4,1,1.531178633371989,0.11321920156478882,425472,18874368,0.03481585159897804
1,16,4,4,decode,fp8_e4m3,8192,16,1,1.4410559336344402,0.1295232057571411,1699840,75497472,0.03481585159897804
1,16,4,4,decode,fp8_e4m3,32768,2,1,1.6378560066223145,0.12269279956817628,213504,37748736,0.03481585159897804
1,16,4,4,decode,fp8_e4m3,32768,4,1,1.6095040639241536,0.12785120010375978,425472,75497472,0.03481585159897804
1,16,4,4,decode,fp8_e4m3,32768,16,1,1.5423787434895833,0.18272160291671752,1699840,301989888,0.03481585159897804
1,16,4,4,decode,fp8_e4m3,131072,2,1,1.6972692807515461,0.14603999853134156,213504,150994944,0.03481585159897804
1,16,4,4,decode,fp8_e4m3,131072,4,1,1.6943786938985188,0.17388800382614136,425472,301989888,0.03481585159897804
1,16,4,4,decode,fp8_e4m3,131072,16,1,1.5602134068806965,0.3957567930221558,1699840,1207959552,0.03481585159897804
1,16,4,4,decode,fp8_e4m3,524288,2,1,1.7115200360616047,0.240881609916687,213504,603979776,0.03481585159897804
1,16,4,4,decode,fp8_e4m3,524288,4,1,1.7476372718811035,0.3651808023452759,425472,1207959552,0.03481585159897804
1,16,4,4,decode,fp8_e4m3,524288,16,1,1.4901119867960613,1.2475215911865234,1699840,4831838208,0.03481585159897804
1,16,4,4,decode,fp8_e4m3,1048576,2,1,1.6617919603983562,0.36853439807891847,213504,1207959552,0.03481585159897804
1,16,4,4,decode,fp8_e4m3,1048576,4,1,1.6989332834879558,0.6099391937255859,425472,2415919104,0.03481585159897804
1,16,4,4,decode,fp8_e4m3,1048576,16,1,2.701397260030111,2.5218671798706054,1699840,9663676416,0.03481585159897804
1,16,4,4,decode,bfloat16,1024,2,1,1.5972053209940593,0.10412479639053344,222720,2359296,0.005524782929569483
1,16,4,4,decode,bfloat16,1024,4,1,1.2770240306854248,0.10534080266952514,443904,4718592,0.005524782929569483
1,16,4,4,decode,bfloat16,1024,16,1,1.5422719319661458,0.10942399501800537,1773568,18874368,0.005524782929569483
1,16,4,4,decode,bfloat16,8192,2,1,1.6628373463948567,0.11181119680404664,222720,18874368,0.005524782929569483
1,16,4,4,decode,bfloat16,8192,4,1,1.5735039710998535,0.11671359539031982,443904,37748736,0.005524782929569483
1,16,4,4,decode,bfloat16,8192,16,1,1.5344533920288086,0.14983359575271607,1773568,150994944,0.005524782929569483
1,16,4,4,decode,bfloat16,32768,2,1,1.682261308034261,0.12942559719085694,222720,75497472,0.005524782929569483
1,16,4,4,decode,bfloat16,32768,4,1,1.672320048014323,0.14411840438842774,443904,150994944,0.005524782929569483
1,16,4,4,decode,bfloat16,32768,16,1,1.1827092965443928,0.2667423963546753,1773568,603979776,0.005524782929569483
1,16,4,4,decode,bfloat16,131072,2,1,1.3504746754964192,0.17865920066833496,222720,301989888,0.005524782929569483
1,16,4,4,decode,bfloat16,131072,4,1,1.6829226811726887,0.2466559886932373,443904,603979776,0.005524782929569483
1,16,4,4,decode,bfloat16,131072,16,1,1.611669381459554,0.7297887802124023,1773568,2415919104,0.005524782929569483
1,16,4,4,decode,bfloat16,524288,2,1,1.2893973191579182,0.3844719886779785,222720,1207959552,0.005524782929569483
1,16,4,4,decode,bfloat16,524288,4,1,1.7181119918823242,0.651529598236084,443904,2415919104,0.005524782929569483
1,16,4,4,decode,bfloat16,524288,16,1,2.8268906275431314,2.582086372375488,1773568,9663676416,0.005524782929569483
1,16,4,4,decode,bfloat16,1048576,2,1,1.3574506441752117,0.6509168148040771,222720,2415919104,0.005524782929569483
1,16,4,4,decode,bfloat16,1048576,4,1,1.5503039360046387,1.1931088447570801,443904,4831838208,0.005524782929569483
1,16,4,4,decode,bfloat16,1048576,16,1,5.3810240427653,5.060992050170898,1773568,19327352832,0.005524782929569483
1,16,2,8,decode,fp8_e4m3,1024,2,1,1.3504427274068196,0.10563839673995971,322048,1179648,0.03470971807837486
1,16,2,8,decode,fp8_e4m3,1024,4,1,1.3552212715148926,0.10712000131607055,643584,2359296,0.03470971807837486
1,16,2,8,decode,fp8_e4m3,1024,16,1,1.2200000286102295,0.121288001537323,2574336,9437184,0.03470971807837486
1,16,2,8,decode,fp8_e4m3,8192,2,1,1.3836159706115723,0.11266239881515502,322048,9437184,0.03470971807837486
1,16,2,8,decode,fp8_e4m3,8192,4,1,1.3595520655314128,0.11773279905319214,643584,18874368,0.03470971807837486
1,16,2,8,decode,fp8_e4m3,8192,16,1,1.2278506755828857,0.1327023983001709,2574336,75497472,0.03470971807837486
1,16,2,8,decode,fp8_e4m3,32768,2,1,1.3443840344746907,0.1267184019088745,322048,37748736,0.03470971807837486
1,16,2,8,decode,fp8_e4m3,32768,4,1,1.3334719340006511,0.12756799459457396,643584,75497472,0.03470971807837486
1,16,2,8,decode,fp8_e4m3,32768,16,1,1.1960852940877278,0.17425119876861572,2574336,301989888,0.03470971807837486
1,16,2,8,decode,fp8_e4m3,131072,2,1,1.3139519691467285,0.14803359508514405,322048,150994944,0.03470971807837486
1,16,2,8,decode,fp8_e4m3,131072,4,1,1.3289600213368733,0.1681663990020752,643584,301989888,0.03470971807837486
1,16,2,8,decode,fp8_e4m3,131072,16,1,1.1703999837239583,0.33223519325256345,2574336,1207959552,0.03470971807837486
1,16,2,8,decode,fp8_e4m3,524288,2,1,1.3275093237559001,0.23028640747070311,322048,603979776,0.03470971807837486
1,16,2,8,decode,fp8_e4m3,524288,4,1,1.3525439898173015,0.32747039794921873,643584,1207959552,0.03470971807837486
1,16,2,8,decode,fp8_e4m3,524288,16,1,1.3506773312886555,0.9607088088989257,2574336,4831838208,0.03470971807837486
1,16,2,8,decode,fp8_e4m3,1048576,2,1,1.3346239725748699,0.3291327953338623,322048,1207959552,0.03470971807837486
1,16,2,8,decode,fp8_e4m3,1048576,4,1,1.335978666941325,0.5294464111328125,643584,2415919104,0.03470971807837486
1,16,2,8,decode,fp8_e4m3,1048576,16,1,2.038965384165446,1.9294208526611327,2574336,9663676416,0.03470971807837486
1,16,2,8,decode,bfloat16,1024,2,1,1.3025600115458171,0.10371999740600586,279040,2359296,0.004783360753208399
1,16,2,8,decode,bfloat16,1024,4,1,1.28875732421875,0.10462239980697632,557568,4718592,0.004783360753208399
1,16,2,8,decode,bfloat16,1024,16,1,1.1707626978556316,0.12248480319976807,2230272,18874368,0.004783360753208399
1,16,2,8,decode,bfloat16,8192,2,1,1.282922665278117,0.11453759670257568,279040,18874368,0.004783360753208399
1,16,2,8,decode,bfloat16,8192,4,1,1.2807892958323162,0.11954079866409302,557568,37748736,0.004783360753208399
1,16,2,8,decode,bfloat16,8192,16,1,1.1355199813842773,0.14248160123825074,2230272,150994944,0.004783360753208399
1,16,2,8,decode,bfloat16,32768,2,1,1.2803413073221843,0.12810080051422118,279040,75497472,0.004783360753208399
1,16,2,8,decode,bfloat16,32768,4,1,1.277685324350993,0.13590879440307618,557568,150994944,0.004783360753208399
1,16,2,8,decode,bfloat16,32768,16,1,1.118122657140096,0.21906559467315673,2230272,603979776,0.004783360753208399
1,16,2,8,decode,bfloat16,131072,2,1,1.2662506898244221,0.16849600076675414,279040,301989888,0.004783360753208399
1,16,2,8,decode,bfloat16,131072,4,1,1.272053321202596,0.21675360202789307,557568,603979776,0.004783360753208399
1,16,2,8,decode,bfloat16,131072,16,1,1.1442879835764568,0.5192560195922852,2230272,2415919104,0.004783360753208399
1,16,2,8,decode,bfloat16,524288,2,1,1.2784427007039387,0.3227871894836426,279040,1207959552,0.004783360753208399
1,16,2,8,decode,bfloat16,524288,4,1,1.2984320322672527,0.524064016342163,557568,2415919104,0.004783360753208399
1,16,2,8,decode,bfloat16,524288,16,1,2.0486507415771484,1.8635408401489257,2230272,9663676416,0.004783360753208399
1,16,2,8,decode,bfloat16,1048576,2,1,1.255669355392456,0.5394432067871093,279040,2415919104,0.004783360753208399
1,16,2,8,decode,bfloat16,1048576,4,1,1.3765439987182617,0.9315823554992676,557568,4831838208,0.004783360753208399
1,16,2,8,decode,bfloat16,1048576,16,1,3.5443201065063477,3.6108257293701174,2230272,19327352832,0.004783360753208399
1,16,1,16,decode,fp8_e4m3,1024,2,1,1.0335573355356853,0.13443039655685424,824832,1179648,0.034656696021556854
1,16,1,16,decode,fp8_e4m3,1024,4,1,1.0673387050628662,0.1360144019126892,1649152,2359296,0.034656696021556854
1,16,1,16,decode,fp8_e4m3,1024,16,1,1.0189759731292725,0.1416111946105957,6924288,9437184,0.034656696021556854
1,16,1,16,decode,fp8_e4m3,8192,2,1,1.065002679824829,0.14337919950485228,824832,9437184,0.034656696021556854
1,16,1,16,decode,fp8_e4m3,8192,4,1,1.098912000656128,0.14378559589385986,1649152,18874368,0.034656696021556854
1,16,1,16,decode,fp8_e4m3,8192,16,1,0.9843520323435465,0.15441279411315917,6727680,75497472,0.034656696021556854
1,16,1,16,decode,fp8_e4m3,32768,2,1,1.0686933199564617,0.15051039457321166,824832,37748736,0.034656696021556854
1,16,1,16,decode,fp8_e4m3,32768,4,1,1.070207993189494,0.15414880514144896,1649152,75497472,0.034656696021556854
1,16,1,16,decode,fp8_e4m3,32768,16,1,1.0000747044881184,0.1954367995262146,6727680,301989888,0.034656696021556854
1,16,1,16,decode,fp8_e4m3,131072,2,1,1.0683306852976482,0.16753920316696166,824832,150994944,0.034656696021556854
1,16,1,16,decode,fp8_e4m3,131072,4,1,1.0791253248850505,0.19186880588531494,1649152,301989888,0.034656696021556854
1,16,1,16,decode,fp8_e4m3,131072,16,1,0.9948906898498535,0.3787328004837036,6727680,1207959552,0.034656696021556854
1,16,1,16,decode,fp8_e4m3,524288,2,1,1.0844266414642334,0.24897758960723876,824832,603979776,0.034656696021556854
1,16,1,16,decode,fp8_e4m3,524288,4,1,1.0832853317260742,0.35926721096038816,1649152,1207959552,0.034656696021556854
1,16,1,16,decode,fp8_e4m3,524288,16,1,1.374666690826416,1.2111583709716798,6727680,4831838208,0.034656696021556854
1,16,1,16,decode,fp8_e4m3,1048576,2,1,1.052554686864217,0.3608880043029785,824832,1207959552,0.034656696021556854
1,16,1,16,decode,fp8_e4m3,1048576,4,1,1.1569493611653645,0.5899487972259522,1649152,2415919104,0.034656696021556854
1,16,1,16,decode,fp8_e4m3,1048576,16,1,2.3307520548502603,2.527859115600586,6727680,9663676416,0.034656696021556854
1,16,1,16,decode,bfloat16,1024,2,1,1.0114986896514893,0.13276959657669068,861696,2359296,0.004290093667805195
1,16,1,16,decode,bfloat16,1024,4,1,0.9668052991231283,0.13539520502090455,1722880,4718592,0.004290093667805195
1,16,1,16,decode,bfloat16,1024,16,1,0.8982400099436442,0.14672000408172609,6891520,18874368,0.004290093667805195
1,16,1,16,decode,bfloat16,8192,2,1,1.0058879852294922,0.14928159713745118,861696,18874368,0.004290093667805195
1,16,1,16,decode,bfloat16,8192,4,1,1.0259520212809246,0.14006079435348512,1722880,37748736,0.004290093667805195
1,16,1,16,decode,bfloat16,8192,16,1,0.9029119809468588,0.16148320436477662,6891520,150994944,0.004290093667805195
1,16,1,16,decode,bfloat16,32768,2,1,1.0267840226491292,0.14833920001983641,861696,75497472,0.004290093667805195
1,16,1,16,decode,bfloat16,32768,4,1,1.0057813326517742,0.1589568018913269,1722880,150994944,0.004290093667805195
1,16,1,16,decode,bfloat16,32768,16,1,0.9093333085378011,0.2410896062850952,6891520,603979776,0.004290093667805195
1,16,1,16,decode,bfloat16,131072,2,1,1.0116373697916667,0.18589279651641846,861696,301989888,0.004290093667805195
1,16,1,16,decode,bfloat16,131072,4,1,1.0088106791178386,0.23342719078063964,1722880,603979776,0.004290093667805195
1,16,1,16,decode,bfloat16,131072,16,1,1.015658696492513,0.5710800170898438,6891520,2415919104,0.004290093667805195
1,16,1,16,decode,bfloat16,524288,2,1,1.0230720043182373,0.3375168085098267,861696,1207959552,0.004290093667805195
1,16,1,16,decode,bfloat16,524288,4,1,1.085653305053711,0.5379168033599854,1722880,2415919104,0.004290093667805195
1,16,1,16,decode,bfloat16,524288,16,1,2.119775931040446,1.982259178161621,6891520,9663676416,0.004290093667805195
1,16,1,16,decode,bfloat16,1048576,2,1,1.094208002090454,0.5435696125030518,861696,2415919104,0.004290093667805195
1,16,1,16,decode,bfloat16,1048576,4,1,1.2223467032114665,0.948641586303711,1722880,4831838208,0.004290093667805195
1,16,1,16,decode,bfloat16,1048576,16,1,3.880117416381836,4.353073501586914,6891520,19327352832,0.004290093667805195
2,16,16,1,decode,fp8_e4m3,1024,2,1,1.8407360712687175,0.11358720064163208,61952,1179648,0.03509664535522461
2,16,16,1,decode,fp8_e4m3,1024,4,1,1.8443519274393718,0.11544959545135498,123392,2359296,0.03509664535522461
2,16,16,1,decode,fp8_e4m3,1024,16,1,1.5364799499511719,0.10943039655685424,493568,9437184,0.03509664535522461
2,16,16,1,decode,fp8_e4m3,8192,2,1,1.5349225997924805,0.1162608027458191,61952,9437184,0.03509664535522461
2,16,16,1,decode,fp8_e4m3,8192,4,1,1.6867520014444988,0.1192863941192627,123392,18874368,0.03509664535522461
2,16,16,1,decode,fp8_e4m3,8192,16,1,1.5101547241210938,0.1470960021018982,493568,75497472,0.03509664535522461
2,16,16,1,decode,fp8_e4m3,32768,2,1,1.746389389038086,0.1323024034500122,61952,37748736,0.03509664535522461
2,16,16,1,decode,fp8_e4m3,32768,4,1,1.7958933512369792,0.14641120433807372,123392,75497472,0.03509664535522461
2,16,16,1,decode,fp8_e4m3,32768,16,1,1.5173120498657227,0.18251839876174927,493568,301989888,0.03509664535522461
2,16,16,1,decode,fp8_e4m3,131072,2,1,1.766709327697754,0.16092319488525392,61952,150994944,0.03509664535522461
2,16,16,1,decode,fp8_e4m3,131072,4,1,1.7650987307230632,0.17961920499801637,123392,301989888,0.03509664535522461
2,16,16,1,decode,fp8_e4m3,131072,16,1,1.5524160067240398,0.307806396484375,493568,1207959552,0.03509664535522461
2,16,16,1,decode,fp8_e4m3,524288,2,1,1.8212480545043945,0.22369439601898194,61952,603979776,0.03509664535522461
2,16,16,1,decode,fp8_e4m3,524288,4,1,1.8084266980489094,0.3027616024017334,123392,1207959552,0.03509664535522461
2,16,16,1,decode,fp8_e4m3,524288,16,1,1.5445119539896648,0.8132816314697265,493568,4831838208,0.03509664535522461
2,16,16,1,decode,fp8_e4m3,1048576,2,1,1.826207955678304,0.3066767930984497,61952,1207959552,0.03509664535522461
2,16,16,1,decode,fp8_e4m3,1048576,4,1,1.7490453720092773,0.4686272144317627,123392,2415919104,0.03509664535522461
2,16,16,1,decode,fp8_e4m3,1048576,16,1,1.7658665974934895,1.498025608062744,493568,9663676416,0.03509664535522461
2,16,16,1,decode,bfloat16,1024,2,1,1.7064107259114583,0.107806396484375,61952,2359296,0.006898726802319288
2,16,16,1,decode,bfloat16,1024,4,1,1.6745600700378418,0.11015039682388306,123392,4718592,0.006898726802319288
2,16,16,1,decode,bfloat16,1024,16,1,1.4798612594604492,0.11325119733810425,493568,18874368,0.006898726802319288
2,16,16,1,decode,bfloat16,8192,2,1,1.6970027287801106,0.11682239770889283,61952,18874368,0.006898726802319288
2,16,16,1,decode,bfloat16,8192,4,1,1.6926612854003906,0.12481759786605835,123392,37748736,0.006898726802319288
2,16,16,1,decode,bfloat16,8192,16,1,1.4560532569885254,0.16028959751129152,493568,150994944,0.006898726802319288
2,16,16,1,decode,bfloat16,32768,2,1,1.72270933787028,0.14861119985580445,61952,75497472,0.006898726802319288
2,16,16,1,decode,bfloat16,32768,4,1,1.478325366973877,0.15630240440368653,123392,150994944,0.006898726802319288
2,16,16,1,decode,bfloat16,32768,16,1,1.4571946461995442,0.2356895923614502,493568,603979776,0.006898726802319288
2,16,16,1,decode,bfloat16,131072,2,1,1.5208959579467773,0.18539680242538453,61952,301989888,0.006898726802319288
2,16,16,1,decode,bfloat16,131072,4,1,1.7012267112731934,0.23045759201049804,123392,603979776,0.006898726802319288
2,16,16,1,decode,bfloat16,131072,16,1,1.220479965209961,0.5277760028839111,493568,2415919104,0.006898726802319288
2,16,16,1,decode,bfloat16,524288,2,1,1.671552022298177,0.33224000930786135,61952,1207959552,0.006898726802319288
2,16,16,1,decode,bfloat16,524288,4,1,1.7329492568969727,0.5341216087341308,123392,2415919104,0.006898726802319288
2,16,16,1,decode,bfloat16,524288,16,1,2.092437267303467,1.7914543151855469,493568,9663676416,0.006898726802319288
2,16,16,1,decode,bfloat16,1048576,2,1,1.7846934000651042,0.543017578125,61952,2415919104,0.006898726802319288
2,16,16,1,decode,bfloat16,1048576,4,1,1.849621295928955,0.9175040245056152,123392,4831838208,0.006898726802319288
2,16,16,1,decode,bfloat16,1048576,16,1,15.288735707600912,3.3511566162109374,493568,19327352832,0.006898726802319288
2,16,8,2,decode,fp8_e4m3,1024,2,1,1.772117296854655,0.09280800223350524,87040,1179648,0.03501495346426964
2,16,8,2,decode,fp8_e4m3,1024,4,1,1.8791252772013347,0.09547839760780334,173568,2359296,0.03501495346426964
2,16,8,2,decode,fp8_e4m3,1024,16,1,1.4999359448750813,0.103656005859375,694272,9437184,0.03501495346426964
2,16,8,2,decode,fp8_e4m3,8192,2,1,1.7327574094136555,0.10052319765090942,87040,9437184,0.03501495346426964
2,16,8,2,decode,fp8_e4m3,8192,4,1,1.9259519577026367,0.10517280101776123,173568,18874368,0.03501495346426964
2,16,8,2,decode,fp8_e4m3,8192,16,1,1.3361813227335613,0.12455999851226807,694272,75497472,0.03501495346426964
2,16,8,2,decode,fp8_e4m3,32768,2,1,1.9706026713053386,0.11827679872512817,87040,37748736,0.03501495346426964
2,16,8,2,decode,fp8_e4m3,32768,4,1,1.7054506937662761,0.1250432014465332,173568,75497472,0.03501495346426964
2,16,8,2,decode,fp8_e4m3,32768,16,1,1.3371626536051433,0.15716639757156373,694272,301989888,0.03501495346426964
2,16,8,2,decode,fp8_e4m3,131072,2,1,1.8291840553283691,0.1385807991027832,87040,150994944,0.03501495346426964
2,16,8,2,decode,fp8_e4m3,131072,4,1,1.7655466397603352,0.15694559812545777,173568,301989888,0.03501495346426964
2,16,8,2,decode,fp8_e4m3,131072,16,1,1.4102187156677246,0.2821536064147949,694272,1207959552,0.03501495346426964
2,16,8,2,decode,fp8_e4m3,524288,2,1,1.7226667404174805,0.20371360778808595,87040,603979776,0.03501495346426964
2,16,8,2,decode,fp8_e4m3,524288,4,1,1.7481172879536946,0.28207199573516845,173568,1207959552,0.03501495346426964
2,16,8,2,decode,fp8_e4m3,524288,16,1,1.4998292922973633,0.7889711856842041,694272,4831838208,0.03501495346426964
2,16,8,2,decode,fp8_e4m3,1048576,2,1,1.8499733606974285,0.2839103937149048,87040,1207959552,0.03501495346426964
2,16,8,2,decode,fp8_e4m3,1048576,4,1,1.8023999532063801,0.4476751804351807,173568,2415919104,0.03501495346426964
2,16,8,2,decode,fp8_e4m3,1048576,16,1,1.787552038828532,1.4690287590026856,694272,9663676416,0.03501495346426964
2,16,8,2,decode,bfloat16,1024,2,1,1.7314880688985188,0.09137120246887206,86528,2359296,0.006444955710321665
2,16,8,2,decode,bfloat16,1024,4,1,1.6422719955444336,0.0928816020488739,172544,4718592,0.006444955710321665
2,16,8,2,decode,bfloat16,1024,16,1,1.394506613413493,0.10707679986953736,690176,18874368,0.006444955710321665
2,16,8,2,decode,bfloat16,8192,2,1,1.6332160631815593,0.10448640584945679,86528,18874368,0.006444955710321665
2,16,8,2,decode,bfloat16,8192,4,1,1.5891200701395671,0.11038080453872681,172544,37748736,0.006444955710321665
2,16,8,2,decode,bfloat16,8192,16,1,1.4043199221293132,0.13420959711074829,690176,150994944,0.006444955710321665
2,16,8,2,decode,bfloat16,32768,2,1,1.8466134071350098,0.1263856053352356,86528,75497472,0.006444955710321665
2,16,8,2,decode,bfloat16,32768,4,1,1.5927573839823406,0.13596960306167602,172544,150994944,0.006444955710321665
2,16,8,2,decode,bfloat16,32768,16,1,1.4108479817708333,0.21019999980926513,690176,603979776,0.006444955710321665
2,16,8,2,decode,bfloat16,131072,2,1,1.6738559405008953,0.1634752035140991,86528,301989888,0.006444955710321665
2,16,8,2,decode,bfloat16,131072,4,1,1.8376960754394531,0.21109440326690673,172544,603979776,0.006444955710321665
2,16,8,2,decode,bfloat16,131072,16,1,1.2154026826222737,0.5086112022399902,690176,2415919104,0.006444955710321665
2,16,8,2,decode,bfloat16,524288,2,1,1.6455146471659343,0.324236798286438,86528,1207959552,0.006444955710321665
2,16,8,2,decode,bfloat16,524288,4,1,1.6427520116170247,0.508019208908081,172544,2415919104,0.006444955710321665
2,16,8,2,decode,bfloat16,524288,16,1,2.0841919581095376,1.7709808349609375,690176,9663676416,0.006444955710321665
2,16,8,2,decode,bfloat16,1048576,2,1,1.6461119651794434,0.5133232116699219,86528,2415919104,0.006444955710321665
2,16,8,2,decode,bfloat16,1048576,4,1,1.71342929204305,0.9105744361877441,172544,4831838208,0.006444955710321665
2,16,8,2,decode,bfloat16,1048576,16,1,3.549258550008138,3.2522815704345702,690176,19327352832,0.006444955710321665
2,16,4,4,decode,fp8_e4m3,1024,2,1,1.7373973528544109,0.10710400342941284,213504,1179648,0.03481585159897804
2,16,4,4,decode,fp8_e4m3,1024,4,1,1.72652800877889,0.10702879428863525,425472,2359296,0.03481585159897804
2,16,4,4,decode,fp8_e4m3,1024,16,1,1.396959940592448,0.1121791958808899,1699840,9437184,0.03481585159897804
2,16,4,4,decode,fp8_e4m3,8192,2,1,1.4826985994974773,0.11288640499114991,213504,9437184,0.03481585159897804
2,16,4,4,decode,fp8_e4m3,8192,4,1,1.5317227045694988,0.11326240301132202,425472,18874368,0.03481585159897804
2,16,4,4,decode,fp8_e4m3,8192,16,1,1.4412800470987956,0.12948640584945678,1699840,75497472,0.03481585159897804
2,16,4,4,decode,fp8_e4m3,32768,2,1,1.638261318206787,0.12284640073776246,213504,37748736,0.03481585159897804
2,16,4,4,decode,fp8_e4m3,32768,4,1,1.6096107165018718,0.12797600030899048,425472,75497472,0.03481585159897804
2,16,4,4,decode,fp8_e4m3,32768,16,1,1.5427734057108562,0.18287359476089476,1699840,301989888,0.03481585159897804
2,16,4,4,decode,fp8_e4m3,131072,2,1,1.6965440114339192,0.14644800424575805,213504,150994944,0.03481585159897804
2,16,4,4,decode,fp8_e4m3,131072,4,1,1.6957119305928547,0.17394399642944336,425472,301989888,0.03481585159897804
2,16,4,4,decode,fp8_e4m3,131072,16,1,1.560256004333496,0.396011209487915,1699840,1207959552,0.03481585159897804
2,16,4,4,decode,fp8_e4m3,524288,2,1,1.7117759386698406,0.2409519910812378,213504,603979776,0.03481585159897804
2,16,4,4,decode,fp8_e4m3,524288,4,1,1.7475627263387044,0.3651904106140137,425472,1207959552,0.03481585159897804
2,16,4,4,decode,fp8_e4m3,524288,16,1,1.49073060353597,1.2476816177368164,1699840,4831838208,0.03481585159897804
2,16,4,4,decode,fp8_e4m3,1048576,2,1,1.663040002187093,0.3687439918518066,213504,1207959552,0.03481585159897804
2,16,4,4,decode,fp8_e4m3,1048576,4,1,1.699658711751302,0.609825611114502,425472,2415919104,0.03481585159897804
2,16,4,4,decode,fp8_e4m3,1048576,16,1,2.701471964518229,2.52193603515625,1699840,9663676416,0.03481585159897804
2,16,4,4,decode,bfloat16,1024,2,1,1.5978347460428874,0.10442080497741699,222720,2359296,0.005524782929569483
2,16,4,4,decode,bfloat16,1024,4,1,1.2769707043965657,0.10544799566268921,443904,4718592,0.005524782929569483
2,16,4,4,decode,bfloat16,1024,16,1,1.5432213147481282,0.10947999954223633,1773568,18874368,0.005524782929569483
2,16,4,4,decode,bfloat16,8192,2,1,1.6627306938171387,0.11192799806594848,222720,18874368,0.005524782929569483
2,16,4,4,decode,bfloat16,8192,4,1,1.5732587178548176,0.11672799587249756,443904,37748736,0.005524782929569483
2,16,4,4,decode,bfloat16,8192,16,1,1.5337707201639812,0.14996639490127564,1773568,150994944,0.005524782929569483
2,16,4,4,decode,bfloat16,32768,2,1,1.6824960708618164,0.1294592022895813,222720,75497472,0.005524782929569483
2,16,4,4,decode,bfloat16,32768,4,1,1.6726826032002766,0.144214403629303,443904,150994944,0.005524782929569483
2,16,4,4,decode,bfloat16,32768,16,1,1.1823679606119792,0.26666719913482667,1773568,603979776,0.005524782929569483
2,16,4,4,decode,bfloat16,131072,2,1,1.3506986300150554,0.17868319749832154,222720,301989888,0.005524782929569483
2,16,4,4,decode,bfloat16,131072,4,1,1.6827306747436523,0.24676480293273925,443904,603979776,0.005524782929569483
2,16,4,4,decode,bfloat16,131072,16,1,1.6120212872823079,0.7299039840698243,1773568,2415919104,0.005524782929569483
2,16,4,4,decode,bfloat16,524288,2,1,1.289952039718628,0.38462080955505373,222720,1207959552,0.005524782929569483
2,16,4,4,decode,bfloat16,524288,4,1,1.718058745066325,0.6516992092132569,443904,2415919104,0.005524782929569483
2,16,4,4,decode,bfloat16,524288,16,1,2.8279574712117515,2.582276725769043,1773568,9663676416,0.005524782929569483
2,16,4,4,decode,bfloat16,1048576,2,1,1.356810728708903,0.6509583950042724,222720,2415919104,0.005524782929569483
2,16,4,4,decode,bfloat16,1048576,4,1,1.5508267084757488,1.1932576179504395,443904,4831838208,0.005524782929569483
2,16,4,4,decode,bfloat16,1048576,16,1,5.382506688435872,5.062408065795898,1773568,19327352832,0.005524782929569483
2,16,2,8,decode,fp8_e4m3,1024,2,1,1.818112055460612,0.10623199939727783,322048,1179648,0.03470971807837486
2,16,2,8,decode,fp8_e4m3,1024,4,1,1.8387519518534343,0.1074671983718872,643584,2359296,0.03470971807837486
2,16,2,8,decode,fp8_e4m3,1024,16,1,1.6355946858723958,0.12108800411224366,2574336,9437184,0.03470971807837486
2,16,2,8,decode,fp8_e4m3,8192,2,1,1.482986609141032,0.1124832034111023,322048,9437184,0.03470971807837486
2,16,2,8,decode,fp8_e4m3,8192,4,1,1.5049279530843098,0.1177232027053833,643584,18874368,0.03470971807837486
2,16,2,8,decode,fp8_e4m3,8192,16,1,1.6567254066467285,0.1331503987312317,2574336,75497472,0.03470971807837486
2,16,2,8,decode,fp8_e4m3,32768,2,1,1.8288853963216145,0.127457594871521,322048,37748736,0.03470971807837486
2,16,2,8,decode,fp8_e4m3,32768,4,1,1.5062294006347656,0.12787840366363526,643584,75497472,0.03470971807837486
2,16,2,8,decode,fp8_e4m3,32768,16,1,1.6570240656534831,0.17269760370254517,2574336,301989888,0.03470971807837486
2,16,2,8,decode,fp8_e4m3,131072,2,1,1.522175947825114,0.14660320281982422,322048,150994944,0.03470971807837486
2,16,2,8,decode,fp8_e4m3,131072,4,1,1.9241600036621094,0.167086398601532,643584,301989888,0.03470971807837486
2,16,2,8,decode,fp8_e4m3,131072,16,1,1.6845866839090984,0.33157598972320557,2574336,1207959552,0.03470971807837486
2,16,2,8,decode,fp8_e4m3,524288,2,1,1.498538653055827,0.2276479959487915,322048,603979776,0.03470971807837486
2,16,2,8,decode,fp8_e4m3,524288,4,1,1.892906665802002,0.32748639583587646,643584,1207959552,0.03470971807837486
2,16,2,8,decode,fp8_e4m3,524288,16,1,1.4755412737528484,0.993620777130127,2574336,4831838208,0.03470971807837486
2,16,2,8,decode,fp8_e4m3,1048576,2,1,1.86355193456014,0.3294751882553101,322048,1207959552,0.03470971807837486
2,16,2,8,decode,fp8_e4m3,1048576,4,1,1.4866773287455242,0.5332143783569336,643584,2415919104,0.03470971807837486
2,16,2,8,decode,fp8_e4m3,1048576,16,1,2.1639679272969565,1.9949680328369142,2574336,9663676416,0.03470971807837486
2,16,2,8,decode,bfloat16,1024,2,1,2.0281173388163247,0.10349279642105103,279040,2359296,0.004783360753208399
2,16,2,8,decode,bfloat16,1024,4,1,1.892298698425293,0.10493760108947754,557568,4718592,0.004783360753208399
2,16,2,8,decode,bfloat16,1024,16,1,1.6739412943522136,0.12249599695205689,2230272,18874368,0.004783360753208399
2,16,2,8,decode,bfloat16,8192,2,1,1.8845547040303547,0.11549760103225708,279040,18874368,0.004783360753208399
2,16,2,8,decode,bfloat16,8192,4,1,1.9282666842142742,0.12016799449920654,557568,37748736,0.004783360753208399
2,16,2,8,decode,bfloat16,8192,16,1,1.2394879659016926,0.14500000476837158,2230272,150994944,0.004783360753208399
2,16,2,8,decode,bfloat16,32768,2,1,1.93614927927653,0.130513596534729,279040,75497472,0.004783360753208399
2,16,2,8,decode,bfloat16,32768,4,1,1.9121813774108887,0.13551679849624634,557568,150994944,0.004783360753208399
2,16,2,8,decode,bfloat16,32768,16,1,1.729354699452718,0.2191296100616455,2230272,603979776,0.004783360753208399
2,16,2,8,decode,bfloat16,131072,2,1,1.8816639582316081,0.16695040464401245,279040,301989888,0.004783360753208399
2,16,2,8,decode,bfloat16,131072,4,1,1.927135944366455,0.21666240692138672,557568,603979776,0.004783360753208399
2,16,2,8,decode,bfloat16,131072,16,1,1.7658559481302898,0.5232592105865479,2230272,2415919104,0.004783360753208399
2,16,2,8,decode,bfloat16,524288,2,1,1.9982506434122722,0.32347679138183594,279040,1207959552,0.004783360753208399
2,16,2,8,decode,bfloat16,524288,4,1,1.8950719833374023,0.5252943992614746,557568,2415919104,0.004783360753208399
2,16,2,8,decode,bfloat16,524288,16,1,2.1932586034139,1.8776847839355468,2230272,9663676416,0.004783360753208399
2,16,2,8,decode,bfloat16,1048576,2,1,1.8804906209309895,0.5405695915222168,279040,2415919104,0.004783360753208399
2,16,2,8,decode,bfloat16,1048576,4,1,1.9892160097757976,0.9332575798034668,557568,4831838208,0.004783360753208399
2,16,2,8,decode,bfloat16,1048576,16,1,3.6677865982055664,3.666233444213867,2230272,19327352832,0.004783360753208399
2,16,1,16,decode,fp8_e4m3,1024,2,1,1.0757226943969727,0.13260960578918457,824832,1179648,0.034656696021556854
2,16,1,16,decode,fp8_e4m3,1024,4,1,1.0582293669382732,0.13694080114364623,1649152,2359296,0.034656696021556854
2,16,1,16,decode,fp8_e4m3,1024,16,1,0.9719146887461344,0.14247360229492187,6924288,9437184,0.034656696021556854
2,16,1,16,decode,fp8_e4m3,8192,2,1,1.057813326517741,0.14245920181274413,824832,9437184,0.034656696021556854
2,16,1,16,decode,fp8_e4m3,8192,4,1,1.0697387059529622,0.14209120273590087,1649152,18874368,0.034656696021556854
2,16,1,16,decode,fp8_e4m3,8192,16,1,0.933130661646525,0.1545359969139099,6727680,75497472,0.034656696021556854
2,16,1,16,decode,fp8_e4m3,32768,2,1,1.055893341700236,0.14847199916839598,824832,37748736,0.034656696021556854
2,16,1,16,decode,fp8_e4m3,32768,4,1,1.0320213635762532,0.1541200041770935,1649152,75497472,0.034656696021556854
2,16,1,16,decode,fp8_e4m3,32768,16,1,0.9596052964528402,0.19551199674606323,6727680,301989888,0.034656696021556854
2,16,1,16,decode,fp8_e4m3,131072,2,1,1.0350293318430583,0.17031359672546387,824832,150994944,0.034656696021556854
2,16,1,16,decode,fp8_e4m3,131072,4,1,1.0475626786549885,0.19148000478744506,1649152,301989888,0.034656696021556854
2,16,1,16,decode,fp8_e4m3,131072,16,1,0.9586666425069174,0.37726240158081054,6727680,1207959552,0.034656696021556854
2,16,1,16,decode,fp8_e4m3,524288,2,1,1.0492053031921387,0.24955520629882813,824832,603979776,0.034656696021556854
2,16,1,16,decode,fp8_e4m3,524288,4,1,1.078005313873291,0.35943520069122314,1649152,1207959552,0.034656696021556854
2,16,1,16,decode,fp8_e4m3,524288,16,1,1.3451520601908367,1.2197232246398926,6727680,4831838208,0.034656696021556854
2,16,1,16,decode,fp8_e4m3,1048576,2,1,1.0833386580149333,0.36107521057128905,824832,1207959552,0.034656696021556854
2,16,1,16,decode,fp8_e4m3,1048576,4,1,1.1112746397654216,0.5946671962738037,1649152,2415919104,0.034656696021556854
2,16,1,16,decode,fp8_e4m3,1048576,16,1,2.339776039123535,2.576924705505371,6727680,9663676416,0.034656696021556854
2,16,1,16,decode,bfloat16,1024,2,1,1.00437331199646,0.1311967968940735,861696,2359296,0.004290093667805195
2,16,1,16,decode,bfloat16,1024,4,1,0.9824533462524414,0.135315203666687,1722880,4718592,0.004290093667805195
2,16,1,16,decode,bfloat16,1024,16,1,0.8645760218302408,0.14713120460510254,6891520,18874368,0.004290093667805195
2,16,1,16,decode,bfloat16,8192,2,1,0.9747412999471029,0.1474560022354126,861696,18874368,0.004290093667805195
2,16,1,16,decode,bfloat16,8192,4,1,0.9879786968231201,0.139792001247406,1722880,37748736,0.004290093667805195
2,16,1,16,decode,bfloat16,8192,16,1,0.8868373235066732,0.1616320013999939,6891520,150994944,0.004290093667805195
2,16,1,16,decode,bfloat16,32768,2,1,0.9874026775360107,0.1471343994140625,861696,75497472,0.004290093667805195
2,16,1,16,decode,bfloat16,32768,4,1,0.970474640528361,0.15874240398406983,1722880,150994944,0.004290093667805195
2,16,1,16,decode,bfloat16,32768,16,1,0.8922773202260336,0.24173119068145751,6891520,603979776,0.004290093667805195
2,16,1,16,decode,bfloat16,131072,2,1,0.9553279876708984,0.1845695972442627,861696,301989888,0.004290093667805195
2,16,1,16,decode,bfloat16,131072,4,1,0.9810240268707275,0.23230719566345215,1722880,603979776,0.004290093667805195
2,16,1,16,decode,bfloat16,131072,16,1,0.971285343170166,0.5707632064819336,6891520,2415919104,0.004290093667805195
2,16,1,16,decode,bfloat16,524288,2,1,0.9820053577423096,0.3350591897964478,861696,1207959552,0.004290093667805195
2,16,1,16,decode,bfloat16,524288,4,1,1.0528106689453125,0.5351808071136475,1722880,2415919104,0.004290093667805195
2,16,1,16,decode,bfloat16,524288,16,1,2.1082773208618164,2.1373071670532227,6891520,9663676416,0.004290093667805195
2,16,1,16,decode,bfloat16,1048576,2,1,1.1114133199055989,0.6065728187561035,861696,2415919104,0.004290093667805195
2,16,1,16,decode,bfloat16,1048576,4,1,1.2574506600697835,1.0043984413146974,1722880,4831838208,0.004290093667805195
2,16,1,16,decode,bfloat16,1048576,16,1,3.880096117655436,4.414064025878906,6891520,19327352832,0.004290093667805195
3,16,16,1,decode,fp8_e4m3,1024,2,1,1.8347840309143066,0.11331360340118408,61952,1179648,0.03509664535522461
3,16,16,1,decode,fp8_e4m3,1024,4,1,1.711957295735677,0.11472959518432617,123392,2359296,0.03509664535522461
3,16,16,1,decode,fp8_e4m3,1024,16,1,1.540298620859782,0.10924960374832153,493568,9437184,0.03509664535522461
3,16,16,1,decode,fp8_e4m3,8192,2,1,1.5360852877298992,0.11622400283813476,61952,9437184,0.03509664535522461
3,16,16,1,decode,fp8_e4m3,8192,4,1,1.6859307289123535,0.11950880289077759,123392,18874368,0.03509664535522461
3,16,16,1,decode,fp8_e4m3,8192,16,1,1.5146133104960124,0.14643360376358033,493568,75497472,0.03509664535522461
3,16,16,1,decode,fp8_e4m3,32768,2,1,1.7446187337239583,0.1322383999824524,61952,37748736,0.03509664535522461
3,16,16,1,decode,fp8_e4m3,32768,4,1,1.800437291463216,0.14612799882888794,123392,75497472,0.03509664535522461
3,16,16,1,decode,fp8_e4m3,32768,16,1,1.5174719492594402,0.1821071982383728,493568,301989888,0.03509664535522461
3,16,16,1,decode,fp8_e4m3,131072,2,1,1.7704639434814453,0.16018400192260743,61952,150994944,0.03509664535522461
3,16,16,1,decode,fp8_e4m3,131072,4,1,1.7641386985778809,0.17912800312042237,123392,301989888,0.03509664535522461
3,16,16,1,decode,fp8_e4m3,131072,16,1,1.5535573959350586,0.30784800052642824,493568,1207959552,0.03509664535522461
3,16,16,1,decode,fp8_e4m3,524288,2,1,1.819541295369466,0.22353758811950683,61952,603979776,0.03509664535522461
3,16,16,1,decode,fp8_e4m3,524288,4,1,1.8068586985270183,0.3023535966873169,123392,1207959552,0.03509664535522461
3,16,16,1,decode,fp8_e4m3,524288,16,1,1.5436693827311199,0.8128640174865722,493568,4831838208,0.03509664535522461
3,16,16,1,decode,fp8_e4m3,1048576,2,1,1.827189286549886,0.3064624071121216,61952,1207959552,0.03509664535522461
3,16,16,1,decode,fp8_e4m3,1048576,4,1,1.732693354288737,0.46814718246459963,123392,2415919104,0.03509664535522461
3,16,16,1,decode,fp8_e4m3,1048576,16,1,1.7625919977823894,1.4978272438049316,493568,9663676416,0.03509664535522461
3,16,16,1,decode,bfloat16,1024,2,1,1.6994239489237468,0.10762239694595337,61952,2359296,0.006898726802319288
3,16,16,1,decode,bfloat16,1024,4,1,1.6695253054300945,0.11018719673156738,123392,4718592,0.006898726802319288
3,16,16,1,decode,bfloat16,1024,16,1,1.4768320719401042,0.11260479688644409,493568,18874368,0.006898726802319288
3,16,16,1,decode,bfloat16,8192,2,1,1.6950292587280273,0.11669119596481323,61952,18874368,0.006898726802319288
3,16,16,1,decode,bfloat16,8192,4,1,1.6979093551635742,0.12481119632720947,123392,37748736,0.006898726802319288
3,16,16,1,decode,bfloat16,8192,16,1,1.4499413172403972,0.15991359949111938,493568,150994944,0.006898726802319288
3,16,16,1,decode,bfloat16,32768,2,1,1.715018590291341,0.14852800369262695,61952,75497472,0.006898726802319288
3,16,16,1,decode,bfloat16,32768,4,1,1.4810986518859863,0.15621440410614013,123392,150994944,0.006898726802319288
3,16,16,1,decode,bfloat16,32768,16,1,1.455466588338216,0.23497281074523926,493568,603979776,0.006898726802319288
3,16,16,1,decode,bfloat16,131072,2,1,1.517888069152832,0.18542079925537108,61952,301989888,0.006898726802319288
3,16,16,1,decode,bfloat16,131072,4,1,1.70360533396403,0.2305840015411377,123392,603979776,0.006898726802319288
3,16,16,1,decode,bfloat16,131072,16,1,1.2187306880950928,0.5267087936401367,493568,2415919104,0.006898726802319288
3,16,16,1,decode,bfloat16,524288,2,1,1.6770025889078777,0.33201758861541747,61952,1207959552,0.006898726802319288
3,16,16,1,decode,bfloat16,524288,4,1,1.7307413419087727,0.5338096141815185,123392,2415919104,0.006898726802319288
3,16,16,1,decode,bfloat16,524288,16,1,2.0842132568359375,1.7910688400268555,493568,9663676416,0.006898726802319288
3,16,16,1,decode,bfloat16,1048576,2,1,1.7836799621582031,0.5423168182373047,61952,2415919104,0.006898726802319288
3,16,16,1,decode,bfloat16,1048576,4,1,1.844096024831136,0.9176783561706543,123392,4831838208,0.006898726802319288
3,16,16,1,decode,bfloat16,1048576,16,1,15.288191477457682,3.3504608154296873,493568,19327352832,0.006898726802319288
3,16,8,2,decode,fp8_e4m3,1024,2,1,1.774197260538737,0.09267839789390564,87040,1179648,0.03501495346426964
3,16,8,2,decode,fp8_e4m3,1024,4,1,1.8762987454732258,0.09531360268592834,173568,2359296,0.03501495346426964
3,16,8,2,decode,fp8_e4m3,1024,16,1,1.5043093363444011,0.10352159738540649,694272,9437184,0.03501495346426964
3,16,8,2,decode,fp8_e4m3,8192,2,1,1.730730692545573,0.10044480562210083,87040,9437184,0.03501495346426964
3,16,8,2,decode,fp8_e4m3,8192,4,1,1.9242879549662273,0.10491520166397095,173568,18874368,0.03501495346426964
3,16,8,2,decode,fp8_e4m3,8192,16,1,1.3378346761067708,0.12405760288238525,694272,75497472,0.03501495346426964
3,16,8,2,decode,fp8_e4m3,32768,2,1,1.9665385882059734,0.11832799911499023,87040,37748736,0.03501495346426964
3,16,8,2,decode,fp8_e4m3,32768,4,1,1.7074559529622395,0.12483199834823608,173568,75497472,0.03501495346426964
3,16,8,2,decode,fp8_e4m3,32768,16,1,1.3348266283671062,0.15714880228042602,694272,301989888,0.03501495346426964
3,16,8,2,decode,fp8_e4m3,131072,2,1,1.8297279675801594,0.13814879655838014,87040,150994944,0.03501495346426964
3,16,8,2,decode,fp8_e4m3,131072,4,1,1.7664960225423176,0.15688799619674682,173568,301989888,0.03501495346426964
3,16,8,2,decode,fp8_e4m3,131072,16,1,1.4061867396036785,0.28169119358062744,694272,1207959552,0.03501495346426964
3,16,8,2,decode,fp8_e4m3,524288,2,1,1.7168533007303874,0.20360960960388183,87040,603979776,0.03501495346426964
3,16,8,2,decode,fp8_e4m3,524288,4,1,1.7489387194315593,0.28182880878448485,173568,1207959552,0.03501495346426964
3,16,8,2,decode,fp8_e4m3,524288,16,1,1.4960212707519531,0.788585615158081,694272,4831838208,0.03501495346426964
3,16,8,2,decode,fp8_e4m3,1048576,2,1,1.8451093037923176,0.2838736057281494,87040,1207959552,0.03501495346426964
3,16,8,2,decode,fp8_e4m3,1048576,4,1,1.8030826250712078,0.44762558937072755,173568,2415919104,0.03501495346426964
3,16,8,2,decode,fp8_e4m3,1048576,16,1,1.7825387318929036,1.4688960075378419,694272,9663676416,0.03501495346426964
3,16,8,2,decode,bfloat16,1024,2,1,1.760159969329834,0.09089279770851136,86528,2359296,0.006444955710321665
3,16,8,2,decode,bfloat16,1024,4,1,1.636799971262614,0.09265440106391906,172544,4718592,0.006444955710321665
3,16,8,2,decode,bfloat16,1024,16,1,1.3975787162780762,0.10707360506057739,690176,18874368,0.006444955710321665
3,16,8,2,decode,bfloat16,8192,2,1,1.6291306813557942,0.10424959659576416,86528,18874368,0.006444955710321665
3,16,8,2,decode,bfloat16,8192,4,1,1.586133321126302,0.11028480529785156,172544,37748736,0.006444955710321665
3,16,8,2,decode,bfloat16,8192,16,1,1.404853343963623,0.134060800075531,690176,150994944,0.006444955710321665
3,16,8,2,decode,bfloat16,32768,2,1,1.8455146153767903,0.12587679624557496,86528,75497472,0.006444955710321665
3,16,8,2,decode,bfloat16,32768,4,1,1.5933012962341309,0.1359439969062805,172544,150994944,0.006444955710321665
3,16,8,2,decode,bfloat16,32768,16,1,1.4157439867655437,0.20998880863189698,690176,603979776,0.006444955710321665
3,16,8,2,decode,bfloat16,131072,2,1,1.6762560208638508,0.16330239772796631,86528,301989888,0.006444955710321665
3,16,8,2,decode,bfloat16,131072,4,1,1.8428479830423992,0.21088318824768065,172544,603979776,0.006444955710321665
3,16,8,2,decode,bfloat16,131072,16,1,1.21452800432841,0.5076496124267578,690176,2415919104,0.006444955710321665
3,16,8,2,decode,bfloat16,524288,2,1,1.6429227193196614,0.3240112066268921,86528,1207959552,0.006444955710321665
3,16,8,2,decode,bfloat16,524288,4,1,1.6433706283569336,0.5079279899597168,172544,2415919104,0.006444955710321665
3,16,8,2,decode,bfloat16,524288,16,1,2.0774614016215005,1.7706096649169922,690176,9663676416,0.006444955710321665
3,16,8,2,decode,bfloat16,1048576,2,1,1.6470506985982258,0.5131855964660644,86528,2415919104,0.006444955710321665
3,16,8,2,decode,bfloat16,1048576,4,1,1.7123626073201497,0.9100399971008301,172544,4831838208,0.006444955710321665
3,16,8,2,decode,bfloat16,1048576,16,1,3.543231964111328,3.251774215698242,690176,19327352832,0.006444955710321665
3,16,4,4,decode,fp8_e4m3,1024,2,1,1.7374505996704102,0.1068943977355957,213504,1179648,0.03481585159897804
3,16,4,4,decode,fp8_e4m3,1024,4,1,1.7255466779073079,0.10688639879226684,425472,2359296,0.03481585159897804
3,16,4,4,decode,fp8_e4m3,1024,16,1,1.3962559700012207,0.11184639930725097,1699840,9437184,0.03481585159897804
3,16,4,4,decode,fp8_e4m3,8192,2,1,1.4801279703776042,0.11285599470138549,213504,9437184,0.03481585159897804
3,16,4,4,decode,fp8_e4m3,8192,4,1,1.5298986434936523,0.11316159963607789,425472,18874368,0.03481585159897804
3,16,4,4,decode,fp8_e4m3,8192,16,1,1.460437297821045,0.12927839756011963,1699840,75497472,0.03481585159897804
3,16,4,4,decode,fp8_e4m3,32768,2,1,1.6321172714233398,0.12258239984512329,213504,37748736,0.03481585159897804
3,16,4,4,decode,fp8_e4m3,32768,4,1,1.6117226282755535,0.12747679948806762,425472,75497472,0.03481585159897804
3,16,4,4,decode,fp8_e4m3,32768,16,1,1.5623680750528972,0.18210400342941285,1699840,301989888,0.03481585159897804
3,16,4,4,decode,fp8_e4m3,131072,2,1,1.6970772743225098,0.1459728002548218,213504,150994944,0.03481585159897804
3,16,4,4,decode,fp8_e4m3,131072,4,1,1.6993172963460286,0.17386080026626588,425472,301989888,0.03481585159897804
3,16,4,4,decode,fp8_e4m3,131072,16,1,1.5578880310058594,0.3958479881286621,1699840,1207959552,0.03481585159897804
3,16,4,4,decode,fp8_e4m3,524288,2,1,1.6942507425944011,0.24084799289703368,213504,603979776,0.03481585159897804
3,16,4,4,decode,fp8_e4m3,524288,4,1,1.7429547309875488,0.36435999870300295,425472,1207959552,0.03481585159897804
3,16,4,4,decode,fp8_e4m3,524288,16,1,1.489759922027588,1.2471487998962403,1699840,4831838208,0.03481585159897804
3,16,4,4,decode,fp8_e4m3,1048576,2,1,1.6622826258341472,0.3678047895431519,213504,1207959552,0.03481585159897804
3,16,4,4,decode,fp8_e4m3,1048576,4,1,1.6950079600016277,0.6093808174133301,425472,2415919104,0.03481585159897804
3,16,4,4,decode,fp8_e4m3,1048576,16,1,2.694752057393392,2.52185115814209,1699840,9663676416,0.03481585159897804
3,16,4,4,decode,bfloat16,1024,2,1,1.5996373494466145,0.10431519746780396,222720,2359296,0.005524782929569483
3,16,4,4,decode,bfloat16,1024,4,1,1.2794880072275798,0.10508639812469482,443904,4718592,0.005524782929569483
3,16,4,4,decode,bfloat16,1024,16,1,1.5353600184122722,0.10943520069122314,1773568,18874368,0.005524782929569483
3,16,4,4,decode,bfloat16,8192,2,1,1.6616320610046387,0.11182240247726441,222720,18874368,0.005524782929569483
3,16,4,4,decode,bfloat16,8192,4,1,1.4539093971252441,0.11662240028381347,443904,37748736,0.005524782929569483
3,16,4,4,decode,bfloat16,8192,16,1,1.5312426884969075,0.14988319873809813,1773568,150994944,0.005524782929569483
3,16,4,4,decode,bfloat16,32768,2,1,1.6796372731526692,0.1288815975189209,222720,75497472,0.005524782929569483
3,16,4,4,decode,bfloat16,32768,4,1,1.672767957051595,0.1435696005821228,443904,150994944,0.005524782929569483
3,16,4,4,decode,bfloat16,32768,16,1,1.1829439798990886,0.2655967950820923,1773568,603979776,0.005524782929569483
3,16,4,4,decode,bfloat16,131072,2,1,1.3873920440673828,0.17848000526428223,222720,301989888,0.005524782929569483
3,16,4,4,decode,bfloat16,131072,4,1,1.6804800033569336,0.24638719558715821,443904,603979776,0.005524782929569483
3,16,4,4,decode,bfloat16,131072,16,1,1.6041706403096516,0.7294000148773193,1773568,2415919104,0.005524782929569483
3,16,4,4,decode,bfloat16,524288,2,1,1.291701316833496,0.38448801040649416,222720,1207959552,0.005524782929569483
3,16,4,4,decode,bfloat16,524288,4,1,1.71343994140625,0.6514016151428222,443904,2415919104,0.005524782929569483
3,16,4,4,decode,bfloat16,524288,16,1,2.826698621114095,2.582067108154297,1773568,9663676416,0.005524782929569483
3,16,4,4,decode,bfloat16,1048576,2,1,1.3574719429016113,0.6506495952606202,222720,2415919104,0.005524782929569483
3,16,4,4,decode,bfloat16,1048576,4,1,1.5499413808186848,1.1927103996276855,443904,4831838208,0.005524782929569483
3,16,4,4,decode,bfloat16,1048576,16,1,5.374783833821614,5.0613361358642575,1773568,19327352832,0.005524782929569483
3,16,2,8,decode,fp8_e4m3,1024,2,1,1.818090597788493,0.10615359544754029,322048,1179648,0.03470971807837486
3,16,2,8,decode,fp8_e4m3,1024,4,1,1.8394773801167805,0.107368004322052,643584,2359296,0.03470971807837486
3,16,2,8,decode,fp8_e4m3,1024,16,1,1.6359999974568684,0.12104640007019044,2574336,9437184,0.03470971807837486
3,16,2,8,decode,fp8_e4m3,8192,2,1,1.4844373067220051,0.1123695969581604,322048,9437184,0.03470971807837486
3,16,2,8,decode,fp8_e4m3,8192,4,1,1.5069759686787922,0.11746560335159302,643584,18874368,0.03470971807837486
3,16,2,8,decode,fp8_e4m3,8192,16,1,1.6600213050842285,0.13299039602279664,2574336,75497472,0.03470971807837486
3,16,2,8,decode,fp8_e4m3,32768,2,1,1.830293337504069,0.12721760272979737,322048,37748736,0.03470971807837486
3,16,2,8,decode,fp8_e4m3,32768,4,1,1.5065600077311199,0.1277519941329956,643584,75497472,0.03470971807837486
3,16,2,8,decode,fp8_e4m3,32768,16,1,1.6557332674662273,0.17245279550552367,2574336,301989888,0.03470971807837486
3,16,2,8,decode,fp8_e4m3,131072,2,1,1.5210986137390137,0.14652479887008668,322048,150994944,0.03470971807837486
3,16,2,8,decode,fp8_e4m3,131072,4,1,1.9259732564290364,0.16685760021209717,643584,301989888,0.03470971807837486
3,16,2,8,decode,fp8_e4m3,131072,16,1,1.6834774017333984,0.33135199546813965,2574336,1207959552,0.03470971807837486
3,16,2,8,decode,fp8_e4m3,524288,2,1,1.5039253234863281,0.22749121189117433,322048,603979776,0.03470971807837486
3,16,2,8,decode,fp8_e4m3,524288,4,1,1.8934613863627117,0.3270287990570068,643584,1207959552,0.03470971807837486
3,16,2,8,decode,fp8_e4m3,524288,16,1,1.474453290303548,0.9934592247009277,2574336,4831838208,0.03470971807837486
3,16,2,8,decode,fp8_e4m3,1048576,2,1,1.8576213518778484,0.3293584108352661,322048,1207959552,0.03470971807837486
3,16,2,8,decode,fp8_e4m3,1048576,4,1,1.4914666811625164,0.5320000171661377,643584,2415919104,0.03470971807837486
3,16,2,8,decode,fp8_e4m3,1048576,16,1,2.158346652984619,1.9947759628295898,2574336,9663676416,0.03470971807837486
3,16,2,8,decode,bfloat16,1024,2,1,2.016640027364095,0.10338879823684692,279040,2359296,0.004783360753208399
3,16,2,8,decode,bfloat16,1024,4,1,1.8893334070841472,0.10475360155105591,557568,4718592,0.004783360753208399
3,16,2,8,decode,bfloat16,1024,16,1,1.6691412925720215,0.12243839502334594,2230272,18874368,0.004783360753208399
3,16,2,8,decode,bfloat16,8192,2,1,1.8827733993530273,0.11464639902114868,279040,18874368,0.004783360753208399
3,16,2,8,decode,bfloat16,8192,4,1,1.9254719416300456,0.12000000476837158,557568,37748736,0.004783360753208399
3,16,2,8,decode,bfloat16,8192,16,1,1.2398613293965657,0.1429152011871338,2230272,150994944,0.004783360753208399
3,16,2,8,decode,bfloat16,32768,2,1,1.9297919273376465,0.1302351951599121,279040,75497472,0.004783360753208399
3,16,2,8,decode,bfloat16,32768,4,1,1.9097065925598145,0.1352992057800293,557568,150994944,0.004783360753208399
3,16,2,8,decode,bfloat16,32768,16,1,1.725002606709798,0.21897439956665038,2230272,603979776,0.004783360753208399
3,16,2,8,decode,bfloat16,131072,2,1,1.8895039558410645,0.1669376015663147,279040,301989888,0.004783360753208399
3,16,2,8,decode,bfloat16,131072,4,1,1.9250772794087727,0.2165247917175293,557568,603979776,0.004783360753208399
3,16,2,8,decode,bfloat16,131072,16,1,1.7652907371520996,0.5226704120635987,2230272,2415919104,0.004783360753208399
3,16,2,8,decode,bfloat16,524288,2,1,1.9953920046488445,0.3233855962753296,279040,1207959552,0.004783360753208399
3,16,2,8,decode,bfloat16,524288,4,1,1.8875306447347004,0.5252895832061768,557568,2415919104,0.004783360753208399
3,16,2,8,decode,bfloat16,524288,16,1,2.184864044189453,1.8774480819702148,2230272,9663676416,0.004783360753208399
3,16,2,8,decode,bfloat16,1048576,2,1,1.8811626434326172,0.5404496192932129,279040,2415919104,0.004783360753208399
3,16,2,8,decode,bfloat16,1048576,4,1,1.98361603418986,0.9327759742736816,557568,4831838208,0.004783360753208399
3,16,2,8,decode,bfloat16,1048576,16,1,3.660736083984375,3.6657665252685545,2230272,19327352832,0.004783360753208399
3,16,1,16,decode,fp8_e4m3,1024,2,1,1.3940587043762207,0.13332159519195558,824832,1179648,0.034656696021556854
3,16,1,16,decode,fp8_e4m3,1024,4,1,1.3857173919677734,0.13517279624938966,1649152,2359296,0.034656696021556854
3,16,1,16,decode,fp8_e4m3,1024,16,1,1.3258879979451497,0.14199039936065674,6924288,9437184,0.034656696021556854
3,16,1,16,decode,fp8_e4m3,8192,2,1,1.5658559799194336,0.14203840494155884,824832,9437184,0.034656696021556854
3,16,1,16,decode,fp8_e4m3,8192,4,1,1.6240960756937664,0.14171680212020873,1649152,18874368,0.034656696021556854
3,16,1,16,decode,fp8_e4m3,8192,16,1,1.4535892804463704,0.1544559955596924,6727680,75497472,0.034656696021556854
3,16,1,16,decode,fp8_e4m3,32768,2,1,1.4369920094807942,0.14864799976348878,824832,37748736,0.034656696021556854
3,16,1,16,decode,fp8_e4m3,32768,4,1,1.59279998143514,0.15219680070877076,1649152,75497472,0.034656696021556854
3,16,1,16,decode,fp8_e4m3,32768,16,1,1.4813226064046223,0.19620800018310547,6727680,301989888,0.034656696021556854
3,16,1,16,decode,fp8_e4m3,131072,2,1,1.146720012029012,0.16644639968872071,824832,150994944,0.034656696021556854
3,16,1,16,decode,fp8_e4m3,131072,4,1,1.5872213045756023,0.19145920276641845,1649152,301989888,0.034656696021556854
3,16,1,16,decode,fp8_e4m3,131072,16,1,1.4936639467875164,0.3807760000228882,6727680,1207959552,0.034656696021556854
3,16,1,16,decode,fp8_e4m3,524288,2,1,1.6311465899149578,0.25299839973449706,824832,603979776,0.034656696021556854
3,16,1,16,decode,fp8_e4m3,524288,4,1,1.6194133758544922,0.3593712091445923,1649152,1207959552,0.034656696021556854
3,16,1,16,decode,fp8_e4m3,524288,16,1,1.3988265991210938,1.2713552474975587,6727680,4831838208,0.034656696021556854
3,16,1,16,decode,fp8_e4m3,1048576,2,1,1.6146133740743,0.3604000091552734,824832,1207959552,0.034656696021556854
3,16,1,16,decode,fp8_e4m3,1048576,4,1,1.6891627311706543,0.6007487773895264,1649152,2415919104,0.034656696021556854
3,16,1,16,decode,fp8_e4m3,1048576,16,1,2.5398079554239907,2.618891143798828,6727680,9663676416,0.034656696021556854
3,16,1,16,decode,bfloat16,1024,2,1,1.562869389851888,0.15405759811401368,861696,2359296,0.004290093667805195
3,16,1,16,decode,bfloat16,1024,4,1,1.6256213188171387,0.134932804107666,1722880,4718592,0.004290093667805195
3,16,1,16,decode,bfloat16,1024,16,1,1.4241706530253093,0.14738080501556397,6891520,18874368,0.004290093667805195
3,16,1,16,decode,bfloat16,8192,2,1,1.645535945892334,0.14815360307693481,861696,18874368,0.004290093667805195
3,16,1,16,decode,bfloat16,8192,4,1,1.6410133043924968,0.1398352026939392,1722880,37748736,0.004290093667805195
3,16,1,16,decode,bfloat16,8192,16,1,0.9452586968739828,0.16184959411621094,6891520,150994944,0.004290093667805195
3,16,1,16,decode,bfloat16,32768,2,1,1.655786673227946,0.147599995136261,861696,75497472,0.004290093667805195
3,16,1,16,decode,bfloat16,32768,4,1,1.088362693786621,0.1587407946586609,1722880,150994944,0.004290093667805195
3,16,1,16,decode,bfloat16,32768,16,1,1.488928000132243,0.24254240989685058,6891520,603979776,0.004290093667805195
3,16,1,16,decode,bfloat16,131072,2,1,1.6123733520507812,0.18576960563659667,861696,301989888,0.004290093667805195
3,16,1,16,decode,bfloat16,131072,4,1,1.6100799242655437,0.23446080684661866,1722880,603979776,0.004290093667805195
3,16,1,16,decode,bfloat16,131072,16,1,1.4957013130187988,0.5784495830535888,6891520,2415919104,0.004290093667805195
3,16,1,16,decode,bfloat16,524288,2,1,1.127520004908244,0.3371504068374634,861696,1207959552,0.004290093667805195
3,16,1,16,decode,bfloat16,524288,4,1,1.1636373202006023,0.5443103790283204,1722880,2415919104,0.004290093667805195
3,16,1,16,decode,bfloat16,524288,16,1,2.1795093218485513,2.1653087615966795,6891520,9663676416,0.004290093667805195
3,16,1,16,decode,bfloat16,1048576,2,1,1.6844159762064617,0.5455840110778809,861696,2415919104,0.004290093667805195
3,16,1,16,decode,bfloat16,1048576,4,1,1.3328746954600017,1.016323184967041,1722880,4831838208,0.004290093667805195
3,16,1,16,decode,bfloat16,1048576,16,1,4.431829452514648,4.428428649902344,6891520,19327352832,0.004290093667805195
4,16,16,1,decode,fp8_e4m3,1024,2,1,1.8400959968566895,0.11372319459915162,61952,1179648,0.03509664535522461
4,16,16,1,decode,fp8_e4m3,1024,4,1,1.8469227155049641,0.11550559997558593,123392,2359296,0.03509664535522461
4,16,16,1,decode,fp8_e4m3,1024,16,1,1.5357653299967449,0.1096560001373291,493568,9437184,0.03509664535522461
4,16,16,1,decode,fp8_e4m3,8192,2,1,1.5342933336893718,0.11638720035552978,61952,9437184,0.03509664535522461
4,16,16,1,decode,fp8_e4m3,8192,4,1,1.6862293879191081,0.11943360567092895,123392,18874368,0.03509664535522461
4,16,16,1,decode,fp8_e4m3,8192,16,1,1.509354591369629,0.1471343994140625,493568,75497472,0.03509664535522461
4,16,16,1,decode,fp8_e4m3,32768,2,1,1.7458772659301758,0.13212959766387938,61952,37748736,0.03509664535522461
4,16,16,1,decode,fp8_e4m3,32768,4,1,1.796021302541097,0.14684959650039672,123392,75497472,0.03509664535522461
4,16,16,1,decode,fp8_e4m3,32768,16,1,1.5161706606547039,0.18249919414520263,493568,301989888,0.03509664535522461
4,16,16,1,decode,fp8_e4m3,131072,2,1,1.7660694122314453,0.16094720363616943,61952,150994944,0.03509664535522461
4,16,16,1,decode,fp8_e4m3,131072,4,1,1.7630507151285808,0.1794800043106079,123392,301989888,0.03509664535522461
4,16,16,1,decode,fp8_e4m3,131072,16,1,1.549770673116048,0.3077552080154419,493568,1207959552,0.03509664535522461
4,16,16,1,decode,fp8_e4m3,524288,2,1,1.8208212852478027,0.22355520725250244,61952,603979776,0.03509664535522461
4,16,16,1,decode,fp8_e4m3,524288,4,1,1.8067413965861003,0.3026256084442139,123392,1207959552,0.03509664535522461
4,16,16,1,decode,fp8_e4m3,524288,16,1,1.544490655263265,0.8133040428161621,493568,4831838208,0.03509664535522461
4,16,16,1,decode,fp8_e4m3,1048576,2,1,1.8244160016377766,0.30651519298553465,61952,1207959552,0.03509664535522461
4,16,16,1,decode,fp8_e4m3,1048576,4,1,1.7469654083251953,0.4685823917388916,123392,2415919104,0.03509664535522461
4,16,16,1,decode,fp8_e4m3,1048576,16,1,1.765002727508545,1.4979663848876954,493568,9663676416,0.03509664535522461
4,16,16,1,decode,bfloat16,1024,2,1,1.7041813532511394,0.10779520273208618,61952,2359296,0.006898726802319288
4,16,16,1,decode,bfloat16,1024,4,1,1.6736213366190593,0.1101904034614563,123392,4718592,0.006898726802319288
4,16,16,1,decode,bfloat16,1024,16,1,1.47979736328125,0.11318559646606445,493568,18874368,0.006898726802319288
4,16,16,1,decode,bfloat16,8192,2,1,1.694719950358073,0.1166543960571289,61952,18874368,0.006898726802319288
4,16,16,1,decode,bfloat16,8192,4,1,1.6930346488952637,0.12465440034866333,123392,37748736,0.006898726802319288
4,16,16,1,decode,bfloat16,8192,16,1,1.4556907018025715,0.16015839576721191,493568,150994944,0.006898726802319288
4,16,16,1,decode,bfloat16,32768,2,1,1.7209280331929524,0.1485152006149292,61952,75497472,0.006898726802319288
4,16,16,1,decode,bfloat16,32768,4,1,1.4776852925618489,0.1561728000640869,123392,150994944,0.006898726802319288
4,16,16,1,decode,bfloat16,32768,16,1,1.4568106333414714,0.2356031894683838,493568,603979776,0.006898726802319288
4,16,16,1,decode,bfloat16,131072,2,1,1.515775998433431,0.18533120155334473,61952,301989888,0.006898726802319288
4,16,16,1,decode,bfloat16,131072,4,1,1.701002597808838,0.23023519515991211,123392,603979776,0.006898726802319288
4,16,16,1,decode,bfloat16,131072,16,1,1.2190293471018474,0.527675199508667,493568,2415919104,0.006898726802319288
4,16,16,1,decode,bfloat16,524288,2,1,1.6684692700703938,0.3320591926574707,61952,1207959552,0.006898726802319288
4,16,16,1,decode,bfloat16,524288,4,1,1.7324906984965007,0.5341536045074463,123392,2415919104,0.006898726802319288
4,16,16,1,decode,bfloat16,524288,16,1,2.090730667114258,1.7914255142211915,493568,9663676416,0.006898726802319288
4,16,16,1,decode,bfloat16,1048576,2,1,1.783797264099121,0.5426688194274902,61952,2415919104,0.006898726802319288
4,16,16,1,decode,bfloat16,1048576,4,1,1.8456212679545085,0.9175855636596679,123392,4831838208,0.006898726802319288
4,16,16,1,decode,bfloat16,1048576,16,1,9.270122528076172,3.3506736755371094,493568,19327352832,0.006898726802319288
4,16,8,2,decode,fp8_e4m3,1024,2,1,1.7667840321858723,0.09272800087928772,87040,1179648,0.03501495346426964
4,16,8,2,decode,fp8_e4m3,1024,4,1,1.8783787091573079,0.09553599953651429,173568,2359296,0.03501495346426964
4,16,8,2,decode,fp8_e4m3,1024,16,1,1.4986027081807454,0.10343999862670898,694272,9437184,0.03501495346426964
4,16,8,2,decode,fp8_e4m3,8192,2,1,1.7327040036519368,0.10046080350875855,87040,9437184,0.03501495346426964
4,16,8,2,decode,fp8_e4m3,8192,4,1,1.9261120160420735,0.10503840446472168,173568,18874368,0.03501495346426964
4,16,8,2,decode,fp8_e4m3,8192,16,1,1.3354345957438152,0.12453759908676147,694272,75497472,0.03501495346426964
4,16,8,2,decode,fp8_e4m3,32768,2,1,1.964245319366455,0.11825120449066162,87040,37748736,0.03501495346426964
4,16,8,2,decode,fp8_e4m3,32768,4,1,1.7049387296040852,0.12499040365219116,173568,75497472,0.03501495346426964
4,16,8,2,decode,fp8_e4m3,32768,16,1,1.3362132708231609,0.1570032000541687,694272,301989888,0.03501495346426964
4,16,8,2,decode,fp8_e4m3,131072,2,1,1.8287253379821777,0.13850079774856566,87040,150994944,0.03501495346426964
4,16,8,2,decode,fp8_e4m3,131072,4,1,1.7645546595255535,0.15676480531692505,173568,301989888,0.03501495346426964
4,16,8,2,decode,fp8_e4m3,131072,16,1,1.4093866348266602,0.28215680122375486,694272,1207959552,0.03501495346426964
4,16,8,2,decode,fp8_e4m3,524288,2,1,1.7218880653381348,0.20358080863952638,87040,603979776,0.03501495346426964
4,16,8,2,decode,fp8_e4m3,524288,4,1,1.7490240732828777,0.2819024085998535,173568,1207959552,0.03501495346426964
4,16,8,2,decode,fp8_e4m3,524288,16,1,1.498645305633545,0.7888063907623291,694272,4831838208,0.03501495346426964
4,16,8,2,decode,fp8_e4m3,1048576,2,1,1.8490559260050456,0.2837968111038208,87040,1207959552,0.03501495346426964
4,16,8,2,decode,fp8_e4m3,1048576,4,1,1.8022185961405437,0.4475776195526123,173568,2415919104,0.03501495346426964
4,16,8,2,decode,fp8_e4m3,1048576,16,1,1.7864319483439128,1.4688896179199218,694272,9663676416,0.03501495346426964
4,16,8,2,decode,bfloat16,1024,2,1,1.727018674214681,0.09120159745216369,86528,2359296,0.006444955710321665
4,16,8,2,decode,bfloat16,1024,4,1,1.6405226389567058,0.09296320080757141,172544,4718592,0.006444955710321665
4,16,8,2,decode,bfloat16,1024,16,1,1.3901866277058919,0.10698399543762208,690176,18874368,0.006444955710321665
4,16,8,2,decode,bfloat16,8192,2,1,1.6307306289672852,0.10437920093536376,86528,18874368,0.006444955710321665
4,16,8,2,decode,bfloat16,8192,4,1,1.5864213307698567,0.11008479595184326,172544,37748736,0.006444955710321665
4,16,8,2,decode,bfloat16,8192,16,1,1.4029226303100586,0.1341312050819397,690176,150994944,0.006444955710321665
4,16,8,2,decode,bfloat16,32768,2,1,1.8447999954223633,0.12619680166244507,86528,75497472,0.006444955710321665
4,16,8,2,decode,bfloat16,32768,4,1,1.5918186505635579,0.13580479621887206,172544,150994944,0.006444955710321665
4,16,8,2,decode,bfloat16,32768,16,1,1.4097919464111328,0.21019361019134522,690176,603979776,0.006444955710321665
4,16,8,2,decode,bfloat16,131072,2,1,1.673631985982259,0.16341919898986818,86528,301989888,0.006444955710321665
4,16,8,2,decode,bfloat16,131072,4,1,1.8359893163045247,0.211028790473938,172544,603979776,0.006444955710321665
4,16,8,2,decode,bfloat16,131072,16,1,1.2153600056966145,0.5074863910675049,690176,2415919104,0.006444955710321665
4,16,8,2,decode,bfloat16,524288,2,1,1.6437546412150066,0.3241055965423584,86528,1207959552,0.006444955710321665
4,16,8,2,decode,bfloat16,524288,4,1,1.6424320538838704,0.5079360008239746,172544,2415919104,0.006444955710321665
4,16,8,2,decode,bfloat16,524288,16,1,2.0821654001871743,1.7707168579101562,690176,9663676416,0.006444955710321665
4,16,8,2,decode,bfloat16,1048576,2,1,1.6457173029581706,0.5130815982818604,86528,2415919104,0.006444955710321665
4,16,8,2,decode,bfloat16,1048576,4,1,1.711008071899414,0.9100079536437988,172544,4831838208,0.006444955710321665
4,16,8,2,decode,bfloat16,1048576,16,1,3.5474348068237305,3.251811218261719,690176,19327352832,0.006444955710321665
4,16,4,4,decode,fp8_e4m3,1024,2,1,1.1684906482696533,0.10677920579910279,213504,1179648,0.03481585159897804
4,16,4,4,decode,fp8_e4m3,1024,4,1,1.2074346542358398,0.10737119913101197,425472,2359296,0.03481585159897804
4,16,4,4,decode,fp8_e4m3,1024,16,1,1.131498654683431,0.11178079843521119,1699840,9437184,0.03481585159897804
4,16,4,4,decode,fp8_e4m3,8192,2,1,1.2243626912434895,0.11344480514526367,213504,9437184,0.03481585159897804
4,16,4,4,decode,fp8_e4m3,8192,4,1,1.214687983194987,0.11373440027236939,425472,18874368,0.03481585159897804
4,16,4,4,decode,fp8_e4m3,8192,16,1,1.1136106650034587,0.12923359870910645,1699840,75497472,0.03481585159897804
4,16,4,4,decode,fp8_e4m3,32768,2,1,1.1895146369934082,0.1221776008605957,213504,37748736,0.03481585159897804
4,16,4,4,decode,fp8_e4m3,32768,4,1,1.1992746988932292,0.12696640491485595,425472,75497472,0.03481585159897804
4,16,4,4,decode,fp8_e4m3,32768,16,1,1.1251946290334065,0.18184000253677368,1699840,301989888,0.03481585159897804
4,16,4,4,decode,fp8_e4m3,131072,2,1,1.2337173620859783,0.1458448052406311,213504,150994944,0.03481585159897804
4,16,4,4,decode,fp8_e4m3,131072,4,1,1.22380797068278,0.17388800382614136,425472,301989888,0.03481585159897804
4,16,4,4,decode,fp8_e4m3,131072,16,1,1.1173439820607503,0.3933680057525635,1699840,1207959552,0.03481585159897804
4,16,4,4,decode,fp8_e4m3,524288,2,1,1.215018669764201,0.24191839694976808,213504,603979776,0.03481585159897804
4,16,4,4,decode,fp8_e4m3,524288,4,1,1.2440746625264485,0.36252479553222655,425472,1207959552,0.03481585159897804
4,16,4,4,decode,fp8_e4m3,524288,16,1,1.4786879221598308,1.224619197845459,1699840,4831838208,0.03481585159897804
4,16,4,4,decode,fp8_e4m3,1048576,2,1,1.2722240289052327,0.3663583993911743,213504,1207959552,0.03481585159897804
4,16,4,4,decode,fp8_e4m3,1048576,4,1,1.3104320367177327,0.6049039840698243,425472,2415919104,0.03481585159897804
4,16,4,4,decode,fp8_e4m3,1048576,16,1,2.5811413129170737,2.416878318786621,1699840,9663676416,0.03481585159897804
4,16,4,4,decode,bfloat16,1024,2,1,1.2000319957733154,0.10413919687271118,222720,2359296,0.005524782929569483
4,16,4,4,decode,bfloat16,1024,4,1,1.2180266380310059,0.10488959550857543,443904,4718592,0.005524782929569483
4,16,4,4,decode,bfloat16,1024,16,1,1.0530026753743489,0.10956640243530273,1773568,18874368,0.005524782929569483
4,16,4,4,decode,bfloat16,8192,2,1,1.1540160179138184,0.11158720254898072,222720,18874368,0.005524782929569483
4,16,4,4,decode,bfloat16,8192,4,1,1.1601813634236653,0.11643040180206299,443904,37748736,0.005524782929569483
4,16,4,4,decode,bfloat16,8192,16,1,1.034336010615031,0.14979360103607178,1773568,150994944,0.005524782929569483
4,16,4,4,decode,bfloat16,32768,2,1,1.1664106845855713,0.1281231999397278,222720,75497472,0.005524782929569483
4,16,4,4,decode,bfloat16,32768,4,1,1.1665279865264893,0.14335839748382567,443904,150994944,0.005524782929569483
4,16,4,4,decode,bfloat16,32768,16,1,1.052554686864217,0.26528160572052,1773568,603979776,0.005524782929569483
4,16,4,4,decode,bfloat16,131072,2,1,1.1742933591206868,0.17872960567474366,222720,301989888,0.005524782929569483
4,16,4,4,decode,bfloat16,131072,4,1,1.165824015935262,0.24783680438995362,443904,603979776,0.005524782929569483
4,16,4,4,decode,bfloat16,131072,16,1,1.1728639602661133,0.7301792144775391,1773568,2415919104,0.005524782929569483
4,16,4,4,decode,bfloat16,524288,2,1,1.1651306947072346,0.3849407911300659,222720,1207959552,0.005524782929569483
4,16,4,4,decode,bfloat16,524288,4,1,1.238101323445638,0.6502960205078125,443904,2415919104,0.005524782929569483
4,16,4,4,decode,bfloat16,524288,16,1,2.81603209177653,2.5817855834960937,1773568,9663676416,0.005524782929569483
4,16,4,4,decode,bfloat16,1048576,2,1,1.2387733459472656,0.6495007991790771,222720,2415919104,0.005524782929569483
4,16,4,4,decode,bfloat16,1048576,4,1,1.4580373764038086,1.190056037902832,443904,4831838208,0.005524782929569483
4,16,4,4,decode,bfloat16,1048576,16,1,5.271786689758301,5.055643081665039,1773568,19327352832,0.005524782929569483
4,16,2,8,decode,fp8_e4m3,1024,2,1,1.4205013910929363,0.10743999481201172,322048,1179648,0.03470971807837486
4,16,2,8,decode,fp8_e4m3,1024,4,1,1.408138593037923,0.1072111964225769,643584,2359296,0.03470971807837486
4,16,2,8,decode,fp8_e4m3,1024,16,1,1.2399360338846843,0.12101279497146607,2574336,9437184,0.03470971807837486
4,16,2,8,decode,fp8_e4m3,8192,2,1,1.3976532618204753,0.11212320327758789,322048,9437184,0.03470971807837486
4,16,2,8,decode,fp8_e4m3,8192,4,1,1.382581392923991,0.11692639589309692,643584,18874368,0.03470971807837486
4,16,2,8,decode,fp8_e4m3,8192,16,1,1.23798402150472,0.13243680000305175,2574336,75497472,0.03470971807837486
4,16,2,8,decode,fp8_e4m3,32768,2,1,1.393141269683838,0.1269536018371582,322048,37748736,0.03470971807837486
4,16,2,8,decode,fp8_e4m3,32768,4,1,1.3973760604858398,0.1285040020942688,643584,75497472,0.03470971807837486
4,16,2,8,decode,fp8_e4m3,32768,16,1,1.2217706839243572,0.1736575961112976,2574336,301989888,0.03470971807837486
4,16,2,8,decode,fp8_e4m3,131072,2,1,1.3709866205851238,0.14780800342559813,322048,150994944,0.03470971807837486
4,16,2,8,decode,fp8_e4m3,131072,4,1,1.3434133529663086,0.16741440296173096,643584,301989888,0.03470971807837486
4,16,2,8,decode,fp8_e4m3,131072,16,1,1.2121919790903728,0.3312864065170288,2574336,1207959552,0.03470971807837486
4,16,2,8,decode,fp8_e4m3,524288,2,1,1.3806719779968262,0.22564001083374025,322048,603979776,0.03470971807837486
4,16,2,8,decode,fp8_e4m3,524288,4,1,1.3526933987935383,0.3244895935058594,643584,1207959552,0.03470971807837486
4,16,2,8,decode,fp8_e4m3,524288,16,1,1.3431359926859539,0.9535759925842285,2574336,4831838208,0.03470971807837486
4,16,2,8,decode,fp8_e4m3,1048576,2,1,1.3624000549316406,0.32718238830566404,322048,1207959552,0.03470971807837486
4,16,2,8,decode,fp8_e4m3,1048576,4,1,1.346432050069173,0.526091194152832,643584,2415919104,0.03470971807837486
4,16,2,8,decode,fp8_e4m3,1048576,16,1,2.0241066614786782,1.9333471298217773,2574336,9663676416,0.03470971807837486
4,16,2,8,decode,bfloat16,1024,2,1,1.2837440172831218,0.1036911964416504,279040,2359296,0.004783360753208399
4,16,2,8,decode,bfloat16,1024,4,1,1.2597973346710205,0.1047760009765625,557568,4718592,0.004783360753208399
4,16,2,8,decode,bfloat16,1024,16,1,1.1150293350219727,0.12140480279922486,2230272,18874368,0.004783360753208399
4,16,2,8,decode,bfloat16,8192,2,1,1.2671786944071453,0.11385120153427124,279040,18874368,0.004783360753208399
4,16,2,8,decode,bfloat16,8192,4,1,1.2713706493377686,0.11998080015182495,557568,37748736,0.004783360753208399
4,16,2,8,decode,bfloat16,8192,16,1,1.1529280344645183,0.14287999868392945,2230272,150994944,0.004783360753208399
4,16,2,8,decode,bfloat16,32768,2,1,1.2923519611358643,0.12831679582595826,279040,75497472,0.004783360753208399
4,16,2,8,decode,bfloat16,32768,4,1,1.2704746723175049,0.13659520149230958,557568,150994944,0.004783360753208399
4,16,2,8,decode,bfloat16,32768,16,1,1.132256031036377,0.21684319972991944,2230272,603979776,0.004783360753208399
4,16,2,8,decode,bfloat16,131072,2,1,1.2812053362528484,0.16906720399856567,279040,301989888,0.004783360753208399
4,16,2,8,decode,bfloat16,131072,4,1,1.3166826566060383,0.21398398876190186,557568,603979776,0.004783360753208399
4,16,2,8,decode,bfloat16,131072,16,1,1.1514986356099446,0.5208064079284668,2230272,2415919104,0.004783360753208399
4,16,2,8,decode,bfloat16,524288,2,1,1.2830719947814941,0.319321608543396,279040,1207959552,0.004783360753208399
4,16,2,8,decode,bfloat16,524288,4,1,1.2746240297953289,0.5270431995391845,557568,2415919104,0.004783360753208399
4,16,2,8,decode,bfloat16,524288,16,1,2.0453759829203286,1.8721088409423827,2230272,9663676416,0.004783360753208399
4,16,2,8,decode,bfloat16,1048576,2,1,1.2740800380706787,0.5398880004882812,279040,2415919104,0.004783360753208399
4,16,2,8,decode,bfloat16,1048576,4,1,1.4021652539571126,0.9236384391784668,557568,4831838208,0.004783360753208399
4,16,2,8,decode,bfloat16,1048576,16,1,3.5520639419555664,3.5920528411865233,2230272,19327352832,0.004783360753208399
4,16,1,16,decode,fp8_e4m3,1024,2,1,1.1385386784871419,0.13286399841308594,824832,1179648,0.034656696021556854
4,16,1,16,decode,fp8_e4m3,1024,4,1,1.1373226642608643,0.13517600297927856,1649152,2359296,0.034656696021556854
4,16,1,16,decode,fp8_e4m3,1024,16,1,1.0539413293202717,0.1422111988067627,7841792,9437184,0.034656696021556854
4,16,1,16,decode,fp8_e4m3,8192,2,1,1.1480320294698079,0.1421504020690918,824832,9437184,0.034656696021556854
4,16,1,16,decode,fp8_e4m3,8192,4,1,1.1226773262023926,0.1418287992477417,1649152,18874368,0.034656696021556854
4,16,1,16,decode,fp8_e4m3,8192,16,1,1.0294400056203206,0.15476800203323365,7448576,75497472,0.034656696021556854
4,16,1,16,decode,fp8_e4m3,32768,2,1,1.1360212961832683,0.1496608018875122,824832,37748736,0.034656696021556854
4,16,1,16,decode,fp8_e4m3,32768,4,1,1.107157309850057,0.15385440587997437,1649152,75497472,0.034656696021556854
4,16,1,16,decode,fp8_e4m3,32768,16,1,1.0224533081054688,0.1981711983680725,7448576,301989888,0.034656696021556854
4,16,1,16,decode,fp8_e4m3,131072,2,1,1.1329920291900635,0.16600960493087769,824832,150994944,0.034656696021556854
4,16,1,16,decode,fp8_e4m3,131072,4,1,1.1066239674886067,0.1952783942222595,1649152,301989888,0.034656696021556854
4,16,1,16,decode,fp8_e4m3,131072,16,1,1.0369280179341633,0.38266398906707766,7448576,1207959552,0.034656696021556854
4,16,1,16,decode,fp8_e4m3,524288,2,1,1.1086080074310303,0.24809761047363282,824832,603979776,0.034656696021556854
4,16,1,16,decode,fp8_e4m3,524288,4,1,1.112821340560913,0.3571919918060303,1649152,1207959552,0.034656696021556854
4,16,1,16,decode,fp8_e4m3,524288,16,1,1.3905706405639648,1.1933279991149903,7448576,4831838208,0.034656696021556854
4,16,1,16,decode,fp8_e4m3,1048576,2,1,1.1416213512420654,0.35986878871917727,824832,1207959552,0.034656696021556854
4,16,1,16,decode,fp8_e4m3,1048576,4,1,1.2051093578338623,0.5956960201263428,1649152,2415919104,0.034656696021556854
4,16,1,16,decode,fp8_e4m3,1048576,16,1,2.39463472366333,2.4713008880615233,7448576,9663676416,0.034656696021556854
4,16,1,16,decode,bfloat16,1024,2,1,1.0633493264516194,0.1311408042907715,861696,2359296,0.004290093667805195
4,16,1,16,decode,bfloat16,1024,4,1,1.046463966369629,0.13475199937820434,1722880,4718592,0.004290093667805195
4,16,1,16,decode,bfloat16,1024,16,1,0.9566293557484945,0.14695039987564087,8660992,18874368,0.004290093667805195
4,16,1,16,decode,bfloat16,8192,2,1,1.049845298131307,0.14763200283050537,861696,18874368,0.004290093667805195
4,16,1,16,decode,bfloat16,8192,4,1,1.0720960299173992,0.13968319892883302,1722880,37748736,0.004290093667805195
4,16,1,16,decode,bfloat16,8192,16,1,0.9627947012583414,0.16143360137939453,8660992,150994944,0.004290093667805195
4,16,1,16,decode,bfloat16,32768,2,1,1.0514986515045166,0.14713120460510254,861696,75497472,0.004290093667805195
4,16,1,16,decode,bfloat16,32768,4,1,1.066922664642334,0.1590175986289978,1722880,150994944,0.004290093667805195
4,16,1,16,decode,bfloat16,32768,16,1,0.9492692947387695,0.24248321056365968,8660992,603979776,0.004290093667805195
4,16,1,16,decode,bfloat16,131072,2,1,1.0427093505859375,0.18478879928588868,861696,301989888,0.004290093667805195
4,16,1,16,decode,bfloat16,131072,4,1,1.0764479637145996,0.2338399887084961,1722880,603979776,0.004290093667805195
4,16,1,16,decode,bfloat16,131072,16,1,1.0582293669382732,0.5745503902435303,-240510976,2415919104,0.004290093667805195
4,16,1,16,decode,bfloat16,524288,2,1,1.0800960063934326,0.33541440963745117,861696,1207959552,0.004290093667805195
4,16,1,16,decode,bfloat16,524288,4,1,1.081173340479533,0.5395999908447265,1722880,2415919104,0.004290093667805195
4,16,1,16,decode,bfloat16,524288,16,1,2.2481706937154136,2.078358459472656,7743488,9663676416,0.004290093667805195
4,16,1,16,decode,bfloat16,1048576,2,1,1.136629343032837,0.5436607837677002,861696,2415919104,0.004290093667805195
4,16,1,16,decode,bfloat16,1048576,4,1,1.2450026671091716,0.98438720703125,1722880,4831838208,0.004290093667805195
4,16,1,16,decode,bfloat16,1048576,16,1,3.930368105570475,4.323507308959961,7743488,19327352832,0.004290093667805195
5,16,16,1,decode,fp8_e4m3,1024,2,1,1.8405226071675618,0.11360160112380982,61952,1179648,0.03509664535522461
5,16,16,1,decode,fp8_e4m3,1024,4,1,1.8464639981587727,0.11560959815979004,123392,2359296,0.03509664535522461
5,16,16,1,decode,fp8_e4m3,1024,16,1,1.5353280703226726,0.10954079627990723,493568,9437184,0.03509664535522461
5,16,16,1,decode,fp8_e4m3,8192,2,1,1.5344319343566895,0.11630560159683227,61952,9437184,0.03509664535522461
5,16,16,1,decode,fp8_e4m3,8192,4,1,1.685109297434489,0.1193951964378357,123392,18874368,0.03509664535522461
5,16,16,1,decode,fp8_e4m3,8192,16,1,1.5091733932495117,0.14718400239944457,493568,75497472,0.03509664535522461
5,16,16,1,decode,fp8_e4m3,32768,2,1,1.746079921722412,0.13233599662780762,61952,37748736,0.03509664535522461
5,16,16,1,decode,fp8_e4m3,32768,4,1,1.795680046081543,0.14689120054244995,123392,75497472,0.03509664535522461
5,16,16,1,decode,fp8_e4m3,32768,16,1,1.5160214106241863,0.18243680000305176,493568,301989888,0.03509664535522461
5,16,16,1,decode,fp8_e4m3,131072,2,1,1.766815980275472,0.1609503984451294,61952,150994944,0.03509664535522461
5,16,16,1,decode,fp8_e4m3,131072,4,1,1.7632746696472168,0.17951359748840331,123392,301989888,0.03509664535522461
5,16,16,1,decode,fp8_e4m3,131072,16,1,1.550399939219157,0.3076047897338867,493568,1207959552,0.03509664535522461
5,16,16,1,decode,fp8_e4m3,524288,2,1,1.8203840255737305,0.22363519668579102,61952,603979776,0.03509664535522461
5,16,16,1,decode,fp8_e4m3,524288,4,1,1.8077227274576824,0.3027856111526489,123392,1207959552,0.03509664535522461
5,16,16,1,decode,fp8_e4m3,524288,16,1,1.5442345937093098,0.8133791923522949,493568,4831838208,0.03509664535522461
5,16,16,1,decode,fp8_e4m3,1048576,2,1,1.8247040112813313,0.30650079250335693,61952,1207959552,0.03509664535522461
5,16,16,1,decode,fp8_e4m3,1048576,4,1,1.7472319602966309,0.4685808181762695,123392,2415919104,0.03509664535522461
5,16,16,1,decode,fp8_e4m3,1048576,16,1,1.764618714650472,1.4980511665344238,493568,9663676416,0.03509664535522461
5,16,16,1,decode,bfloat16,1024,2,1,1.7049387296040852,0.10771360397338867,61952,2359296,0.006898726802319288
5,16,16,1,decode,bfloat16,1024,4,1,1.6737173398335774,0.11013280153274536,123392,4718592,0.006898726802319288
5,16,16,1,decode,bfloat16,1024,16,1,1.4802346229553223,0.11334719657897949,493568,18874368,0.006898726802319288
5,16,16,1,decode,bfloat16,8192,2,1,1.6964373588562012,0.11679519414901733,61952,18874368,0.006898726802319288
5,16,16,1,decode,bfloat16,8192,4,1,1.692629337310791,0.12471519708633423,123392,37748736,0.006898726802319288
5,16,16,1,decode,bfloat16,8192,16,1,1.4565439224243164,0.16029119491577148,493568,150994944,0.006898726802319288
5,16,16,1,decode,bfloat16,32768,2,1,1.7211947441101074,0.14851839542388917,61952,75497472,0.006898726802319288
5,16,16,1,decode,bfloat16,32768,4,1,1.4783466657002766,0.1563647985458374,123392,150994944,0.006898726802319288
5,16,16,1,decode,bfloat16,32768,16,1,1.4569279352823894,0.23560960292816163,493568,603979776,0.006898726802319288
5,16,16,1,decode,bfloat16,131072,2,1,1.516266663869222,0.18538559675216676,61952,301989888,0.006898726802319288
5,16,16,1,decode,bfloat16,131072,4,1,1.701365311940511,0.23053278923034667,123392,603979776,0.006898726802319288
5,16,16,1,decode,bfloat16,131072,16,1,1.2195946375528972,0.5277391910552979,493568,2415919104,0.006898726802319288
5,16,16,1,decode,bfloat16,524288,2,1,1.6690773963928223,0.3320224046707153,61952,1207959552,0.006898726802319288
5,16,16,1,decode,bfloat16,524288,4,1,1.7316266695658367,0.5342271804809571,123392,2415919104,0.006898726802319288
5,16,16,1,decode,bfloat16,524288,16,1,2.09169069925944,1.79169921875,493568,9663676416,0.006898726802319288
5,16,16,1,decode,bfloat16,1048576,2,1,1.7857386271158855,0.5428271770477295,61952,2415919104,0.006898726802319288
5,16,16,1,decode,bfloat16,1048576,4,1,1.8455252647399902,0.9177103996276855,123392,4831838208,0.006898726802319288
5,16,16,1,decode,bfloat16,1048576,16,1,9.985098520914713,3.3507457733154298,493568,19327352832,0.006898726802319288
5,16,8,2,decode,fp8_e4m3,1024,2,1,1.7675946553548176,0.09284160137176514,87040,1179648,0.03501495346426964
5,16,8,2,decode,fp8_e4m3,1024,4,1,1.8781973520914714,0.09556639790534974,173568,2359296,0.03501495346426964
5,16,8,2,decode,fp8_e4m3,1024,16,1,1.4994773864746094,0.10373599529266357,694272,9437184,0.03501495346426964
5,16,8,2,decode,fp8_e4m3,8192,2,1,1.7338239351908367,0.10049920082092285,87040,9437184,0.03501495346426964
5,16,8,2,decode,fp8_e4m3,8192,4,1,1.9257814089457195,0.10511679649353027,173568,18874368,0.03501495346426964
5,16,8,2,decode,fp8_e4m3,8192,16,1,1.336725393931071,0.12466720342636109,694272,75497472,0.03501495346426964
5,16,8,2,decode,fp8_e4m3,32768,2,1,1.9650452931722004,0.11841759681701661,87040,37748736,0.03501495346426964
5,16,8,2,decode,fp8_e4m3,32768,4,1,1.7059626579284668,0.12486079931259156,173568,75497472,0.03501495346426964
5,16,8,2,decode,fp8_e4m3,32768,16,1,1.3371626536051433,0.15714880228042602,694272,301989888,0.03501495346426964
5,16,8,2,decode,fp8_e4m3,131072,2,1,1.8296000162760417,0.13846720457077027,87040,150994944,0.03501495346426964
5,16,8,2,decode,fp8_e4m3,131072,4,1,1.7651519775390625,0.15688480138778688,173568,301989888,0.03501495346426964
5,16,8,2,decode,fp8_e4m3,131072,16,1,1.4102826118469238,0.2823040008544922,694272,1207959552,0.03501495346426964
5,16,8,2,decode,fp8_e4m3,524288,2,1,1.7217386563618977,0.20361759662628173,87040,603979776,0.03501495346426964
5,16,8,2,decode,fp8_e4m3,524288,4,1,1.7487786610921223,0.28193440437316897,173568,1207959552,0.03501495346426964
5,16,8,2,decode,fp8_e4m3,524288,16,1,1.499274730682373,0.7889967918395996,694272,4831838208,0.03501495346426964
5,16,8,2,decode,fp8_e4m3,1048576,2,1,1.8493119875590007,0.2839152097702026,87040,1207959552,0.03501495346426964
5,16,8,2,decode,fp8_e4m3,1048576,4,1,1.8034772872924805,0.4476975917816162,173568,2415919104,0.03501495346426964
5,16,8,2,decode,fp8_e4m3,1048576,16,1,1.7881174087524414,1.4689120292663573,694272,9663676416,0.03501495346426964
5,16,8,2,decode,bfloat16,1024,2,1,1.727776050567627,0.09133920073509216,86528,2359296,0.006444955710321665
5,16,8,2,decode,bfloat16,1024,4,1,1.6415360768636067,0.09287520051002503,172544,4718592,0.006444955710321665
5,16,8,2,decode,bfloat16,1024,16,1,1.3917759259541829,0.10704480409622193,690176,18874368,0.006444955710321665
5,16,8,2,decode,bfloat16,8192,2,1,1.6313385963439941,0.10443999767303466,86528,18874368,0.006444955710321665
5,16,8,2,decode,bfloat16,8192,4,1,1.5883307456970215,0.11031039953231811,172544,37748736,0.006444955710321665
5,16,8,2,decode,bfloat16,8192,16,1,1.4035414059956868,0.134225594997406,690176,150994944,0.006444955710321665
5,16,8,2,decode,bfloat16,32768,2,1,1.8449600537618,0.12626880407333374,86528,75497472,0.006444955710321665
5,16,8,2,decode,bfloat16,32768,4,1,1.5927039782206218,0.1358288049697876,172544,150994944,0.006444955710321665
5,16,8,2,decode,bfloat16,32768,16,1,1.411285400390625,0.21020159721374512,690176,603979776,0.006444955710321665
5,16,8,2,decode,bfloat16,131072,2,1,1.6741013526916504,0.16355680227279662,86528,301989888,0.006444955710321665
5,16,8,2,decode,bfloat16,131072,4,1,1.8375892639160156,0.21106879711151122,172544,603979776,0.006444955710321665
5,16,8,2,decode,bfloat16,131072,16,1,1.2148373126983643,0.5077936172485351,690176,2415919104,0.006444955710321665
5,16,8,2,decode,bfloat16,524288,2,1,1.6434346834818523,0.3243887901306152,86528,1207959552,0.006444955710321665
5,16,8,2,decode,bfloat16,524288,4,1,1.6421119372049968,0.5080656051635742,172544,2415919104,0.006444955710321665
5,16,8,2,decode,bfloat16,524288,16,1,2.082047939300537,1.7707328796386719,690176,9663676416,0.006444955710321665
5,16,8,2,decode,bfloat16,1048576,2,1,1.6469119389851887,0.5132863998413086,86528,2415919104,0.006444955710321665
5,16,8,2,decode,bfloat16,1048576,4,1,1.712480068206787,0.9093520164489746,172544,4831838208,0.006444955710321665
5,16,8,2,decode,bfloat16,1048576,16,1,3.548938751220703,3.2518463134765625,690176,19327352832,0.006444955710321665
5,16,4,4,decode,fp8_e4m3,1024,2,1,1.1688640117645264,0.10687839984893799,213504,1179648,0.03481585159897804
5,16,4,4,decode,fp8_e4m3,1024,4,1,1.203978697458903,0.10732640027999878,425472,2359296,0.03481585159897804
5,16,4,4,decode,fp8_e4m3,1024,16,1,1.1248533725738525,0.11180800199508667,1699840,9437184,0.03481585159897804
5,16,4,4,decode,fp8_e4m3,8192,2,1,1.2202986876169841,0.11329760551452636,213504,9437184,0.03481585159897804
5,16,4,4,decode,fp8_e4m3,8192,4,1,1.212213357289632,0.11375360488891602,425472,18874368,0.03481585159897804
5,16,4,4,decode,fp8_e4m3,8192,16,1,1.1089920202891033,0.1293455958366394,1699840,75497472,0.03481585159897804
5,16,4,4,decode,fp8_e4m3,32768,2,1,1.18504532178243,0.12219680547714233,213504,37748736,0.03481585159897804
5,16,4,4,decode,fp8_e4m3,32768,4,1,1.1977492968241374,0.12710560560226442,425472,75497472,0.03481585159897804
5,16,4,4,decode,fp8_e4m3,32768,16,1,1.1122132937113445,0.18192800283432006,1699840,301989888,0.03481585159897804
5,16,4,4,decode,fp8_e4m3,131072,2,1,1.2314773400624592,0.14594080448150634,213504,150994944,0.03481585159897804
5,16,4,4,decode,fp8_e4m3,131072,4,1,1.2221333185831706,0.17395520210266113,425472,301989888,0.03481585159897804
5,16,4,4,decode,fp8_e4m3,131072,16,1,1.1191253662109375,0.393449592590332,1699840,1207959552,0.03481585159897804
5,16,4,4,decode,fp8_e4m3,524288,2,1,1.2113813559214275,0.2420192003250122,213504,603979776,0.03481585159897804
5,16,4,4,decode,fp8_e4m3,524288,4,1,1.241418679555257,0.3626976013183594,425472,1207959552,0.03481585159897804
5,16,4,4,decode,fp8_e4m3,524288,16,1,1.4792532920837402,1.2246831893920898,1699840,4831838208,0.03481585159897804
5,16,4,4,decode,fp8_e4m3,1048576,2,1,1.2662826379140217,0.3664400100708008,213504,1207959552,0.03481585159897804
5,16,4,4,decode,fp8_e4m3,1048576,4,1,1.3118613560994465,0.6049071788787842,425472,2415919104,0.03481585159897804
5,16,4,4,decode,fp8_e4m3,1048576,16,1,2.5810346603393555,2.4171680450439452,1699840,9663676416,0.03481585159897804
5,16,4,4,decode,bfloat16,1024,2,1,1.1986666520436604,0.1043776035308838,222720,2359296,0.005524782929569483
5,16,4,4,decode,bfloat16,1024,4,1,1.2071253458658855,0.10490880012512208,443904,4718592,0.005524782929569483
5,16,4,4,decode,bfloat16,1024,16,1,1.0494720141092937,0.10958240032196045,1773568,18874368,0.005524782929569483
5,16,4,4,decode,bfloat16,8192,2,1,1.1529066562652588,0.11134560108184814,222720,18874368,0.005524782929569483
5,16,4,4,decode,bfloat16,8192,4,1,1.152565320332845,0.11640160083770752,443904,37748736,0.005524782929569483
5,16,4,4,decode,bfloat16,8192,16,1,1.0319039821624756,0.14979840517044068,1773568,150994944,0.005524782929569483
5,16,4,4,decode,bfloat16,32768,2,1,1.155722697575887,0.12823359966278075,222720,75497472,0.005524782929569483
5,16,4,4,decode,bfloat16,32768,4,1,1.1654293537139893,0.1431488037109375,443904,150994944,0.005524782929569483
5,16,4,4,decode,bfloat16,32768,16,1,1.0478400389353435,0.2653520107269287,1773568,603979776,0.005524782929569483
5,16,4,4,decode,bfloat16,131072,2,1,1.1679360071818035,0.17881280183792114,222720,301989888,0.005524782929569483
5,16,4,4,decode,bfloat16,131072,4,1,1.1642666657765706,0.2480112075805664,443904,603979776,0.005524782929569483
5,16,4,4,decode,bfloat16,131072,16,1,1.1729066371917725,0.7302495956420898,1773568,2415919104,0.005524782929569483
5,16,4,4,decode,bfloat16,524288,2,1,1.155392011006673,0.38413760662078855,222720,1207959552,0.005524782929569483
5,16,4,4,decode,bfloat16,524288,4,1,1.2380586465199788,0.650108814239502,443904,2415919104,0.005524782929569483
5,16,4,4,decode,bfloat16,524288,16,1,2.8159573872884116,2.5817567825317385,1773568,9663676416,0.005524782929569483
5,16,4,4,decode,bfloat16,1048576,2,1,1.2396586736043294,0.6494880199432373,222720,2415919104,0.005524782929569483
5,16,4,4,decode,bfloat16,1048576,4,1,1.4593173662821453,1.1902239799499512,443904,4831838208,0.005524782929569483
5,16,4,4,decode,bfloat16,1048576,16,1,5.272778511047363,5.055889511108399,1773568,19327352832,0.005524782929569483
5,16,2,8,decode,fp8_e4m3,1024,2,1,1.4214399655659993,0.10718239545822143,322048,1179648,0.03470971807837486
5,16,2,8,decode,fp8_e4m3,1024,4,1,1.4097065925598145,0.10723199844360351,643584,2359296,0.03470971807837486
5,16,2,8,decode,fp8_e4m3,1024,16,1,1.2448639869689941,0.12109919786453247,2574336,9437184,0.03470971807837486
5,16,2,8,decode,fp8_e4m3,8192,2,1,1.3962453206380208,0.11230080127716065,322048,9437184,0.03470971807837486
5,16,2,8,decode,fp8_e4m3,8192,4,1,1.3833492596944172,0.11698559522628785,643584,18874368,0.03470971807837486
5,16,2,8,decode,fp8_e4m3,8192,16,1,1.2349332968393962,0.13256800174713135,2574336,75497472,0.03470971807837486
5,16,2,8,decode,fp8_e4m3,32768,2,1,1.3905280431111653,0.1270576000213623,322048,37748736,0.03470971807837486
5,16,2,8,decode,fp8_e4m3,32768,4,1,1.3962453206380208,0.12861920595169068,643584,75497472,0.03470971807837486
5,16,2,8,decode,fp8_e4m3,32768,16,1,1.241439978281657,0.17355040311813355,2574336,301989888,0.03470971807837486
5,16,2,8,decode,fp8_e4m3,131072,2,1,1.3718080520629883,0.1477344036102295,322048,150994944,0.03470971807837486
5,16,2,8,decode,fp8_e4m3,131072,4,1,1.374410629272461,0.1676640033721924,643584,301989888,0.03470971807837486
5,16,2,8,decode,fp8_e4m3,131072,16,1,1.2152746518452961,0.33138079643249513,2574336,1207959552,0.03470971807837486
5,16,2,8,decode,fp8_e4m3,524288,2,1,1.378453254699707,0.2257024049758911,322048,603979776,0.03470971807837486
5,16,2,8,decode,fp8_e4m3,524288,4,1,1.3507839838663738,0.32453439235687254,643584,1207959552,0.03470971807837486
5,16,2,8,decode,fp8_e4m3,524288,16,1,1.3426666259765625,0.9530896186828614,2574336,4831838208,0.03470971807837486
5,16,2,8,decode,fp8_e4m3,1048576,2,1,1.3602666854858398,0.3272223949432373,322048,1207959552,0.03470971807837486
5,16,2,8,decode,fp8_e4m3,1048576,4,1,1.348042647043864,0.5258480072021484,643584,2415919104,0.03470971807837486
5,16,2,8,decode,fp8_e4m3,1048576,16,1,2.0235840479532876,1.9333744049072266,2574336,9663676416,0.03470971807837486
5,16,2,8,decode,bfloat16,1024,2,1,1.2835626602172852,0.10372159481048585,279040,2359296,0.004783360753208399
5,16,2,8,decode,bfloat16,1024,4,1,1.2660906314849854,0.10466079711914063,557568,4718592,0.004783360753208399
5,16,2,8,decode,bfloat16,1024,16,1,1.124224026997884,0.12139519453048705,2230272,18874368,0.004783360753208399
5,16,2,8,decode,bfloat16,8192,2,1,1.2716800371805828,0.1140064001083374,279040,18874368,0.004783360753208399
5,16,2,8,decode,bfloat16,8192,4,1,1.2735573450724285,0.11992640495300293,557568,37748736,0.004783360753208399
5,16,2,8,decode,bfloat16,8192,16,1,1.137290636698405,0.14277440309524536,2230272,150994944,0.004783360753208399
5,16,2,8,decode,bfloat16,32768,2,1,1.2913386821746826,0.12833280563354493,279040,75497472,0.004783360753208399
5,16,2,8,decode,bfloat16,32768,4,1,1.2702186902364094,0.13655680418014526,557568,150994944,0.004783360753208399
5,16,2,8,decode,bfloat16,32768,16,1,1.1306986808776855,0.21698400974273682,2230272,603979776,0.004783360753208399
5,16,2,8,decode,bfloat16,131072,2,1,1.2798506418863933,0.16905440092086793,279040,301989888,0.004783360753208399
5,16,2,8,decode,bfloat16,131072,4,1,1.300106684366862,0.21402719020843505,557568,603979776,0.004783360753208399
5,16,2,8,decode,bfloat16,131072,16,1,1.1518826484680176,0.521065616607666,2230272,2415919104,0.004783360753208399
5,16,2,8,decode,bfloat16,524288,2,1,1.2870826721191406,0.31926560401916504,279040,1207959552,0.004783360753208399
5,16,2,8,decode,bfloat16,524288,4,1,1.2778773307800293,0.5270720005035401,557568,2415919104,0.004783360753208399
5,16,2,8,decode,bfloat16,524288,16,1,2.044895966847738,1.8720800399780273,2230272,9663676416,0.004783360753208399
5,16,2,8,decode,bfloat16,1048576,2,1,1.2797226905822754,0.5400959968566894,279040,2415919104,0.004783360753208399
5,16,2,8,decode,bfloat16,1048576,4,1,1.4020800590515137,0.9235424041748047,557568,4831838208,0.004783360753208399
5,16,2,8,decode,bfloat16,1048576,16,1,3.5515626271565757,3.5920783996582033,2230272,19327352832,0.004783360753208399
5,16,1,16,decode,fp8_e4m3,1024,2,1,1.1373120148976643,0.13360480070114136,824832,1179648,0.034656696021556854
5,16,1,16,decode,fp8_e4m3,1024,4,1,1.111957311630249,0.13640799522399902,1649152,2359296,0.034656696021556854
5,16,1,16,decode,fp8_e4m3,1024,16,1,1.022272030512492,0.14259999990463257,7841792,9437184,0.034656696021556854
5,16,1,16,decode,fp8_e4m3,8192,2,1,1.0993493398030598,0.14376319646835328,824832,9437184,0.034656696021556854
5,16,1,16,decode,fp8_e4m3,8192,4,1,1.107103983561198,0.1436735987663269,1649152,18874368,0.034656696021556854
5,16,1,16,decode,fp8_e4m3,8192,16,1,1.005728006362915,0.15499680042266845,7448576,75497472,0.034656696021556854
5,16,1,16,decode,fp8_e4m3,32768,2,1,1.093834638595581,0.15127840042114257,824832,37748736,0.034656696021556854
5,16,1,16,decode,fp8_e4m3,32768,4,1,1.095904032389323,0.15360159873962403,1649152,75497472,0.034656696021556854
5,16,1,16,decode,fp8_e4m3,32768,16,1,1.0247573057810466,0.19619840383529663,7448576,301989888,0.034656696021556854
5,16,1,16,decode,fp8_e4m3,131072,2,1,1.0867306391398113,0.1684559941291809,824832,150994944,0.034656696021556854
5,16,1,16,decode,fp8_e4m3,131072,4,1,1.0909547011057537,0.1942528009414673,1649152,301989888,0.034656696021556854
5,16,1,16,decode,fp8_e4m3,131072,16,1,1.0121813615163167,0.3723984003067017,7448576,1207959552,0.034656696021556854
5,16,1,16,decode,fp8_e4m3,524288,2,1,1.0903147061665852,0.2470479965209961,824832,603979776,0.034656696021556854
5,16,1,16,decode,fp8_e4m3,524288,4,1,1.0828053156534831,0.35741119384765624,1649152,1207959552,0.034656696021556854
5,16,1,16,decode,fp8_e4m3,524288,16,1,1.3632532755533855,1.273134422302246,7448576,4831838208,0.034656696021556854
5,16,1,16,decode,fp8_e4m3,1048576,2,1,1.1019093195597331,0.35973761081695554,824832,1207959552,0.034656696021556854
5,16,1,16,decode,fp8_e4m3,1048576,4,1,1.1789226531982422,0.59617600440979,1649152,2415919104,0.034656696021556854
5,16,1,16,decode,fp8_e4m3,1048576,16,1,2.4681065877278647,2.610817527770996,7448576,9663676416,0.034656696021556854
5,16,1,16,decode,bfloat16,1024,2,1,1.028277317682902,0.13312000036239624,861696,2359296,0.004290093667805195
5,16,1,16,decode,bfloat16,1024,4,1,1.0290239651997883,0.13570239543914794,1722880,4718592,0.004290093667805195
5,16,1,16,decode,bfloat16,1024,16,1,0.941269318262736,0.14739999771118165,8660992,18874368,0.004290093667805195
5,16,1,16,decode,bfloat16,8192,2,1,1.0348373254140217,0.1492128014564514,861696,18874368,0.004290093667805195
5,16,1,16,decode,bfloat16,8192,4,1,1.0279466311136882,0.14076800346374513,1722880,37748736,0.004290093667805195
5,16,1,16,decode,bfloat16,8192,16,1,0.9359893004099528,0.1623520016670227,8660992,150994944,0.004290093667805195
5,16,1,16,decode,bfloat16,32768,2,1,1.0489599704742432,0.14922080039978028,861696,75497472,0.004290093667805195
5,16,1,16,decode,bfloat16,32768,4,1,1.023967981338501,0.15992799997329712,1722880,150994944,0.004290093667805195
5,16,1,16,decode,bfloat16,32768,16,1,0.9554773171742758,0.24161760807037352,8660992,603979776,0.004290093667805195
5,16,1,16,decode,bfloat16,131072,2,1,1.0145599842071533,0.18689759969711303,861696,301989888,0.004290093667805195
5,16,1,16,decode,bfloat16,131072,4,1,1.034880002339681,0.23331840038299562,1722880,603979776,0.004290093667805195
5,16,1,16,decode,bfloat16,131072,16,1,1.02348796526591,0.571560001373291,-240510976,2415919104,0.004290093667805195
5,16,1,16,decode,bfloat16,524288,2,1,1.040181318918864,0.3360752105712891,861696,1207959552,0.004290093667805195
5,16,1,16,decode,bfloat16,524288,4,1,1.1329920291900635,0.5378367900848389,1722880,2415919104,0.004290093667805195
5,16,1,16,decode,bfloat16,524288,16,1,2.092106660207113,2.0788223266601564,7743488,9663676416,0.004290093667805195
5,16,1,16,decode,bfloat16,1048576,2,1,1.1271573702494304,0.5418560028076171,861696,2415919104,0.004290093667805195
5,16,1,16,decode,bfloat16,1048576,4,1,1.2501866817474365,0.9740480422973633,1722880,4831838208,0.004290093667805195
5,16,1,16,decode,bfloat16,1048576,16,1,3.8918720881144204,4.370033645629883,7743488,19327352832,0.004290093667805195
6,16,16,1,decode,fp8_e4m3,1024,2,1,1.8411733309427898,0.11370400190353394,61952,1179648,0.03509664535522461
6,16,16,1,decode,fp8_e4m3,1024,4,1,1.8476053873697917,0.11556960344314575,123392,2359296,0.03509664535522461
6,16,16,1,decode,fp8_e4m3,1024,16,1,1.5367573102315266,0.1097264051437378,493568,9437184,0.03509664535522461
6,16,16,1,decode,fp8_e4m3,8192,2,1,1.534656047821045,0.11633119583129883,61952,9437184,0.03509664535522461
6,16,16,1,decode,fp8_e4m3,8192,4,1,1.6867839495340984,0.1195248007774353,123392,18874368,0.03509664535522461
6,16,16,1,decode,fp8_e4m3,8192,16,1,1.5098026593526204,0.14719680547714234,493568,75497472,0.03509664535522461
6,16,16,1,decode,fp8_e4m3,32768,2,1,1.7464426358540852,0.1323024034500122,61952,37748736,0.03509664535522461
6,16,16,1,decode,fp8_e4m3,32768,4,1,1.7958827018737793,0.14690719842910765,123392,75497472,0.03509664535522461
6,16,16,1,decode,fp8_e4m3,32768,16,1,1.5166719754536946,0.18248319625854492,493568,301989888,0.03509664535522461
6,16,16,1,decode,fp8_e4m3,131072,2,1,1.7671786944071453,0.16114399433135987,61952,150994944,0.03509664535522461
6,16,16,1,decode,fp8_e4m3,131072,4,1,1.7633066177368164,0.17954399585723876,123392,301989888,0.03509664535522461
6,16,16,1,decode,fp8_e4m3,131072,16,1,1.5512213706970215,0.30772159099578855,493568,1207959552,0.03509664535522461
6,16,16,1,decode,fp8_e4m3,524288,2,1,1.8209279378255208,0.22364320755004882,61952,603979776,0.03509664535522461
6,16,16,1,decode,fp8_e4m3,524288,4,1,1.807264010111491,0.3026911973953247,123392,1207959552,0.03509664535522461
6,16,16,1,decode,fp8_e4m3,524288,16,1,1.5453972816467285,0.8132975578308106,493568,4831838208,0.03509664535522461
6,16,16,1,decode,fp8_e4m3,1048576,2,1,1.8256640434265137,0.3065936088562012,61952,1207959552,0.03509664535522461
6,16,16,1,decode,fp8_e4m3,1048576,4,1,1.7476479212443035,0.4686624050140381,123392,2415919104,0.03509664535522461
6,16,16,1,decode,fp8_e4m3,1048576,16,1,1.7652160326639812,1.4980015754699707,493568,9663676416,0.03509664535522461
6,16,16,1,decode,bfloat16,1024,2,1,1.704917271931966,0.107806396484375,61952,2359296,0.006898726802319288
6,16,16,1,decode,bfloat16,1024,4,1,1.6735787391662598,0.1102255940437317,123392,4718592,0.006898726802319288
6,16,16,1,decode,bfloat16,1024,16,1,1.4808533986409504,0.11339999437332153,493568,18874368,0.006898726802319288
6,16,16,1,decode,bfloat16,8192,2,1,1.6965120633443196,0.11678240299224854,61952,18874368,0.006898726802319288
6,16,16,1,decode,bfloat16,8192,4,1,1.693130652109782,0.12464959621429443,123392,37748736,0.006898726802319288
6,16,16,1,decode,bfloat16,8192,16,1,1.4558614095052083,0.15990400314331055,493568,150994944,0.006898726802319288
6,16,16,1,decode,bfloat16,32768,2,1,1.7226880391438801,0.1484768033027649,61952,75497472,0.006898726802319288
6,16,16,1,decode,bfloat16,32768,4,1,1.4779626528422039,0.1561951994895935,123392,150994944,0.006898726802319288
6,16,16,1,decode,bfloat16,32768,16,1,1.4567999839782715,0.23566880226135253,493568,603979776,0.006898726802319288
6,16,16,1,decode,bfloat16,131072,2,1,1.5155733426411946,0.18537440299987792,61952,301989888,0.006898726802319288
6,16,16,1,decode,bfloat16,131072,4,1,1.7008639971415203,0.23045918941497803,123392,603979776,0.006898726802319288
6,16,16,1,decode,bfloat16,131072,16,1,1.219925324122111,0.5277552127838134,493568,2415919104,0.006898726802319288
6,16,16,1,decode,bfloat16,524288,2,1,1.6689173380533855,0.3321471929550171,61952,1207959552,0.006898726802319288
6,16,16,1,decode,bfloat16,524288,4,1,1.731551965077718,0.5340528011322021,123392,2415919104,0.006898726802319288
6,16,16,1,decode,bfloat16,524288,16,1,2.0929813385009766,1.7915727615356445,493568,9663676416,0.006898726802319288
6,16,16,1,decode,bfloat16,1048576,2,1,1.785429318745931,0.5428624153137207,61952,2415919104,0.006898726802319288
6,16,16,1,decode,bfloat16,1048576,4,1,1.8451414108276367,0.9175552368164063,123392,4831838208,0.006898726802319288
6,16,16,1,decode,bfloat16,1048576,16,1,15.289408365885416,3.350823974609375,493568,19327352832,0.006898726802319288
6,16,8,2,decode,fp8_e4m3,1024,2,1,1.7672853469848633,0.09280959963798523,87040,1179648,0.03501495346426964
6,16,8,2,decode,fp8_e4m3,1024,4,1,1.8780694007873535,0.09564800262451172,173568,2359296,0.03501495346426964
6,16,8,2,decode,fp8_e4m3,1024,16,1,1.5002986590067546,0.10355039834976196,694272,9437184,0.03501495346426964
6,16,8,2,decode,fp8_e4m3,8192,2,1,1.7342933019002278,0.10053440332412719,87040,9437184,0.03501495346426964
6,16,8,2,decode,fp8_e4m3,8192,4,1,1.9264106750488281,0.1050719976425171,173568,18874368,0.03501495346426964
6,16,8,2,decode,fp8_e4m3,8192,16,1,1.336832046508789,0.12460800409317016,694272,75497472,0.03501495346426964
6,16,8,2,decode,fp8_e4m3,32768,2,1,1.9585386912027996,0.11839679479599,87040,37748736,0.03501495346426964
6,16,8,2,decode,fp8_e4m3,32768,4,1,1.7068692843119304,0.12513439655303954,173568,75497472,0.03501495346426964
6,16,8,2,decode,fp8_e4m3,32768,16,1,1.3373440106709797,0.15716320276260376,694272,301989888,0.03501495346426964
6,16,8,2,decode,fp8_e4m3,131072,2,1,1.829535961151123,0.1384335994720459,87040,150994944,0.03501495346426964
6,16,8,2,decode,fp8_e4m3,131072,4,1,1.7590187390645344,0.15697760581970216,173568,301989888,0.03501495346426964
6,16,8,2,decode,fp8_e4m3,131072,16,1,1.4106987317403157,0.2822720050811768,694272,1207959552,0.03501495346426964
6,16,8,2,decode,fp8_e4m3,524288,2,1,1.7227306365966797,0.20366880893707276,87040,603979776,0.03501495346426964
6,16,8,2,decode,fp8_e4m3,524288,4,1,1.7492799758911133,0.2819727897644043,173568,1207959552,0.03501495346426964
6,16,8,2,decode,fp8_e4m3,524288,16,1,1.5009066263834636,0.789081621170044,694272,4831838208,0.03501495346426964
6,16,8,2,decode,fp8_e4m3,1048576,2,1,1.8503252665201824,0.2838736057281494,87040,1207959552,0.03501495346426964
6,16,8,2,decode,fp8_e4m3,1048576,4,1,1.8024959564208984,0.44766879081726074,173568,2415919104,0.03501495346426964
6,16,8,2,decode,fp8_e4m3,1048576,16,1,1.788032054901123,1.4690560340881347,694272,9663676416,0.03501495346426964
6,16,8,2,decode,bfloat16,1024,2,1,1.727669397989909,0.09131519794464112,86528,2359296,0.006444955710321665
6,16,8,2,decode,bfloat16,1024,4,1,1.6412159601847331,0.09304320216178893,172544,4718592,0.006444955710321665
6,16,8,2,decode,bfloat16,1024,16,1,1.3902826309204102,0.10707679986953736,690176,18874368,0.006444955710321665
6,16,8,2,decode,bfloat16,8192,2,1,1.6316906611124675,0.10447520017623901,86528,18874368,0.006444955710321665
6,16,8,2,decode,bfloat16,8192,4,1,1.5874560674031575,0.11047999858856201,172544,37748736,0.006444955710321665
6,16,8,2,decode,bfloat16,8192,16,1,1.4036693572998047,0.13420000076293945,690176,150994944,0.006444955710321665
6,16,8,2,decode,bfloat16,32768,2,1,1.8464639981587727,0.12625759840011597,86528,75497472,0.006444955710321665
6,16,8,2,decode,bfloat16,32768,4,1,1.5937919616699219,0.13577120304107665,172544,150994944,0.006444955710321665
6,16,8,2,decode,bfloat16,32768,16,1,1.4109546343485515,0.2102128028869629,690176,603979776,0.006444955710321665
6,16,8,2,decode,bfloat16,131072,2,1,1.6748587290445964,0.16353440284729004,86528,301989888,0.006444955710321665
6,16,8,2,decode,bfloat16,131072,4,1,1.837450663248698,0.21107358932495118,172544,603979776,0.006444955710321665
6,16,8,2,decode,bfloat16,131072,16,1,1.2156373659769695,0.5078144073486328,690176,2415919104,0.006444955710321665
6,16,8,2,decode,bfloat16,524288,2,1,1.644202709197998,0.32425119876861574,86528,1207959552,0.006444955710321665
6,16,8,2,decode,bfloat16,524288,4,1,1.6428693135579426,0.5080272197723389,172544,2415919104,0.006444955710321665
6,16,8,2,decode,bfloat16,524288,16,1,2.0827733675638833,1.7707504272460937,690176,9663676416,0.006444955710321665
6,16,8,2,decode,bfloat16,1048576,2,1,1.6466560363769531,0.5132304191589355,86528,2415919104,0.006444955710321665
6,16,8,2,decode,bfloat16,1048576,4,1,1.7134826978047688,0.9100671768188476,172544,4831838208,0.006444955710321665
6,16,8,2,decode,bfloat16,1048576,16,1,3.5488319396972656,3.2512432098388673,690176,19327352832,0.006444955710321665
6,16,4,4,decode,fp8_e4m3,1024,2,1,1.1669546763102214,0.10709919929504394,213504,1179648,0.03481585159897804
6,16,4,4,decode,fp8_e4m3,1024,4,1,1.2050560315450032,0.10745919942855835,425472,2359296,0.03481585159897804
6,16,4,4,decode,fp8_e4m3,1024,16,1,1.1248853206634521,0.11196800470352172,1699840,9437184,0.03481585159897804
6,16,4,4,decode,fp8_e4m3,8192,2,1,1.2213866710662842,0.11355040073394776,213504,9437184,0.03481585159897804
6,16,4,4,decode,fp8_e4m3,8192,4,1,1.2135252952575684,0.11385920047760009,425472,18874368,0.03481585159897804
6,16,4,4,decode,fp8_e4m3,8192,16,1,1.1109013557434082,0.1293936014175415,1699840,75497472,0.03481585159897804
6,16,4,4,decode,fp8_e4m3,32768,2,1,1.1821760336558025,0.1223647952079773,213504,37748736,0.03481585159897804
6,16,4,4,decode,fp8_e4m3,32768,4,1,1.198090632756551,0.1271456003189087,425472,75497472,0.03481585159897804
6,16,4,4,decode,fp8_e4m3,32768,16,1,1.1214719613393147,0.1820639967918396,1699840,301989888,0.03481585159897804
6,16,4,4,decode,fp8_e4m3,131072,2,1,1.2323520183563232,0.14614880084991455,213504,150994944,0.03481585159897804
6,16,4,4,decode,fp8_e4m3,131072,4,1,1.2239253520965576,0.17398879528045655,425472,301989888,0.03481585159897804
6,16,4,4,decode,fp8_e4m3,131072,16,1,1.119498650232951,0.3934560060501099,1699840,1207959552,0.03481585159897804
6,16,4,4,decode,fp8_e4m3,524288,2,1,1.2124906380971272,0.24210400581359864,213504,603979776,0.03481585159897804
6,16,4,4,decode,fp8_e4m3,524288,4,1,1.2420053482055664,0.36279199123382566,425472,1207959552,0.03481585159897804
6,16,4,4,decode,fp8_e4m3,524288,16,1,1.480629285176595,1.2248064041137696,1699840,4831838208,0.03481585159897804
6,16,4,4,decode,fp8_e4m3,1048576,2,1,1.2713173230489094,0.36670238971710206,213504,1207959552,0.03481585159897804
6,16,4,4,decode,fp8_e4m3,1048576,4,1,1.3125120004018147,0.6054031848907471,425472,2415919104,0.03481585159897804
6,16,4,4,decode,fp8_e4m3,1048576,16,1,2.5821332931518555,2.417535972595215,1699840,9663676416,0.03481585159897804
6,16,4,4,decode,bfloat16,1024,2,1,1.202346642812093,0.10459840297698975,222720,2359296,0.005524782929569483
6,16,4,4,decode,bfloat16,1024,4,1,1.2029653390248616,0.10523359775543213,443904,4718592,0.005524782929569483
6,16,4,4,decode,bfloat16,1024,16,1,1.050048033396403,0.10968960523605346,1773568,18874368,0.005524782929569483
6,16,4,4,decode,bfloat16,8192,2,1,1.154250701268514,0.11159360408782959,222720,18874368,0.005524782929569483
6,16,4,4,decode,bfloat16,8192,4,1,1.1583466529846191,0.1165776014328003,443904,37748736,0.005524782929569483
6,16,4,4,decode,bfloat16,8192,16,1,1.0326720078786213,0.15006400346755983,1773568,150994944,0.005524782929569483
6,16,4,4,decode,bfloat16,32768,2,1,1.1622080008188884,0.1282495975494385,222720,75497472,0.005524782929569483
6,16,4,4,decode,bfloat16,32768,4,1,1.1628692944844563,0.1434623956680298,443904,150994944,0.005524782929569483
6,16,4,4,decode,bfloat16,32768,16,1,1.047712008158366,0.2654927968978882,1773568,603979776,0.005524782929569483
6,16,4,4,decode,bfloat16,131072,2,1,1.170954704284668,0.17915840148925782,222720,301989888,0.005524782929569483
6,16,4,4,decode,bfloat16,131072,4,1,1.1642773151397705,0.2481071949005127,443904,603979776,0.005524782929569483
6,16,4,4,decode,bfloat16,131072,16,1,1.1748053232828777,0.7304207801818847,1773568,2415919104,0.005524782929569483
6,16,4,4,decode,bfloat16,524288,2,1,1.156330664952596,0.3851072072982788,222720,1207959552,0.005524782929569483
6,16,4,4,decode,bfloat16,524288,4,1,1.239786704381307,0.6505407810211181,443904,2415919104,0.005524782929569483
6,16,4,4,decode,bfloat16,524288,16,1,2.8162027994791665,2.5818191528320313,1773568,9663676416,0.005524782929569483
6,16,4,4,decode,bfloat16,1048576,2,1,1.2392640113830566,0.6496784210205078,222720,2415919104,0.005524782929569483
6,16,4,4,decode,bfloat16,1048576,4,1,1.4597973823547363,1.1902751922607422,443904,4831838208,0.005524782929569483
6,16,4,4,decode,bfloat16,1048576,16,1,5.273536046346028,5.055451202392578,1773568,19327352832,0.005524782929569483
6,16,2,8,decode,fp8_e4m3,1024,2,1,1.2523093223571777,0.1062816023826599,322048,1179648,0.03470971807837486
6,16,2,8,decode,fp8_e4m3,1024,4,1,1.286794662475586,0.1068943977355957,643584,2359296,0.03470971807837486
6,16,2,8,decode,fp8_e4m3,1024,16,1,1.1823253631591797,0.11946879625320435,2574336,9437184,0.03470971807837486
6,16,2,8,decode,fp8_e4m3,8192,2,1,1.2910079956054688,0.1111791968345642,322048,9437184,0.03470971807837486
6,16,2,8,decode,fp8_e4m3,8192,4,1,1.3001813093821208,0.11614559888839722,643584,18874368,0.03470971807837486
6,16,2,8,decode,fp8_e4m3,8192,16,1,1.1634773413340251,0.1313632011413574,2574336,75497472,0.03470971807837486
6,16,2,8,decode,fp8_e4m3,32768,2,1,1.2987733681996663,0.12584320306777955,322048,37748736,0.03470971807837486
6,16,2,8,decode,fp8_e4m3,32768,4,1,1.2996586958567302,0.12772159576416015,643584,75497472,0.03470971807837486
6,16,2,8,decode,fp8_e4m3,32768,16,1,1.1907520294189453,0.17128640413284302,2574336,301989888,0.03470971807837486
6,16,2,8,decode,fp8_e4m3,131072,2,1,1.296224037806193,0.1460479974746704,322048,150994944,0.03470971807837486
6,16,2,8,decode,fp8_e4m3,131072,4,1,1.2817386786142986,0.16630719900131224,643584,301989888,0.03470971807837486
6,16,2,8,decode,fp8_e4m3,131072,16,1,1.1392640272776287,0.3265743970870972,2574336,1207959552,0.03470971807837486
6,16,2,8,decode,fp8_e4m3,524288,2,1,1.3008106549580891,0.22410879135131836,322048,603979776,0.03470971807837486
6,16,2,8,decode,fp8_e4m3,524288,4,1,1.309343973795573,0.32149600982666016,643584,1207959552,0.03470971807837486
6,16,2,8,decode,fp8_e4m3,524288,16,1,1.3133333524068196,0.961673641204834,2574336,4831838208,0.03470971807837486
6,16,2,8,decode,fp8_e4m3,1048576,2,1,1.296885331471761,0.32949280738830566,322048,1207959552,0.03470971807837486
6,16,2,8,decode,fp8_e4m3,1048576,4,1,1.2578667004903157,0.5213744163513183,643584,2415919104,0.03470971807837486
6,16,2,8,decode,fp8_e4m3,1048576,16,1,2.0081706047058105,1.9082015991210937,2574336,9663676416,0.03470971807837486
6,16,2,8,decode,bfloat16,1024,2,1,1.2271040280659993,0.10268800258636475,279040,2359296,0.004783360753208399
6,16,2,8,decode,bfloat16,1024,4,1,1.2087573210398357,0.10441919565200805,557568,4718592,0.004783360753208399
6,16,2,8,decode,bfloat16,1024,16,1,1.1002240180969238,0.12031840085983277,2230272,18874368,0.004783360753208399
6,16,2,8,decode,bfloat16,8192,2,1,1.2394026915232341,0.11328320503234864,279040,18874368,0.004783360753208399
6,16,2,8,decode,bfloat16,8192,4,1,1.2698453267415364,0.11932799816131592,557568,37748736,0.004783360753208399
6,16,2,8,decode,bfloat16,8192,16,1,1.1412266890207927,0.14376159906387329,2230272,150994944,0.004783360753208399
6,16,2,8,decode,bfloat16,32768,2,1,1.25654403368632,0.12771040201187134,279040,75497472,0.004783360753208399
6,16,2,8,decode,bfloat16,32768,4,1,1.2823039690653484,0.1360111951828003,557568,150994944,0.004783360753208399
6,16,2,8,decode,bfloat16,32768,16,1,1.154901345570882,0.21535038948059082,2230272,603979776,0.004783360753208399
6,16,2,8,decode,bfloat16,131072,2,1,1.2710613409678142,0.16865439414978028,279040,301989888,0.004783360753208399
6,16,2,8,decode,bfloat16,131072,4,1,1.2468586762746174,0.21246559619903566,557568,603979776,0.004783360753208399
6,16,2,8,decode,bfloat16,131072,16,1,1.1341439882914226,0.5204463958740234,2230272,2415919104,0.004783360753208399
6,16,2,8,decode,bfloat16,524288,2,1,1.2451519966125488,0.31878879070281985,279040,1207959552,0.004783360753208399
6,16,2,8,decode,bfloat16,524288,4,1,1.2463040351867676,0.5261856079101562,557568,2415919104,0.004783360753208399
6,16,2,8,decode,bfloat16,524288,16,1,2.0483199755350747,1.8668447494506837,2230272,9663676416,0.004783360753208399
6,16,2,8,decode,bfloat16,1048576,2,1,1.2571840286254883,0.5385104179382324,279040,2415919104,0.004783360753208399
6,16,2,8,decode,bfloat16,1048576,4,1,1.3834239641825359,0.922646427154541,557568,4831838208,0.004783360753208399
6,16,2,8,decode,bfloat16,1048576,16,1,3.5424960454305015,3.515577697753906,2230272,19327352832,0.004783360753208399
6,16,1,16,decode,fp8_e4m3,1024,2,1,1.1342933177947998,0.13377920389175416,824832,1179648,0.034656696021556854
6,16,1,16,decode,fp8_e4m3,1024,4,1,1.1085546811421711,0.1367840051651001,1649152,2359296,0.034656696021556854
6,16,1,16,decode,fp8_e4m3,1024,16,1,1.0208319822947185,0.14146239757537843,7841792,9437184,0.034656696021556854
6,16,1,16,decode,fp8_e4m3,8192,2,1,1.087445338567098,0.14332799911499022,824832,9437184,0.034656696021556854
6,16,1,16,decode,fp8_e4m3,8192,4,1,1.094762643178304,0.14370880126953126,1649152,18874368,0.034656696021556854
6,16,1,16,decode,fp8_e4m3,8192,16,1,1.0095146497090657,0.1538591980934143,7448576,75497472,0.034656696021556854
6,16,1,16,decode,fp8_e4m3,32768,2,1,1.0882666905721028,0.15081599950790406,824832,37748736,0.034656696021556854
6,16,1,16,decode,fp8_e4m3,32768,4,1,1.0328213373819988,0.15348479747772217,1649152,75497472,0.034656696021556854
6,16,1,16,decode,fp8_e4m3,32768,16,1,0.9633920192718506,0.19417760372161866,7448576,301989888,0.034656696021556854
6,16,1,16,decode,fp8_e4m3,131072,2,1,1.0952746868133545,0.1673583984375,824832,150994944,0.034656696021556854
6,16,1,16,decode,fp8_e4m3,131072,4,1,1.0751360257466633,0.19073920249938964,1649152,301989888,0.034656696021556854
6,16,1,16,decode,fp8_e4m3,131072,16,1,1.00326402982076,0.37238240242004395,7448576,1207959552,0.034656696021556854
6,16,1,16,decode,fp8_e4m3,524288,2,1,1.0707519849141438,0.2456415891647339,824832,603979776,0.034656696021556854
6,16,1,16,decode,fp8_e4m3,524288,4,1,1.0679999987284343,0.35391199588775635,1649152,1207959552,0.034656696021556854
6,16,1,16,decode,fp8_e4m3,524288,16,1,1.3314026991526287,1.107487964630127,7448576,4831838208,0.034656696021556854
6,16,1,16,decode,fp8_e4m3,1048576,2,1,1.1173546314239502,0.35579040050506594,824832,1207959552,0.034656696021556854
6,16,1,16,decode,fp8_e4m3,1048576,4,1,1.1608213583628337,0.5770527839660644,1649152,2415919104,0.034656696021556854
6,16,1,16,decode,fp8_e4m3,1048576,16,1,2.290730635325114,2.3421247482299803,7448576,9663676416,0.034656696021556854
6,16,1,16,decode,bfloat16,1024,2,1,1.0143893559773762,0.13213440179824829,861696,2359296,0.004290093667805195
6,16,1,16,decode,bfloat16,1024,4,1,0.9686933358510336,0.1356719970703125,1722880,4718592,0.004290093667805195
6,16,1,16,decode,bfloat16,1024,16,1,0.9004586537679037,0.1461632013320923,8660992,18874368,0.004290093667805195
6,16,1,16,decode,bfloat16,8192,2,1,1.0016213258107503,0.14808160066604614,861696,18874368,0.004290093667805195
6,16,1,16,decode,bfloat16,8192,4,1,1.010602633158366,0.1403231978416443,1722880,37748736,0.004290093667805195
6,16,1,16,decode,bfloat16,8192,16,1,0.9500693480173746,0.1608880043029785,8660992,150994944,0.004290093667805195
6,16,1,16,decode,bfloat16,32768,2,1,1.0092480182647705,0.14829119443893432,861696,75497472,0.004290093667805195
6,16,1,16,decode,bfloat16,32768,4,1,1.0049493312835693,0.1594640016555786,1722880,150994944,0.004290093667805195
6,16,1,16,decode,bfloat16,32768,16,1,0.918399969736735,0.24021599292755128,8660992,603979776,0.004290093667805195
6,16,1,16,decode,bfloat16,131072,2,1,1.0283199946085613,0.18534560203552247,861696,301989888,0.004290093667805195
6,16,1,16,decode,bfloat16,131072,4,1,1.021663983662923,0.2329200029373169,1722880,603979776,0.004290093667805195
6,16,1,16,decode,bfloat16,131072,16,1,1.019968032836914,0.5638544082641601,-240510976,2415919104,0.004290093667805195
6,16,1,16,decode,bfloat16,524288,2,1,1.0396587053934734,0.3337264060974121,861696,1207959552,0.004290093667805195
6,16,1,16,decode,bfloat16,524288,4,1,1.1058239936828613,0.5321119785308838,1722880,2415919104,0.004290093667805195
6,16,1,16,decode,bfloat16,524288,16,1,2.0806612968444824,2.062153625488281,7743488,9663676416,0.004290093667805195
6,16,1,16,decode,bfloat16,1048576,2,1,1.074186642964681,0.5348847866058349,861696,2415919104,0.004290093667805195
6,16,1,16,decode,bfloat16,1048576,4,1,1.203221321105957,0.9396544456481933,1722880,4831838208,0.004290093667805195
6,16,1,16,decode,bfloat16,1048576,16,1,3.843071937561035,4.232759857177735,7743488,19327352832,0.004290093667805195
7,16,16,1,decode,fp8_e4m3,1024,2,1,1.8414400418599446,0.11395360231399536,61952,1179648,0.03509664535522461
7,16,16,1,decode,fp8_e4m3,1024,4,1,1.8473706245422363,0.11579359769821167,123392,2359296,0.03509664535522461
7,16,16,1,decode,fp8_e4m3,1024,16,1,1.536245346069336,0.10974240303039551,493568,9437184,0.03509664535522461
7,16,16,1,decode,fp8_e4m3,8192,2,1,1.5351252555847168,0.11648000478744507,61952,9437184,0.03509664535522461
7,16,16,1,decode,fp8_e4m3,8192,4,1,1.6879146893819172,0.11976000070571899,123392,18874368,0.03509664535522461
7,16,16,1,decode,fp8_e4m3,8192,16,1,1.5094186464945476,0.14720319509506224,493568,75497472,0.03509664535522461
7,16,16,1,decode,fp8_e4m3,32768,2,1,1.7466986974080403,0.1324687957763672,61952,37748736,0.03509664535522461
7,16,16,1,decode,fp8_e4m3,32768,4,1,1.7950933774312336,0.14697760343551636,123392,75497472,0.03509664535522461
7,16,16,1,decode,fp8_e4m3,32768,16,1,1.517855962117513,0.18269120454788207,493568,301989888,0.03509664535522461
7,16,16,1,decode,fp8_e4m3,131072,2,1,1.7685759862263997,0.16106079816818236,61952,150994944,0.03509664535522461
7,16,16,1,decode,fp8_e4m3,131072,4,1,1.7650559743245442,0.1796560049057007,123392,301989888,0.03509664535522461
7,16,16,1,decode,fp8_e4m3,131072,16,1,1.5522346496582031,0.3079200029373169,493568,1207959552,0.03509664535522461
7,16,16,1,decode,fp8_e4m3,524288,2,1,1.8211627006530762,0.2238464117050171,61952,603979776,0.03509664535522461
7,16,16,1,decode,fp8_e4m3,524288,4,1,1.8086613019307454,0.30294559001922605,123392,1207959552,0.03509664535522461
7,16,16,1,decode,fp8_e4m3,524288,16,1,1.5453227361043294,0.8135279655456543,493568,4831838208,0.03509664535522461
7,16,16,1,decode,fp8_e4m3,1048576,2,1,1.826474666595459,0.30674240589141843,61952,1207959552,0.03509664535522461
7,16,16,1,decode,fp8_e4m3,1048576,4,1,1.7481813430786133,0.4685664176940918,123392,2415919104,0.03509664535522461
7,16,16,1,decode,fp8_e4m3,1048576,16,1,1.7664106686909993,1.4981936454772948,493568,9663676416,0.03509664535522461
7,16,16,1,decode,bfloat16,1024,2,1,1.7049387296040852,0.10796480178833008,61952,2359296,0.006898726802319288
7,16,16,1,decode,bfloat16,1024,4,1,1.67412265141805,0.11021280288696289,123392,4718592,0.006898726802319288
7,16,16,1,decode,bfloat16,1024,16,1,1.4812159538269043,0.11347520351409912,493568,18874368,0.006898726802319288
7,16,16,1,decode,bfloat16,8192,2,1,1.695807933807373,0.11696000099182129,61952,18874368,0.006898726802319288
7,16,16,1,decode,bfloat16,8192,4,1,1.6931413014729817,0.12485280036926269,123392,37748736,0.006898726802319288
7,16,16,1,decode,bfloat16,8192,16,1,1.4564480781555176,0.16016319990158082,493568,150994944,0.006898726802319288
7,16,16,1,decode,bfloat16,32768,2,1,1.722101370493571,0.14863840341567994,61952,75497472,0.006898726802319288
7,16,16,1,decode,bfloat16,32768,4,1,1.4782506624857585,0.15645120143890381,123392,150994944,0.006898726802319288
7,16,16,1,decode,bfloat16,32768,16,1,1.4574613571166992,0.23583838939666749,493568,603979776,0.006898726802319288
7,16,16,1,decode,bfloat16,131072,2,1,1.5173759460449219,0.18536479473114015,61952,301989888,0.006898726802319288
7,16,16,1,decode,bfloat16,131072,4,1,1.70250670115153,0.23067998886108398,123392,603979776,0.006898726802319288
7,16,16,1,decode,bfloat16,131072,16,1,1.2205546696980794,0.527788782119751,493568,2415919104,0.006898726802319288
7,16,16,1,decode,bfloat16,524288,2,1,1.668458620707194,0.33218560218811033,61952,1207959552,0.006898726802319288
7,16,16,1,decode,bfloat16,524288,4,1,1.7332159678141277,0.5342559814453125,123392,2415919104,0.006898726802319288
7,16,16,1,decode,bfloat16,524288,16,1,2.0920213063557944,1.7917455673217773,493568,9663676416,0.006898726802319288
7,16,16,1,decode,bfloat16,1048576,2,1,1.7854612668355305,0.542905616760254,61952,2415919104,0.006898726802319288
7,16,16,1,decode,bfloat16,1048576,4,1,1.8465813000996907,0.9177200317382812,123392,4831838208,0.006898726802319288
7,16,16,1,decode,bfloat16,1048576,16,1,15.288864135742188,3.3508369445800783,493568,19327352832,0.006898726802319288
7,16,8,2,decode,fp8_e4m3,1024,2,1,1.7672106424967449,0.09275519847869873,87040,1179648,0.03501495346426964
7,16,8,2,decode,fp8_e4m3,1024,4,1,1.8786773681640625,0.0956063985824585,173568,2359296,0.03501495346426964
7,16,8,2,decode,fp8_e4m3,1024,16,1,1.5000960032145183,0.10365920066833496,694272,9437184,0.03501495346426964
7,16,8,2,decode,fp8_e4m3,8192,2,1,1.7339626948038738,0.10062559843063354,87040,9437184,0.03501495346426964
7,16,8,2,decode,fp8_e4m3,8192,4,1,1.9266133308410645,0.10512800216674804,173568,18874368,0.03501495346426964
7,16,8,2,decode,fp8_e4m3,8192,16,1,1.336832046508789,0.12467039823532104,694272,75497472,0.03501495346426964
7,16,8,2,decode,fp8_e4m3,32768,2,1,1.9663573900858562,0.11835839748382568,87040,37748736,0.03501495346426964
7,16,8,2,decode,fp8_e4m3,32768,4,1,1.7061653137207031,0.12503679990768432,173568,75497472,0.03501495346426964
7,16,8,2,decode,fp8_e4m3,32768,16,1,1.336938699086507,0.1572767972946167,694272,301989888,0.03501495346426964
7,16,8,2,decode,fp8_e4m3,131072,2,1,1.8301760355631511,0.13847839832305908,87040,150994944,0.03501495346426964
7,16,8,2,decode,fp8_e4m3,131072,4,1,1.7677119572957356,0.15697920322418213,173568,301989888,0.03501495346426964
7,16,8,2,decode,fp8_e4m3,131072,16,1,1.4116907119750977,0.2823823928833008,694272,1207959552,0.03501495346426964
7,16,8,2,decode,fp8_e4m3,524288,2,1,1.7219732602437336,0.20368640422821044,87040,603979776,0.03501495346426964
7,16,8,2,decode,fp8_e4m3,524288,4,1,1.749066670735677,0.2820096015930176,173568,1207959552,0.03501495346426964
7,16,8,2,decode,fp8_e4m3,524288,16,1,1.5002454121907551,0.7891439914703369,694272,4831838208,0.03501495346426964
7,16,8,2,decode,fp8_e4m3,1048576,2,1,1.8497813542683919,0.2838815927505493,87040,1207959552,0.03501495346426964
7,16,8,2,decode,fp8_e4m3,1048576,4,1,1.8030719757080078,0.4476448059082031,173568,2415919104,0.03501495346426964
7,16,8,2,decode,fp8_e4m3,1048576,16,1,1.7893439928690593,1.4691200256347656,694272,9663676416,0.03501495346426964
7,16,8,2,decode,bfloat16,1024,2,1,1.7291946411132812,0.0913807988166809,86528,2359296,0.006444955710321665
7,16,8,2,decode,bfloat16,1024,4,1,1.642730712890625,0.0929535984992981,172544,4718592,0.006444955710321665
7,16,8,2,decode,bfloat16,1024,16,1,1.3914772669474285,0.10702240467071533,690176,18874368,0.006444955710321665
7,16,8,2,decode,bfloat16,8192,2,1,1.6330025990804036,0.10455679893493652,86528,18874368,0.006444955710321665
7,16,8,2,decode,bfloat16,8192,4,1,1.5879467328389485,0.1102992057800293,172544,37748736,0.006444955710321665
7,16,8,2,decode,bfloat16,8192,16,1,1.4046826362609863,0.13430720567703247,690176,150994944,0.006444955710321665
7,16,8,2,decode,bfloat16,32768,2,1,1.8463466962178547,0.12640479803085328,86528,75497472,0.006444955710321665
7,16,8,2,decode,bfloat16,32768,4,1,1.5946666399637859,0.13578879833221436,172544,150994944,0.006444955710321665
7,16,8,2,decode,bfloat16,32768,16,1,1.4108907381693523,0.21030240058898925,690176,603979776,0.006444955710321665
7,16,8,2,decode,bfloat16,131072,2,1,1.6747520764668782,0.16343200206756592,86528,301989888,0.006444955710321665
7,16,8,2,decode,bfloat16,131072,4,1,1.8373546600341797,0.21115999221801757,172544,603979776,0.006444955710321665
7,16,8,2,decode,bfloat16,131072,16,1,1.2152106761932373,0.5084303855895996,690176,2415919104,0.006444955710321665
7,16,8,2,decode,bfloat16,524288,2,1,1.645311991373698,0.3242527961730957,86528,1207959552,0.006444955710321665
7,16,8,2,decode,bfloat16,524288,4,1,1.642848014831543,0.5081823825836181,172544,2415919104,0.006444955710321665
7,16,8,2,decode,bfloat16,524288,16,1,2.08294407526652,1.770707130432129,690176,9663676416,0.006444955710321665
7,16,8,2,decode,bfloat16,1048576,2,1,1.647605260213216,0.513420820236206,86528,2415919104,0.006444955710321665
7,16,8,2,decode,bfloat16,1048576,4,1,1.7129920323689778,0.9103936195373535,172544,4831838208,0.006444955710321665
7,16,8,2,decode,bfloat16,1048576,16,1,3.5488106409708657,3.252419281005859,690176,19327352832,0.006444955710321665
7,16,4,4,decode,fp8_e4m3,1024,2,1,1.16757337252299,0.10691200494766236,213504,1179648,0.03481585159897804
7,16,4,4,decode,fp8_e4m3,1024,4,1,1.204906702041626,0.1071936011314392,425472,2359296,0.03481585159897804
7,16,4,4,decode,fp8_e4m3,1024,16,1,1.1255573431650798,0.11185599565505981,1699840,9437184,0.03481585159897804
7,16,4,4,decode,fp8_e4m3,8192,2,1,1.2210240364074707,0.11348160505294799,213504,9437184,0.03481585159897804
7,16,4,4,decode,fp8_e4m3,8192,4,1,1.213088035583496,0.11386879682540893,425472,18874368,0.03481585159897804
7,16,4,4,decode,fp8_e4m3,8192,16,1,1.110965331395467,0.12942399978637695,1699840,75497472,0.03481585159897804
7,16,4,4,decode,fp8_e4m3,32768,2,1,1.1811520258585613,0.12226719856262207,213504,37748736,0.03481585159897804
7,16,4,4,decode,fp8_e4m3,32768,4,1,1.197002649307251,0.12715840339660645,425472,75497472,0.03481585159897804
7,16,4,4,decode,fp8_e4m3,32768,16,1,1.1206613381703694,0.1818608045578003,18432,301989888,0.03481585159897804
7,16,4,4,decode,fp8_e4m3,131072,2,1,1.227509339650472,0.14602400064468385,213504,150994944,0.03481585159897804
7,16,4,4,decode,fp8_e4m3,131072,4,1,1.2233920097351074,0.17395520210266113,425472,301989888,0.03481585159897804
7,16,4,4,decode,fp8_e4m3,131072,16,1,1.1202239990234375,0.393451189994812,1699840,1207959552,0.03481585159897804
7,16,4,4,decode,fp8_e4m3,524288,2,1,1.2123626867930095,0.24204959869384765,213504,603979776,0.03481585159897804
7,16,4,4,decode,fp8_e4m3,524288,4,1,1.2416319847106934,0.3626431941986084,425472,1207959552,0.03481585159897804
7,16,4,4,decode,fp8_e4m3,524288,16,1,1.4803306261698406,1.2246432304382324,1699840,4831838208,0.03481585159897804
7,16,4,4,decode,fp8_e4m3,1048576,2,1,1.2717866897583008,0.36666719913482665,213504,1207959552,0.03481585159897804
7,16,4,4,decode,fp8_e4m3,1048576,4,1,1.312000036239624,0.6053328037261962,425472,2415919104,0.03481585159897804
7,16,4,4,decode,fp8_e4m3,1048576,16,1,2.582933266957601,2.4172527313232424,1699840,9663676416,0.03481585159897804
7,16,4,4,decode,bfloat16,1024,2,1,1.202560027440389,0.10459680557250976,222720,2359296,0.005524782929569483
7,16,4,4,decode,bfloat16,1024,4,1,1.208352009455363,0.10506240129470826,443904,4718592,0.005524782929569483
7,16,4,4,decode,bfloat16,1024,16,1,1.0511786937713623,0.10980160236358642,1773568,18874368,0.005524782929569483
7,16,4,4,decode,bfloat16,8192,2,1,1.1541546980539958,0.11161279678344727,222720,18874368,0.005524782929569483
7,16,4,4,decode,bfloat16,8192,4,1,1.1588906447092693,0.11641440391540528,443904,37748736,0.005524782929569483
7,16,4,4,decode,bfloat16,8192,16,1,1.0330453713734944,0.1498703956604004,1773568,150994944,0.005524782929569483
7,16,4,4,decode,bfloat16,32768,2,1,1.1620799700419109,0.12821439504623414,222720,75497472,0.005524782929569483
7,16,4,4,decode,bfloat16,32768,4,1,1.1654293537139893,0.1435279965400696,443904,150994944,0.005524782929569483
7,16,4,4,decode,bfloat16,32768,16,1,1.04967466990153,0.26540958881378174,1773568,603979776,0.005524782929569483
7,16,4,4,decode,bfloat16,131072,2,1,1.1684799989064534,0.1788815975189209,222720,301989888,0.005524782929569483
7,16,4,4,decode,bfloat16,131072,4,1,1.1637547016143799,0.2480623960494995,443904,603979776,0.005524782929569483
7,16,4,4,decode,bfloat16,131072,16,1,1.1739306449890137,0.7302271842956543,1773568,2415919104,0.005524782929569483
7,16,4,4,decode,bfloat16,524288,2,1,1.156341314315796,0.3850719928741455,222720,1207959552,0.005524782929569483
7,16,4,4,decode,bfloat16,524288,4,1,1.2382187048594158,0.6503712177276612,443904,2415919104,0.005524782929569483
7,16,4,4,decode,bfloat16,524288,16,1,2.817632039388021,2.581715202331543,1773568,9663676416,0.005524782929569483
7,16,4,4,decode,bfloat16,1048576,2,1,1.238965352376302,0.6496640205383301,222720,2415919104,0.005524782929569483
7,16,4,4,decode,bfloat16,1048576,4,1,1.4594240188598633,1.1901616096496581,443904,4831838208,0.005524782929569483
7,16,4,4,decode,bfloat16,1048576,16,1,5.272778511047363,5.0556785583496096,1773568,19327352832,0.005524782929569483
7,16,2,8,decode,fp8_e4m3,1024,2,1,1.258677323659261,0.10610560178756714,322048,1179648,0.03470971807837486
7,16,2,8,decode,fp8_e4m3,1024,4,1,1.2879146734873455,0.10672800540924073,643584,2359296,0.03470971807837486
7,16,2,8,decode,fp8_e4m3,1024,16,1,1.1669546763102214,0.11938719749450684,2574336,9437184,0.03470971807837486
7,16,2,8,decode,fp8_e4m3,8192,2,1,1.286688009897868,0.11110719442367553,322048,9437184,0.03470971807837486
7,16,2,8,decode,fp8_e4m3,8192,4,1,1.299722671508789,0.11616799831390381,643584,18874368,0.03470971807837486
7,16,2,8,decode,fp8_e4m3,8192,16,1,1.1623146533966064,0.13131040334701538,2574336,75497472,0.03470971807837486
7,16,2,8,decode,fp8_e4m3,32768,2,1,1.2996906439463298,0.12564640045166015,322048,37748736,0.03470971807837486
7,16,2,8,decode,fp8_e4m3,32768,4,1,1.2980266412099202,0.12772639989852905,643584,75497472,0.03470971807837486
7,16,2,8,decode,fp8_e4m3,32768,16,1,1.1795093218485515,0.17118879556655883,2574336,301989888,0.03470971807837486
7,16,2,8,decode,fp8_e4m3,131072,2,1,1.2949546972910564,0.14581120014190674,322048,150994944,0.03470971807837486
7,16,2,8,decode,fp8_e4m3,131072,4,1,1.28874667485555,0.16615040302276612,643584,301989888,0.03470971807837486
7,16,2,8,decode,fp8_e4m3,131072,16,1,1.1374506950378418,0.32679359912872313,2574336,1207959552,0.03470971807837486
7,16,2,8,decode,fp8_e4m3,524288,2,1,1.3013226985931396,0.22434239387512206,322048,603979776,0.03470971807837486
7,16,2,8,decode,fp8_e4m3,524288,4,1,1.3058666388193767,0.3216576099395752,643584,1207959552,0.03470971807837486
7,16,2,8,decode,fp8_e4m3,524288,16,1,1.3123306433359783,0.9618767738342285,2574336,4831838208,0.03470971807837486
7,16,2,8,decode,fp8_e4m3,1048576,2,1,1.297375996907552,0.3300816059112549,322048,1207959552,0.03470971807837486
7,16,2,8,decode,fp8_e4m3,1048576,4,1,1.2632746696472168,0.521292781829834,643584,2415919104,0.03470971807837486
7,16,2,8,decode,fp8_e4m3,1048576,16,1,2.0081067085266113,1.9082096099853516,2574336,9663676416,0.03470971807837486
7,16,2,8,decode,bfloat16,1024,2,1,1.2251839637756348,0.10272959470748902,279040,2359296,0.004783360753208399
7,16,2,8,decode,bfloat16,1024,4,1,1.2040747006734211,0.10454879999160767,557568,4718592,0.004783360753208399
7,16,2,8,decode,bfloat16,1024,16,1,1.093450705210368,0.12032320499420165,2230272,18874368,0.004783360753208399
7,16,2,8,decode,bfloat16,8192,2,1,1.240554650624593,0.11332800388336181,279040,18874368,0.004783360753208399
7,16,2,8,decode,bfloat16,8192,4,1,1.2690133253733318,0.11939680576324463,557568,37748736,0.004783360753208399
7,16,2,8,decode,bfloat16,8192,16,1,1.1386773586273193,0.14381279945373535,2230272,150994944,0.004783360753208399
7,16,2,8,decode,bfloat16,32768,2,1,1.256767988204956,0.12781440019607543,279040,75497472,0.004783360753208399
7,16,2,8,decode,bfloat16,32768,4,1,1.281599998474121,0.13598719835281373,557568,150994944,0.004783360753208399
7,16,2,8,decode,bfloat16,32768,16,1,1.1545706590016682,0.21534240245819092,2230272,603979776,0.004783360753208399
7,16,2,8,decode,bfloat16,131072,2,1,1.2686399618784587,0.16881760358810424,279040,301989888,0.004783360753208399
7,16,2,8,decode,bfloat16,131072,4,1,1.2465706666310628,0.21263520717620848,557568,603979776,0.004783360753208399
7,16,2,8,decode,bfloat16,131072,16,1,1.1373333136240642,0.5204944133758544,2230272,2415919104,0.004783360753208399
7,16,2,8,decode,bfloat16,524288,2,1,1.2237013181050618,0.31893599033355713,279040,1207959552,0.004783360753208399
7,16,2,8,decode,bfloat16,524288,4,1,1.248138666152954,0.5261551856994628,557568,2415919104,0.004783360753208399
7,16,2,8,decode,bfloat16,524288,16,1,2.049994627634684,1.8668880462646484,2230272,9663676416,0.004783360753208399
7,16,2,8,decode,bfloat16,1048576,2,1,1.2498026688893635,0.5386112213134766,279040,2415919104,0.004783360753208399
7,16,2,8,decode,bfloat16,1048576,4,1,1.383519967397054,0.922599983215332,557568,4831838208,0.004783360753208399
7,16,2,8,decode,bfloat16,1048576,16,1,3.5419305165608725,3.5156318664550783,2230272,19327352832,0.004783360753208399
7,16,1,16,decode,fp8_e4m3,1024,2,1,1.0461973349253337,0.13217920064926147,824832,1179648,0.034656696021556854
7,16,1,16,decode,fp8_e4m3,1024,4,1,1.0224106311798096,0.13486239910125733,1649152,2359296,0.034656696021556854
7,16,1,16,decode,fp8_e4m3,1024,16,1,0.923530658086141,0.14154080152511597,7841792,9437184,0.034656696021556854
7,16,1,16,decode,fp8_e4m3,8192,2,1,1.0161706606547039,0.14177600145339966,824832,9437184,0.034656696021556854
7,16,1,16,decode,fp8_e4m3,8192,4,1,1.0159467061360676,0.14180799722671508,1649152,18874368,0.034656696021556854
7,16,1,16,decode,fp8_e4m3,8192,16,1,0.9291733105977377,0.1543007969856262,7448576,75497472,0.034656696021556854
7,16,1,16,decode,fp8_e4m3,32768,2,1,1.016693353652954,0.14943039417266846,824832,37748736,0.034656696021556854
7,16,1,16,decode,fp8_e4m3,32768,4,1,1.012885332107544,0.15374879837036132,1649152,75497472,0.034656696021556854
7,16,1,16,decode,fp8_e4m3,32768,16,1,0.9289920330047607,0.19530080556869506,7448576,301989888,0.034656696021556854
7,16,1,16,decode,fp8_e4m3,131072,2,1,1.0273066361745198,0.16981600522994994,824832,150994944,0.034656696021556854
7,16,1,16,decode,fp8_e4m3,131072,4,1,1.0072533289591472,0.1901919960975647,1649152,301989888,0.034656696021556854
7,16,1,16,decode,fp8_e4m3,131072,16,1,0.936789353688558,0.37401280403137205,7448576,1207959552,0.034656696021556854
7,16,1,16,decode,fp8_e4m3,524288,2,1,1.0064533551534016,0.24572958946228027,824832,603979776,0.034656696021556854
7,16,1,16,decode,fp8_e4m3,524288,4,1,1.0146666367848713,0.3548207998275757,1649152,1207959552,0.034656696021556854
7,16,1,16,decode,fp8_e4m3,524288,16,1,1.3199786345163982,1.1623871803283692,7448576,4831838208,0.034656696021556854
7,16,1,16,decode,fp8_e4m3,1048576,2,1,1.0275839964548747,0.3581199884414673,824832,1207959552,0.034656696021556854
7,16,1,16,decode,fp8_e4m3,1048576,4,1,1.0845759709676106,0.5868336200714112,1649152,2415919104,0.034656696021556854
7,16,1,16,decode,fp8_e4m3,1048576,16,1,2.2788480122884116,2.35655517578125,7448576,9663676416,0.034656696021556854
7,16,1,16,decode,bfloat16,1024,2,1,0.9690773487091064,0.13115040063858033,861696,2359296,0.004290093667805195
7,16,1,16,decode,bfloat16,1024,4,1,0.9651839733123779,0.13468480110168457,1722880,4718592,0.004290093667805195
7,16,1,16,decode,bfloat16,1024,16,1,0.8488960266113281,0.14693280458450317,8660992,18874368,0.004290093667805195
7,16,1,16,decode,bfloat16,8192,2,1,0.9552640120188395,0.1477728009223938,861696,18874368,0.004290093667805195
7,16,1,16,decode,bfloat16,8192,4,1,0.9482026894887289,0.13960319757461548,1722880,37748736,0.004290093667805195
7,16,1,16,decode,bfloat16,8192,16,1,0.8659413655598959,0.16181119680404663,8660992,150994944,0.004290093667805195
7,16,1,16,decode,bfloat16,32768,2,1,0.9553919633229574,0.14686720371246337,861696,75497472,0.004290093667805195
7,16,1,16,decode,bfloat16,32768,4,1,0.9580693244934082,0.1585744023323059,1722880,150994944,0.004290093667805195
7,16,1,16,decode,bfloat16,32768,16,1,0.8624746799468994,0.2421168088912964,8660992,603979776,0.004290093667805195
7,16,1,16,decode,bfloat16,131072,2,1,0.9615573088328043,0.18432480096817017,861696,301989888,0.004290093667805195
7,16,1,16,decode,bfloat16,131072,4,1,0.9490666389465332,0.23393280506134034,1722880,603979776,0.004290093667805195
7,16,1,16,decode,bfloat16,131072,16,1,0.9525439739227295,0.5684944152832031,8660992,2415919104,0.004290093667805195
7,16,1,16,decode,bfloat16,524288,2,1,0.966101328531901,0.33545119762420655,861696,1207959552,0.004290093667805195
7,16,1,16,decode,bfloat16,524288,4,1,1.0280106862386067,0.5361743927001953,1722880,2415919104,0.004290093667805195
7,16,1,16,decode,bfloat16,524288,16,1,2.0943147341410318,2.015287971496582,8660992,9663676416,0.004290093667805195
7,16,1,16,decode,bfloat16,1048576,2,1,1.0620906352996826,0.5352767944335938,861696,2415919104,0.004290093667805195
7,16,1,16,decode,bfloat16,1048576,4,1,1.2278719743092854,0.9792160034179688,1722880,4831838208,0.004290093667805195
7,16,1,16,decode,bfloat16,1048576,16,1,3.7322985331217446,4.1561279296875,8660992,19327352832,0.004290093667805195
8,16,16,1,decode,fp8_e4m3,1024,2,1,1.8399893442789714,0.11373120546340942,61952,1179648,0.03509664535522461
8,16,16,1,decode,fp8_e4m3,1024,4,1,1.8471253712972004,0.1155519962310791,123392,2359296,0.03509664535522461
8,16,16,1,decode,fp8_e4m3,1024,16,1,1.5363732973734539,0.10980479717254639,493568,9437184,0.03509664535522461
8,16,16,1,decode,fp8_e4m3,8192,2,1,1.5364480018615723,0.11662399768829346,61952,9437184,0.03509664535522461
8,16,16,1,decode,fp8_e4m3,8192,4,1,1.6887253125508626,0.11967519521713257,123392,18874368,0.03509664535522461
8,16,16,1,decode,fp8_e4m3,8192,16,1,1.5106453895568848,0.14722399711608886,493568,75497472,0.03509664535522461
8,16,16,1,decode,fp8_e4m3,32768,2,1,1.7454719543457031,0.1324064016342163,61952,37748736,0.03509664535522461
8,16,16,1,decode,fp8_e4m3,32768,4,1,1.7967146237691243,0.1463487982749939,123392,75497472,0.03509664535522461
8,16,16,1,decode,fp8_e4m3,32768,16,1,1.5168320337931316,0.18261280059814453,493568,301989888,0.03509664535522461
8,16,16,1,decode,fp8_e4m3,131072,2,1,1.768437385559082,0.16037280559539796,61952,150994944,0.03509664535522461
8,16,16,1,decode,fp8_e4m3,131072,4,1,1.7644586563110352,0.17970559597015381,123392,301989888,0.03509664535522461
8,16,16,1,decode,fp8_e4m3,131072,16,1,1.5521705945332844,0.30730719566345216,493568,1207959552,0.03509664535522461
8,16,16,1,decode,fp8_e4m3,524288,2,1,1.8212800025939941,0.22377119064331055,61952,603979776,0.03509664535522461
8,16,16,1,decode,fp8_e4m3,524288,4,1,1.8072959582010906,0.3029360055923462,123392,1207959552,0.03509664535522461
8,16,16,1,decode,fp8_e4m3,524288,16,1,1.5460160573323567,0.8130831718444824,493568,4831838208,0.03509664535522461
8,16,16,1,decode,fp8_e4m3,1048576,2,1,1.8246827125549316,0.30687038898468016,61952,1207959552,0.03509664535522461
8,16,16,1,decode,fp8_e4m3,1048576,4,1,1.7492480278015137,0.4687312126159668,123392,2415919104,0.03509664535522461
8,16,16,1,decode,fp8_e4m3,1048576,16,1,1.7659413019816081,1.4981616020202637,493568,9663676416,0.03509664535522461
8,16,16,1,decode,bfloat16,1024,2,1,1.7053227424621582,0.10785759687423706,61952,2359296,0.006898726802319288
8,16,16,1,decode,bfloat16,1024,4,1,1.673631985982259,0.11045440435409545,123392,4718592,0.006898726802319288
8,16,16,1,decode,bfloat16,1024,16,1,1.4804266293843586,0.11346399784088135,493568,18874368,0.006898726802319288
8,16,16,1,decode,bfloat16,8192,2,1,1.6956586837768555,0.11690880060195923,61952,18874368,0.006898726802319288
8,16,16,1,decode,bfloat16,8192,4,1,1.6935146649678547,0.12502399682998658,123392,37748736,0.006898726802319288
8,16,16,1,decode,bfloat16,8192,16,1,1.4566826820373535,0.16024160385131836,493568,150994944,0.006898726802319288
8,16,16,1,decode,bfloat16,32768,2,1,1.7234773635864258,0.14791200160980225,61952,75497472,0.006898726802319288
8,16,16,1,decode,bfloat16,32768,4,1,1.4779733022054036,0.1564736008644104,123392,150994944,0.006898726802319288
8,16,16,1,decode,bfloat16,32768,16,1,1.4573866526285808,0.23570079803466798,493568,603979776,0.006898726802319288
8,16,16,1,decode,bfloat16,131072,2,1,1.520842711130778,0.1853503942489624,61952,301989888,0.006898726802319288
8,16,16,1,decode,bfloat16,131072,4,1,1.701504071553548,0.230731201171875,123392,603979776,0.006898726802319288
8,16,16,1,decode,bfloat16,131072,16,1,1.220352013905843,0.5277775764465332,493568,2415919104,0.006898726802319288
8,16,16,1,decode,bfloat16,524288,2,1,1.671434720357259,0.33228800296783445,61952,1207959552,0.006898726802319288
8,16,16,1,decode,bfloat16,524288,4,1,1.7336853345235188,0.5341040134429932,123392,2415919104,0.006898726802319288
8,16,16,1,decode,bfloat16,524288,16,1,2.0923840204874673,1.7916736602783203,493568,9663676416,0.006898726802319288
8,16,16,1,decode,bfloat16,1048576,2,1,1.7864425977071126,0.5430992126464844,61952,2415919104,0.006898726802319288
8,16,16,1,decode,bfloat16,1048576,4,1,1.8491519292195637,0.9174431800842285,123392,4831838208,0.006898726802319288
8,16,16,1,decode,bfloat16,1048576,16,1,15.290026346842447,3.351472091674805,493568,19327352832,0.006898726802319288
8,16,8,2,decode,fp8_e4m3,1024,2,1,1.9416213035583496,0.09364640116691589,87040,1179648,0.03501495346426964
8,16,8,2,decode,fp8_e4m3,1024,4,1,1.9217066764831543,0.09612159729003907,173568,2359296,0.03501495346426964
8,16,8,2,decode,fp8_e4m3,1024,16,1,1.4990933736165364,0.10395679473876954,694272,9437184,0.03501495346426964
8,16,8,2,decode,fp8_e4m3,8192,2,1,1.3909014066060383,0.10176479816436768,87040,9437184,0.03501495346426964
8,16,8,2,decode,fp8_e4m3,8192,4,1,1.9316906929016113,0.1059183955192566,173568,18874368,0.03501495346426964
8,16,8,2,decode,fp8_e4m3,8192,16,1,1.0099519888559978,0.12341920137405396,694272,75497472,0.03501495346426964
8,16,8,2,decode,fp8_e4m3,32768,2,1,1.3695786794026692,0.11907360553741456,87040,37748736,0.03501495346426964
8,16,8,2,decode,fp8_e4m3,32768,4,1,1.3405973116556804,0.12571040391921998,173568,75497472,0.03501495346426964
8,16,8,2,decode,fp8_e4m3,32768,16,1,1.3407786687215169,0.15733439922332765,694272,301989888,0.03501495346426964
8,16,8,2,decode,fp8_e4m3,131072,2,1,1.886581261952718,0.1394736051559448,87040,150994944,0.03501495346426964
8,16,8,2,decode,fp8_e4m3,131072,4,1,1.6772799491882324,0.1576640009880066,173568,301989888,0.03501495346426964
8,16,8,2,decode,fp8_e4m3,131072,16,1,1.0124906698862712,0.2818207979202271,694272,1207959552,0.03501495346426964
8,16,8,2,decode,fp8_e4m3,524288,2,1,1.380949338277181,0.20494239330291747,87040,603979776,0.03501495346426964
8,16,8,2,decode,fp8_e4m3,524288,4,1,1.825226624806722,0.28317439556121826,173568,1207959552,0.03501495346426964
8,16,8,2,decode,fp8_e4m3,524288,16,1,1.143349329630534,0.7895120143890381,694272,4831838208,0.03501495346426964
8,16,8,2,decode,fp8_e4m3,1048576,2,1,1.3412799835205078,0.2875823974609375,87040,1207959552,0.03501495346426964
8,16,8,2,decode,fp8_e4m3,1048576,4,1,1.342517375946045,0.448363208770752,173568,2415919104,0.03501495346426964
8,16,8,2,decode,fp8_e4m3,1048576,16,1,1.6930239995320637,1.4717967987060547,694272,9663676416,0.03501495346426964
8,16,8,2,decode,bfloat16,1024,2,1,1.7930026054382324,0.09154080152511597,86528,2359296,0.006444955710321665
8,16,8,2,decode,bfloat16,1024,4,1,1.322538693745931,0.09461920261383057,172544,4718592,0.006444955710321665
8,16,8,2,decode,bfloat16,1024,16,1,0.9794987042744955,0.10767840147018433,690176,18874368,0.006444955710321665
8,16,8,2,decode,bfloat16,8192,2,1,1.293002684911092,0.10507839918136597,86528,18874368,0.006444955710321665
8,16,8,2,decode,bfloat16,8192,4,1,1.3478186925252278,0.11068639755249024,172544,37748736,0.006444955710321665
8,16,8,2,decode,bfloat16,8192,16,1,1.4217173258463542,0.13380160331726074,690176,150994944,0.006444955710321665
8,16,8,2,decode,bfloat16,32768,2,1,1.8677973747253418,0.12687519788742066,86528,75497472,0.006444955710321665
8,16,8,2,decode,bfloat16,32768,4,1,1.8356374104817708,0.1367743968963623,172544,150994944,0.006444955710321665
8,16,8,2,decode,bfloat16,32768,16,1,0.988159974416097,0.21063680648803712,690176,603979776,0.006444955710321665
8,16,8,2,decode,bfloat16,131072,2,1,2.0069120724995932,0.16436320543289185,86528,301989888,0.006444955710321665
8,16,8,2,decode,bfloat16,131072,4,1,1.3636800448099773,0.21232318878173828,172544,603979776,0.006444955710321665
8,16,8,2,decode,bfloat16,131072,16,1,1.0167786280314128,0.5073008060455322,690176,2415919104,0.006444955710321665
8,16,8,2,decode,bfloat16,524288,2,1,1.3828907012939453,0.32410240173339844,86528,1207959552,0.006444955710321665
8,16,8,2,decode,bfloat16,524288,4,1,1.3392000198364258,0.5082511901855469,172544,2415919104,0.006444955710321665
8,16,8,2,decode,bfloat16,524288,16,1,2.09116792678833,1.7691408157348634,690176,9663676416,0.006444955710321665
8,16,8,2,decode,bfloat16,1048576,2,1,1.4593599637349446,0.5130832195281982,86528,2415919104,0.006444955710321665
8,16,8,2,decode,bfloat16,1048576,4,1,1.5455360412597656,0.9069071769714355,172544,4831838208,0.006444955710321665
8,16,8,2,decode,bfloat16,1048576,16,1,3.4755519231160483,3.2483665466308596,690176,19327352832,0.006444955710321665
8,16,4,4,decode,fp8_e4m3,1024,2,1,1.5579840342203777,0.10647039413452149,213504,1179648,0.03481585159897804
8,16,4,4,decode,fp8_e4m3,1024,4,1,1.6194133758544922,0.10714559555053711,425472,2359296,0.03481585159897804
8,16,4,4,decode,fp8_e4m3,1024,16,1,1.387445290883382,0.11171200275421142,1699840,9437184,0.03481585159897804
8,16,4,4,decode,fp8_e4m3,8192,2,1,1.5559253692626953,0.11299999952316284,213504,9437184,0.03481585159897804
8,16,4,4,decode,fp8_e4m3,8192,4,1,1.579360008239746,0.11340800523757935,425472,18874368,0.03481585159897804
8,16,4,4,decode,fp8_e4m3,8192,16,1,1.4265813827514648,0.12911679744720458,1699840,75497472,0.03481585159897804
8,16,4,4,decode,fp8_e4m3,32768,2,1,1.5712745984395344,0.121670401096344,213504,37748736,0.03481585159897804
8,16,4,4,decode,fp8_e4m3,32768,4,1,1.5374080340067546,0.12771519422531127,425472,75497472,0.03481585159897804
8,16,4,4,decode,fp8_e4m3,32768,16,1,1.403989315032959,0.18206559419631957,1699840,301989888,0.03481585159897804
8,16,4,4,decode,fp8_e4m3,131072,2,1,1.4098879496256511,0.1459120035171509,213504,150994944,0.03481585159897804
8,16,4,4,decode,fp8_e4m3,131072,4,1,1.5757865905761719,0.17449599504470825,425472,301989888,0.03481585159897804
8,16,4,4,decode,fp8_e4m3,131072,16,1,1.3997759819030762,0.3922431945800781,1699840,1207959552,0.03481585159897804
8,16,4,4,decode,fp8_e4m3,524288,2,1,1.5824853579203289,0.24059998989105225,213504,603979776,0.03481585159897804
8,16,4,4,decode,fp8_e4m3,524288,4,1,1.5951040585835774,0.36651198863983153,425472,1207959552,0.03481585159897804
8,16,4,4,decode,fp8_e4m3,524288,16,1,1.6460053126017253,1.2208671569824219,1699840,4831838208,0.03481585159897804
8,16,4,4,decode,fp8_e4m3,1048576,2,1,1.3799786567687988,0.366265606880188,213504,1207959552,0.03481585159897804
8,16,4,4,decode,fp8_e4m3,1048576,4,1,1.6280213991800945,0.6048543930053711,425472,2415919104,0.03481585159897804
8,16,4,4,decode,fp8_e4m3,1048576,16,1,2.6501332918802896,2.5247087478637695,1699840,9663676416,0.03481585159897804
8,16,4,4,decode,bfloat16,1024,2,1,1.4953707059224446,0.10406559705734253,222720,2359296,0.005524782929569483
8,16,4,4,decode,bfloat16,1024,4,1,1.5295359293619792,0.10489120483398437,443904,4718592,0.005524782929569483
8,16,4,4,decode,bfloat16,1024,16,1,1.3475200335184734,0.10909600257873535,1773568,18874368,0.005524782929569483
8,16,4,4,decode,bfloat16,8192,2,1,1.5163307189941406,0.1111024022102356,222720,18874368,0.005524782929569483
8,16,4,4,decode,bfloat16,8192,4,1,1.5316054026285808,0.1160159945487976,443904,37748736,0.005524782929569483
8,16,4,4,decode,bfloat16,8192,16,1,1.3467520078023274,0.14923839569091796,1773568,150994944,0.005524782929569483
8,16,4,4,decode,bfloat16,32768,2,1,1.5712745984395344,0.12845280170440673,222720,75497472,0.005524782929569483
8,16,4,4,decode,bfloat16,32768,4,1,1.528223991394043,0.14309279918670653,443904,150994944,0.005524782929569483
8,16,4,4,decode,bfloat16,32768,16,1,1.3742079734802246,0.26520159244537356,1773568,603979776,0.005524782929569483
8,16,4,4,decode,bfloat16,131072,2,1,1.4896000226338704,0.1784767985343933,222720,301989888,0.005524782929569483
8,16,4,4,decode,bfloat16,131072,4,1,1.5406506856282551,0.24636640548706054,443904,603979776,0.005524782929569483
8,16,4,4,decode,bfloat16,131072,16,1,1.4274239540100098,0.7288144111633301,1773568,2415919104,0.005524782929569483
8,16,4,4,decode,bfloat16,524288,2,1,1.5520960489908855,0.3845184087753296,222720,1207959552,0.005524782929569483
8,16,4,4,decode,bfloat16,524288,4,1,1.5898027420043945,0.6499135971069336,443904,2415919104,0.005524782929569483
8,16,4,4,decode,bfloat16,524288,16,1,2.8710079193115234,2.5957807540893554,1773568,9663676416,0.005524782929569483
8,16,4,4,decode,bfloat16,1048576,2,1,1.485055923461914,0.6481935977935791,222720,2415919104,0.005524782929569483
8,16,4,4,decode,bfloat16,1048576,4,1,1.7449706395467122,1.189425563812256,443904,4831838208,0.005524782929569483
8,16,4,4,decode,bfloat16,1048576,16,1,5.3040211995442705,5.066487884521484,1773568,19327352832,0.005524782929569483
8,16,2,8,decode,fp8_e4m3,1024,2,1,1.6788585980733235,0.10670080184936523,322048,1179648,0.03470971807837486
8,16,2,8,decode,fp8_e4m3,1024,4,1,1.6835734049479167,0.10690879821777344,643584,2359296,0.03470971807837486
8,16,2,8,decode,fp8_e4m3,1024,16,1,1.4692266782124836,0.12103840112686157,2574336,9437184,0.03470971807837486
8,16,2,8,decode,fp8_e4m3,8192,2,1,1.615946610768636,0.11235519647598266,322048,9437184,0.03470971807837486
8,16,2,8,decode,fp8_e4m3,8192,4,1,1.636074701944987,0.11739519834518433,643584,18874368,0.03470971807837486
8,16,2,8,decode,fp8_e4m3,8192,16,1,1.4371093114217122,0.1327936053276062,2574336,75497472,0.03470971807837486
8,16,2,8,decode,fp8_e4m3,32768,2,1,1.6120746930440266,0.12696000337600707,322048,37748736,0.03470971807837486
8,16,2,8,decode,fp8_e4m3,32768,4,1,1.58515199025472,0.12758079767227173,643584,75497472,0.03470971807837486
8,16,2,8,decode,fp8_e4m3,32768,16,1,1.473365306854248,0.17339839935302734,0,301989888,0.03470971807837486
8,16,2,8,decode,fp8_e4m3,131072,2,1,1.6490559577941895,0.14725120067596437,322048,150994944,0.03470971807837486
8,16,2,8,decode,fp8_e4m3,131072,4,1,1.6226986249287922,0.1680448055267334,643584,301989888,0.03470971807837486
8,16,2,8,decode,fp8_e4m3,131072,16,1,1.3877973556518555,0.3364687919616699,2574336,1207959552,0.03470971807837486
8,16,2,8,decode,fp8_e4m3,524288,2,1,1.587392012278239,0.2282047986984253,322048,603979776,0.03470971807837486
8,16,2,8,decode,fp8_e4m3,524288,4,1,1.624597390492757,0.32629439830780027,643584,1207959552,0.03470971807837486
8,16,2,8,decode,fp8_e4m3,524288,16,1,1.5008427302042644,0.9726799964904785,2574336,4831838208,0.03470971807837486
8,16,2,8,decode,fp8_e4m3,1048576,2,1,1.6095147132873535,0.3285104036331177,322048,1207959552,0.03470971807837486
8,16,2,8,decode,fp8_e4m3,1048576,4,1,1.6117332776387532,0.5297984123229981,643584,2415919104,0.03470971807837486
8,16,2,8,decode,fp8_e4m3,1048576,16,1,2.082709312438965,1.911524772644043,2574336,9663676416,0.03470971807837486
8,16,2,8,decode,bfloat16,1024,2,1,1.549056053161621,0.10325599908828735,279040,2359296,0.004783360753208399
8,16,2,8,decode,bfloat16,1024,4,1,1.5914880434672039,0.1047104001045227,557568,4718592,0.004783360753208399
8,16,2,8,decode,bfloat16,1024,16,1,1.3061119715372722,0.12152960300445556,2230272,18874368,0.004783360753208399
8,16,2,8,decode,bfloat16,8192,2,1,1.5534507433573406,0.1147104024887085,279040,18874368,0.004783360753208399
8,16,2,8,decode,bfloat16,8192,4,1,1.5267945925394695,0.11929440498352051,557568,37748736,0.004783360753208399
8,16,2,8,decode,bfloat16,8192,16,1,1.317301352818807,0.14229919910430908,2230272,150994944,0.004783360753208399
8,16,2,8,decode,bfloat16,32768,2,1,1.512661298116048,0.12801120281219483,279040,75497472,0.004783360753208399
8,16,2,8,decode,bfloat16,32768,4,1,1.5324053764343262,0.1365056037902832,557568,150994944,0.004783360753208399
8,16,2,8,decode,bfloat16,32768,16,1,1.3211519718170166,0.21743519306182862,2230272,603979776,0.004783360753208399
8,16,2,8,decode,bfloat16,131072,2,1,1.5125439961751301,0.16881279945373534,279040,301989888,0.004783360753208399
8,16,2,8,decode,bfloat16,131072,4,1,1.517525355021159,0.21728160381317138,557568,603979776,0.004783360753208399
8,16,2,8,decode,bfloat16,131072,16,1,1.304917335510254,0.5260128021240235,2230272,2415919104,0.004783360753208399
8,16,2,8,decode,bfloat16,524288,2,1,1.4640639623006184,0.3227776050567627,279040,1207959552,0.004783360753208399
8,16,2,8,decode,bfloat16,524288,4,1,1.4375146230061848,0.5255263805389404,557568,2415919104,0.004783360753208399
8,16,2,8,decode,bfloat16,524288,16,1,2.0778133074442544,1.8852975845336915,2230272,9663676416,0.004783360753208399
8,16,2,8,decode,bfloat16,1048576,2,1,1.4820586840311687,0.5419904232025147,279040,2415919104,0.004783360753208399
8,16,2,8,decode,bfloat16,1048576,4,1,1.5554773012797039,0.9269120216369628,557568,4831838208,0.004783360753208399
8,16,2,8,decode,bfloat16,1048576,16,1,3.582709312438965,3.5827022552490235,2230272,19327352832,0.004783360753208399
8,16,1,16,decode,fp8_e4m3,1024,2,1,1.165728012720744,0.13518719673156737,824832,1179648,0.034656696021556854
8,16,1,16,decode,fp8_e4m3,1024,4,1,1.0949546496073406,0.13669919967651367,1649152,2359296,0.034656696021556854
8,16,1,16,decode,fp8_e4m3,1024,16,1,1.0174826780954997,0.1418336033821106,6924288,9437184,0.034656696021556854
8,16,1,16,decode,fp8_e4m3,8192,2,1,1.118175983428955,0.14351840019226075,824832,9437184,0.034656696021556854
8,16,1,16,decode,fp8_e4m3,8192,4,1,1.1038506825764973,0.14411840438842774,1649152,18874368,0.034656696021556854
8,16,1,16,decode,fp8_e4m3,8192,16,1,0.9903786977132162,0.15438560247421265,6727680,75497472,0.034656696021556854
8,16,1,16,decode,fp8_e4m3,32768,2,1,1.1140373547871907,0.15128480195999144,824832,37748736,0.034656696021556854
8,16,1,16,decode,fp8_e4m3,32768,4,1,1.1037013530731201,0.15408639907836913,1649152,75497472,0.034656696021556854
8,16,1,16,decode,fp8_e4m3,32768,16,1,0.9994026819864908,0.1977568030357361,6727680,301989888,0.034656696021556854
8,16,1,16,decode,fp8_e4m3,131072,2,1,1.0853226979573567,0.16840800046920776,824832,150994944,0.034656696021556854
8,16,1,16,decode,fp8_e4m3,131072,4,1,1.0977493127187092,0.1923792004585266,1649152,301989888,0.034656696021556854
8,16,1,16,decode,fp8_e4m3,131072,16,1,0.9742720127105713,0.379038405418396,6727680,1207959552,0.034656696021556854
8,16,1,16,decode,fp8_e4m3,524288,2,1,1.1227839787801106,0.2523904085159302,824832,603979776,0.034656696021556854
8,16,1,16,decode,fp8_e4m3,524288,4,1,1.0955946445465088,0.36124000549316404,1649152,1207959552,0.034656696021556854
8,16,1,16,decode,fp8_e4m3,524288,16,1,1.4020694096883137,1.2311840057373047,6727680,4831838208,0.034656696021556854
8,16,1,16,decode,fp8_e4m3,1048576,2,1,1.0978559652964275,0.3617824077606201,824832,1207959552,0.034656696021556854
8,16,1,16,decode,fp8_e4m3,1048576,4,1,1.187391996383667,0.604692792892456,1649152,2415919104,0.034656696021556854
8,16,1,16,decode,fp8_e4m3,1048576,16,1,2.5322559674580893,2.4476240158081053,6727680,9663676416,0.034656696021556854
8,16,1,16,decode,bfloat16,1024,2,1,1.0460586547851562,0.13292800188064574,861696,2359296,0.004290093667805195
8,16,1,16,decode,bfloat16,1024,4,1,1.0019520123799641,0.13568960428237914,1722880,4718592,0.004290093667805195
8,16,1,16,decode,bfloat16,1024,16,1,0.9326612949371338,0.1469871997833252,6891520,18874368,0.004290093667805195
8,16,1,16,decode,bfloat16,8192,2,1,1.0329493681589763,0.14888960123062134,861696,18874368,0.004290093667805195
8,16,1,16,decode,bfloat16,8192,4,1,1.0623786449432373,0.14070719480514526,1722880,37748736,0.004290093667805195
8,16,1,16,decode,bfloat16,8192,16,1,0.923957347869873,0.16170719861984253,6891520,150994944,0.004290093667805195
8,16,1,16,decode,bfloat16,32768,2,1,1.0316480000813801,0.14859679937362671,861696,75497472,0.004290093667805195
8,16,1,16,decode,bfloat16,32768,4,1,1.0326933066050212,0.15923999547958373,1722880,150994944,0.004290093667805195
8,16,1,16,decode,bfloat16,32768,16,1,0.9094719886779785,0.24129118919372558,6891520,603979776,0.004290093667805195
8,16,1,16,decode,bfloat16,131072,2,1,1.0435093243916829,0.1863584041595459,861696,301989888,0.004290093667805195
8,16,1,16,decode,bfloat16,131072,4,1,1.0542186896006267,0.23313119411468505,1722880,603979776,0.004290093667805195
8,16,1,16,decode,bfloat16,131072,16,1,1.002410650253296,0.5795487880706787,6891520,2415919104,0.004290093667805195
8,16,1,16,decode,bfloat16,524288,2,1,1.0660373369852703,0.33629279136657714,861696,1207959552,0.004290093667805195
8,16,1,16,decode,bfloat16,524288,4,1,1.088309367497762,0.5454400062561036,1722880,2415919104,0.004290093667805195
8,16,1,16,decode,bfloat16,524288,16,1,2.1702613830566406,2.057913589477539,6891520,9663676416,0.004290093667805195
8,16,1,16,decode,bfloat16,1048576,2,1,1.1058133443196614,0.5498335838317872,861696,2415919104,0.004290093667805195
8,16,1,16,decode,bfloat16,1048576,4,1,1.2611520290374756,0.994540786743164,1722880,4831838208,0.004290093667805195
8,16,1,16,decode,bfloat16,1048576,16,1,4.035018603006999,4.167121505737304,6891520,19327352832,0.004290093667805195
9,16,16,1,decode,fp8_e4m3,1024,2,1,1.8397653897603352,0.11389119625091552,61952,1179648,0.03509664535522461
9,16,16,1,decode,fp8_e4m3,1024,4,1,1.8482559521993,0.11555520296096802,123392,2359296,0.03509664535522461
9,16,16,1,decode,fp8_e4m3,1024,16,1,1.5366719563802083,0.10987999439239501,493568,9437184,0.03509664535522461
9,16,16,1,decode,fp8_e4m3,8192,2,1,1.5359360376993816,0.1166159987449646,61952,9437184,0.03509664535522461
9,16,16,1,decode,fp8_e4m3,8192,4,1,1.6886186599731445,0.1196671962738037,123392,18874368,0.03509664535522461
9,16,16,1,decode,fp8_e4m3,8192,16,1,1.5106879870096843,0.14719680547714234,493568,75497472,0.03509664535522461
9,16,16,1,decode,fp8_e4m3,32768,2,1,1.745365301767985,0.13240000009536743,61952,37748736,0.03509664535522461
9,16,16,1,decode,fp8_e4m3,32768,4,1,1.7963627179463704,0.14640320539474488,123392,75497472,0.03509664535522461
9,16,16,1,decode,fp8_e4m3,32768,16,1,1.5166932741800945,0.18265440464019775,493568,301989888,0.03509664535522461
9,16,16,1,decode,fp8_e4m3,131072,2,1,1.7677013079325359,0.16047680377960205,61952,150994944,0.03509664535522461
9,16,16,1,decode,fp8_e4m3,131072,4,1,1.7639999389648438,0.17956639528274537,123392,301989888,0.03509664535522461
9,16,16,1,decode,fp8_e4m3,131072,16,1,1.5513173739115398,0.30737121105194093,493568,1207959552,0.03509664535522461
9,16,16,1,decode,fp8_e4m3,524288,2,1,1.8196266492207844,0.2238447904586792,61952,603979776,0.03509664535522461
9,16,16,1,decode,fp8_e4m3,524288,4,1,1.8069653511047363,0.30288479328155515,123392,1207959552,0.03509664535522461
9,16,16,1,decode,fp8_e4m3,524288,16,1,1.545237382253011,0.8128944396972656,493568,4831838208,0.03509664535522461
9,16,16,1,decode,fp8_e4m3,1048576,2,1,1.8249600728352864,0.30675039291381834,61952,1207959552,0.03509664535522461
9,16,16,1,decode,fp8_e4m3,1048576,4,1,1.7491200764973958,0.4688511848449707,123392,2415919104,0.03509664535522461
9,16,16,1,decode,fp8_e4m3,1048576,16,1,1.7654080390930176,1.4980879783630372,493568,9663676416,0.03509664535522461
9,16,16,1,decode,bfloat16,1024,2,1,1.7051626841227214,0.10800000429153442,61952,2359296,0.006898726802319288
9,16,16,1,decode,bfloat16,1024,4,1,1.6742933591206868,0.11053119897842408,123392,4718592,0.006898726802319288
9,16,16,1,decode,bfloat16,1024,16,1,1.4803412755330403,0.11329280138015747,493568,18874368,0.006898726802319288
9,16,16,1,decode,bfloat16,8192,2,1,1.6951252619425456,0.11703200340270996,61952,18874368,0.006898726802319288
9,16,16,1,decode,bfloat16,8192,4,1,1.6924373308817546,0.1250399947166443,123392,37748736,0.006898726802319288
9,16,16,1,decode,bfloat16,8192,16,1,1.456757386525472,0.16023999452590942,493568,150994944,0.006898726802319288
9,16,16,1,decode,bfloat16,32768,2,1,1.7230186462402344,0.14828799962997435,61952,75497472,0.006898726802319288
9,16,16,1,decode,bfloat16,32768,4,1,1.4775999387105305,0.15660640001296997,123392,150994944,0.006898726802319288
9,16,16,1,decode,bfloat16,32768,16,1,1.4572265942891438,0.23576641082763672,493568,603979776,0.006898726802319288
9,16,16,1,decode,bfloat16,131072,2,1,1.5206720034281414,0.18547199964523314,61952,301989888,0.006898726802319288
9,16,16,1,decode,bfloat16,131072,4,1,1.702474594116211,0.23083839416503907,123392,603979776,0.006898726802319288
9,16,16,1,decode,bfloat16,131072,16,1,1.2211306889851887,0.5279232025146484,493568,2415919104,0.006898726802319288
9,16,16,1,decode,bfloat16,524288,2,1,1.6715307235717773,0.3322688102722168,61952,1207959552,0.006898726802319288
9,16,16,1,decode,bfloat16,524288,4,1,1.733141263326009,0.5341792106628418,123392,2415919104,0.006898726802319288
9,16,16,1,decode,bfloat16,524288,16,1,2.092458724975586,1.7917472839355468,493568,9663676416,0.006898726802319288
9,16,16,1,decode,bfloat16,1048576,2,1,1.786197344462077,0.5430255889892578,61952,2415919104,0.006898726802319288
9,16,16,1,decode,bfloat16,1048576,4,1,1.8488853772481282,0.917512035369873,123392,4831838208,0.006898726802319288
9,16,16,1,decode,bfloat16,1048576,16,1,15.29034678141276,3.351260757446289,493568,19327352832,0.006898726802319288
9,16,8,2,decode,fp8_e4m3,1024,2,1,1.941333293914795,0.09367200136184692,87040,1179648,0.03501495346426964
9,16,8,2,decode,fp8_e4m3,1024,4,1,1.9213333129882812,0.09621599912643433,173568,2359296,0.03501495346426964
9,16,8,2,decode,fp8_e4m3,1024,16,1,1.4990506172180176,0.10389759540557861,694272,9437184,0.03501495346426964
9,16,8,2,decode,fp8_e4m3,8192,2,1,1.3911147117614746,0.10174239873886108,87040,9437184,0.03501495346426964
9,16,8,2,decode,fp8_e4m3,8192,4,1,1.932223955790202,0.1059999942779541,173568,18874368,0.03501495346426964
9,16,8,2,decode,fp8_e4m3,8192,16,1,1.0099093119303386,0.12347040176391602,694272,75497472,0.03501495346426964
9,16,8,2,decode,fp8_e4m3,32768,2,1,1.370357354482015,0.11880160570144653,87040,37748736,0.03501495346426964
9,16,8,2,decode,fp8_e4m3,32768,4,1,1.3407573699951172,0.12562559843063353,173568,75497472,0.03501495346426964
9,16,8,2,decode,fp8_e4m3,32768,16,1,1.3407467206319172,0.15714559555053711,694272,301989888,0.03501495346426964
9,16,8,2,decode,fp8_e4m3,131072,2,1,1.8870612780253093,0.13956639766693116,87040,150994944,0.03501495346426964
9,16,8,2,decode,fp8_e4m3,131072,4,1,1.6774187088012695,0.15759520530700682,173568,301989888,0.03501495346426964
9,16,8,2,decode,fp8_e4m3,131072,16,1,1.0125333468119304,0.281713604927063,694272,1207959552,0.03501495346426964
9,16,8,2,decode,fp8_e4m3,524288,2,1,1.3806506792704265,0.20470879077911378,87040,603979776,0.03501495346426964
9,16,8,2,decode,fp8_e4m3,524288,4,1,1.8239893913269043,0.2831727981567383,173568,1207959552,0.03501495346426964
9,16,8,2,decode,fp8_e4m3,524288,16,1,1.1429226398468018,0.7894303798675537,694272,4831838208,0.03501495346426964
9,16,8,2,decode,fp8_e4m3,1048576,2,1,1.3413333892822266,0.28759040832519533,87040,1207959552,0.03501495346426964
9,16,8,2,decode,fp8_e4m3,1048576,4,1,1.3422187169392903,0.44843039512634275,173568,2415919104,0.03501495346426964
9,16,8,2,decode,fp8_e4m3,1048576,16,1,1.6934506098429363,1.4713616371154785,694272,9663676416,0.03501495346426964
9,16,8,2,decode,bfloat16,1024,2,1,1.7928640047709148,0.0915552020072937,86528,2359296,0.006444955710321665
9,16,8,2,decode,bfloat16,1024,4,1,1.3226346969604492,0.09470400214195251,172544,4718592,0.006444955710321665
9,16,8,2,decode,bfloat16,1024,16,1,0.9782293637593588,0.10749119520187378,690176,18874368,0.006444955710321665
9,16,8,2,decode,bfloat16,8192,2,1,1.2932159900665283,0.10504000186920166,86528,18874368,0.006444955710321665
9,16,8,2,decode,bfloat16,8192,4,1,1.3480854034423828,0.11052320003509522,172544,37748736,0.006444955710321665
9,16,8,2,decode,bfloat16,8192,16,1,1.4228053092956543,0.13369760513305665,690176,150994944,0.006444955710321665
9,16,8,2,decode,bfloat16,32768,2,1,1.8679572741190593,0.1269279956817627,86528,75497472,0.006444955710321665
9,16,8,2,decode,bfloat16,32768,4,1,1.8366079330444336,0.13681600093841553,172544,150994944,0.006444955710321665
9,16,8,2,decode,bfloat16,32768,16,1,0.986080010732015,0.210534405708313,690176,603979776,0.006444955710321665
9,16,8,2,decode,bfloat16,131072,2,1,2.008245309193929,0.16434719562530517,86528,301989888,0.006444955710321665
9,16,8,2,decode,bfloat16,131072,4,1,1.3625814119974773,0.21239359378814698,172544,603979776,0.006444955710321665
9,16,8,2,decode,bfloat16,131072,16,1,1.0171199639638264,0.5074512004852295,690176,2415919104,0.006444955710321665
9,16,8,2,decode,bfloat16,524288,2,1,1.382304032643636,0.3240511894226074,86528,1207959552,0.006444955710321665
9,16,8,2,decode,bfloat16,524288,4,1,1.3398933410644531,0.5091760158538818,172544,2415919104,0.006444955710321665
9,16,8,2,decode,bfloat16,524288,16,1,2.0919787089029946,1.7716848373413085,690176,9663676416,0.006444955710321665
9,16,8,2,decode,bfloat16,1048576,2,1,1.4637227058410645,0.5130527973175049,86528,2415919104,0.006444955710321665
9,16,8,2,decode,bfloat16,1048576,4,1,1.547071933746338,0.9067071914672852,172544,4831838208,0.006444955710321665
9,16,8,2,decode,bfloat16,1048576,16,1,3.4780267079671225,3.248214340209961,690176,19327352832,0.006444955710321665
9,16,4,4,decode,fp8_e4m3,1024,2,1,1.5610666275024414,0.10663360357284546,213504,1179648,0.03481585159897804
9,16,4,4,decode,fp8_e4m3,1024,4,1,1.6204694112141926,0.10751839876174926,425472,2359296,0.03481585159897804
9,16,4,4,decode,fp8_e4m3,1024,16,1,1.3865920702616374,0.11197760105133056,1699840,9437184,0.03481585159897804
9,16,4,4,decode,fp8_e4m3,8192,2,1,1.5590933163960774,0.11334880590438842,213504,9437184,0.03481585159897804
9,16,4,4,decode,fp8_e4m3,8192,4,1,1.5813652674357097,0.11366239786148072,425472,18874368,0.03481585159897804
9,16,4,4,decode,fp8_e4m3,8192,16,1,1.4322667121887207,0.12978880405426024,1699840,75497472,0.03481585159897804
9,16,4,4,decode,fp8_e4m3,32768,2,1,1.5714027086893718,0.12177120447158814,213504,37748736,0.03481585159897804
9,16,4,4,decode,fp8_e4m3,32768,4,1,1.5384000142415364,0.12829279899597168,425472,75497472,0.03481585159897804
9,16,4,4,decode,fp8_e4m3,32768,16,1,1.4051307042439778,0.18227360248565674,1699840,301989888,0.03481585159897804
9,16,4,4,decode,fp8_e4m3,131072,2,1,1.4088640213012695,0.14619040489196777,213504,150994944,0.03481585159897804
9,16,4,4,decode,fp8_e4m3,131072,4,1,1.5836265881856282,0.17460800409317018,425472,301989888,0.03481585159897804
9,16,4,4,decode,fp8_e4m3,131072,16,1,1.399445374806722,0.39277598857879636,1699840,1207959552,0.03481585159897804
9,16,4,4,decode,fp8_e4m3,524288,2,1,1.5842666625976562,0.24082720279693604,213504,603979776,0.03481585159897804
9,16,4,4,decode,fp8_e4m3,524288,4,1,1.597343921661377,0.3667392015457153,425472,1207959552,0.03481585159897804
9,16,4,4,decode,fp8_e4m3,524288,16,1,1.6516799926757812,1.2216383934020996,1699840,4831838208,0.03481585159897804
9,16,4,4,decode,fp8_e4m3,1048576,2,1,1.3768000602722168,0.3665568113327026,213504,1207959552,0.03481585159897804
9,16,4,4,decode,fp8_e4m3,1048576,4,1,1.6316266059875488,0.6050816059112549,425472,2415919104,0.03481585159897804
9,16,4,4,decode,fp8_e4m3,1048576,16,1,2.6548800468444824,2.5251007080078125,1699840,9663676416,0.03481585159897804
9,16,4,4,decode,bfloat16,1024,2,1,1.4983146985371907,0.10442559719085694,222720,2359296,0.005524782929569483
9,16,4,4,decode,bfloat16,1024,4,1,1.5297279357910156,0.10515999794006348,443904,4718592,0.005524782929569483
9,16,4,4,decode,bfloat16,1024,16,1,1.3501866658528645,0.10972319841384888,1773568,18874368,0.005524782929569483
9,16,4,4,decode,bfloat16,8192,2,1,1.5160214106241863,0.11176639795303345,222720,18874368,0.005524782929569483
9,16,4,4,decode,bfloat16,8192,4,1,1.5311573346455891,0.11619199514389038,443904,37748736,0.005524782929569483
9,16,4,4,decode,bfloat16,8192,16,1,1.3449494043986003,0.14949920177459716,1773568,150994944,0.005524782929569483
9,16,4,4,decode,bfloat16,32768,2,1,1.570367972056071,0.12851519584655763,222720,75497472,0.005524782929569483
9,16,4,4,decode,bfloat16,32768,4,1,1.524245262145996,0.1435472011566162,443904,150994944,0.005524782929569483
9,16,4,4,decode,bfloat16,32768,16,1,1.374165376027425,0.2653984069824219,1773568,603979776,0.005524782929569483
9,16,4,4,decode,bfloat16,131072,2,1,1.4905279477437336,0.17905759811401367,222720,301989888,0.005524782929569483
9,16,4,4,decode,bfloat16,131072,4,1,1.5401919682820637,0.24655840396881104,443904,603979776,0.005524782929569483
9,16,4,4,decode,bfloat16,131072,16,1,1.4321920077006023,0.7289680004119873,1773568,2415919104,0.005524782929569483
9,16,4,4,decode,bfloat16,524288,2,1,1.552351951599121,0.3850928068161011,222720,1207959552,0.005524782929569483
9,16,4,4,decode,bfloat16,524288,4,1,1.5921066602071126,0.6503151893615723,443904,2415919104,0.005524782929569483
9,16,4,4,decode,bfloat16,524288,16,1,2.8748159408569336,2.596536064147949,1773568,9663676416,0.005524782929569483
9,16,4,4,decode,bfloat16,1048576,2,1,1.4874773025512695,0.6485328197479248,222720,2415919104,0.005524782929569483
9,16,4,4,decode,bfloat16,1048576,4,1,1.7486079533894856,1.1897392272949219,443904,4831838208,0.005524782929569483
9,16,4,4,decode,bfloat16,1048576,16,1,5.307253201802571,5.067111968994141,1773568,19327352832,0.005524782929569483
9,16,2,8,decode,fp8_e4m3,1024,2,1,1.681290626525879,0.10680480003356933,322048,1179648,0.03470971807837486
9,16,2,8,decode,fp8_e4m3,1024,4,1,1.6784000396728516,0.10707839727401733,643584,2359296,0.03470971807837486
9,16,2,8,decode,fp8_e4m3,1024,16,1,1.474847952524821,0.1212048053741455,2574336,9437184,0.03470971807837486
9,16,2,8,decode,fp8_e4m3,8192,2,1,1.6183892885843914,0.11243679523468017,322048,9437184,0.03470971807837486
9,16,2,8,decode,fp8_e4m3,8192,4,1,1.6345386505126953,0.1176576018333435,643584,18874368,0.03470971807837486
9,16,2,8,decode,fp8_e4m3,8192,16,1,1.4388160705566406,0.13290239572525026,2574336,75497472,0.03470971807837486
9,16,2,8,decode,fp8_e4m3,32768,2,1,1.6108266512552898,0.12710399627685548,322048,37748736,0.03470971807837486
9,16,2,8,decode,fp8_e4m3,32768,4,1,1.583679993947347,0.1275760054588318,643584,75497472,0.03470971807837486
9,16,2,8,decode,fp8_e4m3,32768,16,1,1.4762026468912761,0.17363040447235106,0,301989888,0.03470971807837486
9,16,2,8,decode,fp8_e4m3,131072,2,1,1.6469653447469075,0.1473296046257019,322048,150994944,0.03470971807837486
9,16,2,8,decode,fp8_e4m3,131072,4,1,1.6259840329488118,0.168340802192688,643584,301989888,0.03470971807837486
9,16,2,8,decode,fp8_e4m3,131072,16,1,1.3900693257649739,0.3364815950393677,2574336,1207959552,0.03470971807837486
9,16,2,8,decode,fp8_e4m3,524288,2,1,1.5822933514912922,0.22846240997314454,322048,603979776,0.03470971807837486
9,16,2,8,decode,fp8_e4m3,524288,4,1,1.624608039855957,0.32652480602264405,643584,1207959552,0.03470971807837486
9,16,2,8,decode,fp8_e4m3,524288,16,1,1.5036479632059734,0.9728256225585937,2574336,4831838208,0.03470971807837486
9,16,2,8,decode,fp8_e4m3,1048576,2,1,1.6128106117248535,0.32856481075286864,322048,1207959552,0.03470971807837486
9,16,2,8,decode,fp8_e4m3,1048576,4,1,1.6117439270019531,0.5298480033874512,643584,2415919104,0.03470971807837486
9,16,2,8,decode,fp8_e4m3,1048576,16,1,2.0858240127563477,1.9116928100585937,2574336,9663676416,0.03470971807837486
9,16,2,8,decode,bfloat16,1024,2,1,1.5455999374389648,0.1034127950668335,279040,2359296,0.004783360753208399
9,16,2,8,decode,bfloat16,1024,4,1,1.5922667185465496,0.10484319925308228,557568,4718592,0.004783360753208399
9,16,2,8,decode,bfloat16,1024,16,1,1.305578629175822,0.12154560089111328,2230272,18874368,0.004783360753208399
9,16,2,8,decode,bfloat16,8192,2,1,1.555221398671468,0.11514400243759156,279040,18874368,0.004783360753208399
9,16,2,8,decode,bfloat16,8192,4,1,1.5282452901204426,0.11927520036697388,557568,37748736,0.004783360753208399
9,16,2,8,decode,bfloat16,8192,16,1,1.3148586750030518,0.14242080450057984,2230272,150994944,0.004783360753208399
9,16,2,8,decode,bfloat16,32768,2,1,1.5128533045450847,0.1283247947692871,279040,75497472,0.004783360753208399
9,16,2,8,decode,bfloat16,32768,4,1,1.5311253865559895,0.13659360408782958,557568,150994944,0.004783360753208399
9,16,2,8,decode,bfloat16,32768,16,1,1.3222613334655762,0.2180351972579956,2230272,603979776,0.004783360753208399
9,16,2,8,decode,bfloat16,131072,2,1,1.510229269663493,0.16887520551681517,279040,301989888,0.004783360753208399
9,16,2,8,decode,bfloat16,131072,4,1,1.5219200452168782,0.21725120544433593,557568,603979776,0.004783360753208399
9,16,2,8,decode,bfloat16,131072,16,1,1.3046720027923584,0.5264063835144043,2230272,2415919104,0.004783360753208399
9,16,2,8,decode,bfloat16,524288,2,1,1.4694719314575195,0.3227855920791626,279040,1207959552,0.004783360753208399
9,16,2,8,decode,bfloat16,524288,4,1,1.437056064605713,0.5258848190307617,557568,2415919104,0.004783360753208399
9,16,2,8,decode,bfloat16,524288,16,1,2.0805333455403647,1.8855152130126953,2230272,9663676416,0.004783360753208399
9,16,2,8,decode,bfloat16,1048576,2,1,1.4771626790364583,0.5418992042541504,279040,2415919104,0.004783360753208399
9,16,2,8,decode,bfloat16,1048576,4,1,1.5562879244486492,0.926972770690918,557568,4831838208,0.004783360753208399
9,16,2,8,decode,bfloat16,1048576,16,1,3.5843626658121743,3.582761764526367,2230272,19327352832,0.004783360753208399
9,16,1,16,decode,fp8_e4m3,1024,2,1,1.0490132967631023,0.13305920362472534,824832,1179648,0.034656696021556854
9,16,1,16,decode,fp8_e4m3,1024,4,1,1.046463966369629,0.13525760173797607,1649152,2359296,0.034656696021556854
9,16,1,16,decode,fp8_e4m3,1024,16,1,0.9069546858469645,0.14150400161743165,6924288,9437184,0.034656696021556854
9,16,1,16,decode,fp8_e4m3,8192,2,1,1.0038399696350098,0.14154239892959594,824832,9437184,0.034656696021556854
9,16,1,16,decode,fp8_e4m3,8192,4,1,0.976469357808431,0.14193120002746581,1649152,18874368,0.034656696021556854
9,16,1,16,decode,fp8_e4m3,8192,16,1,0.8984106381734213,0.15419679880142212,6727680,75497472,0.034656696021556854
9,16,1,16,decode,fp8_e4m3,32768,2,1,0.9973440170288086,0.14951200485229493,824832,37748736,0.034656696021556854
9,16,1,16,decode,fp8_e4m3,32768,4,1,1.028714656829834,0.15269919633865356,1649152,75497472,0.034656696021556854
9,16,1,16,decode,fp8_e4m3,32768,16,1,0.9190186659495035,0.19683680534362794,6727680,301989888,0.034656696021556854
9,16,1,16,decode,fp8_e4m3,131072,2,1,1.0353600184122722,0.16607040166854858,824832,150994944,0.034656696021556854
9,16,1,16,decode,fp8_e4m3,131072,4,1,1.0168853600819905,0.1915071964263916,1649152,301989888,0.034656696021556854
9,16,1,16,decode,fp8_e4m3,131072,16,1,0.9440639813741049,0.3794624090194702,6727680,1207959552,0.034656696021556854
9,16,1,16,decode,fp8_e4m3,524288,2,1,0.9859519799550375,0.24642879962921144,824832,603979776,0.034656696021556854
9,16,1,16,decode,fp8_e4m3,524288,4,1,1.0403412977854412,0.3612112045288086,1649152,1207959552,0.034656696021556854
9,16,1,16,decode,fp8_e4m3,524288,16,1,1.381290594736735,1.1721183776855468,6727680,4831838208,0.034656696021556854
9,16,1,16,decode,fp8_e4m3,1048576,2,1,1.044373353322347,0.36631999015808103,824832,1207959552,0.034656696021556854
9,16,1,16,decode,fp8_e4m3,1048576,4,1,1.095957358678182,0.5915808200836181,1649152,2415919104,0.034656696021556854
9,16,1,16,decode,fp8_e4m3,1048576,16,1,2.4224853515625,2.583228874206543,6727680,9663676416,0.034656696021556854
9,16,1,16,decode,bfloat16,1024,2,1,1.001365343729655,0.13113759756088256,861696,2359296,0.004290093667805195
9,16,1,16,decode,bfloat16,1024,4,1,1.0,0.1344864010810852,1722880,4718592,0.004290093667805195
9,16,1,16,decode,bfloat16,1024,16,1,0.8599253495534261,0.14683200120925904,6891520,18874368,0.004290093667805195
9,16,1,16,decode,bfloat16,8192,2,1,0.9936426480611166,0.14701759815216064,861696,18874368,0.004290093667805195
9,16,1,16,decode,bfloat16,8192,4,1,0.9876373608907064,0.1394736051559448,1722880,37748736,0.004290093667805195
9,16,1,16,decode,bfloat16,8192,16,1,0.8670612970987955,0.1607759952545166,6891520,150994944,0.004290093667805195
9,16,1,16,decode,bfloat16,32768,2,1,0.9807999928792318,0.1475648045539856,861696,75497472,0.004290093667805195
9,16,1,16,decode,bfloat16,32768,4,1,0.9459946950276693,0.15845119953155518,1722880,150994944,0.004290093667805195
9,16,1,16,decode,bfloat16,32768,16,1,0.8919893105824789,0.24100959300994873,6891520,603979776,0.004290093667805195
9,16,1,16,decode,bfloat16,131072,2,1,0.9771413008371989,0.18453279733657837,861696,301989888,0.004290093667805195
9,16,1,16,decode,bfloat16,131072,4,1,0.9707626501719157,0.23299040794372558,1722880,603979776,0.004290093667805195
9,16,1,16,decode,bfloat16,131072,16,1,0.9310932954152426,0.5773871898651123,6891520,2415919104,0.004290093667805195
9,16,1,16,decode,bfloat16,524288,2,1,0.9843626817067465,0.33638720512390136,861696,1207959552,0.004290093667805195
9,16,1,16,decode,bfloat16,524288,4,1,1.0545066992441814,0.5430448055267334,1722880,2415919104,0.004290093667805195
9,16,1,16,decode,bfloat16,524288,16,1,2.1671573321024575,2.1150768280029295,6891520,9663676416,0.004290093667805195
9,16,1,16,decode,bfloat16,1048576,2,1,1.044864018758138,0.5513328075408935,861696,2415919104,0.004290093667805195
9,16,1,16,decode,bfloat16,1048576,4,1,1.2572800318400066,0.9848848342895508,1722880,4831838208,0.004290093667805195
9,16,1,16,decode,bfloat16,1048576,16,1,3.9744958877563477,4.28931999206543,6891520,19327352832,0.004290093667805195
10,16,16,1,decode,fp8_e4m3,1024,2,1,1.8400640487670898,0.11407359838485717,61952,1179648,0.03509664535522461
10,16,16,1,decode,fp8_e4m3,1024,4,1,1.8501760164896648,0.11569759845733643,123392,2359296,0.03509664535522461
10,16,16,1,decode,fp8_e4m3,1024,16,1,1.5363839467366536,0.10977280139923096,493568,9437184,0.03509664535522461
10,16,16,1,decode,fp8_e4m3,8192,2,1,1.535530726114909,0.11662720441818238,61952,9437184,0.03509664535522461
10,16,16,1,decode,fp8_e4m3,8192,4,1,1.6892266273498535,0.11960959434509277,123392,18874368,0.03509664535522461
10,16,16,1,decode,fp8_e4m3,8192,16,1,1.5119679768880208,0.14734879732131959,493568,75497472,0.03509664535522461
10,16,16,1,decode,fp8_e4m3,32768,2,1,1.7459519704182942,0.13244160413742065,61952,37748736,0.03509664535522461
10,16,16,1,decode,fp8_e4m3,32768,4,1,1.7974294026692708,0.14712640047073364,123392,75497472,0.03509664535522461
10,16,16,1,decode,fp8_e4m3,32768,16,1,1.5178240140279133,0.18271039724349974,493568,301989888,0.03509664535522461
10,16,16,1,decode,fp8_e4m3,131072,2,1,1.7681493759155273,0.16083840131759644,61952,150994944,0.03509664535522461
10,16,16,1,decode,fp8_e4m3,131072,4,1,1.7662399609883626,0.17964960336685182,123392,301989888,0.03509664535522461
10,16,16,1,decode,fp8_e4m3,131072,16,1,1.5521920522054036,0.3080336093902588,493568,1207959552,0.03509664535522461
10,16,16,1,decode,fp8_e4m3,524288,2,1,1.8203840255737305,0.22397921085357667,61952,603979776,0.03509664535522461
10,16,16,1,decode,fp8_e4m3,524288,4,1,1.8087466557820637,0.3030944108963013,123392,1207959552,0.03509664535522461
10,16,16,1,decode,fp8_e4m3,524288,16,1,1.5459839502970378,0.8134384155273438,493568,4831838208,0.03509664535522461
10,16,16,1,decode,fp8_e4m3,1048576,2,1,1.8252479235331218,0.3067984104156494,61952,1207959552,0.03509664535522461
10,16,16,1,decode,fp8_e4m3,1048576,4,1,1.7514452934265137,0.4688511848449707,123392,2415919104,0.03509664535522461
10,16,16,1,decode,fp8_e4m3,1048576,16,1,1.7666133244832356,1.4981599807739259,493568,9663676416,0.03509664535522461
10,16,16,1,decode,bfloat16,1024,2,1,1.7062719662984211,0.1078336000442505,61952,2359296,0.006898726802319288
10,16,16,1,decode,bfloat16,1024,4,1,1.6756906509399414,0.11049439907073974,123392,4718592,0.006898726802319288
10,16,16,1,decode,bfloat16,1024,16,1,1.4816959698994954,0.11328320503234864,493568,18874368,0.006898726802319288
10,16,16,1,decode,bfloat16,8192,2,1,1.6968107223510742,0.11688640117645263,61952,18874368,0.006898726802319288
10,16,16,1,decode,bfloat16,8192,4,1,1.69376007715861,0.12509440183639525,123392,37748736,0.006898726802319288
10,16,16,1,decode,bfloat16,8192,16,1,1.45687468846639,0.160316801071167,493568,150994944,0.006898726802319288
10,16,16,1,decode,bfloat16,32768,2,1,1.7231146494547527,0.1487936019897461,61952,75497472,0.006898726802319288
10,16,16,1,decode,bfloat16,32768,4,1,1.4787947336832683,0.15654079914093016,123392,150994944,0.006898726802319288
10,16,16,1,decode,bfloat16,32768,16,1,1.4581759770711262,0.23591039180755616,493568,603979776,0.006898726802319288
10,16,16,1,decode,bfloat16,131072,2,1,1.521077315012614,0.18542720079421998,61952,301989888,0.006898726802319288
10,16,16,1,decode,bfloat16,131072,4,1,1.7033066749572754,0.2307744026184082,123392,603979776,0.006898726802319288
10,16,16,1,decode,bfloat16,131072,16,1,1.2213119665781658,0.5278160095214843,493568,2415919104,0.006898726802319288
10,16,16,1,decode,bfloat16,524288,2,1,1.6713919639587402,0.33237760066986083,61952,1207959552,0.006898726802319288
10,16,16,1,decode,bfloat16,524288,4,1,1.7350719769795735,0.5343967914581299,123392,2415919104,0.006898726802319288
10,16,16,1,decode,bfloat16,524288,16,1,2.0934826532999673,1.791811180114746,493568,9663676416,0.006898726802319288
10,16,16,1,decode,bfloat16,1048576,2,1,1.7866133054097493,0.5431024074554444,61952,2415919104,0.006898726802319288
10,16,16,1,decode,bfloat16,1048576,4,1,1.8506986300150554,0.9176192283630371,123392,4831838208,0.006898726802319288
10,16,16,1,decode,bfloat16,1048576,16,1,15.290932973225912,3.3513633728027346,493568,19327352832,0.006898726802319288
10,16,8,2,decode,fp8_e4m3,1024,2,1,1.9427413940429688,0.09372159838676453,87040,1179648,0.03501495346426964
10,16,8,2,decode,fp8_e4m3,1024,4,1,1.9224747021993,0.09611039757728576,173568,2359296,0.03501495346426964
10,16,8,2,decode,fp8_e4m3,1024,16,1,1.4993707338968914,0.10391199588775635,694272,9437184,0.03501495346426964
10,16,8,2,decode,fp8_e4m3,8192,2,1,1.3914772669474285,0.10195200443267823,87040,9437184,0.03501495346426964
10,16,8,2,decode,fp8_e4m3,8192,4,1,1.932810624440511,0.10597759485244751,173568,18874368,0.03501495346426964
10,16,8,2,decode,fp8_e4m3,8192,16,1,1.0105493068695068,0.12347840070724488,694272,75497472,0.03501495346426964
10,16,8,2,decode,fp8_e4m3,32768,2,1,1.3704533576965332,0.11908639669418335,87040,37748736,0.03501495346426964
10,16,8,2,decode,fp8_e4m3,32768,4,1,1.341119925181071,0.12568639516830443,173568,75497472,0.03501495346426964
10,16,8,2,decode,fp8_e4m3,32768,16,1,1.3410666783650715,0.15724799633026124,694272,301989888,0.03501495346426964
10,16,8,2,decode,fp8_e4m3,131072,2,1,1.8873813947041829,0.1395807981491089,87040,150994944,0.03501495346426964
10,16,8,2,decode,fp8_e4m3,131072,4,1,1.6782933870951335,0.1577008008956909,173568,301989888,0.03501495346426964
10,16,8,2,decode,fp8_e4m3,131072,16,1,1.012821356455485,0.2818095922470093,694272,1207959552,0.03501495346426964
10,16,8,2,decode,fp8_e4m3,524288,2,1,1.3817386627197266,0.204915189743042,87040,603979776,0.03501495346426964
10,16,8,2,decode,fp8_e4m3,524288,4,1,1.8243306477864583,0.28326239585876467,173568,1207959552,0.03501495346426964
10,16,8,2,decode,fp8_e4m3,524288,16,1,1.1449706554412842,0.7895023822784424,694272,4831838208,0.03501495346426964
10,16,8,2,decode,fp8_e4m3,1048576,2,1,1.3417493502298992,0.28763840198516843,87040,1207959552,0.03501495346426964
10,16,8,2,decode,fp8_e4m3,1048576,4,1,1.3424746195475261,0.448579216003418,173568,2415919104,0.03501495346426964
10,16,8,2,decode,fp8_e4m3,1048576,16,1,1.6949119567871094,1.4718943595886231,694272,9663676416,0.03501495346426964
10,16,8,2,decode,bfloat16,1024,2,1,1.7938027381896973,0.0915727972984314,86528,2359296,0.006444955710321665
10,16,8,2,decode,bfloat16,1024,4,1,1.3229119777679443,0.09454399943351746,172544,4718592,0.006444955710321665
10,16,8,2,decode,bfloat16,1024,16,1,0.9791786670684814,0.10751520395278931,690176,18874368,0.006444955710321665
10,16,8,2,decode,bfloat16,8192,2,1,1.2939306894938152,0.10508160591125489,86528,18874368,0.006444955710321665
10,16,8,2,decode,bfloat16,8192,4,1,1.3489279747009277,0.11068960428237914,172544,37748736,0.006444955710321665
10,16,8,2,decode,bfloat16,8192,16,1,1.422719955444336,0.13394399881362914,690176,150994944,0.006444955710321665
10,16,8,2,decode,bfloat16,32768,2,1,1.8697387377421062,0.1268895983695984,86528,75497472,0.006444955710321665
10,16,8,2,decode,bfloat16,32768,4,1,1.8362560272216797,0.13687039613723756,172544,150994944,0.006444955710321665
10,16,8,2,decode,bfloat16,32768,16,1,0.9892693360646566,0.2107167959213257,690176,603979776,0.006444955710321665
10,16,8,2,decode,bfloat16,131072,2,1,2.0080854098002114,0.1644544005393982,86528,301989888,0.006444955710321665
10,16,8,2,decode,bfloat16,131072,4,1,1.3640534083048503,0.2124272108078003,172544,603979776,0.006444955710321665
10,16,8,2,decode,bfloat16,131072,16,1,1.0177280108133953,0.5074431896209717,690176,2415919104,0.006444955710321665
10,16,8,2,decode,bfloat16,524288,2,1,1.3845760027567546,0.324183988571167,86528,1207959552,0.006444955710321665
10,16,8,2,decode,bfloat16,524288,4,1,1.3409066200256348,0.5093391895294189,172544,2415919104,0.006444955710321665
10,16,8,2,decode,bfloat16,524288,16,1,2.0926079750061035,1.7716991424560546,690176,9663676416,0.006444955710321665
10,16,8,2,decode,bfloat16,1048576,2,1,1.463370641072591,0.5133135795593262,86528,2415919104,0.006444955710321665
10,16,8,2,decode,bfloat16,1048576,4,1,1.5476694107055664,0.9073455810546875,172544,4831838208,0.006444955710321665
10,16,8,2,decode,bfloat16,1048576,16,1,3.4778451919555664,3.2488208770751954,690176,19327352832,0.006444955710321665
10,16,4,4,decode,fp8_e4m3,1024,2,1,1.561738650004069,0.10666079521179199,213504,1179648,0.03481585159897804
10,16,4,4,decode,fp8_e4m3,1024,4,1,1.620789368947347,0.10745120048522949,425472,2359296,0.03481585159897804
10,16,4,4,decode,fp8_e4m3,1024,16,1,1.3867947260538738,0.1121567964553833,1699840,9437184,0.03481585159897804
10,16,4,4,decode,fp8_e4m3,8192,2,1,1.5594879786173503,0.11334719657897949,213504,9437184,0.03481585159897804
10,16,4,4,decode,fp8_e4m3,8192,4,1,1.5835199356079102,0.11382240056991577,425472,18874368,0.03481585159897804
10,16,4,4,decode,fp8_e4m3,8192,16,1,1.432949384053548,0.1298207998275757,1699840,75497472,0.03481585159897804
10,16,4,4,decode,fp8_e4m3,32768,2,1,1.5717652638753254,0.12184319496154786,213504,37748736,0.03481585159897804
10,16,4,4,decode,fp8_e4m3,32768,4,1,1.538442611694336,0.1283247947692871,425472,75497472,0.03481585159897804
10,16,4,4,decode,fp8_e4m3,32768,16,1,1.4052480061848958,0.18240319490432738,1699840,301989888,0.03481585159897804
10,16,4,4,decode,fp8_e4m3,131072,2,1,1.4094932874043782,0.14620319604873658,213504,150994944,0.03481585159897804
10,16,4,4,decode,fp8_e4m3,131072,4,1,1.5832746823628743,0.17461919784545898,425472,301989888,0.03481585159897804
10,16,4,4,decode,fp8_e4m3,131072,16,1,1.3995413780212402,0.3927599906921387,1699840,1207959552,0.03481585159897804
10,16,4,4,decode,fp8_e4m3,524288,2,1,1.5837225914001465,0.24097280502319335,213504,603979776,0.03481585159897804
10,16,4,4,decode,fp8_e4m3,524288,4,1,1.5981653531392415,0.3667360067367554,425472,1207959552,0.03481585159897804
10,16,4,4,decode,fp8_e4m3,524288,16,1,1.652352015177409,1.221623992919922,1699840,4831838208,0.03481585159897804
10,16,4,4,decode,fp8_e4m3,1048576,2,1,1.3781226476033528,0.366540789604187,213504,1207959552,0.03481585159897804
10,16,4,4,decode,fp8_e4m3,1048576,4,1,1.6311999956766765,0.6050848007202149,425472,2415919104,0.03481585159897804
10,16,4,4,decode,fp8_e4m3,1048576,16,1,2.655264059702555,2.525172805786133,1699840,9663676416,0.03481585159897804
10,16,4,4,decode,bfloat16,1024,2,1,1.4984426498413086,0.1044160008430481,222720,2359296,0.005524782929569483
10,16,4,4,decode,bfloat16,1024,4,1,1.5295467376708984,0.1052672028541565,443904,4718592,0.005524782929569483
10,16,4,4,decode,bfloat16,1024,16,1,1.3496853510538738,0.10983040332794189,1773568,18874368,0.005524782929569483
10,16,4,4,decode,bfloat16,8192,2,1,1.5165972709655762,0.11164959669113159,222720,18874368,0.005524782929569483
10,16,4,4,decode,bfloat16,8192,4,1,1.532373269399007,0.1161952018737793,443904,37748736,0.005524782929569483
10,16,4,4,decode,bfloat16,8192,16,1,1.3456746737162273,0.14958399534225464,1773568,150994944,0.005524782929569483
10,16,4,4,decode,bfloat16,32768,2,1,1.5709865887959797,0.12852799892425537,222720,75497472,0.005524782929569483
10,16,4,4,decode,bfloat16,32768,4,1,1.5253547032674153,0.14365919828414916,443904,150994944,0.005524782929569483
10,16,4,4,decode,bfloat16,32768,16,1,1.3744640350341797,0.2654831886291504,1773568,603979776,0.005524782929569483
10,16,4,4,decode,bfloat16,131072,2,1,1.491594632466634,0.17904000282287597,222720,301989888,0.005524782929569483
10,16,4,4,decode,bfloat16,131072,4,1,1.5404586791992188,0.24665279388427735,443904,603979776,0.005524782929569483
10,16,4,4,decode,bfloat16,131072,16,1,1.4327999750773113,0.7291279792785644,1773568,2415919104,0.005524782929569483
10,16,4,4,decode,bfloat16,524288,2,1,1.552853266398112,0.38523039817810056,222720,1207959552,0.005524782929569483
10,16,4,4,decode,bfloat16,524288,4,1,1.59333340326945,0.6504144191741943,443904,2415919104,0.005524782929569483
10,16,4,4,decode,bfloat16,524288,16,1,2.8749545415242515,2.5967647552490236,1773568,9663676416,0.005524782929569483
10,16,4,4,decode,bfloat16,1048576,2,1,1.4882453282674153,0.6485775947570801,222720,2415919104,0.005524782929569483
10,16,4,4,decode,bfloat16,1048576,4,1,1.7499732971191406,1.1897232055664062,443904,4831838208,0.005524782929569483
10,16,4,4,decode,bfloat16,1048576,16,1,5.307285308837891,5.066944122314453,1773568,19327352832,0.005524782929569483
10,16,2,8,decode,fp8_e4m3,1024,2,1,1.35261869430542,0.10579839944839478,322048,1179648,0.03470971807837486
10,16,2,8,decode,fp8_e4m3,1024,4,1,1.2621546586354573,0.10626399517059326,643584,2359296,0.03470971807837486
10,16,2,8,decode,fp8_e4m3,1024,16,1,1.131381352742513,0.12009119987487793,2574336,9437184,0.03470971807837486
10,16,2,8,decode,fp8_e4m3,8192,2,1,1.238751967748006,0.11139999628067017,322048,9437184,0.03470971807837486
10,16,2,8,decode,fp8_e4m3,8192,4,1,1.2706560293833415,0.11641759872436523,643584,18874368,0.03470971807837486
10,16,2,8,decode,fp8_e4m3,8192,16,1,1.095306634902954,0.1310256004333496,2574336,75497472,0.03470971807837486
10,16,2,8,decode,fp8_e4m3,32768,2,1,1.2400533358256023,0.125764799118042,322048,37748736,0.03470971807837486
10,16,2,8,decode,fp8_e4m3,32768,4,1,1.216970682144165,0.12732479572296143,643584,75497472,0.03470971807837486
10,16,2,8,decode,fp8_e4m3,32768,16,1,1.1242026487986247,0.17204159498214722,2574336,301989888,0.03470971807837486
10,16,2,8,decode,fp8_e4m3,131072,2,1,1.2278186480204265,0.14571360349655152,322048,150994944,0.03470971807837486
10,16,2,8,decode,fp8_e4m3,131072,4,1,1.2454506556193035,0.16709920167922973,643584,301989888,0.03470971807837486
10,16,2,8,decode,fp8_e4m3,131072,16,1,1.1020267009735107,0.33080320358276366,2574336,1207959552,0.03470971807837486
10,16,2,8,decode,fp8_e4m3,524288,2,1,1.2557226816813152,0.22652320861816405,322048,603979776,0.03470971807837486
10,16,2,8,decode,fp8_e4m3,524288,4,1,1.2665386994679768,0.32542240619659424,643584,1207959552,0.03470971807837486
10,16,2,8,decode,fp8_e4m3,524288,16,1,1.2735146681467693,0.982919979095459,2574336,4831838208,0.03470971807837486
10,16,2,8,decode,fp8_e4m3,1048576,2,1,1.1882879734039307,0.3302687883377075,322048,1207959552,0.03470971807837486
10,16,2,8,decode,fp8_e4m3,1048576,4,1,1.235317309697469,0.5350639820098877,643584,2415919104,0.03470971807837486
10,16,2,8,decode,fp8_e4m3,1048576,16,1,2.0393706957499185,1.9969375610351563,2574336,9663676416,0.03470971807837486
10,16,2,8,decode,bfloat16,1024,2,1,1.2149546941121419,0.1026304006576538,279040,2359296,0.004783360753208399
10,16,2,8,decode,bfloat16,1024,4,1,1.2100266615549724,0.10367200374603272,557568,4718592,0.004783360753208399
10,16,2,8,decode,bfloat16,1024,16,1,1.052458683649699,0.12058240175247192,2230272,18874368,0.004783360753208399
10,16,2,8,decode,bfloat16,8192,2,1,1.1839679876963298,0.1132431983947754,279040,18874368,0.004783360753208399
10,16,2,8,decode,bfloat16,8192,4,1,1.1826666990915935,0.11911519765853881,557568,37748736,0.004783360753208399
10,16,2,8,decode,bfloat16,8192,16,1,1.0647679964701335,0.1418496012687683,2230272,150994944,0.004783360753208399
10,16,2,8,decode,bfloat16,32768,2,1,1.1977173487345378,0.13129119873046874,279040,75497472,0.004783360753208399
10,16,2,8,decode,bfloat16,32768,4,1,1.1921493212382,0.1352463960647583,557568,150994944,0.004783360753208399
10,16,2,8,decode,bfloat16,32768,16,1,1.0863146781921387,0.217193603515625,2230272,603979776,0.004783360753208399
10,16,2,8,decode,bfloat16,131072,2,1,1.2111999988555908,0.1663151979446411,279040,301989888,0.004783360753208399
10,16,2,8,decode,bfloat16,131072,4,1,1.2148053646087646,0.21692800521850586,557568,603979776,0.004783360753208399
10,16,2,8,decode,bfloat16,131072,16,1,1.0825173060099285,0.5212063789367676,2230272,2415919104,0.004783360753208399
10,16,2,8,decode,bfloat16,524288,2,1,1.2237652937571208,0.3222559928894043,279040,1207959552,0.004783360753208399
10,16,2,8,decode,bfloat16,524288,4,1,1.2231573263804119,0.5247807979583741,557568,2415919104,0.004783360753208399
10,16,2,8,decode,bfloat16,524288,16,1,2.0465280214945474,1.8718528747558594,2230272,9663676416,0.004783360753208399
10,16,2,8,decode,bfloat16,1048576,2,1,1.2291626930236816,0.5407599925994873,279040,2415919104,0.004783360753208399
10,16,2,8,decode,bfloat16,1048576,4,1,1.3218453725179036,0.9342096328735352,557568,4831838208,0.004783360753208399
10,16,2,8,decode,bfloat16,1048576,16,1,3.543936093648275,3.700936126708984,2230272,19327352832,0.004783360753208399
10,16,1,16,decode,fp8_e4m3,1024,2,1,1.0083839893341064,0.13405280113220214,824832,1179648,0.034656696021556854
10,16,1,16,decode,fp8_e4m3,1024,4,1,1.0179946422576904,0.1343119978904724,1649152,2359296,0.034656696021556854
10,16,1,16,decode,fp8_e4m3,1024,16,1,0.945909341176351,0.1414191961288452,7579648,9437184,0.034656696021556854
10,16,1,16,decode,fp8_e4m3,8192,2,1,1.0349760055541992,0.14192960262298585,824832,9437184,0.034656696021556854
10,16,1,16,decode,fp8_e4m3,8192,4,1,1.0357013543446858,0.14317760467529297,1649152,18874368,0.034656696021556854
10,16,1,16,decode,fp8_e4m3,8192,16,1,0.8985599676767985,0.15375200510025025,7579648,75497472,0.034656696021556854
10,16,1,16,decode,fp8_e4m3,32768,2,1,1.0163733164469402,0.14864959716796874,824832,37748736,0.034656696021556854
10,16,1,16,decode,fp8_e4m3,32768,4,1,1.011296033859253,0.15146559476852417,1649152,75497472,0.034656696021556854
10,16,1,16,decode,fp8_e4m3,32768,16,1,0.930506706237793,0.19487199783325196,7579648,301989888,0.034656696021556854
10,16,1,16,decode,fp8_e4m3,131072,2,1,1.0135680039723713,0.16554239988327027,824832,150994944,0.034656696021556854
10,16,1,16,decode,fp8_e4m3,131072,4,1,1.021066665649414,0.19144320487976074,1649152,301989888,0.034656696021556854
10,16,1,16,decode,fp8_e4m3,131072,16,1,0.9209813276926676,0.36948480606079104,7579648,1207959552,0.034656696021556854
10,16,1,16,decode,fp8_e4m3,524288,2,1,1.0260480244954426,0.24837760925292968,824832,603979776,0.034656696021556854
10,16,1,16,decode,fp8_e4m3,524288,4,1,1.008138656616211,0.3608848094940186,1649152,1207959552,0.034656696021556854
10,16,1,16,decode,fp8_e4m3,524288,16,1,1.3430506388346355,1.2454832077026368,7579648,4831838208,0.034656696021556854
10,16,1,16,decode,fp8_e4m3,1048576,2,1,1.0435093243916829,0.3569247961044312,824832,1207959552,0.034656696021556854
10,16,1,16,decode,fp8_e4m3,1048576,4,1,1.1238933404286702,0.5857391834259034,1649152,2415919104,0.034656696021556854
10,16,1,16,decode,fp8_e4m3,1048576,16,1,2.3092692693074546,2.5324703216552735,7579648,9663676416,0.034656696021556854
10,16,1,16,decode,bfloat16,1024,2,1,1.0049386819203694,0.13275840282440185,861696,2359296,0.004290093667805195
10,16,1,16,decode,bfloat16,1024,4,1,1.0007253487904866,0.13568480014801027,1722880,4718592,0.004290093667805195
10,16,1,16,decode,bfloat16,1024,16,1,0.8800426324208578,0.14655200242996216,6891520,18874368,0.004290093667805195
10,16,1,16,decode,bfloat16,8192,2,1,0.9426666895548502,0.14870719909667968,861696,18874368,0.004290093667805195
10,16,1,16,decode,bfloat16,8192,4,1,0.9869759877522787,0.13768800497055053,1722880,37748736,0.004290093667805195
10,16,1,16,decode,bfloat16,8192,16,1,0.8346772988637289,0.1612223982810974,6891520,150994944,0.004290093667805195
10,16,1,16,decode,bfloat16,32768,2,1,0.9270400206247965,0.14632799625396728,861696,75497472,0.004290093667805195
10,16,1,16,decode,bfloat16,32768,4,1,0.9792213439941406,0.15845600366592408,1722880,150994944,0.004290093667805195
10,16,1,16,decode,bfloat16,32768,16,1,0.8935039838155111,0.2409519910812378,6891520,603979776,0.004290093667805195
10,16,1,16,decode,bfloat16,131072,2,1,0.968565305074056,0.1848288059234619,861696,301989888,0.004290093667805195
10,16,1,16,decode,bfloat16,131072,4,1,0.9356799920399984,0.23272960186004638,1722880,603979776,0.004290093667805195
10,16,1,16,decode,bfloat16,131072,16,1,0.9828693072001139,0.5674543857574463,6891520,2415919104,0.004290093667805195
10,16,1,16,decode,bfloat16,524288,2,1,0.9688213666280111,0.3352576017379761,861696,1207959552,0.004290093667805195
10,16,1,16,decode,bfloat16,524288,4,1,1.0676159858703613,0.5383567810058594,1722880,2415919104,0.004290093667805195
10,16,1,16,decode,bfloat16,524288,16,1,2.080351988474528,2.024875259399414,6891520,9663676416,0.004290093667805195
10,16,1,16,decode,bfloat16,1048576,2,1,1.0705920060475667,0.5399712085723877,861696,2415919104,0.004290093667805195
10,16,1,16,decode,bfloat16,1048576,4,1,1.162933349609375,0.970246410369873,1722880,4831838208,0.004290093667805195
10,16,1,16,decode,bfloat16,1048576,16,1,3.8396266301472983,4.20898551940918,6891520,19327352832,0.004290093667805195
11,16,16,1,decode,fp8_e4m3,1024,2,1,1.8399359385172527,0.11399040222167969,61952,1179648,0.03509664535522461
11,16,16,1,decode,fp8_e4m3,1024,4,1,1.8483947118123372,0.1156607985496521,123392,2359296,0.03509664535522461
11,16,16,1,decode,fp8_e4m3,1024,16,1,1.5371306737263997,0.1098863959312439,493568,9437184,0.03509664535522461
11,16,16,1,decode,fp8_e4m3,8192,2,1,1.5355092684427898,0.1165887951850891,61952,9437184,0.03509664535522461
11,16,16,1,decode,fp8_e4m3,8192,4,1,1.6885439554850261,0.11963839530944824,123392,18874368,0.03509664535522461
11,16,16,1,decode,fp8_e4m3,8192,16,1,1.5112427075703938,0.14720640182495118,493568,75497472,0.03509664535522461
11,16,16,1,decode,fp8_e4m3,32768,2,1,1.7458772659301758,0.13240000009536743,61952,37748736,0.03509664535522461
11,16,16,1,decode,fp8_e4m3,32768,4,1,1.796895980834961,0.14710400104522706,123392,75497472,0.03509664535522461
11,16,16,1,decode,fp8_e4m3,32768,16,1,1.5174612998962402,0.1826848030090332,493568,301989888,0.03509664535522461
11,16,16,1,decode,fp8_e4m3,131072,2,1,1.7688320477803547,0.16115520000457764,61952,150994944,0.03509664535522461
11,16,16,1,decode,fp8_e4m3,131072,4,1,1.7649812698364258,0.17967840433120727,123392,301989888,0.03509664535522461
11,16,16,1,decode,fp8_e4m3,131072,16,1,1.5517973899841309,0.30792319774627686,493568,1207959552,0.03509664535522461
11,16,16,1,decode,fp8_e4m3,524288,2,1,1.8209279378255208,0.22385120391845703,61952,603979776,0.03509664535522461
11,16,16,1,decode,fp8_e4m3,524288,4,1,1.8074026107788086,0.3030416011810303,123392,1207959552,0.03509664535522461
11,16,16,1,decode,fp8_e4m3,524288,16,1,1.5458772977193196,0.8134832382202148,493568,4831838208,0.03509664535522461
11,16,16,1,decode,fp8_e4m3,1048576,2,1,1.82477871576945,0.30686559677124026,61952,1207959552,0.03509664535522461
11,16,16,1,decode,fp8_e4m3,1048576,4,1,1.7490132649739583,0.4688591957092285,123392,2415919104,0.03509664535522461
11,16,16,1,decode,fp8_e4m3,1048576,16,1,1.7658665974934895,1.4982848167419434,493568,9663676416,0.03509664535522461
11,16,16,1,decode,bfloat16,1024,2,1,1.7070186932881672,0.10799200534820556,61952,2359296,0.006898726802319288
11,16,16,1,decode,bfloat16,1024,4,1,1.6746880213419597,0.11064800024032592,123392,4718592,0.006898726802319288
11,16,16,1,decode,bfloat16,1024,16,1,1.4812480608622234,0.11340320110321045,493568,18874368,0.006898726802319288
11,16,16,1,decode,bfloat16,8192,2,1,1.6958613395690918,0.1169551968574524,61952,18874368,0.006898726802319288
11,16,16,1,decode,bfloat16,8192,4,1,1.6923839251200359,0.12503679990768432,123392,37748736,0.006898726802319288
11,16,16,1,decode,bfloat16,8192,16,1,1.4573012987772624,0.1603775978088379,493568,150994944,0.006898726802319288
11,16,16,1,decode,bfloat16,32768,2,1,1.722943941752116,0.14861600399017333,61952,75497472,0.006898726802319288
11,16,16,1,decode,bfloat16,32768,4,1,1.4778666496276855,0.1566655993461609,123392,150994944,0.006898726802319288
11,16,16,1,decode,bfloat16,32768,16,1,1.457141399383545,0.23582561016082765,493568,603979776,0.006898726802319288
11,16,16,1,decode,bfloat16,131072,2,1,1.5206079483032227,0.18536640405654908,61952,301989888,0.006898726802319288
11,16,16,1,decode,bfloat16,131072,4,1,1.7019093831380208,0.23071999549865724,123392,603979776,0.006898726802319288
11,16,16,1,decode,bfloat16,131072,16,1,1.2205653190612793,0.527950382232666,493568,2415919104,0.006898726802319288
11,16,16,1,decode,bfloat16,524288,2,1,1.6716586748758953,0.3324496030807495,61952,1207959552,0.006898726802319288
11,16,16,1,decode,bfloat16,524288,4,1,1.733781337738037,0.5341983795166015,123392,2415919104,0.006898726802319288
11,16,16,1,decode,bfloat16,524288,16,1,2.0931199391682944,1.7917360305786132,493568,9663676416,0.006898726802319288
11,16,16,1,decode,bfloat16,1048576,2,1,1.7863680521647136,0.5431791782379151,61952,2415919104,0.006898726802319288
11,16,16,1,decode,bfloat16,1048576,4,1,1.84878937403361,0.9176624298095704,123392,4831838208,0.006898726802319288
11,16,16,1,decode,bfloat16,1048576,16,1,15.29159418741862,3.3514144897460936,493568,19327352832,0.006898726802319288
11,16,8,2,decode,fp8_e4m3,1024,2,1,1.942303975423177,0.09375200271606446,87040,1179648,0.03501495346426964
11,16,8,2,decode,fp8_e4m3,1024,4,1,1.9230400721232097,0.09633119702339173,173568,2359296,0.03501495346426964
11,16,8,2,decode,fp8_e4m3,1024,16,1,1.499765396118164,0.10396159887313842,694272,9437184,0.03501495346426964
11,16,8,2,decode,fp8_e4m3,8192,2,1,1.3909227053324382,0.10187679529190063,87040,9437184,0.03501495346426964
11,16,8,2,decode,fp8_e4m3,8192,4,1,1.933311939239502,0.10603200197219849,173568,18874368,0.03501495346426964
11,16,8,2,decode,fp8_e4m3,8192,16,1,1.009440024693807,0.12355200052261353,694272,75497472,0.03501495346426964
11,16,8,2,decode,fp8_e4m3,32768,2,1,1.3701759974161785,0.1190559983253479,87040,37748736,0.03501495346426964
11,16,8,2,decode,fp8_e4m3,32768,4,1,1.3412480354309082,0.12567520141601562,173568,75497472,0.03501495346426964
11,16,8,2,decode,fp8_e4m3,32768,16,1,1.3423360188802083,0.15737600326538087,694272,301989888,0.03501495346426964
11,16,8,2,decode,fp8_e4m3,131072,2,1,1.8873920440673828,0.13955520391464232,87040,150994944,0.03501495346426964
11,16,8,2,decode,fp8_e4m3,131072,4,1,1.677504062652588,0.15768959522247314,173568,301989888,0.03501495346426964
11,16,8,2,decode,fp8_e4m3,131072,16,1,1.0133972962697346,0.2819200038909912,694272,1207959552,0.03501495346426964
11,16,8,2,decode,fp8_e4m3,524288,2,1,1.3810879389444988,0.20493121147155763,87040,603979776,0.03501495346426964
11,16,8,2,decode,fp8_e4m3,524288,4,1,1.8250773747762044,0.28324480056762696,173568,1207959552,0.03501495346426964
11,16,8,2,decode,fp8_e4m3,524288,16,1,1.1432106494903564,0.7894256114959717,694272,4831838208,0.03501495346426964
11,16,8,2,decode,fp8_e4m3,1048576,2,1,1.3402880032857258,0.287611198425293,87040,1207959552,0.03501495346426964
11,16,8,2,decode,fp8_e4m3,1048576,4,1,1.3429333368937175,0.4483808040618896,173568,2415919104,0.03501495346426964
11,16,8,2,decode,fp8_e4m3,1048576,16,1,1.693365255991618,1.4719136238098145,694272,9663676416,0.03501495346426964
11,16,8,2,decode,bfloat16,1024,2,1,1.7931626637776692,0.09145600199699402,86528,2359296,0.006444955710321665
11,16,8,2,decode,bfloat16,1024,4,1,1.3232746918996174,0.09461280107498168,172544,4718592,0.006444955710321665
11,16,8,2,decode,bfloat16,1024,16,1,0.9794452985127767,0.10745439529418946,690176,18874368,0.006444955710321665
11,16,8,2,decode,bfloat16,8192,2,1,1.293183962504069,0.10491679906845093,86528,18874368,0.006444955710321665
11,16,8,2,decode,bfloat16,8192,4,1,1.3483093579610188,0.11047040224075318,172544,37748736,0.006444955710321665
11,16,8,2,decode,bfloat16,8192,16,1,1.422602653503418,0.1338495969772339,690176,150994944,0.006444955710321665
11,16,8,2,decode,bfloat16,32768,2,1,1.869706630706787,0.12681440114974976,86528,75497472,0.006444955710321665
11,16,8,2,decode,bfloat16,32768,4,1,1.8363626797993977,0.13670560121536254,172544,150994944,0.006444955710321665
11,16,8,2,decode,bfloat16,32768,16,1,0.9899733066558838,0.21058239936828613,690176,603979776,0.006444955710321665
11,16,8,2,decode,bfloat16,131072,2,1,2.007530689239502,0.16441919803619384,86528,301989888,0.006444955710321665
11,16,8,2,decode,bfloat16,131072,4,1,1.3638292948404949,0.2122112035751343,172544,603979776,0.006444955710321665
11,16,8,2,decode,bfloat16,131072,16,1,1.0171733697255452,0.5074207782745361,690176,2415919104,0.006444955710321665
11,16,8,2,decode,bfloat16,524288,2,1,1.3833707173665364,0.32412960529327395,86528,1207959552,0.006444955710321665
11,16,8,2,decode,bfloat16,524288,4,1,1.339039961496989,0.5091760158538818,172544,2415919104,0.006444955710321665
11,16,8,2,decode,bfloat16,524288,16,1,2.0923412640889487,1.7715887069702148,690176,9663676416,0.006444955710321665
11,16,8,2,decode,bfloat16,1048576,2,1,1.4638187090555828,0.5134096145629883,86528,2415919104,0.006444955710321665
11,16,8,2,decode,bfloat16,1048576,4,1,1.5466240247090657,0.9073216438293457,172544,4831838208,0.006444955710321665
11,16,8,2,decode,bfloat16,1048576,16,1,3.4780588150024414,3.2487743377685545,690176,19327352832,0.006444955710321665
11,16,4,4,decode,fp8_e4m3,1024,2,1,1.5614186922709148,0.10675840377807617,213504,1179648,0.03481585159897804
11,16,4,4,decode,fp8_e4m3,1024,4,1,1.6206080118815105,0.10753599405288697,425472,2359296,0.03481585159897804
11,16,4,4,decode,fp8_e4m3,1024,16,1,1.387722651163737,0.11221280097961425,1699840,9437184,0.03481585159897804
11,16,4,4,decode,fp8_e4m3,8192,2,1,1.558677355448405,0.11340320110321045,213504,9437184,0.03481585159897804
11,16,4,4,decode,fp8_e4m3,8192,4,1,1.5826346079508464,0.11376479864120484,425472,18874368,0.03481585159897804
11,16,4,4,decode,fp8_e4m3,8192,16,1,1.4324480692545574,0.12999360561370848,1699840,75497472,0.03481585159897804
11,16,4,4,decode,fp8_e4m3,32768,2,1,1.5721599260965984,0.12196320295333862,213504,37748736,0.03481585159897804
11,16,4,4,decode,fp8_e4m3,32768,4,1,1.5382612546284993,0.12833919525146484,425472,75497472,0.03481585159897804
11,16,4,4,decode,fp8_e4m3,32768,16,1,1.405845324198405,0.18224960565567017,1699840,301989888,0.03481585159897804
11,16,4,4,decode,fp8_e4m3,131072,2,1,1.4099094072977703,0.14637279510498047,213504,150994944,0.03481585159897804
11,16,4,4,decode,fp8_e4m3,131072,4,1,1.583562692006429,0.17470719814300537,425472,301989888,0.03481585159897804
11,16,4,4,decode,fp8_e4m3,131072,16,1,1.4002879460652669,0.3927743911743164,1699840,1207959552,0.03481585159897804
11,16,4,4,decode,fp8_e4m3,524288,2,1,1.5836373964945476,0.24091200828552245,213504,603979776,0.03481585159897804
11,16,4,4,decode,fp8_e4m3,524288,4,1,1.5974613825480144,0.36669440269470216,425472,1207959552,0.03481585159897804
11,16,4,4,decode,fp8_e4m3,524288,16,1,1.6517972946166992,1.221555233001709,1699840,4831838208,0.03481585159897804
11,16,4,4,decode,fp8_e4m3,1048576,2,1,1.3767679532368977,0.3666271924972534,213504,1207959552,0.03481585159897804
11,16,4,4,decode,fp8_e4m3,1048576,4,1,1.6306346257527669,0.6050784111022949,425472,2415919104,0.03481585159897804
11,16,4,4,decode,fp8_e4m3,1048576,16,1,2.6551040013631186,2.525246429443359,1699840,9663676416,0.03481585159897804
11,16,4,4,decode,bfloat16,1024,2,1,1.4988053639729817,0.10448160171508789,222720,2359296,0.005524782929569483
11,16,4,4,decode,bfloat16,1024,4,1,1.52894926071167,0.105132794380188,443904,4718592,0.005524782929569483
11,16,4,4,decode,bfloat16,1024,16,1,1.3506879806518555,0.10972479581832886,1773568,18874368,0.005524782929569483
11,16,4,4,decode,bfloat16,8192,2,1,1.5171093940734863,0.11155680418014527,222720,18874368,0.005524782929569483
11,16,4,4,decode,bfloat16,8192,4,1,1.532277266184489,0.11612160205841064,443904,37748736,0.005524782929569483
11,16,4,4,decode,bfloat16,8192,16,1,1.3457279205322266,0.14947839975357055,1773568,150994944,0.005524782929569483
11,16,4,4,decode,bfloat16,32768,2,1,1.5716692606608074,0.12838720083236693,222720,75497472,0.005524782929569483
11,16,4,4,decode,bfloat16,32768,4,1,1.5254933039347331,0.1435520052909851,443904,150994944,0.005524782929569483
11,16,4,4,decode,bfloat16,32768,16,1,1.3740800221761067,0.2654272079467773,1773568,603979776,0.005524782929569483
11,16,4,4,decode,bfloat16,131072,2,1,1.4914453824361165,0.17897599935531616,222720,301989888,0.005524782929569483
11,16,4,4,decode,bfloat16,131072,4,1,1.5408639907836914,0.24653759002685546,443904,603979776,0.005524782929569483
11,16,4,4,decode,bfloat16,131072,16,1,1.432213306427002,0.7287615776062012,1773568,2415919104,0.005524782929569483
11,16,4,4,decode,bfloat16,524288,2,1,1.553258736928304,0.38509440422058105,222720,1207959552,0.005524782929569483
11,16,4,4,decode,bfloat16,524288,4,1,1.592949390411377,0.6502352237701416,443904,2415919104,0.005524782929569483
11,16,4,4,decode,bfloat16,524288,16,1,2.874506632486979,2.596588706970215,1773568,9663676416,0.005524782929569483
11,16,4,4,decode,bfloat16,1048576,2,1,1.488320032755534,0.6485583782196045,222720,2415919104,0.005524782929569483
11,16,4,4,decode,bfloat16,1048576,4,1,1.748960018157959,1.1896400451660156,443904,4831838208,0.005524782929569483
11,16,4,4,decode,bfloat16,1048576,16,1,5.3067731857299805,5.067192077636719,1773568,19327352832,0.005524782929569483
11,16,2,8,decode,fp8_e4m3,1024,2,1,1.3518400192260742,0.10578080415725707,322048,1179648,0.03470971807837486
11,16,2,8,decode,fp8_e4m3,1024,4,1,1.2637226581573486,0.106331205368042,643584,2359296,0.03470971807837486
11,16,2,8,decode,fp8_e4m3,1024,16,1,1.13372802734375,0.12003840208053589,2574336,9437184,0.03470971807837486
11,16,2,8,decode,fp8_e4m3,8192,2,1,1.240554650624593,0.11132320165634155,322048,9437184,0.03470971807837486
11,16,2,8,decode,fp8_e4m3,8192,4,1,1.27182936668396,0.11631360054016113,643584,18874368,0.03470971807837486
11,16,2,8,decode,fp8_e4m3,8192,16,1,1.088800032933553,0.1309615969657898,2574336,75497472,0.03470971807837486
11,16,2,8,decode,fp8_e4m3,32768,2,1,1.236074686050415,0.1257680058479309,322048,37748736,0.03470971807837486
11,16,2,8,decode,fp8_e4m3,32768,4,1,1.2291413148244221,0.12720320224761963,643584,75497472,0.03470971807837486
11,16,2,8,decode,fp8_e4m3,32768,16,1,1.12608003616333,0.17193440198898316,2574336,301989888,0.03470971807837486
11,16,2,8,decode,fp8_e4m3,131072,2,1,1.2302079995473225,0.14560480117797853,322048,150994944,0.03470971807837486
11,16,2,8,decode,fp8_e4m3,131072,4,1,1.2455146312713623,0.1669376015663147,643584,301989888,0.03470971807837486
11,16,2,8,decode,fp8_e4m3,131072,16,1,1.113162676493327,0.330731201171875,2574336,1207959552,0.03470971807837486
11,16,2,8,decode,fp8_e4m3,524288,2,1,1.2570239702860515,0.22660479545593262,322048,603979776,0.03470971807837486
11,16,2,8,decode,fp8_e4m3,524288,4,1,1.2688533465067546,0.3254944086074829,643584,1207959552,0.03470971807837486
11,16,2,8,decode,fp8_e4m3,524288,16,1,1.2733439604441326,0.9829343795776367,2574336,4831838208,0.03470971807837486
11,16,2,8,decode,fp8_e4m3,1048576,2,1,1.2189866701761882,0.3301743984222412,322048,1207959552,0.03470971807837486
11,16,2,8,decode,fp8_e4m3,1048576,4,1,1.2359146277109783,0.5349887847900391,643584,2415919104,0.03470971807837486
11,16,2,8,decode,fp8_e4m3,1048576,16,1,2.0379093488057456,1.9966943740844727,2574336,9663676416,0.03470971807837486
11,16,2,8,decode,bfloat16,1024,2,1,1.21561598777771,0.10264639854431153,279040,2359296,0.004783360753208399
11,16,2,8,decode,bfloat16,1024,4,1,1.2126186688741047,0.10350559949874878,557568,4718592,0.004783360753208399
11,16,2,8,decode,bfloat16,1024,16,1,1.0429226557413738,0.12023040056228637,2230272,18874368,0.004783360753208399
11,16,2,8,decode,bfloat16,8192,2,1,1.2045546372731526,0.11321120262145996,279040,18874368,0.004783360753208399
11,16,2,8,decode,bfloat16,8192,4,1,1.1801066398620605,0.11902079582214356,557568,37748736,0.004783360753208399
11,16,2,8,decode,bfloat16,8192,16,1,1.0555413564046223,0.1417072057723999,2230272,150994944,0.004783360753208399
11,16,2,8,decode,bfloat16,32768,2,1,1.1986666520436604,0.13109920024871827,279040,75497472,0.004783360753208399
11,16,2,8,decode,bfloat16,32768,4,1,1.1872320175170898,0.13534400463104249,557568,150994944,0.004783360753208399
11,16,2,8,decode,bfloat16,32768,16,1,1.0910293261210124,0.2170367956161499,2230272,603979776,0.004783360753208399
11,16,2,8,decode,bfloat16,131072,2,1,1.21342937151591,0.16630239486694337,279040,301989888,0.004783360753208399
11,16,2,8,decode,bfloat16,131072,4,1,1.2179946899414062,0.21668319702148436,557568,603979776,0.004783360753208399
11,16,2,8,decode,bfloat16,131072,16,1,1.0828159650166829,0.5210768222808838,2230272,2415919104,0.004783360753208399
11,16,2,8,decode,bfloat16,524288,2,1,1.2251946926116943,0.3221823930740356,279040,1207959552,0.004783360753208399
11,16,2,8,decode,bfloat16,524288,4,1,1.2120959758758545,0.524835205078125,557568,2415919104,0.004783360753208399
11,16,2,8,decode,bfloat16,524288,16,1,2.0453759829203286,1.8717359542846679,2230272,9663676416,0.004783360753208399
11,16,2,8,decode,bfloat16,1048576,2,1,1.2205973466237385,0.5407616138458252,279040,2415919104,0.004783360753208399
11,16,2,8,decode,bfloat16,1048576,4,1,1.3208106358846028,0.9340991973876953,557568,4831838208,0.004783360753208399
11,16,2,8,decode,bfloat16,1048576,16,1,3.542751948038737,3.7008945465087892,2230272,19327352832,0.004783360753208399
11,16,1,16,decode,fp8_e4m3,1024,2,1,1.0940907001495361,0.13323040008544923,824832,1179648,0.034656696021556854
11,16,1,16,decode,fp8_e4m3,1024,4,1,1.0285653273264568,0.1356271982192993,1649152,2359296,0.034656696021556854
11,16,1,16,decode,fp8_e4m3,1024,16,1,0.9472320079803467,0.14151999950408936,7579648,9437184,0.034656696021556854
11,16,1,16,decode,fp8_e4m3,8192,2,1,1.0336106618245442,0.1424175977706909,824832,9437184,0.034656696021556854
11,16,1,16,decode,fp8_e4m3,8192,4,1,1.0265066623687744,0.14274560213088988,1649152,18874368,0.034656696021556854
11,16,1,16,decode,fp8_e4m3,8192,16,1,0.9236160119374593,0.15388480424880982,7579648,75497472,0.034656696021556854
11,16,1,16,decode,fp8_e4m3,32768,2,1,1.0121599833170574,0.14885120391845702,824832,37748736,0.034656696021556854
11,16,1,16,decode,fp8_e4m3,32768,4,1,0.990506649017334,0.15259840488433837,1649152,75497472,0.034656696021556854
11,16,1,16,decode,fp8_e4m3,32768,16,1,0.9306026299794515,0.19633280038833617,7579648,301989888,0.034656696021556854
11,16,1,16,decode,fp8_e4m3,131072,2,1,1.0084373156229656,0.16722240447998046,824832,150994944,0.034656696021556854
11,16,1,16,decode,fp8_e4m3,131072,4,1,0.9851306279500326,0.19277280569076538,1649152,301989888,0.034656696021556854
11,16,1,16,decode,fp8_e4m3,131072,16,1,0.9453333218892416,0.38517279624938966,7579648,1207959552,0.034656696021556854
11,16,1,16,decode,fp8_e4m3,524288,2,1,1.041599988937378,0.24897119998931885,824832,603979776,0.034656696021556854
11,16,1,16,decode,fp8_e4m3,524288,4,1,1.0109333197275798,0.36212480068206787,1649152,1207959552,0.034656696021556854
11,16,1,16,decode,fp8_e4m3,524288,16,1,1.3845225969950359,1.1715824127197265,7579648,4831838208,0.034656696021556854
11,16,1,16,decode,fp8_e4m3,1048576,2,1,1.0111786524454753,0.3571408033370972,824832,1207959552,0.034656696021556854
11,16,1,16,decode,fp8_e4m3,1048576,4,1,1.0990506807963054,0.5923456192016602,1649152,2415919104,0.034656696021556854
11,16,1,16,decode,fp8_e4m3,1048576,16,1,2.4070186614990234,2.7284351348876954,7579648,9663676416,0.034656696021556854
11,16,1,16,decode,bfloat16,1024,2,1,0.9798293113708496,0.1322383999824524,861696,2359296,0.004290093667805195
11,16,1,16,decode,bfloat16,1024,4,1,0.9688426653544108,0.13534560203552246,1722880,4718592,0.004290093667805195
11,16,1,16,decode,bfloat16,1024,16,1,0.8741652965545654,0.14631680250167847,6891520,18874368,0.004290093667805195
11,16,1,16,decode,bfloat16,8192,2,1,0.9896213213602701,0.14799679517745973,861696,18874368,0.004290093667805195
11,16,1,16,decode,bfloat16,8192,4,1,0.9652053515116373,0.13903199434280394,1722880,37748736,0.004290093667805195
11,16,1,16,decode,bfloat16,8192,16,1,0.8811306953430176,0.16057920455932617,6891520,150994944,0.004290093667805195
11,16,1,16,decode,bfloat16,32768,2,1,0.9891839822133383,0.14754079580307006,861696,75497472,0.004290093667805195
11,16,1,16,decode,bfloat16,32768,4,1,0.9858559767405192,0.15943360328674316,1722880,150994944,0.004290093667805195
11,16,1,16,decode,bfloat16,32768,16,1,0.846997340520223,0.24271199703216553,6891520,603979776,0.004290093667805195
11,16,1,16,decode,bfloat16,131072,2,1,0.9419733683268229,0.18679039478302,861696,301989888,0.004290093667805195
11,16,1,16,decode,bfloat16,131072,4,1,0.9800960222880045,0.23579680919647217,1722880,603979776,0.004290093667805195
11,16,1,16,decode,bfloat16,131072,16,1,0.9706026713053385,0.5727312088012695,6891520,2415919104,0.004290093667805195
11,16,1,16,decode,bfloat16,524288,2,1,0.9926079909006754,0.34018559455871583,861696,1207959552,0.004290093667805195
11,16,1,16,decode,bfloat16,524288,4,1,1.0758079687754314,0.5462160110473633,1722880,2415919104,0.004290093667805195
11,16,1,16,decode,bfloat16,524288,16,1,2.128789265950521,2.1430511474609375,6891520,9663676416,0.004290093667805195
11,16,1,16,decode,bfloat16,1048576,2,1,1.0896639823913574,0.5870143890380859,861696,2415919104,0.004290093667805195
11,16,1,16,decode,bfloat16,1048576,4,1,1.263914664586385,1.0158143997192384,1722880,4831838208,0.004290093667805195
11,16,1,16,decode,bfloat16,1048576,16,1,3.934314727783203,4.509988784790039,6891520,19327352832,0.004290093667805195
12,16,16,1,decode,fp8_e4m3,1024,2,1,1.8299946784973145,0.11353119611740112,61952,1179648,0.03509664535522461
12,16,16,1,decode,fp8_e4m3,1024,4,1,1.8464639981587727,0.1151087999343872,123392,2359296,0.03509664535522461
12,16,16,1,decode,fp8_e4m3,1024,16,1,1.5343359311421711,0.10936319828033447,493568,9437184,0.03509664535522461
12,16,16,1,decode,fp8_e4m3,8192,2,1,1.5343252817789714,0.11633919477462769,61952,9437184,0.03509664535522461
12,16,16,1,decode,fp8_e4m3,8192,4,1,1.6857600212097168,0.11934080123901367,123392,18874368,0.03509664535522461
12,16,16,1,decode,fp8_e4m3,8192,16,1,1.5048319498697917,0.14650399684906007,493568,75497472,0.03509664535522461
12,16,16,1,decode,fp8_e4m3,32768,2,1,1.7435839970906575,0.13210560083389283,61952,37748736,0.03509664535522461
12,16,16,1,decode,fp8_e4m3,32768,4,1,1.7936852773030598,0.14620800018310548,123392,75497472,0.03509664535522461
12,16,16,1,decode,fp8_e4m3,32768,16,1,1.514645258585612,0.18213599920272827,493568,301989888,0.03509664535522461
12,16,16,1,decode,fp8_e4m3,131072,2,1,1.766485373179118,0.16008800268173218,61952,150994944,0.03509664535522461
12,16,16,1,decode,fp8_e4m3,131072,4,1,1.762389341990153,0.1793231964111328,123392,301989888,0.03509664535522461
12,16,16,1,decode,fp8_e4m3,131072,16,1,1.549066702524821,0.30702240467071534,493568,1207959552,0.03509664535522461
12,16,16,1,decode,fp8_e4m3,524288,2,1,1.8194559415181477,0.22352321147918702,61952,603979776,0.03509664535522461
12,16,16,1,decode,fp8_e4m3,524288,4,1,1.805557409922282,0.3026367902755737,123392,1207959552,0.03509664535522461
12,16,16,1,decode,fp8_e4m3,524288,16,1,1.5436266263326008,0.812507152557373,493568,4831838208,0.03509664535522461
12,16,16,1,decode,fp8_e4m3,1048576,2,1,1.8238186836242676,0.30643200874328613,61952,1207959552,0.03509664535522461
12,16,16,1,decode,fp8_e4m3,1048576,4,1,1.7458240191141765,0.46858878135681153,123392,2415919104,0.03509664535522461
12,16,16,1,decode,fp8_e4m3,1048576,16,1,1.7635413805643718,1.4976079940795899,493568,9663676416,0.03509664535522461
12,16,16,1,decode,bfloat16,1024,2,1,1.7048640251159668,0.10756000280380248,61952,2359296,0.006898726802319288
12,16,16,1,decode,bfloat16,1024,4,1,1.6715092658996582,0.11022080183029175,123392,4718592,0.006898726802319288
12,16,16,1,decode,bfloat16,1024,16,1,1.478816032409668,0.11321120262145996,493568,18874368,0.006898726802319288
12,16,16,1,decode,bfloat16,8192,2,1,1.6939627329508464,0.11648479700088502,61952,18874368,0.006898726802319288
12,16,16,1,decode,bfloat16,8192,4,1,1.689557393391927,0.12475520372390747,123392,37748736,0.006898726802319288
12,16,16,1,decode,bfloat16,8192,16,1,1.4537919362386067,0.1596992015838623,493568,150994944,0.006898726802319288
12,16,16,1,decode,bfloat16,32768,2,1,1.721343994140625,0.1478000044822693,61952,75497472,0.006898726802319288
12,16,16,1,decode,bfloat16,32768,4,1,1.4764906565348308,0.15628960132598876,123392,150994944,0.006898726802319288
12,16,16,1,decode,bfloat16,32768,16,1,1.4552853902180989,0.2351088047027588,493568,603979776,0.006898726802319288
12,16,16,1,decode,bfloat16,131072,2,1,1.518954594930013,0.18515199422836304,61952,301989888,0.006898726802319288
12,16,16,1,decode,bfloat16,131072,4,1,1.6995733578999836,0.23049440383911132,123392,603979776,0.006898726802319288
12,16,16,1,decode,bfloat16,131072,16,1,1.2181653181711833,0.5275760173797608,493568,2415919104,0.006898726802319288
12,16,16,1,decode,bfloat16,524288,2,1,1.6707520484924316,0.3320080041885376,61952,1207959552,0.006898726802319288
12,16,16,1,decode,bfloat16,524288,4,1,1.7312960624694824,0.5340047836303711,123392,2415919104,0.006898726802319288
12,16,16,1,decode,bfloat16,524288,16,1,2.0895360310872397,1.7914543151855469,493568,9663676416,0.006898726802319288
12,16,16,1,decode,bfloat16,1048576,2,1,1.7811627388000488,0.5428927898406982,61952,2415919104,0.006898726802319288
12,16,16,1,decode,bfloat16,1048576,4,1,1.8474666277567546,0.9169759750366211,123392,4831838208,0.006898726802319288
12,16,16,1,decode,bfloat16,1048576,16,1,15.288064320882162,3.3509536743164063,493568,19327352832,0.006898726802319288
12,16,8,2,decode,fp8_e4m3,1024,2,1,1.9415359497070312,0.09344639778137206,87040,1179648,0.03501495346426964
12,16,8,2,decode,fp8_e4m3,1024,4,1,1.9205333391825359,0.09587680101394654,173568,2359296,0.03501495346426964
12,16,8,2,decode,fp8_e4m3,1024,16,1,1.4970240592956543,0.10373280048370362,694272,9437184,0.03501495346426964
12,16,8,2,decode,fp8_e4m3,8192,2,1,1.3950293858846028,0.10164639949798585,87040,9437184,0.03501495346426964
12,16,8,2,decode,fp8_e4m3,8192,4,1,1.9313920338948567,0.1058575987815857,173568,18874368,0.03501495346426964
12,16,8,2,decode,fp8_e4m3,8192,16,1,1.0129280090332031,0.12333760261535645,694272,75497472,0.03501495346426964
12,16,8,2,decode,fp8_e4m3,32768,2,1,1.3665173848470051,0.11880799531936645,87040,37748736,0.03501495346426964
12,16,8,2,decode,fp8_e4m3,32768,4,1,1.3437760670979817,0.1254464030265808,173568,75497472,0.03501495346426964
12,16,8,2,decode,fp8_e4m3,32768,16,1,1.3325119813283284,0.1571071982383728,694272,301989888,0.03501495346426964
12,16,8,2,decode,fp8_e4m3,131072,2,1,1.8855360349019368,0.13908159732818604,87040,150994944,0.03501495346426964
12,16,8,2,decode,fp8_e4m3,131072,4,1,1.6761919657389324,0.15747519731521606,173568,301989888,0.03501495346426964
12,16,8,2,decode,fp8_e4m3,131072,16,1,1.0133120218912761,0.28153600692749026,694272,1207959552,0.03501495346426964
12,16,8,2,decode,fp8_e4m3,524288,2,1,1.3809386889139812,0.2045072078704834,87040,603979776,0.03501495346426964
12,16,8,2,decode,fp8_e4m3,524288,4,1,1.8229866027832031,0.28296000957489015,173568,1207959552,0.03501495346426964
12,16,8,2,decode,fp8_e4m3,524288,16,1,1.1422613461812336,0.789192008972168,694272,4831838208,0.03501495346426964
12,16,8,2,decode,fp8_e4m3,1048576,2,1,1.338047981262207,0.2873712062835693,87040,1207959552,0.03501495346426964
12,16,8,2,decode,fp8_e4m3,1048576,4,1,1.3448853492736816,0.4481328010559082,173568,2415919104,0.03501495346426964
12,16,8,2,decode,fp8_e4m3,1048576,16,1,1.6920852661132812,1.4712719917297363,694272,9663676416,0.03501495346426964
12,16,8,2,decode,bfloat16,1024,2,1,1.7920212745666504,0.09120960235595703,86528,2359296,0.006444955710321665
12,16,8,2,decode,bfloat16,1024,4,1,1.3188160260518391,0.09455360174179077,172544,4718592,0.006444955710321665
12,16,8,2,decode,bfloat16,1024,16,1,0.98089599609375,0.10730880498886108,690176,18874368,0.006444955710321665
12,16,8,2,decode,bfloat16,8192,2,1,1.2929279804229736,0.10476160049438477,86528,18874368,0.006444955710321665
12,16,8,2,decode,bfloat16,8192,4,1,1.3509333928426106,0.11040639877319336,172544,37748736,0.006444955710321665
12,16,8,2,decode,bfloat16,8192,16,1,1.4214720726013184,0.1337280035018921,690176,150994944,0.006444955710321665
12,16,8,2,decode,bfloat16,32768,2,1,1.8631253242492676,0.12675199508666993,86528,75497472,0.006444955710321665
12,16,8,2,decode,bfloat16,32768,4,1,1.8356159528096516,0.1366719961166382,172544,150994944,0.006444955710321665
12,16,8,2,decode,bfloat16,32768,16,1,0.9899733066558838,0.21035521030426024,690176,603979776,0.006444955710321665
12,16,8,2,decode,bfloat16,131072,2,1,2.0199146270751953,0.16421600580215454,86528,301989888,0.006444955710321665
12,16,8,2,decode,bfloat16,131072,4,1,1.3609493573506672,0.21171040534973146,172544,603979776,0.006444955710321665
12,16,8,2,decode,bfloat16,131072,16,1,1.0168426831563313,0.5071455955505371,690176,2415919104,0.006444955710321665
12,16,8,2,decode,bfloat16,524288,2,1,1.3799999554951985,0.32390880584716797,86528,1207959552,0.006444955710321665
12,16,8,2,decode,bfloat16,524288,4,1,1.3412693341573079,0.5090415954589844,172544,2415919104,0.006444955710321665
12,16,8,2,decode,bfloat16,524288,16,1,2.08951473236084,1.7709232330322267,690176,9663676416,0.006444955710321665
12,16,8,2,decode,bfloat16,1048576,2,1,1.4609813690185547,0.5126832008361817,86528,2415919104,0.006444955710321665
12,16,8,2,decode,bfloat16,1048576,4,1,1.5453866322835286,0.9063776016235352,172544,4831838208,0.006444955710321665
12,16,8,2,decode,bfloat16,1048576,16,1,3.4755519231160483,3.248331069946289,690176,19327352832,0.006444955710321665
12,16,4,4,decode,fp8_e4m3,1024,2,1,1.7120532989501953,0.10762079954147338,213504,1179648,0.03481585159897804
12,16,4,4,decode,fp8_e4m3,1024,4,1,1.6583040555318196,0.10771839618682862,425472,2359296,0.03481585159897804
12,16,4,4,decode,fp8_e4m3,1024,16,1,1.5139093399047852,0.11191999912261963,1699840,9437184,0.03481585159897804
12,16,4,4,decode,fp8_e4m3,8192,2,1,1.2951040267944336,0.11326719522476196,213504,9437184,0.03481585159897804
12,16,4,4,decode,fp8_e4m3,8192,4,1,1.3091200192769368,0.11403839588165283,425472,18874368,0.03481585159897804
12,16,4,4,decode,fp8_e4m3,8192,16,1,1.184832016626994,0.12941759824752808,1699840,75497472,0.03481585159897804
12,16,4,4,decode,fp8_e4m3,32768,2,1,1.2560426394144695,0.12234400510787964,213504,37748736,0.03481585159897804
12,16,4,4,decode,fp8_e4m3,32768,4,1,1.2985813617706299,0.1276144027709961,425472,75497472,0.03481585159897804
12,16,4,4,decode,fp8_e4m3,32768,16,1,1.1752106348673503,0.181768000125885,1699840,301989888,0.03481585159897804
12,16,4,4,decode,fp8_e4m3,131072,2,1,1.2933013439178467,0.14613120555877684,213504,150994944,0.03481585159897804
12,16,4,4,decode,fp8_e4m3,131072,4,1,1.6290879249572754,0.1743008017539978,425472,301989888,0.03481585159897804
12,16,4,4,decode,fp8_e4m3,131072,16,1,1.147871971130371,0.3953104019165039,1699840,1207959552,0.03481585159897804
12,16,4,4,decode,fp8_e4m3,524288,2,1,1.258090655008952,0.24324960708618165,213504,603979776,0.03481585159897804
12,16,4,4,decode,fp8_e4m3,524288,4,1,1.6324052810668945,0.3646032094955444,425472,1207959552,0.03481585159897804
12,16,4,4,decode,fp8_e4m3,524288,16,1,1.4955520629882812,1.2260239601135254,1699840,4831838208,0.03481585159897804
12,16,4,4,decode,fp8_e4m3,1048576,2,1,1.696789264678955,0.36647839546203614,213504,1207959552,0.03481585159897804
12,16,4,4,decode,fp8_e4m3,1048576,4,1,1.7164907455444336,0.6061728000640869,425472,2415919104,0.03481585159897804
12,16,4,4,decode,fp8_e4m3,1048576,16,1,2.7050774892171225,2.469220733642578,1699840,9663676416,0.03481585159897804
12,16,4,4,decode,bfloat16,1024,2,1,1.18177064259847,0.10461759567260742,222720,2359296,0.005524782929569483
12,16,4,4,decode,bfloat16,1024,4,1,1.2452267011006672,0.10575360059738159,443904,4718592,0.005524782929569483
12,16,4,4,decode,bfloat16,1024,16,1,1.0751573244730632,0.10959199666976929,1773568,18874368,0.005524782929569483
12,16,4,4,decode,bfloat16,8192,2,1,1.174997329711914,0.11192480325698853,222720,18874368,0.005524782929569483
12,16,4,4,decode,bfloat16,8192,4,1,1.167189359664917,0.11643680334091186,443904,37748736,0.005524782929569483
12,16,4,4,decode,bfloat16,8192,16,1,1.10808531443278,0.15158560276031494,1773568,150994944,0.005524782929569483
12,16,4,4,decode,bfloat16,32768,2,1,1.203221321105957,0.12901920080184937,222720,75497472,0.005524782929569483
12,16,4,4,decode,bfloat16,32768,4,1,1.6507093111673992,0.1448799967765808,443904,150994944,0.005524782929569483
12,16,4,4,decode,bfloat16,32768,16,1,1.078869342803955,0.2673712015151978,1773568,603979776,0.005524782929569483
12,16,4,4,decode,bfloat16,131072,2,1,1.2344426314036052,0.18046079874038695,222720,301989888,0.005524782929569483
12,16,4,4,decode,bfloat16,131072,4,1,1.2112747033437092,0.24732799530029298,443904,603979776,0.005524782929569483
12,16,4,4,decode,bfloat16,131072,16,1,1.1740586757659912,0.7327536106109619,1773568,2415919104,0.005524782929569483
12,16,4,4,decode,bfloat16,524288,2,1,1.2119359970092773,0.3847615957260132,222720,1207959552,0.005524782929569483
12,16,4,4,decode,bfloat16,524288,4,1,1.273909330368042,0.6516687870025635,443904,2415919104,0.005524782929569483
12,16,4,4,decode,bfloat16,524288,16,1,2.8227198918660483,2.5885488510131838,1773568,9663676416,0.005524782929569483
12,16,4,4,decode,bfloat16,1048576,2,1,1.6377600034077961,0.6508240222930908,222720,2415919104,0.005524782929569483
12,16,4,4,decode,bfloat16,1048576,4,1,1.4754986763000488,1.1947088241577148,443904,4831838208,0.005524782929569483
12,16,4,4,decode,bfloat16,1048576,16,1,5.293600082397461,5.0662353515625,1773568,19327352832,0.005524782929569483
12,16,2,8,decode,fp8_e4m3,1024,2,1,1.7318506240844727,0.10665760040283204,322048,1179648,0.03470971807837486
12,16,2,8,decode,fp8_e4m3,1024,4,1,1.5104427337646484,0.10730240345001221,643584,2359296,0.03470971807837486
12,16,2,8,decode,fp8_e4m3,1024,16,1,1.5777920087178547,0.1202847957611084,2574336,9437184,0.03470971807837486
12,16,2,8,decode,fp8_e4m3,8192,2,1,1.43394136428833,0.11202239990234375,322048,9437184,0.03470971807837486
12,16,2,8,decode,fp8_e4m3,8192,4,1,1.442464033762614,0.11693919897079467,643584,18874368,0.03470971807837486
12,16,2,8,decode,fp8_e4m3,8192,16,1,1.7476906776428223,0.13230079412460327,2574336,75497472,0.03470971807837486
12,16,2,8,decode,fp8_e4m3,32768,2,1,1.4239360491434734,0.12666239738464355,322048,37748736,0.03470971807837486
12,16,2,8,decode,fp8_e4m3,32768,4,1,1.9792106946309407,0.1280895948410034,643584,75497472,0.03470971807837486
12,16,2,8,decode,fp8_e4m3,32768,16,1,1.2798506418863933,0.17213120460510253,2574336,301989888,0.03470971807837486
12,16,2,8,decode,fp8_e4m3,131072,2,1,1.434282620747884,0.14782559871673584,322048,150994944,0.03470971807837486
12,16,2,8,decode,fp8_e4m3,131072,4,1,1.4449812571207683,0.16738239526748658,643584,301989888,0.03470971807837486
12,16,2,8,decode,fp8_e4m3,131072,16,1,1.7648426691691081,0.3308559894561768,2574336,1207959552,0.03470971807837486
12,16,2,8,decode,fp8_e4m3,524288,2,1,1.438026746114095,0.22630081176757813,322048,603979776,0.03470971807837486
12,16,2,8,decode,fp8_e4m3,524288,4,1,1.4308373133341472,0.3231760025024414,643584,1207959552,0.03470971807837486
12,16,2,8,decode,fp8_e4m3,524288,16,1,1.353216012318929,0.9601840019226074,2574336,4831838208,0.03470971807837486
12,16,2,8,decode,fp8_e4m3,1048576,2,1,1.4125226338704426,0.3272144079208374,322048,1207959552,0.03470971807837486
12,16,2,8,decode,fp8_e4m3,1048576,4,1,1.9362880388895671,0.5251264095306396,643584,2415919104,0.03470971807837486
12,16,2,8,decode,fp8_e4m3,1048576,16,1,2.0256959597269693,1.909297561645508,2574336,9663676416,0.03470971807837486
12,16,2,8,decode,bfloat16,1024,2,1,1.7440427144368489,0.10318559408187866,279040,2359296,0.004783360753208399
12,16,2,8,decode,bfloat16,1024,4,1,1.3701759974161785,0.10472480058670045,557568,4718592,0.004783360753208399
12,16,2,8,decode,bfloat16,1024,16,1,1.5245866775512695,0.1219599962234497,2230272,18874368,0.004783360753208399
12,16,2,8,decode,bfloat16,8192,2,1,1.3861546516418457,0.11419999599456787,279040,18874368,0.004783360753208399
12,16,2,8,decode,bfloat16,8192,4,1,1.4270933469136555,0.12012640237808228,557568,37748736,0.004783360753208399
12,16,2,8,decode,bfloat16,8192,16,1,1.2746666272481282,0.14242559671401978,2230272,150994944,0.004783360753208399
12,16,2,8,decode,bfloat16,32768,2,1,1.8777920405069988,0.1281551957130432,279040,75497472,0.004783360753208399
12,16,2,8,decode,bfloat16,32768,4,1,1.4579626719156902,0.13725919723510743,557568,150994944,0.004783360753208399
12,16,2,8,decode,bfloat16,32768,16,1,1.6885226567586262,0.21684479713439941,2230272,603979776,0.004783360753208399
12,16,2,8,decode,bfloat16,131072,2,1,1.4261973698933919,0.1685472011566162,279040,301989888,0.004783360753208399
12,16,2,8,decode,bfloat16,131072,4,1,1.6829226811726887,0.21403200626373292,557568,603979776,0.004783360753208399
12,16,2,8,decode,bfloat16,131072,16,1,1.2573119799296062,0.5210591793060303,2230272,2415919104,0.004783360753208399
12,16,2,8,decode,bfloat16,524288,2,1,1.4840319951375325,0.3197200059890747,279040,1207959552,0.004783360753208399
12,16,2,8,decode,bfloat16,524288,4,1,1.6880426406860352,0.5269824028015136,557568,2415919104,0.004783360753208399
12,16,2,8,decode,bfloat16,524288,16,1,2.1310826937357583,1.8602832794189452,2230272,9663676416,0.004783360753208399
12,16,2,8,decode,bfloat16,1048576,2,1,1.739242712656657,0.5401391983032227,279040,2415919104,0.004783360753208399
12,16,2,8,decode,bfloat16,1048576,4,1,1.8205973307291667,0.925169563293457,557568,4831838208,0.004783360753208399
12,16,2,8,decode,bfloat16,1048576,16,1,3.5552425384521484,3.5229022979736326,2230272,19327352832,0.004783360753208399
12,16,1,16,decode,fp8_e4m3,1024,2,1,1.0989226500193279,0.13383359909057618,824832,1179648,0.034656696021556854
12,16,1,16,decode,fp8_e4m3,1024,4,1,1.0959359804789226,0.13680800199508666,1649152,2359296,0.034656696021556854
12,16,1,16,decode,fp8_e4m3,1024,16,1,1.4412693977355957,0.14187999963760375,7841792,9437184,0.034656696021556854
12,16,1,16,decode,fp8_e4m3,8192,2,1,1.4996053377787273,0.14369599819183348,824832,9437184,0.034656696021556854
12,16,1,16,decode,fp8_e4m3,8192,4,1,1.5459839502970378,0.1439568042755127,1649152,18874368,0.034656696021556854
12,16,1,16,decode,fp8_e4m3,8192,16,1,0.9829653104146322,0.15431519746780395,7448576,75497472,0.034656696021556854
12,16,1,16,decode,fp8_e4m3,32768,2,1,1.1264106432596843,0.15071040391921997,824832,37748736,0.034656696021556854
12,16,1,16,decode,fp8_e4m3,32768,4,1,1.1258026758829753,0.15360480546951294,1649152,75497472,0.034656696021556854
12,16,1,16,decode,fp8_e4m3,32768,16,1,1.0328746636708577,0.19592640399932862,7448576,301989888,0.034656696021556854
12,16,1,16,decode,fp8_e4m3,131072,2,1,1.143839995066325,0.16822880506515503,824832,150994944,0.034656696021556854
12,16,1,16,decode,fp8_e4m3,131072,4,1,1.1053973038991292,0.1956943988800049,1649152,301989888,0.034656696021556854
12,16,1,16,decode,fp8_e4m3,131072,16,1,1.0256319840749104,0.37666079998016355,7448576,1207959552,0.034656696021556854
12,16,1,16,decode,fp8_e4m3,524288,2,1,1.114250659942627,0.24607360363006592,824832,603979776,0.034656696021556854
12,16,1,16,decode,fp8_e4m3,524288,4,1,1.1245226860046387,0.3571968078613281,1649152,1207959552,0.034656696021556854
12,16,1,16,decode,fp8_e4m3,524288,16,1,1.3594667116800945,1.17401123046875,7448576,4831838208,0.034656696021556854
12,16,1,16,decode,fp8_e4m3,1048576,2,1,1.1708373228708904,0.36138880252838135,824832,1207959552,0.034656696021556854
12,16,1,16,decode,fp8_e4m3,1048576,4,1,1.2191999753316243,0.5917232036590576,1649152,2415919104,0.034656696021556854
12,16,1,16,decode,fp8_e4m3,1048576,16,1,2.4636267026265464,2.377854347229004,7448576,9663676416,0.034656696021556854
12,16,1,16,decode,bfloat16,1024,2,1,1.0523413022359211,0.1324944019317627,861696,2359296,0.004290093667805195
12,16,1,16,decode,bfloat16,1024,4,1,1.0801599820454915,0.13591359853744506,1722880,4718592,0.004290093667805195
12,16,1,16,decode,bfloat16,1024,16,1,0.9429972966512045,0.14646559953689575,8660992,18874368,0.004290093667805195
12,16,1,16,decode,bfloat16,8192,2,1,1.0941759745279949,0.1487231969833374,861696,18874368,0.004290093667805195
12,16,1,16,decode,bfloat16,8192,4,1,1.4609707196553547,0.14041119813919067,1722880,37748736,0.004290093667805195
12,16,1,16,decode,bfloat16,8192,16,1,0.9693866570790609,0.16103359460830688,8660992,150994944,0.004290093667805195
12,16,1,16,decode,bfloat16,32768,2,1,1.1148266792297363,0.14876799583435057,861696,75497472,0.004290093667805195
12,16,1,16,decode,bfloat16,32768,4,1,1.0606613159179688,0.15987679958343506,1722880,150994944,0.004290093667805195
12,16,1,16,decode,bfloat16,32768,16,1,1.2983360290527344,0.24203839302062988,8660992,603979776,0.004290093667805195
12,16,1,16,decode,bfloat16,131072,2,1,1.5342079798380535,0.18739839792251586,861696,301989888,0.004290093667805195
12,16,1,16,decode,bfloat16,131072,4,1,1.087114651997884,0.23453280925750733,1722880,603979776,0.004290093667805195
12,16,1,16,decode,bfloat16,131072,16,1,1.4563627243041992,0.5715407848358154,8660992,2415919104,0.004290093667805195
12,16,1,16,decode,bfloat16,524288,2,1,1.0870719750722249,0.33834400177001955,861696,1207959552,0.004290093667805195
12,16,1,16,decode,bfloat16,524288,4,1,1.1265493233998616,0.5369440078735351,1722880,2415919104,0.004290093667805195
12,16,1,16,decode,bfloat16,524288,16,1,2.110325336456299,1.998846435546875,7743488,9663676416,0.004290093667805195
12,16,1,16,decode,bfloat16,1048576,2,1,1.1646506786346436,0.5417888164520264,861696,2415919104,0.004290093667805195
12,16,1,16,decode,bfloat16,1048576,4,1,1.2728746732076008,0.966153621673584,1722880,4831838208,0.004290093667805195
12,16,1,16,decode,bfloat16,1048576,16,1,3.8803733189900718,4.022228622436524,7743488,19327352832,0.004290093667805195
13,16,16,1,decode,fp8_e4m3,1024,2,1,1.8376107215881348,0.11376800537109374,61952,1179648,0.03509664535522461
13,16,16,1,decode,fp8_e4m3,1024,4,1,1.846432050069173,0.11505759954452514,123392,2359296,0.03509664535522461
13,16,16,1,decode,fp8_e4m3,1024,16,1,1.5333973566691081,0.10956319570541381,493568,9437184,0.03509664535522461
13,16,16,1,decode,fp8_e4m3,8192,2,1,1.5296212832132976,0.11642400026321412,61952,9437184,0.03509664535522461
13,16,16,1,decode,fp8_e4m3,8192,4,1,1.6860052744547527,0.11920160055160522,123392,18874368,0.03509664535522461
13,16,16,1,decode,fp8_e4m3,8192,16,1,1.502943992614746,0.14675519466400147,493568,75497472,0.03509664535522461
13,16,16,1,decode,fp8_e4m3,32768,2,1,1.7428266207377117,0.13204799890518187,61952,37748736,0.03509664535522461
13,16,16,1,decode,fp8_e4m3,32768,4,1,1.7934400240580242,0.1460576057434082,123392,75497472,0.03509664535522461
13,16,16,1,decode,fp8_e4m3,32768,16,1,1.5128426551818848,0.1823855996131897,493568,301989888,0.03509664535522461
13,16,16,1,decode,fp8_e4m3,131072,2,1,1.7638826370239258,0.1603551983833313,61952,150994944,0.03509664535522461
13,16,16,1,decode,fp8_e4m3,131072,4,1,1.7628587086995442,0.17944320440292358,123392,301989888,0.03509664535522461
13,16,16,1,decode,fp8_e4m3,131072,16,1,1.548543930053711,0.3079040050506592,493568,1207959552,0.03509664535522461
13,16,16,1,decode,fp8_e4m3,524288,2,1,1.8200853665669758,0.22369120121002198,61952,603979776,0.03509664535522461
13,16,16,1,decode,fp8_e4m3,524288,4,1,1.807242711385091,0.3027535915374756,123392,1207959552,0.03509664535522461
13,16,16,1,decode,fp8_e4m3,524288,16,1,1.540544033050537,0.8128416061401367,493568,4831838208,0.03509664535522461
13,16,16,1,decode,fp8_e4m3,1048576,2,1,1.8214826583862305,0.3066688060760498,61952,1207959552,0.03509664535522461
13,16,16,1,decode,fp8_e4m3,1048576,4,1,1.7489387194315593,0.4686624050140381,123392,2415919104,0.03509664535522461
13,16,16,1,decode,fp8_e4m3,1048576,16,1,1.7657066980997722,1.4979311943054199,493568,9663676416,0.03509664535522461
13,16,16,1,decode,bfloat16,1024,2,1,1.705301284790039,0.10782560110092163,61952,2359296,0.006898726802319288
13,16,16,1,decode,bfloat16,1024,4,1,1.670346736907959,0.11032320261001587,123392,4718592,0.006898726802319288
13,16,16,1,decode,bfloat16,1024,16,1,1.4660906791687012,0.1132207989692688,493568,18874368,0.006898726802319288
13,16,16,1,decode,bfloat16,8192,2,1,1.6959466934204102,0.11674720048904419,61952,18874368,0.006898726802319288
13,16,16,1,decode,bfloat16,8192,4,1,1.6849066416422527,0.12494080066680908,123392,37748736,0.006898726802319288
13,16,16,1,decode,bfloat16,8192,16,1,1.45577605565389,0.15951199531555177,493568,150994944,0.006898726802319288
13,16,16,1,decode,bfloat16,32768,2,1,1.719370683034261,0.14809440374374389,61952,75497472,0.006898726802319288
13,16,16,1,decode,bfloat16,32768,4,1,1.4759999910990398,0.15629279613494873,123392,150994944,0.006898726802319288
13,16,16,1,decode,bfloat16,32768,16,1,1.4573547045389812,0.23557279109954835,493568,603979776,0.006898726802319288
13,16,16,1,decode,bfloat16,131072,2,1,1.5201172828674316,0.18534400463104247,61952,301989888,0.006898726802319288
13,16,16,1,decode,bfloat16,131072,4,1,1.701621373494466,0.23029921054840088,123392,603979776,0.006898726802319288
13,16,16,1,decode,bfloat16,131072,16,1,1.2196373144785564,0.5277696132659913,493568,2415919104,0.006898726802319288
13,16,16,1,decode,bfloat16,524288,2,1,1.6710826555887859,0.33239519596099854,61952,1207959552,0.006898726802319288
13,16,16,1,decode,bfloat16,524288,4,1,1.7284587224324544,0.5340223789215088,123392,2415919104,0.006898726802319288
13,16,16,1,decode,bfloat16,524288,16,1,2.091423988342285,1.7915903091430665,493568,9663676416,0.006898726802319288
13,16,16,1,decode,bfloat16,1048576,2,1,1.7806720733642578,0.5430607795715332,61952,2415919104,0.006898726802319288
13,16,16,1,decode,bfloat16,1048576,4,1,1.8490880330403645,0.9172191619873047,123392,4831838208,0.006898726802319288
13,16,16,1,decode,bfloat16,1048576,16,1,15.289600372314453,3.351073455810547,493568,19327352832,0.006898726802319288
13,16,8,2,decode,fp8_e4m3,1024,2,1,1.9406612714131672,0.09347040057182313,87040,1179648,0.03501495346426964
13,16,8,2,decode,fp8_e4m3,1024,4,1,1.9216532707214355,0.0961471974849701,173568,2359296,0.03501495346426964
13,16,8,2,decode,fp8_e4m3,1024,16,1,1.4993279774983723,0.1030832052230835,694272,9437184,0.03501495346426964
13,16,8,2,decode,fp8_e4m3,8192,2,1,1.3901546796162922,0.10117440223693848,87040,9437184,0.03501495346426964
13,16,8,2,decode,fp8_e4m3,8192,4,1,1.9317545890808105,0.10585600137710571,173568,18874368,0.03501495346426964
13,16,8,2,decode,fp8_e4m3,8192,16,1,1.0093226432800293,0.12344479560852051,694272,75497472,0.03501495346426964
13,16,8,2,decode,fp8_e4m3,32768,2,1,1.3700480461120605,0.11892640590667725,87040,37748736,0.03501495346426964
13,16,8,2,decode,fp8_e4m3,32768,4,1,1.3415466944376628,0.1252079963684082,173568,75497472,0.03501495346426964
13,16,8,2,decode,fp8_e4m3,32768,16,1,1.3658132553100586,0.15720160007476808,694272,301989888,0.03501495346426964
13,16,8,2,decode,fp8_e4m3,131072,2,1,1.877237319946289,0.13906079530715942,87040,150994944,0.03501495346426964
13,16,8,2,decode,fp8_e4m3,131072,4,1,1.6986239751180012,0.1571616053581238,173568,301989888,0.03501495346426964
13,16,8,2,decode,fp8_e4m3,131072,16,1,1.0133972962697346,0.2815536022186279,694272,1207959552,0.03501495346426964
13,16,8,2,decode,fp8_e4m3,524288,2,1,1.3808107376098633,0.2048880100250244,87040,603979776,0.03501495346426964
13,16,8,2,decode,fp8_e4m3,524288,4,1,1.8152106602986653,0.28274400234222413,173568,1207959552,0.03501495346426964
13,16,8,2,decode,fp8_e4m3,524288,16,1,1.141653299331665,0.7893119812011719,694272,4831838208,0.03501495346426964
13,16,8,2,decode,fp8_e4m3,1048576,2,1,1.3394986788431804,0.2875360012054443,87040,1207959552,0.03501495346426964
13,16,8,2,decode,fp8_e4m3,1048576,4,1,1.340138594309489,0.4480720043182373,173568,2415919104,0.03501495346426964
13,16,8,2,decode,fp8_e4m3,1048576,16,1,1.6928319931030273,1.4711711883544922,694272,9663676416,0.03501495346426964
13,16,8,2,decode,bfloat16,1024,2,1,1.7905279795328777,0.09130560159683228,86528,2359296,0.006444955710321665
13,16,8,2,decode,bfloat16,1024,4,1,1.3232533137003581,0.09458720088005065,172544,4718592,0.006444955710321665
13,16,8,2,decode,bfloat16,1024,16,1,0.9786559740702311,0.10681439638137817,690176,18874368,0.006444955710321665
13,16,8,2,decode,bfloat16,8192,2,1,1.289077361424764,0.10480959415435791,86528,18874368,0.006444955710321665
13,16,8,2,decode,bfloat16,8192,4,1,1.3435840606689453,0.11055680513381957,172544,37748736,0.006444955710321665
13,16,8,2,decode,bfloat16,8192,16,1,1.4225385983784993,0.13367520570755004,690176,150994944,0.006444955710321665
13,16,8,2,decode,bfloat16,32768,2,1,1.8817493120829265,0.12678560018539428,86528,75497472,0.006444955710321665
13,16,8,2,decode,bfloat16,32768,4,1,1.8374932607014973,0.13653600215911865,172544,150994944,0.006444955710321665
13,16,8,2,decode,bfloat16,32768,16,1,0.9855466683705648,0.2104559898376465,690176,603979776,0.006444955710321665
13,16,8,2,decode,bfloat16,131072,2,1,1.9817387262980144,0.16429920196533204,86528,301989888,0.006444955710321665
13,16,8,2,decode,bfloat16,131072,4,1,1.3629973729451497,0.21190719604492186,172544,603979776,0.006444955710321665
13,16,8,2,decode,bfloat16,131072,16,1,1.0174293518066406,0.5072591781616211,690176,2415919104,0.006444955710321665
13,16,8,2,decode,bfloat16,524288,2,1,1.3832532564798992,0.32401440143585203,86528,1207959552,0.006444955710321665
13,16,8,2,decode,bfloat16,524288,4,1,1.33571195602417,0.5090079784393311,172544,2415919104,0.006444955710321665
13,16,8,2,decode,bfloat16,524288,16,1,2.086165269215902,1.771295928955078,690176,9663676416,0.006444955710321665
13,16,8,2,decode,bfloat16,1048576,2,1,1.4618026415507,0.5131167888641357,86528,2415919104,0.006444955710321665
13,16,8,2,decode,bfloat16,1048576,4,1,1.547562599182129,0.9065232276916504,172544,4831838208,0.006444955710321665
13,16,8,2,decode,bfloat16,1048576,16,1,3.477418581644694,3.2484462738037108,690176,19327352832,0.006444955710321665
13,16,4,4,decode,fp8_e4m3,1024,2,1,1.714303970336914,0.10722240209579467,213504,1179648,0.03481585159897804
13,16,4,4,decode,fp8_e4m3,1024,4,1,1.6595840454101562,0.10779520273208618,425472,2359296,0.03481585159897804
13,16,4,4,decode,fp8_e4m3,1024,16,1,1.521674633026123,0.11213439702987671,1699840,9437184,0.03481585159897804
13,16,4,4,decode,fp8_e4m3,8192,2,1,1.295904000600179,0.1131775975227356,213504,9437184,0.03481585159897804
13,16,4,4,decode,fp8_e4m3,8192,4,1,1.309834639231364,0.11418399810791016,425472,18874368,0.03481585159897804
13,16,4,4,decode,fp8_e4m3,8192,16,1,1.1845333576202393,0.12943040132522582,1699840,75497472,0.03481585159897804
13,16,4,4,decode,fp8_e4m3,32768,2,1,1.2538666725158691,0.12200000286102294,213504,37748736,0.03481585159897804
13,16,4,4,decode,fp8_e4m3,32768,4,1,1.2980799674987793,0.127839994430542,425472,75497472,0.03481585159897804
13,16,4,4,decode,fp8_e4m3,32768,16,1,1.1739199956258137,0.1817520022392273,1699840,301989888,0.03481585159897804
13,16,4,4,decode,fp8_e4m3,131072,2,1,1.2909546693166096,0.1461024045944214,213504,150994944,0.03481585159897804
13,16,4,4,decode,fp8_e4m3,131072,4,1,1.673642635345459,0.17452000379562377,425472,301989888,0.03481585159897804
13,16,4,4,decode,fp8_e4m3,131072,16,1,1.1445866425832112,0.39545440673828125,1699840,1207959552,0.03481585159897804
13,16,4,4,decode,fp8_e4m3,524288,2,1,1.2584853172302246,0.2434767961502075,213504,603979776,0.03481585159897804
13,16,4,4,decode,fp8_e4m3,524288,4,1,1.6307519276936848,0.36481120586395266,425472,1207959552,0.03481585159897804
13,16,4,4,decode,fp8_e4m3,524288,16,1,1.4970240592956543,1.2256431579589844,1699840,4831838208,0.03481585159897804
13,16,4,4,decode,fp8_e4m3,1048576,2,1,1.6918080647786458,0.3663311958312988,213504,1207959552,0.03481585159897804
13,16,4,4,decode,fp8_e4m3,1048576,4,1,1.7128960291544597,0.6055632114410401,425472,2415919104,0.03481585159897804
13,16,4,4,decode,fp8_e4m3,1048576,16,1,2.700106620788574,2.4692943572998045,1699840,9663676416,0.03481585159897804
13,16,4,4,decode,bfloat16,1024,2,1,1.182421366373698,0.10461280345916749,222720,2359296,0.005524782929569483
13,16,4,4,decode,bfloat16,1024,4,1,1.2444586753845215,0.10592160224914551,443904,4718592,0.005524782929569483
13,16,4,4,decode,bfloat16,1024,16,1,1.0734079678853352,0.10951679944992065,1773568,18874368,0.005524782929569483
13,16,4,4,decode,bfloat16,8192,2,1,1.1727893352508545,0.11219359636306762,222720,18874368,0.005524782929569483
13,16,4,4,decode,bfloat16,8192,4,1,1.1651306947072346,0.11658079624176025,443904,37748736,0.005524782929569483
13,16,4,4,decode,bfloat16,8192,16,1,1.1068053245544434,0.1509600043296814,1773568,150994944,0.005524782929569483
13,16,4,4,decode,bfloat16,32768,2,1,1.2023253440856934,0.12910399436950684,222720,75497472,0.005524782929569483
13,16,4,4,decode,bfloat16,32768,4,1,1.6500159899393718,0.14446239471435546,443904,150994944,0.005524782929569483
13,16,4,4,decode,bfloat16,32768,16,1,1.0765653451283772,0.2675407886505127,1773568,603979776,0.005524782929569483
13,16,4,4,decode,bfloat16,131072,2,1,1.232373317082723,0.18046560287475585,222720,301989888,0.005524782929569483
13,16,4,4,decode,bfloat16,131072,4,1,1.2120959758758545,0.24730560779571534,443904,603979776,0.005524782929569483
13,16,4,4,decode,bfloat16,131072,16,1,1.174880027770996,0.7329616069793701,1773568,2415919104,0.005524782929569483
13,16,4,4,decode,bfloat16,524288,2,1,1.2126186688741047,0.3840816020965576,222720,1207959552,0.005524782929569483
13,16,4,4,decode,bfloat16,524288,4,1,1.2735679944356282,0.6516528129577637,443904,2415919104,0.005524782929569483
13,16,4,4,decode,bfloat16,524288,16,1,2.823989232381185,2.588310432434082,1773568,9663676416,0.005524782929569483
13,16,4,4,decode,bfloat16,1048576,2,1,1.633087952931722,0.6508783817291259,222720,2415919104,0.005524782929569483
13,16,4,4,decode,bfloat16,1048576,4,1,1.476842721303304,1.194606399536133,443904,4831838208,0.005524782929569483
13,16,4,4,decode,bfloat16,1048576,16,1,5.293525377909343,5.0663105010986325,1773568,19327352832,0.005524782929569483
13,16,2,8,decode,fp8_e4m3,1024,2,1,1.7364907264709473,0.10667359828948975,322048,1179648,0.03470971807837486
13,16,2,8,decode,fp8_e4m3,1024,4,1,1.513173262278239,0.10720640420913696,643584,2359296,0.03470971807837486
13,16,2,8,decode,fp8_e4m3,1024,16,1,1.5770667394002278,0.12071199417114258,2574336,9437184,0.03470971807837486
13,16,2,8,decode,fp8_e4m3,8192,2,1,1.4343573252360027,0.11208640336990357,322048,9437184,0.03470971807837486
13,16,2,8,decode,fp8_e4m3,8192,4,1,1.4472959836324055,0.11707199811935425,643584,18874368,0.03470971807837486
13,16,2,8,decode,fp8_e4m3,8192,16,1,1.748853365580241,0.132750403881073,2574336,75497472,0.03470971807837486
13,16,2,8,decode,fp8_e4m3,32768,2,1,1.4246932665507,0.12693599462509156,322048,37748736,0.03470971807837486
13,16,2,8,decode,fp8_e4m3,32768,4,1,1.9912959734598796,0.1281231999397278,643584,75497472,0.03470971807837486
13,16,2,8,decode,fp8_e4m3,32768,16,1,1.2766719659169514,0.17233599424362184,2574336,301989888,0.03470971807837486
13,16,2,8,decode,fp8_e4m3,131072,2,1,1.4336427052815754,0.14724160432815553,322048,150994944,0.03470971807837486
13,16,2,8,decode,fp8_e4m3,131072,4,1,1.4441386858622234,0.16761599779129027,643584,301989888,0.03470971807837486
13,16,2,8,decode,fp8_e4m3,131072,16,1,1.7928640047709148,0.33043999671936036,2574336,1207959552,0.03470971807837486
13,16,2,8,decode,fp8_e4m3,524288,2,1,1.4385706583658855,0.22633440494537355,322048,603979776,0.03470971807837486
13,16,2,8,decode,fp8_e4m3,524288,4,1,1.4295892715454102,0.3235728025436401,643584,1207959552,0.03470971807837486
13,16,2,8,decode,fp8_e4m3,524288,16,1,1.3534612655639648,0.9602592468261719,2574336,4831838208,0.03470971807837486
13,16,2,8,decode,fp8_e4m3,1048576,2,1,1.4124266306559246,0.3274847984313965,322048,1207959552,0.03470971807837486
13,16,2,8,decode,fp8_e4m3,1048576,4,1,1.9390400250752766,0.5255583763122559,643584,2415919104,0.03470971807837486
13,16,2,8,decode,fp8_e4m3,1048576,16,1,2.029109319051107,1.9093999862670898,2574336,9663676416,0.03470971807837486
13,16,2,8,decode,bfloat16,1024,2,1,1.7432959874471028,0.10321760177612305,279040,2359296,0.004783360753208399
13,16,2,8,decode,bfloat16,1024,4,1,1.370741367340088,0.10480159521102905,557568,4718592,0.004783360753208399
13,16,2,8,decode,bfloat16,1024,16,1,1.5231040318806965,0.12234079837799072,2230272,18874368,0.004783360753208399
13,16,2,8,decode,bfloat16,8192,2,1,1.386016050974528,0.11414719820022583,279040,18874368,0.004783360753208399
13,16,2,8,decode,bfloat16,8192,4,1,1.4312747319539387,0.12035200595855713,557568,37748736,0.004783360753208399
13,16,2,8,decode,bfloat16,8192,16,1,1.271936019261678,0.1424623966217041,2230272,150994944,0.004783360753208399
13,16,2,8,decode,bfloat16,32768,2,1,1.8798294067382812,0.128329598903656,279040,75497472,0.004783360753208399
13,16,2,8,decode,bfloat16,32768,4,1,1.4550506273905437,0.13656480312347413,557568,150994944,0.004783360753208399
13,16,2,8,decode,bfloat16,32768,16,1,1.6764267285664876,0.2169424057006836,2230272,603979776,0.004783360753208399
13,16,2,8,decode,bfloat16,131072,2,1,1.4246613184611003,0.1684991955757141,279040,301989888,0.004783360753208399
13,16,2,8,decode,bfloat16,131072,4,1,1.68287992477417,0.2141103982925415,557568,603979776,0.004783360753208399
13,16,2,8,decode,bfloat16,131072,16,1,1.2598933378855388,0.5206863880157471,2230272,2415919104,0.004783360753208399
13,16,2,8,decode,bfloat16,524288,2,1,1.4825812975565593,0.3203200101852417,279040,1207959552,0.004783360753208399
13,16,2,8,decode,bfloat16,524288,4,1,1.6837226549784343,0.5269392013549805,557568,2415919104,0.004783360753208399
13,16,2,8,decode,bfloat16,524288,16,1,2.134976069132487,1.8612735748291016,2230272,9663676416,0.004783360753208399
13,16,2,8,decode,bfloat16,1048576,2,1,1.740832010904948,0.5404943943023681,279040,2415919104,0.004783360753208399
13,16,2,8,decode,bfloat16,1048576,4,1,1.825717290242513,0.9250864028930664,557568,4831838208,0.004783360753208399
13,16,2,8,decode,bfloat16,1048576,16,1,3.5579306284586587,3.521076965332031,2230272,19327352832,0.004783360753208399
13,16,1,16,decode,fp8_e4m3,1024,2,1,1.3609600067138672,0.13303200006484986,824832,1179648,0.034656696021556854
13,16,1,16,decode,fp8_e4m3,1024,4,1,1.013269344965617,0.1355664014816284,1649152,2359296,0.034656696021556854
13,16,1,16,decode,fp8_e4m3,1024,16,1,1.2186133066813152,0.14207680225372316,7841792,9437184,0.034656696021556854
13,16,1,16,decode,fp8_e4m3,8192,2,1,1.0117440223693848,0.14164639711380006,824832,9437184,0.034656696021556854
13,16,1,16,decode,fp8_e4m3,8192,4,1,1.195904016494751,0.14305280447006224,1649152,18874368,0.034656696021556854
13,16,1,16,decode,fp8_e4m3,8192,16,1,0.9095040162404379,0.15461599826812744,7448576,75497472,0.034656696021556854
13,16,1,16,decode,fp8_e4m3,32768,2,1,1.028117338816325,0.14954080581665039,824832,37748736,0.034656696021556854
13,16,1,16,decode,fp8_e4m3,32768,4,1,1.0342293580373128,0.15353440046310424,1649152,75497472,0.034656696021556854
13,16,1,16,decode,fp8_e4m3,32768,16,1,0.9382293224334717,0.19547359943389891,7448576,301989888,0.034656696021556854
13,16,1,16,decode,fp8_e4m3,131072,2,1,1.0527146657307942,0.16604959964752197,824832,150994944,0.034656696021556854
13,16,1,16,decode,fp8_e4m3,131072,4,1,1.2552746931711833,0.19501919746398927,1649152,301989888,0.034656696021556854
13,16,1,16,decode,fp8_e4m3,131072,16,1,0.9411733150482178,0.37726879119873047,7448576,1207959552,0.034656696021556854
13,16,1,16,decode,fp8_e4m3,524288,2,1,1.0281813144683838,0.24594719409942628,824832,603979776,0.034656696021556854
13,16,1,16,decode,fp8_e4m3,524288,4,1,1.0380799770355225,0.35638558864593506,1649152,1207959552,0.034656696021556854
13,16,1,16,decode,fp8_e4m3,524288,16,1,1.4440639813741047,1.1786224365234375,7448576,4831838208,0.034656696021556854
13,16,1,16,decode,fp8_e4m3,1048576,2,1,1.0841493606567383,0.3610559940338135,824832,1207959552,0.034656696021556854
13,16,1,16,decode,fp8_e4m3,1048576,4,1,1.1346879800160725,0.5897679805755616,1649152,2415919104,0.034656696021556854
13,16,1,16,decode,fp8_e4m3,1048576,16,1,2.323925336201986,2.3713472366333006,7448576,9663676416,0.034656696021556854
13,16,1,16,decode,bfloat16,1024,2,1,0.9786453247070312,0.13084640502929687,861696,2359296,0.004290093667805195
13,16,1,16,decode,bfloat16,1024,4,1,0.9794560273488363,0.13493599891662597,1722880,4718592,0.004290093667805195
13,16,1,16,decode,bfloat16,1024,16,1,0.8596373399098715,0.14715839624404908,8660992,18874368,0.004290093667805195
13,16,1,16,decode,bfloat16,8192,2,1,0.9391679763793945,0.14785280227661132,861696,18874368,0.004290093667805195
13,16,1,16,decode,bfloat16,8192,4,1,1.022165298461914,0.1399407982826233,1722880,37748736,0.004290093667805195
13,16,1,16,decode,bfloat16,8192,16,1,0.8692693710327148,0.16166239976882935,8660992,150994944,0.004290093667805195
13,16,1,16,decode,bfloat16,32768,2,1,0.9852800369262695,0.14688639640808104,861696,75497472,0.004290093667805195
13,16,1,16,decode,bfloat16,32768,4,1,0.9736533164978027,0.1588096022605896,1722880,150994944,0.004290093667805195
13,16,1,16,decode,bfloat16,32768,16,1,0.8516693115234375,0.24056000709533693,8660992,603979776,0.004290093667805195
13,16,1,16,decode,bfloat16,131072,2,1,0.9649706681569418,0.18658239841461183,861696,301989888,0.004290093667805195
13,16,1,16,decode,bfloat16,131072,4,1,0.989952007929484,0.23327360153198243,1722880,603979776,0.004290093667805195
13,16,1,16,decode,bfloat16,131072,16,1,1.2858880360921223,0.5700448036193848,8660992,2415919104,0.004290093667805195
13,16,1,16,decode,bfloat16,524288,2,1,0.9597439765930176,0.3371936082839966,861696,1207959552,0.004290093667805195
13,16,1,16,decode,bfloat16,524288,4,1,1.0671253204345703,0.5381103992462158,1722880,2415919104,0.004290093667805195
13,16,1,16,decode,bfloat16,524288,16,1,2.0819946924845376,2.0082592010498046,7743488,9663676416,0.004290093667805195
13,16,1,16,decode,bfloat16,1048576,2,1,1.1186347007751465,0.5394624233245849,861696,2415919104,0.004290093667805195
13,16,1,16,decode,bfloat16,1048576,4,1,1.2136639753977458,0.9495743751525879,1722880,4831838208,0.004290093667805195
13,16,1,16,decode,bfloat16,1048576,16,1,3.8564478556315103,4.207932662963867,7743488,19327352832,0.004290093667805195
14,16,16,1,decode,fp8_e4m3,1024,2,1,1.8401707013448079,0.11357920169830323,61952,1179648,0.03509664535522461
14,16,16,1,decode,fp8_e4m3,1024,4,1,1.8470719655354817,0.11546080112457276,123392,2359296,0.03509664535522461
14,16,16,1,decode,fp8_e4m3,1024,16,1,1.536362648010254,0.10964959859848022,493568,9437184,0.03509664535522461
14,16,16,1,decode,fp8_e4m3,8192,2,1,1.534549395243327,0.11635040044784546,61952,9437184,0.03509664535522461
14,16,16,1,decode,fp8_e4m3,8192,4,1,1.6873173713684082,0.11943999528884888,123392,18874368,0.03509664535522461
14,16,16,1,decode,fp8_e4m3,8192,16,1,1.5103467305501301,0.14688960313796998,493568,75497472,0.03509664535522461
14,16,16,1,decode,fp8_e4m3,32768,2,1,1.7461867332458496,0.13235679864883423,61952,37748736,0.03509664535522461
14,16,16,1,decode,fp8_e4m3,32768,4,1,1.7952532768249512,0.14623680114746093,123392,75497472,0.03509664535522461
14,16,16,1,decode,fp8_e4m3,32768,16,1,1.5164480209350586,0.18248319625854492,493568,301989888,0.03509664535522461
14,16,16,1,decode,fp8_e4m3,131072,2,1,1.7680427233378093,0.16024160385131836,61952,150994944,0.03509664535522461
14,16,16,1,decode,fp8_e4m3,131072,4,1,1.7637227376302083,0.17945280075073242,123392,301989888,0.03509664535522461
14,16,16,1,decode,fp8_e4m3,131072,16,1,1.5498240788777669,0.3070208072662354,493568,1207959552,0.03509664535522461
14,16,16,1,decode,fp8_e4m3,524288,2,1,1.8197333017985027,0.2237231969833374,61952,603979776,0.03509664535522461
14,16,16,1,decode,fp8_e4m3,524288,4,1,1.8074560165405273,0.3027935981750488,123392,1207959552,0.03509664535522461
14,16,16,1,decode,fp8_e4m3,524288,16,1,1.543839931488037,0.8126239776611328,493568,4831838208,0.03509664535522461
14,16,16,1,decode,fp8_e4m3,1048576,2,1,1.8237439791361492,0.3064127922058105,61952,1207959552,0.03509664535522461
14,16,16,1,decode,fp8_e4m3,1048576,4,1,1.7471680641174316,0.4686272144317627,123392,2415919104,0.03509664535522461
14,16,16,1,decode,fp8_e4m3,1048576,16,1,1.765226682027181,1.4978704452514648,493568,9663676416,0.03509664535522461
14,16,16,1,decode,bfloat16,1024,2,1,1.7055786450703938,0.10782400369644166,61952,2359296,0.006898726802319288
14,16,16,1,decode,bfloat16,1024,4,1,1.6728960673014324,0.11034239530563354,123392,4718592,0.006898726802319288
14,16,16,1,decode,bfloat16,1024,16,1,1.479647954305013,0.11329760551452636,493568,18874368,0.006898726802319288
14,16,16,1,decode,bfloat16,8192,2,1,1.6957546869913738,0.11670559644699097,61952,18874368,0.006898726802319288
14,16,16,1,decode,bfloat16,8192,4,1,1.692032019297282,0.12486560344696045,123392,37748736,0.006898726802319288
14,16,16,1,decode,bfloat16,8192,16,1,1.4551787376403809,0.16022720336914062,493568,150994944,0.006898726802319288
14,16,16,1,decode,bfloat16,32768,2,1,1.7223679224650066,0.14759839773178102,61952,75497472,0.006898726802319288
14,16,16,1,decode,bfloat16,32768,4,1,1.4773653348286946,0.15632799863815308,123392,150994944,0.006898726802319288
14,16,16,1,decode,bfloat16,32768,16,1,1.4565760294596355,0.23551840782165528,493568,603979776,0.006898726802319288
14,16,16,1,decode,bfloat16,131072,2,1,1.519968032836914,0.1853536009788513,61952,301989888,0.006898726802319288
14,16,16,1,decode,bfloat16,131072,4,1,1.701642672220866,0.23031361103057862,123392,603979776,0.006898726802319288
14,16,16,1,decode,bfloat16,131072,16,1,1.2201173305511475,0.5276815891265869,493568,2415919104,0.006898726802319288
14,16,16,1,decode,bfloat16,524288,2,1,1.670464038848877,0.332204794883728,61952,1207959552,0.006898726802319288
14,16,16,1,decode,bfloat16,524288,4,1,1.7320106824239094,0.5341072082519531,123392,2415919104,0.006898726802319288
14,16,16,1,decode,bfloat16,524288,16,1,2.0913599332173667,1.791651153564453,493568,9663676416,0.006898726802319288
14,16,16,1,decode,bfloat16,1048576,2,1,1.7824959754943848,0.5429296016693115,61952,2415919104,0.006898726802319288
14,16,16,1,decode,bfloat16,1048576,4,1,1.8482880592346191,0.917182445526123,123392,4831838208,0.006898726802319288
14,16,16,1,decode,bfloat16,1048576,16,1,15.288341522216797,3.350998306274414,493568,19327352832,0.006898726802319288
14,16,8,2,decode,fp8_e4m3,1024,2,1,1.9415574073791504,0.09353280067443848,87040,1179648,0.03501495346426964
14,16,8,2,decode,fp8_e4m3,1024,4,1,1.9224212964375813,0.09611679911613465,173568,2359296,0.03501495346426964
14,16,8,2,decode,fp8_e4m3,1024,16,1,1.4983359972635906,0.10374399423599243,694272,9437184,0.03501495346426964
14,16,8,2,decode,fp8_e4m3,8192,2,1,1.3902079264322917,0.10130879878997803,87040,9437184,0.03501495346426964
14,16,8,2,decode,fp8_e4m3,8192,4,1,1.931605339050293,0.10591360330581664,173568,18874368,0.03501495346426964
14,16,8,2,decode,fp8_e4m3,8192,16,1,1.009663979212443,0.12333760261535645,694272,75497472,0.03501495346426964
14,16,8,2,decode,fp8_e4m3,32768,2,1,1.3690452575683594,0.11889439821243286,87040,37748736,0.03501495346426964
14,16,8,2,decode,fp8_e4m3,32768,4,1,1.339903990427653,0.1256368041038513,173568,75497472,0.03501495346426964
14,16,8,2,decode,fp8_e4m3,32768,16,1,1.340725262959798,0.15715839862823486,694272,301989888,0.03501495346426964
14,16,8,2,decode,fp8_e4m3,131072,2,1,1.887445290883382,0.13915040493011474,87040,150994944,0.03501495346426964
14,16,8,2,decode,fp8_e4m3,131072,4,1,1.6767679850260417,0.15761280059814453,173568,301989888,0.03501495346426964
14,16,8,2,decode,fp8_e4m3,131072,16,1,1.0116266409556072,0.2814496040344238,694272,1207959552,0.03501495346426964
14,16,8,2,decode,fp8_e4m3,524288,2,1,1.380341370900472,0.2047663927078247,87040,603979776,0.03501495346426964
14,16,8,2,decode,fp8_e4m3,524288,4,1,1.8237546284993489,0.28297760486602785,173568,1207959552,0.03501495346426964
14,16,8,2,decode,fp8_e4m3,524288,16,1,1.1417706807454426,0.789137601852417,694272,4831838208,0.03501495346426964
14,16,8,2,decode,fp8_e4m3,1048576,2,1,1.3400959968566895,0.2873791933059692,87040,1207959552,0.03501495346426964
14,16,8,2,decode,fp8_e4m3,1048576,4,1,1.3417812983194988,0.4482704162597656,173568,2415919104,0.03501495346426964
14,16,8,2,decode,fp8_e4m3,1048576,16,1,1.6920000712076824,1.471673583984375,694272,9663676416,0.03501495346426964
14,16,8,2,decode,bfloat16,1024,2,1,1.7927573521931965,0.0912447988986969,86528,2359296,0.006444955710321665
14,16,8,2,decode,bfloat16,1024,4,1,1.3223040103912354,0.09451519846916198,172544,4718592,0.006444955710321665
14,16,8,2,decode,bfloat16,1024,16,1,0.9778560002644857,0.10741440057754517,690176,18874368,0.006444955710321665
14,16,8,2,decode,bfloat16,8192,2,1,1.2926080226898193,0.10494400262832641,86528,18874368,0.006444955710321665
14,16,8,2,decode,bfloat16,8192,4,1,1.347658634185791,0.11065119504928589,172544,37748736,0.006444955710321665
14,16,8,2,decode,bfloat16,8192,16,1,1.422101338704427,0.1337440013885498,690176,150994944,0.006444955710321665
14,16,8,2,decode,bfloat16,32768,2,1,1.8686505953470867,0.12691680192947388,86528,75497472,0.006444955710321665
14,16,8,2,decode,bfloat16,32768,4,1,1.8351786931355794,0.13660000562667846,172544,150994944,0.006444955710321665
14,16,8,2,decode,bfloat16,32768,16,1,0.9858240286509196,0.21045279502868652,690176,603979776,0.006444955710321665
14,16,8,2,decode,bfloat16,131072,2,1,2.0027947425842285,0.16425440311431885,86528,301989888,0.006444955710321665
14,16,8,2,decode,bfloat16,131072,4,1,1.3629120190938313,0.21183359622955322,172544,603979776,0.006444955710321665
14,16,8,2,decode,bfloat16,131072,16,1,1.0164586702982585,0.5071968078613281,690176,2415919104,0.006444955710321665
14,16,8,2,decode,bfloat16,524288,2,1,1.3824426333109539,0.3238368034362793,86528,1207959552,0.006444955710321665
14,16,8,2,decode,bfloat16,524288,4,1,1.3357653617858887,0.5089791774749756,172544,2415919104,0.006444955710321665
14,16,8,2,decode,bfloat16,524288,16,1,2.092064062754313,1.7713455200195312,690176,9663676416,0.006444955710321665
14,16,8,2,decode,bfloat16,1048576,2,1,1.4613547325134277,0.513260793685913,86528,2415919104,0.006444955710321665
14,16,8,2,decode,bfloat16,1048576,4,1,1.5464213689168294,0.9072015762329102,172544,4831838208,0.006444955710321665
14,16,8,2,decode,bfloat16,1048576,16,1,3.476202646891276,3.2482654571533205,690176,19327352832,0.006444955710321665
14,16,4,4,decode,fp8_e4m3,1024,2,1,1.7114027341206868,0.10767999887466431,213504,1179648,0.03481585159897804
14,16,4,4,decode,fp8_e4m3,1024,4,1,1.6588692665100098,0.10760320425033569,425472,2359296,0.03481585159897804
14,16,4,4,decode,fp8_e4m3,1024,16,1,1.5153279304504395,0.11211199760437011,1699840,9437184,0.03481585159897804
14,16,4,4,decode,fp8_e4m3,8192,2,1,1.2953173319498699,0.11341760158538819,213504,9437184,0.03481585159897804
14,16,4,4,decode,fp8_e4m3,8192,4,1,1.3090773423512776,0.1141759991645813,425472,18874368,0.03481585159897804
14,16,4,4,decode,fp8_e4m3,8192,16,1,1.1839360396067302,0.12951680421829223,1699840,75497472,0.03481585159897804
14,16,4,4,decode,fp8_e4m3,32768,2,1,1.2535253365834553,0.12224639654159546,213504,37748736,0.03481585159897804
14,16,4,4,decode,fp8_e4m3,32768,4,1,1.2974186738332112,0.12776000499725343,425472,75497472,0.03481585159897804
14,16,4,4,decode,fp8_e4m3,32768,16,1,1.1733226776123047,0.18175679445266724,1699840,301989888,0.03481585159897804
14,16,4,4,decode,fp8_e4m3,131072,2,1,1.2912960052490234,0.1461344003677368,213504,150994944,0.03481585159897804
14,16,4,4,decode,fp8_e4m3,131072,4,1,1.6464212735493977,0.17453759908676147,425472,301989888,0.03481585159897804
14,16,4,4,decode,fp8_e4m3,131072,16,1,1.1436266899108887,0.39548320770263673,1699840,1207959552,0.03481585159897804
14,16,4,4,decode,fp8_e4m3,524288,2,1,1.2584959665934246,0.24353280067443847,213504,603979776,0.03481585159897804
14,16,4,4,decode,fp8_e4m3,524288,4,1,1.6334080696105957,0.3647327899932861,425472,1207959552,0.03481585159897804
14,16,4,4,decode,fp8_e4m3,524288,16,1,1.4969493548075359,1.2262351989746094,1699840,4831838208,0.03481585159897804
14,16,4,4,decode,fp8_e4m3,1048576,2,1,1.6970346768697102,0.3663487911224365,213504,1207959552,0.03481585159897804
14,16,4,4,decode,fp8_e4m3,1048576,4,1,1.7167785962422688,0.6062320232391357,425472,2415919104,0.03481585159897804
14,16,4,4,decode,fp8_e4m3,1048576,16,1,2.7060372034708657,2.4693775177001953,1699840,9663676416,0.03481585159897804
14,16,4,4,decode,bfloat16,1024,2,1,1.1823253631591797,0.10454080104827881,222720,2359296,0.005524782929569483
14,16,4,4,decode,bfloat16,1024,4,1,1.2441813151041667,0.1059008002281189,443904,4718592,0.005524782929569483
14,16,4,4,decode,bfloat16,1024,16,1,1.0724480152130127,0.10959039926528931,1773568,18874368,0.005524782929569483
14,16,4,4,decode,bfloat16,8192,2,1,1.1722773710886638,0.11206879615783691,222720,18874368,0.005524782929569483
14,16,4,4,decode,bfloat16,8192,4,1,1.1655680338541667,0.1164736032485962,443904,37748736,0.005524782929569483
14,16,4,4,decode,bfloat16,8192,16,1,1.106112003326416,0.151636803150177,1773568,150994944,0.005524782929569483
14,16,4,4,decode,bfloat16,32768,2,1,1.202133337656657,0.12946399450302123,222720,75497472,0.005524782929569483
14,16,4,4,decode,bfloat16,32768,4,1,1.6508480707804363,0.1451040029525757,443904,150994944,0.005524782929569483
14,16,4,4,decode,bfloat16,32768,16,1,1.0760213534037273,0.2678272008895874,1773568,603979776,0.005524782929569483
14,16,4,4,decode,bfloat16,131072,2,1,1.232149362564087,0.18038400411605834,222720,301989888,0.005524782929569483
14,16,4,4,decode,bfloat16,131072,4,1,1.212213357289632,0.24730401039123534,443904,603979776,0.005524782929569483
14,16,4,4,decode,bfloat16,131072,16,1,1.1749013264973958,0.7328303813934326,1773568,2415919104,0.005524782929569483
14,16,4,4,decode,bfloat16,524288,2,1,1.2123626867930095,0.3847408056259155,222720,1207959552,0.005524782929569483
14,16,4,4,decode,bfloat16,524288,4,1,1.2751786708831787,0.6517744064331055,443904,2415919104,0.005524782929569483
14,16,4,4,decode,bfloat16,524288,16,1,2.8229974110921225,2.5886383056640625,1773568,9663676416,0.005524782929569483
14,16,4,4,decode,bfloat16,1048576,2,1,1.6381653149922688,0.6509727954864502,222720,2415919104,0.005524782929569483
14,16,4,4,decode,bfloat16,1048576,4,1,1.4766613642374675,1.1950927734375,443904,4831838208,0.005524782929569483
14,16,4,4,decode,bfloat16,1048576,16,1,5.295424143473308,5.066976165771484,1773568,19327352832,0.005524782929569483
14,16,2,8,decode,fp8_e4m3,1024,2,1,1.4230507214864094,0.10673439502716064,322048,1179648,0.03470971807837486
14,16,2,8,decode,fp8_e4m3,1024,4,1,1.3254186312357585,0.10810240507125854,643584,2359296,0.03470971807837486
14,16,2,8,decode,fp8_e4m3,1024,16,1,1.2085440158843994,0.12103840112686157,2574336,9437184,0.03470971807837486
14,16,2,8,decode,fp8_e4m3,8192,2,1,1.3476266860961914,0.11279679536819458,322048,9437184,0.03470971807837486
14,16,2,8,decode,fp8_e4m3,8192,4,1,1.3337920506795247,0.11867040395736694,643584,18874368,0.03470971807837486
14,16,2,8,decode,fp8_e4m3,8192,16,1,1.1802026430765789,0.13304959535598754,2574336,75497472,0.03470971807837486
14,16,2,8,decode,fp8_e4m3,32768,2,1,1.3247146606445312,0.12735999822616578,322048,37748736,0.03470971807837486
14,16,2,8,decode,fp8_e4m3,32768,4,1,1.359114646911621,0.1292207956314087,643584,75497472,0.03470971807837486
14,16,2,8,decode,fp8_e4m3,32768,16,1,1.1547733147939045,0.17365440130233764,2574336,301989888,0.03470971807837486
14,16,2,8,decode,fp8_e4m3,131072,2,1,1.3335359891255696,0.14777760505676268,322048,150994944,0.03470971807837486
14,16,2,8,decode,fp8_e4m3,131072,4,1,1.3076480229695637,0.16809760332107543,643584,301989888,0.03470971807837486
14,16,2,8,decode,fp8_e4m3,131072,16,1,1.1910719871520996,0.33196799755096434,2574336,1207959552,0.03470971807837486
14,16,2,8,decode,fp8_e4m3,524288,2,1,1.3551039695739746,0.22728478908538818,322048,603979776,0.03470971807837486
14,16,2,8,decode,fp8_e4m3,524288,4,1,1.345205307006836,0.32444000244140625,643584,1207959552,0.03470971807837486
14,16,2,8,decode,fp8_e4m3,524288,16,1,1.3390506108601887,0.9604720115661621,2574336,4831838208,0.03470971807837486
14,16,2,8,decode,fp8_e4m3,1048576,2,1,1.3491627375284831,0.3288127899169922,322048,1207959552,0.03470971807837486
14,16,2,8,decode,fp8_e4m3,1048576,4,1,1.3413759867350261,0.52947998046875,643584,2415919104,0.03470971807837486
14,16,2,8,decode,fp8_e4m3,1048576,16,1,2.023669401804606,1.9621967315673827,2574336,9663676416,0.03470971807837486
14,16,2,8,decode,bfloat16,1024,2,1,1.2628053029378254,0.10295360088348389,279040,2359296,0.004783360753208399
14,16,2,8,decode,bfloat16,1024,4,1,1.299232006072998,0.10519839525222778,557568,4718592,0.004783360753208399
14,16,2,8,decode,bfloat16,1024,16,1,1.1378560066223145,0.12219040393829346,2230272,18874368,0.004783360753208399
14,16,2,8,decode,bfloat16,8192,2,1,1.2725013097127278,0.1145967960357666,279040,18874368,0.004783360753208399
14,16,2,8,decode,bfloat16,8192,4,1,1.3050986925760906,0.12039359807968139,557568,37748736,0.004783360753208399
14,16,2,8,decode,bfloat16,8192,16,1,1.132853349049886,0.1432528018951416,2230272,150994944,0.004783360753208399
14,16,2,8,decode,bfloat16,32768,2,1,1.2816853523254395,0.12875360250473022,279040,75497472,0.004783360753208399
14,16,2,8,decode,bfloat16,32768,4,1,1.2788159847259521,0.13759679794311525,557568,150994944,0.004783360753208399
14,16,2,8,decode,bfloat16,32768,16,1,1.1135786374409993,0.21930720806121826,2230272,603979776,0.004783360753208399
14,16,2,8,decode,bfloat16,131072,2,1,1.3115946451822917,0.17015680074691772,279040,301989888,0.004783360753208399
14,16,2,8,decode,bfloat16,131072,4,1,1.2776532967885335,0.21797919273376465,557568,603979776,0.004783360753208399
14,16,2,8,decode,bfloat16,131072,16,1,1.1429759661356609,0.5234447956085205,2230272,2415919104,0.004783360753208399
14,16,2,8,decode,bfloat16,524288,2,1,1.2869653701782227,0.3201136112213135,279040,1207959552,0.004783360753208399
14,16,2,8,decode,bfloat16,524288,4,1,1.3064106305440266,0.5289792060852051,557568,2415919104,0.004783360753208399
14,16,2,8,decode,bfloat16,524288,16,1,2.05074135462443,1.8932527542114257,2230272,9663676416,0.004783360753208399
14,16,2,8,decode,bfloat16,1048576,2,1,1.2559999624888103,0.5411903858184814,279040,2415919104,0.004783360753208399
14,16,2,8,decode,bfloat16,1048576,4,1,1.4198400179545085,0.9222111701965332,557568,4831838208,0.004783360753208399
14,16,2,8,decode,bfloat16,1048576,16,1,3.533184051513672,3.568529510498047,2230272,19327352832,0.004783360753208399
14,16,1,16,decode,fp8_e4m3,1024,2,1,1.028821309407552,0.13439199924468995,824832,1179648,0.034656696021556854
14,16,1,16,decode,fp8_e4m3,1024,4,1,1.0479786396026611,0.1372496008872986,1649152,2359296,0.034656696021556854
14,16,1,16,decode,fp8_e4m3,1024,16,1,0.9554666678110758,0.14164639711380006,7841792,9437184,0.034656696021556854
14,16,1,16,decode,fp8_e4m3,8192,2,1,1.0522879759470622,0.1439039945602417,824832,9437184,0.034656696021556854
14,16,1,16,decode,fp8_e4m3,8192,4,1,1.046826680501302,0.14436320066452027,1649152,18874368,0.034656696021556854
14,16,1,16,decode,fp8_e4m3,8192,16,1,0.9524693489074707,0.15480320453643798,7448576,75497472,0.034656696021556854
14,16,1,16,decode,fp8_e4m3,32768,2,1,1.0402452945709229,0.1524448037147522,824832,37748736,0.034656696021556854
14,16,1,16,decode,fp8_e4m3,32768,4,1,1.0409493446350098,0.15426720380783082,1649152,75497472,0.034656696021556854
14,16,1,16,decode,fp8_e4m3,32768,16,1,0.9136426448822021,0.1993280053138733,7448576,301989888,0.034656696021556854
14,16,1,16,decode,fp8_e4m3,131072,2,1,1.0600213209788005,0.1684671998023987,824832,150994944,0.034656696021556854
14,16,1,16,decode,fp8_e4m3,131072,4,1,1.037450631459554,0.19573919773101806,1649152,301989888,0.034656696021556854
14,16,1,16,decode,fp8_e4m3,131072,16,1,0.9403733412424723,0.38589599132537844,7448576,1207959552,0.034656696021556854
14,16,1,16,decode,fp8_e4m3,524288,2,1,1.0560320218404133,0.2543951988220215,824832,603979776,0.034656696021556854
14,16,1,16,decode,fp8_e4m3,524288,4,1,1.0575786431630452,0.35985920429229734,1649152,1207959552,0.034656696021556854
14,16,1,16,decode,fp8_e4m3,524288,16,1,1.3552746772766113,1.2200608253479004,7448576,4831838208,0.034656696021556854
14,16,1,16,decode,fp8_e4m3,1048576,2,1,1.1052160263061523,0.36264159679412844,824832,1207959552,0.034656696021556854
14,16,1,16,decode,fp8_e4m3,1048576,4,1,1.1311360200246174,0.5958767890930176,1649152,2415919104,0.034656696021556854
14,16,1,16,decode,fp8_e4m3,1048576,16,1,2.3579626083374023,2.612215995788574,7448576,9663676416,0.034656696021556854
14,16,1,16,decode,bfloat16,1024,2,1,1.0011839866638184,0.13289279937744142,861696,2359296,0.004290093667805195
14,16,1,16,decode,bfloat16,1024,4,1,1.0184533596038818,0.13587360382080077,1722880,4718592,0.004290093667805195
14,16,1,16,decode,bfloat16,1024,16,1,0.8695786794026693,0.14686399698257446,8660992,18874368,0.004290093667805195
14,16,1,16,decode,bfloat16,8192,2,1,1.0017386277516682,0.14874240159988403,861696,18874368,0.004290093667805195
14,16,1,16,decode,bfloat16,8192,4,1,0.9881493250528971,0.14114240407943726,1722880,37748736,0.004290093667805195
14,16,1,16,decode,bfloat16,8192,16,1,0.9049599965413412,0.16103520393371581,8660992,150994944,0.004290093667805195
14,16,1,16,decode,bfloat16,32768,2,1,0.9823466936747233,0.14875359535217286,861696,75497472,0.004290093667805195
14,16,1,16,decode,bfloat16,32768,4,1,0.971232016881307,0.1598031997680664,1722880,150994944,0.004290093667805195
14,16,1,16,decode,bfloat16,32768,16,1,0.9031360149383545,0.2429919958114624,8660992,603979776,0.004290093667805195
14,16,1,16,decode,bfloat16,131072,2,1,0.9941973686218262,0.18691200017929077,861696,301989888,0.004290093667805195
14,16,1,16,decode,bfloat16,131072,4,1,0.9851199785868326,0.23591361045837403,1722880,603979776,0.004290093667805195
14,16,1,16,decode,bfloat16,131072,16,1,1.0346559683481853,0.5729343891143799,8660992,2415919104,0.004290093667805195
14,16,1,16,decode,bfloat16,524288,2,1,0.9848852952321371,0.3401871919631958,861696,1207959552,0.004290093667805195
14,16,1,16,decode,bfloat16,524288,4,1,1.0749866962432861,0.5407855987548829,1722880,2415919104,0.004290093667805195
14,16,1,16,decode,bfloat16,524288,16,1,2.1204907099405923,2.144728088378906,7743488,9663676416,0.004290093667805195
14,16,1,16,decode,bfloat16,1048576,2,1,1.1179839769999187,0.539625597000122,861696,2415919104,0.004290093667805195
14,16,1,16,decode,bfloat16,1048576,4,1,1.1993813514709473,0.9714143753051758,1722880,4831838208,0.004290093667805195
14,16,1,16,decode,bfloat16,1048576,16,1,3.894794782002767,4.45665283203125,7743488,19327352832,0.004290093667805195
15,16,16,1,decode,fp8_e4m3,1024,2,1,1.8402026494344075,0.11352000236511231,61952,1179648,0.03509664535522461
15,16,16,1,decode,fp8_e4m3,1024,4,1,1.8466025988260906,0.11549439430236816,123392,2359296,0.03509664535522461
15,16,16,1,decode,fp8_e4m3,1024,16,1,1.5360533396402996,0.10961120128631592,493568,9437184,0.03509664535522461
15,16,16,1,decode,fp8_e4m3,8192,2,1,1.5349973042805989,0.11636960506439209,61952,9437184,0.03509664535522461
15,16,16,1,decode,fp8_e4m3,8192,4,1,1.6867413520812988,0.11940799951553345,123392,18874368,0.03509664535522461
15,16,16,1,decode,fp8_e4m3,8192,16,1,1.5101653734842937,0.14684799909591675,493568,75497472,0.03509664535522461
15,16,16,1,decode,fp8_e4m3,32768,2,1,1.745397408803304,0.13232799768447875,61952,37748736,0.03509664535522461
15,16,16,1,decode,fp8_e4m3,32768,4,1,1.7951040267944336,0.14608800411224365,123392,75497472,0.03509664535522461
15,16,16,1,decode,fp8_e4m3,32768,16,1,1.5172799428304036,0.18241120576858522,493568,301989888,0.03509664535522461
15,16,16,1,decode,fp8_e4m3,131072,2,1,1.7679252624511719,0.16019359827041627,61952,150994944,0.03509664535522461
15,16,16,1,decode,fp8_e4m3,131072,4,1,1.7636799812316895,0.17944320440292358,123392,301989888,0.03509664535522461
15,16,16,1,decode,fp8_e4m3,131072,16,1,1.550399939219157,0.3072304010391235,493568,1207959552,0.03509664535522461
15,16,16,1,decode,fp8_e4m3,524288,2,1,1.8201707204182942,0.22371199131011962,61952,603979776,0.03509664535522461
15,16,16,1,decode,fp8_e4m3,524288,4,1,1.8067733446757,0.30272960662841797,123392,1207959552,0.03509664535522461
15,16,16,1,decode,fp8_e4m3,524288,16,1,1.5434026718139648,0.8125679969787598,493568,4831838208,0.03509664535522461
15,16,16,1,decode,fp8_e4m3,1048576,2,1,1.8249173164367676,0.3065056085586548,61952,1207959552,0.03509664535522461
15,16,16,1,decode,fp8_e4m3,1048576,4,1,1.7474346160888672,0.46856160163879396,123392,2415919104,0.03509664535522461
15,16,16,1,decode,fp8_e4m3,1048576,16,1,1.7653546333312988,1.4979632377624512,493568,9663676416,0.03509664535522461
15,16,16,1,decode,bfloat16,1024,2,1,1.7056105931599934,0.10772000551223755,61952,2359296,0.006898726802319288
15,16,16,1,decode,bfloat16,1024,4,1,1.6718826293945312,0.11016319990158081,123392,4718592,0.006898726802319288
15,16,16,1,decode,bfloat16,1024,16,1,1.4795093536376953,0.1133072018623352,493568,18874368,0.006898726802319288
15,16,16,1,decode,bfloat16,8192,2,1,1.6963520050048828,0.11667040586471558,61952,18874368,0.006898726802319288
15,16,16,1,decode,bfloat16,8192,4,1,1.6908586819966633,0.1248736023902893,123392,37748736,0.006898726802319288
15,16,16,1,decode,bfloat16,8192,16,1,1.4554986953735352,0.16025279760360717,493568,150994944,0.006898726802319288
15,16,16,1,decode,bfloat16,32768,2,1,1.7222720781962078,0.147705602645874,61952,75497472,0.006898726802319288
15,16,16,1,decode,bfloat16,32768,4,1,1.4770132700602214,0.15619360208511351,123392,150994944,0.006898726802319288
15,16,16,1,decode,bfloat16,32768,16,1,1.4562986691792805,0.23552799224853516,493568,603979776,0.006898726802319288
15,16,16,1,decode,bfloat16,131072,2,1,1.519701321919759,0.1853824019432068,61952,301989888,0.006898726802319288
15,16,16,1,decode,bfloat16,131072,4,1,1.700032075246175,0.23032000064849853,123392,603979776,0.006898726802319288
15,16,16,1,decode,bfloat16,131072,16,1,1.219925324122111,0.5276112079620361,493568,2415919104,0.006898726802319288
15,16,16,1,decode,bfloat16,524288,2,1,1.6695040067036946,0.33228800296783445,61952,1207959552,0.006898726802319288
15,16,16,1,decode,bfloat16,524288,4,1,1.7310293515523274,0.5340672016143799,123392,2415919104,0.006898726802319288
15,16,16,1,decode,bfloat16,524288,16,1,2.091093381245931,1.79150390625,493568,9663676416,0.006898726802319288
15,16,16,1,decode,bfloat16,1048576,2,1,1.7817066510518391,0.5424079895019531,61952,2415919104,0.006898726802319288
15,16,16,1,decode,bfloat16,1048576,4,1,1.8484586079915364,0.9171296119689941,123392,4831838208,0.006898726802319288
15,16,16,1,decode,bfloat16,1048576,16,1,15.2894287109375,3.351144027709961,493568,19327352832,0.006898726802319288
15,16,8,2,decode,fp8_e4m3,1024,2,1,1.9416853586832683,0.09350879788398743,87040,1179648,0.03501495346426964
15,16,8,2,decode,fp8_e4m3,1024,4,1,1.9208745956420898,0.0961296021938324,173568,2359296,0.03501495346426964
15,16,8,2,decode,fp8_e4m3,1024,16,1,1.4977493286132812,0.10381280183792115,694272,9437184,0.03501495346426964
15,16,8,2,decode,fp8_e4m3,8192,2,1,1.3906346956888835,0.10177439451217651,87040,9437184,0.03501495346426964
15,16,8,2,decode,fp8_e4m3,8192,4,1,1.9310293197631836,0.10582079887390136,173568,18874368,0.03501495346426964
15,16,8,2,decode,fp8_e4m3,8192,16,1,1.0194986661275227,0.1233456015586853,694272,75497472,0.03501495346426964
15,16,8,2,decode,fp8_e4m3,32768,2,1,1.3595840136210124,0.11882879734039306,87040,37748736,0.03501495346426964
15,16,8,2,decode,fp8_e4m3,32768,4,1,1.3411413828531902,0.12564159631729127,173568,75497472,0.03501495346426964
15,16,8,2,decode,fp8_e4m3,32768,16,1,1.3404800097147624,0.15708320140838622,694272,301989888,0.03501495346426964
15,16,8,2,decode,fp8_e4m3,131072,2,1,1.8860054016113281,0.1390879988670349,87040,150994944,0.03501495346426964
15,16,8,2,decode,fp8_e4m3,131072,4,1,1.6690133412679036,0.15750399827957154,173568,301989888,0.03501495346426964
15,16,8,2,decode,fp8_e4m3,131072,16,1,1.0124906698862712,0.2814512014389038,694272,1207959552,0.03501495346426964
15,16,8,2,decode,fp8_e4m3,524288,2,1,1.383402665456136,0.20462560653686523,87040,603979776,0.03501495346426964
15,16,8,2,decode,fp8_e4m3,524288,4,1,1.8234453201293945,0.2829135894775391,173568,1207959552,0.03501495346426964
15,16,8,2,decode,fp8_e4m3,524288,16,1,1.1419413089752197,0.789089584350586,694272,4831838208,0.03501495346426964
15,16,8,2,decode,fp8_e4m3,1048576,2,1,1.3500266075134277,0.28743040561676025,87040,1207959552,0.03501495346426964
15,16,8,2,decode,fp8_e4m3,1048576,4,1,1.3453653653462727,0.44823517799377444,173568,2415919104,0.03501495346426964
15,16,8,2,decode,fp8_e4m3,1048576,16,1,1.6915946006774902,1.471724796295166,694272,9663676416,0.03501495346426964
15,16,8,2,decode,bfloat16,1024,2,1,1.7923626899719238,0.09126560091972351,86528,2359296,0.006444955710321665
15,16,8,2,decode,bfloat16,1024,4,1,1.3250772953033447,0.09442560076713562,172544,4718592,0.006444955710321665
15,16,8,2,decode,bfloat16,1024,16,1,0.981013298034668,0.10730880498886108,690176,18874368,0.006444955710321665
15,16,8,2,decode,bfloat16,8192,2,1,1.2966293493906658,0.10490399599075317,86528,18874368,0.006444955710321665
15,16,8,2,decode,bfloat16,8192,4,1,1.3468586603800456,0.11052639484405517,172544,37748736,0.006444955710321665
15,16,8,2,decode,bfloat16,8192,16,1,1.422005335489909,0.13363840579986572,690176,150994944,0.006444955710321665
15,16,8,2,decode,bfloat16,32768,2,1,1.867733319600423,0.12683680057525634,86528,75497472,0.006444955710321665
15,16,8,2,decode,bfloat16,32768,4,1,1.8341546058654785,0.13668800592422486,172544,150994944,0.006444955710321665
15,16,8,2,decode,bfloat16,32768,16,1,0.9949973424275717,0.21043519973754882,690176,603979776,0.006444955710321665
15,16,8,2,decode,bfloat16,131072,2,1,2.0027519861857095,0.16428639888763427,86528,301989888,0.006444955710321665
15,16,8,2,decode,bfloat16,131072,4,1,1.3623253504435222,0.2118272066116333,172544,603979776,0.006444955710321665
15,16,8,2,decode,bfloat16,131072,16,1,1.017077366511027,0.5072720050811768,690176,2415919104,0.006444955710321665
15,16,8,2,decode,bfloat16,524288,2,1,1.3786346117655437,0.3236768007278442,86528,1207959552,0.006444955710321665
15,16,8,2,decode,bfloat16,524288,4,1,1.3354239463806152,0.5090752124786377,172544,2415919104,0.006444955710321665
15,16,8,2,decode,bfloat16,524288,16,1,2.0911572774251304,1.770439910888672,690176,9663676416,0.006444955710321665
15,16,8,2,decode,bfloat16,1048576,2,1,1.4622294108072917,0.513270378112793,86528,2415919104,0.006444955710321665
15,16,8,2,decode,bfloat16,1048576,4,1,1.546112060546875,0.9073040008544921,172544,4831838208,0.006444955710321665
15,16,8,2,decode,bfloat16,1048576,16,1,3.4770987828572593,3.2484272003173826,690176,19327352832,0.006444955710321665
15,16,4,4,decode,fp8_e4m3,1024,2,1,1.711136023203532,0.10751680135726929,213504,1179648,0.03481585159897804
15,16,4,4,decode,fp8_e4m3,1024,4,1,1.6584426561991374,0.10778720378875732,425472,2359296,0.03481585159897804
15,16,4,4,decode,fp8_e4m3,1024,16,1,1.5146133104960124,0.11207840442657471,1699840,9437184,0.03481585159897804
15,16,4,4,decode,fp8_e4m3,8192,2,1,1.2953386306762695,0.1133952021598816,213504,9437184,0.03481585159897804
15,16,4,4,decode,fp8_e4m3,8192,4,1,1.3092052936553955,0.11410880088806152,425472,18874368,0.03481585159897804
15,16,4,4,decode,fp8_e4m3,8192,16,1,1.18449068069458,0.12945120334625243,1699840,75497472,0.03481585159897804
15,16,4,4,decode,fp8_e4m3,32768,2,1,1.25273601214091,0.12210719585418701,213504,37748736,0.03481585159897804
15,16,4,4,decode,fp8_e4m3,32768,4,1,1.2979626655578613,0.12791359424591064,425472,75497472,0.03481585159897804
15,16,4,4,decode,fp8_e4m3,32768,16,1,1.1737493673960369,0.18178880214691162,1699840,301989888,0.03481585159897804
15,16,4,4,decode,fp8_e4m3,131072,2,1,1.2902506987253826,0.14607839584350585,213504,150994944,0.03481585159897804
15,16,4,4,decode,fp8_e4m3,131072,4,1,1.64628267288208,0.17444319725036622,425472,301989888,0.03481585159897804
15,16,4,4,decode,fp8_e4m3,131072,16,1,1.1435840129852295,0.3954335927963257,1699840,1207959552,0.03481585159897804
15,16,4,4,decode,fp8_e4m3,524288,2,1,1.258239984512329,0.24342238903045654,213504,603979776,0.03481585159897804
15,16,4,4,decode,fp8_e4m3,524288,4,1,1.6338240305582683,0.3647759914398193,425472,1207959552,0.03481585159897804
15,16,4,4,decode,fp8_e4m3,524288,16,1,1.4971413612365723,1.2261232376098632,1699840,4831838208,0.03481585159897804
15,16,4,4,decode,fp8_e4m3,1048576,2,1,1.6974399884541829,0.3663680076599121,213504,1207959552,0.03481585159897804
15,16,4,4,decode,fp8_e4m3,1048576,4,1,1.7167359987894695,0.6061728000640869,425472,2415919104,0.03481585159897804
15,16,4,4,decode,fp8_e4m3,1048576,16,1,2.7053438822428384,2.469206428527832,1699840,9663676416,0.03481585159897804
15,16,4,4,decode,bfloat16,1024,2,1,1.182026704152425,0.10453920364379883,222720,2359296,0.005524782929569483
15,16,4,4,decode,bfloat16,1024,4,1,1.243338664372762,0.10563839673995971,443904,4718592,0.005524782929569483
15,16,4,4,decode,bfloat16,1024,16,1,1.0728533267974854,0.10948799848556519,1773568,18874368,0.005524782929569483
15,16,4,4,decode,bfloat16,8192,2,1,1.171733299891154,0.11213599443435669,222720,18874368,0.005524782929569483
15,16,4,4,decode,bfloat16,8192,4,1,1.1653227011362712,0.11647039651870728,443904,37748736,0.005524782929569483
15,16,4,4,decode,bfloat16,8192,16,1,1.1058666706085205,0.15166720151901245,1773568,150994944,0.005524782929569483
15,16,4,4,decode,bfloat16,32768,2,1,1.2014079888661702,0.12942399978637695,222720,75497472,0.005524782929569483
15,16,4,4,decode,bfloat16,32768,4,1,1.651242733001709,0.14496480226516723,443904,150994944,0.005524782929569483
15,16,4,4,decode,bfloat16,32768,16,1,1.0764586925506592,0.26782879829406736,1773568,603979776,0.005524782929569483
15,16,4,4,decode,bfloat16,131072,2,1,1.2319040298461914,0.18039519786834718,222720,301989888,0.005524782929569483
15,16,4,4,decode,bfloat16,131072,4,1,1.2120640277862549,0.24728798866271973,443904,603979776,0.005524782929569483
15,16,4,4,decode,bfloat16,131072,16,1,1.174346685409546,0.7328495979309082,1773568,2415919104,0.005524782929569483
15,16,4,4,decode,bfloat16,524288,2,1,1.2111252943674724,0.3847023963928223,222720,1207959552,0.005524782929569483
15,16,4,4,decode,bfloat16,524288,4,1,1.2746880054473877,0.6516528129577637,443904,2415919104,0.005524782929569483
15,16,4,4,decode,bfloat16,524288,16,1,2.8233814239501953,2.588662338256836,1773568,9663676416,0.005524782929569483
15,16,4,4,decode,bfloat16,1048576,2,1,1.638378620147705,0.651035213470459,222720,2415919104,0.005524782929569483
15,16,4,4,decode,bfloat16,1048576,4,1,1.4761279424031575,1.1950320243835448,443904,4831838208,0.005524782929569483
15,16,4,4,decode,bfloat16,1048576,16,1,5.293877283732097,5.066945648193359,1773568,19327352832,0.005524782929569483
15,16,2,8,decode,fp8_e4m3,1024,2,1,1.4267946879069011,0.10686719417572021,322048,1179648,0.03470971807837486
15,16,2,8,decode,fp8_e4m3,1024,4,1,1.3300373554229736,0.10808639526367188,643584,2359296,0.03470971807837486
15,16,2,8,decode,fp8_e4m3,1024,16,1,1.2111146450042725,0.12094240188598633,2574336,9437184,0.03470971807837486
15,16,2,8,decode,fp8_e4m3,8192,2,1,1.350005308787028,0.11259039640426635,322048,9437184,0.03470971807837486
15,16,2,8,decode,fp8_e4m3,8192,4,1,1.3371413548787434,0.11851359605789184,643584,18874368,0.03470971807837486
15,16,2,8,decode,fp8_e4m3,8192,16,1,1.1830506324768066,0.13285599946975707,2574336,75497472,0.03470971807837486
15,16,2,8,decode,fp8_e4m3,32768,2,1,1.3277013301849365,0.12747360467910768,322048,37748736,0.03470971807837486
15,16,2,8,decode,fp8_e4m3,32768,4,1,1.3631253242492676,0.12916959524154664,643584,75497472,0.03470971807837486
15,16,2,8,decode,fp8_e4m3,32768,16,1,1.1618986924489338,0.1735919952392578,2574336,301989888,0.03470971807837486
15,16,2,8,decode,fp8_e4m3,131072,2,1,1.3347840309143066,0.14788800477981567,322048,150994944,0.03470971807837486
15,16,2,8,decode,fp8_e4m3,131072,4,1,1.3107733726501465,0.1680735945701599,643584,301989888,0.03470971807837486
15,16,2,8,decode,fp8_e4m3,131072,16,1,1.2034133275349934,0.3318576097488403,2574336,1207959552,0.03470971807837486
15,16,2,8,decode,fp8_e4m3,524288,2,1,1.3546026547749836,0.22735199928283692,322048,603979776,0.03470971807837486
15,16,2,8,decode,fp8_e4m3,524288,4,1,1.3474879264831543,0.32456159591674805,643584,1207959552,0.03470971807837486
15,16,2,8,decode,fp8_e4m3,524288,16,1,1.3382827440897624,0.9593791961669922,2574336,4831838208,0.03470971807837486
15,16,2,8,decode,fp8_e4m3,1048576,2,1,1.349631945292155,0.32886879444122313,322048,1207959552,0.03470971807837486
15,16,2,8,decode,fp8_e4m3,1048576,4,1,1.3447680473327637,0.5294703960418701,643584,2415919104,0.03470971807837486
15,16,2,8,decode,fp8_e4m3,1048576,16,1,2.0243306159973145,1.9620975494384765,2574336,9663676416,0.03470971807837486
15,16,2,8,decode,bfloat16,1024,2,1,1.2636693318684895,0.1027567982673645,279040,2359296,0.004783360753208399
15,16,2,8,decode,bfloat16,1024,4,1,1.3080960114796956,0.10526560544967652,557568,4718592,0.004783360753208399
15,16,2,8,decode,bfloat16,1024,16,1,1.146624008814494,0.1222607970237732,2230272,18874368,0.004783360753208399
15,16,2,8,decode,bfloat16,8192,2,1,1.2862719694773357,0.11468960046768188,279040,18874368,0.004783360753208399
15,16,2,8,decode,bfloat16,8192,4,1,1.3114559650421143,0.12044320106506348,557568,37748736,0.004783360753208399
15,16,2,8,decode,bfloat16,8192,16,1,1.1388479868570964,0.1431264042854309,2230272,150994944,0.004783360753208399
15,16,2,8,decode,bfloat16,32768,2,1,1.2847253481547039,0.12877440452575684,279040,75497472,0.004783360753208399
15,16,2,8,decode,bfloat16,32768,4,1,1.2818666299184163,0.1376271963119507,557568,150994944,0.004783360753208399
15,16,2,8,decode,bfloat16,32768,16,1,1.115594704945882,0.21920158863067626,2230272,603979776,0.004783360753208399
15,16,2,8,decode,bfloat16,131072,2,1,1.3137706915537517,0.1702415943145752,279040,301989888,0.004783360753208399
15,16,2,8,decode,bfloat16,131072,4,1,1.2839146455128987,0.21786880493164062,557568,603979776,0.004783360753208399
15,16,2,8,decode,bfloat16,131072,16,1,1.1499093373616536,0.5233471870422364,2230272,2415919104,0.004783360753208399
15,16,2,8,decode,bfloat16,524288,2,1,1.2823893229166667,0.31989920139312744,279040,1207959552,0.004783360753208399
15,16,2,8,decode,bfloat16,524288,4,1,1.3125332991282146,0.5289696216583252,557568,2415919104,0.004783360753208399
15,16,2,8,decode,bfloat16,524288,16,1,2.0509440104166665,1.8936431884765625,2230272,9663676416,0.004783360753208399
15,16,2,8,decode,bfloat16,1048576,2,1,1.2639040152231853,0.5411056041717529,279040,2415919104,0.004783360753208399
15,16,2,8,decode,bfloat16,1048576,4,1,1.4191679954528809,0.9222432136535644,557568,4831838208,0.004783360753208399
15,16,2,8,decode,bfloat16,1048576,16,1,3.532362620035807,3.568414306640625,2230272,19327352832,0.004783360753208399
15,16,1,16,decode,fp8_e4m3,1024,2,1,1.0687359968821208,0.13335360288619996,824832,1179648,0.034656696021556854
15,16,1,16,decode,fp8_e4m3,1024,4,1,1.1022826830546062,0.13649120330810546,1649152,2359296,0.034656696021556854
15,16,1,16,decode,fp8_e4m3,1024,16,1,0.9982613722483317,0.1415503978729248,7841792,9437184,0.034656696021556854
15,16,1,16,decode,fp8_e4m3,8192,2,1,1.0756906668345134,0.14341280460357667,824832,9437184,0.034656696021556854
15,16,1,16,decode,fp8_e4m3,8192,4,1,1.0644799868265789,0.14484479427337646,1649152,18874368,0.034656696021556854
15,16,1,16,decode,fp8_e4m3,8192,16,1,0.9789013067881266,0.15447039604187013,7448576,75497472,0.034656696021556854
15,16,1,16,decode,fp8_e4m3,32768,2,1,1.0778133074442546,0.15210399627685547,824832,37748736,0.034656696021556854
15,16,1,16,decode,fp8_e4m3,32768,4,1,1.0476160049438477,0.1538416028022766,1649152,75497472,0.034656696021556854
15,16,1,16,decode,fp8_e4m3,32768,16,1,0.9579412937164307,0.1962671995162964,7448576,301989888,0.034656696021556854
15,16,1,16,decode,fp8_e4m3,131072,2,1,1.0922133127848308,0.1699903964996338,824832,150994944,0.034656696021556854
15,16,1,16,decode,fp8_e4m3,131072,4,1,1.0723199844360352,0.1922816038131714,1649152,301989888,0.034656696021556854
15,16,1,16,decode,fp8_e4m3,131072,16,1,1.0042346318562825,0.39118878841400145,7448576,1207959552,0.034656696021556854
15,16,1,16,decode,fp8_e4m3,524288,2,1,1.0630933443705242,0.2537904024124146,824832,603979776,0.034656696021556854
15,16,1,16,decode,fp8_e4m3,524288,4,1,1.1043413480122883,0.35984799861907957,1649152,1207959552,0.034656696021556854
15,16,1,16,decode,fp8_e4m3,524288,16,1,1.3939520517985027,1.1576239585876464,7448576,4831838208,0.034656696021556854
15,16,1,16,decode,fp8_e4m3,1048576,2,1,1.076586643854777,0.3614415884017944,824832,1207959552,0.034656696021556854
15,16,1,16,decode,fp8_e4m3,1048576,4,1,1.1618773142496746,0.5934080123901367,1649152,2415919104,0.034656696021556854
15,16,1,16,decode,fp8_e4m3,1048576,16,1,2.3561813036600747,2.582632064819336,7448576,9663676416,0.034656696021556854
15,16,1,16,decode,bfloat16,1024,2,1,1.0231146812438965,0.13254719972610474,861696,2359296,0.004290093667805195
15,16,1,16,decode,bfloat16,1024,4,1,1.009994665781657,0.13530880212783813,1722880,4718592,0.004290093667805195
15,16,1,16,decode,bfloat16,1024,16,1,0.9327359994252523,0.14683040380477905,8660992,18874368,0.004290093667805195
15,16,1,16,decode,bfloat16,8192,2,1,1.0334186553955078,0.1483183979988098,861696,18874368,0.004290093667805195
15,16,1,16,decode,bfloat16,8192,4,1,1.0323200225830078,0.14080640077590942,1722880,37748736,0.004290093667805195
15,16,1,16,decode,bfloat16,8192,16,1,0.9663253625233968,0.16185920238494872,8660992,150994944,0.004290093667805195
15,16,1,16,decode,bfloat16,32768,2,1,1.02237868309021,0.148579204082489,861696,75497472,0.004290093667805195
15,16,1,16,decode,bfloat16,32768,4,1,1.024672031402588,0.15972479581832885,1722880,150994944,0.004290093667805195
15,16,1,16,decode,bfloat16,32768,16,1,0.9380799929300944,0.2439215898513794,8660992,603979776,0.004290093667805195
15,16,1,16,decode,bfloat16,131072,2,1,1.0241066614786785,0.18666720390319824,861696,301989888,0.004290093667805195
15,16,1,16,decode,bfloat16,131072,4,1,1.053984006245931,0.23833920955657958,1722880,603979776,0.004290093667805195
15,16,1,16,decode,bfloat16,131072,16,1,1.0770666599273682,0.5724175930023193,8660992,2415919104,0.004290093667805195
15,16,1,16,decode,bfloat16,524288,2,1,1.0337599913279216,0.33871519565582275,861696,1207959552,0.004290093667805195
15,16,1,16,decode,bfloat16,524288,4,1,1.114741325378418,0.5433296203613281,1722880,2415919104,0.004290093667805195
15,16,1,16,decode,bfloat16,524288,16,1,2.0977919896443686,2.0686607360839844,7743488,9663676416,0.004290093667805195
15,16,1,16,decode,bfloat16,1048576,2,1,1.1200426419576008,0.6223167896270752,861696,2415919104,0.004290093667805195
15,16,1,16,decode,bfloat16,1048576,4,1,1.2834986845652263,0.9807920455932617,1722880,4831838208,0.004290093667805195
15,16,1,16,decode,bfloat16,1048576,16,1,3.918911933898926,4.312928009033203,7743488,19327352832,0.004290093667805195
